environment,T,replication,lambda,complexity,regret,sharpe,pathwise_oracle_lambda,ensemble_oracle_complexity
fast_spectrum,60,0,0.01,0.014746922171046457,0.014116505101468446,0.03929468102986179,1.8329807108324338e-05,0.12145202822237708
fast_spectrum,60,1,6.951927961775606e-06,2.8903398997567544,0.016506195934076873,0.0791773309670892,2.976351441631313e-05,0.1150724825579588
fast_spectrum,60,2,0.01,0.012759614079616463,0.01420792070593968,0.005423126402741119,0.0018329807108324375,0.10640928223791547
fast_spectrum,60,3,0.01,0.010927339544038867,0.014197914526205002,0.015383032585595993,2.976351441631313e-05,0.09164931101554219
fast_spectrum,60,4,0.0001,0.612349154974098,0.024242629608216326,0.027624104210295614,0.0006951927961775591,0.07582349040211431
fast_spectrum,60,5,1e-06,8.030482745036368,0.09085072121500648,0.08001004602784281,0.0008858667904100832,0.08450066416509709
fast_spectrum,60,6,1e-12,59.99836375622052,0.8617699686824758,0.03254198179897529,2.976351441631313e-05,0.07833258963021207
fast_spectrum,60,7,1.274274985703132e-08,47.31897861117122,0.6287943301575343,0.029896253447357583,0.01,0.14051976873194594
fast_spectrum,60,8,0.0006951927961775591,0.169517331231523,0.013413448582692555,0.03163686659129249,5.455594781168514e-06,0.1090387714201749
fast_spectrum,60,9,0.01,0.013053651916367476,0.014146313410853262,0.03013024687685644,0.00020691380811147902,0.1085420356811643
fast_spectrum,60,10,1.43844988828766e-05,2.046587681795952,0.026926670710740508,0.06007795784164829,0.00020691380811147902,0.09106862504332756
fast_spectrum,60,11,0.00020691380811147902,0.48143451418218497,0.013615672012844637,0.030732281413875916,0.00042813323987193956,0.11520086642528993
fast_spectrum,60,12,6.951927961775606e-06,2.791840554747779,0.01856287416351754,0.07259843004838047,3.792690190732246e-05,0.10041399180502425
fast_spectrum,60,13,0.01,0.011223406792521743,0.01424048981756565,-0.013756877323498305,0.01,0.09410878242686764
fast_spectrum,60,14,0.01,0.015961660495358992,0.01407333574726577,0.020591986630588602,0.0018329807108324375,0.130392109577674
fast_spectrum,60,15,0.00016237767391887175,0.5385333386984111,0.015014613264121346,0.027244005905552204,0.0005455594781168515,0.10755669332836264
fast_spectrum,60,16,3.792690190732246e-07,13.553267103743856,0.0589941398020668,0.033810182491826185,0.01,0.0907906273378275
fast_spectrum,60,17,0.01,0.013044326687547778,0.014159412314778907,0.04355152421040647,2.976351441631313e-05,0.10857904846081454
fast_spectrum,60,18,0.0011288378916846883,0.10176090635438975,0.013937792434998264,0.01667900567803172,0.0011288378916846883,0.10176090635438975
fast_spectrum,60,19,2.3357214690901213e-05,1.6563087546272381,0.03189899336151325,-0.010997247440455537,0.0011288378916846883,0.11148799798952877
fast_spectrum,60,20,2.06913808111479e-06,5.5227935053299735,0.037496357788150414,0.09954490407026623,4.8329302385717524e-05,0.088590153510389
fast_spectrum,60,21,1.1288378916846883e-07,23.691984207668543,0.22332157483588366,-0.03944983522765866,0.01,0.10244121824838608
fast_spectrum,60,22,6.951927961775605e-08,30.15291709851974,0.25028318953587503,0.027209087286368328,0.01,0.11574517338470773
fast_spectrum,60,23,0.01,0.012896561450485866,0.014211708072517037,0.0038277841747034343,6.951927961775606e-06,0.10803138283333419
fast_spectrum,60,24,3.792690190732246e-05,1.2349294593606701,0.06484397283961485,0.02955866499905077,0.00143844988828766,0.11180158421737546
fast_spectrum,60,25,4.281332398719387e-06,3.636654675951478,0.035669621756700076,0.0832877030250365,3.792690190732246e-05,0.10124146145523663
fast_spectrum,60,26,6.158482110660254e-07,10.736602023248327,0.0385134364831059,0.07229743950284176,6.951927961775606e-06,0.1050073831167739
fast_spectrum,60,27,2.3357214690901213e-05,1.5833276899446416,0.04362829934178247,-0.011535714620567985,0.01,0.07424825497972376
fast_spectrum,60,28,3.792690190732246e-07,13.47368809858708,0.17044219660913118,-0.0534617929046516,0.01,0.11466634658485358
fast_spectrum,60,29,2.3357214690901213e-05,1.6737201419460934,0.026247444463572966,0.04744889039772334,0.0006951927961775591,0.12820618376792334
fast_spectrum,60,30,0.0005455594781168515,0.22266966358265577,0.0147688650202209,-0.0012459594375339449,0.01,0.11619212293433606
fast_spectrum,60,31,1.8329807108324338e-05,1.7928839868571589,0.049794045295690426,0.04476851591544216,0.0008858667904100832,0.1132034881795603
fast_spectrum,60,32,0.00042813323987193956,0.22864628677188714,0.014935738384548536,-0.049530205070222606,0.01,0.09351372074249459
fast_spectrum,60,33,2.976351441631313e-05,1.4873308999345807,0.03380966333369195,0.03631852423935528,0.0006951927961775591,0.09583643760698332
fast_spectrum,60,34,7.847599703514607e-07,9.204592685214436,0.12135593014527446,0.049727987769746816,0.00143844988828766,0.10884562302060738
fast_spectrum,60,35,0.01,0.01223344779268323,0.014244611021652753,-0.03869790895264117,0.01,0.10242139299758855
fast_spectrum,60,36,3.792690190732246e-07,13.57113731014407,0.07692668570847916,0.061993276817655645,0.0003359818286283774,0.11560049230060052
fast_spectrum,60,37,0.01,0.012602089132726813,0.014216873769610006,-0.0015314629575676072,2.6366508987303555e-06,0.10492110226170931
fast_spectrum,60,38,4.8329302385717524e-05,1.2009109577252501,0.017936756148906996,0.0029843857499088897,0.0006951927961775591,0.12016445700694908
fast_spectrum,60,39,7.847599703514606e-05,0.8783353598133149,0.022328384541656865,0.003979734646790049,0.00143844988828766,0.10730204824071371
fast_spectrum,60,40,7.847599703514607e-07,9.225016512260174,0.05975728179602924,0.05935004145118168,0.0003359818286283774,0.08765623090331011
fast_spectrum,60,41,0.01,0.011259565645550394,0.014152248649758281,0.027627386725335854,0.0003359818286283774,0.0947235464695601
fast_spectrum,60,42,8.858667904100815e-08,26.73388502874461,0.28479816261071655,0.04694879904036314,0.0006951927961775591,0.08198108871237071
fast_spectrum,60,43,0.01,0.012695358273144105,0.014184167255995472,0.04074403038778416,6.158482110660255e-05,0.10545628145833816
fast_spectrum,60,44,6.951927961775606e-06,2.884006835057684,0.11519515292942661,0.008927543364476381,0.00143844988828766,0.09852451716589862
fast_spectrum,60,45,0.01,0.009486516840080061,0.01420013071595827,0.008347636676736605,0.00143844988828766,0.08063105886432298
fast_spectrum,60,46,0.01,0.012326763053734313,0.01416861566925609,0.051718515864547586,2.3357214690901213e-05,0.10297010688959644
fast_spectrum,60,47,6.158482110660255e-05,1.0233969838349575,0.008740746922415998,0.07899599923691959,6.951927961775606e-06,0.098018203072056
fast_spectrum,60,48,6.951927961775605e-08,30.167601255695182,0.34931778214673215,0.040301054561882904,0.0018329807108324375,0.1200598047112287
fast_spectrum,60,49,6.158482110660254e-07,10.447976329428528,0.0549166580330156,0.01640248967304264,0.01,0.11058945499883754
fast_spectrum,60,50,1.1288378916846883e-05,2.284993946953175,0.03149870152573597,0.01776564935116536,0.0008858667904100832,0.09501719348859834
fast_spectrum,60,51,6.158482110660254e-07,10.568052058662033,0.03765776580175473,0.07697608644842557,5.455594781168514e-06,0.10642211210675866
fast_spectrum,60,52,0.01,0.012284148382748244,0.014203811472113137,0.01740460603355487,0.00016237767391887175,0.10251384120219315
fast_spectrum,60,53,7.847599703514607e-07,9.177675215228813,0.08471203548689732,0.03171074529577111,0.01,0.10797265725886408
fast_spectrum,60,54,2.0691380811147902e-08,42.60906834490935,0.46773102151727164,0.04471272130886213,0.0003359818286283774,0.10887484632022464
fast_spectrum,60,55,0.01,0.013910337095137192,0.01419368249337638,0.04560974010898959,5.455594781168514e-06,0.1156735305484939
fast_spectrum,60,56,2.3357214690901212e-07,17.615236879503428,0.12581465978696094,0.05429860975335666,6.158482110660255e-05,0.11122725204392567
fast_spectrum,60,57,0.01,0.014796709701611916,0.014128496677966562,0.06823073659077987,6.158482110660255e-05,0.12232027470717256
fast_spectrum,60,58,0.01,0.010022183292318715,0.014189331983825104,0.04685365609601422,6.951927961775606e-06,0.08506717541766667
fast_spectrum,60,59,5.455594781168514e-06,3.3148315855197095,0.0340960884801087,0.05419983193057698,0.0006951927961775591,0.1124216767739177
fast_spectrum,60,60,0.01,0.010631544554125277,0.014193859519467167,0.0169081535591384,0.0003359818286283774,0.08979692402927017
fast_spectrum,60,61,0.01,0.010231515548986323,0.01421170787660353,0.014179178017636308,8.858667904100815e-06,0.08622293351920354
fast_spectrum,60,62,1.6237767391887209e-06,6.251292288522791,0.04030435084792816,0.030732286115489952,0.0011288378916846883,0.11437441387974966
fast_spectrum,60,63,4.281332398719396e-08,35.18021651344886,0.24959613917296508,0.020911506551997465,3.359818286283781e-06,0.12054919738729292
fast_spectrum,60,64,1e-06,7.924260067975684,0.020855213197477296,0.08387777628528212,5.455594781168514e-06,0.09935726451427011
fast_spectrum,60,65,3.3598182862837814e-08,38.35372549553482,0.3637221845710896,0.035486915434966404,0.0005455594781168515,0.14324516392593134
fast_spectrum,60,66,7.847599703514607e-07,9.262372577584765,0.02201979263223297,0.06410654825605223,3.359818286283781e-06,0.11410897274130351
fast_spectrum,60,67,0.01,0.013599787333371364,0.014228536899263844,-0.005735307694965432,4.281332398719387e-06,0.11236658907449576
fast_spectrum,60,68,6.158482110660255e-05,0.9615628574153586,0.025160640299439097,-0.0042777560495995326,0.0018329807108324375,0.09853080536713674
fast_spectrum,60,69,0.01,0.012552501593607858,0.01417548644120048,0.030109410158145212,2.976351441631313e-05,0.10488224064961076
fast_spectrum,60,70,0.00042813323987193956,0.2804074824683095,0.013876790178640075,0.026807378498818053,5.455594781168514e-06,0.11941042539698724
fast_spectrum,60,71,2.6366508987303555e-06,4.652333880212613,0.0705813729123761,-0.011919826613421626,0.01,0.13245771924183888
fast_spectrum,60,72,0.01,0.010963187058032238,0.014193000214523632,0.016006952425867346,0.00042813323987193956,0.0924057440727653
fast_spectrum,60,73,0.00042813323987193956,0.2863708961362745,0.014617014539046735,0.018287153500883672,0.0011288378916846883,0.12278464140205066
fast_spectrum,60,74,4.281332398719387e-06,3.7757136131511575,0.0900512903642583,-0.02849049095636102,0.01,0.09666596750125417
fast_spectrum,60,75,0.01,0.012537391309692666,0.014186715853610643,0.05951415967920377,4.281332398719387e-06,0.10421638912794584
fast_spectrum,60,76,3.792690190732246e-07,13.247477850859852,0.05608673706903877,0.09487485146006734,0.0001274274985703132,0.10670560589230019
fast_spectrum,60,77,0.01,0.012434164084915794,0.014157555857782,0.02745251153885076,0.00020691380811147902,0.10352158154828883
fast_spectrum,60,78,1e-06,7.97159011796338,0.059502459593939294,0.1066499779934447,0.0005455594781168515,0.12612099385784165
fast_spectrum,60,79,1.6237767391887209e-06,6.367541666354361,0.052741377258910926,0.057597107856356015,0.01,0.11434639827343765
fast_spectrum,60,80,0.01,0.015893970877403206,0.014171424662812737,0.03232949191761195,2.3357214690901213e-05,0.12948132431178458
fast_spectrum,60,81,0.0018329807108324375,0.08420558773879941,0.013854374581168227,0.019406305057428845,0.002335721469090121,0.13186700936968498
fast_spectrum,60,82,1.1288378916846883e-07,24.318310865633258,0.23997133076566546,0.05195757755784884,2.976351441631313e-05,0.0928401482340325
fast_spectrum,60,83,0.01,0.014866508451722268,0.014222082677090908,-0.025058496794177477,0.01,0.1218589167183866
fast_spectrum,60,84,2.6366508987303555e-06,4.879036844143272,0.058493523917195756,-0.07207739701516694,0.01,0.10135139437555135
fast_spectrum,60,85,1.6237767391887209e-06,6.305589693996612,0.16333951630787547,-0.05291658212042943,0.01,0.12438365435714188
fast_spectrum,60,86,0.01,0.015302495129419485,0.014197633236974871,0.05504768281659237,4.281332398719387e-06,0.1254993544288362
fast_spectrum,60,87,1.8329807108324338e-07,19.14171187043268,0.24565546391684112,0.09370600841412777,2.976351441631313e-05,0.08602938116466598
fast_spectrum,60,88,1.43844988828766e-05,1.9234724919494604,0.02223573994855732,0.014919298345135145,0.01,0.07682037445190251
fast_spectrum,60,89,1.1288378916846883e-05,2.233415414891127,0.028160166600368575,0.06669529628205959,6.158482110660255e-05,0.11260314974829566
fast_spectrum,60,90,2.976351441631313e-05,1.4776595838450197,0.049524133654140545,0.0006473684315731336,0.01,0.10084604585454116
fast_spectrum,60,91,1.43844988828766e-05,2.1065352452440744,0.1051684569331115,-0.005190873417846977,0.01,0.1051115105765911
fast_spectrum,60,92,1.8329807108324338e-05,1.8331744411646111,0.040261942517058946,0.02005353989489091,0.0008858667904100832,0.08549799556627793
fast_spectrum,60,93,1.1288378916846883e-05,2.3203022773920337,0.07446700679659557,-0.036982791896849186,0.01,0.09120876134593123
fast_spectrum,60,94,0.01,0.014748884017215351,0.014176328606697597,0.05274092769905184,2.3357214690901213e-05,0.12117889910824442
fast_spectrum,60,95,0.01,0.012465947052068913,0.014234119920121913,-0.009324124178514158,0.01,0.10440614776485925
fast_spectrum,60,96,0.01,0.01261070181239652,0.014166655148700302,0.029650419961442735,2.6366508987303555e-06,0.10536152368224388
fast_spectrum,60,97,0.01,0.012168553726411808,0.01422318304725012,-0.03108743601742746,0.01,0.10203373634721076
fast_spectrum,60,98,4.281332398719387e-06,3.7706529917973444,0.03422577216254208,0.05943687064027836,4.8329302385717524e-05,0.11931334002764005
fast_spectrum,60,99,0.01,0.012282871402761639,0.014203016789484324,0.04559797546740487,2.3357214690901213e-05,0.10226697145558977
fast_spectrum,60,100,8.858667904100815e-06,2.6714166019159373,0.018624477486373525,0.08196243341505381,3.792690190732246e-05,0.12264795300596114
fast_spectrum,60,101,1.6237767391887209e-06,6.092927567711928,0.02319825575819956,0.10621088997381144,0.00026366508987303556,0.09151020203908121
fast_spectrum,60,102,0.01,0.013298533368577743,0.0142252203283324,-0.03233033650415488,0.01,0.10980455413141187
fast_spectrum,60,103,1.438449888287663e-07,22.106153035608074,0.2966364513252786,0.026413955366338126,0.01,0.11724018277205284
fast_spectrum,60,104,0.0005455594781168515,0.26013551876676183,0.01389085451659755,0.01841044701046397,0.00042813323987193956,0.13838377994023981
fast_spectrum,60,105,1.1288378916846883e-05,2.222103586156813,0.01872306889288544,0.04597885299552238,0.01,0.09456504697779924
fast_spectrum,60,106,0.01,0.01252335241646973,0.01422803168660658,-0.015077922879100127,4.281332398719387e-06,0.10473681061283846
fast_spectrum,60,107,0.01,0.012144578223098678,0.014222430859016644,-0.015506170532225456,5.455594781168514e-06,0.10117853451350005
fast_spectrum,60,108,0.00020691380811147902,0.46007890601106494,0.026583336540232594,-0.021023886298445982,0.01,0.10861865006084197
fast_spectrum,60,109,3.359818286283781e-06,4.4780527781704365,0.09900108410065878,-0.038997739597825196,0.00784759970351459,0.10225878411473256
fast_spectrum,60,110,0.0001274274985703132,0.6247537228883516,0.025564585542249274,-0.008406224386806403,0.01,0.10257748882005714
fast_spectrum,60,111,6.158482110660255e-05,1.0651270686224914,0.027390753116071975,-0.02000111434649513,0.01,0.10723668407326747
fast_spectrum,60,112,0.0001,0.699432101966202,0.014273362421415303,0.03777986109912499,0.0003359818286283774,0.09339608542863279
fast_spectrum,60,113,1.1288378916846883e-07,24.359120362352073,0.17615789433884843,0.017769714057947052,0.0006951927961775591,0.12018951791545612
fast_spectrum,60,114,0.01,0.011940079856157974,0.014177566767264893,0.03744061697447348,4.281332398719387e-06,0.09949236626967042
fast_spectrum,60,115,1e-06,8.062621493213513,0.04930792953591889,0.060098616745368996,0.01,0.08892857253663863
fast_spectrum,60,116,6.158482110660254e-07,10.573870928743485,0.0819983240956883,0.06488146289708874,0.00042813323987193956,0.10454579391149596
fast_spectrum,60,117,0.01,0.017449104355401,0.014237426226074268,-0.05989121294214329,0.01,0.1411492107135963
fast_spectrum,60,118,0.01,0.01256400019450246,0.014164986049712835,0.025497696146233265,0.00026366508987303556,0.10498346010644954
fast_spectrum,60,119,0.01,0.010113533846807035,0.014231228630829706,-0.038783862196441025,0.01,0.08559863974482915
fast_spectrum,60,120,8.858667904100815e-06,2.6311119942792933,0.008099471806909064,0.07894201049474986,3.359818286283781e-06,0.13061487409271713
fast_spectrum,60,121,1.2742749857031322e-06,6.970013675196481,0.06601401075956947,0.07424558832276468,0.0003359818286283774,0.10867704574995339
fast_spectrum,60,122,1.6237767391887209e-06,6.261029674047091,0.07679244630218207,-0.018865854245560563,0.01,0.10758986208726053
fast_spectrum,60,123,0.01,0.013127665440924141,0.014254948912568732,-0.027359676749371002,0.01,0.1085381221796689
fast_spectrum,60,124,0.01,0.014115495974554521,0.014215477116843123,0.0024513501665602167,0.0001274274985703132,0.11629392719935115
fast_spectrum,60,125,0.01,0.012710077081914373,0.014280607388278632,-0.02552957477732101,0.01,0.10572502399213646
fast_spectrum,60,126,7.847599703514607e-07,9.321713233260244,0.1386542851617918,-0.028849259253572377,0.01,0.10750931720965165
fast_spectrum,60,127,1e-06,8.23811165044793,0.022996777653407463,0.08832234890891415,5.455594781168514e-06,0.10828749634631829
fast_spectrum,60,128,0.01,0.01362233689941553,0.014091780132939435,0.02292245668946437,0.0011288378916846883,0.11229977374524633
fast_spectrum,60,129,6.951927961775605e-08,29.97873649165656,0.360925523112801,0.02469392903786964,6.951927961775606e-06,0.12831367165783059
fast_spectrum,60,130,2.6366508987303555e-08,40.477858995978394,0.45532402292356844,0.012588405803147238,3.792690190732246e-05,0.11814219889612865
fast_spectrum,60,131,0.01,0.011750659172308914,0.014232063100273917,-0.007408757565731558,0.01,0.09807076849980946
fast_spectrum,60,132,0.00020691380811147902,0.4597414415880055,0.015524516012623168,-0.004044732209420566,0.01,0.11106561163175639
fast_spectrum,60,133,0.01,0.014967205004006511,0.014258297569404554,-0.021416330165461347,0.01,0.12303556060132387
fast_spectrum,60,134,0.01,0.011076789370328443,0.014144440230198674,0.03730512355177931,0.0001274274985703132,0.09313980253543076
fast_spectrum,60,135,8.858667904100815e-06,2.6138562783987607,0.007357206211901501,0.09037970926033993,1.43844988828766e-05,0.11476254587492013
fast_spectrum,60,136,3.359818286283781e-06,4.258986926961857,0.020555021242165905,0.03100093994949501,0.0003359818286283774,0.11193848538517609
fast_spectrum,60,137,7.847599703514607e-07,9.229532568171326,0.10275331704515311,-0.023595023651257464,0.01,0.11789581889167196
fast_spectrum,60,138,3.359818286283781e-06,4.345936473372116,0.004601310438699047,0.10850812565756073,5.455594781168514e-06,0.1273248426819325
fast_spectrum,60,139,0.01,0.0149869548336431,0.014187945439019911,0.020577961410762013,5.455594781168514e-06,0.12266531545171455
fast_spectrum,60,140,0.01,0.013739660417972428,0.01424242555103894,-0.01819027607464494,0.01,0.11331954354807051
fast_spectrum,60,141,0.0011288378916846883,0.07330404350178482,0.013838818613825743,0.01944984868855623,0.0011288378916846883,0.07330404350178482
fast_spectrum,60,142,2.976351441631313e-05,1.4648907376350162,0.02634098269974694,0.015222638968811883,0.01,0.09974671358376419
fast_spectrum,60,143,1.43844988828766e-05,2.0143494216277746,0.02095532555563362,0.06397959284596809,6.158482110660255e-05,0.10838379432624455
fast_spectrum,60,144,0.01,0.010224658821527396,0.014200153932107606,0.02776322269625282,2.3357214690901213e-05,0.0867471046452731
fast_spectrum,60,145,2.6366508987303555e-06,4.766160940610716,0.06653358710281743,0.0019493620066616077,0.01,0.09322783669711125
fast_spectrum,60,146,0.01,0.014695402638008562,0.014215651605853585,0.0003293881590349971,8.858667904100815e-06,0.12077930199346704
fast_spectrum,60,147,0.01,0.009618871462096192,0.014241480783028893,-0.020183989874637574,0.01,0.08165265757462259
fast_spectrum,60,148,0.0003359818286283774,0.31515889629971805,0.017049748581521307,0.010442041411188251,0.002335721469090121,0.10909910128172584
fast_spectrum,60,149,1.2742749857031322e-06,7.3002253632773355,0.05878879257804903,0.056210532892551776,0.00042813323987193956,0.10272980527079795
fast_spectrum,60,150,6.951927961775605e-08,29.41638698655254,0.1974149204231166,0.02400731245676997,3.359818286283781e-06,0.10176605571617363
fast_spectrum,60,151,1.438449888287663e-07,21.924082102137177,0.2002231441854705,0.04582662172614618,0.01,0.10803619471826378
fast_spectrum,60,152,2.6366508987303555e-06,4.870062180329464,0.011954061194386578,0.11487635163901115,8.858667904100815e-06,0.1418669834725121
fast_spectrum,60,153,4.281332398719387e-06,3.787387394380718,0.014280459137750778,0.06200014013295347,1.8329807108324338e-05,0.10740433546641973
fast_spectrum,60,154,1.8329807108324338e-07,19.52023615982197,0.1508897727618932,0.07501441654655408,6.951927961775606e-06,0.09109725610960481
fast_spectrum,60,155,2.3357214690901212e-07,17.670969503891698,0.1542529925934284,0.013704211484368933,0.00020691380811147902,0.11931368533477017
fast_spectrum,60,156,1.623776739188721e-08,45.135764430995735,0.558613932418857,-0.012286388194961393,0.01,0.1211282550929004
fast_spectrum,60,157,0.01,0.01252688881904913,0.014177214094631907,0.024074282851386738,4.8329302385717524e-05,0.1050695943388551
fast_spectrum,60,158,2.3357214690901212e-07,17.607827078899213,0.12677038684195563,0.018449764149536103,3.792690190732246e-05,0.10496403640896344
fast_spectrum,60,159,0.01,0.014279413974468394,0.01422318352153673,-0.0028135587529666143,0.01,0.11728346888373051
fast_spectrum,60,160,0.01,0.014779672541624548,0.014154535784317579,0.04426244540273491,5.455594781168514e-06,0.12122944939078345
fast_spectrum,60,161,4.8329302385717524e-05,1.164686183807602,0.03746471264972917,0.018999924093416297,0.0011288378916846883,0.11031452853071963
fast_spectrum,60,162,1.438449888287663e-07,22.14935825936087,0.1289047543138926,0.04121926495047001,0.01,0.09148310184064261
fast_spectrum,60,163,8.858667904100815e-06,2.49880339756151,0.09720392649316789,0.023242924543944506,0.00143844988828766,0.0890489411588539
fast_spectrum,60,164,0.00026366508987303556,0.38902306228016503,0.013347968406209332,0.029723301394188075,0.00016237767391887175,0.10968717369579636
fast_spectrum,60,165,0.01,0.010797836689575922,0.014183179532068935,0.03213896463541025,8.858667904100815e-06,0.0908775524385502
fast_spectrum,60,166,0.01,0.013899470559633219,0.014143451937210227,0.030118129756018665,3.359818286283781e-06,0.11468665153170085
fast_spectrum,60,167,1.1288378916846883e-05,2.35661992339445,0.041058941239753954,-0.028009731463903165,0.00143844988828766,0.11979931957402928
fast_spectrum,60,168,1.8329807108324338e-07,19.78508455831062,0.1752793392079448,0.051536861844774184,0.0005455594781168515,0.11556386501609603
fast_spectrum,60,169,0.01,0.013187562227373894,0.014193835841021296,0.00929073733025706,0.00143844988828766,0.10954632021857301
fast_spectrum,60,170,0.01,0.014367583411894104,0.014167938886072484,0.04923339688156777,4.8329302385717524e-05,0.11828778484414545
fast_spectrum,60,171,2.3357214690901212e-07,17.595769774214233,0.149896133179658,0.05138586600945331,6.951927961775606e-06,0.10945230485012898
fast_spectrum,60,172,2.3357214690901213e-05,1.6818845863628393,0.024399470725578132,0.006079976524096098,0.01,0.13864253249002031
fast_spectrum,60,173,5.455594781168514e-06,3.1867026188142717,0.1380009620424003,-0.018214267258397664,0.0018329807108324375,0.10044071843819932
fast_spectrum,60,174,0.01,0.015448493718187153,0.014178046580167192,0.01859805376970235,0.0005455594781168515,0.126569906754846
fast_spectrum,60,175,0.00026366508987303556,0.39293254088374846,0.012861584620012412,0.0372021878247229,0.00026366508987303556,0.11459523402981397
fast_spectrum,60,176,8.858667904100815e-08,27.483163007629376,0.2788527987209366,0.037140543957308154,0.01,0.10518168596188497
fast_spectrum,60,177,7.847599703514607e-07,9.310224687453278,0.11362770869532235,0.09957105518416154,4.8329302385717524e-05,0.11177688729557012
fast_spectrum,60,178,0.0011288378916846883,0.10742348568364865,0.013764727833989854,0.034336196155855536,1.8329807108324338e-05,0.10742348568364865
fast_spectrum,60,179,0.01,0.014623476865624867,0.014239125250971707,-0.01585760808515388,0.01,0.11999746383401863
fast_spectrum,60,180,3.792690190732246e-07,13.944359894979867,0.08221099622316896,0.02366162988411583,0.0005455594781168515,0.09853741652147753
fast_spectrum,60,181,0.00016237767391887175,0.6088125675427118,0.015107098961485876,0.020108839799745884,0.0006951927961775591,0.12539205173582688
fast_spectrum,60,182,5.4555947811685146e-08,32.20138704122315,0.25876633677242844,-0.01523514646290239,0.0008858667904100832,0.10314198364865053
fast_spectrum,60,183,4.281332398719387e-06,3.7634963432558415,0.09151646634800925,0.04333526884722279,0.0008858667904100832,0.08833299166172179
fast_spectrum,60,184,2.3357214690901212e-07,17.173203243415433,0.1507985488849739,0.016791240026316157,0.003792690190732238,0.10954518443582417
fast_spectrum,60,185,7.847599703514607e-07,9.458390371100554,0.04292478284464618,0.043324136716831024,0.0005455594781168515,0.11483174117616549
fast_spectrum,60,186,0.01,0.010208629341234007,0.014172742025235219,0.07156320723897816,1.8329807108324338e-05,0.0865355684620655
fast_spectrum,60,187,0.01,0.015748147892416818,0.014166490709669133,0.0457765219559324,6.951927961775606e-06,0.12866687559874218
fast_spectrum,60,188,0.0001274274985703132,0.6627426181984513,0.025172955892511784,-0.01863323524455804,0.01,0.11240568552734172
fast_spectrum,60,189,4.832930238571752e-07,11.684441176303222,0.12731960794876662,0.10810700697932334,4.8329302385717524e-05,0.12484111607412308
fast_spectrum,60,190,2.06913808111479e-06,5.544807967356158,0.15680475639048597,0.020849604473317206,0.00026366508987303556,0.08717295615684241
fast_spectrum,60,191,1.1288378916846883e-09,58.26511976868935,0.8394281304074043,0.006059314920608101,7.847599703514606e-05,0.09393989383488367
fast_spectrum,60,192,0.01,0.011891567675685421,0.014197226185143852,0.03838349507790044,1.1288378916846883e-05,0.10040236279803841
fast_spectrum,60,193,2.3357214690901213e-05,1.575144979877943,0.028509822537400753,0.038093298633807365,0.0005455594781168515,0.09077627145672997
fast_spectrum,60,194,0.01,0.014812408528915907,0.014154467590027253,0.027348506257696366,0.00026366508987303556,0.12152194755173101
fast_spectrum,60,195,3.792690190732246e-07,13.925705644379427,0.26303641542289347,0.06451279205134033,0.00143844988828766,0.1072184977249073
fast_spectrum,60,196,4.281332398719387e-06,3.6051216205346193,0.1122243041900044,0.048728751371220624,0.003792690190732238,0.0908652582033915
fast_spectrum,60,197,1.6237767391887209e-06,6.503444404473132,0.015423480161117276,0.07120839481719228,4.281332398719387e-06,0.12619363765399144
fast_spectrum,60,198,2.6366508987303555e-08,40.55385624331772,0.4792114182808467,0.02807676179277418,0.0006951927961775591,0.13783432937334733
fast_spectrum,60,199,0.01,0.014945522216321007,0.014203085383331038,0.008295069115172466,0.0011288378916846883,0.12290268932965456
fast_spectrum,90,0,2.6366508987303555e-08,48.880179219181116,0.5062289243206335,0.06916620725272923,0.00020691380811147902,0.1923809727161893
fast_spectrum,90,1,2.06913808111479e-06,5.56899225375846,0.010486700874017263,0.10837605324522784,8.858667904100815e-06,0.15535582520332986
fast_spectrum,90,2,0.01,0.01197632371336111,0.014247692100386011,-0.05126734852030381,0.01,0.15715329861556
fast_spectrum,90,3,3.792690190732246e-07,14.601999106448497,0.07636401811248827,0.07541733179277257,0.01,0.15518076284811994
fast_spectrum,90,4,4.832930238571752e-07,12.53730420461526,0.09425858800007503,0.07299336354208448,0.00042813323987193956,0.13295047410795421
fast_spectrum,90,5,1.43844988828766e-05,2.0166615408987036,0.019188101926285395,0.05087993526599777,0.0003359818286283774,0.13986057089438925
fast_spectrum,90,6,0.01,0.009672261719336744,0.014203349494296469,0.01010030613384278,8.858667904100815e-06,0.12938547307259965
fast_spectrum,90,7,0.01,0.01596624796327433,0.014201447311468995,0.012948129209061021,4.281332398719387e-06,0.20018764113062767
fast_spectrum,90,8,2.6366508987303555e-06,4.898653339702131,0.018953901290050146,0.08014578840032671,0.00042813323987193956,0.18011786127857515
fast_spectrum,90,9,8.858667904100815e-08,30.221500511698693,0.15307122865904255,0.01687982770917114,0.00026366508987303556,0.14794696118709968
fast_spectrum,90,10,3.792690190732246e-05,1.2337532035885506,0.015600794578101151,0.05114514379214276,0.00016237767391887175,0.13447710716628763
fast_spectrum,90,11,0.01,0.014328950750873289,0.0141569735982775,0.026880289193283557,0.00026366508987303556,0.18416841686929075
fast_spectrum,90,12,2.6366508987303555e-06,4.740532561565129,0.014565409864094159,0.09266931885578127,1.43844988828766e-05,0.1568993195430727
fast_spectrum,90,13,7.847599703514623e-09,66.28341458954154,0.6479188929066666,0.030665652915308043,4.281332398719387e-06,0.14933700970066266
fast_spectrum,90,14,0.01,0.016186120228761036,0.01417741630940239,0.018503687515913546,0.00042813323987193956,0.20277988190701762
fast_spectrum,90,15,4.281332398719387e-06,3.7102422291088395,0.0483872651902677,0.05549422066590887,0.0011288378916846883,0.17087957224007735
fast_spectrum,90,16,0.01,0.010593444475292181,0.014199940695820534,0.017232977358189905,3.792690190732246e-05,0.14087111524008045
fast_spectrum,90,17,0.01,0.011513220123032417,0.014200912061412718,0.06406166582391265,8.858667904100815e-06,0.1520270004983807
fast_spectrum,90,18,3.792690190732246e-07,14.61922120015089,0.055843213572376316,0.02436496708146031,0.0006951927961775591,0.16640821560373303
fast_spectrum,90,19,0.00020691380811147902,0.4811175216075344,0.015513558402736605,0.012886273041684302,0.0011288378916846883,0.1825773064681251
fast_spectrum,90,20,0.01,0.011009895632174584,0.014182559916046,0.0299444942796786,1.8329807108324338e-05,0.14603130961857602
fast_spectrum,90,21,0.01,0.01144241937689227,0.014263450159828439,-0.04985929407236424,0.01,0.1492753508552005
fast_spectrum,90,22,0.01,0.012437262263799053,0.014222862754708077,-0.0091769899132676,2.06913808111479e-06,0.16227774445225837
fast_spectrum,90,23,7.847599703514607e-07,9.601961429943776,0.03941015753490795,0.10086941806513315,6.951927961775606e-06,0.17210429355960755
fast_spectrum,90,24,0.01,0.011446783326701786,0.014115905880103363,0.02593115174730227,0.0006951927961775591,0.14929642984913993
fast_spectrum,90,25,2.3357214690901212e-07,18.673674268899266,0.15892682315675,0.08386664842310819,3.792690190732246e-05,0.15116018501758322
fast_spectrum,90,26,0.00020691380811147902,0.43806287760472984,0.013196256591791022,0.03340304222671191,3.359818286283781e-06,0.15592624568894134
fast_spectrum,90,27,0.0018329807108324375,0.05092789639257876,0.014168302417108758,0.007858368738072077,0.0006951927961775591,0.1287883070646738
fast_spectrum,90,28,8.858667904100815e-06,2.6062422831285925,0.06708181840212135,-0.009615682559428558,0.01,0.17396869082556626
fast_spectrum,90,29,0.01,0.01468145527828607,0.014130342951094166,0.026457634526526188,0.00042813323987193956,0.18662504266453228
fast_spectrum,90,30,1e-06,8.414605668498965,0.060608611064121964,0.09138072952876378,0.01,0.1858905266063041
fast_spectrum,90,31,2.976351441631313e-05,1.469300826961074,0.024169227714559982,0.045175621742777464,0.0005455594781168515,0.17859516375754367
fast_spectrum,90,32,0.01,0.012644526199184917,0.014225867331461917,-0.010761875402194164,0.01,0.16550907733652423
fast_spectrum,90,33,0.01,0.011669031099909726,0.014162526103661977,0.039932528224630066,4.281332398719387e-06,0.1541031516392076
fast_spectrum,90,34,0.01,0.013746418610291852,0.014135032370919287,0.019644844730727338,0.0011288378916846883,0.17682884623736117
fast_spectrum,90,35,1.8329807108324338e-07,21.581970711347225,0.08514920638359191,0.008934678102500223,0.002335721469090121,0.17127543001915704
fast_spectrum,90,36,3.359818286283781e-06,4.2214453104051,0.00848467256890817,0.09802832205971972,3.359818286283781e-06,0.170094557513017
fast_spectrum,90,37,6.158482110660254e-07,10.96253230369729,0.03660472847135421,0.037437459464606845,0.0008858667904100832,0.18302438250373967
fast_spectrum,90,38,1.8329807108324338e-07,21.739031612659392,0.09263975233347832,0.021740391906733703,0.0006951927961775591,0.16871319671218163
fast_spectrum,90,39,0.01,0.012850649122468041,0.014201741952886815,0.008758551753812812,0.0011288378916846883,0.16763931930468345
fast_spectrum,90,40,0.01,0.010828479882463327,0.014181641716182192,0.03041859982113971,5.455594781168514e-06,0.14355844549471808
fast_spectrum,90,41,0.00016237767391887175,0.5712364464491588,0.014346066658738721,0.01633210719511709,0.00042813323987193956,0.18097843283201642
fast_spectrum,90,42,2.06913808111479e-06,5.431649535057216,0.07969761164308409,0.07331578957783447,0.0008858667904100832,0.14290135362429462
fast_spectrum,90,43,2.06913808111479e-06,5.552286243541353,0.05565862449926273,0.02502357741926662,6.158482110660255e-05,0.1734534232921523
fast_spectrum,90,44,0.0001274274985703132,0.592409109350954,0.020417061437573825,0.024250581089296185,0.0008858667904100832,0.1491065645967582
fast_spectrum,90,45,0.01,0.010454807013055654,0.014277600667222945,-0.046862756634237446,0.01,0.13880442696348597
fast_spectrum,90,46,0.01,0.012123108854715436,0.014207572035679794,0.006999194467917915,8.858667904100815e-06,0.158473593722846
fast_spectrum,90,47,5.455594781168514e-06,3.2932584012927384,0.009427201853228429,0.09305965610711289,6.951927961775606e-06,0.1584023193813053
fast_spectrum,90,48,0.01,0.012868788727908349,0.014123933195991922,0.01997009094854001,0.0011288378916846883,0.166132808301236
fast_spectrum,90,49,7.847599703514607e-07,9.615722538469582,0.07408876899513794,-0.012395672906788658,0.01,0.16095000805764098
fast_spectrum,90,50,4.832930238571752e-07,12.67697535450301,0.07179076832082476,0.08526186806387215,0.0006951927961775591,0.14669301349230263
fast_spectrum,90,51,2.3357214690901212e-07,19.26145716108762,0.11582803471707548,0.009863549558845122,1.1288378916846883e-05,0.18624465421865058
fast_spectrum,90,52,2.976351441631313e-07,16.547383119702786,0.05638153667011414,0.03590297464256398,4.281332398719387e-06,0.1550358809825019
fast_spectrum,90,53,3.792690190732246e-07,14.685576064383318,0.09398402959767371,0.03778308335877466,8.858667904100815e-06,0.18257189680217667
fast_spectrum,90,54,4.281332398719387e-06,3.668996630406879,0.047967870919447986,0.05621972895333571,0.0005455594781168515,0.1497517615615489
fast_spectrum,90,55,0.01,0.013119382199580821,0.01422719010361928,-0.013433779204525386,4.281332398719387e-06,0.17061204439275945
fast_spectrum,90,56,0.0001274274985703132,0.6867635702642152,0.01198275806464455,0.05993610732252659,3.359818286283781e-06,0.18732393179925466
fast_spectrum,90,57,2.976351441631313e-05,1.4921753276471867,0.00909643189324394,0.07886109176061683,4.8329302385717524e-05,0.1685924784408482
fast_spectrum,90,58,0.0005455594781168515,0.17324646524217868,0.013694999915817019,0.06455572677097336,4.281332398719387e-06,0.13867469503798519
fast_spectrum,90,59,4.832930238571752e-07,12.793878426637038,0.05561019805876932,0.06266657948615609,0.0006951927961775591,0.1803794957589278
fast_spectrum,90,60,8.858667904100815e-08,30.357410925422585,0.1638647169261691,0.02431577018593802,0.00042813323987193956,0.15888560436157034
fast_spectrum,90,61,0.01,0.010286577214017708,0.014229989307525726,-0.01492257668328295,0.01,0.13642848586638726
fast_spectrum,90,62,0.01,0.013025945840304698,0.01421406675684167,0.004611842299927699,0.0006951927961775591,0.16885815258876105
fast_spectrum,90,63,0.01,0.012821193592567155,0.014170149216512717,0.05631421100306989,3.359818286283781e-06,0.1666001750279565
fast_spectrum,90,64,2.3357214690901213e-05,1.5745470402397501,0.027652785510581035,0.003625824990676474,0.01,0.15785644704475202
fast_spectrum,90,65,2.06913808111479e-06,5.76488770622352,0.030235929059724498,0.10093476805268144,0.0005455594781168515,0.20152882346864415
fast_spectrum,90,66,1.2742749857031322e-06,7.36314208175733,0.031001597776397105,0.05802267888300951,0.0006951927961775591,0.1859756764754943
fast_spectrum,90,67,0.01,0.013591768128264655,0.014196320582527178,0.02197276393071064,1.8329807108324338e-05,0.1741726074695302
fast_spectrum,90,68,0.01,0.012089110197467768,0.01418191396311852,0.01669814461158062,0.0005455594781168515,0.1576145566133263
fast_spectrum,90,69,1.438449888287663e-07,24.497859541114966,0.1145677569541057,0.0106260516047663,2.3357214690901213e-05,0.15863380423056983
fast_spectrum,90,70,0.01,0.013491013022479216,0.014230567606860589,-0.02274505620289464,0.01,0.17434251284943592
fast_spectrum,90,71,0.0005455594781168515,0.24505031744388128,0.015079434428287408,-0.0346180510602237,0.01,0.19947110141039598
fast_spectrum,90,72,0.00020691380811147902,0.47165870959860046,0.013264264866075792,0.030864762229360753,2.6366508987303555e-06,0.17508385764973936
fast_spectrum,90,73,0.01,0.01467620987773602,0.014140617059941407,0.0200870181397199,0.0008858667904100832,0.18668271366541017
fast_spectrum,90,74,0.0001274274985703132,0.6396742121561196,0.024509810776182084,-0.01765049576262115,0.01,0.1608062505759431
fast_spectrum,90,75,0.01,0.013051808824347809,0.014191494631173862,0.06595534965329496,1.43844988828766e-05,0.16849945062535035
fast_spectrum,90,76,0.01,0.012392831397857771,0.01415845323596876,0.034065773783233715,2.6366508987303555e-06,0.16143401853117237
fast_spectrum,90,77,2.3357214690901212e-07,19.045925679365922,0.21589140893011916,0.018122924792906815,0.0008858667904100832,0.16464825225741053
fast_spectrum,90,78,1.6237767391887209e-06,6.230343823766201,0.028393501135840715,0.11422650018908455,0.00042813323987193956,0.18710756395270883
fast_spectrum,90,79,0.01,0.013695907670349085,0.014253651140568868,-0.01589397896180282,0.01,0.17584975745349485
fast_spectrum,90,80,4.281332398719387e-06,3.8096889650977803,0.017063886187179023,0.06740620184642303,2.976351441631313e-05,0.1896599505514974
fast_spectrum,90,81,0.01,0.015347891310290893,0.014180109576935163,0.018392981416086984,0.00042813323987193956,0.19340090971956037
fast_spectrum,90,82,0.01,0.013341962717611427,0.014159019121317562,0.04106185213836912,5.455594781168514e-06,0.17139952047335952
fast_spectrum,90,83,8.858667904100815e-08,30.298679078514866,0.16529893506718762,0.04759821421621232,4.281332398719387e-06,0.16464040616255418
fast_spectrum,90,84,8.858667904100815e-06,2.6958283927518103,0.058640042829985806,-0.0690251878604563,0.01,0.14808351808924242
fast_spectrum,90,85,3.792690190732246e-05,1.3296046062794318,0.037424433782340394,-0.04213807814257848,0.01,0.18315168471153492
fast_spectrum,90,86,4.281332398719387e-06,3.865319473738954,0.006131584667810053,0.09167229673244556,3.359818286283781e-06,0.19411242150462493
fast_spectrum,90,87,0.01,0.013062622360441279,0.014157725919522357,0.06574142639884878,2.976351441631313e-05,0.16824083590889832
fast_spectrum,90,88,0.01,0.00998621393561524,0.014248602389861142,-0.024138588715709192,0.01,0.13363279064160252
fast_spectrum,90,89,0.01,0.013497314605407689,0.014157567546722927,0.05198740689996668,2.3357214690901213e-05,0.17325947616222964
fast_spectrum,90,90,6.951927961775606e-06,3.0606742481042764,0.06083047509583839,0.027033198221815106,0.01,0.15508878627003392
fast_spectrum,90,91,1.6237767391887209e-06,6.455232914697493,0.11109479286938173,0.018650871333686633,0.01,0.16203342241785687
fast_spectrum,90,92,7.847599703514606e-05,0.8375189100299385,0.01810323637045208,0.024185691741850486,0.0005455594781168515,0.1476624481962856
fast_spectrum,90,93,0.01,0.010271912400847754,0.014242979215236318,-0.03338087233691025,0.01,0.1370636393043042
fast_spectrum,90,94,8.858667904100815e-08,30.71619432758895,0.1816065442557615,0.0726770110279541,4.281332398719387e-06,0.19105201034800456
fast_spectrum,90,95,0.01,0.011612202421605745,0.014227244591104915,-0.009299631351932116,2.6366508987303555e-06,0.15319722733575092
fast_spectrum,90,96,8.858667904100815e-06,2.637037954373249,0.03677404852836341,0.049253359382563526,0.00042813323987193956,0.1455982785357153
fast_spectrum,90,97,2.6366508987303555e-06,5.018787823204142,0.010966618585079968,0.06386508367328862,4.281332398719387e-06,0.15399484937274718
fast_spectrum,90,98,1.1288378916846883e-07,27.590173105177577,0.14313950322366042,0.05704914376789063,2.3357214690901213e-05,0.19544594983947017
fast_spectrum,90,99,7.847599703514607e-07,9.511680936997028,0.02977183055496635,0.0621399164259267,1.8329807108324338e-05,0.1553411555578692
fast_spectrum,90,100,2.6366508987303555e-06,4.971256275742799,0.051674543600982004,0.0928696466738726,4.8329302385717524e-05,0.17377572758219856
fast_spectrum,90,101,1.1288378916846883e-05,2.3533428924170767,0.009657497898844958,0.07771864142390122,3.359818286283781e-06,0.1443874449951615
fast_spectrum,90,102,2.6366508987303555e-06,4.7108911056153,0.025988861611163205,0.026124075184090264,0.01,0.1746198803267198
fast_spectrum,90,103,0.01,0.014261166502406022,0.014280195567818232,-0.014130287229601652,0.01,0.18315991028477532
fast_spectrum,90,104,0.01,0.017173438717285303,0.014230150915748307,-0.0394423925262056,0.01,0.21275859485362975
fast_spectrum,90,105,0.01,0.011645623843208688,0.014181245954270172,0.040856008309032125,3.359818286283781e-06,0.1531227411550496
fast_spectrum,90,106,4.281332398719387e-06,3.8125614333685744,0.01837480770200095,0.06637241684071563,0.0003359818286283774,0.1528412568947038
fast_spectrum,90,107,0.0008858667904100832,0.1249983883020893,0.014457012469657693,-0.013057968018139179,2.6366508987303555e-06,0.1558109072096852
fast_spectrum,90,108,0.01,0.012587549177515917,0.01428036299280433,-0.02389883176951933,0.01,0.1639473763674165
fast_spectrum,90,109,6.158482110660255e-05,1.029332415141147,0.02235125677372385,0.005788247593901555,0.0011288378916846883,0.1616709891982166
fast_spectrum,90,110,0.01,0.011622193407469882,0.014222762706546765,-0.002443349284570258,0.01,0.1523358339196462
fast_spectrum,90,111,1.438449888287663e-07,24.59504858093264,0.12855692718465606,-0.023129578079265935,0.01,0.16486358114137284
fast_spectrum,90,112,2.976351441631313e-07,16.5217885810569,0.07752517481388832,0.03120481816326526,4.8329302385717524e-05,0.14300282704957512
fast_spectrum,90,113,0.01,0.014268220263271672,0.014184607413913142,0.03753887969675978,3.359818286283781e-06,0.18204874559345363
fast_spectrum,90,114,0.01,0.01249742775584054,0.014203402259125308,0.044813341481306695,2.6366508987303555e-06,0.16193242930156643
fast_spectrum,90,115,4.281332398719396e-08,41.0806631966664,0.2980837897840336,0.006218942193841465,2.976351441631313e-05,0.15886858846368948
fast_spectrum,90,116,4.281332398719396e-08,40.76612230637443,0.27155228637782103,0.036228178658684496,0.00026366508987303556,0.160319610996617
fast_spectrum,90,117,0.0006951927961775591,0.21923402427797756,0.013918003091195619,0.02037607234238948,0.00026366508987303556,0.21923402427797756
fast_spectrum,90,118,2.976351441631313e-07,16.92956123596918,0.11300137425585577,0.037553012093383964,0.0006951927961775591,0.16904459985116665
fast_spectrum,90,119,8.858667904100815e-08,30.13647481458299,0.20901789448079722,0.033896424100628965,0.01,0.1273508369563046
fast_spectrum,90,120,1.6237767391887209e-06,6.460494182927848,0.008773033775968053,0.10936944714926254,4.281332398719387e-06,0.17903668180311788
fast_spectrum,90,121,1.2742749857031322e-06,7.062570008601028,0.022828241275758776,0.10746107304513654,5.455594781168514e-06,0.1692121075556631
fast_spectrum,90,122,1.2742749857031322e-06,7.327788047554758,0.046005041661266954,0.036935098667083235,0.01,0.16681708840360426
fast_spectrum,90,123,0.0005455594781168515,0.19402104726399505,0.014929339778879891,-0.017901855229674912,0.01,0.15643026586275005
fast_spectrum,90,124,1.6237767391887209e-06,6.295123049458789,0.035286595856861336,0.031109609374790695,0.01,0.17269778149160808
fast_spectrum,90,125,2.976351441631313e-05,1.4523659450484672,0.03170473351760128,-0.02114593795154267,0.01,0.18763019981343118
fast_spectrum,90,126,1e-06,8.40028007600633,0.07687506183069526,0.01183484796155516,0.01,0.16416233977619762
fast_spectrum,90,127,8.858667904100815e-06,2.642331854761977,0.01673064364811183,0.07745411025484546,0.0003359818286283774,0.17601567341947272
fast_spectrum,90,128,0.01,0.012244669847051703,0.014155813346409696,0.02052036049990493,0.0006951927961775591,0.15918305548780284
fast_spectrum,90,129,5.455594781168514e-06,3.2998962023533807,0.004684022472214777,0.0998820477563028,5.455594781168514e-06,0.1794994609310545
fast_spectrum,90,130,4.832930238571752e-07,12.898660667823416,0.0471814023178343,0.013603909152434212,2.3357214690901213e-05,0.16906170949867463
fast_spectrum,90,131,0.01,0.011204893712038394,0.014222797419157995,-0.005577177471964224,0.01,0.1476389506612183
fast_spectrum,90,132,4.281332398719396e-08,40.971129288077044,0.208035947371233,0.03299816121356558,2.6366508987303555e-06,0.1572043496394239
fast_spectrum,90,133,1e-08,63.39500306812624,0.5465054657950252,0.03385756746632208,0.01,0.1783675541748494
fast_spectrum,90,134,0.01,0.015610391017532354,0.014202019572217117,0.01908847925153704,4.8329302385717524e-05,0.1962071773018366
fast_spectrum,90,135,4.8329302385717524e-05,1.1213313417780677,0.020120407577886246,0.03555171093919416,0.00042813323987193956,0.15731195570148193
fast_spectrum,90,136,2.06913808111479e-06,5.568772977721557,0.03544596481077522,0.05514394633990396,0.0008858667904100832,0.1716751776907583
fast_spectrum,90,137,0.01,0.012170621891621825,0.014285142774546067,-0.030641572162109484,0.01,0.15890927023654655
fast_spectrum,90,138,0.01,0.01416354986923844,0.01420658597770652,0.02158162857634995,3.359818286283781e-06,0.18163860346182714
fast_spectrum,90,139,4.281332398719387e-06,3.7895841111250395,0.03093592609546869,0.0026236313526249375,0.01,0.2015046127508051
fast_spectrum,90,140,0.0003359818286283774,0.3030496651666863,0.014436919516392699,-0.005617887853142571,3.359818286283781e-06,0.16294846775243244
fast_spectrum,90,141,0.01,0.00913297393156987,0.014151840463347165,0.022576490410498015,0.0005455594781168515,0.12244153684990441
fast_spectrum,90,142,1.438449888287663e-07,24.278643122536668,0.14310545557951615,0.07269813605805654,0.01,0.14819279514789468
fast_spectrum,90,143,0.01,0.013177261932044295,0.0141684388481913,0.06143129455570975,3.792690190732246e-05,0.17027370232125774
fast_spectrum,90,144,0.01,0.01082521665371283,0.014191548416107813,0.035137054710886094,3.359818286283781e-06,0.14342781741132893
fast_spectrum,90,145,6.951927961775606e-06,2.868591966683121,0.016496472005511187,0.04649894016341105,3.792690190732246e-05,0.14272641171516498
fast_spectrum,90,146,1.438449888287663e-07,24.582622455615226,0.08382346617821912,0.024567361822864103,3.359818286283781e-06,0.1922763191443091
fast_spectrum,90,147,0.01,0.009883921154999722,0.014199021148830648,0.03062978368089181,1.43844988828766e-05,0.13193621328473398
fast_spectrum,90,148,0.00020691380811147902,0.487046555684712,0.016065403464432526,0.009218370957394674,0.00143844988828766,0.1856799747434672
fast_spectrum,90,149,0.01,0.015441769900959051,0.014165634545740269,0.0379386370333246,3.359818286283781e-06,0.1961599138427018
fast_spectrum,90,150,0.01,0.011906595394885457,0.014181177492321395,0.03513213692748744,4.281332398719387e-06,0.15547747309815674
fast_spectrum,90,151,7.847599703514607e-07,9.498875682953331,0.09609135017463011,0.037504858444868366,0.004832930238571752,0.16561926066649776
fast_spectrum,90,152,0.01,0.01686169710912498,0.014168344420177004,0.05433958536602055,5.455594781168514e-06,0.21017589488375327
fast_spectrum,90,153,3.359818286283781e-06,4.33369874607166,0.02146065894747906,0.046860725078030914,0.01,0.16792393991396537
fast_spectrum,90,154,0.01,0.009977526173014657,0.014188263316629146,0.08955727189807496,5.455594781168514e-06,0.13356432395681794
fast_spectrum,90,155,0.0005455594781168515,0.23099782417452508,0.013149782379202501,0.03348310639194205,0.0003359818286283774,0.18698850011584056
fast_spectrum,90,156,5.455594781168514e-06,3.3271102622196063,0.027060892283290228,0.018428353809215384,0.0008858667904100832,0.1832418697334742
fast_spectrum,90,157,7.847599703514607e-07,9.827894804169636,0.025189388105657518,0.08500967203164862,2.3357214690901213e-05,0.1818920787319597
fast_spectrum,90,158,0.01,0.013730862841810045,0.014219611583013547,-0.04082498246442272,0.01,0.1761196617940892
fast_spectrum,90,159,0.01,0.013610642480521521,0.014196513624987639,0.06444627548856835,3.359818286283781e-06,0.17445737261215685
fast_spectrum,90,160,1.438449888287663e-07,23.99618110566061,0.09771782010324559,0.040871221665723156,2.3357214690901213e-05,0.18074202221766786
fast_spectrum,90,161,0.01,0.012462810822000693,0.014156451969151607,0.02140442134627871,0.0005455594781168515,0.16250259352835722
fast_spectrum,90,162,3.3598182862837814e-08,44.48251435379226,0.3131332347243583,0.042772439172633556,4.281332398719387e-06,0.14560387764379826
fast_spectrum,90,163,0.01,0.009688181756454462,0.014150810821556226,0.02083830943595832,0.0006951927961775591,0.12935772707560336
fast_spectrum,90,164,6.158482110660254e-07,10.866828412936577,0.06487540545214787,0.10505983259903195,3.792690190732246e-05,0.15159115678092505
fast_spectrum,90,165,0.00143844988828766,0.08207233576276066,0.014310482264956903,-0.007078479429332629,3.359818286283781e-06,0.16109844314493366
fast_spectrum,90,166,6.951927961775606e-06,2.9102676745782383,0.008211100494157741,0.08359170108575426,2.6366508987303555e-06,0.1815222438791918
fast_spectrum,90,167,0.01,0.013806031147993985,0.014249604406409988,-0.03334268741476264,0.01,0.17711792731784243
fast_spectrum,90,168,7.847599703514607e-07,9.526225130160086,0.04831591445276695,0.07032751268509674,0.0006951927961775591,0.17456190233380575
fast_spectrum,90,169,1.43844988828766e-05,2.0797015577419833,0.03301048676465568,-0.004662585967807186,0.0008858667904100832,0.164108862759554
fast_spectrum,90,170,1.43844988828766e-05,2.063706857547505,0.010729014399153969,0.060486462442633004,1.8329807108324338e-05,0.16834633200351135
fast_spectrum,90,171,0.0001,0.783795957595911,0.01332999090120257,0.03440350854580003,4.281332398719387e-06,0.17392630762353115
fast_spectrum,90,172,0.01,0.01583476606087876,0.014235892342120637,-0.014934151210916307,0.01,0.199131452105754
fast_spectrum,90,173,0.01,0.012097307234463615,0.014172683559915189,0.014870329809553991,0.0011288378916846883,0.15842453461099174
fast_spectrum,90,174,0.01,0.013671531767175346,0.014233022224310332,-0.04145726937814698,0.01,0.17651519301431373
fast_spectrum,90,175,1e-06,8.228208956187311,0.05697797196926624,0.09291050739382055,0.00020691380811147902,0.15711417298960448
fast_spectrum,90,176,0.01,0.011307383607839828,0.014206178012933224,0.06915144084295055,2.6366508987303555e-06,0.14870959810396578
fast_spectrum,90,177,0.01,0.012966473789370346,0.014160648473395487,0.08367011707048876,1.8329807108324338e-05,0.16710453051375335
fast_spectrum,90,178,1.438449888287663e-07,24.119883701576736,0.12693562603642405,0.012134191676189366,6.951927961775606e-06,0.1664015444842608
fast_spectrum,90,179,2.3357214690901212e-07,19.19511482445823,0.08755447259516291,0.06103950461257059,6.951927961775606e-06,0.1744860743141441
fast_spectrum,90,180,1.8329807108324338e-07,21.529964818618794,0.1609580777781212,0.03650089188772551,0.0005455594781168515,0.1447326497286182
fast_spectrum,90,181,1e-06,8.458011997637783,0.030566436498494998,0.0935006308419204,0.0006951927961775591,0.18543643343461869
fast_spectrum,90,182,7.847599703514607e-07,9.47226165396268,0.049348382516541944,-0.011227856067991815,0.0006951927961775591,0.15730373463649
fast_spectrum,90,183,7.847599703514607e-07,9.69826437223069,0.07037821720319992,0.06534822519371591,0.0006951927961775591,0.15145177810987717
fast_spectrum,90,184,1.6237767391887209e-06,6.256482337844927,0.037058249154734435,0.04119444236227035,7.847599703514606e-05,0.1729930709184322
fast_spectrum,90,185,1.43844988828766e-05,2.0688597653545115,0.01661244998777045,0.041374727230609684,0.0003359818286283774,0.1827018021825716
fast_spectrum,90,186,7.847599703514607e-07,9.499171361296682,0.027345834503355704,0.07550991117604292,1.43844988828766e-05,0.15104421425871178
fast_spectrum,90,187,7.847599703514607e-07,9.818887034133889,0.0217243489285317,0.07644826524128258,4.281332398719387e-06,0.19177931183122154
fast_spectrum,90,188,1.1288378916846883e-05,2.3719921546900413,0.07634118297185588,-0.00880994825637744,0.01,0.18082753666347207
fast_spectrum,90,189,1.1288378916846883e-05,2.222003918876687,0.0329447735984052,0.0681889842232058,0.0005455594781168515,0.17003995527075258
fast_spectrum,90,190,0.01,0.010310317258644487,0.014165891720156698,0.05163999449596815,6.158482110660255e-05,0.13781633643674676
fast_spectrum,90,191,6.951927961775606e-06,2.9684960460292853,0.04274122257920854,-0.06933481598496896,0.01,0.1607849463953158
fast_spectrum,90,192,0.01,0.01127390685396485,0.014208172620334247,0.03483769573473138,2.6366508987303555e-06,0.14974418402147138
fast_spectrum,90,193,0.00026366508987303556,0.32298445587009084,0.013982109044480495,0.023959629633524566,0.0005455594781168515,0.1384737371247406
fast_spectrum,90,194,1.6237767391887209e-06,6.482501939723045,0.039074039361390644,0.009585219771348576,6.158482110660255e-05,0.18975712054068772
fast_spectrum,90,195,0.01,0.013932209638387757,0.01408830489120283,0.027162302043904112,0.0006951927961775591,0.18025053477123154
fast_spectrum,90,196,3.792690190732246e-05,1.2493588882749995,0.026295252236097078,0.03176494422078704,0.002976351441631313,0.15523695522533262
fast_spectrum,90,197,2.06913808111479e-06,5.784747298874543,0.010075820021551718,0.10139019250289924,5.455594781168514e-06,0.1981975719519389
fast_spectrum,90,198,0.01,0.01484031862118828,0.014185345316813147,0.031451648802404114,3.359818286283781e-06,0.1895851105611629
fast_spectrum,90,199,0.0011288378916846883,0.11338534617838664,0.014052059379751292,0.01959609372663781,0.00020691380811147902,0.17629430174028304
fast_spectrum,120,0,3.792690190732246e-05,1.3172424990711993,0.02171706986757571,0.04636481762865855,0.0005455594781168515,0.27766353617508344
fast_spectrum,120,1,2.06913808111479e-06,5.685815395646625,0.006149929094015016,0.11202474904022625,5.455594781168514e-06,0.23969621012760725
fast_spectrum,120,2,0.01,0.012471785980934454,0.014230729341501158,-0.07116447788683282,0.01,0.24966488327518352
fast_spectrum,120,3,0.01,0.011778421816591363,0.014216449513077434,-0.00021494948150830258,1.1288378916846883e-05,0.2361073102494369
fast_spectrum,120,4,0.01,0.010099169902288712,0.014156018331764386,0.030548318573317423,4.281332398719387e-06,0.20867003021347408
fast_spectrum,120,5,3.792690190732246e-05,1.2290663230729608,0.021862454354602212,0.023139132838343172,0.0006951927961775591,0.2309102964508773
fast_spectrum,120,6,4.281332398719387e-06,3.8082766909386847,0.009599115823580529,0.08375394193235373,4.281332398719387e-06,0.2170267505086594
fast_spectrum,120,7,3.792690190732246e-07,15.2378974395365,0.03254321364812651,0.09173922515098895,6.951927961775606e-06,0.2842493993065962
fast_spectrum,120,8,0.01,0.0136258360334268,0.014172186563371714,0.027810730261568297,3.359818286283781e-06,0.26575000121600056
fast_spectrum,120,9,3.792690190732246e-05,1.2122460171294813,0.019633385970555972,0.036803175856060834,0.0003359818286283774,0.20614028694984193
fast_spectrum,120,10,3.792690190732246e-07,14.804756410620026,0.06239176339765673,0.05042976098423825,4.8329302385717524e-05,0.2144368619182501
fast_spectrum,120,11,0.01,0.013598371191528926,0.014181832806350658,0.05920870692366065,2.976351441631313e-05,0.2691525718691973
fast_spectrum,120,12,4.8329302385717524e-05,1.0807351336706466,0.011222548964219148,0.057731623802536366,2.3357214690901213e-05,0.2361649654732614
fast_spectrum,120,13,4.8329302385717524e-05,1.0726826952481858,0.015409628744258441,0.03059593080015214,0.0003359818286283774,0.23693427198919276
fast_spectrum,120,14,0.0003359818286283774,0.3435389214777821,0.013531151762975258,0.026353764901802613,2.6366508987303555e-06,0.2823836005693616
fast_spectrum,120,15,4.281332398719387e-06,3.8018893252610835,0.03952637517319024,0.06528804144014078,0.0008858667904100832,0.2577463847223085
fast_spectrum,120,16,6.158482110660254e-09,81.98341599532783,0.8677996682549884,0.04451189654269006,1.1288378916846883e-05,0.2305410805831698
fast_spectrum,120,17,5.455594781168514e-06,3.3325279929321354,0.010587701627587043,0.06137267054399893,5.455594781168514e-06,0.2367605699585075
fast_spectrum,120,18,3.792690190732246e-07,15.003102914560207,0.04001868460006208,0.03365635294938827,0.00042813323987193956,0.2499174059351992
fast_spectrum,120,19,2.976351441631313e-07,16.87017879751917,0.11150898452704672,-0.05439921864185676,0.0006951927961775591,0.2570331486152934
fast_spectrum,120,20,8.858667904100815e-06,2.6172708455996636,0.02549286475647139,0.054406818986670144,0.0011288378916846883,0.23908489396684157
fast_spectrum,120,21,0.01,0.011086031197904744,0.014239335461469826,-0.0364978419254495,0.01,0.22477812602977615
fast_spectrum,120,22,0.01,0.012362262713543452,0.014203229284186158,0.0865927399599406,2.06913808111479e-06,0.2474325955038213
fast_spectrum,120,23,0.01,0.013114735975439577,0.014182315948452984,0.07756929872220118,3.359818286283781e-06,0.26105590185961147
fast_spectrum,120,24,2.976351441631313e-07,16.751085556114372,0.07164612414076688,0.07245122522476902,0.0005455594781168515,0.22581171186001087
fast_spectrum,120,25,3.792690190732246e-05,1.2037035801219362,0.013049736082718866,0.04592540140977845,2.976351441631313e-05,0.24165159586417922
fast_spectrum,120,26,2.6366508987303555e-06,4.9171238796932455,0.008737690930946118,0.08359561243606767,3.359818286283781e-06,0.23965740379240702
fast_spectrum,120,27,1.8329807108324338e-05,1.8514283695693945,0.01752869789748357,0.038531405073986634,0.0008858667904100832,0.21734760826407853
fast_spectrum,120,28,0.01,0.013268071232754905,0.014247058889089281,-0.009392663584340138,0.01,0.2596743373064708
fast_spectrum,120,29,1.1288378916846883e-07,28.70435273170965,0.11331438986598319,0.05115981911766228,4.281332398719387e-06,0.2722970917055714
fast_spectrum,120,30,0.01,0.013728243360145593,0.0141840275211641,0.041747930594803175,8.858667904100815e-06,0.2683894644579884
fast_spectrum,120,31,0.01,0.013822621782834743,0.014123683561437672,0.032719924399754845,0.00026366508987303556,0.2691694140594617
fast_spectrum,120,32,1.438449888287663e-07,26.020024686825124,0.09679689736083597,0.0016060607220241697,0.002335721469090121,0.2715783421011728
fast_spectrum,120,33,1.6237767391887209e-06,6.489080465223334,0.013340420292372368,0.09619499331874753,1.43844988828766e-05,0.24659508197276606
fast_spectrum,120,34,0.01,0.013148683981246205,0.014154060542544644,0.021813430114610007,0.0005455594781168515,0.2589702335862959
fast_spectrum,120,35,1.1288378916846883e-05,2.3242672353036107,0.01794261523281926,-0.00888753929114657,0.0006951927961775591,0.25310159401259585
fast_spectrum,120,36,0.01,0.012285071516671351,0.014170388034935422,0.06251748016908804,4.281332398719387e-06,0.2457802372913984
fast_spectrum,120,37,7.847599703514606e-05,0.911797803105129,0.01777010702506643,0.025901333637298782,0.0006951927961775591,0.27347145082117336
fast_spectrum,120,38,0.01,0.012470884918521287,0.014196093142571753,0.020223626597435658,3.359818286283781e-06,0.2480315852646447
fast_spectrum,120,39,0.01,0.013122740794511563,0.01420643508164987,0.011406993394459912,0.00042813323987193956,0.2602809050465895
fast_spectrum,120,40,0.01,0.011407108645004573,0.01420084954477474,0.07993231533585685,3.359818286283781e-06,0.23093976391281587
fast_spectrum,120,41,7.847599703514607e-07,10.158403430068576,0.023192884674796188,0.05931114376482311,4.281332398719387e-06,0.2682957132884549
fast_spectrum,120,42,0.01,0.011338773055105798,0.014100159663699041,0.030413515449957185,0.0005455594781168515,0.22904894128455897
fast_spectrum,120,43,4.281332398719387e-06,3.8450757605312136,0.049295927934216,0.06088487625701245,6.158482110660255e-05,0.2713885026565221
fast_spectrum,120,44,0.004832930238571752,0.024775736965281694,0.01406864656411888,0.02229478310207844,0.0006951927961775591,0.241037676151671
fast_spectrum,120,45,0.0001,0.7063423846425856,0.02205758193088303,-0.031083222636275238,0.01,0.23295413377122526
fast_spectrum,120,46,8.858667904100815e-06,2.5982824786392174,0.013492445032230349,0.056226393156296205,2.3357214690901213e-05,0.22811983676524697
fast_spectrum,120,47,0.01,0.011660872320140334,0.014153458172159739,0.06373450616155903,2.976351441631313e-05,0.23806561787721364
fast_spectrum,120,48,0.01,0.013234854999848136,0.014153961385576785,0.02085710708459522,0.0006951927961775591,0.2597545571388656
fast_spectrum,120,49,0.01,0.012617788649930692,0.014228110508079927,-0.009023180198481766,0.01,0.2501260860350771
fast_spectrum,120,50,0.01,0.011399240895785931,0.014162121715067033,0.02486620933463642,4.281332398719387e-06,0.23049875899432584
fast_spectrum,120,51,0.01,0.013824038070043825,0.014214281100058512,0.0016778466711140601,3.359818286283781e-06,0.2688251568794915
fast_spectrum,120,52,0.01,0.012816452986237972,0.014222137949324365,-0.008833670844303254,2.6366508987303555e-06,0.2532805567745009
fast_spectrum,120,53,5.455594781168514e-06,3.3546645196971783,0.011354106045354473,0.06874947377789306,5.455594781168514e-06,0.26743568131420414
fast_spectrum,120,54,0.01,0.011885263566899909,0.01419085193456715,0.017540358831349738,0.0003359818286283774,0.23846816449937336
fast_spectrum,120,55,1.2742749857031322e-06,7.410279851682071,0.02166021742085289,0.07094483801117416,0.01,0.26162125897827665
fast_spectrum,120,56,1.438449888287663e-07,25.50322715801472,0.07573385908420294,0.06962554748376694,3.359818286283781e-06,0.25550747206626906
fast_spectrum,120,57,1.8329807108324338e-07,22.397016666474745,0.1022565216436413,0.09991039424631985,1.8329807108324338e-05,0.25134554722907265
fast_spectrum,120,58,1.8329807108324338e-05,1.8529444477661867,0.016541511619684535,0.04429688571235731,0.00026366508987303556,0.22869528662758173
fast_spectrum,120,59,0.01,0.013248257227571532,0.01417378512914047,0.02936996606003287,4.281332398719387e-06,0.25878054380135435
fast_spectrum,120,60,0.01,0.01214374205405435,0.014171280683223264,0.029216532456185468,2.6366508987303555e-06,0.24319294589332438
fast_spectrum,120,61,2.976351441631313e-07,16.760129463124578,0.08950863825802413,-0.029926704709264604,1.43844988828766e-05,0.2237084613990764
fast_spectrum,120,62,0.01,0.013339916394804075,0.01425021410192251,-0.013740696301665016,0.01,0.2624959994930186
fast_spectrum,120,63,1.1288378916846883e-07,28.697189102398642,0.09290693676985051,0.05142703100521359,5.455594781168514e-06,0.2638073221835436
fast_spectrum,120,64,6.158482110660254e-07,11.065409101962127,0.03310195193496268,0.06982825306248908,0.01,0.23471080870883587
fast_spectrum,120,65,0.0006951927961775591,0.2018139551615539,0.013392854741107407,0.03035610349685122,5.455594781168514e-06,0.30300828887009246
fast_spectrum,120,66,4.832930238571752e-07,12.964597583684247,0.04273179070631805,0.05387594926398733,0.0005455594781168515,0.26473122479445577
fast_spectrum,120,67,2.3357214690901212e-07,19.53229174451308,0.03652557415656177,0.0791765547700854,3.359818286283781e-06,0.25480861925977655
fast_spectrum,120,68,1.8329807108324338e-07,21.889504145023334,0.09577487287188524,-0.018761240052061565,0.0006951927961775591,0.24302553038282904
fast_spectrum,120,69,2.976351441631313e-07,17.580825521478527,0.05970230629464601,0.03338200394778069,0.00016237767391887175,0.2421387659570421
fast_spectrum,120,70,0.0001,0.7405108222242829,0.015945769717296,-0.01594913406363638,0.01,0.24822178527767863
fast_spectrum,120,71,8.858667904100815e-08,32.07018006419686,0.21336611033001307,0.01473285530659189,0.01,0.2909061460699234
fast_spectrum,120,72,0.01,0.013176666563717845,0.014184434851865824,0.07603372546842282,3.359818286283781e-06,0.26023621986501316
fast_spectrum,120,73,3.792690190732246e-05,1.3282754533986303,0.021926894392714447,0.026965350500170533,0.0006951927961775591,0.28124074349765293
fast_spectrum,120,74,2.3357214690901212e-07,19.781165329176833,0.11119842184756346,0.016220298283754094,0.01,0.24915313410205925
fast_spectrum,120,75,4.281332398719387e-06,3.7976721925199897,0.01749962193895427,0.06370918237164984,2.976351441631313e-05,0.2492047279385506
fast_spectrum,120,76,0.01,0.012450431418629887,0.014184622483164988,0.0263360156162537,2.6366508987303555e-06,0.247344923946844
fast_spectrum,120,77,0.00042813323987193956,0.24901822245482197,0.013599821352310637,0.0258167493567365,0.0005455594781168515,0.24901822245482197
fast_spectrum,120,78,6.951927961775606e-06,2.983557987651695,0.04428234461414671,0.07779615038241028,0.0006951927961775591,0.2879353192214018
fast_spectrum,120,79,1.438449888287663e-07,25.464158228300256,0.1291417188725521,0.03754010248225672,0.01,0.2600240197351132
fast_spectrum,120,80,0.01,0.01515236630832583,0.014175905759837959,0.043122999810697185,2.3357214690901213e-05,0.28803487253738325
fast_spectrum,120,81,2.06913808111479e-06,5.54413881610508,0.02611803085352493,-0.006620664462422862,0.00042813323987193956,0.27004508789620285
fast_spectrum,120,82,0.01,0.012118345166601121,0.01418012378303235,0.048601233444806984,4.281332398719387e-06,0.2415668679360023
fast_spectrum,120,83,0.01,0.012476291865741158,0.014213183090807324,0.0035901161989777557,3.359818286283781e-06,0.24679082702034666
fast_spectrum,120,84,0.01,0.011406324509622777,0.014222595609122202,-0.00459588596068803,0.01,0.23351927808637826
fast_spectrum,120,85,0.01,0.013787409295776817,0.014222564948811911,-0.011544161640835568,5.455594781168514e-06,0.27033863017153476
fast_spectrum,120,86,2.3357214690901213e-05,1.7191395442063548,0.015674715991645938,0.019761211018196168,2.6366508987303555e-06,0.29591038608027387
fast_spectrum,120,87,0.0001274274985703132,0.6434233544922972,0.011635832569458548,0.06662970135708551,1.1288378916846883e-05,0.25814271932527555
fast_spectrum,120,88,0.00020691380811147902,0.39339999641615275,0.01578500449342135,-0.013423527211652176,0.01,0.21285790391880582
fast_spectrum,120,89,4.8329302385717524e-05,1.1517777647517364,0.010572841733897609,0.0611380665438755,2.3357214690901213e-05,0.2694374790422717
fast_spectrum,120,90,2.6366508987303555e-06,5.03060036995846,0.07471290224110305,0.045312977511409024,0.01,0.24288254794395236
fast_spectrum,120,91,0.01,0.014049066539055542,0.014220696016430612,-0.001801995040913565,0.01,0.2735511980222476
fast_spectrum,120,92,0.01,0.011707990039088005,0.014176465589533005,0.020582454730846283,0.00042813323987193956,0.23842036827833152
fast_spectrum,120,93,2.0691380811147902e-08,57.90950412518231,0.3738805312744957,0.025195342668192577,0.01,0.218369449539352
fast_spectrum,120,94,2.3357214690901212e-07,19.84521800959516,0.08571439431292882,0.0914914849450934,6.951927961775606e-06,0.3006484902013936
fast_spectrum,120,95,1e-06,8.617656164194104,0.01613327076208315,0.10573163356918393,5.455594781168514e-06,0.25161172155032263
fast_spectrum,120,96,0.01,0.011839598193420599,0.014176846743010452,0.07158362858793096,1.1288378916846883e-05,0.23965276579401548
fast_spectrum,120,97,0.0001,0.7242031619789382,0.018805696805318073,-0.02288866366867376,0.01,0.23289294077246214
fast_spectrum,120,98,6.158482110660254e-07,11.477410350117191,0.029915650511193936,0.07282568460796873,1.1288378916846883e-05,0.2916763764600673
fast_spectrum,120,99,1.6237767391887209e-06,6.3501673238565175,0.015673614562387916,0.09371308145268936,1.1288378916846883e-05,0.23473831882486984
fast_spectrum,120,100,3.792690190732246e-07,15.262753863700928,0.09397616070114578,0.08746358144662097,3.792690190732246e-05,0.2655950822972428
fast_spectrum,120,101,8.858667904100815e-08,32.26779114587884,0.14543611589467487,0.035053428064023166,4.281332398719387e-06,0.23994521091374277
fast_spectrum,120,102,8.858667904100815e-06,2.51671828248087,0.018621674621642548,-0.00011116037568055669,0.003792690190732238,0.2503735304088338
fast_spectrum,120,103,0.01,0.014014092821890034,0.014235627341172785,-0.006529911071458355,0.01,0.27337295062646927
fast_spectrum,120,104,2.3357214690901213e-05,1.7381212190791904,0.0191894982531573,-0.02091683872464177,0.01,0.323349246290786
fast_spectrum,120,105,0.01,0.012046412736187829,0.014206853644872397,0.07926791156103422,2.06913808111479e-06,0.24186075205410335
fast_spectrum,120,106,2.3357214690901212e-07,19.72424085616984,0.08275695372002878,0.057362305782543976,5.455594781168514e-06,0.23869371579262705
fast_spectrum,120,107,0.01,0.012672007134464383,0.01421474617445695,0.0018219159243909207,2.06913808111479e-06,0.2505820084892744
fast_spectrum,120,108,0.01,0.013507622269285154,0.01423384679949491,-0.04134883971980613,0.01,0.2645504575119622
fast_spectrum,120,109,0.01,0.01185450175685518,0.014196832794403091,0.009564614109673563,0.0011288378916846883,0.24070185940380623
fast_spectrum,120,110,1.2742749857031322e-06,7.307569558093387,0.061782394623650205,0.04769832649605122,0.01,0.23542137635313226
fast_spectrum,120,111,2.06913808111479e-06,5.654632373983531,0.025087687557729277,0.020200269860492753,0.01,0.2560138629655785
fast_spectrum,120,112,7.847599703514607e-07,9.848134968806107,0.05422340645523671,-0.012496304147361218,6.158482110660255e-05,0.21484878969181506
fast_spectrum,120,113,1e-06,8.426385175516284,0.005956513519694284,0.11002901246464093,3.359818286283781e-06,0.26188379183116206
fast_spectrum,120,114,6.951927961775606e-06,2.8528145669532443,0.012777011869258503,0.055738284769966825,1.6237767391887209e-06,0.24878291553278326
fast_spectrum,120,115,2.06913808111479e-06,5.6314503623844905,0.014475044070493714,0.07581606829391978,1.8329807108324338e-05,0.24969432960934243
fast_spectrum,120,116,0.01,0.01245304637924224,0.014207921831402959,0.02013044937831205,8.858667904100815e-06,0.24872121321788174
fast_spectrum,120,117,0.01,0.016801492097654434,0.014240533461022276,-0.034135653294790215,0.01,0.3136807314836302
fast_spectrum,120,118,0.0001,0.751483940332269,0.017516319246961398,0.026963193342773046,0.0006951927961775591,0.2532435054392333
fast_spectrum,120,119,0.01,0.011371606901144953,0.014187995142862175,0.05071424763808376,2.6366508987303555e-06,0.23032506346543868
fast_spectrum,120,120,2.06913808111479e-06,5.652210155396564,0.008599688713417097,0.1135873255977677,6.951927961775606e-06,0.2547378759386611
fast_spectrum,120,121,0.01,0.014355023284224125,0.014168362770653364,0.07147622569280898,1.43844988828766e-05,0.27561997579240877
fast_spectrum,120,122,1.2742749857031322e-06,7.426388351502591,0.043388053494343826,0.051315263751535466,0.01,0.23448789684155427
fast_spectrum,120,123,0.01,0.011913383095280339,0.01423042701971533,-0.016106795245550417,2.06913808111479e-06,0.23790951468606614
fast_spectrum,120,124,0.01,0.013610799768195188,0.014235343847046833,-0.016069179954912687,4.281332398719387e-06,0.26298238794116646
fast_spectrum,120,125,1.1288378916846883e-07,28.319468961220334,0.1067474757717819,0.03982518242892225,0.01,0.2763195897689564
fast_spectrum,120,126,0.0003359818286283774,0.30265309248390765,0.015975031545240714,-0.014874389273817124,0.01,0.24696124591729512
fast_spectrum,120,127,0.01,0.013592691118651995,0.014140035755721758,0.041007774076976915,8.858667904100815e-06,0.26580388265719074
fast_spectrum,120,128,0.01,0.012476126378537905,0.014165469812668086,0.025639023926445768,0.00026366508987303556,0.24793572653648377
fast_spectrum,120,129,0.01,0.013972326470277373,0.014205674101420152,0.016076293499199878,4.281332398719387e-06,0.27183438616574257
fast_spectrum,120,130,0.0001274274985703132,0.6665085936607733,0.01268440232017709,0.04018745329772121,1.43844988828766e-05,0.2630365180667036
fast_spectrum,120,131,1.438449888287663e-07,25.35089732905653,0.13711716527718565,0.026222581044647957,2.976351441631313e-05,0.2357183244580779
fast_spectrum,120,132,1.2742749857031322e-06,7.291745390756519,0.010186958750574515,0.08707223574756835,3.359818286283781e-06,0.2420947446118751
fast_spectrum,120,133,1.6237767391887209e-06,6.481388790498264,0.030804098481218567,0.022465069498008285,0.01,0.27323913317609505
fast_spectrum,120,134,3.792690190732246e-05,1.345799051457568,0.012225142564131208,0.044819349948576184,2.976351441631313e-05,0.30120063543829473
fast_spectrum,120,135,1.8329807108324338e-05,1.8462183265845504,0.02699597598312975,0.03785356722789062,0.0006951927961775591,0.2586317675410111
fast_spectrum,120,136,3.792690190732246e-07,15.310929052487541,0.0730300826232455,0.0650917763654195,0.0006951927961775591,0.2622659774847672
fast_spectrum,120,137,0.01,0.012281240642670341,0.014239015173227232,-0.04023996245871336,0.01,0.24593725981277925
fast_spectrum,120,138,2.06913808111479e-06,5.734060578271157,0.006545966469658104,0.09025311915365497,2.6366508987303555e-06,0.26122857079928197
fast_spectrum,120,139,1.8329807108324338e-05,1.9109850006225468,0.03398640455732482,-0.04303591646646159,0.01,0.28025682645180205
fast_spectrum,120,140,3.792690190732246e-07,15.054114108831843,0.022839309757184845,0.08604975164984414,3.359818286283781e-06,0.2639821564409151
fast_spectrum,120,141,0.01,0.011489162439443736,0.01419028118823662,0.01747471113506262,0.00042813323987193956,0.23137008910023577
fast_spectrum,120,142,1e-06,8.49947369886375,0.03505458557914021,0.0935055306037539,0.01,0.22507394809098796
fast_spectrum,120,143,1.1288378916846883e-05,2.364362243833108,0.007592052826654649,0.0878268564693607,1.8329807108324338e-05,0.2751580691357842
fast_spectrum,120,144,4.832930238571752e-07,12.759083908242799,0.0397087761339332,0.051004826850544624,0.0005455594781168515,0.24577865255522413
fast_spectrum,120,145,0.0001274274985703132,0.6128344903871282,0.012690841508810835,0.04185661124534932,3.792690190732246e-05,0.23932048158339192
fast_spectrum,120,146,4.8329302385717524e-05,1.1891415178167173,0.015208684472582945,0.020622213444007272,0.0003359818286283774,0.2783741352680422
fast_spectrum,120,147,0.01,0.010488624639332356,0.014208817342573177,0.02792268714769418,6.158482110660255e-05,0.2152806697494827
fast_spectrum,120,148,0.01,0.014550077028816645,0.0141905377943784,0.02347424677191409,3.359818286283781e-06,0.2783893961125068
fast_spectrum,120,149,3.3598182862837814e-08,50.25563804870517,0.20178664918217049,0.03485671349491289,4.281332398719387e-06,0.2975668666361132
fast_spectrum,120,150,1.1288378916846883e-07,28.47214636031634,0.09927515208321713,0.051455798082680276,5.455594781168514e-06,0.2224617152016791
fast_spectrum,120,151,2.3357214690901212e-07,19.475737059641887,0.1152777282425217,0.047564534755150316,0.0003359818286283774,0.2512444241699868
fast_spectrum,120,152,2.3357214690901213e-05,1.7491642680218964,0.008885030977308084,0.07409002615629959,4.281332398719387e-06,0.2979733890062858
fast_spectrum,120,153,0.01,0.014144889513339916,0.01419332038070864,0.04780887750780276,1.1288378916846883e-05,0.2745176043107192
fast_spectrum,120,154,6.158482110660255e-05,0.96606268527213,0.01626634491953305,0.012111179176664605,2.6366508987303555e-06,0.2304406166120042
fast_spectrum,120,155,0.01,0.014555467291336329,0.014136364526174616,0.03695081794703064,3.792690190732246e-05,0.2820288046457377
fast_spectrum,120,156,6.158482110660254e-07,11.413603936813638,0.043292459786786974,0.06524307251247785,0.0005455594781168515,0.2622913593182446
fast_spectrum,120,157,1e-06,8.580331731422442,0.034311525457787484,0.09175326467507583,4.8329302385717524e-05,0.2714316710292603
fast_spectrum,120,158,0.01,0.013176234758736645,0.014204844556850116,0.03727764233290026,2.6366508987303555e-06,0.2587497239758204
fast_spectrum,120,159,2.6366508987303555e-06,4.784674486140076,0.005350651087040581,0.10144293102863897,2.6366508987303555e-06,0.2513607279381698
fast_spectrum,120,160,8.858667904100815e-06,2.6024626019946018,0.017793282786157993,0.051369793809601806,4.8329302385717524e-05,0.2605717858085283
fast_spectrum,120,161,5.455594781168514e-06,3.326246946669268,0.0372617008438858,0.01976619955282983,0.0006951927961775591,0.2475564454641383
fast_spectrum,120,162,2.06913808111479e-06,5.602424498867579,0.008016218295243127,0.11086333934955737,5.455594781168514e-06,0.23102215247208746
fast_spectrum,120,163,0.0001274274985703132,0.5642751411338824,0.01616839496181699,0.020495652498023785,0.0006951927961775591,0.2147068321553926
fast_spectrum,120,164,2.3357214690901213e-05,1.6013516093992997,0.011077359501076134,0.06707910327780853,3.792690190732246e-05,0.234541059556307
fast_spectrum,120,165,4.281332398719387e-06,3.8449022854935193,0.013839199829135396,0.07222097491537469,1.43844988828766e-05,0.23215819397109594
fast_spectrum,120,166,2.3357214690901213e-05,1.6345637617338646,0.01836337037386171,0.042511478705052425,0.00042813323987193956,0.2724991852357833
fast_spectrum,120,167,0.01,0.013823497255190966,0.014213177338952443,0.006068395239344711,0.0006951927961775591,0.2700224373805145
fast_spectrum,120,168,1.6237767391887209e-06,6.35127911010966,0.03137006387932395,0.06465530843844548,0.0005455594781168515,0.253611015802439
fast_spectrum,120,169,1.43844988828766e-05,2.0908909847073565,0.03343252006358011,0.0039344274625196934,0.0008858667904100832,0.2672715133847981
fast_spectrum,120,170,5.455594781168514e-06,3.4433839461552433,0.02070909035343438,0.035882376602218255,0.01,0.26012049223674505
fast_spectrum,120,171,4.8329302385717524e-05,1.150215644762843,0.014875828803297297,0.03389391902420834,0.00026366508987303556,0.25037376559997
fast_spectrum,120,172,0.01,0.01525598744929468,0.014219774068722879,-0.026023734010205104,3.359818286283781e-06,0.29133097038386824
fast_spectrum,120,173,0.01,0.012452907904549745,0.014196936042889519,0.010406536422391543,0.0011288378916846883,0.24912105723609185
fast_spectrum,120,174,0.01,0.014113761181867503,0.014193448466442105,0.01405385572030772,0.0005455594781168515,0.2748886337008415
fast_spectrum,120,175,3.792690190732246e-07,14.706673095696882,0.0963711651767607,0.08108897473606977,0.00042813323987193956,0.24079702064315306
fast_spectrum,120,176,0.01,0.011493167824350389,0.014219149130887399,-0.008508602734690451,2.6366508987303555e-06,0.23105552921177355
fast_spectrum,120,177,1e-06,8.432990235657957,0.0580855272659917,0.11085905868967379,6.158482110660255e-05,0.26132995038009543
fast_spectrum,120,178,1.43844988828766e-05,2.142108093514527,0.009180822041891301,0.07907966634794941,4.281332398719387e-06,0.26953487506683016
fast_spectrum,120,179,0.01,0.014062229370186141,0.014184759948266623,0.050406255454529904,4.281332398719387e-06,0.27149808550335996
fast_spectrum,120,180,0.01,0.012222078031986296,0.014192122440587096,0.09196480922864185,4.281332398719387e-06,0.24642868755145347
fast_spectrum,120,181,2.6366508987303555e-06,4.900013546913482,0.030808890438686953,0.08203438428643267,0.0006951927961775591,0.27111457489541735
fast_spectrum,120,182,0.0001,0.715208309846056,0.015178357197615178,0.023731380096204496,0.00042813323987193956,0.2421325428429582
fast_spectrum,120,183,4.8329302385717524e-05,1.0967099982928363,0.024215863072090116,0.029070402016290468,0.0006951927961775591,0.23704017901488242
fast_spectrum,120,184,2.976351441631313e-05,1.4984405544865536,0.0190798416864415,0.019834274517626246,0.01,0.27403604224139544
fast_spectrum,120,185,0.01,0.014168569147074615,0.014165724715650807,0.027988667715513352,5.455594781168514e-06,0.2747163028919131
fast_spectrum,120,186,3.359818286283781e-06,4.276379164378992,0.009229483917643777,0.09832428298745031,1.43844988828766e-05,0.24134777194496684
fast_spectrum,120,187,1e-06,8.7536289525004,0.015448268730736014,0.09655932080782605,6.951927961775606e-06,0.2892268708509295
fast_spectrum,120,188,1e-06,8.684319691812334,0.09694734143015826,0.009528020805210658,0.01,0.28256304077430056
fast_spectrum,120,189,1.6237767391887209e-06,6.163909363668845,0.037657830898166766,0.09526637179830384,0.00042813323987193956,0.24692081157891832
fast_spectrum,120,190,0.01,0.012251101569557004,0.014156408627687966,0.05703589084732514,2.3357214690901213e-05,0.24577033298564538
fast_spectrum,120,191,0.0003359818286283774,0.31343789689495666,0.015812563841026694,-0.027954943247285622,0.01,0.2566417597536867
fast_spectrum,120,192,4.281332398719387e-06,3.8428587528521536,0.011689116902728225,0.05381402546466802,2.6366508987303555e-06,0.25029333502309037
fast_spectrum,120,193,1.2742749857031322e-06,7.2635566948012045,0.041726274689027454,0.06729332492040406,0.0005455594781168515,0.21822699037491616
fast_spectrum,120,194,0.01,0.013583488311262784,0.014213828428771835,0.003667165699804357,1.8329807108324338e-05,0.2656293505065004
fast_spectrum,120,195,0.01,0.015042571193866053,0.014118816093597997,0.03047737805995535,0.0003359818286283774,0.29029305993762805
fast_spectrum,120,196,6.951927961775605e-08,35.90749921369105,0.21971719419840285,0.04628134719495939,0.00143844988828766,0.24271185234451187
fast_spectrum,120,197,1.43844988828766e-05,2.1392086535981107,0.007241943728088618,0.08666354762071746,4.281332398719387e-06,0.26737675331043476
fast_spectrum,120,198,4.281332398719387e-06,3.791441930617186,0.007423921143706269,0.08368722010143473,2.6366508987303555e-06,0.27732628094644934
fast_spectrum,120,199,1.2742749857031322e-06,7.501457733919573,0.03569845873566324,-0.028612736736593123,0.00026366508987303556,0.2575218199445066
fast_spectrum,180,0,0.01,0.013059474478967902,0.01414807848387889,0.038956892847220696,4.281332398719387e-06,0.38073991158912324
fast_spectrum,180,1,7.847599703514607e-07,10.051229681715094,0.010494086188894136,0.10301588092068004,3.359818286283781e-06,0.3471982272131716
fast_spectrum,180,2,6.951927961775606e-06,3.0401762039745246,0.022202702570290667,-0.055009518209285624,0.01,0.38602491967820063
fast_spectrum,180,3,4.8329302385717524e-05,1.1034648302160979,0.013756710761244295,0.02709767207870766,5.455594781168514e-06,0.37061093783890586
fast_spectrum,180,4,4.832930238571752e-07,13.38876674618205,0.03230794231227385,0.08079624220835072,4.281332398719387e-06,0.33767548381678947
fast_spectrum,180,5,1.1288378916846883e-07,30.3776916600804,0.09538775186812676,0.036303509679826415,0.0003359818286283774,0.37411101946558944
fast_spectrum,180,6,0.01,0.011916232719566546,0.01417182243762416,0.04355631964443165,5.455594781168514e-06,0.35663468594022407
fast_spectrum,180,7,2.3357214690901212e-07,20.525687049123547,0.031839158265718925,0.0917340200145186,3.359818286283781e-06,0.3836374586350419
fast_spectrum,180,8,6.158482110660254e-07,11.664570867426713,0.025550162113453734,0.0770809014455986,0.00042813323987193956,0.3810187227502067
fast_spectrum,180,9,0.01,0.010873310621697187,0.014191325844919112,0.05283209864661009,2.976351441631313e-05,0.3353770016389644
fast_spectrum,180,10,0.01,0.012561785775018246,0.014178278518706455,0.05291987210161062,1.8329807108324338e-05,0.37826922887979975
fast_spectrum,180,11,1.1288378916846883e-05,2.37132210397425,0.017758920052861615,0.03530552910609212,0.01,0.39672022081181885
fast_spectrum,180,12,0.0001,0.7274078932494016,0.013765022589358522,0.021832393060177004,3.792690190732246e-05,0.3663479936129133
fast_spectrum,180,13,4.281332398719387e-06,3.709147279931548,0.02271948861645967,0.039917395464655024,0.0005455594781168515,0.3614165498249414
fast_spectrum,180,14,1.1288378916846883e-07,30.15371884135404,0.1039711709993063,0.04517788114154759,0.0003359818286283774,0.3963797100176877
fast_spectrum,180,15,0.01,0.01307965314810308,0.01417460359555367,0.016884467672311842,0.0006951927961775591,0.38153627790086225
fast_spectrum,180,16,7.847599703514606e-05,0.871374287241944,0.013096587097679913,0.034762613810984555,8.858667904100815e-06,0.38180936106108054
fast_spectrum,180,17,3.792690190732246e-07,15.483398028542448,0.03687963573913988,0.035109702321572456,8.858667904100815e-06,0.3669843299760173
fast_spectrum,180,18,1.8329807108324338e-07,23.36778284673472,0.06933476226291391,0.04592692643824347,3.359818286283781e-06,0.3582717440268518
fast_spectrum,180,19,0.01,0.013183102422088255,0.014188761010289874,0.013680674476965611,0.0006951927961775591,0.38435388716643726
fast_spectrum,180,20,4.281332398719387e-06,3.752839541317858,0.027690283928674786,0.06628740233756711,4.8329302385717524e-05,0.347282105444109
fast_spectrum,180,21,0.01,0.011560592548437266,0.014239686042267996,-0.020571009594063144,0.01,0.3467990692401664
fast_spectrum,180,22,0.01,0.011579657483771006,0.014201615833202452,0.053650426144753745,2.06913808111479e-06,0.35406399019416973
fast_spectrum,180,23,0.01,0.013367466842827993,0.014187072012990298,0.06422122952834541,2.6366508987303555e-06,0.39219771905742723
fast_spectrum,180,24,0.01,0.011540004336899836,0.014173723641733638,0.03806258716013418,3.359818286283781e-06,0.3462409752901487
fast_spectrum,180,25,0.01,0.011959923351271832,0.014195781258156237,0.01582799640362594,2.3357214690901213e-05,0.35532254814744424
fast_spectrum,180,26,2.976351441631313e-05,1.4633084622673111,0.012863121404883437,0.04577891647199402,3.359818286283781e-06,0.35662799255722816
fast_spectrum,180,27,2.976351441631313e-07,17.804673391172553,0.021606108302216764,0.08692076162185745,8.858667904100815e-06,0.35043537691200527
fast_spectrum,180,28,6.158482110660255e-05,0.9804300755332973,0.021776221445397148,0.0041229919242222355,0.01,0.3650273236706544
fast_spectrum,180,29,1e-06,8.654382010814917,0.009822333269490668,0.09768079923726217,3.359818286283781e-06,0.3835531763819959
fast_spectrum,180,30,3.792690190732246e-07,15.44445626786618,0.02666785809288652,0.09341837108933282,4.281332398719387e-06,0.40713888591376646
fast_spectrum,180,31,0.00020691380811147902,0.4904773883324596,0.013037679973009753,0.035204399132988104,5.455594781168514e-06,0.4089328508853099
fast_spectrum,180,32,0.01,0.013443248965187159,0.014222501728664794,-0.013538257607083345,3.359818286283781e-06,0.3917008224702534
fast_spectrum,180,33,0.01,0.013100402615589844,0.014165999539720642,0.042537482607342275,3.359818286283781e-06,0.38603864426522244
fast_spectrum,180,34,2.3357214690901212e-07,20.504516515498935,0.038012149961873964,0.06476508425742787,3.359818286283781e-06,0.392740750084939
fast_spectrum,180,35,2.3357214690901212e-07,20.439417844688787,0.05752957687229565,0.0055739389781934105,0.01,0.3694006196588083
fast_spectrum,180,36,7.847599703514607e-07,9.86452699008757,0.018317279782559703,0.09545268405452961,4.281332398719387e-06,0.3873919304902937
fast_spectrum,180,37,7.847599703514606e-05,0.9078970991562214,0.02007144740275346,0.020789092400081984,0.0008858667904100832,0.39584070931638193
fast_spectrum,180,38,0.01,0.012649932334285359,0.014193302715468148,0.028911243618110257,2.06913808111479e-06,0.3743493034656572
fast_spectrum,180,39,1.1288378916846883e-07,30.70039203195236,0.06509859729679257,0.027040392413791862,2.06913808111479e-06,0.38516682958340354
fast_spectrum,180,40,1.438449888287663e-07,26.36078549439107,0.08543017028088817,0.04231139797516901,5.455594781168514e-06,0.3415433163935043
fast_spectrum,180,41,0.01,0.013417039613348327,0.014158225394936275,0.03303941916338467,2.06913808111479e-06,0.38808703498250585
fast_spectrum,180,42,2.06913808111479e-06,5.591143169863016,0.040056971569474964,0.07472246273883915,0.0006951927961775591,0.3669307677571143
fast_spectrum,180,43,0.01,0.013294249762995723,0.014178835085745023,0.05875691384384452,2.976351441631313e-05,0.3865745498864271
fast_spectrum,180,44,0.0001274274985703132,0.6011524734246576,0.015990346650216924,0.016930022481439187,0.0006951927961775591,0.3517447396278422
fast_spectrum,180,45,0.00016237767391887175,0.5182943463838433,0.017447200294040677,-0.017654903609913994,0.01,0.357445477119404
fast_spectrum,180,46,0.01,0.011800793285706443,0.014224841562706203,-0.007401340921823271,1.2742749857031322e-06,0.35435897579423553
fast_spectrum,180,47,0.01,0.010613772864503029,0.014191641606598027,0.059281969758064594,2.06913808111479e-06,0.33275767328085243
fast_spectrum,180,48,0.01,0.013030051965010149,0.014153213975835466,0.028683664285996478,2.6366508987303555e-06,0.37940037388436987
fast_spectrum,180,49,6.158482110660254e-07,11.582043246017392,0.015220645882965345,0.07926956377397741,2.6366508987303555e-06,0.3619857987636626
fast_spectrum,180,50,0.01,0.012552126765232222,0.014223547292991467,-0.007555329446588777,3.359818286283781e-06,0.3692766621151765
fast_spectrum,180,51,1.6237767391887209e-06,6.579302748496832,0.005025235897304414,0.10250725050716618,3.359818286283781e-06,0.3718738116373296
fast_spectrum,180,52,3.359818286283781e-06,4.302222835444596,0.011220283037496004,0.05528521566004196,2.06913808111479e-06,0.3820264018619208
fast_spectrum,180,53,3.792690190732246e-07,15.512808202215552,0.06293062637499713,0.06851246646071063,0.01,0.37768920687527097
fast_spectrum,180,54,0.01,0.015268592202706668,0.014222475789906541,-0.01801014101751826,0.01,0.42223699216019045
fast_spectrum,180,55,0.01,0.013635296042225615,0.014210416202998677,0.00827648161730494,2.6366508987303555e-06,0.39631552902896056
fast_spectrum,180,56,1.2742749857031322e-06,7.615407872344601,0.013972682332085928,0.10156768601791878,4.281332398719387e-06,0.3709794994245047
fast_spectrum,180,57,2.6366508987303555e-06,4.977875247117049,0.014201220247983648,0.11188516377201674,1.43844988828766e-05,0.3962618437654122
fast_spectrum,180,58,2.06913808111479e-06,5.679065962341003,0.030185480205275006,0.036416101032269325,0.0005455594781168515,0.3538925290349842
fast_spectrum,180,59,3.359818286283781e-06,4.363069567813485,0.009126355541702269,0.082388194806309,3.359818286283781e-06,0.3825445202105953
fast_spectrum,180,60,0.01,0.012400001878581498,0.014203766996725209,0.014711706630836522,4.281332398719387e-06,0.369874733982104
fast_spectrum,180,61,8.858667904100815e-06,2.595837758278023,0.009695499984875178,0.06819970722762225,6.951927961775606e-06,0.35979382137117927
fast_spectrum,180,62,8.858667904100815e-08,34.35268616962777,0.11226300503930542,0.06311639996862085,3.359818286283781e-06,0.38430297406810343
fast_spectrum,180,63,3.792690190732246e-05,1.308992203539517,0.01015756400426926,0.06414501477565648,6.951927961775606e-06,0.3916130790117476
fast_spectrum,180,64,3.359818286283781e-06,4.285162474758429,0.010572572937964098,0.08006910844012627,3.359818286283781e-06,0.36784997041040846
fast_spectrum,180,65,2.3357214690901212e-07,20.958237886993004,0.07246285548596587,0.08437655078930568,0.0006951927961775591,0.43403364879475187
fast_spectrum,180,66,6.158482110660255e-05,1.0003160735067074,0.020046177252961872,0.022039304014064696,0.0006951927961775591,0.37227211725903864
fast_spectrum,180,67,0.01,0.012592794886294804,0.014222239197817954,-0.005218446701690143,2.06913808111479e-06,0.3724732146072826
fast_spectrum,180,68,2.976351441631313e-05,1.4221975999305227,0.021140567836921198,0.001971291543916748,0.0006951927961775591,0.36097595765751656
fast_spectrum,180,69,1.8329807108324338e-07,23.772479215919173,0.07088683278170804,0.0385600869506431,0.00042813323987193956,0.3593462723800231
fast_spectrum,180,70,0.00026366508987303556,0.35306093808569394,0.014911142809894029,-0.01457407632172187,0.01,0.35306093808569394
fast_spectrum,180,71,0.01,0.015016175258282515,0.01427031057113437,-0.021571790036900997,0.01,0.41454331638475644
fast_spectrum,180,72,1e-06,8.665433111246402,0.013508927122471759,0.11359106040275171,5.455594781168514e-06,0.40358123289167047
fast_spectrum,180,73,0.01,0.01364633281818194,0.01414979294297436,0.023656226121353395,0.00042813323987193956,0.3950906553746514
fast_spectrum,180,74,5.455594781168514e-06,3.390587820705191,0.030440070762284277,0.030741808697874094,0.01,0.3754811266960827
fast_spectrum,180,75,1.438449888287663e-07,26.774321569886062,0.07370813087716677,0.01610640462612242,2.3357214690901213e-05,0.3559724090005738
fast_spectrum,180,76,2.3357214690901212e-07,20.06822394343165,0.022356505084450307,0.08044848344970856,1.6237767391887209e-06,0.35886952988587795
fast_spectrum,180,77,2.3357214690901213e-05,1.6645384861552581,0.026464587894767133,0.031226712341929717,0.0006951927961775591,0.3730041995418998
fast_spectrum,180,78,0.01,0.013558614586384646,0.014093697292992147,0.03325764102227291,0.00042813323987193956,0.39577098446531955
fast_spectrum,180,79,3.792690190732246e-07,15.447895918988156,0.05751886922321314,0.047124351462190385,0.01,0.4035055979550002
fast_spectrum,180,80,4.281332398719387e-06,3.831737747809081,0.016514690709087176,0.043074192682768776,2.976351441631313e-05,0.39797412794303755
fast_spectrum,180,81,6.158482110660255e-05,1.0099789107768815,0.01663096530147601,0.014854030203594798,0.0005455594781168515,0.39541253195867665
fast_spectrum,180,82,1e-06,8.720846019834832,0.007728995812264938,0.09920631058757699,2.6366508987303555e-06,0.3758506595693484
fast_spectrum,180,83,1.1288378916846883e-05,2.3305163623048397,0.009787807235176693,0.0673146095495798,2.6366508987303555e-06,0.38071069283939846
fast_spectrum,180,84,6.158482110660254e-07,11.805246082083558,0.0743055106630699,-0.07802798276981199,0.0018329807108324375,0.37887782946084964
fast_spectrum,180,85,6.951927961775605e-08,39.09091081777275,0.10592602248161698,0.034758724373124966,2.06913808111479e-06,0.36339118830164585
fast_spectrum,180,86,1.438449888287663e-07,26.824434189629695,0.07868017436565733,0.06334059712323965,3.359818286283781e-06,0.4126964403773558
fast_spectrum,180,87,2.6366508987303555e-06,4.87148076969247,0.011956524398831991,0.09301509515394779,1.1288378916846883e-05,0.3638785199109179
fast_spectrum,180,88,3.792690190732246e-07,15.184988303438669,0.026752514986920994,0.06123578817612229,2.6366508987303555e-06,0.3371173970275735
fast_spectrum,180,89,0.01,0.01330410641343234,0.014197018993801436,0.03257593749937097,1.1288378916846883e-05,0.3853644831823216
fast_spectrum,180,90,4.832930238571752e-07,13.537208598108137,0.05017805506632267,0.08165896905694225,0.01,0.3677853116054761
fast_spectrum,180,91,2.976351441631313e-07,17.797831049801886,0.04858344437465023,0.038069316975718005,0.01,0.39015317211591405
fast_spectrum,180,92,3.3598182862837814e-08,53.90596270552377,0.21288734356346817,0.003050239480660211,0.00042813323987193956,0.38812503520767994
fast_spectrum,180,93,0.01,0.0106524743845049,0.014226233752649975,-0.01640964661738344,4.281332398719387e-06,0.33108907733653603
fast_spectrum,180,94,2.06913808111479e-06,5.765770553792445,0.016541167242970056,0.09154412454404044,0.00020691380811147902,0.4054050159049236
fast_spectrum,180,95,0.01,0.012210521453986121,0.014177695943019875,0.06614537816872315,3.359818286283781e-06,0.3667180136251776
fast_spectrum,180,96,0.01,0.011607464038658498,0.01418776316229775,0.036712729875996906,2.06913808111479e-06,0.3532158496955919
fast_spectrum,180,97,0.01,0.012723929709410605,0.014216954170591878,-0.002646947463562581,2.6366508987303555e-06,0.37764228623686213
fast_spectrum,180,98,0.01,0.015285356473712685,0.014223622793542612,-0.010738598189312797,4.281332398719387e-06,0.42509417481157374
fast_spectrum,180,99,2.6366508987303555e-06,4.893005880514381,0.028467048500480763,0.09170949931432568,7.847599703514606e-05,0.3688079878588769
fast_spectrum,180,100,6.158482110660255e-05,1.0138109873948995,0.021033993109369487,0.009761822938317,0.01,0.3891484972960171
fast_spectrum,180,101,0.01,0.011237895884429812,0.014189793501045656,0.09489575917509101,3.359818286283781e-06,0.34734794791167517
fast_spectrum,180,102,2.976351441631313e-07,17.67275819348201,0.03020524197407659,0.07287114803806671,3.359818286283781e-06,0.3647712905116216
fast_spectrum,180,103,0.00020691380811147902,0.4541509575669005,0.018318352004077054,-0.014193467837071325,0.01,0.37650181828262486
fast_spectrum,180,104,0.002976351441631313,0.05124143082733268,0.014304439542262237,-0.019763548439130897,0.01,0.4330672102011338
fast_spectrum,180,105,0.01,0.012071007266858402,0.014220638274661912,-0.006185036040160648,1.2742749857031322e-06,0.36282749338328196
fast_spectrum,180,106,6.951927961775605e-08,38.70586813948417,0.17070954318044884,0.04889315280293339,4.281332398719387e-06,0.3652346777082401
fast_spectrum,180,107,6.951927961775606e-06,2.918957017424713,0.01075430120998877,0.05897756595728477,2.6366508987303555e-06,0.3873341393739698
fast_spectrum,180,108,4.832930238571752e-07,13.423720977051815,0.021392315740663248,0.08807419434109776,3.359818286283781e-06,0.3881140088132027
fast_spectrum,180,109,4.832930238571752e-07,13.570147950741987,0.03398269322115999,0.051901809584026376,0.00026366508987303556,0.35574693480173813
fast_spectrum,180,110,5.455594781168514e-06,3.293432922186948,0.017608257105147462,0.07094417063498552,3.792690190732246e-05,0.335125465198567
fast_spectrum,180,111,5.4555947811685146e-08,43.50673469711676,0.1152496078670342,0.030839498393291708,2.6366508987303555e-06,0.3803570068369696
fast_spectrum,180,112,0.01,0.012313073214224698,0.014192079451586737,0.05209406557643864,1.8329807108324338e-05,0.3655805015040562
fast_spectrum,180,113,0.01,0.012240338211631278,0.014185726276524147,0.029802884978392008,2.6366508987303555e-06,0.36472318095312267
fast_spectrum,180,114,0.01,0.012582582163117367,0.014219558134954013,-0.002816615776203564,2.06913808111479e-06,0.3731046870899779
fast_spectrum,180,115,4.8329302385717524e-05,1.1342703847753814,0.010763138654370619,0.06160366353064276,4.281332398719387e-06,0.3690156416789581
fast_spectrum,180,116,1.43844988828766e-05,2.131764033071234,0.008536195854960571,0.08314834338505929,4.281332398719387e-06,0.38398466329296427
fast_spectrum,180,117,1.1288378916846883e-07,30.516267692003023,0.08646729321975677,-0.0012501708069119913,0.01,0.43892443313108664
fast_spectrum,180,118,2.06913808111479e-06,5.761911025123542,0.044495741832453195,0.043410821365244164,0.0008858667904100832,0.35430432100415
fast_spectrum,180,119,8.858667904100815e-08,34.223436987386535,0.11828703230041437,0.05386714306450075,3.359818286283781e-06,0.3631271286118554
fast_spectrum,180,120,5.455594781168514e-06,3.4051945052660297,0.0014724796543215124,0.11395815349274342,4.281332398719387e-06,0.3855969332837543
fast_spectrum,180,121,7.847599703514606e-05,0.8575691577378015,0.010888317111007684,0.0788261630398629,4.281332398719387e-06,0.37564238252329574
fast_spectrum,180,122,0.01,0.011572345972434638,0.014243646496438611,-0.017195992280852498,0.01,0.351781305170906
fast_spectrum,180,123,4.832930238571752e-07,13.07937378995182,0.012861165546942055,0.07761094439822501,2.06913808111479e-06,0.3577552246553551
fast_spectrum,180,124,3.359818286283781e-06,4.288403918400521,0.009851233012404315,0.06696447387780395,4.281332398719387e-06,0.3763239462596409
fast_spectrum,180,125,2.3357214690901212e-07,20.271317627748985,0.054245168405768096,0.03623947623009772,0.01,0.3866309233509092
fast_spectrum,180,126,0.01,0.012878546403997333,0.014206080732027115,0.02198695717849333,4.281332398719387e-06,0.3787266590088515
fast_spectrum,180,127,1.8329807108324338e-07,23.67735550911323,0.09138332360058699,0.07981367126145408,0.00026366508987303556,0.4042225670025045
fast_spectrum,180,128,0.01,0.012146877939377618,0.014193625622847317,0.06614650600241793,2.6366508987303555e-06,0.36278778581289783
fast_spectrum,180,129,1.2742749857031322e-06,7.446152545952815,0.007992636950109877,0.09895165306623266,3.359818286283781e-06,0.38661347123189693
fast_spectrum,180,130,0.01,0.01394428541931339,0.014205424729685001,0.02830663459454522,3.359818286283781e-06,0.4049885869292299
fast_spectrum,180,131,0.01,0.01200189481674576,0.014173592767458332,0.03903320593361231,2.3357214690901213e-05,0.35897171109094894
fast_spectrum,180,132,1.438449888287663e-07,26.62758989464362,0.06657668773101832,0.07960356648673363,2.3357214690901213e-05,0.36527991013387245
fast_spectrum,180,133,1.8329807108324338e-07,23.41434470840097,0.07721736019417125,0.03523990104038442,0.01,0.38971268734298964
fast_spectrum,180,134,0.01,0.013943469006216572,0.014190052263391983,0.06417407816064985,1.43844988828766e-05,0.3981393337159529
fast_spectrum,180,135,0.0001274274985703132,0.6376946081503234,0.01548889996951952,0.020674386657828864,0.0005455594781168515,0.37576476147103366
fast_spectrum,180,136,0.0001,0.7706668474329813,0.015693245834109693,0.013238297395557453,0.0006951927961775591,0.39520527492409796
fast_spectrum,180,137,6.158482110660255e-05,1.022409704849375,0.01933791460499945,-0.030525027694404447,0.01,0.3889126111085676
fast_spectrum,180,138,1.438449888287663e-07,27.23215890520467,0.06027229497083764,0.0657239115207295,1.8329807108324338e-05,0.39420268357213784
fast_spectrum,180,139,0.00042813323987193956,0.28789942576580696,0.01554806636224515,-0.023651813762143224,0.01,0.42156765369114885
fast_spectrum,180,140,5.4555947811685146e-08,43.60656838227044,0.12437155936095112,0.0496548456516543,2.6366508987303555e-06,0.40916392353386194
fast_spectrum,180,141,3.359818286283781e-06,4.341323269242463,0.042242630703124284,0.006978138114874255,0.0008858667904100832,0.36473083609029366
fast_spectrum,180,142,2.6366508987303555e-06,4.926395901661212,0.01161531603858923,0.09275617857638799,5.455594781168514e-06,0.35009898397782013
fast_spectrum,180,143,0.0011288378916846883,0.11264618372876982,0.013801978903500434,0.0469329845954162,2.06913808111479e-06,0.39326789409902146
fast_spectrum,180,144,4.281332398719387e-06,3.749941513196723,0.027801889473711983,0.03936110589621933,0.0006951927961775591,0.38263648128299177
fast_spectrum,180,145,0.01,0.012377235432973987,0.014196908730681579,0.03581779821936403,5.455594781168514e-06,0.3653154414042922
fast_spectrum,180,146,4.832930238571752e-07,13.535250674769568,0.017331206287187984,0.08259939273803679,2.6366508987303555e-06,0.39735059997609434
fast_spectrum,180,147,0.01,0.010415728295727695,0.014191691441837517,0.02503685296436953,5.455594781168514e-06,0.3239743568815815
fast_spectrum,180,148,1.8329807108324338e-07,23.65681621276032,0.057253152602835033,0.06516049784394451,3.359818286283781e-06,0.41510780344502207
fast_spectrum,180,149,3.792690190732246e-05,1.3345891831941237,0.010596041769750375,0.06094196384444813,1.43844988828766e-05,0.40301797362050507
fast_spectrum,180,150,0.01,0.014512563831492034,0.014190018156413853,0.042878934898746134,4.281332398719387e-06,0.4082009179110886
fast_spectrum,180,151,6.158482110660254e-07,11.493250528420432,0.07313615392327977,0.05285357892642633,6.158482110660255e-05,0.3680314269795609
fast_spectrum,180,152,2.6366508987303555e-06,5.081748447425467,0.0011591287321638388,0.11510752630383203,3.359818286283781e-06,0.4369842415794163
fast_spectrum,180,153,3.359818286283781e-06,4.361112086500346,0.009488252219998494,0.07853083876160356,4.281332398719387e-06,0.40244018407266247
fast_spectrum,180,154,0.01,0.012007376134926051,0.014222051585843554,-0.0039468853654203535,2.6366508987303555e-06,0.36227924476145446
fast_spectrum,180,155,0.01,0.01493838251584812,0.014162285664335528,0.03035882734228862,2.06913808111479e-06,0.4171257609103633
fast_spectrum,180,156,0.01,0.013725055265360228,0.014182532718053809,0.027591281743959396,5.455594781168514e-06,0.3971539066878609
fast_spectrum,180,157,2.6366508987303555e-06,4.983597355792629,0.043273886547121165,0.07054352916167417,6.158482110660255e-05,0.4123454121891399
fast_spectrum,180,158,2.3357214690901212e-07,20.219301319548297,0.04631611774181632,0.0313849347043139,3.359818286283781e-06,0.3904463062434699
fast_spectrum,180,159,1.8329807108324338e-05,1.822611107439327,0.007142228064489942,0.08651724904476159,3.359818286283781e-06,0.3637874812165824
fast_spectrum,180,160,0.01,0.01309638725246957,0.014206854895983723,0.015518078850260924,2.976351441631313e-05,0.3820552404407991
fast_spectrum,180,161,0.01,0.012726681193736284,0.014173387652984593,0.024615236764043064,0.00020691380811147902,0.3750664969682275
fast_spectrum,180,162,0.01,0.011830441804558266,0.014168202933121266,0.06113370868621728,4.281332398719387e-06,0.3618458927907157
fast_spectrum,180,163,0.01,0.010925441843376928,0.01418435355987413,0.01845534906586873,0.00042813323987193956,0.33372908632914255
fast_spectrum,180,164,8.858667904100815e-06,2.589968423282567,0.011211185065569396,0.08152351258350501,2.3357214690901213e-05,0.35294380965218486
fast_spectrum,180,165,2.6366508987303555e-06,4.993778283172786,0.020392470413064023,0.053841776234523665,0.01,0.35883977736952877
fast_spectrum,180,166,8.858667904100815e-08,34.46639029015776,0.09616605006595225,0.03452044999715968,0.0005455594781168515,0.3971201142016699
fast_spectrum,180,167,0.01,0.013815574408488877,0.014202487678291242,0.04870353562867491,2.06913808111479e-06,0.395728699619969
fast_spectrum,180,168,3.792690190732246e-07,15.48923675305091,0.025832368775020376,0.0823018328750317,3.359818286283781e-06,0.36279983684146655
fast_spectrum,180,169,0.01,0.013166528292329737,0.014173139458728445,0.020820054279882143,0.00042813323987193956,0.3841777786283606
fast_spectrum,180,170,0.01,0.013593449029193412,0.014170689668135172,0.04585764997220222,3.792690190732246e-05,0.3962689242898192
fast_spectrum,180,171,0.01,0.012419465614688915,0.0141789722350818,0.034040172374926146,2.06913808111479e-06,0.37311188702126274
fast_spectrum,180,172,0.01,0.015048439106021997,0.014232022766037744,-0.029505285028078736,0.01,0.42181874960045884
fast_spectrum,180,173,1.8329807108324338e-05,1.8804858791255432,0.025093995012650305,0.018290278203571576,0.0006951927961775591,0.38705969259960493
fast_spectrum,180,174,6.158482110660254e-07,11.735522696684775,0.029385945106534583,0.004811044254352827,0.00042813323987193956,0.40572398308324914
fast_spectrum,180,175,6.951927961775606e-06,2.9511569296020115,0.02169432755545264,0.07168968745121869,0.0003359818286283774,0.389324798472604
fast_spectrum,180,176,7.847599703514606e-05,0.8075494067543849,0.013514073033399354,0.029729927106606525,2.06913808111479e-06,0.3420544563925001
fast_spectrum,180,177,0.00016237767391887175,0.5354572633045123,0.012902774939327899,0.03919396643794799,8.858667904100815e-06,0.3763299365209154
fast_spectrum,180,178,2.3357214690901212e-07,20.536583470751975,0.057235213640220106,0.018356166523470288,5.455594781168514e-06,0.4080101667002899
fast_spectrum,180,179,6.158482110660254e-07,11.686880227163265,0.020773074051642748,0.09193948867014481,3.359818286283781e-06,0.3806080650281743
fast_spectrum,180,180,3.359818286283781e-06,4.308189126467964,0.008730029407746476,0.08352055996695933,3.359818286283781e-06,0.376286745891163
fast_spectrum,180,181,0.0018329807108324375,0.07167761865542284,0.01385667688669956,0.024739731815481423,0.0005455594781168515,0.3960319971286006
fast_spectrum,180,182,0.01,0.012288303793857303,0.014173452406809006,0.02349777999796661,0.00026366508987303556,0.36366018765399144
fast_spectrum,180,183,0.0001,0.7135344878915437,0.016808571022395524,0.023770858142770943,0.0005455594781168515,0.3535532779768368
fast_spectrum,180,184,5.455594781168514e-06,3.310132518432697,0.023611170245997348,0.02430706122454268,0.01,0.38228646000636035
fast_spectrum,180,185,0.01,0.014323964991793548,0.014163132764984154,0.03484312777844211,4.281332398719387e-06,0.4053405502985681
fast_spectrum,180,186,0.01,0.011559744667256306,0.014174962160432902,0.07345324215155363,6.951927961775606e-06,0.35327203833697973
fast_spectrum,180,187,4.832930238571752e-07,13.522305008134705,0.017703922866715294,0.08558154126288527,3.359818286283781e-06,0.40095597316022835
fast_spectrum,180,188,0.0003359818286283774,0.3331510835335856,0.017863277291878532,-0.013595900453997061,0.01,0.4021802743090873
fast_spectrum,180,189,6.158482110660255e-05,0.9941683822411126,0.012175512239929853,0.048506340602265274,4.281332398719387e-06,0.378278298085279
fast_spectrum,180,190,1.1288378916846883e-05,2.3906467805153766,0.012361451831625736,0.05505727920781005,2.976351441631313e-05,0.3834465178291342
fast_spectrum,180,191,0.01,0.012509031252675069,0.014224174002791523,-0.05375971769890477,0.01,0.3705317764932317
fast_spectrum,180,192,1.2742749857031322e-06,7.573199382841098,0.013094267060968612,0.058540346810660504,6.951927961775606e-06,0.38515067551204385
fast_spectrum,180,193,0.01,0.011484169529984213,0.014141671816083279,0.03639728251484287,4.281332398719387e-06,0.3494005115801333
fast_spectrum,180,194,3.792690190732246e-07,15.54867170483983,0.042816807376980126,0.03958497004637399,1.8329807108324338e-05,0.40175210961010455
fast_spectrum,180,195,2.3357214690901213e-05,1.6943201891860535,0.01427941032182245,0.05944065858704915,0.00020691380811147902,0.3992161026437052
fast_spectrum,180,196,0.01,0.012173183980257468,0.014184218482247157,0.034602737463990764,3.792690190732246e-05,0.36051401689174306
fast_spectrum,180,197,0.0003359818286283774,0.3127073486136512,0.014908836208248788,-0.017834265894174865,0.01,0.37997456555371545
fast_spectrum,180,198,4.832930238571752e-07,13.489550925797626,0.024097278250820198,0.0900231313733953,3.359818286283781e-06,0.4089178417071231
fast_spectrum,180,199,0.00042813323987193956,0.24199414438369618,0.01365872052332251,0.025657013027078426,0.00020691380811147902,0.36113187181125916
fast_spectrum,240,0,6.951927961775606e-06,2.9779847785047537,0.007312263816762976,0.09074516757060846,3.359818286283781e-06,3.8233703028964676
fast_spectrum,240,1,1.2742749857031322e-06,7.590356186841898,0.007115730748822657,0.10334930275039124,3.359818286283781e-06,3.8163035030014445
fast_spectrum,240,2,1.8329807108324338e-05,1.883113653841499,0.020683203083003088,-0.04030851752464092,0.01,3.8669088131335108
fast_spectrum,240,3,0.01,0.012910317889899001,0.014196940091706689,0.04057560299524639,1.6237767391887209e-06,3.8202584084560542
fast_spectrum,240,4,0.01,0.012497865528647793,0.014184784420013141,0.08761573422242216,3.359818286283781e-06,3.833864356408761
fast_spectrum,240,5,4.832930238571752e-07,13.559868927956359,0.013688214549405497,0.09679772381824156,2.6366508987303555e-06,3.807599083130821
fast_spectrum,240,6,5.455594781168514e-06,3.4188670296531667,0.0020334449819782163,0.11257264820834123,3.359818286283781e-06,3.889116612017233
fast_spectrum,240,7,0.01,0.013312156870455633,0.014186326084224432,0.059230823733821596,2.6366508987303555e-06,3.815848364605605
fast_spectrum,240,8,0.01,0.013109267640254415,0.014171629796617569,0.027983307561570907,2.6366508987303555e-06,3.83250657032054
fast_spectrum,240,9,0.002335721469090121,0.04670246378493588,0.01409386260647838,0.0338949311548674,1.43844988828766e-05,3.7929484106354856
fast_spectrum,240,10,6.158482110660254e-07,11.769019506762747,0.021293790437784565,0.04233142470153903,2.3357214690901213e-05,3.8612002296836576
fast_spectrum,240,11,4.281332398719387e-06,3.818680695451385,0.009475047937977377,0.08202155207095514,2.6366508987303555e-06,3.818680695451385
fast_spectrum,240,12,2.976351441631313e-07,18.29421114339976,0.02854227462133463,0.027038607073761683,1.1288378916846883e-05,3.8811213003869627
fast_spectrum,240,13,0.00042813323987193956,0.24661481359156295,0.013553572348589338,0.026217937841131196,2.06913808111479e-06,3.7301370258738986
fast_spectrum,240,14,2.3357214690901213e-05,1.6435417250178022,0.01897293955808066,0.036349800816560855,0.00042813323987193956,3.7912786767026287
fast_spectrum,240,15,0.0006951927961775591,0.1683504858589005,0.013779990174218493,0.022452708997394377,0.00042813323987193956,3.85145526803164
fast_spectrum,240,16,1.6237767391887209e-06,6.481426694694607,0.013472691235063339,0.08019766784647232,1.1288378916846883e-05,3.795408112170636
fast_spectrum,240,17,8.858667904100815e-06,2.6522176365524097,0.014569720142096898,0.04196441491541415,0.01,3.838994507742087
fast_spectrum,240,18,3.792690190732246e-05,1.2914573284553537,0.01710204633749246,0.03594445184216144,0.0003359818286283774,3.82322392298147
fast_spectrum,240,19,1.438449888287663e-07,27.1398158748975,0.12520946955817758,-0.06489666737647942,0.00143844988828766,3.778900214491557
fast_spectrum,240,20,0.00042813323987193956,0.23421977819166404,0.014014805291411747,0.0144155584078798,3.792690190732246e-05,3.7737989627295043
fast_spectrum,240,21,1.43844988828766e-05,2.0149571922312752,0.0264621019864002,-0.0324294788516386,0.01,3.7024326032095356
fast_spectrum,240,22,0.00016237767391887175,0.5010786508312551,0.013579270096839124,0.03567654126162285,2.06913808111479e-06,3.8262923369273962
fast_spectrum,240,23,3.359818286283781e-06,4.374792665518594,0.0027425268150313986,0.1098595316145637,2.06913808111479e-06,3.851347258207767
fast_spectrum,240,24,2.976351441631313e-07,17.91184898244612,0.03261183340313112,0.07763104362619962,3.359818286283781e-06,3.740822243649952
fast_spectrum,240,25,0.01,0.011272753753159056,0.014180783540451825,0.06816543192109925,1.43844988828766e-05,3.7455978334212054
fast_spectrum,240,26,0.0003359818286283774,0.29131991425689346,0.013557683403585874,0.028592745553049657,2.06913808111479e-06,3.8020898448623974
fast_spectrum,240,27,7.847599703514607e-07,10.15913659793193,0.007140069649318459,0.10225428072002597,2.6366508987303555e-06,3.8535517156326122
fast_spectrum,240,28,0.0018329807108324375,0.06553500162514554,0.014406459232788382,-0.013431489455006282,0.01,3.874356742770136
fast_spectrum,240,29,7.847599703514607e-07,10.115578541235458,0.01396241885571703,0.08631207157610439,3.359818286283781e-06,3.8010899005869216
fast_spectrum,240,30,2.06913808111479e-06,5.683203853879944,0.0015744764786894683,0.1149210411127721,3.359818286283781e-06,3.811362503585952
fast_spectrum,240,31,0.0005455594781168515,0.21641792190319473,0.013601339070127283,0.03412796585799043,2.06913808111479e-06,3.8722046765301763
fast_spectrum,240,32,0.01,0.01285712861522345,0.014209736417666208,0.04326399928355664,2.06913808111479e-06,3.825157569846923
fast_spectrum,240,33,0.00143844988828766,0.08721769873304469,0.014022763695085594,0.025473168704813445,2.6366508987303555e-06,3.8228711847165444
fast_spectrum,240,34,5.4555947811685146e-08,45.00901320006038,0.10829434658784809,0.03509172795402439,2.6366508987303555e-06,3.8020792020131173
fast_spectrum,240,35,0.01,0.012713774315421918,0.014220848674450837,-0.027991572845543107,0.01,3.7780173581632908
fast_spectrum,240,36,4.281332398719387e-06,3.784174763910026,0.0020242369365524038,0.11268111540806657,3.359818286283781e-06,3.784174763910026
fast_spectrum,240,37,8.858667904100815e-08,35.603611540342875,0.06419543846259668,0.05837860699530183,0.00042813323987193956,3.8033319912626102
fast_spectrum,240,38,7.847599703514607e-07,10.238291167709711,0.006169941203683527,0.09089431244986469,1.6237767391887209e-06,3.8667901197794885
fast_spectrum,240,39,1.1288378916846883e-05,2.437505637933362,0.013886492800900041,0.022238994497135567,2.06913808111479e-06,3.94041691265691
fast_spectrum,240,40,0.01,0.012078199447412303,0.014202926898506996,0.0704235136381413,3.359818286283781e-06,3.8195929427021307
fast_spectrum,240,41,2.06913808111479e-06,5.726983800302275,0.006282256787833784,0.09494403183135279,2.06913808111479e-06,3.846192369190767
fast_spectrum,240,42,1.6237767391887209e-06,6.458448964830622,0.028747158504368597,0.0810037092142251,0.0005455594781168515,3.7560615200538017
fast_spectrum,240,43,3.359818286283781e-06,4.3706834359458275,0.02219206257051143,0.07490961883826242,3.792690190732246e-05,3.8386873745475474
fast_spectrum,240,44,2.976351441631313e-07,18.202515030877542,0.04363230545280161,0.04298217206116559,0.0003359818286283774,3.809361665214304
fast_spectrum,240,45,0.01,0.012568232741154022,0.014222324085094495,-0.00819182276961238,1.6237767391887209e-06,3.828230305648503
fast_spectrum,240,46,1.438449888287663e-07,27.54883000487422,0.037156959852871596,0.05494906488827465,1.6237767391887209e-06,3.8303693257120326
fast_spectrum,240,47,3.359818286283781e-06,4.313374590545591,0.015705210131532032,0.0629843206590479,4.8329302385717524e-05,3.79775398955699
fast_spectrum,240,48,3.792690190732246e-07,15.566155165681588,0.028966062204917264,0.06309680297733805,3.359818286283781e-06,3.7414018047150934
fast_spectrum,240,49,1.2742749857031322e-06,7.5069126414591665,0.0106901544175948,0.0969169616263121,5.455594781168514e-06,3.77593275498686
fast_spectrum,240,50,1.6237767391887209e-06,6.628622504950462,0.007212389293047128,0.09335925859735798,3.359818286283781e-06,3.857036127020079
fast_spectrum,240,51,6.951927961775606e-06,2.9691004296800445,0.005635410905467042,0.10256986667120174,2.6366508987303555e-06,3.815155761198816
fast_spectrum,240,52,3.359818286283781e-06,4.3827751999755575,0.008202037873948798,0.08067034338806398,2.06913808111479e-06,3.8531677220674885
fast_spectrum,240,53,0.01,0.011972404567013631,0.014226603398620696,-0.007789942170273445,5.455594781168514e-06,3.807157313685342
fast_spectrum,240,54,0.01,0.014761044369085288,0.014203740653293329,0.020658826068601043,3.359818286283781e-06,3.796592241395701
fast_spectrum,240,55,2.06913808111479e-06,5.7103230135702425,0.0022965986756925405,0.11096857601325417,2.06913808111479e-06,3.845152100511309
fast_spectrum,240,56,5.4555947811685146e-08,45.047836106021514,0.11944479832633514,0.06684753112644287,3.359818286283781e-06,3.845540109445252
fast_spectrum,240,57,0.01,0.012803531757207552,0.014192778793913674,0.018932138909261525,8.858667904100815e-06,3.847145339849374
fast_spectrum,240,58,0.01,0.011789177523367403,0.014168478774632454,0.029147498150434527,2.6366508987303555e-06,3.8595073652769294
fast_spectrum,240,59,0.01,0.013774256974921774,0.014199751592341436,0.029677689863910797,2.6366508987303555e-06,3.872334395097181
fast_spectrum,240,60,5.4555947811685146e-08,45.23809031444563,0.10503377789565493,0.025045320703955556,3.359818286283781e-06,3.8672340330901753
fast_spectrum,240,61,4.832930238571752e-07,13.494158811500878,0.028615671514804264,0.026945934787880155,4.8329302385717524e-05,3.774078879474995
fast_spectrum,240,62,1.2742749857031322e-06,7.654720704606438,0.01531451285710217,0.08512820764894521,4.281332398719387e-06,3.8726171174719712
fast_spectrum,240,63,5.455594781168514e-06,3.406673479219502,0.006824755556176121,0.08727463993623531,2.6366508987303555e-06,3.865264403756701
fast_spectrum,240,64,3.359818286283781e-06,4.300398617249865,0.012566272823343216,0.07036942820514258,3.359818286283781e-06,3.773977982706238
fast_spectrum,240,65,2.6366508987303555e-06,5.047050508541861,0.015021162725519677,0.09279103602002418,0.00042813323987193956,3.8770774028927213
fast_spectrum,240,66,2.6366508987303555e-06,4.956765951270867,0.0327395718218042,0.03810874989624137,0.0006951927961775591,3.818668888731324
fast_spectrum,240,67,1.438449888287663e-07,27.351140234819844,0.04068028876120788,0.06281280482612882,2.06913808111479e-06,3.875607779487238
fast_spectrum,240,68,0.01,0.01258249819025346,0.014193777519455386,0.027047639920480242,4.281332398719387e-06,3.7719118389429935
fast_spectrum,240,69,3.792690190732246e-07,15.891631579286324,0.029784368394255134,0.052016424284638756,3.359818286283781e-06,3.8747018791240038
fast_spectrum,240,70,3.792690190732246e-05,1.2741025623693347,0.01770543611566633,-0.00454272846862604,0.01,3.778634123477473
fast_spectrum,240,71,0.01,0.015159374092479508,0.014248582867363524,-0.01839977753491168,2.6366508987303555e-06,3.749781975126221
fast_spectrum,240,72,8.858667904100815e-06,2.655142304199657,0.006585839926083525,0.09156721113655736,5.455594781168514e-06,3.8095938680120596
fast_spectrum,240,73,0.0001274274985703132,0.66351333421973,0.014236094245333009,0.026217375886615293,0.00042813323987193956,3.8539220429217838
fast_spectrum,240,74,0.01,0.012014297602650076,0.014246007513771808,-0.014499894834062152,0.01,3.801757929492914
fast_spectrum,240,75,0.01,0.011879406632372847,0.014206331348651235,0.0244889618314347,2.6366508987303555e-06,3.8156454697955513
fast_spectrum,240,76,1.438449888287663e-07,27.081926766405424,0.0406916314140533,0.06202325684708238,2.6366508987303555e-06,3.698575139156632
fast_spectrum,240,77,1.438449888287663e-07,27.49815218195128,0.07464041979392366,0.045141448127028506,0.00042813323987193956,3.82189599912416
fast_spectrum,240,78,6.951927961775606e-06,3.014552497787895,0.01928142504280861,0.07310089328164486,0.00026366508987303556,3.8503487740031828
fast_spectrum,240,79,6.951927961775606e-06,2.9772643864933017,0.030887245356686854,0.007906147401222297,0.01,3.817101027974935
fast_spectrum,240,80,0.00020691380811147902,0.4666679161451593,0.013349202905325486,0.029560582428874493,0.0001274274985703132,3.840771304811221
fast_spectrum,240,81,1.6237767391887209e-06,6.5409801210936624,0.022943648344118328,0.03927628329698158,0.0005455594781168515,3.7925383451781327
fast_spectrum,240,82,2.6366508987303555e-06,4.9512054344324525,0.006624475560211618,0.09797895715819532,4.281332398719387e-06,3.8024881795837366
fast_spectrum,240,83,2.06913808111479e-06,5.660280389642962,0.003664705088709974,0.10406393918665549,2.6366508987303555e-06,3.8021750346679166
fast_spectrum,240,84,4.281332398719387e-06,3.893653775479583,0.04553302715332208,-0.046318698998381425,0.0011288378916846883,3.893653775479583
fast_spectrum,240,85,1.1288378916846883e-07,31.369486585295135,0.05865489614503461,0.03466980040379396,1.6237767391887209e-06,3.8080592867502947
fast_spectrum,240,86,0.01,0.014923209628028187,0.01423235586982563,-0.01591212690195055,2.6366508987303555e-06,3.8907603187512994
fast_spectrum,240,87,3.792690190732246e-07,15.578173820763986,0.04291657372739821,0.08430142496531615,1.8329807108324338e-05,3.8042909352149348
fast_spectrum,240,88,3.359818286283781e-06,4.3161260284980685,0.024597161395417677,0.03836713228653036,0.01,3.796483189186057
fast_spectrum,240,89,0.01,0.013564896918966046,0.014167354293342038,0.04101296093700688,1.6237767391887209e-06,3.736981526466087
fast_spectrum,240,90,0.01,0.012834611184110846,0.014224552993396866,-0.004130211748854447,4.281332398719387e-06,3.890600703041212
fast_spectrum,240,91,0.01,0.013071287477980295,0.014209682168735194,0.006781215131257977,2.976351441631313e-05,3.888228052148259
fast_spectrum,240,92,0.01,0.013024062042653842,0.014191129065808883,0.019819427038037768,2.06913808111479e-06,3.8565550079719784
fast_spectrum,240,93,0.01,0.01075140148800921,0.014197678550924242,0.05390723179045647,2.06913808111479e-06,3.8054519600325123
fast_spectrum,240,94,0.01,0.013238978517948603,0.014150475473122759,0.02998721242556989,2.06913808111479e-06,3.8708889317026234
fast_spectrum,240,95,6.951927961775606e-06,3.0403484239563072,0.003542799998849988,0.10947623287746262,2.6366508987303555e-06,3.9012540308796066
fast_spectrum,240,96,4.832930238571752e-07,13.609281767507989,0.007495924990148062,0.10087178859989572,2.06913808111479e-06,3.829891512949046
fast_spectrum,240,97,1e-06,8.864639328344875,0.008808219211427937,0.08066575158140464,2.06913808111479e-06,3.8797716586153252
fast_spectrum,240,98,0.01,0.015170309252752714,0.014220767347112417,-0.015486539000169665,4.281332398719387e-06,3.9050512393860997
fast_spectrum,240,99,0.01,0.013142981112666171,0.01415365905407251,0.05114907103285377,2.976351441631313e-05,3.790592328564899
fast_spectrum,240,100,0.01,0.012968226276077223,0.014220748241472014,-0.00218501356536613,5.455594781168514e-06,3.8593043187372165
fast_spectrum,240,101,6.158482110660254e-07,11.902391468335564,0.02169584468193908,0.08352285125763831,4.281332398719387e-06,3.9177400064842605
fast_spectrum,240,102,5.455594781168514e-06,3.257552811920468,0.0050474130686170016,0.09654772659672238,2.6366508987303555e-06,3.7052733670002493
fast_spectrum,240,103,0.01,0.01259721951124924,0.014262403107246469,-0.020264394644408337,0.01,3.8297879839491813
fast_spectrum,240,104,1.6237767391887209e-06,6.620663838691522,0.009458069440788308,0.07431790877305951,1.6237767391887209e-06,3.8637694822845643
fast_spectrum,240,105,1.2742749857031322e-06,7.541456610138046,0.008989116673972952,0.0831052454788805,2.06913808111479e-06,3.8182070915824684
fast_spectrum,240,106,1e-06,8.714744518029628,0.013427362623602002,0.07699586819869776,3.359818286283781e-06,3.8030862786962882
fast_spectrum,240,107,2.06913808111479e-06,5.643620246614313,0.018517162354936056,0.04815843463700012,0.01,3.7904498562793183
fast_spectrum,240,108,3.792690190732246e-05,1.3084736646996271,0.020287332698518457,-0.01408075816605952,0.01,3.807355745200125
fast_spectrum,240,109,2.3357214690901212e-07,21.082073988282605,0.05523286129976923,0.034223720658996405,0.01,3.9082094970079506
fast_spectrum,240,110,1.8329807108324338e-05,1.8174184167684189,0.01256457872713368,0.055737231141317935,3.792690190732246e-05,3.7618874145942094
fast_spectrum,240,111,2.06913808111479e-06,5.679374830164939,0.00640820165463396,0.09062113795030621,2.6366508987303555e-06,3.8219171985073666
fast_spectrum,240,112,0.002976351441631313,0.03881560284401782,0.014130641447122949,0.0235800646400873,0.0001274274985703132,3.8441804016046897
fast_spectrum,240,113,6.158482110660254e-07,11.741992998790101,0.013537561553692345,0.09142003241975089,3.359818286283781e-06,3.8098050797346077
fast_spectrum,240,114,0.01,0.012651457918117628,0.01421380613715939,0.0026701218261788824,1.6237767391887209e-06,3.7810905095763268
fast_spectrum,240,115,0.01,0.012878551460154482,0.014196850898875124,0.04008157038979926,6.951927961775606e-06,3.8320993376374672
fast_spectrum,240,116,2.6366508987303555e-06,5.062844026878635,0.004387027613354411,0.09965084847423285,3.359818286283781e-06,3.9035909825860067
fast_spectrum,240,117,3.792690190732246e-07,15.637390619443543,0.03323746571785002,0.020794834806801648,4.281332398719387e-06,3.8156689828388886
fast_spectrum,240,118,0.01,0.011981954836468384,0.014160928268564521,0.020978044008324828,0.0005455594781168515,3.828018644646269
fast_spectrum,240,119,1e-06,8.712309821268343,0.006463910003852047,0.10990885423112014,3.359818286283781e-06,3.8024709047333998
fast_spectrum,240,120,0.01,0.014021493514862746,0.01420308490975597,0.021539618787391558,2.6366508987303555e-06,3.8860616718675933
fast_spectrum,240,121,3.792690190732246e-07,15.502789846885303,0.015668713161804737,0.09719903137478156,2.6366508987303555e-06,3.7805167313984045
fast_spectrum,240,122,0.01,0.01279867575454299,0.014243539586443754,-0.025722721960845137,0.01,3.836552034742768
fast_spectrum,240,123,2.06913808111479e-06,5.623003452590636,0.003568318174202445,0.1060680988757184,2.06913808111479e-06,3.7707675731340613
fast_spectrum,240,124,6.951927961775606e-06,2.9426456456182803,0.01403106149314104,0.0475260103258229,3.359818286283781e-06,3.7805721134663406
fast_spectrum,240,125,0.01,0.013527047665681705,0.014222054950191687,-0.005927178798207491,2.6366508987303555e-06,3.7727024151771626
fast_spectrum,240,126,1.1288378916846883e-05,2.3509537432283305,0.017332264678609377,0.02652484018297149,0.01,3.8120770037223943
fast_spectrum,240,127,1.1288378916846883e-05,2.3900499388925853,0.010900535957405477,0.07765969883603448,1.43844988828766e-05,3.8867150188425303
fast_spectrum,240,128,5.455594781168514e-06,3.3194044377645193,0.0077204603866304344,0.08488418200703754,2.6366508987303555e-06,3.764760205569696
fast_spectrum,240,129,0.01,0.012696545118247285,0.014189891265246057,0.02908082710699803,2.06913808111479e-06,3.8219244534027013
fast_spectrum,240,130,0.01,0.01425407049688424,0.0141962252916783,0.02194826741067856,4.281332398719387e-06,3.9088991480298008
fast_spectrum,240,131,0.01,0.012559873245191384,0.014193738187263327,0.04525401415435965,5.455594781168514e-06,3.8217452735077955
fast_spectrum,240,132,0.01,0.013674780131995043,0.014157016952617063,0.05021609789251808,8.858667904100815e-06,3.859330003642889
fast_spectrum,240,133,3.359818286283781e-06,4.326388088621305,0.021996172744932707,0.015293307252143637,0.01,3.805080190306493
fast_spectrum,240,134,2.3357214690901212e-07,20.675724106123145,0.04151570986947428,0.057405006814729514,2.3357214690901213e-05,3.767910962425912
fast_spectrum,240,135,0.003792690190732238,0.032491903759918006,0.014076963617035698,0.026159161028917285,2.6366508987303555e-06,3.8347354312743627
fast_spectrum,240,136,0.01,0.013441269730070537,0.014188949653861638,0.017300964056536212,0.00042813323987193956,3.843087225366058
fast_spectrum,240,137,1.1288378916846883e-07,31.41912073388314,0.05382910085555581,0.04946113759092695,3.359818286283781e-06,3.872776103938401
fast_spectrum,240,138,4.832930238571752e-07,13.867346026836854,0.02117255360556758,0.09037675607298534,5.455594781168514e-06,3.9020340169893846
fast_spectrum,240,139,0.01,0.014285924391198178,0.014241035381536982,-0.01466333310924816,2.6366508987303555e-06,3.8363337030782
fast_spectrum,240,140,2.6366508987303555e-06,5.106870140581387,0.002403050438260612,0.11006794151354976,2.6366508987303555e-06,3.9248254980782447
fast_spectrum,240,141,2.976351441631313e-05,1.4395660554659346,0.02195547934331321,0.004801439934318017,0.0006951927961775591,3.8194026643430874
fast_spectrum,240,142,0.01,0.010985513907865022,0.014182108152612338,0.07672054221508032,5.455594781168514e-06,3.8058878231512674
fast_spectrum,240,143,6.158482110660255e-05,1.0217763701121811,0.011517579003807787,0.05348177192507142,2.06913808111479e-06,3.8644059624940112
fast_spectrum,240,144,0.01,0.0132999890038739,0.014159803847181518,0.02816877982669283,2.06913808111479e-06,3.814762706086217
fast_spectrum,240,145,6.158482110660254e-07,11.64596658579489,0.017557244251724224,0.07042726193859064,3.359818286283781e-06,3.785040963549381
fast_spectrum,240,146,0.01,0.01468906468829591,0.014166027641778323,0.04152777504666116,8.858667904100815e-06,3.883114488676864
fast_spectrum,240,147,0.01,0.011617998424290243,0.014215212168156799,0.0021842901286410806,4.281332398719387e-06,3.766162122615345
fast_spectrum,240,148,0.01,0.014459866452605118,0.014192661347120383,0.03893500930114443,2.06913808111479e-06,3.8095024894836826
fast_spectrum,240,149,0.01,0.013967187265911547,0.014172552509162939,0.0401751262429406,3.359818286283781e-06,3.88691484721572
fast_spectrum,240,150,6.158482110660254e-07,11.658113095364802,0.01558647937441937,0.10592294823675845,4.281332398719387e-06,3.791094647857774
fast_spectrum,240,151,1.1288378916846883e-05,2.3189891052146416,0.019735203632899045,0.0577507039640365,4.8329302385717524e-05,3.7711943038177824
fast_spectrum,240,152,7.847599703514607e-07,10.36939202713129,0.007306035635780694,0.10705900008997825,3.359818286283781e-06,3.9245564231891263
fast_spectrum,240,153,6.951927961775606e-06,2.983936281080192,0.010577023421397325,0.06992616536348446,4.281332398719387e-06,3.8107755123526506
fast_spectrum,240,154,2.06913808111479e-06,5.710657177382119,0.006781280079226626,0.09208444094560887,2.06913808111479e-06,3.818110732410085
fast_spectrum,240,155,6.951927961775605e-08,40.206418657095895,0.07446415802657191,0.02356552493287918,2.6366508987303555e-06,3.852316347619436
fast_spectrum,240,156,0.0001,0.7689498827029683,0.013118803949053737,0.033138005260810836,3.359818286283781e-06,3.8502342451925107
fast_spectrum,240,157,6.158482110660254e-07,11.852996531391938,0.059044654505835625,0.07565257061734681,6.158482110660255e-05,3.854421264836292
fast_spectrum,240,158,1.8329807108324338e-07,23.789833227953977,0.0593662037485887,0.012926554259002673,0.01,3.7950667270058682
fast_spectrum,240,159,8.858667904100815e-08,35.39153652256334,0.0656601376027941,0.053125666317726146,2.6366508987303555e-06,3.7508625710399697
fast_spectrum,240,160,2.976351441631313e-05,1.4602525199087122,0.014976546338720587,0.015663683885814773,0.01,3.7884732814978297
fast_spectrum,240,161,5.455594781168514e-06,3.3458833628493507,0.016293812154338116,0.048600322293803316,0.0003359818286283774,3.7923668810500177
fast_spectrum,240,162,4.8329302385717524e-05,1.164422859279986,0.010594107838583167,0.06227083139405736,2.6366508987303555e-06,3.8836186687804464
fast_spectrum,240,163,0.01,0.011899102543786965,0.014208781467236475,0.040827486105843046,2.06913808111479e-06,3.721185340015727
fast_spectrum,240,164,1.8329807108324338e-05,1.8389622924710263,0.008496397703682712,0.07663332296474416,1.8329807108324338e-05,3.79604325278698
fast_spectrum,240,165,0.01,0.011926314971451291,0.014218791133887354,-0.002915011213289678,2.6366508987303555e-06,3.8397227288421574
fast_spectrum,240,166,8.858667904100815e-08,35.75299250843186,0.08907393185717027,0.04293040163103951,0.0005455594781168515,3.841617550157478
fast_spectrum,240,167,3.792690190732246e-07,15.797935833612375,0.01238346835435089,0.06249514128898883,1.6237767391887209e-06,3.8604829677449315
fast_spectrum,240,168,6.951927961775606e-06,2.954998402170275,0.009478566440252134,0.06991625912339253,2.6366508987303555e-06,3.793185109597082
fast_spectrum,240,169,6.158482110660255e-05,1.010616906274845,0.014567627697682273,0.03453714666169762,1.6237767391887209e-06,3.8571074783840924
fast_spectrum,240,170,4.281332398719387e-06,3.8853314049796865,0.01911104152941978,0.03710811536140348,3.792690190732246e-05,3.8853314049796865
fast_spectrum,240,171,2.976351441631313e-07,18.22827668503137,0.014579725261387955,0.07340719768519481,1.6237767391887209e-06,3.862393911395568
fast_spectrum,240,172,0.01,0.015379408737517586,0.01420078472241526,0.030882996035186457,1.6237767391887209e-06,3.903498514246376
fast_spectrum,240,173,0.00020691380811147902,0.4653888480434733,0.013998877255567366,0.023416310128267327,0.00042813323987193956,3.8268981211034294
fast_spectrum,240,174,1.1288378916846883e-07,31.55118117566749,0.049419323717746266,0.03257732940123138,0.00020691380811147902,3.886277871431207
fast_spectrum,240,175,1e-06,8.739207106932794,0.03452320429182887,0.09676866210097552,0.00016237767391887175,3.8141845679012873
fast_spectrum,240,176,0.01,0.012163800096798582,0.014193872885053471,0.04372967966096269,2.06913808111479e-06,3.7282502054996307
fast_spectrum,240,177,2.6366508987303555e-06,4.956231338608496,0.013842344750774505,0.10795971491145706,1.1288378916846883e-05,3.805397970353102
fast_spectrum,240,178,0.01,0.013938561481391417,0.014206789173819456,0.05643256184362449,2.6366508987303555e-06,3.852603190879435
fast_spectrum,240,179,1.6237767391887209e-06,6.599974215434405,0.006913340793870626,0.10760070451525537,4.281332398719387e-06,3.84397194510525
fast_spectrum,240,180,1.8329807108324338e-05,1.8673959799269453,0.01113905614393973,0.055820349281689115,2.6366508987303555e-06,3.805655900406802
fast_spectrum,240,181,0.01,0.01307017453791279,0.014176308991578734,0.018836273041035072,0.0005455594781168515,3.7601952983896103
fast_spectrum,240,182,0.01,0.012623743460817708,0.014196101338558198,0.020048324215204145,0.00016237767391887175,3.8246447925122533
fast_spectrum,240,183,4.832930238571752e-07,13.590232863142942,0.053893802053639916,0.03773754964757275,0.0006951927961775591,3.7981889719047603
fast_spectrum,240,184,2.06913808111479e-06,5.627775556989944,0.028349043752615044,0.039254473821067795,4.8329302385717524e-05,3.7735023358598094
fast_spectrum,240,185,0.01,0.013931048521408312,0.014179798961713952,0.0342217400279875,2.6366508987303555e-06,3.8529774446015796
fast_spectrum,240,186,2.976351441631313e-05,1.4862776001470808,0.010873850872045066,0.05817428861081882,1.8329807108324338e-05,3.860341748532693
fast_spectrum,240,187,0.00042813323987193956,0.26278137982241395,0.0135896262367875,0.03864576702180921,2.6366508987303555e-06,3.8645608517417123
fast_spectrum,240,188,0.01,0.013304614646044276,0.0142284253211713,-0.007468517607358723,2.06913808111479e-06,3.872548757984159
fast_spectrum,240,189,4.832930238571752e-07,13.38012684557791,0.02672343597212823,0.09566825359895045,4.281332398719387e-06,3.769011024886299
fast_spectrum,240,190,0.00020691380811147902,0.4471588164937589,0.013861391608691598,0.019087850586956518,4.281332398719387e-06,3.878218642907993
fast_spectrum,240,191,6.951927961775605e-08,39.87079558717169,0.14306764017382534,-0.018276512260513363,0.01,3.814502251442828
fast_spectrum,240,192,1.1288378916846883e-05,2.3840271632114605,0.009178637705781645,0.07134850723615552,2.6366508987303555e-06,3.845735819572176
fast_spectrum,240,193,1.1288378916846883e-05,2.3281238586838935,0.007535535973978491,0.08515591100311386,3.359818286283781e-06,3.79745720181274
fast_spectrum,240,194,0.01,0.014416188456363457,0.01418064407565367,0.046089813244017404,6.951927961775606e-06,3.890612440750124
fast_spectrum,240,195,0.01,0.01320060552521499,0.01415981283640999,0.026140948455942347,2.6366508987303555e-06,3.808983027765273
fast_spectrum,240,196,1.1288378916846883e-05,2.3101177353329256,0.013074067602700024,0.06859922383028717,2.976351441631313e-05,3.7754450678720706
fast_spectrum,240,197,4.8329302385717524e-05,1.1562941619321714,0.017567757639171733,-0.003697219805849943,1.6237767391887209e-06,3.8765319358048487
fast_spectrum,240,198,0.01,0.014712784247083097,0.014188449652884572,0.037237166961882784,2.6366508987303555e-06,3.8912840689213724
fast_spectrum,240,199,1.6237767391887209e-06,6.603780677416704,0.020243523368657312,0.04247397984380437,0.00026366508987303556,3.848995755849412
fast_spectrum,360,0,2.06913808111479e-06,5.716156943715285,0.004744609643020148,0.1083949792882517,3.359818286283781e-06,4.983407908155367
fast_spectrum,360,1,6.158482110660254e-07,12.07540638634482,0.008714254143014633,0.09456013875258101,2.06913808111479e-06,5.077036869514594
fast_spectrum,360,2,0.01,0.012646523554059624,0.014232483864185852,-0.03445715209264687,0.01,5.055292477169756
fast_spectrum,360,3,0.01,0.013328812251853754,0.014194087633139119,0.05885703377972662,1.2742749857031322e-06,4.998030160957985
fast_spectrum,360,4,1.2742749857031322e-06,7.6997304335257475,0.005191886086356456,0.1155006684283388,4.281332398719387e-06,5.037029780285408
fast_spectrum,360,5,3.792690190732246e-05,1.2855134383121034,0.010318197934643614,0.07382708628735267,1.6237767391887209e-06,5.005290409758244
fast_spectrum,360,6,1e-06,8.904872117234287,0.0064094486722392485,0.11596097797152609,4.281332398719387e-06,5.035409172299763
fast_spectrum,360,7,1.6237767391887209e-06,6.575066317545948,0.0013277687995554288,0.1155085313296503,2.6366508987303555e-06,4.968872179704125
fast_spectrum,360,8,0.01,0.013730898814246257,0.014184198601001063,0.03399813527454953,1.6237767391887209e-06,5.050915135918505
fast_spectrum,360,9,0.01,0.011778278492231004,0.014192079159083715,0.04461264815381811,1.1288378916846883e-05,4.964928519173011
fast_spectrum,360,10,6.158482110660254e-07,11.949779248449625,0.0112241892973165,0.07269026909664701,2.06913808111479e-06,5.054970902857258
fast_spectrum,360,11,8.858667904100815e-08,36.5819907318299,0.04092388753825027,0.07953830775542753,3.359818286283781e-06,4.9846512203303215
fast_spectrum,360,12,0.01,0.013704908457109302,0.014212833477340925,0.006284349649716093,2.6366508987303555e-06,5.0331264001427245
fast_spectrum,360,13,6.158482110660254e-07,11.763070444125825,0.014365725723610723,0.06843493383666036,1.6237767391887209e-06,4.939637852867467
fast_spectrum,360,14,0.01,0.013354892114309607,0.01418071826860745,0.05653549067091858,2.06913808111479e-06,4.974466414747713
fast_spectrum,360,15,1.6237767391887209e-06,6.650113923466391,0.01101862359355199,0.07667142050397315,1.2742749857031322e-06,5.028756649324164
fast_spectrum,360,16,2.3357214690901213e-05,1.6891825407487722,0.009831299872698485,0.06676198685004732,8.858667904100815e-06,5.021951178555355
fast_spectrum,360,17,2.06913808111479e-06,5.719380124748321,0.007961400683121567,0.0865023026901749,2.6366508987303555e-06,4.985080843377083
fast_spectrum,360,18,0.01,0.012508215182597707,0.014187292626603898,0.036805581623473145,1.6237767391887209e-06,4.9792010300483645
fast_spectrum,360,19,0.01,0.012336859256372854,0.014196148009833043,0.017035250518329867,0.0003359818286283774,4.894720482928266
fast_spectrum,360,20,4.281332398719387e-06,3.785424374837293,0.01842739523823056,0.06777755372430092,0.0005455594781168515,4.939278674691596
fast_spectrum,360,21,1.43844988828766e-05,2.013026720191384,0.02458845823700906,-0.03650124807571261,0.01,4.859636503104337
fast_spectrum,360,22,0.01,0.011626649136599942,0.014193468316167746,0.02949573934930768,2.6366508987303555e-06,4.968623756876731
fast_spectrum,360,23,2.3357214690901212e-07,21.362317126701683,0.019461295281546942,0.08722573429825019,2.6366508987303555e-06,5.00957582263408
fast_spectrum,360,24,1e-06,8.800569737380231,0.0086149897378065,0.09894384922649999,3.359818286283781e-06,4.9744395434817275
fast_spectrum,360,25,0.01,0.011083254257538006,0.014193912708537426,0.058857001244609464,2.06913808111479e-06,4.939678397571701
fast_spectrum,360,26,0.01,0.013024458450534859,0.014211212285905495,0.01405984223391321,1.6237767391887209e-06,4.997637992357045
fast_spectrum,360,27,0.01,0.012546036702977824,0.01418206841744385,0.06621715964322744,2.06913808111479e-06,5.050799718531376
fast_spectrum,360,28,0.01,0.013087201976555234,0.014214909297037837,0.001014593478340642,2.976351441631313e-05,5.036532956129901
fast_spectrum,360,29,0.01,0.012927611483997967,0.014214261494871705,0.004325852801177717,2.6366508987303555e-06,4.920131608366836
fast_spectrum,360,30,6.158482110660254e-07,11.915475542678577,0.011129131057162178,0.10773618199491375,3.359818286283781e-06,5.024194135524518
fast_spectrum,360,31,4.832930238571752e-07,13.848848348459248,0.009364055316839925,0.08100711900759622,1.6237767391887209e-06,5.042350263771757
fast_spectrum,360,32,3.359818286283781e-06,4.376138651094131,0.0042290213641779095,0.11437109386879422,1.6237767391887209e-06,5.002384871927307
fast_spectrum,360,33,1.438449888287663e-07,28.300014231092472,0.03374615066576658,0.07303818786497594,2.6366508987303555e-06,5.049183913562897
fast_spectrum,360,34,5.455594781168514e-06,3.323581221386073,0.005825468276049683,0.09903031005642784,2.06913808111479e-06,4.913052143107603
fast_spectrum,360,35,4.832930238571752e-07,13.734383523420133,0.013031037785928623,0.0785464317864477,2.06913808111479e-06,4.963635516084466
fast_spectrum,360,36,0.01,0.01372962926681455,0.014195540627345293,0.0605471074441555,1.6237767391887209e-06,4.996682297437462
fast_spectrum,360,37,7.847599703514607e-07,10.112861147726326,0.006662455886766061,0.10142579970652191,2.06913808111479e-06,4.9356143440876865
fast_spectrum,360,38,7.847599703514607e-07,10.387612581656073,0.00826018964660491,0.07749522238375926,1.6237767391887209e-06,5.070930909789802
fast_spectrum,360,39,0.01,0.013179870129040587,0.014206363600224314,0.02203774770425186,1.6237767391887209e-06,5.123823926952007
fast_spectrum,360,40,2.06913808111479e-06,5.698590470386956,0.0017021230974447743,0.11261515304047552,2.6366508987303555e-06,4.964159024960472
fast_spectrum,360,41,0.01,0.012324087545323935,0.014172912755201605,0.03658801846945015,2.06913808111479e-06,5.010328639929357
fast_spectrum,360,42,0.01,0.012320451905617858,0.01415338955717027,0.02653616616420177,1.6237767391887209e-06,4.928594727420208
fast_spectrum,360,43,4.281332398719387e-06,3.8725246241111817,0.02013961058711189,0.07398297774603924,3.792690190732246e-05,5.049705302601633
fast_spectrum,360,44,2.06913808111479e-06,5.739415101574571,0.015136192773491652,0.069080208895385,0.00026366508987303556,4.9982125035571405
fast_spectrum,360,45,0.01,0.012409310766429121,0.014218502237458797,-0.010278307902542989,2.06913808111479e-06,4.975646420955681
fast_spectrum,360,46,3.359818286283781e-06,4.372532419624649,0.00859442039290137,0.0827497323481148,1.6237767391887209e-06,5.0019953498077525
fast_spectrum,360,47,2.3357214690901213e-05,1.6616622164890367,0.01564891152735215,0.0289076825707208,2.06913808111479e-06,4.9552352614233275
fast_spectrum,360,48,0.01,0.012711734673527953,0.01417634576063953,0.03185671421648979,2.06913808111479e-06,4.933832243395595
fast_spectrum,360,49,0.01,0.011389270801517512,0.014185782220700882,0.06090394699280358,2.06913808111479e-06,4.919467869274634
fast_spectrum,360,50,4.8329302385717524e-05,1.124950194041654,0.012842936745184663,0.04255535938437171,2.6366508987303555e-06,4.984924736462539
fast_spectrum,360,51,7.847599703514606e-05,0.8754628132323694,0.013061984285288375,0.056517636568892665,1.6237767391887209e-06,4.968343183286584
fast_spectrum,360,52,8.858667904100815e-08,37.015920741623006,0.0487463193475024,0.052304507191859306,2.06913808111479e-06,5.02910516044179
fast_spectrum,360,53,1.1288378916846883e-05,2.324789531690124,0.009259969318187289,0.07057459960867925,2.6366508987303555e-06,4.9785600204341565
fast_spectrum,360,54,8.858667904100815e-06,2.6632997040983617,0.012102792548491892,0.04748276332720268,3.359818286283781e-06,4.981340177686049
fast_spectrum,360,55,1e-06,8.89664960936689,0.005751491363112149,0.09421817938353687,1.6237767391887209e-06,5.052292948797761
fast_spectrum,360,56,0.01,0.012804268641703712,0.014202735544817768,0.031378951746887276,2.06913808111479e-06,5.013924246713851
fast_spectrum,360,57,8.858667904100815e-06,2.6930407517003183,0.009939029859378112,0.07161814775880931,3.359818286283781e-06,5.028729546497708
fast_spectrum,360,58,1.623776739188721e-08,80.12886930481886,0.2094900350893254,0.03196707843366256,0.0005455594781168515,4.981946997315344
fast_spectrum,360,59,6.951927961775606e-06,3.017193060066617,0.005857725926478485,0.09419186192529422,1.6237767391887209e-06,5.0232822727622795
fast_spectrum,360,60,0.0001,0.7640324502397278,0.013158719184667267,0.03788113294174361,1.6237767391887209e-06,5.087659261075016
fast_spectrum,360,61,0.01,0.012244052093546974,0.01418378998404779,0.05509627733696544,2.6366508987303555e-06,4.949687844713654
fast_spectrum,360,62,0.01,0.012998649067763459,0.014222972796085198,-0.005608979222613074,2.6366508987303555e-06,5.035957582337838
fast_spectrum,360,63,0.00020691380811147902,0.45414478460845853,0.012935342887100187,0.04526953068752439,1.6237767391887209e-06,5.011138948829599
fast_spectrum,360,64,0.01,0.013364068004693199,0.014214681841678845,0.0014773925558797213,2.06913808111479e-06,4.917987468141754
fast_spectrum,360,65,0.01,0.015010781408994778,0.014152335690823303,0.03147500636529634,2.6366508987303555e-06,5.0940568939271955
fast_spectrum,360,66,0.01,0.012344718129423025,0.014163084377614488,0.026195855660818793,2.06913808111479e-06,4.9781212696953965
fast_spectrum,360,67,1.6237767391887209e-06,6.614250847764464,0.00434968426966309,0.10049774901034714,2.06913808111479e-06,5.010213704683514
fast_spectrum,360,68,7.847599703514606e-05,0.8631505811692068,0.013394070486959953,0.028703718161211665,5.455594781168514e-06,4.978293072398668
fast_spectrum,360,69,7.847599703514607e-07,10.33590581167517,0.009779356726032029,0.0915896936656327,2.6366508987303555e-06,5.054779983052543
fast_spectrum,360,70,1.43844988828766e-05,2.068725015970208,0.02139182637996284,-0.004635993553990935,0.01,4.885474156281727
fast_spectrum,360,71,0.00016237767391887175,0.5680507459746842,0.015962388464236588,-0.014504018298055431,0.01,4.908703183920518
fast_spectrum,360,72,0.0003359818286283774,0.3113433662518318,0.013204729461983367,0.044221262330224415,2.06913808111479e-06,4.991270541372217
fast_spectrum,360,73,0.01,0.013601231021074252,0.014166666865154665,0.033169349085939104,1.6237767391887209e-06,5.035638376462672
fast_spectrum,360,74,1e-06,8.730161833612247,0.013647903662735272,0.0663909051067093,1.6237767391887209e-06,4.943532130906502
fast_spectrum,360,75,1e-06,8.826900303270252,0.00761303144474168,0.08260912733880163,1.6237767391887209e-06,4.989965463154336
fast_spectrum,360,76,1.438449888287663e-07,27.749854247281526,0.03604474717183215,0.07826231222327536,2.06913808111479e-06,4.867689719566924
fast_spectrum,360,77,0.01,0.0119428825962043,0.014163428098909359,0.03056936175107245,1.6237767391887209e-06,5.012901318546806
fast_spectrum,360,78,0.00026366508987303556,0.36502987559116995,0.0127827911968047,0.040394837426566715,1.6237767391887209e-06,4.988281745142815
fast_spectrum,360,79,7.847599703514607e-07,10.27927745534794,0.02330412702160012,0.07873504272793501,0.01,5.023053067338961
fast_spectrum,360,80,1e-06,8.797158151141632,0.013343439619833752,0.047346685371207654,3.359818286283781e-06,4.985222979908731
fast_spectrum,360,81,0.01,0.012619615321619426,0.014188706609234769,0.028538687415540605,2.06913808111479e-06,4.929164962079996
fast_spectrum,360,82,0.01,0.01196163472928692,0.0141996898991813,0.06713508402287707,2.06913808111479e-06,4.978124169685
fast_spectrum,360,83,0.01,0.012675380667812534,0.01421850850898676,-0.0036271729421006793,1.6237767391887209e-06,4.900456514418174
fast_spectrum,360,84,0.01,0.012826802575086697,0.01419973914747974,0.019901952712559307,0.0001274274985703132,5.030086554749923
fast_spectrum,360,85,5.4555947811685146e-08,47.072995172984044,0.07913712294704345,0.026112238733462093,1.6237767391887209e-06,4.993994104069254
fast_spectrum,360,86,0.01,0.01410046538475643,0.01421248618792248,0.008053502385499655,2.06913808111479e-06,5.006066686435728
fast_spectrum,360,87,3.359818286283781e-06,4.369421609182596,0.0050557321775667186,0.10302265608432967,5.455594781168514e-06,4.989634016876186
fast_spectrum,360,88,1.8329807108324338e-05,1.8569954823062174,0.01868633374093731,0.021739678229199654,0.01,4.936889996430605
fast_spectrum,360,89,0.01,0.013888763866244583,0.014171356671390467,0.030356666494423343,1.2742749857031322e-06,4.91085777380487
fast_spectrum,360,90,0.01,0.01310941641300786,0.014214458139152675,0.0011925849579338507,3.359818286283781e-06,5.059446279016284
fast_spectrum,360,91,0.0005455594781168515,0.20678629675194668,0.014373600345912507,-0.004756969549638802,0.01,5.019962936498331
fast_spectrum,360,92,4.832930238571752e-07,13.878119765636246,0.008510255668109035,0.09158403985472033,2.06913808111479e-06,5.0582871025223755
fast_spectrum,360,93,5.455594781168514e-06,3.3296707546794533,0.005629292793473573,0.09422687310470211,1.6237767391887209e-06,4.920845060812608
fast_spectrum,360,94,2.06913808111479e-06,5.77972015729905,0.005092790668733249,0.09978459405334851,2.06913808111479e-06,5.036317093838183
fast_spectrum,360,95,7.847599703514607e-07,10.38298967824656,0.011958574216916817,0.09676891358435748,4.281332398719387e-06,5.076218950377565
fast_spectrum,360,96,0.01,0.01222620370636171,0.014199548311763732,0.07703419102396795,1.6237767391887209e-06,4.996429517409926
fast_spectrum,360,97,7.847599703514607e-07,10.279085323806335,0.015983137053649177,0.08749375656702192,3.359818286283781e-06,5.031353410885497
fast_spectrum,360,98,2.3357214690901212e-07,21.533797312530172,0.026592987151180747,0.07746692082670559,2.6366508987303555e-06,5.056647819782677
fast_spectrum,360,99,1.2742749857031322e-06,7.552623166632419,0.027128363224377727,0.08482621115368996,3.792690190732246e-05,4.944672378467175
fast_spectrum,360,100,4.281332398719387e-06,3.9142908039759847,0.010040493590468214,0.08815863266071382,5.455594781168514e-06,5.095743711251269
fast_spectrum,360,101,2.976351441631313e-07,18.622987632268668,0.032887198518427585,0.07794999842069722,3.359818286283781e-06,5.093595684388847
fast_spectrum,360,102,6.951927961775605e-08,41.29721287423128,0.06305501934725699,0.06304345349109958,3.359818286283781e-06,4.884083066677688
fast_spectrum,360,103,2.6366508987303555e-06,5.0295582133634795,0.006822442514511695,0.08735618883811923,1.2742749857031322e-06,5.0295582133634795
fast_spectrum,360,104,4.281332398719387e-06,3.8548085908325582,0.0099188238616148,0.0656926468649382,1e-06,5.019082312346359
fast_spectrum,360,105,3.792690190732246e-07,15.886489391377182,0.01630512325145972,0.08586708312589898,2.6366508987303555e-06,4.963247816809867
fast_spectrum,360,106,1e-06,8.852947958767727,0.011454783388799794,0.06607289008000217,3.359818286283781e-06,5.01600845195968
fast_spectrum,360,107,0.01,0.012376154719768901,0.014229492305370295,-0.009698920978260212,0.01,4.93983779642314
fast_spectrum,360,108,1.6237767391887209e-06,6.586677858327682,0.007628229435328815,0.08616157950022056,2.06913808111479e-06,4.989367110567257
fast_spectrum,360,109,2.06913808111479e-06,5.870293595595578,0.008803827156863231,0.07536123465703377,2.6366508987303555e-06,5.117826045193986
fast_spectrum,360,110,7.847599703514607e-07,10.11187836404275,0.03140390338624233,0.06893408202649501,3.792690190732246e-05,4.938317313760269
fast_spectrum,360,111,3.792690190732246e-07,15.906184613049186,0.010681534755406785,0.10709614551284324,2.6366508987303555e-06,4.958425815106593
fast_spectrum,360,112,3.792690190732246e-05,1.2886283806253775,0.014195367294426386,0.021849002363238196,0.00016237767391887175,5.057839639603183
fast_spectrum,360,113,2.6366508987303555e-08,66.26854143378628,0.1268876262919263,0.02791371357750698,2.06913808111479e-06,5.037648058305081
fast_spectrum,360,114,6.951927961775605e-08,41.51355995341406,0.049234750120651594,0.05858831767463569,1.6237767391887209e-06,4.966376303024249
fast_spectrum,360,115,4.832930238571752e-07,13.723924596372317,0.02076048679273934,0.061067349538715655,1.43844988828766e-05,4.974165865678225
fast_spectrum,360,116,6.951927961775605e-08,42.03736652452824,0.0626518363584756,0.04108852964656759,2.6366508987303555e-06,5.059754717505569
fast_spectrum,360,117,0.01,0.013319742767117237,0.014220115503338793,-0.03995688804603785,0.01,4.983236289261292
fast_spectrum,360,118,0.01,0.011564663287504034,0.014188870376696583,0.018451803459112116,0.0003359818286283774,5.018678477592821
fast_spectrum,360,119,1.2742749857031322e-06,7.6176558606834135,0.002372621730155844,0.11503425199598495,2.6366508987303555e-06,4.995827043220188
fast_spectrum,360,120,6.158482110660254e-07,12.023491527330076,0.008839129946357827,0.11039593790419065,3.359818286283781e-06,5.075661271444777
fast_spectrum,360,121,6.158482110660254e-07,11.758220478595986,0.011110802233830097,0.11234820730344137,3.359818286283781e-06,4.948329155235152
fast_spectrum,360,122,0.01,0.012389587406350508,0.014207612265147107,0.0174154510044972,1.6237767391887209e-06,5.034953767151873
fast_spectrum,360,123,4.281332398719387e-06,3.811230396749164,0.011314498286192354,0.06144494828238267,1.2742749857031322e-06,4.956783659414725
fast_spectrum,360,124,1.1288378916846883e-05,2.318916032876931,0.01263311924050825,0.05170906120173054,1.1288378916846883e-05,4.971453991292634
fast_spectrum,360,125,4.281332398719387e-06,3.794974409638022,0.0023489803249072683,0.11566166341238342,2.06913808111479e-06,4.946492832939314
fast_spectrum,360,126,3.792690190732246e-07,15.952503315039115,0.025790056671202377,0.0660592376632864,2.6366508987303555e-06,4.979887822483791
fast_spectrum,360,127,2.3357214690901213e-05,1.6935537602770971,0.011670961866840579,0.062083160490871835,3.359818286283781e-06,5.045595829539853
fast_spectrum,360,128,0.01,0.012109441709841837,0.014213147495573675,0.009283758861950963,1.6237767391887209e-06,4.923300317868259
fast_spectrum,360,129,3.359818286283781e-06,4.377440125676186,0.005061901991750051,0.09785142810297748,1.6237767391887209e-06,4.999725794585736
fast_spectrum,360,130,5.455594781168514e-06,3.4424690943103213,0.009442169561820535,0.07111952801768796,1.6237767391887209e-06,5.072871169449395
fast_spectrum,360,131,2.06913808111479e-06,5.691882816949595,0.008951484624940664,0.0849580537771594,6.951927961775606e-06,4.955367348665881
fast_spectrum,360,132,1e-06,8.954606559337375,0.005434458215764271,0.10593235796763921,2.6366508987303555e-06,5.067739988980916
fast_spectrum,360,133,7.847599703514607e-07,10.246477130101205,0.02968174962156067,0.03527243670360499,0.01,5.006018057740533
fast_spectrum,360,134,1.1288378916846883e-05,2.353620153668098,0.009016011279709635,0.07258493843053107,3.359818286283781e-06,4.9814643749939105
fast_spectrum,360,135,2.06913808111479e-06,5.773908497617149,0.019808759414116306,0.05612930920360355,0.00042813323987193956,5.035102386786162
fast_spectrum,360,136,3.792690190732246e-07,16.070800344536405,0.01264794962838689,0.07447535206526683,1.6237767391887209e-06,5.020854048555531
fast_spectrum,360,137,1.8329807108324338e-07,24.444503196900488,0.030110540843086175,0.04862498445927119,2.6366508987303555e-06,4.9764244213069055
fast_spectrum,360,138,0.01,0.01358590272582266,0.014190040010628069,0.057622885414561766,2.6366508987303555e-06,5.055855925285991
fast_spectrum,360,139,1e-06,8.88524709944106,0.012060215091000193,0.07390017029029106,2.06913808111479e-06,5.037901692835552
fast_spectrum,360,140,0.00026366508987303556,0.39127013631486507,0.013315351459263436,0.040748740342251344,1.6237767391887209e-06,5.094953508223418
fast_spectrum,360,141,0.01,0.012600961938261976,0.014175595270230712,0.021178644321446196,0.0003359818286283774,5.0151472682807245
fast_spectrum,360,142,7.847599703514607e-07,10.204601907809515,0.006499536373288817,0.10111106701643735,2.06913808111479e-06,4.98253298455074
fast_spectrum,360,143,0.00026366508987303556,0.40399909753347,0.013097982877699588,0.04112482992904867,1.2742749857031322e-06,5.072166739628892
fast_spectrum,360,144,0.00016237767391887175,0.5542792921345097,0.012776440802046762,0.04083382996051546,1.2742749857031322e-06,5.028904085942159
fast_spectrum,360,145,1.6237767391887209e-06,6.592564934755785,0.00496854901433752,0.10074196237318811,2.6366508987303555e-06,4.989103013298924
fast_spectrum,360,146,3.359818286283781e-06,4.369816662447677,0.015618223029683298,0.06321006303740974,2.976351441631313e-05,4.993225506046177
fast_spectrum,360,147,7.847599703514607e-07,10.159839965640366,0.010796396535994512,0.06357784071803356,2.06913808111479e-06,4.988448296717077
fast_spectrum,360,148,6.158482110660255e-05,1.0112140855517344,0.012989190132164374,0.03672252522545696,2.06913808111479e-06,5.003783548791336
fast_spectrum,360,149,2.3357214690901212e-07,21.580408035168755,0.026920236525103336,0.058540148687007056,2.6366508987303555e-06,5.062631812535686
fast_spectrum,360,150,1.6237767391887209e-06,6.603329577305361,0.003962423638098733,0.11447001373540991,4.281332398719387e-06,4.998515926902188
fast_spectrum,360,151,2.3357214690901213e-05,1.6616093932507514,0.012007857060365001,0.061739968003989495,4.8329302385717524e-05,4.993823611799619
fast_spectrum,360,152,2.06913808111479e-06,5.806326974186231,0.0016091393844557267,0.11426595615308223,2.6366508987303555e-06,5.060738504485977
fast_spectrum,360,153,1.1288378916846883e-07,32.20426260252067,0.03877517329641611,0.0676157924071656,2.06913808111479e-06,4.9718746264901394
fast_spectrum,360,154,1e-06,8.816951384040824,0.008089676282304059,0.09770948716790638,2.6366508987303555e-06,4.971837109751817
fast_spectrum,360,155,0.01,0.014252324537718724,0.014203789760053875,0.102857382265218,2.06913808111479e-06,5.036995349520011
fast_spectrum,360,156,1.6237767391887209e-06,6.6292535155667185,0.008806206400664762,0.08990187429403837,2.6366508987303555e-06,5.015609000168352
fast_spectrum,360,157,0.01,0.013104238688931704,0.014159847710861762,0.06997549382527966,3.792690190732246e-05,5.029098386021728
fast_spectrum,360,158,0.00042813323987193956,0.2616934702102879,0.014255253189690453,-0.0033930707932412385,1.2742749857031322e-06,4.948529593124208
fast_spectrum,360,159,3.792690190732246e-05,1.282134980264104,0.011083051644995345,0.05798779486633256,1.2742749857031322e-06,4.952788236664816
fast_spectrum,360,160,1.438449888287663e-07,28.21832051613077,0.052332248778483414,0.017471062839718707,1.1288378916846883e-05,5.02748455034056
fast_spectrum,360,161,6.158482110660254e-07,11.700636453476493,0.009980688178277797,0.0861116811777849,1.6237767391887209e-06,4.917371055747425
fast_spectrum,360,162,0.01,0.011925332679312199,0.014169339612585818,0.04338873926698412,1.6237767391887209e-06,5.027110433575309
fast_spectrum,360,163,2.3357214690901212e-07,21.0440301386677,0.01692162743585368,0.07664165697338172,1.6237767391887209e-06,4.926451114022299
fast_spectrum,360,164,0.01,0.012241798116836167,0.014192521488184284,0.06505220734288437,1.6237767391887209e-06,4.99971778086328
fast_spectrum,360,165,5.455594781168514e-06,3.4156769453320837,0.009352702666126533,0.07091436345877497,2.06913808111479e-06,5.04932351467628
fast_spectrum,360,166,0.01,0.013623980032751653,0.01417536159943844,0.029076238628265527,1.2742749857031322e-06,5.068240488085209
fast_spectrum,360,167,1.43844988828766e-05,2.131014129518364,0.009922980926356018,0.06845174901193021,1.2742749857031322e-06,5.0560630660799895
fast_spectrum,360,168,4.832930238571752e-07,13.796013500115766,0.02118621219222261,0.07439837755029728,2.6366508987303555e-06,4.982469341621667
fast_spectrum,360,169,0.01,0.012609432163004952,0.014153872329898065,0.031870060914054504,2.06913808111479e-06,4.993023447143304
fast_spectrum,360,170,4.832930238571752e-07,13.814787024818688,0.026003028462900035,0.053139613205129485,1.8329807108324338e-05,5.047853209053137
fast_spectrum,360,171,0.01,0.013145359981209633,0.014206137457411283,0.02037404052323664,2.06913808111479e-06,4.98179783885083
fast_spectrum,360,172,5.455594781168514e-06,3.432767081404892,0.008175857854618829,0.08091641076193969,1.6237767391887209e-06,5.065233227182459
fast_spectrum,360,173,6.158482110660254e-07,11.887391817584428,0.023674393968605267,0.06147160511312324,0.0005455594781168515,5.016871724118476
fast_spectrum,360,174,1.2742749857031322e-06,7.731469053826521,0.0049668890303713464,0.0966223990446771,1.6237767391887209e-06,5.064484366919043
fast_spectrum,360,175,0.01,0.013494378612077786,0.014152082962258894,0.038273491673319504,4.281332398719387e-06,5.013894597783001
fast_spectrum,360,176,1.8329807108324338e-07,24.28536576978066,0.03307810213631357,0.07019150503915468,2.06913808111479e-06,4.883400003744949
fast_spectrum,360,177,1.43844988828766e-05,2.063168184203434,0.00708910990451328,0.08684134453798455,8.858667904100815e-06,4.953559185631902
fast_spectrum,360,178,6.158482110660254e-07,11.855962397944198,0.010971651582155073,0.08208049415941748,2.06913808111479e-06,5.004417903501411
fast_spectrum,360,179,3.359818286283781e-06,4.370371504752398,0.0009006453363401556,0.11629688273133015,2.6366508987303555e-06,4.996902520121443
fast_spectrum,360,180,1.6237767391887209e-06,6.604283955723138,0.004902663800158247,0.097565570589571,2.06913808111479e-06,5.007150807140472
fast_spectrum,360,181,0.01,0.014053871878417555,0.01419211669781728,0.0277274905611998,1.2742749857031322e-06,4.951676091196286
fast_spectrum,360,182,0.01,0.012658987867346835,0.014195117508065236,0.031574470091855794,3.359818286283781e-06,4.993085792995938
fast_spectrum,360,183,1.6237767391887209e-06,6.580051643950237,0.028938674824802835,0.062323514038175126,0.0006951927961775591,4.975122965628684
fast_spectrum,360,184,0.01,0.012744006398670753,0.014197221108793956,0.053493738474811516,2.06913808111479e-06,4.996169140098533
fast_spectrum,360,185,1.2742749857031322e-06,7.6277631844267315,0.010970800917199819,0.08217130820521515,2.06913808111479e-06,4.995483789742999
fast_spectrum,360,186,3.792690190732246e-07,16.06434592145688,0.02373915091645573,0.05188291537072616,4.281332398719387e-06,5.070086159484046
fast_spectrum,360,187,4.832930238571752e-07,13.888920448369056,0.01656765634807944,0.07824321339452728,2.6366508987303555e-06,5.052918149412425
fast_spectrum,360,188,3.359818286283781e-06,4.385955517070396,0.007353999685639101,0.0867395169463303,1.6237767391887209e-06,5.017950265650329
fast_spectrum,360,189,3.792690190732246e-05,1.3132179614875716,0.010943603647974975,0.05813431847898041,2.6366508987303555e-06,4.979293294618707
fast_spectrum,360,190,4.832930238571752e-07,13.81090925453205,0.012704619092753555,0.093903166924437,2.6366508987303555e-06,5.034993097336332
fast_spectrum,360,191,2.976351441631313e-07,18.379433692082962,0.029056950485684574,0.028281160308919952,3.359818286283781e-06,4.980333657532536
fast_spectrum,360,192,2.06913808111479e-06,5.772621465258075,0.008388420320806778,0.08046160951978303,3.359818286283781e-06,5.030024708316628
fast_spectrum,360,193,4.832930238571752e-07,13.660672386259243,0.011106004140989278,0.10749277436227607,2.6366508987303555e-06,4.944531481974816
fast_spectrum,360,194,1.6237767391887209e-06,6.729706205170305,0.007101804833855474,0.08479962332157019,2.06913808111479e-06,5.098927634347838
fast_spectrum,360,195,2.6366508987303555e-06,4.976355384025242,0.007238158603500411,0.0943565722212409,2.6366508987303555e-06,4.976355384025242
fast_spectrum,360,196,7.847599703514606e-05,0.8565541596910182,0.010771718095235583,0.0700586980246833,2.3357214690901213e-05,4.965754231902077
fast_spectrum,360,197,3.792690190732246e-07,16.155718205280984,0.01693164809869585,0.0734424347866979,1.6237767391887209e-06,5.052503355721084
fast_spectrum,360,198,0.01,0.014694068919146652,0.014203922106043487,0.015615888210721253,1.6237767391887209e-06,5.049344214763259
fast_spectrum,360,199,7.847599703514607e-07,10.224167140624724,0.020685353626449965,0.06259617197144708,2.976351441631313e-05,5.016370102183961
fast_spectrum,540,0,3.359818286283781e-06,4.382166814654796,0.006420416889183045,0.0972307763163251,2.06913808111479e-06,6.620496757237729
fast_spectrum,540,1,5.455594781168514e-06,3.4395128144102505,0.005691854895317094,0.09335400691200578,1.6237767391887209e-06,6.739022185833648
fast_spectrum,540,2,1.43844988828766e-05,2.1224228963588,0.014951974604661133,-0.005499539008146718,0.01,6.679841354958663
fast_spectrum,540,3,1e-06,8.878197957341802,0.004271717147513843,0.10138668970561414,1.6237767391887209e-06,6.622620891704877
fast_spectrum,540,4,4.832930238571752e-07,13.90938487855032,0.013760650715732403,0.11344695023068016,3.359818286283781e-06,6.632149375038096
fast_spectrum,540,5,1.1288378916846883e-05,2.333569521043242,0.007390154694408402,0.0899237400284823,1.2742749857031322e-06,6.579267100205252
fast_spectrum,540,6,4.281332398719387e-06,3.8570955639220177,0.006017093114145444,0.09808725373155729,2.6366508987303555e-06,6.669364100752817
fast_spectrum,540,7,4.832930238571752e-07,13.86874907339056,0.0070334564000019695,0.11049617607645199,2.6366508987303555e-06,6.618457493558305
fast_spectrum,540,8,0.01,0.013149950937006324,0.014203685615838735,0.02216721670611073,1.6237767391887209e-06,6.648538500777414
fast_spectrum,540,9,1.1288378916846883e-07,32.7874561615345,0.03497915758320702,0.03721463472938899,1.6237767391887209e-06,6.620839776836177
fast_spectrum,540,10,3.359818286283781e-06,4.408841552110031,0.006870384520455741,0.08886525164420112,1.6237767391887209e-06,6.655888492782275
fast_spectrum,540,11,7.847599703514607e-07,10.328550306011959,0.007251208774019635,0.11375012508881205,3.359818286283781e-06,6.656708393093487
fast_spectrum,540,12,1.2742749857031322e-06,7.721720724252026,0.002450837795225036,0.11124091654095587,1.2742749857031322e-06,6.680455650729689
fast_spectrum,540,13,0.01,0.012352269659818095,0.014193156792149053,0.024562577916013684,1.6237767391887209e-06,6.582820281005013
fast_spectrum,540,14,4.832930238571752e-07,13.95171082362158,0.011900178397587613,0.10042462017443476,2.6366508987303555e-06,6.639193801973724
fast_spectrum,540,15,0.01,0.013124297957003896,0.014199569866377937,0.0961054522141765,1.6237767391887209e-06,6.660478410812876
fast_spectrum,540,16,1.1288378916846883e-05,2.3888554427942488,0.007304422784549347,0.08388606875001327,2.06913808111479e-06,6.667921646583206
fast_spectrum,540,17,1.2742749857031322e-06,7.610216239294778,0.0044826107753974664,0.10238973575622172,1.6237767391887209e-06,6.585492534670175
fast_spectrum,540,18,2.6366508987303555e-06,5.055891611153126,0.005294327288448031,0.10300663453038396,1.2742749857031322e-06,6.683921786025602
fast_spectrum,540,19,0.00016237767391887175,0.5181678693752455,0.01379811624413707,0.02044089556558625,1e-06,6.54839526357633
fast_spectrum,540,20,1.8329807108324338e-07,24.83164556606555,0.026332833206758277,0.09223338857075165,1.8329807108324338e-05,6.580773212093025
fast_spectrum,540,21,2.976351441631313e-07,18.322559217173097,0.024398347199978243,0.03394019142339143,2.06913808111479e-06,6.481453965623152
fast_spectrum,540,22,2.6366508987303555e-06,5.022998254456708,0.004080476339377026,0.10395573765976134,1.2742749857031322e-06,6.645075274066669
fast_spectrum,540,23,0.01,0.012126961829813272,0.014188332759362376,0.05461577069375604,1.2742749857031322e-06,6.568711312983539
fast_spectrum,540,24,2.976351441631313e-05,1.4572785047223902,0.008719976946657937,0.08502828910722053,2.6366508987303555e-06,6.625805717610112
fast_spectrum,540,25,5.4555947811685146e-08,47.564273215268635,0.039647784123634455,0.05234272199833734,1.6237767391887209e-06,6.549164726464376
fast_spectrum,540,26,0.01,0.012730585485163117,0.014218358125895447,-0.006674000604549093,1.6237767391887209e-06,6.613116821380984
fast_spectrum,540,27,2.6366508987303555e-06,5.02851136631106,0.004187831076695625,0.10599231990658653,1.6237767391887209e-06,6.653629463710086
fast_spectrum,540,28,0.0005455594781168515,0.1963455387279452,0.014416022313373356,-0.007260310027734056,1.2742749857031322e-06,6.624034422075951
fast_spectrum,540,29,1.2742749857031322e-06,7.542911260250403,0.0027282661946864684,0.10909922258297,1.6237767391887209e-06,6.521598847817632
fast_spectrum,540,30,2.976351441631313e-07,18.634211772475112,0.013404262026673552,0.10005058552728507,2.06913808111479e-06,6.630530165901328
fast_spectrum,540,31,3.792690190732246e-07,16.182841648259373,0.008803924169418886,0.0841853277117186,1.2742749857031322e-06,6.661546714698721
fast_spectrum,540,32,2.6366508987303555e-06,5.002938468285602,0.0033605346509828493,0.1134760031770071,1.2742749857031322e-06,6.618709843300567
fast_spectrum,540,33,1.43844988828766e-05,2.137742145235339,0.006876996850220474,0.10021352329609473,1.6237767391887209e-06,6.73860302249456
fast_spectrum,540,34,1.6237767391887209e-06,6.5268590008779235,0.0032203649420998737,0.11103196911932578,1.2742749857031322e-06,6.5268590008779235
fast_spectrum,540,35,3.792690190732246e-07,16.114927451223497,0.013913681534497013,0.07616366079994394,2.06913808111479e-06,6.630931096034676
fast_spectrum,540,36,4.281332398719387e-06,3.8921000023014187,0.0064357433310500145,0.0944443121690637,1.2742749857031322e-06,6.687036071752997
fast_spectrum,540,37,4.281332398719387e-06,3.8401918752459836,0.006078578394565937,0.09060537065658807,1.2742749857031322e-06,6.588352187633523
fast_spectrum,540,38,3.359818286283781e-06,4.400782233732823,0.004880818664066422,0.10668459699536621,1.6237767391887209e-06,6.668010273154072
fast_spectrum,540,39,2.06913808111479e-06,5.836986004617645,0.011225159494155479,0.05725862144283233,1.2742749857031322e-06,6.7199657832575586
fast_spectrum,540,40,1.2742749857031322e-06,7.630102198011611,0.0025890216765132035,0.11060174442848587,2.6366508987303555e-06,6.601920518125989
fast_spectrum,540,41,2.3357214690901212e-07,21.43306774818385,0.015820952207116212,0.07205330297826147,1.6237767391887209e-06,6.633762093492704
fast_spectrum,540,42,3.359818286283781e-06,4.342805772267569,0.013198329483962823,0.06973907630767393,1.2742749857031322e-06,6.575374464660199
fast_spectrum,540,43,2.976351441631313e-07,18.83727862483634,0.015917646663812013,0.09353331219124789,1.1288378916846883e-05,6.681099524437261
fast_spectrum,540,44,0.01,0.012565040861561735,0.01417977066528453,0.027105314448592044,2.06913808111479e-06,6.674672523582482
fast_spectrum,540,45,0.01,0.011828159198443808,0.014205647546093436,0.10771718909097222,1e-06,6.585669690297374
fast_spectrum,540,46,0.01,0.013030641060700208,0.014207397484247264,0.01744858991972421,1e-06,6.709945553438799
fast_spectrum,540,47,2.976351441631313e-07,18.643443556100344,0.01472549445257365,0.07857385340637955,2.06913808111479e-06,6.599626701783989
fast_spectrum,540,48,3.792690190732246e-07,15.906165026390275,0.008646874716693342,0.0937770711487872,1.6237767391887209e-06,6.52942189679988
fast_spectrum,540,49,0.01,0.011615973261672241,0.014192489970098365,0.0514908936487959,1.2742749857031322e-06,6.548101412236842
fast_spectrum,540,50,2.06913808111479e-06,5.719332453843922,0.0017174799506866067,0.11356668233979708,2.06913808111479e-06,6.5878279959389
fast_spectrum,540,51,8.858667904100815e-06,2.6349006625584517,0.00929625111588972,0.10271063980496824,1.2742749857031322e-06,6.602150989921679
fast_spectrum,540,52,1.438449888287663e-07,28.79347090837903,0.025683921825385703,0.07919101192424251,2.06913808111479e-06,6.657381242591279
fast_spectrum,540,53,1.1288378916846883e-05,2.340041267652587,0.010088218430974849,0.06507566334028157,2.06913808111479e-06,6.595158247118254
fast_spectrum,540,54,7.847599703514607e-07,10.254499009725576,0.011461884692648194,0.08112684419150062,2.6366508987303555e-06,6.615122343077295
fast_spectrum,540,55,4.8329302385717524e-05,1.174469001522714,0.012154916904833835,0.05399718546619299,1e-06,6.649979562024546
fast_spectrum,540,56,1e-06,8.894530845404276,0.004494987011533724,0.09914391823401233,1.6237767391887209e-06,6.647897561904991
fast_spectrum,540,57,0.01,0.012701058959937435,0.014206689094952929,0.015333766083672358,2.06913808111479e-06,6.647884382445661
fast_spectrum,540,58,0.01,0.012234627772274558,0.014158189083764539,0.027320849586991647,1.2742749857031322e-06,6.611896639494019
fast_spectrum,540,59,0.01,0.01347582590721627,0.014180808157609026,0.026138971383312195,1.2742749857031322e-06,6.7205955884671615
fast_spectrum,540,60,2.976351441631313e-05,1.477459273773731,0.013954281484518605,0.027510045537991974,1.2742749857031322e-06,6.679750838155466
fast_spectrum,540,61,0.01,0.012132375959286283,0.014194198518456824,0.06433160766854162,1.6237767391887209e-06,6.572889396141671
fast_spectrum,540,62,8.858667904100815e-06,2.686076071379442,0.010867139259452818,0.061522554792825895,1.6237767391887209e-06,6.680089988009532
fast_spectrum,540,63,2.6366508987303555e-06,5.042387707963068,0.0032668993052026307,0.11468130903333158,1.2742749857031322e-06,6.672105315116724
fast_spectrum,540,64,0.01,0.013066485995461,0.01420414009253379,0.09970787286161151,1.6237767391887209e-06,6.564565758099718
fast_spectrum,540,65,2.6366508987303555e-06,5.086665796511116,0.0030573382225502765,0.10699557401806267,2.6366508987303555e-06,6.73467371025095
fast_spectrum,540,66,6.158482110660254e-07,11.902594818487312,0.017176134455499703,0.06973458893214284,2.6366508987303555e-06,6.597956570409883
fast_spectrum,540,67,1.1288378916846883e-05,2.359314040104683,0.011057016665960484,0.05751123645291838,1.2742749857031322e-06,6.609127671273049
fast_spectrum,540,68,7.847599703514607e-07,10.338525039003137,0.00698892358054215,0.08721862863495831,2.06913808111479e-06,6.662032017765724
fast_spectrum,540,69,0.01,0.012417076327166028,0.014186103390223859,0.05334318785218574,1.6237767391887209e-06,6.624690175578974
fast_spectrum,540,70,1.2742749857031322e-06,7.584415237381331,0.008378551496773246,0.08126350431626764,1.6237767391887209e-06,6.560636596570519
fast_spectrum,540,71,1e-06,8.77788046740226,0.005783570336394983,0.09276808886465118,1.2742749857031322e-06,6.55027481379635
fast_spectrum,540,72,2.976351441631313e-07,18.738193139180467,0.00962251564535832,0.10326207268436544,2.06913808111479e-06,6.662693053489219
fast_spectrum,540,73,1.6237767391887209e-06,6.678496486855705,0.010049767240711605,0.09009609446222526,1.2742749857031322e-06,6.678496486855705
fast_spectrum,540,74,1.8329807108324338e-07,24.696792946365107,0.02677635806776757,0.05695369341751283,1.6237767391887209e-06,6.548428307651396
fast_spectrum,540,75,6.158482110660254e-07,11.948445456906676,0.009075459840014233,0.09074415266850033,1.6237767391887209e-06,6.619575850857101
fast_spectrum,540,76,2.06913808111479e-06,5.6565810343835095,0.0021331455917126263,0.11060414318297206,2.06913808111479e-06,6.5241365187130285
fast_spectrum,540,77,2.06913808111479e-06,5.735740204853742,0.007047308132216212,0.08922251218851394,1.6237767391887209e-06,6.6076850171392065
fast_spectrum,540,78,2.06913808111479e-06,5.752475153744447,0.008363013435825906,0.08890327284158016,1.2742749857031322e-06,6.625857664893428
fast_spectrum,540,79,0.01,0.013165182476413947,0.014219538282870259,-0.005022862794856086,2.06913808111479e-06,6.7046675299526415
fast_spectrum,540,80,8.858667904100815e-08,37.16744340747452,0.04092717659468326,0.03821889794440964,2.6366508987303555e-06,6.603861688188683
fast_spectrum,540,81,4.281332398719387e-06,3.8460044366819415,0.005015760815219927,0.10299292995799914,1.6237767391887209e-06,6.636691467459499
fast_spectrum,540,82,3.792690190732246e-07,16.060606163349522,0.00844895497172371,0.1013491825124353,2.06913808111479e-06,6.623775411279118
fast_spectrum,540,83,4.832930238571752e-07,13.663789644370025,0.009170302226741645,0.08402015773272675,1.6237767391887209e-06,6.494294535332052
fast_spectrum,540,84,1.43844988828766e-05,2.132157699844454,0.011801993435953229,0.04928107631818986,1.6237767391887209e-06,6.68207693507913
fast_spectrum,540,85,0.01,0.011662851363057785,0.014205728583885469,0.07543577920948599,1.6237767391887209e-06,6.605705057978008
fast_spectrum,540,86,7.847599703514607e-07,10.333541498071405,0.00421276440190399,0.10330517578464586,1.6237767391887209e-06,6.648514057794106
fast_spectrum,540,87,1.2742749857031322e-06,7.680421488360718,0.007104647264748021,0.10335656070547568,4.281332398719387e-06,6.646278725183594
fast_spectrum,540,88,0.01,0.012247862264545797,0.01421172092597478,0.006080631463634886,1.2742749857031322e-06,6.5729518072717035
fast_spectrum,540,89,0.0018329807108324375,0.07384157608327857,0.014031881926457546,0.033595802759877176,1.2742749857031322e-06,6.605501274534795
fast_spectrum,540,90,1.1288378916846883e-07,32.65353801910092,0.03474884434918879,0.07977559228720708,3.359818286283781e-06,6.626007036275629
fast_spectrum,540,91,0.01,0.012267835538039687,0.014203060744394258,0.03380568052861182,2.06913808111479e-06,6.642183497308922
fast_spectrum,540,92,1.6237767391887209e-06,6.673294346401207,0.005159829873534916,0.09590166687335602,1.6237767391887209e-06,6.673294346401207
fast_spectrum,540,93,0.01,0.012049824379250083,0.014209310161473754,0.011729777407816958,1.6237767391887209e-06,6.607315300441629
fast_spectrum,540,94,2.976351441631313e-07,18.70240221580503,0.012470543425578517,0.1020854031255543,2.06913808111479e-06,6.648014150423334
fast_spectrum,540,95,1.1288378916846883e-05,2.4079502904726,0.005781512607791028,0.11176194688139181,2.06913808111479e-06,6.763096045576475
fast_spectrum,540,96,1e-06,8.930721496548617,0.0031212089576403423,0.10624161796562642,1.6237767391887209e-06,6.674042098564385
fast_spectrum,540,97,1.8329807108324338e-05,1.881454436546091,0.012563010477680603,0.04261415157530129,2.06913808111479e-06,6.677315561501668
fast_spectrum,540,98,1.1288378916846883e-07,33.07021684514824,0.03814911720330194,0.07038710706054005,2.6366508987303555e-06,6.694296708040353
fast_spectrum,540,99,4.281332398719387e-06,3.828032584602798,0.011066887115277702,0.08840171399049233,1.8329807108324338e-05,6.59736537515407
fast_spectrum,540,100,0.01,0.01239081594939679,0.014207717355321337,0.008082558124207774,1.6237767391887209e-06,6.717517480375092
fast_spectrum,540,101,0.01,0.012956162933625871,0.014204523207309694,0.05354651708405527,2.06913808111479e-06,6.691796485746712
fast_spectrum,540,102,0.01,0.012763602866244499,0.014196402780708883,0.03716508924666455,2.06913808111479e-06,6.58589955517502
fast_spectrum,540,103,2.06913808111479e-06,5.801290284888404,0.0022930248309912526,0.11148632703097854,1.2742749857031322e-06,6.679208050684092
fast_spectrum,540,104,0.01,0.013638986133235081,0.014215001265555971,0.0013315728541289347,2.06913808111479e-06,6.64598545328404
fast_spectrum,540,105,2.6366508987303555e-06,4.94785239963682,0.004501263416880841,0.10043180747407236,2.06913808111479e-06,6.552299437138492
fast_spectrum,540,106,0.00143844988828766,0.08753732043616526,0.014043008304782889,0.040081898028025115,1.2742749857031322e-06,6.671324930907498
fast_spectrum,540,107,0.01,0.012813990584420135,0.014220353371418248,-0.00669090544715454,1.6237767391887209e-06,6.598369398394492
fast_spectrum,540,108,6.158482110660254e-07,11.984339827124515,0.006894759602207978,0.10088369743633864,2.06913808111479e-06,6.649829776382487
fast_spectrum,540,109,7.847599703514607e-07,10.508262237258732,0.008067993825088937,0.08347804929417132,2.06913808111479e-06,6.779157115222985
fast_spectrum,540,110,0.0001274274985703132,0.6295880603727257,0.012241563972138492,0.06346674516822637,1.8329807108324338e-05,6.511081976399031
fast_spectrum,540,111,1.2742749857031322e-06,7.558773026391351,0.0017627169066566362,0.11481037647129799,2.6366508987303555e-06,6.539333500654731
fast_spectrum,540,112,0.01,0.011442175849921712,0.01420314573312964,0.03529199093066727,2.06913808111479e-06,6.629642705241996
fast_spectrum,540,113,2.06913808111479e-06,5.744708240146384,0.010479895834961783,0.07344986017398028,1.2742749857031322e-06,6.6228182676725105
fast_spectrum,540,114,6.158482110660254e-07,12.009999452825928,0.005287422414715026,0.10923215838106513,2.06913808111479e-06,6.662642487403204
fast_spectrum,540,115,1.2742749857031322e-06,7.639504684352747,0.009988452137742465,0.08324231602097258,2.6366508987303555e-06,6.609706630321341
fast_spectrum,540,116,0.01,0.012600171999000744,0.014207885035054324,0.03788735764700787,1.2742749857031322e-06,6.730867762250747
fast_spectrum,540,117,4.281332398719387e-06,3.843672676904861,0.009548374350251132,0.07425766217278826,2.06913808111479e-06,6.61717325776458
fast_spectrum,540,118,0.01,0.011304026368759811,0.014188933478664012,0.025121481432168892,2.06913808111479e-06,6.6657897000572515
fast_spectrum,540,119,2.06913808111479e-06,5.7898059938316955,0.002495723716596676,0.11274737305671369,2.6366508987303555e-06,6.667854036045074
fast_spectrum,540,120,1.6237767391887209e-06,6.741826018089814,0.002434379896058436,0.11551118748560073,3.359818286283781e-06,6.741826018089814
fast_spectrum,540,121,3.792690190732246e-07,16.019033932132743,0.011757024591473542,0.10885925191118728,2.6366508987303555e-06,6.569327327421421
fast_spectrum,540,122,2.6366508987303555e-06,5.015475874785103,0.0033151551319785533,0.11383714488912594,1.6237767391887209e-06,6.633373117526141
fast_spectrum,540,123,2.0691380811147902e-08,75.36478144255112,0.08279368450574598,0.05019451011933017,1.2742749857031322e-06,6.636964091066448
fast_spectrum,540,124,7.847599703514607e-07,10.301939555514833,0.01471656054431758,0.0635762272282065,1.43844988828766e-05,6.616377934451078
fast_spectrum,540,125,8.858667904100815e-08,37.334125493823294,0.03598505686366216,0.08677307535589997,2.6366508987303555e-06,6.593163829323988
fast_spectrum,540,126,0.01,0.012922407122102552,0.014200877064705852,0.10578851069775774,2.06913808111479e-06,6.621055024273997
fast_spectrum,540,127,2.976351441631313e-07,18.682756950459158,0.017917035179227492,0.09573345795426971,2.06913808111479e-06,6.637884566429048
fast_spectrum,540,128,5.455594781168514e-06,3.369681393017587,0.010017857733482849,0.07512755735161644,1.2742749857031322e-06,6.599156479828567
fast_spectrum,540,129,7.847599703514607e-07,10.384987906290736,0.005618809388517443,0.09677584174507171,1.6237767391887209e-06,6.696104022262679
fast_spectrum,540,130,5.455594781168514e-06,3.4287332371544395,0.0064530796060168205,0.09249232516282004,1.2742749857031322e-06,6.687618245872122
fast_spectrum,540,131,0.01,0.012013607195165726,0.014200148367324195,0.0805218663132953,1.6237767391887209e-06,6.570076802865259
fast_spectrum,540,132,2.06913808111479e-06,5.808990998080136,0.0022234039315834897,0.1108364566286594,2.06913808111479e-06,6.6909290859066655
fast_spectrum,540,133,0.01,0.012922231713094062,0.014210246901117496,0.040317212634238216,2.06913808111479e-06,6.611206590896262
fast_spectrum,540,134,0.01,0.013068201603838009,0.014201222167090632,0.02641892248104632,1.6237767391887209e-06,6.59043915180883
fast_spectrum,540,135,4.832930238571752e-07,13.923935614366908,0.016867921660376872,0.07363738709753798,2.06913808111479e-06,6.6639403339381
fast_spectrum,540,136,1.2742749857031322e-06,7.690314786015161,0.005200110469519403,0.09542915913845902,1.2742749857031322e-06,6.653848850142336
fast_spectrum,540,137,0.01,0.013211766623716792,0.014208210125524645,0.05999211373469497,1.6237767391887209e-06,6.6167383898274466
fast_spectrum,540,138,8.858667904100815e-06,2.6939412792184028,0.009578827838792714,0.06836794508854442,1.2742749857031322e-06,6.7069116783911396
fast_spectrum,540,139,0.01,0.013929345483480318,0.014226287361165602,-0.01229848289840074,1.2742749857031322e-06,6.70656615993102
fast_spectrum,540,140,2.6366508987303555e-06,5.055037073143368,0.004590876798738486,0.10608405980860414,1.6237767391887209e-06,6.689328852605195
fast_spectrum,540,141,4.832930238571752e-07,13.886520067359196,0.016153619587096824,0.049037531009983155,2.06913808111479e-06,6.629998775939409
fast_spectrum,540,142,0.01,0.012062856944823602,0.014185955853407761,0.05773311701055517,1.6237767391887209e-06,6.604362290584044
fast_spectrum,540,143,6.158482110660254e-07,12.051602069803831,0.0033205970721444933,0.10585215599743034,1.2742749857031322e-06,6.690488971095614
fast_spectrum,540,144,1.2742749857031322e-06,7.669928278857617,0.0023724529268962513,0.10973414937271296,1.2742749857031322e-06,6.635356636038004
fast_spectrum,540,145,4.281332398719387e-06,3.843307478427069,0.006433261904712273,0.09205775149437916,2.06913808111479e-06,6.63412526153453
fast_spectrum,540,146,1.438449888287663e-07,28.674590409525226,0.023009469675049132,0.06326746111186037,1.6237767391887209e-06,6.612468336193023
fast_spectrum,540,147,1.6237767391887209e-06,6.612673227293144,0.0036652155280859633,0.10490080387057044,2.06913808111479e-06,6.612673227293144
fast_spectrum,540,148,1.2742749857031322e-06,7.628913925151895,0.0021361556956415173,0.1107256943996565,2.06913808111479e-06,6.5986313250205235
fast_spectrum,540,149,3.359818286283781e-06,4.453704882884239,0.006418825336596212,0.09794220088482415,2.06913808111479e-06,6.730590338024328
fast_spectrum,540,150,8.858667904100815e-06,2.665026542051619,0.004344372936023855,0.1125234525043096,2.6366508987303555e-06,6.6419665069414116
fast_spectrum,540,151,2.976351441631313e-05,1.468350452620634,0.010252650637333494,0.0630858804125789,2.3357214690901213e-05,6.613977157139148
fast_spectrum,540,152,4.281332398719387e-06,3.892174679239112,0.003783481566255631,0.10271092299533327,1.6237767391887209e-06,6.708787458363732
fast_spectrum,540,153,0.01,0.013058292524665031,0.01420346504231007,0.013898135435777333,1.6237767391887209e-06,6.620411104107239
fast_spectrum,540,154,1.6237767391887209e-06,6.601945196732803,0.0045784249832933055,0.10244000911339353,2.06913808111479e-06,6.601945196732803
fast_spectrum,540,155,2.6366508987303555e-06,5.005856751787572,0.005985778264103403,0.09410253350247295,1.6237767391887209e-06,6.624010872684244
fast_spectrum,540,156,4.832930238571752e-07,13.97055240605199,0.011123894896320485,0.10339532800212764,2.6366508987303555e-06,6.665631440293086
fast_spectrum,540,157,7.847599703514606e-05,0.8849441487395335,0.010935372539193966,0.06936719450706542,1.8329807108324338e-05,6.667026645261799
fast_spectrum,540,158,0.01,0.012968357889036946,0.014229384811454304,-0.018312311241547207,1e-06,6.551611008577736
fast_spectrum,540,159,2.6366508987303555e-06,4.981983443812152,0.004629891556627852,0.10140036626374486,1.2742749857031322e-06,6.597165017437561
fast_spectrum,540,160,8.858667904100815e-06,2.68481605850911,0.006344031535154393,0.08966975051546192,1.2742749857031322e-06,6.711356456027475
fast_spectrum,540,161,2.6366508987303555e-06,4.96174087902421,0.002705295047156331,0.11214286368550276,1.2742749857031322e-06,6.568686716116419
fast_spectrum,540,162,2.3357214690901212e-07,21.543332476451052,0.011524704691222243,0.09702159713660936,1.6237767391887209e-06,6.5948918905807865
fast_spectrum,540,163,2.06913808111479e-06,5.694010139648547,0.005525778775976042,0.09464198296809011,1.6237767391887209e-06,6.56432420718851
fast_spectrum,540,164,3.359818286283781e-06,4.395842789370508,0.003933854746716037,0.10531335725259969,1.2742749857031322e-06,6.6516129165772355
fast_spectrum,540,165,0.01,0.011744448205423905,0.014204609634088539,0.07969778657941888,1e-06,6.661038199931032
fast_spectrum,540,166,1.438449888287663e-07,28.640649733906383,0.015531191090000895,0.09346493129829588,1.2742749857031322e-06,6.610236095246592
fast_spectrum,540,167,0.01,0.013163045597388286,0.014201286331287033,0.036844525769410545,1.2742749857031322e-06,6.720460876457797
fast_spectrum,540,168,0.01,0.013620240383975973,0.014227103621714088,-0.010758222923633078,2.06913808111479e-06,6.5991927061302915
fast_spectrum,540,169,0.0001,0.749048648945797,0.013219645956542903,0.03522658176174137,1.6237767391887209e-06,6.660636899599971
fast_spectrum,540,170,2.3357214690901212e-07,21.356348732139836,0.02918878123535773,0.044848649222568565,8.858667904100815e-06,6.574607384770648
fast_spectrum,540,171,0.01,0.012976153688045208,0.014192315328038108,0.039672713228927216,1.2742749857031322e-06,6.621931611556094
fast_spectrum,540,172,0.01,0.013452167289843785,0.014193000484468588,0.03425616492322823,7.847599703514607e-07,6.681527210087708
fast_spectrum,540,173,0.01,0.013057262732220475,0.01416707762136138,0.0334221885236475,1.6237767391887209e-06,6.612665906726921
fast_spectrum,540,174,6.951927961775605e-08,42.72124020789986,0.036890248953245885,0.04584684255371848,1e-06,6.687916039049571
fast_spectrum,540,175,6.951927961775606e-06,3.0176963581263085,0.010193058015409706,0.08020984483733931,3.359818286283781e-06,6.657416235539574
fast_spectrum,540,176,0.01,0.012255328775261688,0.01419236938434898,0.0510948645807255,1.2742749857031322e-06,6.497097148085031
fast_spectrum,540,177,0.01,0.012580137380410457,0.014174583674711472,0.04629610454944719,2.6366508987303555e-06,6.621462123634169
fast_spectrum,540,178,5.455594781168514e-06,3.3772171770316435,0.009446155398629696,0.06938003435660446,1.6237767391887209e-06,6.590676990827607
fast_spectrum,540,179,0.01,0.012709694832829022,0.014187282742100793,0.058604888358289975,1.6237767391887209e-06,6.649480399579693
fast_spectrum,540,180,8.858667904100815e-06,2.698471587053167,0.007527099787291713,0.09185947958864386,1.6237767391887209e-06,6.6898051365499915
fast_spectrum,540,181,2.3357214690901213e-05,1.6651238285496022,0.011566023590228847,0.05681838738617526,1e-06,6.622822624844198
fast_spectrum,540,182,0.01,0.012598933204161921,0.014205474451247535,0.03446194232650855,1.6237767391887209e-06,6.653242138193396
fast_spectrum,540,183,0.01,0.012864573851229997,0.01416050133384028,0.02702044934036486,2.06913808111479e-06,6.63455649712889
fast_spectrum,540,184,2.06913808111479e-06,5.763674655915059,0.0048544111707370385,0.09722963154176624,1.2742749857031322e-06,6.638852631191526
fast_spectrum,540,185,0.01,0.012526085373650193,0.014175957365029856,0.03261850987402824,1e-06,6.618588418461287
fast_spectrum,540,186,2.3357214690901212e-07,21.625228395324644,0.015593414683977569,0.07056170561450444,1.6237767391887209e-06,6.697272070225818
fast_spectrum,540,187,1e-06,8.946179629658467,0.00373905221807469,0.10827022549022722,2.6366508987303555e-06,6.683172246476008
fast_spectrum,540,188,0.006158482110660254,0.021766688999470464,0.014219045073199377,-0.0026717660285755247,1.2742749857031322e-06,6.634174243184242
fast_spectrum,540,189,1e-06,8.839689730511497,0.0024565445478015313,0.11424545442017164,2.06913808111479e-06,6.602049162441882
fast_spectrum,540,190,0.01,0.01227307245458879,0.014182472023543391,0.039657831207995514,2.06913808111479e-06,6.673785913125712
fast_spectrum,540,191,2.3357214690901212e-07,21.478711740817346,0.021775586017378057,0.04834056896141261,1.6237767391887209e-06,6.585063313976301
fast_spectrum,540,192,1.8329807108324338e-05,1.862852140791519,0.009270863688540798,0.07319909321119344,1.2742749857031322e-06,6.610142818945618
fast_spectrum,540,193,3.792690190732246e-05,1.28530098149748,0.009386660224856569,0.08315623788648599,2.06913808111479e-06,6.595163808992562
fast_spectrum,540,194,0.0006951927961775591,0.16297296442755868,0.014236994206936249,0.00013153157823103616,1.6237767391887209e-06,6.680312223416
fast_spectrum,540,195,0.01,0.012874943713973094,0.014194390899994969,0.04145949026728093,1.2742749857031322e-06,6.590738112765264
fast_spectrum,540,196,2.3357214690901213e-05,1.6293378977289266,0.009090959146956679,0.07177963065908449,1.43844988828766e-05,6.578426713662743
fast_spectrum,540,197,2.6366508987303555e-06,5.005451867346118,0.006488682480720431,0.0885599271501944,1.6237767391887209e-06,6.633035540928354
fast_spectrum,540,198,0.01,0.014290528291209716,0.014206345677236332,0.08065011802552027,1.2742749857031322e-06,6.696664385929307
fast_spectrum,540,199,1e-06,8.904324718607947,0.012625336263275111,0.0839560106621843,3.359818286283781e-06,6.6632292335738
fast_spectrum,720,0,6.158482110660254e-07,11.963883698764358,0.00396695292252458,0.1126657626633588,1.6237767391887209e-06,6.6220256515003735
fast_spectrum,720,1,1.6237767391887209e-06,6.75221385252822,0.0012158368743774295,0.11482335193797691,1.6237767391887209e-06,6.75221385252822
fast_spectrum,720,2,0.01,0.012889649169581121,0.014219859137020174,-0.010885322529405564,7.847599703514607e-07,6.665570006413342
fast_spectrum,720,3,4.281332398719387e-06,3.8458245330999685,0.0056575282328581444,0.10114827842139507,1e-06,6.645345568051831
fast_spectrum,720,4,0.01,0.012634973424980062,0.01419092847842518,0.10035086208907974,2.6366508987303555e-06,6.686836549688015
fast_spectrum,720,5,2.3357214690901212e-07,21.537734952742348,0.008145502582945663,0.096148525248523,1.2742749857031322e-06,6.560649304205853
fast_spectrum,720,6,0.01,0.012726661437961216,0.014168295296108302,0.039150245364320234,2.6366508987303555e-06,6.696097686433945
fast_spectrum,720,7,1e-06,8.884216039481641,0.003705429668788507,0.10959186758170184,2.6366508987303555e-06,6.627959858665401
fast_spectrum,720,8,7.847599703514606e-05,0.8863633961857645,0.013370664184989,0.031852207030851606,1.2742749857031322e-06,6.69605572215455
fast_spectrum,720,9,6.158482110660254e-07,12.045466547812548,0.010902180685931961,0.07170303017066769,1.6237767391887209e-06,6.6642470523284345
fast_spectrum,720,10,0.01,0.013032293934564855,0.014189249357671185,0.057823687463204904,1.2742749857031322e-06,6.664227601021301
fast_spectrum,720,11,0.01,0.013457723598700929,0.014176842987188243,0.05480108083466771,2.06913808111479e-06,6.687188881620093
fast_spectrum,720,12,4.832930238571752e-07,14.089232934342723,0.003009686159900604,0.1097926764198072,1.2742749857031322e-06,6.723709774748177
fast_spectrum,720,13,1.8329807108324338e-07,24.912032517146635,0.018565142555062586,0.07596922886950998,1.6237767391887209e-06,6.59936300620632
fast_spectrum,720,14,2.976351441631313e-07,18.896162473100734,0.011452299583746939,0.09898737168046673,2.06913808111479e-06,6.673884516936823
fast_spectrum,720,15,6.158482110660254e-07,12.032145703886593,0.005051540911593544,0.0980459116611025,1.2742749857031322e-06,6.650475660552445
fast_spectrum,720,16,7.847599703514607e-07,10.411960719604458,0.00729367851777718,0.095297106368934,2.06913808111479e-06,6.686571086490398
fast_spectrum,720,17,1.8329807108324338e-07,24.86078036272042,0.013946144780845882,0.08571381504437571,1.6237767391887209e-06,6.60638113360306
fast_spectrum,720,18,0.01,0.012993406050343905,0.014200801645478656,0.07193431691121485,1e-06,6.69155655980819
fast_spectrum,720,19,8.858667904100815e-06,2.637533399428716,0.013336222440020529,0.04061463245085914,7.847599703514607e-07,6.580729516082447
fast_spectrum,720,20,3.792690190732246e-07,16.110700548015775,0.016558726662835976,0.10561451449506305,1.1288378916846883e-05,6.584347659627543
fast_spectrum,720,21,0.01,0.012392003222210589,0.014196131529046752,0.030590567112659804,1.6237767391887209e-06,6.519285158969778
fast_spectrum,720,22,1.1288378916846883e-07,32.93010480781553,0.01843496827413027,0.0695986943177856,1.2742749857031322e-06,6.598666807557485
fast_spectrum,720,23,1.6237767391887209e-06,6.627521181950433,0.001193487923782599,0.11528987291162088,1.2742749857031322e-06,6.627521181950433
fast_spectrum,720,24,3.792690190732246e-05,1.302692797490166,0.010037861681463478,0.08166798209326807,1.6237767391887209e-06,6.64876728573053
fast_spectrum,720,25,0.01,0.011784426709230944,0.014211477071985112,0.013465226201020381,1.2742749857031322e-06,6.59077367572629
fast_spectrum,720,26,0.01,0.013066221343095598,0.014206158089463461,0.020390697994313547,1.6237767391887209e-06,6.659001996129073
fast_spectrum,720,27,6.951927961775606e-06,2.9951519496991583,0.006048692636230868,0.10159562380255945,1.6237767391887209e-06,6.631799280659511
fast_spectrum,720,28,4.832930238571752e-07,13.971858406977983,0.01281330683648918,0.07070688636245337,1.6237767391887209e-06,6.657429957639482
fast_spectrum,720,29,4.832930238571752e-07,13.847035699230997,0.008140996958316826,0.08484141132606302,1.6237767391887209e-06,6.57836172207521
fast_spectrum,720,30,1.438449888287663e-07,28.69963803215092,0.02378977902392676,0.08742374140192036,2.06913808111479e-06,6.617447925528863
fast_spectrum,720,31,5.4555947811685146e-08,48.720845024167026,0.04393721016340435,0.054155824306859446,1.2742749857031322e-06,6.619392433844091
fast_spectrum,720,32,0.01,0.01235384673105112,0.01420416553277526,0.1012665153162714,1e-06,6.66284526543357
fast_spectrum,720,33,1.438449888287663e-07,29.113610147014512,0.010406115182298947,0.09338726847935623,1.6237767391887209e-06,6.747810291462425
fast_spectrum,720,34,2.976351441631313e-05,1.4557535233069805,0.01166885846946697,0.05643847179081185,1e-06,6.5827953286225265
fast_spectrum,720,35,2.3357214690901212e-07,21.68651571036473,0.019686622565808554,0.07815300689640522,2.06913808111479e-06,6.630337796659486
fast_spectrum,720,36,1.6237767391887209e-06,6.698207565520294,0.004098290744028565,0.10279892129326802,1.2742749857031322e-06,6.698207565520294
fast_spectrum,720,37,8.858667904100815e-06,2.6566784394540632,0.0076957701901799735,0.08246954966780592,1e-06,6.583207337809109
fast_spectrum,720,38,2.3357214690901213e-05,1.6688999815404246,0.010655522027069653,0.06543945469911105,1e-06,6.687279312902759
fast_spectrum,720,39,0.01,0.013394616199317526,0.014206184463318894,0.10156529946632699,1.2742749857031322e-06,6.732110632302242
fast_spectrum,720,40,2.06913808111479e-06,5.76585588836438,0.0015570465827428048,0.113229581209764,2.06913808111479e-06,6.6464753789453805
fast_spectrum,720,41,3.792690190732246e-07,16.042167426877395,0.007918072106039786,0.09204070304303011,1.6237767391887209e-06,6.617231336044092
fast_spectrum,720,42,0.00143844988828766,0.08368136635203195,0.013924831510647828,0.026703272216194753,1.2742749857031322e-06,6.625458650509491
fast_spectrum,720,43,6.951927961775606e-06,3.0128210685309385,0.006687763098364274,0.08788138399110793,2.6366508987303555e-06,6.683037029236678
fast_spectrum,720,44,8.858667904100815e-08,38.01351363163899,0.022879289367350175,0.060688818751418315,1.2742749857031322e-06,6.704977616947553
fast_spectrum,720,45,1.2742749857031322e-06,7.638049232209413,0.0029542148832900628,0.11111079340055355,1e-06,6.607607264588691
fast_spectrum,720,46,8.858667904100815e-08,38.22417098657451,0.018140488417895506,0.07863554306676862,1.2742749857031322e-06,6.754954898093377
fast_spectrum,720,47,3.792690190732246e-07,16.14919934875352,0.009469239248984684,0.0932877706571883,1.6237767391887209e-06,6.602726782946212
fast_spectrum,720,48,1.8329807108324338e-07,24.835309487183043,0.014986830726019695,0.09110879398287212,1.6237767391887209e-06,6.550441580333693
fast_spectrum,720,49,6.158482110660254e-07,11.94293339000453,0.004146935219956349,0.10107881805344973,1e-06,6.6014664248025365
fast_spectrum,720,50,5.455594781168514e-06,3.3910432346541874,0.005337471586454479,0.11369818622567897,1.6237767391887209e-06,6.650114572617226
fast_spectrum,720,51,1.438449888287663e-07,28.918573183053876,0.020788060093365868,0.07410474202416364,1.6237767391887209e-06,6.62743742354418
fast_spectrum,720,52,7.847599703514607e-07,10.370073002198296,0.0033518043375876383,0.11081614978207638,2.06913808111479e-06,6.661023934220979
fast_spectrum,720,53,6.158482110660255e-05,0.9905164051556048,0.013025194040095833,0.03540026654141042,1.2742749857031322e-06,6.630736632137119
fast_spectrum,720,54,2.976351441631313e-07,18.698629636905036,0.01125788765626723,0.0913658303595924,2.06913808111479e-06,6.634055463790024
fast_spectrum,720,55,1.8329807108324338e-07,25.04629927714375,0.01327575823173388,0.07500739877140122,1.2742749857031322e-06,6.633394406883713
fast_spectrum,720,56,2.6366508987303555e-06,5.024660829327607,0.005043153600454264,0.09776761859175653,1.6237767391887209e-06,6.645551645850809
fast_spectrum,720,57,1.2742749857031322e-06,7.697879435361271,0.005199020564154888,0.09875345568917229,1.6237767391887209e-06,6.657133213456111
fast_spectrum,720,58,0.01,0.012182750098249153,0.014166560777973403,0.03237510544854357,1e-06,6.610158558454797
fast_spectrum,720,59,1.1288378916846883e-07,33.189926645393015,0.016156116244230745,0.07268912858585234,1.2742749857031322e-06,6.697257974716836
fast_spectrum,720,60,7.847599703514607e-07,10.371281050803805,0.009401503266323497,0.07791706171224623,1.6237767391887209e-06,6.661349451090248
fast_spectrum,720,61,4.832930238571752e-07,13.949171119055022,0.005333735534944872,0.10531092038872614,2.06913808111479e-06,6.627006788542089
fast_spectrum,720,62,0.01,0.012575200221811042,0.014200170952712199,0.04899157195509052,1.2742749857031322e-06,6.691576313757868
fast_spectrum,720,63,1.2742749857031322e-06,7.693371106059407,0.0033940016068736423,0.10640731663819161,1.2742749857031322e-06,6.651861878443586
fast_spectrum,720,64,6.951927961775606e-06,2.9587490257517044,0.006059636941753488,0.1115889650601621,1.2742749857031322e-06,6.595318018399892
fast_spectrum,720,65,1.8329807108324338e-05,1.888738453522171,0.009362429904055669,0.07005912707802993,1.6237767391887209e-06,6.712421372194355
fast_spectrum,720,66,0.01,0.012948760608177071,0.01417318509004939,0.036474703451008506,1.6237767391887209e-06,6.644251074435637
fast_spectrum,720,67,2.06913808111479e-06,5.804655238495453,0.0036229614036186186,0.10601568545707184,1.2742749857031322e-06,6.685083638362491
fast_spectrum,720,68,7.847599703514607e-07,10.362924186688524,0.006918456382572047,0.09127895318080267,2.06913808111479e-06,6.660331124271764
fast_spectrum,720,69,1.1288378916846883e-07,33.0665970674846,0.022932421718216967,0.058400122812375825,1.2742749857031322e-06,6.602910751176321
fast_spectrum,720,70,3.359818286283781e-06,4.359302262785531,0.007528226391106063,0.08271782937439053,1.2742749857031322e-06,6.595509299361809
fast_spectrum,720,71,2.06913808111479e-06,5.690933616364238,0.0028737704382335583,0.10792387660652097,1e-06,6.563592934155265
fast_spectrum,720,72,2.976351441631313e-05,1.4863206723429963,0.00984204890320095,0.06967884537964156,1.2742749857031322e-06,6.6805375665859765
fast_spectrum,720,73,2.976351441631313e-07,18.946933863370063,0.01270857464179942,0.09419821698084327,1.6237767391887209e-06,6.728103417875689
fast_spectrum,720,74,0.01,0.011747442026982052,0.014208653886890077,0.01288165532374061,1.6237767391887209e-06,6.629255474286244
fast_spectrum,720,75,2.976351441631313e-07,18.862884480340288,0.00855175438203748,0.09999852261054715,1.6237767391887209e-06,6.668453106851745
fast_spectrum,720,76,1.2742749857031322e-06,7.576460879285202,0.0028860406928202798,0.11293496835360045,2.06913808111479e-06,6.548031041401062
fast_spectrum,720,77,1.1288378916846883e-05,2.339118113395105,0.0108474801262598,0.061310756023738894,1e-06,6.6233209963018895
fast_spectrum,720,78,7.847599703514607e-07,10.309500870223903,0.009199736233121092,0.09122669124511318,1.6237767391887209e-06,6.629452168239053
fast_spectrum,720,79,4.832930238571752e-07,14.071420527509078,0.009260576555511824,0.09219487197458576,2.06913808111479e-06,6.702496770354846
fast_spectrum,720,80,3.792690190732246e-05,1.316226617581078,0.012111600853060511,0.046368725178955794,1.2742749857031322e-06,6.663532532559548
fast_spectrum,720,81,6.158482110660254e-07,11.976206685424296,0.002886295726132193,0.10765987322704053,1.2742749857031322e-06,6.618545003664368
fast_spectrum,720,82,5.455594781168514e-06,3.3690375912085595,0.0034702147062006805,0.11401087893956152,1.6237767391887209e-06,6.608798502243701
fast_spectrum,720,83,0.00016237767391887175,0.5325821305635523,0.014267374948184752,0.0044488460836558,1.2742749857031322e-06,6.535517254787595
fast_spectrum,720,84,2.3357214690901212e-07,21.937376056431322,0.012570952312835337,0.06938753807901585,1.2742749857031322e-06,6.695672237633567
fast_spectrum,720,85,1.1288378916846883e-05,2.355068428934383,0.010668514525200679,0.06539832122412532,1e-06,6.628200991847115
fast_spectrum,720,86,6.951927961775606e-06,3.0301793948825377,0.006260275301980367,0.11498474664479097,1.2742749857031322e-06,6.698824865240487
fast_spectrum,720,87,0.01,0.013208927353461235,0.01418130337931156,0.06322833811019885,1.6237767391887209e-06,6.655176412591715
fast_spectrum,720,88,3.359818286283781e-06,4.3545959829445815,0.007773579248968043,0.08064078038375766,1.2742749857031322e-06,6.584252411384098
fast_spectrum,720,89,0.01,0.01382185650297849,0.014189886263987317,0.041503432640137054,1e-06,6.6646259937917955
fast_spectrum,720,90,0.01,0.01253645866496544,0.014213037529811512,0.003558786268275738,1.6237767391887209e-06,6.6573119442436814
fast_spectrum,720,91,1.6237767391887209e-06,6.6078352442346855,0.003269852312963284,0.10620431359805017,1.6237767391887209e-06,6.6078352442346855
fast_spectrum,720,92,2.976351441631313e-07,18.762123312269186,0.013741133908881764,0.06946701117239304,1.6237767391887209e-06,6.655009166304541
fast_spectrum,720,93,4.281332398719387e-06,3.849309798758452,0.004029139115750979,0.11303046842251875,1e-06,6.6326881262627495
fast_spectrum,720,94,0.01,0.013641884698766388,0.01419269889559538,0.07679690742519449,2.06913808111479e-06,6.650157212445397
fast_spectrum,720,95,0.01,0.013492286925969413,0.014206116538157953,0.07611392941080723,1.6237767391887209e-06,6.741355841588987
fast_spectrum,720,96,6.158482110660254e-07,12.066566988637994,0.0026698361962598227,0.1091445039563043,1.6237767391887209e-06,6.681675565722711
fast_spectrum,720,97,1e-06,8.989401232112222,0.013924405560006514,0.08219091113668381,2.6366508987303555e-06,6.710673814385761
fast_spectrum,720,98,3.359818286283781e-06,4.41089011979493,0.006347436437766918,0.09219224016685026,1.6237767391887209e-06,6.681258885249582
fast_spectrum,720,99,2.06913808111479e-06,5.74164456562857,0.008548519114780051,0.10117547589058005,8.858667904100815e-06,6.6161135619064675
fast_spectrum,720,100,2.6366508987303555e-06,5.059191459440413,0.008124294260100862,0.08579588374457918,1.6237767391887209e-06,6.690629937358498
fast_spectrum,720,101,2.976351441631313e-07,18.88689220255128,0.01279015529754346,0.0833367570175885,2.06913808111479e-06,6.718634774496464
fast_spectrum,720,102,4.832930238571752e-07,13.865611516834267,0.006892195308445537,0.11535012657697735,3.359818286283781e-06,6.587083672852485
fast_spectrum,720,103,0.01,0.012342085531648644,0.01420193293048988,0.10746011375991783,1.2742749857031322e-06,6.670980544971812
fast_spectrum,720,104,6.158482110660254e-07,12.046513653448729,0.011760621871121923,0.06008538230920346,1.6237767391887209e-06,6.661887236556542
fast_spectrum,720,105,1.6237767391887209e-06,6.582320840661962,0.004414039970475736,0.10694611865594057,2.06913808111479e-06,6.582320840661962
fast_spectrum,720,106,7.847599703514607e-07,10.364720746998957,0.0021396149841768075,0.11094416095144236,1.2742749857031322e-06,6.66910715223952
fast_spectrum,720,107,1.6237767391887209e-06,6.631791449672878,0.010524526309918403,0.06101187901094738,1.6237767391887209e-06,6.631791449672878
fast_spectrum,720,108,2.6366508987303555e-06,5.0268295913788545,0.0013937106759881468,0.11408912839781399,2.06913808111479e-06,6.655456263509547
fast_spectrum,720,109,7.847599703514607e-07,10.50074063635186,0.006399501833115662,0.09203606294442444,2.06913808111479e-06,6.765429617348829
fast_spectrum,720,110,3.792690190732246e-07,16.042991998323995,0.018075063572914996,0.08122214330583896,1.43844988828766e-05,6.573240147248345
fast_spectrum,720,111,2.6366508987303555e-06,4.95643929039745,0.0010610546303250201,0.11649011221146412,2.06913808111479e-06,6.561820622266741
fast_spectrum,720,112,1.6237767391887209e-06,6.631144928494925,0.009455888722976091,0.06973816172435875,1.6237767391887209e-06,6.631144928494925
fast_spectrum,720,113,1.2742749857031322e-06,7.712875041516707,0.006644537867478317,0.09664265962208543,1.6237767391887209e-06,6.669268598754983
fast_spectrum,720,114,0.0003359818286283774,0.3200424028030383,0.013289215730867054,0.04374156764553971,1.2742749857031322e-06,6.6540826415624155
fast_spectrum,720,115,0.01,0.012847245661531129,0.014200421384414463,0.0330219858620934,1.2742749857031322e-06,6.660095989030301
fast_spectrum,720,116,3.792690190732246e-05,1.3292335223642708,0.013256590559299508,0.03333580225726125,1.2742749857031322e-06,6.722411275837539
fast_spectrum,720,117,2.06913808111479e-06,5.743529176055155,0.007552105768283579,0.0819768964221802,1.2742749857031322e-06,6.619840827129257
fast_spectrum,720,118,2.3357214690901212e-07,21.73535001871223,0.025412045577330122,0.06555853065174883,2.06913808111479e-06,6.668417488967648
fast_spectrum,720,119,1.8329807108324338e-07,25.066890784195287,0.018783271402274426,0.10121769778518205,2.6366508987303555e-06,6.660755974002723
fast_spectrum,720,120,2.6366508987303555e-06,5.086595830041693,0.0032501704585129465,0.10899776621219612,2.6366508987303555e-06,6.73182535250203
fast_spectrum,720,121,1.8329807108324338e-05,1.8637588072621538,0.007739248437801605,0.09955882855989456,1.6237767391887209e-06,6.573451001625065
fast_spectrum,720,122,6.951927961775606e-06,3.020077032468023,0.006643894090742286,0.11144994547928527,1.2742749857031322e-06,6.682647095853701
fast_spectrum,720,123,1e-06,8.872778977946606,0.010002626366178657,0.085057871700519,1.2742749857031322e-06,6.625546152094446
fast_spectrum,720,124,0.01,0.013163237582202315,0.014208328478695798,0.016508698516249053,1e-06,6.680842177521832
fast_spectrum,720,125,1.1288378916846883e-05,2.349275561117766,0.007077896052957389,0.08602893610992034,1.6237767391887209e-06,6.58303710983436
fast_spectrum,720,126,4.832930238571752e-07,14.007136928118127,0.007094616136879117,0.09848244237983161,2.06913808111479e-06,6.659621525790085
fast_spectrum,720,127,2.6366508987303555e-06,5.040009793347325,0.005470090941837147,0.098213676571711,1.6237767391887209e-06,6.676488436427548
fast_spectrum,720,128,0.01,0.01268135116829809,0.014214156528306932,0.007396326966420495,1.2742749857031322e-06,6.636477305706289
fast_spectrum,720,129,7.847599703514607e-07,10.416009585561174,0.0033331801039749864,0.10711400767211222,1.6237767391887209e-06,6.709028464288901
fast_spectrum,720,130,2.06913808111479e-06,5.797638092031338,0.004969159548470881,0.0970433264134567,1e-06,6.679755105395275
fast_spectrum,720,131,0.01,0.012196792818284976,0.014205060516380597,0.09667377689303562,1.2742749857031322e-06,6.623018525370263
fast_spectrum,720,132,1.2742749857031322e-06,7.723563596244775,0.002928713763466817,0.11142652057781727,2.06913808111479e-06,6.681398521905381
fast_spectrum,720,133,0.01,0.012436429126583853,0.014208302819378904,0.0597238135543805,1.2742749857031322e-06,6.5673017115273105
fast_spectrum,720,134,0.01,0.012944001226455979,0.014185892255965449,0.06523575910406566,1.2742749857031322e-06,6.6037878568739075
fast_spectrum,720,135,2.06913808111479e-06,5.783087652512104,0.005264903835230372,0.09712239563402272,1.6237767391887209e-06,6.663574983275635
fast_spectrum,720,136,1.2742749857031322e-06,7.719776174538959,0.0021466077257104033,0.11131454710892082,1.2742749857031322e-06,6.6765521309681795
fast_spectrum,720,137,2.976351441631313e-07,18.712970081766933,0.007214289296020415,0.09533438844209863,1.2742749857031322e-06,6.610153862172287
fast_spectrum,720,138,0.00042813323987193956,0.263115482722058,0.013704660731881257,0.031856660357845304,1e-06,6.717608019771598
fast_spectrum,720,139,1.2742749857031322e-06,7.740079277364629,0.006068027049220492,0.09064677777485436,1.2742749857031322e-06,6.6956550017279595
fast_spectrum,720,140,2.3357214690901212e-07,21.876653851210307,0.013512371051274563,0.08024874127835525,1.6237767391887209e-06,6.717302038682467
fast_spectrum,720,141,1.2742749857031322e-06,7.677109532664,0.009982859404481959,0.07447269095707829,2.6366508987303555e-06,6.642060567451635
fast_spectrum,720,142,7.847599703514607e-07,10.258540820309355,0.0021489108296548487,0.11121768880552747,1.6237767391887209e-06,6.590543156336497
fast_spectrum,720,143,1.2742749857031322e-06,7.732966770238889,0.003513754480161446,0.10414778088024232,1.2742749857031322e-06,6.691529243448618
fast_spectrum,720,144,8.858667904100815e-06,2.6556909995977525,0.009482064849476446,0.07029963445439376,7.847599703514607e-07,6.654177556057762
fast_spectrum,720,145,4.8329302385717524e-05,1.1402648766086307,0.010378872749419954,0.07012137907639548,1.6237767391887209e-06,6.6414768973296745
fast_spectrum,720,146,0.00026366508987303556,0.3872310291477934,0.013313455229769677,0.0545115928376133,1.2742749857031322e-06,6.6728463469200845
fast_spectrum,720,147,4.832930238571752e-07,13.914529920447531,0.006523702884547733,0.0932949256803647,1.6237767391887209e-06,6.640391570382967
fast_spectrum,720,148,1.1288378916846883e-05,2.3505370512931596,0.007053695310539232,0.09765402634890415,1.2742749857031322e-06,6.627139049984687
fast_spectrum,720,149,1e-06,9.03077509355331,0.005184547553233609,0.09607735502052865,1.6237767391887209e-06,6.747452934072739
fast_spectrum,720,150,7.847599703514606e-05,0.8911300167058867,0.013500033757436247,0.028088761319293,1.6237767391887209e-06,6.706266799873613
fast_spectrum,720,151,3.359818286283781e-06,4.417647312526966,0.006556708439938941,0.09530176427468161,2.6366508987303555e-06,6.687100666156527
fast_spectrum,720,152,4.832930238571752e-07,14.121125256412338,0.005391162653411663,0.10594891578571974,1.6237767391887209e-06,6.725623941383451
fast_spectrum,720,153,3.792690190732246e-05,1.3253314066508348,0.011734925549384712,0.05208236913911754,1e-06,6.669470905345477
fast_spectrum,720,154,3.792690190732246e-07,16.178805991045973,0.009185849908988186,0.10107309666291314,2.06913808111479e-06,6.582753684150624
fast_spectrum,720,155,2.976351441631313e-07,18.71498257906674,0.01490259157975582,0.07641138513218879,2.06913808111479e-06,6.6109803259038635
fast_spectrum,720,156,3.359818286283781e-06,4.396839859352356,0.0070025146157760565,0.08784402281039937,1.6237767391887209e-06,6.653084004154714
fast_spectrum,720,157,2.976351441631313e-07,18.82677362266122,0.015148519713959141,0.09601010683665416,6.951927961775606e-06,6.666936626984673
fast_spectrum,720,158,7.847599703514607e-07,10.211275251084254,0.008948004470940019,0.07965440342367758,1.2742749857031322e-06,6.555022833819769
fast_spectrum,720,159,2.6366508987303555e-06,5.027586572321972,0.003907639902230531,0.10431989867014671,1e-06,6.653594874055294
fast_spectrum,720,160,3.792690190732246e-05,1.32674747987969,0.010215034079330998,0.08345440830627679,1.2742749857031322e-06,6.716457168236097
fast_spectrum,720,161,6.158482110660254e-07,11.90715481469294,0.0025680131233674075,0.10977259578171038,1.2742749857031322e-06,6.57381070194268
fast_spectrum,720,162,1.1288378916846883e-05,2.3728245121486715,0.007659086225924372,0.08201209334253418,1.2742749857031322e-06,6.622528929963857
fast_spectrum,720,163,7.847599703514607e-07,10.308698960067492,0.006174333726251313,0.09707165224414002,2.06913808111479e-06,6.6239757504189765
fast_spectrum,720,164,3.359818286283781e-06,4.404745185875485,0.005392549320131335,0.09441271990500445,1e-06,6.671109978920195
fast_spectrum,720,165,2.06913808111479e-06,5.84864809228874,0.004738450403838801,0.09879283323215142,1.2742749857031322e-06,6.735855118754255
fast_spectrum,720,166,1e-06,8.881025948842096,0.003941344620270848,0.10396764978846927,1.2742749857031322e-06,6.619713454888361
fast_spectrum,720,167,4.8329302385717524e-05,1.1562332125646948,0.012813400572228462,0.048750932398926645,1.2742749857031322e-06,6.701022889800205
fast_spectrum,720,168,2.06913808111479e-06,5.778376607447014,0.008135460339540934,0.0785055698825732,2.06913808111479e-06,6.660627682493229
fast_spectrum,720,169,0.00026366508987303556,0.38290613116945377,0.013232483766821512,0.033149240749791975,1.2742749857031322e-06,6.669580849399257
fast_spectrum,720,170,4.281332398719387e-06,3.825161527107753,0.010116480714679854,0.0722909717460862,8.858667904100815e-06,6.5915150481527975
fast_spectrum,720,171,6.158482110660254e-07,11.964089359664223,0.004435456132665716,0.09940664817932691,1e-06,6.60759282028813
fast_spectrum,720,172,1e-06,8.975565424273606,0.0014670754564566346,0.11556210971657413,1e-06,6.694415442617004
fast_spectrum,720,173,3.359818286283781e-06,4.398207501464694,0.006322688877854699,0.09129920557588786,1.6237767391887209e-06,6.642662700860009
fast_spectrum,720,174,0.01,0.012372170931778413,0.014219844529449022,-0.008292020415540639,7.847599703514607e-07,6.6407196405739635
fast_spectrum,720,175,2.976351441631313e-07,18.776888635774192,0.014176546125866496,0.09986236410286621,2.6366508987303555e-06,6.663965760275131
fast_spectrum,720,176,5.455594781168514e-06,3.317727859004549,0.006236818902946695,0.1061375460790962,1e-06,6.524673592517209
fast_spectrum,720,177,0.0001,0.7402253481540328,0.0125273401541115,0.044844121648490214,2.06913808111479e-06,6.641275903734852
fast_spectrum,720,178,3.359818286283781e-06,4.371288884222538,0.006819065627203358,0.08648407213571686,1.2742749857031322e-06,6.615033516422715
fast_spectrum,720,179,0.01,0.012639101405206944,0.014197193524162932,0.06636431073440748,1e-06,6.659098506248772
fast_spectrum,720,180,1.8329807108324338e-07,25.242058807839022,0.009451716396623011,0.09410870626235184,1.6237767391887209e-06,6.6877890215707305
fast_spectrum,720,181,1.8329807108324338e-05,1.8775166464351276,0.011423577756837222,0.05629257672757129,1.2742749857031322e-06,6.637411946453383
fast_spectrum,720,182,4.281332398719387e-06,3.866529540693675,0.0067468044398428795,0.10185959834101525,1.2742749857031322e-06,6.687591268977739
fast_spectrum,720,183,0.0018329807108324375,0.07084675819691584,0.014012326673682463,0.026391431186210172,1e-06,6.633020302055917
fast_spectrum,720,184,2.6366508987303555e-06,5.029623957984953,0.007264987742556572,0.08747257400099273,1.6237767391887209e-06,6.653391402043807
fast_spectrum,720,185,2.06913808111479e-06,5.753552820903083,0.0050965139092012945,0.09595879444285486,1e-06,6.6324581931474675
fast_spectrum,720,186,4.832930238571752e-07,14.047998004066713,0.005053911955840151,0.10103636701056444,1.6237767391887209e-06,6.718146340607095
fast_spectrum,720,187,7.847599703514607e-07,10.34403666891478,0.004749975341039936,0.11193112260241532,2.6366508987303555e-06,6.649400576518413
fast_spectrum,720,188,0.01,0.013467457590861489,0.014208321627348974,0.10337258197770227,1e-06,6.666292802868823
fast_spectrum,720,189,8.858667904100815e-08,37.5552799215697,0.02126129676365851,0.08666125184946612,1.6237767391887209e-06,6.602883362263842
fast_spectrum,720,190,7.847599703514607e-07,10.374839201372678,0.005015742158245962,0.09802991566089841,1.6237767391887209e-06,6.67317962887699
fast_spectrum,720,191,1.8329807108324338e-05,1.8519929641842356,0.014641244113205554,0.032322980163557155,1.6237767391887209e-06,6.582748307166556
fast_spectrum,720,192,7.847599703514607e-07,10.288209100267972,0.006238711825578891,0.0936786104177558,1.2742749857031322e-06,6.6002412897372675
fast_spectrum,720,193,7.847599703514607e-07,10.366700020381353,0.0036723650095921156,0.10795292311749365,1.6237767391887209e-06,6.66541315381459
fast_spectrum,720,194,2.6366508987303555e-06,5.032039571007707,0.0076212147588393675,0.08204490599013003,1.2742749857031322e-06,6.655263175470922
fast_spectrum,720,195,1.2742749857031322e-06,7.621896051445511,0.002897885247568288,0.10700627940333705,1e-06,6.589182327031133
fast_spectrum,720,196,0.01,0.012491178487668616,0.014185925566808977,0.06145577952207396,1.2742749857031322e-06,6.622816809272557
fast_spectrum,720,197,0.01,0.012001891429156156,0.014206008696439065,0.020400267967888353,1e-06,6.672856530563489
fast_spectrum,720,198,1e-06,8.967829241184798,0.0031473902657888075,0.10646223210650081,1.2742749857031322e-06,6.694614727644792
fast_spectrum,720,199,0.01,0.01186317455532861,0.014167061669412062,0.03974510867775015,1.6237767391887209e-06,6.6657904145563585
fast_spectrum,1080,0,1.8329807108324338e-07,25.27443583571166,0.00712575906709656,0.10453734793747574,1.6237767391887209e-06,7.700982578381332
fast_spectrum,1080,1,6.158482110660254e-07,12.207365271516606,0.00301372848592929,0.10858904740419376,1.2742749857031322e-06,7.811627972883294
fast_spectrum,1080,2,1.8329807108324338e-07,25.20138899808779,0.012428754532078035,0.05381393688315107,7.847599703514607e-07,7.69374702277663
fast_spectrum,1080,3,1e-06,8.96823500520214,0.002171378076017638,0.11098716377996141,1e-06,7.7346803029114595
fast_spectrum,1080,4,2.06913808111479e-06,5.83922113829525,0.001534240990786917,0.1133668773979581,2.06913808111479e-06,7.783429131956167
fast_spectrum,1080,5,1.2742749857031322e-06,7.636215557427223,0.003034670613462742,0.10736339194678969,1.2742749857031322e-06,7.636215557427223
fast_spectrum,1080,6,0.01,0.01261619880794801,0.014189926041580203,0.07255000488349805,1.6237767391887209e-06,7.768745325188894
fast_spectrum,1080,7,5.455594781168514e-06,3.3872101839764914,0.002537830427127963,0.11613956929885647,1.6237767391887209e-06,7.692294356313616
fast_spectrum,1080,8,4.832930238571752e-07,14.113797021522334,0.008912916284503969,0.07402233832940505,1.2742749857031322e-06,7.754001077965054
fast_spectrum,1080,9,4.832930238571752e-07,14.10265952699932,0.00806935466808767,0.0826932476607734,1.6237767391887209e-06,7.759831705839984
fast_spectrum,1080,10,3.359818286283781e-06,4.431402989395587,0.005369199422610493,0.09568504873872181,7.847599703514607e-07,7.742543499555069
fast_spectrum,1080,11,6.158482110660254e-07,12.102863728037248,0.00224516822928289,0.11673337662665263,2.06913808111479e-06,7.737835455998466
fast_spectrum,1080,12,2.6366508987303555e-06,5.059575187578153,0.002239494637105044,0.11363067099816863,1.2742749857031322e-06,7.753254633045944
fast_spectrum,1080,13,6.158482110660254e-07,12.080612316797069,0.008600064827231635,0.08234730995279554,1.6237767391887209e-06,7.717562480306005
fast_spectrum,1080,14,3.792690190732246e-05,1.3109284860339518,0.0102527219695141,0.0681807771127326,1.2742749857031322e-06,7.729784854580361
fast_spectrum,1080,15,1.6237767391887209e-06,6.671770320009636,0.004220402032642068,0.10116796446433071,1.2742749857031322e-06,7.719877093135623
fast_spectrum,1080,16,5.455594781168514e-06,3.4189678001821098,0.00560981682418682,0.09533600997700263,1.2742749857031322e-06,7.748734927222514
fast_spectrum,1080,17,1.1288378916846883e-07,33.13894381658602,0.017076493177933028,0.08258524588978224,1.2742749857031322e-06,7.621818163958386
fast_spectrum,1080,18,8.858667904100815e-08,38.287836043342594,0.012162867213459383,0.08035788247455875,7.847599703514607e-07,7.737731867853587
fast_spectrum,1080,19,3.359818286283781e-06,4.347531766115564,0.009020340357561385,0.072335293807924,6.158482110660254e-07,7.620723199506039
fast_spectrum,1080,20,0.00016237767391887175,0.5238119533419765,0.012799903730958961,0.07721532356511364,1.6237767391887209e-06,7.678615816515991
fast_spectrum,1080,21,7.847599703514607e-07,10.285310290162819,0.001641895748554889,0.11304399200637284,1.2742749857031322e-06,7.633670927200995
fast_spectrum,1080,22,2.6366508987303555e-06,5.048687331346317,0.003447866572018121,0.11094617660930181,1e-06,7.718000984782844
fast_spectrum,1080,23,2.6366508987303555e-06,5.026708584418819,0.0016252128375217056,0.11881207873952444,1.2742749857031322e-06,7.69644616758252
fast_spectrum,1080,24,1e-06,8.958880491215476,0.0015877178667005332,0.11329617111115067,1.2742749857031322e-06,7.729853006458464
fast_spectrum,1080,25,1.2742749857031322e-06,7.692213517072795,0.00499802664318949,0.10131129587148509,1.2742749857031322e-06,7.692213517072795
fast_spectrum,1080,26,0.01,0.012690927260857854,0.014209309316186802,0.042193016520500726,1e-06,7.698815137939196
fast_spectrum,1080,27,5.4555947811685146e-08,49.54506727698087,0.022521279358412416,0.07407188627601843,1.6237767391887209e-06,7.729967558386766
fast_spectrum,1080,28,0.01,0.012592747778672763,0.014214270158487197,0.0021373568919801095,1.2742749857031322e-06,7.712294293673195
fast_spectrum,1080,29,0.01,0.013002558060270876,0.014192665578932395,0.04147934316746751,1.2742749857031322e-06,7.647675900435666
fast_spectrum,1080,30,0.01,0.01292325285760577,0.014174997860039729,0.034579027234740746,1.2742749857031322e-06,7.692532032676998
fast_spectrum,1080,31,7.847599703514607e-07,10.363190128740117,0.0031139664859907157,0.10650401083274293,1e-06,7.693249126626334
fast_spectrum,1080,32,1.6237767391887209e-06,6.63467568604235,0.006413404922201327,0.09611696281574426,1e-06,7.674879698091964
fast_spectrum,1080,33,4.281332398719387e-06,3.9076701621328254,0.003424324209480023,0.11199181942957719,1.2742749857031322e-06,7.792709008933038
fast_spectrum,1080,34,8.858667904100815e-08,38.01646821852071,0.017001913654046907,0.07267630932979084,1e-06,7.615488550049975
fast_spectrum,1080,35,1e-06,8.930024816583032,0.002436268066145275,0.10943732676983527,1.6237767391887209e-06,7.701915407563838
fast_spectrum,1080,36,3.792690190732246e-07,16.389676731490052,0.0034351312926232946,0.10649589824188806,1e-06,7.7533493969466765
fast_spectrum,1080,37,3.792690190732246e-07,16.222777391636157,0.0033271538208528018,0.10532065318685287,1e-06,7.6670826353453805
fast_spectrum,1080,38,1e-06,8.99878588466292,0.0024306783652796593,0.10961249309114214,7.847599703514607e-07,7.758904401846866
fast_spectrum,1080,39,2.06913808111479e-06,5.844488345431569,0.0032112507439888693,0.11112557176316307,1e-06,7.7852840836098585
fast_spectrum,1080,40,0.01,0.012648994666964033,0.014189850736677223,0.0406692836612292,1.2742749857031322e-06,7.713962085284758
fast_spectrum,1080,41,1.6237767391887209e-06,6.640538843905952,0.0010564211865307094,0.11566775175840667,1.6237767391887209e-06,7.674549981543237
fast_spectrum,1080,42,0.01,0.01322355865394936,0.014179113111142172,0.027456164069603845,7.847599703514607e-07,7.7101351037183425
fast_spectrum,1080,43,0.0001,0.7554369119238928,0.012070525404235477,0.06859063898805894,1e-06,7.710988959909266
fast_spectrum,1080,44,3.792690190732246e-05,1.3125987124386282,0.01180938566471812,0.04911336771877116,7.847599703514607e-07,7.735255159697939
fast_spectrum,1080,45,3.359818286283781e-06,4.391717476192155,0.005556041682074464,0.09567257725145403,7.847599703514607e-07,7.6856550747139085
fast_spectrum,1080,46,7.847599703514606e-05,0.8787639830273578,0.014079193941215928,0.015498419553726323,1e-06,7.803056545050462
fast_spectrum,1080,47,2.6366508987303555e-06,5.012279344840426,0.0036467794831608336,0.10337432193943696,1.6237767391887209e-06,7.679178900793196
fast_spectrum,1080,48,1.2742749857031322e-06,7.616460983767637,0.004024531282515009,0.1021045276528337,1.2742749857031322e-06,7.616460983767637
fast_spectrum,1080,49,1e-06,8.944998218767823,0.0023616602352476423,0.1139187572880433,7.847599703514607e-07,7.714256826557358
fast_spectrum,1080,50,1.438449888287663e-07,29.111963588605825,0.01179376253828135,0.08926191957140893,1.6237767391887209e-06,7.73866837730874
fast_spectrum,1080,51,1.1288378916846883e-05,2.357642563967026,0.00746682217238448,0.10069522829650561,1e-06,7.6872846524998915
fast_spectrum,1080,52,4.281332398719387e-06,3.836271844604182,0.0028323237714409366,0.11433275753822425,1.6237767391887209e-06,7.678518621204105
fast_spectrum,1080,53,2.06913808111479e-06,5.789421617823558,0.004335350576375352,0.10024281559468792,1.2742749857031322e-06,7.7188576519059175
fast_spectrum,1080,54,2.6366508987303555e-06,5.042416772000494,0.003209072415856773,0.10841158673286912,1.6237767391887209e-06,7.714394461307823
fast_spectrum,1080,55,2.06913808111479e-06,5.77008290013141,0.003835405300025796,0.1046363008451495,1e-06,7.694453681206372
fast_spectrum,1080,56,1.6237767391887209e-06,6.681122541376041,0.0037292021227625094,0.10348577171938106,1.2742749857031322e-06,7.726817791533422
fast_spectrum,1080,57,7.847599703514607e-07,10.376343923875218,0.005779915172142269,0.09828093124100164,1.6237767391887209e-06,7.702689432830075
fast_spectrum,1080,58,2.3357214690901212e-07,21.709574789260067,0.00724381768799065,0.09873815068098273,1.2742749857031322e-06,7.6486155182856
fast_spectrum,1080,59,1e-06,8.947287859266543,0.004133297446398565,0.10205591676846502,1.2742749857031322e-06,7.722855471951531
fast_spectrum,1080,60,2.06913808111479e-06,5.819459005580918,0.006718205535062638,0.08711845653192936,1.2742749857031322e-06,7.761691881591015
fast_spectrum,1080,61,1e-06,8.921369090279224,0.0010605850037427311,0.11617328957844919,1.6237767391887209e-06,7.691885007086098
fast_spectrum,1080,62,0.01,0.01243381434020686,0.014207298507548427,0.10794772010792072,7.847599703514607e-07,7.708682653025037
fast_spectrum,1080,63,3.359818286283781e-06,4.403351104990775,0.0054813239543709535,0.1137839234169559,1.2742749857031322e-06,7.734474976976102
fast_spectrum,1080,64,1.2742749857031322e-06,7.699450073538538,0.001432487528003068,0.11603762256380028,1e-06,7.699450073538538
fast_spectrum,1080,65,3.359818286283781e-06,4.424170165482572,0.003887452608101971,0.10233014376512077,1.2742749857031322e-06,7.7600953905311325
fast_spectrum,1080,66,1.2742749857031322e-06,7.727758851716975,0.0029854192060595475,0.10823685305410402,1.2742749857031322e-06,7.727758851716975
fast_spectrum,1080,67,7.847599703514607e-07,10.420725487167655,0.0019376509527345709,0.11149789918552161,1.2742749857031322e-06,7.753295527825871
fast_spectrum,1080,68,7.847599703514607e-07,10.385942931532721,0.00450661162370114,0.09901705828739152,1.2742749857031322e-06,7.712552580305875
fast_spectrum,1080,69,6.158482110660254e-07,12.024752111325375,0.00527276898614637,0.09503722286456524,1.2742749857031322e-06,7.674107433532875
fast_spectrum,1080,70,1.2742749857031322e-06,7.677541495944256,0.0035408391485779456,0.10569710655328661,1.2742749857031322e-06,7.677541495944256
fast_spectrum,1080,71,1e-06,8.864190617529943,0.002263148175216889,0.11000273928714473,1e-06,7.641542124703364
fast_spectrum,1080,72,4.832930238571752e-07,14.07001406730983,0.002060840515845541,0.11537510637702088,1.6237767391887209e-06,7.748527310411396
fast_spectrum,1080,73,6.158482110660255e-05,1.0151919741192883,0.012370200611446225,0.04329034220322423,1e-06,7.747761368740407
fast_spectrum,1080,74,3.359818286283781e-06,4.394115721446095,0.004287459975129249,0.11252304746649698,1e-06,7.710636544308148
fast_spectrum,1080,75,1.1288378916846883e-05,2.3859882903125236,0.006568784482043788,0.1029751159188153,1e-06,7.743260292085687
fast_spectrum,1080,76,4.281332398719387e-06,3.8079537713415843,0.0034807462855152016,0.10479505636995819,1.2742749857031322e-06,7.628464628206379
fast_spectrum,1080,77,0.01,0.012575887059965379,0.014178510242364828,0.033028774282039174,1e-06,7.717891186681848
fast_spectrum,1080,78,0.01,0.011887451296328299,0.014172701456782177,0.03742294502818743,1.2742749857031322e-06,7.694947045489156
fast_spectrum,1080,79,2.6366508987303555e-06,5.031643185827538,0.0021614997092087584,0.11344143399777633,1.6237767391887209e-06,7.716412591267046
fast_spectrum,1080,80,0.01,0.013988151685291134,0.014200358954405634,0.08125441998650404,1e-06,7.706062164397668
fast_spectrum,1080,81,6.158482110660254e-07,12.058437759376082,0.0023050032337265103,0.11124615716815489,1.2742749857031322e-06,7.703414429690555
fast_spectrum,1080,82,2.06913808111479e-06,5.796915993007661,0.0016289532773267057,0.11540013082303781,1.2742749857031322e-06,7.724702039357703
fast_spectrum,1080,83,8.858667904100815e-08,37.91576133671793,0.022642547272702318,0.07488497100654277,1.6237767391887209e-06,7.629813095935396
fast_spectrum,1080,84,7.847599703514607e-07,10.40501560429483,0.004867324876255963,0.0977011342908947,1.2742749857031322e-06,7.722665400915229
fast_spectrum,1080,85,4.832930238571752e-07,13.99776291090602,0.003410687331813489,0.10534297998443704,1e-06,7.683075760742959
fast_spectrum,1080,86,3.792690190732246e-07,16.35900113286863,0.00427804303207191,0.10214139876289118,1e-06,7.727204904059183
fast_spectrum,1080,87,1e-06,8.93589240130583,0.0036672279319182044,0.10730415400328382,1.6237767391887209e-06,7.707717918952596
fast_spectrum,1080,88,6.951927961775606e-06,2.995360161258824,0.009860829584477426,0.06685716176432044,7.847599703514607e-07,7.670160275668725
fast_spectrum,1080,89,0.01,0.013437853116475992,0.014198291648170658,0.04456465804147463,7.847599703514607e-07,7.765924979873081
fast_spectrum,1080,90,1.6237767391887209e-06,6.691384123112171,0.0028301122439299276,0.10757168944474173,1.2742749857031322e-06,7.739301085674329
fast_spectrum,1080,91,3.792690190732246e-07,16.197163613065513,0.007208056929888795,0.09540979941960008,1.6237767391887209e-06,7.668319536634804
fast_spectrum,1080,92,6.158482110660254e-07,12.058130666820643,0.005953373097400405,0.09135426556677416,1.2742749857031322e-06,7.70110064373259
fast_spectrum,1080,93,1e-06,8.900594523723079,0.0012496140183883009,0.11543551111855084,1e-06,7.678415675453215
fast_spectrum,1080,94,0.01,0.013199330342637223,0.01419620302144653,0.0865603714732159,1.2742749857031322e-06,7.712901002376588
fast_spectrum,1080,95,1.43844988828766e-05,2.134057697654275,0.008657846140242897,0.09865787133588665,1.2742749857031322e-06,7.8006697173274056
fast_spectrum,1080,96,8.858667904100815e-06,2.6656535388603113,0.006133087512397384,0.1037193961139396,1e-06,7.726784730938534
fast_spectrum,1080,97,6.158482110660254e-07,12.15407616573422,0.012824148523685408,0.08575715080056436,2.06913808111479e-06,7.760499066374061
fast_spectrum,1080,98,2.3357214690901212e-07,22.06029286896496,0.0114351355754575,0.09697826190799898,2.06913808111479e-06,7.750749746156386
fast_spectrum,1080,99,7.847599703514606e-05,0.8709663530489455,0.011157635094841245,0.06265752047814198,1.6237767391887209e-06,7.670916595676572
fast_spectrum,1080,100,0.01,0.01258157833118442,0.014201636578546672,0.04277748253946902,1e-06,7.719726525566127
fast_spectrum,1080,101,6.951927961775606e-06,3.02588985997073,0.005488559106528013,0.1021774502245193,1.2742749857031322e-06,7.753278112811464
fast_spectrum,1080,102,1.1288378916846883e-05,2.3692027450511266,0.0053295527979474455,0.10413800247416918,1.6237767391887209e-06,7.704157718343828
fast_spectrum,1080,103,4.832930238571752e-07,14.023835341667112,0.005601150749824146,0.09672856316715002,1.2742749857031322e-06,7.715012833809289
fast_spectrum,1080,104,6.158482110660254e-07,12.082307366455172,0.003876051712702333,0.10245884761332416,1.2742749857031322e-06,7.724734295385742
fast_spectrum,1080,105,2.6366508987303555e-06,4.987971982763496,0.00584902522960562,0.09626019834917031,1.2742749857031322e-06,7.642333742894957
fast_spectrum,1080,106,7.847599703514607e-07,10.413702522394475,0.0016583061050460257,0.1128567157212193,1.2742749857031322e-06,7.738236776636047
fast_spectrum,1080,107,1.2742749857031322e-06,7.716188429725619,0.004925224180126309,0.10226545232438837,1e-06,7.716188429725619
fast_spectrum,1080,108,7.847599703514607e-07,10.345442546055082,0.00173281048281404,0.11552884708047172,1.6237767391887209e-06,7.680651575362659
fast_spectrum,1080,109,2.06913808111479e-06,5.866473794908007,0.0011181620504053802,0.11651010552571545,1.6237767391887209e-06,7.817228317615786
fast_spectrum,1080,110,0.01,0.012707727951903131,0.014196944767127295,0.05190417795369109,1.2742749857031322e-06,7.667293677649362
fast_spectrum,1080,111,6.951927961775606e-06,2.9835694472393914,0.005769832888456672,0.09752401080525946,1.6237767391887209e-06,7.647679853743532
fast_spectrum,1080,112,1.6237767391887209e-06,6.6692150028432975,0.0058061539663119,0.09800728947929781,1.2742749857031322e-06,7.710718949378373
fast_spectrum,1080,113,2.6366508987303555e-06,5.030841387360581,0.0031862426557554002,0.10561180446388635,1.6237767391887209e-06,7.7133972470042345
fast_spectrum,1080,114,1e-06,8.951667808961774,0.001507276654815981,0.11384805286529404,1e-06,7.722767536842434
fast_spectrum,1080,115,7.847599703514607e-07,10.368357172435722,0.0029236381024866365,0.10686982022354902,1.2742749857031322e-06,7.697490746692224
fast_spectrum,1080,116,1.2742749857031322e-06,7.719686755622748,0.0012532040475581319,0.1163939770042433,1e-06,7.719686755622748
fast_spectrum,1080,117,7.847599703514607e-07,10.35695977240025,0.003421532019084794,0.10452269881695996,1.2742749857031322e-06,7.6958935328779186
fast_spectrum,1080,118,7.847599703514607e-07,10.394486497580822,0.0037843915597598476,0.10463812946475601,1.6237767391887209e-06,7.723390664495182
fast_spectrum,1080,119,4.281332398719387e-06,3.8800536220293624,0.0020069627561272174,0.11340909885516433,1.6237767391887209e-06,7.750338200837392
fast_spectrum,1080,120,1.6237767391887209e-06,6.723839158162608,0.0037025892621246337,0.10749491116189996,2.06913808111479e-06,7.774173245618255
fast_spectrum,1080,121,2.6366508987303555e-06,5.002951200412704,0.0020477926263364754,0.11175308250266308,1.2742749857031322e-06,7.66393442559942
fast_spectrum,1080,122,7.847599703514607e-07,10.37853133795483,0.0012312446584412662,0.11471192195910697,1e-06,7.704355085846041
fast_spectrum,1080,123,1e-06,8.920412336445036,0.008001118629835546,0.08504836763025514,1e-06,7.69500571359408
fast_spectrum,1080,124,4.281332398719387e-06,3.8745805434162506,0.0052882401915068655,0.09953326032285624,7.847599703514607e-07,7.753984402780517
fast_spectrum,1080,125,6.158482110660254e-07,12.056110243266094,0.00430125321527719,0.11734855763876618,2.6366508987303555e-06,7.695376730431076
fast_spectrum,1080,126,2.6366508987303555e-06,5.076815201095734,0.002064655743549193,0.11767098703962851,1.2742749857031322e-06,7.763109369471477
fast_spectrum,1080,127,7.847599703514607e-07,10.387976853562652,0.0032348201027473378,0.11517782097261005,2.06913808111479e-06,7.717717131117423
fast_spectrum,1080,128,0.01,0.012853159797278982,0.014214609019630675,0.009930845083199594,1e-06,7.685405992958222
fast_spectrum,1080,129,1.6237767391887209e-06,6.70146175573373,0.00443535848577048,0.09938458519406433,1.2742749857031322e-06,7.746888495794428
fast_spectrum,1080,130,1.6237767391887209e-06,6.6797234158385965,0.0035991944635260786,0.10490648687347745,1e-06,7.72333465186005
fast_spectrum,1080,131,5.4555947811685146e-08,49.04967981278726,0.023384041472350958,0.07319081986011244,1.6237767391887209e-06,7.643987160806845
fast_spectrum,1080,132,1.1288378916846883e-05,2.3773409827355185,0.00723331418123363,0.08400434345794072,1.2742749857031322e-06,7.743065567649681
fast_spectrum,1080,133,3.792690190732246e-07,16.207610523985643,0.005744455819567951,0.09809024933477403,1.6237767391887209e-06,7.643603548759231
fast_spectrum,1080,134,1.6237767391887209e-06,6.644651383459464,0.0025695139225380137,0.10999423411655306,1e-06,7.6848912430653495
fast_spectrum,1080,135,0.01,0.012843526162890945,0.014176821734371847,0.03496858447473372,1e-06,7.697928993628529
fast_spectrum,1080,136,1.6237767391887209e-06,6.707405965450021,0.0026630168388962483,0.10823841826866809,1e-06,7.7575907799532695
fast_spectrum,1080,137,6.158482110660255e-05,1.0006547717230825,0.012469251877448628,0.05780109649509096,6.158482110660254e-07,7.6611113581012455
fast_spectrum,1080,138,0.01,0.012667640199532253,0.014196657350915354,0.036292745087612245,7.847599703514607e-07,7.744425849378474
fast_spectrum,1080,139,2.3357214690901212e-07,21.94133999462917,0.011466535989237525,0.08617675333583424,1.2742749857031322e-06,7.734543121702873
fast_spectrum,1080,140,7.847599703514607e-07,10.42233888907368,0.004110258040594839,0.10127515097775788,1.2742749857031322e-06,7.742471875397008
fast_spectrum,1080,141,1.1288378916846883e-07,33.468359575172876,0.02012526540503412,0.06658751947589221,1.6237767391887209e-06,7.725068576750466
fast_spectrum,1080,142,1e-06,8.930174386373528,0.001675796772395599,0.11279222856853181,1.2742749857031322e-06,7.702674083307331
fast_spectrum,1080,143,1.438449888287663e-07,29.212411610842338,0.010513582689627654,0.09631876664463652,1.6237767391887209e-06,7.7465593240850055
fast_spectrum,1080,144,1e-06,8.942037984668241,0.0047119968741212714,0.09949136350241215,7.847599703514607e-07,7.7114502081814225
fast_spectrum,1080,145,0.01,0.011903169791430532,0.01419844280054161,0.07145601730734978,1e-06,7.7276910826657
fast_spectrum,1080,146,3.359818286283781e-06,4.406856938738522,0.006135787479513599,0.0948350499385698,7.847599703514607e-07,7.7308847683598305
fast_spectrum,1080,147,1e-06,8.953336850007947,0.0026579724191619913,0.10915626649709616,1.6237767391887209e-06,7.725952693977526
fast_spectrum,1080,148,1.6237767391887209e-06,6.66110051084412,0.001834336245210344,0.11314306102112613,1.2742749857031322e-06,7.705212513790024
fast_spectrum,1080,149,1.6237767391887209e-06,6.750883409539222,0.005962141694165313,0.092522083407137,1.2742749857031322e-06,7.801964296296396
fast_spectrum,1080,150,2.6366508987303555e-06,5.075307278053476,0.0018191970425708304,0.11442553379524785,1.2742749857031322e-06,7.772559567994573
fast_spectrum,1080,151,1e-06,8.988646941605287,0.003700190116196711,0.10956728065181578,1.6237767391887209e-06,7.75666617854641
fast_spectrum,1080,152,0.01,0.013756290596965325,0.014199357118017564,0.09078475345273337,1e-06,7.779693016375541
fast_spectrum,1080,153,1.2742749857031322e-06,7.73148960762209,0.0056467866929058586,0.09629985427985632,1.2742749857031322e-06,7.73148960762209
fast_spectrum,1080,154,0.01,0.013508707245904202,0.014206335386993674,0.0487984936238416,1e-06,7.666820544024462
fast_spectrum,1080,155,3.359818286283781e-06,4.36780151517549,0.0075913158781349965,0.08249748034053361,1.6237767391887209e-06,7.670255732373439
fast_spectrum,1080,156,1.6237767391887209e-06,6.632065123593197,0.006081131466012191,0.09908445408740314,2.06913808111479e-06,7.672032093578027
fast_spectrum,1080,157,1.43844988828766e-05,2.106406882049298,0.006553772027489968,0.08962032537780565,2.06913808111479e-06,7.722659554798004
fast_spectrum,1080,158,7.847599703514607e-07,10.305354727340726,0.004121669096257996,0.10173466173014178,1.2742749857031322e-06,7.646459007716213
fast_spectrum,1080,159,2.06913808111479e-06,5.799905053474319,0.004592369838548271,0.0994070484312355,1e-06,7.725931825565409
fast_spectrum,1080,160,1.2742749857031322e-06,7.789953551276431,0.001762686700195415,0.11274618989588413,1e-06,7.789953551276431
fast_spectrum,1080,161,3.792690190732246e-07,16.220552096286575,0.003728165133172978,0.11254751168426637,1.6237767391887209e-06,7.662707676983508
fast_spectrum,1080,162,1.2742749857031322e-06,7.660576604971989,0.0028510805600422406,0.10808645709732387,1.2742749857031322e-06,7.660576604971989
fast_spectrum,1080,163,6.951927961775606e-06,3.0066146345525677,0.005612301158408606,0.1012709060120419,1.6237767391887209e-06,7.725737208476331
fast_spectrum,1080,164,4.832930238571752e-07,14.072380088733386,0.003367037637160286,0.11305201048767895,1.6237767391887209e-06,7.726760885453257
fast_spectrum,1080,165,2.976351441631313e-07,19.00435952327863,0.007726388651278282,0.08704170488500305,1e-06,7.777240080770401
fast_spectrum,1080,166,0.01,0.012480227132415832,0.01419023217944304,0.03229473703287357,1e-06,7.668222505511544
fast_spectrum,1080,167,6.158482110660254e-07,12.127783802075161,0.007982675771593173,0.07973210331597512,1.2742749857031322e-06,7.745911599556175
fast_spectrum,1080,168,1.2742749857031322e-06,7.738518454881618,0.006643603226730077,0.08738224704229422,1.6237767391887209e-06,7.738518454881618
fast_spectrum,1080,169,0.01,0.012980644886697531,0.014189607176860464,0.03378330188979586,1e-06,7.727219588806324
fast_spectrum,1080,170,1.8329807108324338e-07,25.20074925573359,0.013538151923805808,0.08423030010521382,1.6237767391887209e-06,7.672723428146378
fast_spectrum,1080,171,1.438449888287663e-07,29.09391774297235,0.010895214346736348,0.08396392936903486,1e-06,7.68181976115345
fast_spectrum,1080,172,4.281332398719387e-06,3.8477833297605293,0.004602101260145708,0.10295239331898197,7.847599703514607e-07,7.703073837464043
fast_spectrum,1080,173,1.1288378916846883e-07,33.59300392302203,0.015965646404380696,0.0871807537555353,1.6237767391887209e-06,7.753637621997225
fast_spectrum,1080,174,7.847599703514607e-07,10.362060297530034,0.002860226332929261,0.11030851468539646,7.847599703514607e-07,7.689365530150541
fast_spectrum,1080,175,6.158482110660254e-07,12.063138165768397,0.005338258981298805,0.1100790748354198,2.06913808111479e-06,7.705645124759908
fast_spectrum,1080,176,1.2742749857031322e-06,7.602607170414269,0.0020014615856510654,0.1143175504287779,1e-06,7.602607170414269
fast_spectrum,1080,177,0.01,0.012716512615377195,0.014186988320038063,0.061543009326003054,1.6237767391887209e-06,7.690025379299956
fast_spectrum,1080,178,1.8329807108324338e-07,25.13535851036545,0.01046425747041213,0.07819215364774583,1.2742749857031322e-06,7.639946338058439
fast_spectrum,1080,179,2.06913808111479e-06,5.81972990597629,0.004468322489709964,0.10036596507942844,1e-06,7.763285932137132
fast_spectrum,1080,180,4.8329302385717524e-05,1.1527254247666332,0.01072457663970261,0.06399776141726772,1e-06,7.712260494096651
fast_spectrum,1080,181,1.2742749857031322e-06,7.692344693675251,0.0029653411694590126,0.11060249437691735,1e-06,7.692344693675251
fast_spectrum,1080,182,7.847599703514607e-07,10.399580020728989,0.004672218798844163,0.10059649014089324,1e-06,7.722746478131728
fast_spectrum,1080,183,0.01,0.013480367243942429,0.014192882610413182,0.04262201296329571,1e-06,7.727332026467941
fast_spectrum,1080,184,1e-06,8.906807150238695,0.0038693651471952695,0.102446483812137,1e-06,7.680398257498927
fast_spectrum,1080,185,1.8329807108324338e-07,25.266211200502042,0.006537380537770754,0.10039828619203629,7.847599703514607e-07,7.697735195104464
fast_spectrum,1080,186,6.158482110660254e-07,12.122975689959814,0.003649965473162542,0.11155725484510823,2.06913808111479e-06,7.7590928012347
fast_spectrum,1080,187,2.6366508987303555e-06,5.029831727006151,0.0010886255326014727,0.11550378086920673,2.06913808111479e-06,7.712323244023829
fast_spectrum,1080,188,1e-06,9.019051632517678,0.006341760362640558,0.09586864121055348,1e-06,7.774433205998867
fast_spectrum,1080,189,8.858667904100815e-08,38.067552440740066,0.014353740932935066,0.09000362228239209,1.2742749857031322e-06,7.643187310618155
fast_spectrum,1080,190,3.792690190732246e-07,16.282141531089646,0.006852477162960446,0.10253012347846387,2.06913808111479e-06,7.719867948958718
fast_spectrum,1080,191,1.1288378916846883e-07,33.29939887097766,0.027905350417645636,0.037924374571616085,1.6237767391887209e-06,7.673620353388366
fast_spectrum,1080,192,0.0006951927961775591,0.1636320366450365,0.0137843511558422,0.03176270191646819,1e-06,7.709720072517722
fast_spectrum,1080,193,6.158482110660254e-07,12.071440575433602,0.003842827001053206,0.10588391933199917,1.6237767391887209e-06,7.7091377169475725
fast_spectrum,1080,194,0.0001,0.7323964827403104,0.012600780674702938,0.052279388678293924,7.847599703514607e-07,7.685630515509071
fast_spectrum,1080,195,3.792690190732246e-07,16.250126788188982,0.0033137306040216252,0.10759676923224507,1e-06,7.67185681449867
fast_spectrum,1080,196,4.832930238571752e-07,13.963276221242737,0.0037412929235717263,0.11242713095054366,1.6237767391887209e-06,7.661871038609445
fast_spectrum,1080,197,1.2742749857031322e-06,7.735044925036794,0.003729116844715441,0.10653937589073366,7.847599703514607e-07,7.735044925036794
fast_spectrum,1080,198,6.158482110660254e-07,12.135373792952056,0.002034550088623077,0.11136443626074874,1e-06,7.764049605117863
fast_spectrum,1080,199,2.06913808111479e-06,5.792009801678371,0.0021342114182459904,0.11266612480950046,1e-06,7.71753179439679
fast_spectrum,1440,0,1.1288378916846883e-07,33.51007066163185,0.011268350357685364,0.10310577389884083,1.6237767391887209e-06,8.936646491568965
fast_spectrum,1440,1,1.6237767391887209e-06,6.716806481719092,0.0010583126139178667,0.11606973147457307,1.2742749857031322e-06,9.005775424400305
fast_spectrum,1440,2,6.158482110660254e-07,12.081810773338322,0.0062703812147969495,0.09496819854383272,1e-06,8.948037509048746
fast_spectrum,1440,3,2.06913808111479e-06,5.772954831793895,0.002163749111860236,0.11135600000285809,7.847599703514607e-07,8.931118156149726
fast_spectrum,1440,4,5.455594781168514e-06,3.435612037549432,0.003404538117173894,0.11835960001126367,1.6237767391887209e-06,9.029324411811725
fast_spectrum,1440,5,6.158482110660254e-07,12.02687414701139,0.0012102816649434134,0.11507388056317075,1e-06,8.901201833080641
fast_spectrum,1440,6,2.6366508987303555e-06,5.058969946652642,0.001542010266844862,0.11515279248926148,1.2742749857031322e-06,9.00842931293338
fast_spectrum,1440,7,2.06913808111479e-06,5.792703781783072,0.0009263344430124887,0.118264414844482,1.2742749857031322e-06,8.967491515817686
fast_spectrum,1440,8,7.847599703514607e-07,10.44755899935853,0.004307528262716187,0.10147109969889281,1e-06,8.99368490976468
fast_spectrum,1440,9,7.847599703514607e-07,10.446243377266894,0.005003834782788985,0.09642914685278567,1.2742749857031322e-06,8.994043596726407
fast_spectrum,1440,10,4.281332398719387e-06,3.8872699759783393,0.006591829836449237,0.08806942862692824,7.847599703514607e-07,8.971969330421118
fast_spectrum,1440,11,0.00020691380811147902,0.45263286112314616,0.013135569671582803,0.0678108084840028,1.2742749857031322e-06,8.97422636638224
fast_spectrum,1440,12,6.158482110660254e-07,12.182018553015798,0.0015248446520650383,0.11337534966232535,1e-06,9.023314692571759
fast_spectrum,1440,13,1.6237767391887209e-06,6.692187369359967,0.0062833347705250064,0.09072833933410618,1.2742749857031322e-06,8.978989034650686
fast_spectrum,1440,14,3.792690190732246e-07,16.344990529249742,0.0034837577753765725,0.10785823656041582,1.2742749857031322e-06,8.938767295328248
fast_spectrum,1440,15,1.1288378916846883e-05,2.3704505122533006,0.010937503893690192,0.0584689057876355,1e-06,8.96247013586999
fast_spectrum,1440,16,1.6237767391887209e-06,6.721890302395333,0.002308654665885479,0.11178028153597347,1e-06,9.01388743058235
fast_spectrum,1440,17,1.2742749857031322e-06,7.657276895535585,0.0019463991872175068,0.11199629020438927,1.2742749857031322e-06,8.879503508678772
fast_spectrum,1440,18,4.832930238571752e-07,14.100818013851853,0.002528547513316548,0.11011308456862118,1.2742749857031322e-06,8.985777685595469
fast_spectrum,1440,19,2.3357214690901212e-07,21.870683234088155,0.006659826076712894,0.08801904392127662,7.847599703514607e-07,8.904155357720958
fast_spectrum,1440,20,0.01,0.012367503209791702,0.01419189146480404,0.08315217765681668,1.2742749857031322e-06,8.924980043349768
fast_spectrum,1440,21,5.455594781168514e-06,3.373915148898194,0.005005207913412191,0.1119332230223073,1e-06,8.909007132858866
fast_spectrum,1440,22,4.832930238571752e-07,14.025520023910316,0.0025988387412718694,0.10871028532312559,1e-06,8.928212138349979
fast_spectrum,1440,23,1e-06,8.954966072760824,0.0003315505398764351,0.11869832652986866,1.2742749857031322e-06,8.954966072760824
fast_spectrum,1440,24,1e-06,8.959355109223058,0.0013388122703545946,0.11476045540356788,1e-06,8.959355109223058
fast_spectrum,1440,25,3.359818286283781e-06,4.393895358595856,0.005038507191141517,0.1156527125355492,7.847599703514607e-07,8.93640691125418
fast_spectrum,1440,26,6.158482110660254e-07,12.080355192692567,0.002663009569668806,0.11075449175314192,7.847599703514607e-07,8.946178484713583
fast_spectrum,1440,27,1.43844988828766e-05,2.1176828671031207,0.008692430017281039,0.07620263326131861,1e-06,8.994466161832873
fast_spectrum,1440,28,4.281332398719387e-06,3.8637647394635053,0.00666175883198572,0.0890413937770238,7.847599703514607e-07,8.969532264810923
fast_spectrum,1440,29,5.455594781168514e-06,3.3723510083844026,0.005806270869591068,0.11417707476165392,7.847599703514607e-07,8.87892546796072
fast_spectrum,1440,30,7.847599703514607e-07,10.40500167916346,0.0032375883848748677,0.1057320330091297,1.2742749857031322e-06,8.960032855907384
fast_spectrum,1440,31,4.281332398719387e-06,3.86324277499829,0.005293179594434982,0.11147708738256491,7.847599703514607e-07,8.952622041710635
fast_spectrum,1440,32,2.06913808111479e-06,5.760663362416853,0.004446935992415413,0.11226425544675002,6.158482110660254e-07,8.914893986420417
fast_spectrum,1440,33,2.06913808111479e-06,5.846240356209911,0.0020186228349101665,0.11283368420015508,7.847599703514607e-07,9.028972328866379
fast_spectrum,1440,34,1.6237767391887209e-06,6.58538310924559,0.0023536201613842955,0.11495668959201688,7.847599703514607e-07,8.842461690651067
fast_spectrum,1440,35,1.2742749857031322e-06,7.741029613028162,0.0023872959772458513,0.10969094891804086,1.2742749857031322e-06,8.975098034573351
fast_spectrum,1440,36,5.4555947811685146e-08,49.942540649558055,0.017313574829515233,0.073865570542398,1e-06,8.987181484800308
fast_spectrum,1440,37,2.976351441631313e-07,18.92536749856819,0.004237338118272871,0.10247961235298458,1e-06,8.922988199932522
fast_spectrum,1440,38,6.158482110660254e-07,12.157826857435829,0.0023415159527274687,0.10975122390215762,7.847599703514607e-07,9.001112908501197
fast_spectrum,1440,39,2.3357214690901212e-07,22.061869348403526,0.0051656275143325825,0.10201112621934014,1e-06,8.993472674651763
fast_spectrum,1440,40,3.359818286283781e-06,4.400050845297055,0.002157233222085053,0.11752458787137818,1e-06,8.94793119061875
fast_spectrum,1440,41,2.06913808111479e-06,5.766808864302897,0.0009105096610341201,0.11744237286636201,1.2742749857031322e-06,8.904367381866079
fast_spectrum,1440,42,6.158482110660254e-07,12.117665578905862,0.0012276882308275283,0.1147154536107018,7.847599703514607e-07,8.973986086121057
fast_spectrum,1440,43,6.158482110660254e-07,12.041618253933537,0.003017554121421906,0.10644994172835104,7.847599703514607e-07,8.91108261999324
fast_spectrum,1440,44,2.6366508987303555e-06,5.054630935293078,0.0054251257608413095,0.09675221398919454,6.158482110660254e-07,8.987929997947775
fast_spectrum,1440,45,3.792690190732246e-07,16.302266075459883,0.0025904241346583756,0.10845432185458918,7.847599703514607e-07,8.931741487323922
fast_spectrum,1440,46,1.6237767391887209e-06,6.750270177281703,0.0023511923884437236,0.11157015476403163,7.847599703514607e-07,9.052427872049927
fast_spectrum,1440,47,1.8329807108324338e-07,25.425951658780917,0.008746303540233757,0.09759594744985542,1.2742749857031322e-06,8.940479754731365
fast_spectrum,1440,48,6.158482110660254e-07,11.959739012059542,0.0021752081575404647,0.11088031386693484,1.2742749857031322e-06,8.84683345781482
fast_spectrum,1440,49,1.1288378916846883e-07,33.573824596727796,0.010023479918705225,0.0907382367236685,1e-06,8.950662728203705
fast_spectrum,1440,50,2.06913808111479e-06,5.805687238392658,0.0009283096163581472,0.11824152940937079,1.2742749857031322e-06,8.972307594305102
fast_spectrum,1440,51,3.3598182862837814e-08,63.31676760540969,0.024750130094878253,0.07500220598988205,1e-06,8.930831691093145
fast_spectrum,1440,52,4.281332398719387e-06,3.8573713083485317,0.0034620058379961627,0.11174293564793382,1e-06,8.952837538767795
fast_spectrum,1440,53,3.359818286283781e-06,4.395027303729956,0.008012240880510002,0.08141359450549907,1e-06,8.941492308187712
fast_spectrum,1440,54,2.6366508987303555e-06,5.036636216106473,0.0024659900014403213,0.11380959638423835,1.2742749857031322e-06,8.941665123328491
fast_spectrum,1440,55,7.847599703514607e-07,10.33734065373326,0.0020174247149360447,0.11158379286900821,1e-06,8.897373558161611
fast_spectrum,1440,56,3.792690190732246e-07,16.35293002509573,0.007979939968998151,0.09427208223825505,1.6237767391887209e-06,8.956538037960053
fast_spectrum,1440,57,5.455594781168514e-06,3.4115995556534564,0.008256064153370768,0.07756437200281964,1.2742749857031322e-06,8.955782368546036
fast_spectrum,1440,58,0.01,0.012069049645412885,0.014196758300957457,0.07913336497020951,1e-06,8.880339414142659
fast_spectrum,1440,59,0.01,0.013106836196869077,0.014188676829497093,0.030199254294601137,1e-06,8.94312103907481
fast_spectrum,1440,60,3.792690190732246e-07,16.347679159139787,0.00644847685968597,0.09569592340487033,1.2742749857031322e-06,8.95601520577687
fast_spectrum,1440,61,1.43844988828766e-05,2.1126192318785773,0.007595359868705964,0.09368776199435855,1e-06,8.959035524081047
fast_spectrum,1440,62,4.832930238571752e-07,14.103659209505308,0.0038507331681023604,0.10242107873231916,7.847599703514607e-07,8.987637781908871
fast_spectrum,1440,63,1.1288378916846883e-05,2.364193281314382,0.009366613213286579,0.10643377915120082,7.847599703514607e-07,8.951963464367928
fast_spectrum,1440,64,6.158482110660254e-07,12.050723956379318,0.0025155423989151604,0.10919708986959852,1.2742749857031322e-06,8.919341038166273
fast_spectrum,1440,65,8.858667904100815e-06,2.671940168216053,0.006948971830101902,0.08580271306214912,7.847599703514607e-07,8.954475781368378
fast_spectrum,1440,66,7.847599703514607e-07,10.39485111494934,0.0022875216713078572,0.11003766613699413,1.2742749857031322e-06,8.948523010356373
fast_spectrum,1440,67,3.792690190732246e-07,16.293149162835693,0.0033024798283073364,0.11003811992847858,1.2742749857031322e-06,8.941569165116007
fast_spectrum,1440,68,2.976351441631313e-05,1.4720128722178578,0.010856751264579412,0.08410393507354226,1e-06,8.936767294636487
fast_spectrum,1440,69,6.158482110660254e-07,12.033729111878587,0.005361502260231021,0.09530399295014758,1.2742749857031322e-06,8.902559013838085
fast_spectrum,1440,70,1.2742749857031322e-06,7.699329225926113,0.0021193891412654153,0.1120210748429217,1e-06,8.929742730012457
fast_spectrum,1440,71,4.832930238571752e-07,13.996396521352606,0.0025028458270783815,0.11247245471708461,1e-06,8.903889196928416
fast_spectrum,1440,72,8.858667904100815e-08,38.55902167255661,0.013835510461435052,0.10025757774301816,2.06913808111479e-06,8.994853528777037
fast_spectrum,1440,73,2.976351441631313e-07,18.96816343300088,0.009896637448201906,0.09742517892980405,1.6237767391887209e-06,8.962056467089234
fast_spectrum,1440,74,4.832930238571752e-07,14.047649957617171,0.0015607997889863778,0.1132721892265051,1e-06,8.946016812890429
fast_spectrum,1440,75,6.951927961775605e-08,43.9869290300762,0.018193791807725956,0.09273999299243198,1.2742749857031322e-06,8.985124474758631
fast_spectrum,1440,76,1.2742749857031322e-06,7.661339235796568,0.001381723445105787,0.11404787872084061,1.2742749857031322e-06,8.887722539496954
fast_spectrum,1440,77,4.281332398719387e-06,3.863149064370478,0.0061655876802404475,0.0957348882387722,1e-06,8.940517262190253
fast_spectrum,1440,78,1.6237767391887209e-06,6.657570718264584,0.00398492472740497,0.1030918817856048,1e-06,8.932377526438469
fast_spectrum,1440,79,2.6366508987303555e-06,5.030905197747169,0.002100492779912866,0.1166958038053465,1.2742749857031322e-06,8.954840757902883
fast_spectrum,1440,80,6.158482110660254e-07,12.076790356898872,0.003305347470490383,0.1062500412640754,1e-06,8.944882586643802
fast_spectrum,1440,81,8.858667904100815e-06,2.6671471021872817,0.006718437259460863,0.09893918542318925,1e-06,8.964495922533072
fast_spectrum,1440,82,1.6237767391887209e-06,6.677327359547448,0.0010478135898615015,0.11631322322845979,1e-06,8.951040235338226
fast_spectrum,1440,83,3.792690190732246e-07,16.285759699373425,0.006060683528146038,0.10526965130262635,1.6237767391887209e-06,8.920023080475922
fast_spectrum,1440,84,2.6366508987303555e-06,5.028113356457055,0.005748309950749264,0.10793415946438294,1e-06,8.935368621161727
fast_spectrum,1440,85,6.158482110660254e-07,12.068425964453258,0.0034394788205558413,0.10584404285845711,1e-06,8.932580699827497
fast_spectrum,1440,86,1.43844988828766e-05,2.116673568935374,0.009037108176895181,0.10097609014373385,7.847599703514607e-07,8.957827142594036
fast_spectrum,1440,87,0.01,0.013320973464300268,0.014194963872030342,0.0978461570176795,1.2742749857031322e-06,8.961684580880997
fast_spectrum,1440,88,1.438449888287663e-07,29.16887002673791,0.010018192741583554,0.08487882818445996,1e-06,8.948845934288888
fast_spectrum,1440,89,1.6237767391887209e-06,6.721953404759789,0.005749153652587324,0.11425798449684613,6.158482110660254e-07,9.016418956877173
fast_spectrum,1440,90,0.01,0.012570765750806307,0.014202595843400112,0.11328586311205892,1e-06,8.990888728318929
fast_spectrum,1440,91,4.832930238571752e-07,14.020613589307251,0.0038486706862824738,0.10615624260015175,1.6237767391887209e-06,8.935411349963506
fast_spectrum,1440,92,6.158482110660254e-07,12.080206877831642,0.004002872066285579,0.1025665715908055,1.2742749857031322e-06,8.943655692345692
fast_spectrum,1440,93,2.06913808111479e-06,5.769068775680847,0.002506620577654939,0.11752347367108576,1e-06,8.917569588680964
fast_spectrum,1440,94,2.6366508987303555e-06,5.043531402199265,0.0026143361624292316,0.11598332135291341,1.2742749857031322e-06,8.972396365724402
fast_spectrum,1440,95,4.832930238571752e-07,14.214609748878184,0.0032596417393562227,0.10558894017308114,1.2742749857031322e-06,9.056112458032361
fast_spectrum,1440,96,3.792690190732246e-07,16.327782304348855,0.0028752994698877377,0.11029314728724063,1e-06,8.94337468916461
fast_spectrum,1440,97,0.01,0.01247015292196368,0.014219233548294019,-0.003503148918824204,1.6237767391887209e-06,9.006682582937463
fast_spectrum,1440,98,6.951927961775606e-06,3.0231276851867905,0.0060490070382478445,0.0972328675894439,1.2742749857031322e-06,8.990764127902983
fast_spectrum,1440,99,5.455594781168514e-06,3.3822258710499176,0.004169536725493028,0.10187205907507428,1.2742749857031322e-06,8.885143864991408
fast_spectrum,1440,100,1.1288378916846883e-07,33.658701722227356,0.009625988591312806,0.09855547734043864,1.2742749857031322e-06,8.965235927058446
fast_spectrum,1440,101,3.792690190732246e-07,16.395367532353422,0.00522586219504817,0.10666474281664928,1.6237767391887209e-06,8.994564549452296
fast_spectrum,1440,102,1e-06,8.923608227560845,0.0015298598596322766,0.11748028650314796,2.06913808111479e-06,8.923608227560845
fast_spectrum,1440,103,1.2742749857031322e-06,7.724653856311492,0.004486730591593879,0.09964827730445155,1e-06,8.955619331141794
fast_spectrum,1440,104,7.847599703514607e-07,10.417359850379544,0.0031766385626964544,0.10692029559075707,1e-06,8.969898505121684
fast_spectrum,1440,105,1.1288378916846883e-07,33.37028673428348,0.012043718887464028,0.0990819184556775,1.2742749857031322e-06,8.869915461805741
fast_spectrum,1440,106,7.847599703514607e-07,10.453558019449174,0.0009309987346403092,0.11711805292952653,1.2742749857031322e-06,8.999796908070513
fast_spectrum,1440,107,8.858667904100815e-08,38.517976022173166,0.017596410105380267,0.056032172234649666,1e-06,8.957597211363115
fast_spectrum,1440,108,1.6237767391887209e-06,6.684828902736573,0.0011165540299562515,0.11537125763876696,1.2742749857031322e-06,8.96779780191276
fast_spectrum,1440,109,1e-06,9.050066138952172,0.0013864056223450438,0.1157018499875943,1.6237767391887209e-06,9.050066138952172
fast_spectrum,1440,110,4.832930238571752e-07,13.976498531136453,0.0030717494498860853,0.1116153514092252,1.6237767391887209e-06,8.899088102868552
fast_spectrum,1440,111,4.832930238571752e-07,14.016218401826103,0.005893597278788909,0.10335426390068173,1.6237767391887209e-06,8.915652289519736
fast_spectrum,1440,112,2.976351441631313e-07,19.01609915646292,0.007971870693939231,0.08277309976737107,1.2742749857031322e-06,8.983584869438245
fast_spectrum,1440,113,1.2742749857031322e-06,7.707959476532504,0.0017032390152115218,0.11380289030326662,1.2742749857031322e-06,8.941497844921921
fast_spectrum,1440,114,7.847599703514607e-07,10.405939686694243,0.0017911293356432934,0.11260109890062224,1e-06,8.960968635474494
fast_spectrum,1440,115,2.976351441631313e-07,19.02706962738846,0.004595376440383103,0.10311190136126067,1.2742749857031322e-06,8.98876681551712
fast_spectrum,1440,116,0.01,0.012932321656554412,0.01419746574342684,0.05721751598235596,6.158482110660254e-07,8.950614474206185
fast_spectrum,1440,117,8.858667904100815e-08,38.44007168193393,0.01110532426087063,0.08773997235730674,1.2742749857031322e-06,8.953767327518003
fast_spectrum,1440,118,7.847599703514607e-07,10.462955550565512,0.0024342536421118055,0.11028347539930895,1.6237767391887209e-06,9.009545477257081
fast_spectrum,1440,119,2.6366508987303555e-06,5.047204763434418,0.0023261138739845144,0.10969946094798352,1.2742749857031322e-06,8.973332048211967
fast_spectrum,1440,120,1.6237767391887209e-06,6.7556555376404095,0.0040854897302085025,0.1046676242155267,1.6237767391887209e-06,9.051578211502605
fast_spectrum,1440,121,1.8329807108324338e-05,1.8760150980423957,0.008286236320974805,0.0935299117655937,7.847599703514607e-07,8.883413448742173
fast_spectrum,1440,122,2.06913808111479e-06,5.809970979425268,0.0020370135080011176,0.11614571300864514,1e-06,8.983054961331609
fast_spectrum,1440,123,3.792690190732246e-05,1.3079509397979103,0.016997657010670464,0.0009755407760385845,1e-06,8.962660068082107
fast_spectrum,1440,124,0.01,0.013177678989675829,0.01420081917069882,0.07006949788837132,6.158482110660254e-07,8.992426025960453
fast_spectrum,1440,125,1.2742749857031322e-06,7.717079491264219,0.0011500641265048683,0.11801433885330043,2.06913808111479e-06,8.951417753263001
fast_spectrum,1440,126,1e-06,9.026657597993802,0.002186207510193716,0.11040743337588901,1.2742749857031322e-06,9.026657597993802
fast_spectrum,1440,127,1.1288378916846883e-07,33.47236918088434,0.01507342240232723,0.10410118733124499,2.06913808111479e-06,8.922582189257179
fast_spectrum,1440,128,4.281332398719387e-06,3.855662442692464,0.008714756229950549,0.08744644601106338,7.847599703514607e-07,8.944309467422467
fast_spectrum,1440,129,1.2742749857031322e-06,7.742941121236823,0.0053244524718719655,0.09521492938135706,1e-06,8.975426571884952
fast_spectrum,1440,130,8.858667904100815e-06,2.6826197226127397,0.007130638681612678,0.08509061167494712,7.847599703514607e-07,9.007245414721607
fast_spectrum,1440,131,1.2742749857031322e-06,7.657007238596059,0.0006149946757458835,0.11742601597808748,1.6237767391887209e-06,8.879030288637196
fast_spectrum,1440,132,2.06913808111479e-06,5.837025507815518,0.0028982172082984148,0.1071567646121547,1e-06,9.019288307998124
fast_spectrum,1440,133,1.6237767391887209e-06,6.604539079520439,0.002674971527660497,0.11071965011153685,1.2742749857031322e-06,8.86733148478159
fast_spectrum,1440,134,1e-06,8.951822193444507,0.0019788061129314416,0.1116717160787112,7.847599703514607e-07,8.951822193444507
fast_spectrum,1440,135,1e-06,8.949219669346927,0.0029648615128251565,0.1066717526601363,1e-06,8.949219669346927
fast_spectrum,1440,136,1e-06,8.935786519227026,0.0015525143267743902,0.11326937387398404,1e-06,8.935786519227026
fast_spectrum,1440,137,1e-06,8.911126236315619,0.0028696859629775417,0.11152233474036619,6.158482110660254e-07,8.911126236315619
fast_spectrum,1440,138,2.3357214690901212e-07,22.041724906069724,0.005711675047514575,0.09295724996713646,7.847599703514607e-07,8.99301959191667
fast_spectrum,1440,139,1.6237767391887209e-06,6.695464545428674,0.0025315377103147796,0.11023595289391849,1.2742749857031322e-06,8.975489813670414
fast_spectrum,1440,140,4.832930238571752e-07,14.093826160741441,0.004325923780182039,0.10376213568948965,1.6237767391887209e-06,8.974866128270554
fast_spectrum,1440,141,6.951927961775605e-08,43.88292140582244,0.01979619163857893,0.07221177053289864,1.2742749857031322e-06,8.974286114031614
fast_spectrum,1440,142,1.2742749857031322e-06,7.71039901515861,0.0010768414661442849,0.11565522165587035,1.2742749857031322e-06,8.941427945992256
fast_spectrum,1440,143,7.847599703514607e-07,10.440489609691822,0.0026597994658694724,0.1103528627628551,1.2742749857031322e-06,8.990443660841468
fast_spectrum,1440,144,1.6237767391887209e-06,6.685525335633546,0.0032540017816974354,0.10533400756076644,6.158482110660254e-07,8.970386664441882
fast_spectrum,1440,145,2.3357214690901213e-05,1.6677947829548088,0.010209339184567012,0.0905697925618882,1e-06,8.9596697895282
fast_spectrum,1440,146,3.359818286283781e-06,4.42581665568405,0.0052394682993794905,0.09720574956935236,6.158482110660254e-07,9.003002145082808
fast_spectrum,1440,147,7.847599703514607e-07,10.381278574969416,0.002039983329061079,0.11108561630968439,1.2742749857031322e-06,8.939547158705714
fast_spectrum,1440,148,2.6366508987303555e-08,70.92473475556949,0.028379668775855516,0.07090740084514931,1.2742749857031322e-06,8.94748150857202
fast_spectrum,1440,149,7.847599703514607e-07,10.484544624053312,0.0037313548996810164,0.10301288059380695,1e-06,9.030430943945202
fast_spectrum,1440,150,1.6237767391887209e-06,6.718889682502852,0.0011387740870455465,0.11521171104069533,1.2742749857031322e-06,9.011585543615585
fast_spectrum,1440,151,6.158482110660254e-07,12.146462760353026,0.003353499372398039,0.1093329791538019,1.2742749857031322e-06,9.000754270288878
fast_spectrum,1440,152,2.6366508987303555e-06,5.0488483055081845,0.003758529735255811,0.11570054813663938,1e-06,8.98561035915207
fast_spectrum,1440,153,1.8329807108324338e-07,25.415902263001655,0.0074355388394684585,0.095388481868075,1e-06,8.958651479830792
fast_spectrum,1440,154,1e-06,8.947445531592468,0.003286807527630553,0.10544609450148089,7.847599703514607e-07,8.947445531592468
fast_spectrum,1440,155,2.06913808111479e-06,5.765619002005922,0.0037231838675820805,0.10646645849730624,1.2742749857031322e-06,8.925959377399973
fast_spectrum,1440,156,1.6237767391887209e-06,6.652993660462661,0.0019040784256424415,0.11247776471848422,1.6237767391887209e-06,8.923126117357233
fast_spectrum,1440,157,2.3357214690901213e-05,1.669493182507805,0.008323176088107287,0.08675165736340715,1.2742749857031322e-06,8.993441459679419
fast_spectrum,1440,158,1.1288378916846883e-07,33.382039266773226,0.011731690405107464,0.08779006846499246,1.2742749857031322e-06,8.864637544297196
fast_spectrum,1440,159,0.01,0.012913844448474545,0.014186643987045722,0.03481781677292115,7.847599703514607e-07,8.975084195480633
fast_spectrum,1440,160,7.847599703514607e-07,10.456594186511563,0.0010854456419597813,0.1154129091094514,1e-06,9.00162291518815
fast_spectrum,1440,161,4.832930238571752e-07,13.988727275158215,0.0032344156391648227,0.11308338055645785,1.6237767391887209e-06,8.904214376092694
fast_spectrum,1440,162,1.6237767391887209e-06,6.601871751141291,0.002115273912360105,0.11067436980871308,1e-06,8.859682362782106
fast_spectrum,1440,163,1.6237767391887209e-06,6.681104102152057,0.0009036666611355049,0.11710514546228268,1.2742749857031322e-06,8.957561187662675
fast_spectrum,1440,164,5.455594781168514e-06,3.3997678510106386,0.004242002612859452,0.1045518392398642,1.2742749857031322e-06,8.947754323155394
fast_spectrum,1440,165,0.01,0.012550868017929677,0.014206776741968796,0.027791773130564534,7.847599703514607e-07,8.993725897159207
fast_spectrum,1440,166,2.06913808111479e-06,5.770878387694242,0.002573851578554165,0.11068779207079812,1e-06,8.936798362523978
fast_spectrum,1440,167,1.2742749857031322e-06,7.715531472278668,0.004597488237865877,0.10105362046034001,1e-06,8.948229281888413
fast_spectrum,1440,168,0.01,0.013694265627558764,0.014206596660297222,0.053877171275708666,1e-06,8.99463696944402
fast_spectrum,1440,169,2.06913808111479e-06,5.812760894942983,0.004739739220510408,0.10378613671417619,7.847599703514607e-07,8.98759864098709
fast_spectrum,1440,170,2.976351441631313e-05,1.4756183266298946,0.010542362002540218,0.06145818888609025,1.2742749857031322e-06,8.932130839448766
fast_spectrum,1440,171,1.6237767391887209e-06,6.6533282990411,0.0020260252922363886,0.11607336190173768,1e-06,8.927689582551698
fast_spectrum,1440,172,4.281332398719387e-06,3.856587214720142,0.004705826744794583,0.10641290928846284,6.158482110660254e-07,8.956954228406866
fast_spectrum,1440,173,1.6237767391887209e-06,6.695097030255237,0.002793302804538822,0.10806401187902034,1.2742749857031322e-06,8.974228095161502
fast_spectrum,1440,174,1.2742749857031322e-06,7.720438235240153,0.0037637777918956283,0.1064286309478945,7.847599703514607e-07,8.955809616419755
fast_spectrum,1440,175,0.01,0.012930743077467284,0.014184979440678314,0.058216184656015114,1.6237767391887209e-06,8.940686000827972
fast_spectrum,1440,176,2.976351441631313e-07,18.824420409897932,0.004331728488250808,0.10663050009739232,1e-06,8.85358909959799
fast_spectrum,1440,177,2.06913808111479e-06,5.754453076126757,0.0012483901920558038,0.11709220950640244,1.2742749857031322e-06,8.904945588500835
fast_spectrum,1440,178,7.847599703514607e-07,10.339767850701337,0.003998577245422852,0.10182029937703141,1e-06,8.897620282253254
fast_spectrum,1440,179,1.6237767391887209e-06,6.704554143803582,0.0031694998222645543,0.10731738587537447,7.847599703514607e-07,8.998337767668554
fast_spectrum,1440,180,1e-06,8.941652415519487,0.000839970320379857,0.11645501648051322,1e-06,8.941652415519487
fast_spectrum,1440,181,2.976351441631313e-07,18.917135916662946,0.00324891132423466,0.10569498945944351,7.847599703514607e-07,8.929981769541303
fast_spectrum,1440,182,0.0003359818286283774,0.308139011325437,0.013532493431943515,0.02986068135941953,1.2742749857031322e-06,8.95892536254966
fast_spectrum,1440,183,7.847599703514607e-07,10.435602520375715,0.0016336494991168182,0.1141656480116814,1e-06,8.983637012026794
fast_spectrum,1440,184,4.832930238571752e-07,14.028476836031043,0.003414256799170956,0.1059813077789761,1e-06,8.921805612647256
fast_spectrum,1440,185,7.847599703514607e-07,10.384411961498024,0.0013072683220816117,0.11441090621902214,7.847599703514607e-07,8.935110454608944
fast_spectrum,1440,186,4.281332398719387e-06,3.898822434384672,0.0031025002075918406,0.10678058716556545,1.2742749857031322e-06,9.013716060743459
fast_spectrum,1440,187,5.455594781168514e-06,3.3865561846139833,0.0033977843191886903,0.11296052551242412,1.2742749857031322e-06,8.950686629920636
fast_spectrum,1440,188,1.438449888287663e-07,29.44255727298681,0.008980694262279654,0.08815484752212807,1e-06,9.010194789780416
fast_spectrum,1440,189,2.3357214690901213e-05,1.6735027431055167,0.009549419813553173,0.09721082873506852,7.847599703514607e-07,8.920854522413153
fast_spectrum,1440,190,3.359818286283781e-06,4.420364171762914,0.0026392348011604616,0.11236647684409205,1.2742749857031322e-06,8.970652120711703
fast_spectrum,1440,191,4.832930238571752e-07,14.003975287106496,0.011740462443596167,0.06253370148908104,1.2742749857031322e-06,8.916981451823865
fast_spectrum,1440,192,0.0001274274985703132,0.6370032937824053,0.013204393188220864,0.03289247243753473,7.847599703514607e-07,8.961027418091657
fast_spectrum,1440,193,4.832930238571752e-07,14.09984050459669,0.0038505187635218263,0.10948265303141527,1.6237767391887209e-06,8.9704317253502
fast_spectrum,1440,194,1.438449888287663e-07,29.10219330929544,0.0066361668065406665,0.09612261149284615,1e-06,8.89238629982089
fast_spectrum,1440,195,5.455594781168514e-06,3.402970197908375,0.005412318515590431,0.09865516919222486,7.847599703514607e-07,8.929219269827998
fast_spectrum,1440,196,1.8329807108324338e-05,1.844425141242469,0.008464134528118783,0.08446051886406211,7.847599703514607e-07,8.892785652810751
fast_spectrum,1440,197,7.847599703514607e-07,10.410561543540748,0.0035030519956145145,0.10675405250066328,7.847599703514607e-07,8.963598408424808
fast_spectrum,1440,198,8.858667904100815e-06,2.6778620012615306,0.007726749505598929,0.08519198207446647,6.158482110660254e-07,8.956634185779992
fast_spectrum,1440,199,4.832930238571752e-07,14.046863400392272,0.0015459880471695442,0.11342689704596588,1e-06,8.94909572522935
