environment,T,replication,lambda,complexity,regret,sharpe,pathwise_oracle_lambda,ensemble_oracle_complexity
N501,60,0,0.01,0.012963117643153168,0.014088445440645248,0.042802545593784914,8.858667904100815e-06,0.10777136545203624
N501,60,1,1e-06,8.305682163214106,0.1103187560822172,0.032418208217132864,0.01,0.10695859481731604
N501,60,2,2.3357214690901213e-05,1.7012858803312674,0.010606629378430266,0.0667413268474829,1.1288378916846883e-05,0.1102294870946807
N501,60,3,1.43844988828766e-05,2.033888475682094,0.024966782984176872,0.031023169862339217,0.00042813323987193956,0.10125034255548004
N501,60,4,0.01,0.01609124907294964,0.014028723731093096,0.02964026221916074,0.0005455594781168515,0.1309579224367693
N501,60,5,0.01,0.012358900770719045,0.014163980957114797,-0.0021969857393965776,0.01,0.10323114285419503
N501,60,6,0.01,0.01159322084928492,0.014126758892254454,0.03284160493529123,1.1288378916846883e-05,0.09754690333038983
N501,60,7,6.158482110660254e-07,10.803989879472837,0.06782339823220096,0.08701315893511122,0.0006951927961775591,0.11392559411790862
N501,60,8,2.976351441631313e-05,1.4390450940337876,0.034368711099180826,0.035747199370015095,0.0011288378916846883,0.12727234629393566
N501,60,9,0.0011288378916846883,0.08192932420188573,0.013868176359917217,0.01747901246196837,0.0008858667904100832,0.08192932420188573
N501,60,10,0.01,0.010328600731708413,0.01414576699320802,0.023799403712400358,4.8329302385717524e-05,0.08739378345501599
N501,60,11,2.06913808111479e-06,5.737178803197862,0.0850989412001526,-0.03319190780984563,0.0006951927961775591,0.11799497677289336
N501,60,12,4.832930238571752e-07,12.351308861156175,0.062378202105218605,0.07570995149925765,0.00026366508987303556,0.11467093581450674
N501,60,13,0.01,0.01211615555607645,0.014240040931203568,-0.02568014916206161,0.01,0.10101412925723463
N501,60,14,0.01,0.01350904024755976,0.014140185813890094,0.06660704258756027,4.281332398719387e-06,0.111274216055884
N501,60,15,3.359818286283781e-06,4.014296460007244,0.008616263798586155,0.07858587478778815,3.359818286283781e-06,0.08820589740532869
N501,60,16,0.00143844988828766,0.08879337969506623,0.01440853672281972,-0.009881771478835451,0.01,0.11135223382456742
N501,60,17,7.847599703514607e-07,9.28149192205325,0.05143604740370278,0.08852189187562229,0.0003359818286283774,0.09460856045865756
N501,60,18,0.0006951927961775591,0.19211170057769467,0.013748602322656622,0.021154362067780926,0.0008858667904100832,0.12489306364214187
N501,60,19,1.438449888287663e-07,22.4344470236332,0.19402265396478602,0.02341726893275635,0.01,0.10062642791674697
N501,60,20,2.3357214690901213e-05,1.6458482602833109,0.044923421039383626,0.03595003753661034,0.0008858667904100832,0.10814210711135161
N501,60,21,2.976351441631313e-05,1.3833053548856058,0.0429509618979278,-0.01016286127672369,0.01,0.0864242331328562
N501,60,22,0.00042813323987193956,0.2596190487721595,0.01347104018122125,0.02871873330057083,0.00020691380811147902,0.10830751631370805
N501,60,23,3.359818286283781e-06,4.311004541651701,0.09111230460461894,-0.0724269696630255,0.01,0.10747296796816895
N501,60,24,0.01,0.015221432288062654,0.014183906783942879,-0.017240847915286878,0.01,0.1245675706096695
N501,60,25,2.3357214690901213e-05,1.5926908474465173,0.02996200574955865,0.026916611225950657,0.0006951927961775591,0.09381840618569746
N501,60,26,1.2742749857031322e-06,7.358358433009325,0.03537071515520762,0.10575766766707963,1.1288378916846883e-05,0.07217832276598167
N501,60,27,0.01,0.011638307925537744,0.014143390754132512,0.021767826160684938,8.858667904100815e-06,0.09747837666404223
N501,60,28,0.01,0.01466393839348952,0.014203807261835788,-0.011092441445671382,0.01,0.12026618430571706
N501,60,29,7.847599703514606e-05,0.8322309020623799,0.015401764698451448,0.0016779604945680823,3.359818286283781e-06,0.09760637483463591
N501,60,30,0.01,0.014434753684423658,0.014102365666948447,0.014727569685017315,0.00143844988828766,0.11851300817762456
N501,60,31,4.281332398719387e-06,3.6168034746514963,0.029477896545695437,0.04576868553889306,0.0006951927961775591,0.09942271883093812
N501,60,32,0.01,0.011424812169004157,0.014125168231740037,0.030210084161397734,3.792690190732246e-05,0.09562946803636217
N501,60,33,1.1288378916846883e-05,2.380539968340651,0.019707966730753146,0.05247309920359032,0.0003359818286283774,0.12967634357760094
N501,60,34,0.00042813323987193956,0.22541589156130687,0.013084328806418077,0.03467765688027415,8.858667904100815e-06,0.09339712934750558
N501,60,35,1.1288378916846883e-05,2.146070136782325,0.020677956602252356,0.05596216090320267,6.158482110660255e-05,0.06859819439404627
N501,60,36,6.158482110660254e-07,11.095699416048381,0.144513860447949,0.06577582747489105,0.0003359818286283774,0.1118551482140395
N501,60,37,7.847599703514607e-07,9.498994398905683,0.0568334077352286,0.09483348229995354,6.951927961775606e-06,0.12999003393690844
N501,60,38,2.06913808111479e-06,5.535006057130955,0.0623926442476066,0.07454838733535771,6.158482110660255e-05,0.1093126290530862
N501,60,39,0.01,0.011681455605646856,0.014205671763382055,-0.022191690990619888,0.01,0.09805423220924982
N501,60,40,3.359818286283781e-06,4.325080236393141,0.11610041803038218,0.07468951096886323,0.0005455594781168515,0.13724480356116697
N501,60,41,0.01,0.01463304830453672,0.014128015532757887,0.05369225856887604,6.951927961775606e-06,0.12075056262096806
N501,60,42,5.455594781168514e-06,3.2669859948237514,0.1436015263787025,0.029483755979604932,0.0018329807108324375,0.1017682234110473
N501,60,43,7.847599703514607e-07,9.640228255602562,0.05271054564560518,0.07912004021705482,0.01,0.10560766512420072
N501,60,44,0.01,0.012996428510636001,0.014062294018586718,0.030489433313051116,0.0003359818286283774,0.10788700676161089
N501,60,45,3.359818286283781e-06,4.340473703555571,0.014326869967611788,0.08727990353260442,2.976351441631313e-05,0.09395794266296993
N501,60,46,1.1288378916846883e-07,25.15301868823918,0.2288967214831048,0.09347258767093787,8.858667904100815e-06,0.09825197022220188
N501,60,47,0.01,0.01594955269682035,0.014124302683361734,0.08806059078336956,5.455594781168514e-06,0.12999968738270812
N501,60,48,1e-06,8.228803226257359,0.02198861758150117,0.08007806931512725,4.281332398719387e-06,0.10622035134702132
N501,60,49,0.01,0.012065381775830573,0.014182498221538165,-0.04508196552890607,0.01,0.10082561903487425
N501,60,50,2.3357214690901212e-07,17.656704842585558,0.1552674413330395,0.07698175275483625,2.3357214690901213e-05,0.11110276486960462
N501,60,51,3.792690190732246e-07,14.059475697139305,0.260479101609977,0.0024856783887552696,0.01,0.08651153183523749
N501,60,52,3.3598182862837814e-08,38.329979987516104,0.3514525131082764,-0.004990181777591416,0.01,0.11439567428794185
N501,60,53,0.0001,0.612595314564888,0.014699158398706391,-0.0020125076823687194,0.0008858667904100832,0.07747472545493489
N501,60,54,0.01,0.011789236730042457,0.01419808100388531,-0.06368470949227568,0.01,0.09861678987351105
N501,60,55,0.00042813323987193956,0.2177706566145499,0.017421432808713222,-0.01608036945580456,0.01,0.0893897201456961
N501,60,56,0.01,0.01616203979874426,0.014025248181937733,0.034746959853040695,0.0003359818286283774,0.13291297212273223
N501,60,57,2.6366508987303555e-06,4.783069807818752,0.07132274421585327,0.09873627906768695,4.8329302385717524e-05,0.11629050221494855
N501,60,58,2.6366508987303555e-06,4.86657581024282,0.022198648974042223,0.039846835898590414,0.01,0.11208982649925694
N501,60,59,2.976351441631313e-05,1.4525925440216378,0.03950193686449022,0.024984155122658683,0.0011288378916846883,0.13191990824383754
N501,60,60,1.2742749857031322e-06,7.09364414537448,0.05583071606300627,0.03100457180904658,0.01,0.10146865011988197
N501,60,61,2.976351441631313e-05,1.4987057050068635,0.03180087909748042,-0.03790062871165168,0.01,0.10396030142036423
N501,60,62,3.792690190732246e-07,14.218090133012101,0.10059998664496361,0.06303049295597618,5.455594781168514e-06,0.1344327598041441
N501,60,63,0.01,0.01085634233952146,0.014093578953580876,0.07878044890306952,2.976351441631313e-05,0.09148805889844777
N501,60,64,2.06913808111479e-06,5.490459487391027,0.09172732067228173,0.035114584899003945,0.01,0.09894840562812202
N501,60,65,2.976351441631313e-07,15.768563246712729,0.09415725810216391,0.011034807357252244,0.01,0.1033556396262786
N501,60,66,3.792690190732246e-07,14.000556332527912,0.0952230730158452,0.059028950938441634,0.01,0.09095825376504565
N501,60,67,0.01,0.013410372838573839,0.01410240288794351,0.035566816309238095,7.847599703514606e-05,0.11068308228391285
N501,60,68,1.438449888287663e-07,21.963273525647775,0.117322182719519,0.019560024676482102,0.0005455594781168515,0.09964392552547251
N501,60,69,0.01,0.012898159078454029,0.014189560395409195,-0.07666550185158433,0.01,0.10698459691005568
N501,60,70,0.01,0.009903210437071916,0.014166059943191645,-0.007901972592760315,4.281332398719387e-06,0.08354107428746475
N501,60,71,6.951927961775605e-08,30.063231399623593,0.3150350319286237,0.03357492517892969,0.0011288378916846883,0.11778242336683939
N501,60,72,0.01,0.013918158001680954,0.01421016358997762,-0.050561717735412445,0.01,0.11507355804984767
N501,60,73,0.01,0.012154928294774294,0.014137048216158798,0.03909461339657063,2.976351441631313e-05,0.10132809879778029
N501,60,74,2.06913808111479e-06,5.501025925268395,0.02708165696636966,0.07664470090231695,0.01,0.09433343386164242
N501,60,75,0.01,0.019290971432058206,0.01419499008859093,-0.038152757500940215,0.01,0.15343416695722953
N501,60,76,7.847599703514607e-07,9.38360309134214,0.09448859764020945,0.04056794505701298,0.0011288378916846883,0.12010593164300344
N501,60,77,1.1288378916846883e-07,25.162131695652512,0.20820237192032498,0.07111340197647487,6.951927961775606e-06,0.09719151798387915
N501,60,78,0.01,0.01095870679528627,0.014214440749197754,-0.025746281156490084,0.01,0.09235062893367663
N501,60,79,0.01,0.014102988370332593,0.01421903438574601,-0.015262692895247001,0.01,0.11645123629594722
N501,60,80,5.455594781168514e-06,3.293332441998901,0.03823481754631608,0.04629031689522398,0.00042813323987193956,0.10056428251963469
N501,60,81,0.01,0.012067973003345195,0.014120208393945233,0.07055123497211839,1.43844988828766e-05,0.10034057897713915
N501,60,82,4.8329302385717524e-05,1.1041434512799042,0.024052162111443787,0.014627181650297548,0.0008858667904100832,0.09867339683499268
N501,60,83,0.01,0.013520355559218863,0.014118219276099797,0.014856664370751317,0.0011288378916846883,0.11131553987475892
N501,60,84,0.01,0.013600101411175694,0.014018321638231912,0.024973202898038383,0.0011288378916846883,0.112452513076385
N501,60,85,8.858667904100815e-08,27.28681031488774,0.26388618631150207,0.024312822769631242,0.0006951927961775591,0.08712247202188704
N501,60,86,8.858667904100815e-06,2.518709895041314,0.02130902768830767,0.07380696973977399,3.792690190732246e-05,0.1092580111104845
N501,60,87,2.976351441631313e-07,15.793609400274173,0.11678653688510021,0.08946595702876509,0.00042813323987193956,0.09284571629006974
N501,60,88,0.00026366508987303556,0.40466859189100157,0.01637216635900729,-0.013580794261038313,0.01,0.11721082555113366
N501,60,89,1.8329807108324338e-05,1.7242263685957484,0.030772826281355803,0.0008662118060797238,0.0008858667904100832,0.09361860127990038
N501,60,90,0.01,0.01228557122248157,0.014149185950787846,0.009158868427973466,1.1288378916846883e-05,0.10249259602001627
N501,60,91,0.00026366508987303556,0.389731997367811,0.014115113840035276,0.014901095693314144,0.0005455594781168515,0.11288630806059008
N501,60,92,3.792690190732246e-07,13.855055488610724,0.10260056665967165,0.059480390485281275,0.0006951927961775591,0.10226594529481758
N501,60,93,4.281332398719387e-06,3.661674980768854,0.03807909988694025,0.07302563585485809,0.0001,0.11284185410605455
N501,60,94,3.792690190732246e-07,14.26991680477406,0.12499885973867197,-0.013242049964552203,0.00143844988828766,0.13638474917972873
N501,60,95,0.01,0.013388445895162533,0.014109338950158867,0.023482054846203373,0.0003359818286283774,0.1106838519591215
N501,60,96,3.792690190732246e-07,14.098601132219475,0.13692878853807855,0.05801036574721231,0.00042813323987193956,0.08946125782808234
N501,60,97,3.792690190732246e-05,1.3405617284786429,0.027313378541167666,-0.06781521104366155,0.01,0.11722010536688139
N501,60,98,3.792690190732246e-07,13.778120800613475,0.10403850309316809,-0.017662636147379045,0.0005455594781168515,0.10372209068733618
N501,60,99,2.6366508987303555e-06,4.822526552893246,0.049779877826303,0.09522790393651462,6.158482110660255e-05,0.1066884261740455
N501,60,100,2.6366508987303555e-06,4.889110309619545,0.03951407707114196,0.02417945789597639,0.01,0.12719829434318441
N501,60,101,0.01,0.013285630622044381,0.01419273824357048,-0.0174400930586385,0.01,0.11039272041302216
N501,60,102,7.847599703514606e-05,0.8908216497111459,0.0239238200898646,-0.005178943444134004,0.01,0.11166239656671995
N501,60,103,1.438449888287663e-07,22.322087805904257,0.16715688461043787,0.04591353912558483,5.455594781168514e-06,0.11030095053421032
N501,60,104,0.01,0.010320007900556191,0.014169466422808918,-0.009667942387414632,0.01,0.08699231327463464
N501,60,105,1.8329807108324338e-05,1.9235103870432813,0.0234814598709292,0.048603577745053674,0.00042813323987193956,0.11155236924492107
N501,60,106,0.01,0.014153050713680693,0.014085902809655715,0.040437572009510384,5.455594781168514e-06,0.11707023720075985
N501,60,107,2.6366508987303555e-06,4.884695265911417,0.03028737130283954,0.01520277962116417,0.01,0.11233540629210183
N501,60,108,2.976351441631313e-05,1.4337882002490159,0.026851117609833164,-0.03911190983857852,0.01,0.10642133393989243
N501,60,109,0.01,0.01420464399150235,0.01421645423118445,-0.02168049696871992,0.01,0.1170882495470627
N501,60,110,0.01,0.013490239297472409,0.014074035665225137,0.020865495804028734,0.0008858667904100832,0.11132406406637058
N501,60,111,1.8329807108324338e-07,20.23469068886388,0.17658414534474876,0.0421877230338935,0.01,0.09037808071511269
N501,60,112,3.3598182862837814e-08,38.53666846798544,0.32544561167197594,0.04149317296411468,6.951927961775606e-06,0.12009364862504841
N501,60,113,0.01,0.010378162534556722,0.014214392165594392,-0.025840554069242617,0.01,0.08749524416767229
N501,60,114,0.01,0.011050278002285415,0.014184011644431171,-0.03323171926706521,0.01,0.09271075415098415
N501,60,115,2.06913808111479e-06,5.69710583437105,0.00683093048965433,0.09875661063004523,5.455594781168514e-06,0.1403243136965324
N501,60,116,0.01,0.012257323165697801,0.01416024254585646,0.0010230823759955782,4.281332398719387e-06,0.10204467104016714
N501,60,117,0.01,0.010094745418663318,0.014162664592832552,-0.0010550465779294786,1.1288378916846883e-05,0.08529813216458143
N501,60,118,0.01,0.010680059336883036,0.014111767722565838,0.038219136997499334,3.359818286283781e-06,0.0903616454765883
N501,60,119,0.01,0.01278389999263784,0.014159211444262576,0.0017013742934999315,8.858667904100815e-06,0.10637706933050707
N501,60,120,1.6237767391887209e-06,6.2482097730067565,0.04290583363827172,0.09957155328616235,0.0001274274985703132,0.0986451798906571
N501,60,121,0.01,0.014240623902434791,0.01412264041899336,0.024338663160667868,0.00020691380811147902,0.11745851537003342
N501,60,122,0.01,0.01463534127468267,0.014093457283950173,0.02688074006180611,2.6366508987303555e-06,0.12019809713243376
N501,60,123,0.0001,0.6945362062458491,0.018073663063820744,0.004777375183061106,0.01,0.09646802091996563
N501,60,124,7.847599703514606e-05,0.8386307959054102,0.015479443494176959,0.0019941662035657653,0.0006951927961775591,0.10853463862562412
N501,60,125,7.847599703514606e-05,0.8468332291416967,0.02532999417865822,0.03857619316935776,0.0006951927961775591,0.09500910832067001
N501,60,126,6.951927961775606e-06,3.01666313205391,0.036131121006132805,0.07734097630001395,0.0003359818286283774,0.11114247573060129
N501,60,127,0.0008858667904100832,0.12197860657247843,0.013514007008412876,0.026474335366082895,0.0005455594781168515,0.0972210062548004
N501,60,128,1.1288378916846883e-05,2.2745058974798136,0.03508332606997122,0.03316522318431743,0.0008858667904100832,0.10878546231880845
N501,60,129,3.792690190732246e-07,13.95477755696404,0.0882351866131259,0.03811424654615688,0.01,0.09981233259170477
N501,60,130,1.438449888287663e-07,22.452119615928854,0.2890245626210852,-0.004474160763861702,0.01,0.09672248511573896
N501,60,131,0.01,0.012402036756844549,0.01410583002587451,0.05898577102773544,4.8329302385717524e-05,0.1027464400516736
N501,60,132,0.00026366508987303556,0.3806490177893174,0.016860837840881215,-0.012532564636144442,0.01,0.10641408731497418
N501,60,133,1.1288378916846883e-05,2.3420016505476786,0.027112826939299062,0.061942501165963476,7.847599703514606e-05,0.10366649029860217
N501,60,134,0.002335721469090121,0.059181928719589605,0.014434707423639725,-0.01950002731071636,0.01,0.1174454626858101
N501,60,135,7.847599703514607e-07,9.322532624214984,0.07131047027303228,0.10699710439455906,6.158482110660255e-05,0.1130239214446746
N501,60,136,1.2742749857031322e-06,7.257698903163629,0.12943961686858563,0.032268492390280554,0.01,0.11360615594969956
N501,60,137,0.01,0.010626801915698718,0.01414323344649826,0.026273251373646566,1.43844988828766e-05,0.0894875534234762
N501,60,138,1.43844988828766e-05,1.9981564547286799,0.08054286934043264,-0.01730319795803846,0.01,0.09166024429829839
N501,60,139,6.951927961775606e-06,2.852176393673349,0.03534946844915776,0.05745587029091528,0.0005455594781168515,0.10751237568651922
N501,60,140,7.847599703514607e-07,9.471772629313103,0.08000134788911506,0.04234175008614668,0.0008858667904100832,0.09283652482650245
N501,60,141,1.438449888287663e-07,22.603941637029465,0.15957368398214844,0.022249895988294528,0.00026366508987303556,0.09068516494268336
N501,60,142,0.01,0.011254343201492094,0.014159032736299926,0.0039194541753083114,0.0011288378916846883,0.09480328675494012
N501,60,143,6.951927961775606e-06,3.0560739632177754,0.03548445425619162,0.016338030685152764,0.01,0.129066949132801
N501,60,144,1.6237767391887209e-06,6.1402434643736985,0.04049445082753489,0.08962551510218332,0.0018329807108324375,0.09584545057086583
N501,60,145,7.847599703514606e-05,0.8647640000226825,0.03191125749214896,-0.027338461456315546,0.01,0.11109480790883196
N501,60,146,8.858667904100815e-08,27.42229145675122,0.30423990024008907,-0.007395608658330758,0.0003359818286283774,0.09930330022495056
N501,60,147,2.976351441631313e-07,15.904051980284883,0.09378375168011988,0.03421448688814667,0.01,0.09961709791966042
N501,60,148,0.01,0.00972192540546133,0.014106849963227641,0.06471626708848527,8.858667904100815e-06,0.0827283645234686
N501,60,149,2.6366508987303555e-06,4.972286321196143,0.025516692941957686,0.08244943543658809,7.847599703514606e-05,0.1223405333458375
N501,60,150,0.01,0.01696126969517501,0.014180619744572187,-0.028015506375214036,0.01,0.13734684017869211
N501,60,151,2.976351441631313e-05,1.4611091482990328,0.035866667911574,-0.0322694210044763,0.01,0.10844530004937808
N501,60,152,1.43844988828766e-05,1.9731619384294232,0.018420066147898373,0.06202175612272361,7.847599703514606e-05,0.0803394688928072
N501,60,153,0.01,0.015148844577505538,0.014171936800039253,-0.02318743741594696,0.01,0.12470750516134131
N501,60,154,2.976351441631313e-05,1.513312912709895,0.010297308754582013,0.0675834631584176,3.792690190732246e-05,0.10763170625068769
N501,60,155,0.0006951927961775591,0.13961229483069873,0.01330158176975349,0.050753104132682504,8.858667904100815e-06,0.08912903150668552
N501,60,156,3.792690190732246e-07,13.8877445778755,0.12546679568220886,0.014199934848220611,3.792690190732246e-05,0.1256356395800121
N501,60,157,1.8329807108324338e-05,1.816474026536229,0.08376901149880323,0.04823157954208777,0.0008858667904100832,0.0957986340107268
N501,60,158,0.01,0.014785602349938268,0.014152511072015317,0.02080528411400463,4.281332398719387e-06,0.12076520080325959
N501,60,159,4.8329302385717524e-05,1.115186981939853,0.02470738214612367,0.024665052957206668,0.0006951927961775591,0.10318886712546305
N501,60,160,1e-12,59.99836529491889,0.9283794234582048,0.04425582931821043,0.0003359818286283774,0.11081191654645806
N501,60,161,6.951927961775606e-06,3.0999757365826834,0.049969118004803414,0.01351505545497991,0.01,0.10896027268717123
N501,60,162,0.01,0.015567153191230792,0.014068700864903638,0.045915396134912745,6.158482110660255e-05,0.12694261089226686
N501,60,163,1.1288378916846883e-07,25.03822581559692,0.1622154565659304,0.05703521756942084,3.359818286283781e-06,0.125568227194713
N501,60,164,0.01,0.01047665923020893,0.014113033073640091,0.03193310916958207,6.951927961775606e-06,0.08826715949294092
N501,60,165,2.6366508987303555e-06,4.957826388263152,0.018447563260668653,0.08012693748147945,8.858667904100815e-06,0.10345194902009884
N501,60,166,6.158482110660254e-09,52.73401506644514,0.8876994969360572,0.02222871597400297,4.281332398719387e-06,0.12768584866638732
N501,60,167,2.976351441631313e-05,1.2407492618904423,0.03854277811127105,0.019377065445412036,0.0006951927961775591,0.06738832641221965
N501,60,168,1.2742749857031322e-06,7.135641977174036,0.04161921218806364,0.09792767475809494,0.0003359818286283774,0.11585530871044226
N501,60,169,0.01,0.01366779750146079,0.014149693037568745,0.006974189768304204,0.00143844988828766,0.11309104579426277
N501,60,170,0.01,0.011916580952812323,0.014102760242198475,0.045503418344770744,6.158482110660255e-05,0.09963999379886963
N501,60,171,0.01,0.00945666026004888,0.014160953065931015,-6.423296226057686e-05,3.359818286283781e-06,0.0803515406253234
N501,60,172,1e-12,59.99839774744504,0.9731520013507264,0.01031324570309759,0.0011288378916846883,0.09903944121346088
N501,60,173,0.01,0.01218070975424435,0.014166621587375916,-0.003432395316412019,0.01,0.10160186038675967
N501,60,174,1e-06,8.126794283834762,0.03967092092572955,0.021106421268968212,0.0001,0.11454759021347215
N501,60,175,1.8329807108324338e-05,1.8552645933417118,0.031598952259343394,0.023708154314328857,0.0006951927961775591,0.10473914847319624
N501,60,176,0.01,0.014294405946933025,0.014031199003876393,0.028917821726732164,0.0006951927961775591,0.1175011601465642
N501,60,177,0.01,0.012970149640906484,0.014214773191149721,-0.017297235410832962,0.01,0.10746169379471768
N501,60,178,2.6366508987303555e-08,40.61052715315717,0.3556349824987779,0.04848359672685721,6.158482110660255e-05,0.10764358605496134
N501,60,179,3.359818286283781e-06,4.446501590385235,0.00721045968889622,0.09520718521990013,3.359818286283781e-06,0.13680847609902114
N501,60,180,3.792690190732246e-05,1.2473034597827377,0.022001932767292898,0.03994283835599639,0.0005455594781168515,0.10370557716409494
N501,60,181,2.6366508987303555e-06,4.938143893376116,0.027077376678438903,0.09109903824884895,2.3357214690901213e-05,0.0912844648978042
N501,60,182,2.3357214690901212e-07,17.861071845625887,0.14031958713202464,0.08187676842422437,6.951927961775606e-06,0.0826503010000332
N501,60,183,0.01,0.01218524654211558,0.014126776874035407,0.02535967349420493,5.455594781168514e-06,0.10211739618475782
N501,60,184,0.0001,0.6756069285171851,0.013640720158501374,0.0391363416031668,0.00026366508987303556,0.08516628208826665
N501,60,185,2.976351441631313e-05,1.4014875921518621,0.045381981831391194,0.024227048719593986,0.0011288378916846883,0.090682056611492
N501,60,186,4.832930238571752e-07,12.190752200876977,0.06745942160640217,0.06083689376885564,0.00026366508987303556,0.10784294242353179
N501,60,187,0.01,0.01197650708432177,0.014189056994580396,-0.0149649188713371,0.01,0.10028588349930175
N501,60,188,0.01,0.011629256982778158,0.014137644573401054,0.06916484197994877,5.455594781168514e-06,0.09741279820066236
N501,60,189,2.3357214690901213e-05,1.5885582305271604,0.016432231618625837,0.01637279441340087,0.01,0.10537453398039813
N501,60,190,4.281332398719387e-06,3.6726968426648314,0.03572757012444283,0.07327488830569803,0.00042813323987193956,0.09072713023643442
N501,60,191,1e-12,59.9984743566511,1.1673513948125196,-0.01018566919661084,0.0005455594781168515,0.09925227909205966
N501,60,192,1.43844988828766e-05,2.0728006597832422,0.023607688000215177,0.06624165508464469,7.847599703514606e-05,0.1003631334033496
N501,60,193,1.6237767391887209e-06,6.423602731181071,0.027009489822064747,0.10119736087083349,0.0003359818286283774,0.1195081114699871
N501,60,194,2.3357214690901212e-07,17.86504689532999,0.1559021240801477,-0.02250300783713202,0.01,0.11108562189242788
N501,60,195,1e-08,49.365716844192,0.789278203685198,0.03148920143035208,0.0011288378916846883,0.12986491709594422
N501,60,196,1.6237767391887209e-06,6.2759244213186545,0.024380248625911927,0.06495736186095956,0.0005455594781168515,0.1264318157576827
N501,60,197,1.43844988828766e-05,1.9402421755806254,0.08123201393542168,0.026325462469944595,0.0011288378916846883,0.07748932570084681
N501,60,198,6.951927961775606e-06,2.84814901943116,0.023920027060429838,0.05184382658164612,0.01,0.08319396775783648
N501,60,199,1.1288378916846883e-05,2.293836421654616,0.02748308416767853,0.0017272614035330428,0.0011288378916846883,0.11602914038860897
N501,90,0,0.01,0.01229352762231762,0.014135081026743435,0.10597031873072901,4.281332398719387e-06,0.16038259080309447
N501,90,1,2.976351441631313e-07,17.144262575757615,0.10048405243794845,0.05339317646051045,0.01,0.1663087671689613
N501,90,2,1.6237767391887209e-06,6.586138037330414,0.016889108735344882,0.09399228432414414,2.3357214690901213e-05,0.16146334238566212
N501,90,3,7.847599703514606e-05,0.8610449867536696,0.017015809322865172,0.021654640280685405,0.0005455594781168515,0.159035899651548
N501,90,4,6.951927961775605e-08,34.842975659448214,0.16381353749721583,0.04479577245599611,0.00026366508987303556,0.1988955125234988
N501,90,5,0.01,0.013251588407293697,0.014151749375142186,0.033260841225063856,6.951927961775606e-06,0.17114644450828712
N501,90,6,2.3357214690901212e-07,19.554990875174674,0.06240101576994417,0.024767908946656182,6.951927961775606e-06,0.15262744410511692
N501,90,7,3.359818286283781e-06,4.28069725171667,0.05198831078012134,0.05882876626023396,0.0011288378916846883,0.17737665537390196
N501,90,8,0.01,0.016071160260210014,0.014107730205654923,0.01742423311205271,0.0008858667904100832,0.20081361212388377
N501,90,9,0.01,0.009921966567154036,0.014162860713033076,-0.0031125187904406204,3.359818286283781e-06,0.132599739998414
N501,90,10,3.3598182862837814e-08,44.83673919836483,0.4579025324249677,-0.01883816993252963,0.01,0.14807898160919647
N501,90,11,1.8329807108324338e-05,1.8991761575259987,0.031033952917775,0.022052289069678977,0.0006951927961775591,0.19062459603287862
N501,90,12,1.8329807108324338e-05,1.886003822742981,0.0314177271349092,0.053326011317351193,0.0005455594781168515,0.1750594583331862
N501,90,13,0.01,0.012299472158458953,0.014176558704094067,-0.033344341626624426,0.01,0.15998370521826139
N501,90,14,1.43844988828766e-05,2.005739366611027,0.011641020640608235,0.05842819003099106,1.43844988828766e-05,0.1801060537954493
N501,90,15,0.00026366508987303556,0.33245777703000723,0.015302256436255268,-0.013761338230660678,0.01,0.1435224436952663
N501,90,16,7.847599703514606e-05,0.8722740356262011,0.022581388735770647,-0.018635303748502655,0.01,0.17243160718006756
N501,90,17,1.8329807108324338e-05,1.8477443621109804,0.03783456093804238,0.042132363663179594,0.0006951927961775591,0.15441909799834005
N501,90,18,1.8329807108324338e-05,1.7862496567875872,0.032501731841419135,0.026835944790294688,0.0008858667904100832,0.18606072002941076
N501,90,19,4.832930238571752e-07,13.176229584942828,0.062079103594016694,0.0484955459421606,0.01,0.16433363418673957
N501,90,20,0.01,0.011996136180284916,0.014104240615630759,0.022683514127184605,0.00042813323987193956,0.15735603309316804
N501,90,21,0.00026366508987303556,0.3364281961042266,0.016126592106771476,-0.010783833323248435,0.01,0.14550179531985058
N501,90,22,4.8329302385717524e-05,1.1458772683846397,0.014331239792258366,0.0341219217244349,0.00020691380811147902,0.1482639869522146
N501,90,23,3.359818286283781e-06,4.348070887219144,0.07674009040132002,-0.08960595761483396,0.01,0.16177613981896108
N501,90,24,2.976351441631313e-07,16.945996775001507,0.06953145382285308,0.035122666564002696,5.455594781168514e-06,0.16958121539434626
N501,90,25,2.976351441631313e-07,16.947700725571565,0.11924935877811849,0.01886322119579793,0.0006951927961775591,0.1491970840378513
N501,90,26,4.281332398719396e-08,41.13377606502453,0.24732358772745666,0.032495304545491925,5.455594781168514e-06,0.11510600918369801
N501,90,27,0.01,0.013047563610034563,0.014135253789968827,0.03612066879968131,6.951927961775606e-06,0.1687640766917736
N501,90,28,1.8329807108324338e-05,1.8416702647190792,0.0202791673792182,0.037601359344961977,0.01,0.1701325121512267
N501,90,29,3.359818286283781e-06,4.184404475875182,0.008742462071933077,0.08025983799942309,3.359818286283781e-06,0.1461525894397017
N501,90,30,1.438449888287663e-07,24.612555636448878,0.1093430642076827,0.06529863485140087,0.0005455594781168515,0.16608829958967897
N501,90,31,1.1288378916846883e-05,2.263488556087796,0.046481059389427815,-0.002769366796447429,0.0011288378916846883,0.1396742167271458
N501,90,32,0.0001274274985703132,0.6168331921174796,0.012598890791795547,0.040484343294892144,3.359818286283781e-06,0.16195787613811896
N501,90,33,5.4555947811685146e-08,37.876158884843065,0.21065051778507438,0.020315064277747243,2.976351441631313e-05,0.1811772466392787
N501,90,34,1.438449888287663e-07,24.935300480156922,0.10902034883564093,0.0783008612678109,0.00026366508987303556,0.15287484763705436
N501,90,35,0.01,0.010110974687166964,0.01414327836272744,0.014698348007330098,7.847599703514606e-05,0.13480318156853072
N501,90,36,0.01,0.013196552362160111,0.01415041514875004,0.015164012447439593,8.858667904100815e-06,0.17070979944583342
N501,90,37,1.1288378916846883e-05,2.367207968422239,0.0034495892746765344,0.10797003756329905,5.455594781168514e-06,0.20201942848300708
N501,90,38,1.1288378916846883e-07,27.872178660519506,0.11482384832201942,0.075177560637397,5.455594781168514e-06,0.18375017118298786
N501,90,39,0.01,0.011800079706785772,0.014176298177726254,-0.029031224278013495,0.01,0.15521217246243157
N501,90,40,2.976351441631313e-05,1.4620832121460854,0.03552071644885735,0.047415649754844906,0.0006951927961775591,0.19004243104967725
N501,90,41,2.976351441631313e-07,17.416751657420882,0.08212449033236924,0.05623037317600041,8.858667904100815e-06,0.1784204479534848
N501,90,42,1.8329807108324338e-07,21.896547954118077,0.25257201799075335,-0.00025092890443536225,0.0011288378916846883,0.1658086576572372
N501,90,43,3.792690190732246e-07,14.849871645287628,0.0737595055242588,0.07364456884172384,1.8329807108324338e-05,0.1536924694984828
N501,90,44,0.01,0.01236880926349062,0.014165464983286302,-0.005896181887850362,3.359818286283781e-06,0.16057133869598444
N501,90,45,0.01,0.011237906873052483,0.014121929427548086,0.06901668857763314,1.1288378916846883e-05,0.14867077130375683
N501,90,46,0.01,0.011829133672420961,0.014124491676618445,0.0902800681543685,5.455594781168514e-06,0.15531583871146007
N501,90,47,1.8329807108324338e-05,1.9210038726829675,0.00986355659497784,0.07177726969567771,2.976351441631313e-05,0.20155507759494146
N501,90,48,1.1288378916846883e-07,27.737191015728467,0.10559398050687885,0.037340819034147404,8.858667904100815e-06,0.15724895240605932
N501,90,49,0.01,0.011803936793754351,0.014173564910904046,-0.03844195361108672,0.01,0.15434033066916608
N501,90,50,0.01,0.012073004778200329,0.014159673770215764,0.0014368647838758,4.281332398719387e-06,0.15723436033089072
N501,90,51,0.00016237767391887175,0.4882461335164543,0.026706988314651348,-0.020171298707353617,0.01,0.14335288568704221
N501,90,52,0.01,0.012561685720747688,0.014129957866345522,0.06944244999020191,3.359818286283781e-06,0.16256183114228723
N501,90,53,0.01,0.008812334651235714,0.014184904636132645,-0.01391980330003455,0.01,0.1188084199591493
N501,90,54,6.158482110660255e-05,0.9574307541261029,0.019283496723470295,0.020069960666641413,0.0006951927961775591,0.1575825711313748
N501,90,55,0.01,0.010183163495663538,0.01418689884687141,-0.01528973604014644,0.01,0.1356308832694753
N501,90,56,0.01,0.013403819925504849,0.014074310232788934,0.04290397453050016,6.951927961775606e-06,0.17459224400629114
N501,90,57,1.43844988828766e-05,2.0694837143482765,0.017220525607295256,0.0755800201737906,4.8329302385717524e-05,0.16745311817794412
N501,90,58,6.951927961775606e-06,2.996473481879294,0.009796644524545317,0.07800959879759088,1.43844988828766e-05,0.15893667283844176
N501,90,59,0.0001,0.7615896073668931,0.02236202327164838,0.019424618805269363,0.0011288378916846883,0.18417991719961774
N501,90,60,0.01,0.012397932001504759,0.014182011330604372,-0.022177924157796368,0.01,0.16078702657586996
N501,90,61,0.00026366508987303556,0.36158520699347996,0.0162505973617173,-0.029654106837962727,0.01,0.15690354736944706
N501,90,62,4.832930238571752e-07,13.408067625478685,0.05486004297355662,0.07687917222647371,5.455594781168514e-06,0.20612113535658236
N501,90,63,2.3357214690901213e-05,1.5880967961864432,0.01173008797355568,0.06943811391650737,4.8329302385717524e-05,0.14770658370100337
N501,90,64,0.01,0.011010506975094703,0.01417018478328047,-0.004070233470800452,0.01,0.1450005466202725
N501,90,65,0.0005455594781168515,0.20515522978582446,0.015807044006179938,-0.029988874994254303,0.01,0.16546377427755357
N501,90,66,2.3357214690901213e-05,1.6227056026927436,0.015222022914963107,0.02831555768015999,2.6366508987303555e-06,0.1593518716102953
N501,90,67,0.01,0.014261748258933204,0.014146123863122528,0.01846026103228589,4.8329302385717524e-05,0.1812886294875275
N501,90,68,0.01,0.012082294458005204,0.014127533406578574,0.024004272561830464,5.455594781168514e-06,0.1571482881973708
N501,90,69,0.01,0.013037862973404285,0.01415801099501024,0.0057726154881116674,0.0008858667904100832,0.1684411207344254
N501,90,70,6.158482110660254e-07,11.16662313716692,0.07065116192755383,0.06578270931984592,0.01,0.14850261807124113
N501,90,71,4.8329302385717524e-05,1.1441811996437194,0.03493301579639252,0.026019687333760373,0.0011288378916846883,0.18677198342943319
N501,90,72,1.1288378916846883e-05,2.391422131974812,0.03083531738899059,-0.0490981879346886,0.01,0.17290140256173053
N501,90,73,7.847599703514606e-05,0.8705067903101034,0.01097693541315281,0.0804754604698853,3.359818286283781e-06,0.1654209233350264
N501,90,74,0.01,0.01205607794811499,0.01414833026239537,0.02039326646618266,6.951927961775606e-06,0.1576859291947208
N501,90,75,2.976351441631313e-05,1.519345169786515,0.025597048557957303,-0.03574360634825121,0.01,0.21025668428229996
N501,90,76,2.6366508987303555e-06,4.937219194585751,0.025505742543549648,0.044537578623823584,0.00042813323987193956,0.18908709092094772
N501,90,77,3.359818286283781e-06,4.3368358390961825,0.04002699502754581,0.06780903849930647,0.01,0.15263125549907233
N501,90,78,1e-06,8.5391261223205,0.03557618248827654,0.07774045745589635,0.01,0.1616918411194061
N501,90,79,0.01,0.013383604009465207,0.014163266122577456,-0.0020449821033134384,4.281332398719387e-06,0.17258411570649396
N501,90,80,0.01,0.012545945042478772,0.014119074824939903,0.03486797266859143,2.3357214690901213e-05,0.16312042188740408
N501,90,81,0.01,0.013612780953014542,0.014150074354106423,0.01554631663602447,4.281332398719387e-06,0.17383514107050838
N501,90,82,0.01,0.01143301019026695,0.01412080546547545,0.02179495398311877,0.0003359818286283774,0.15024191488622832
N501,90,83,0.01,0.011953935648050912,0.014160582702852809,0.0005433436808191033,0.01,0.15531003149815606
N501,90,84,1.8329807108324338e-07,22.108863834502987,0.1860749703093325,0.0911509944509555,0.0011288378916846883,0.1564639693789396
N501,90,85,2.06913808111479e-06,5.627650776002251,0.08007299454400774,0.04814496598685621,0.0008858667904100832,0.14041121241343496
N501,90,86,3.792690190732246e-07,14.65817664119671,0.10949103357866052,0.0681782665497573,2.976351441631313e-05,0.17786736012949847
N501,90,87,6.951927961775606e-06,2.9561256536045084,0.03938076190545203,0.06649432270426936,0.0005455594781168515,0.16558787493302282
N501,90,88,1.1288378916846883e-07,27.946162186523893,0.1564473981101271,0.028286779447892017,0.01,0.1607450718325746
N501,90,89,0.01,0.011857731364176862,0.014169818337553375,-0.03591757145795416,0.01,0.15382902951700517
N501,90,90,0.01,0.013583192959643456,0.014188218933037122,-0.013037819141124146,0.01,0.1753029810562972
N501,90,91,0.01,0.013981871661403165,0.014156592522967415,0.018112189171009076,2.976351441631313e-05,0.17833143922728842
N501,90,92,0.01,0.012450906579540483,0.014100690455692733,0.027129995455591707,3.359818286283781e-06,0.16139200914853538
N501,90,93,1.623776739188721e-08,56.48086508234484,0.5050787954332248,0.061653817852834,0.00016237767391887175,0.1768596624623704
N501,90,94,1.6237767391887209e-06,6.53802536520334,0.032873087735132644,0.06218338050613543,0.0005455594781168515,0.20097082936055363
N501,90,95,3.792690190732246e-07,14.739603129417162,0.07924778420020195,0.05880677387200877,0.0006951927961775591,0.17076845846184635
N501,90,96,0.01,0.012577813289374809,0.014090416788565596,0.03475315299151153,8.858667904100815e-06,0.16196548218124146
N501,90,97,1.274274985703132e-08,60.69032787614663,0.5470253298737129,0.00047531103373016717,0.01,0.16766246621432243
N501,90,98,3.792690190732246e-07,14.727108090285125,0.08345720298427572,-0.002557357967809733,0.0003359818286283774,0.15128430858580624
N501,90,99,0.01,0.012839195681335368,0.014106079796282867,0.07211629925059353,1.8329807108324338e-05,0.16687943718592665
N501,90,100,0.01,0.013096034087556727,0.014193356146350977,-0.02796365507031933,0.01,0.16971916805947204
N501,90,101,1.43844988828766e-05,2.095874167681664,0.02305890994788129,0.013431614025692684,0.01,0.16907306605083747
N501,90,102,0.01,0.013113657119895246,0.014153419669861389,0.015593656458391092,5.455594781168514e-06,0.17001743135120836
N501,90,103,0.01,0.012543656965498801,0.014138424474929079,0.02536406211897635,2.6366508987303555e-06,0.16285457206641546
N501,90,104,0.01,0.01093381755643235,0.014180283846532582,-0.025171179163482528,0.01,0.14417756908563645
N501,90,105,0.01,0.012439243141816506,0.014164017032500809,-0.0010626380752552897,0.01,0.1625588772863651
N501,90,106,6.158482110660254e-07,11.465789411795667,0.058103260182163385,0.09337299499348775,8.858667904100815e-06,0.1707646646210953
N501,90,107,7.847599703514607e-07,9.921306476711402,0.03841603737350141,0.041064989075396956,0.01,0.17407391639035819
N501,90,108,0.01,0.012874081212682765,0.014162012430851467,-0.002345445244256091,0.01,0.1664614297952675
N501,90,109,0.01,0.013136740203188472,0.014138141320023445,0.04224490345646109,4.281332398719387e-06,0.16982761403838742
N501,90,110,5.4555947811685146e-08,37.945782568526056,0.2429018639960585,0.04255052991962375,0.0005455594781168515,0.17922257493251964
N501,90,111,2.3357214690901213e-05,1.5747377268944938,0.034110314018648724,0.005657048623314466,0.01,0.14221998527673108
N501,90,112,8.858667904100815e-06,2.670860398045799,0.018569300475584027,0.0375114029040521,0.01,0.1663157549849068
N501,90,113,0.01,0.010613016038710529,0.014153540545845389,0.0324238431083077,4.281332398719387e-06,0.14036517132096685
N501,90,114,0.01,0.011632504333111266,0.014137813418314882,0.021274210925467614,0.00016237767391887175,0.15173708719573648
N501,90,115,2.6366508987303555e-06,5.067483117498298,0.004062043800022841,0.10171140734563175,3.359818286283781e-06,0.21357108555061977
N501,90,116,0.01,0.012782780460679377,0.014125748914958103,0.019288539201379438,0.00042813323987193956,0.16511490034495804
N501,90,117,1.6237767391887209e-06,6.407312254872095,0.03556897911866219,0.10214899417390734,1.8329807108324338e-05,0.13776832426216873
N501,90,118,1.1288378916846883e-07,27.52384203661277,0.12360449636881876,0.03151039681309103,2.6366508987303555e-06,0.13771225264345824
N501,90,119,2.06913808111479e-06,5.737647656696038,0.019824750875938157,0.0845777154520282,0.0008858667904100832,0.1693043784078837
N501,90,120,0.01,0.011867317092321368,0.014127713063658232,0.07687817188352741,4.281332398719387e-06,0.15536854123227714
N501,90,121,1.8329807108324338e-07,22.09539808804365,0.104461125569413,-0.0035933768180381885,0.00026366508987303556,0.16759352169953923
N501,90,122,0.01,0.013158175927489907,0.014151679538153883,0.0130471997118023,0.0003359818286283774,0.16922031507165944
N501,90,123,1.8329807108324338e-07,21.694957798036175,0.12547858261978018,0.025058205209184274,4.8329302385717524e-05,0.1466717511392879
N501,90,124,1.8329807108324338e-07,21.72331264317187,0.13035824438297516,-0.011056552593787633,0.0005455594781168515,0.19935478553952898
N501,90,125,0.01,0.012385809302651866,0.014040509213518737,0.02946426949374402,0.0005455594781168515,0.1625279346365212
N501,90,126,0.00042813323987193956,0.26744231253111567,0.012899609804933099,0.03651522012562653,0.00020691380811147902,0.17661752167517986
N501,90,127,0.01,0.010723907952177734,0.014085424202596064,0.028288520624070522,0.0003359818286283774,0.14222102201705455
N501,90,128,0.01,0.011410899139915937,0.01409607858254569,0.02926788812607915,0.00020691380811147902,0.14923144816717612
N501,90,129,0.01,0.013559221907537904,0.01416010461432704,0.002760356247353115,3.359818286283781e-06,0.1748315216958724
N501,90,130,0.00026366508987303556,0.34255146748009146,0.014707271757550933,0.001563970386766434,0.002335721469090121,0.14649718353691377
N501,90,131,0.01,0.01142017246346893,0.014145446579627907,0.05834158628863139,1.43844988828766e-05,0.14919286249286617
N501,90,132,7.847599703514607e-07,9.888833925318304,0.060042994867270716,0.042149544853204816,0.01,0.15159582261118304
N501,90,133,0.01,0.012828971442649596,0.014082599775020799,0.030362281401093736,0.00026366508987303556,0.16637117422634923
N501,90,134,0.01,0.015362658846302708,0.014190795357186259,-0.022433196275476876,0.01,0.193044073083805
N501,90,135,0.01,0.012879850693977648,0.014114695244437092,0.06638078696086659,8.858667904100815e-06,0.16793202969451823
N501,90,136,0.01,0.011764619970102315,0.014233825018449942,-0.017787787504612188,0.01,0.15350069150123907
N501,90,137,0.01,0.011845461864394231,0.014173721632442682,-0.030070948368608918,0.01,0.15532067169421634
N501,90,138,0.0001,0.7026738125161623,0.03438911041056891,-0.01692739726305991,0.01,0.14840078261205703
N501,90,139,0.01,0.011686875379601065,0.014098535544338486,0.03842330825314589,3.792690190732246e-05,0.15323737219235964
N501,90,140,5.4555947811685146e-08,37.71515801068247,0.21836668157138917,0.023121133155507883,0.0006951927961775591,0.1378198958892785
N501,90,141,2.976351441631313e-07,17.05810737233121,0.08256885904351008,0.006057114886482469,0.01,0.14961454660383955
N501,90,142,2.976351441631313e-05,1.4550548891913344,0.01650135805609132,0.02848100033006201,0.00026366508987303556,0.14102333476229367
N501,90,143,2.3357214690901212e-07,19.557468488877134,0.09689670789763927,0.04766859334983105,0.01,0.18602615753963908
N501,90,144,0.01,0.011246301023218776,0.014172212491323721,-0.006642686578307669,4.281332398719387e-06,0.1476033042205791
N501,90,145,4.281332398719387e-06,3.820924616576991,0.06142053501509359,-0.02715512705355753,0.01,0.16480734183471069
N501,90,146,1.43844988828766e-05,2.0574191800591763,0.033594658279162415,0.04303611158342225,0.0005455594781168515,0.14809896894791044
N501,90,147,4.832930238571752e-07,12.784620176031012,0.057516690155203776,0.03544219632825515,0.01,0.14802387899728425
N501,90,148,1.43844988828766e-05,2.1256338524071374,0.0104191626655038,0.06835576070641382,2.976351441631313e-05,0.14101132016140236
N501,90,149,0.01,0.014176057322662503,0.014122698316085036,0.07591302177171681,3.359818286283781e-06,0.1820247275280618
N501,90,150,0.01,0.0159846527768496,0.014125405408975666,0.03423672091824252,5.455594781168514e-06,0.2001891217104893
N501,90,151,1.8329807108324338e-07,21.802540058523842,0.1766164014895093,-0.038829529735898975,0.01,0.17596113877948977
N501,90,152,4.8329302385717524e-05,1.1055024894220673,0.012982269847342076,0.046736732350838146,0.0001,0.14851517000848263
N501,90,153,0.01,0.014300125388743909,0.014141813453350638,0.04764636032243891,2.6366508987303555e-06,0.18339959898564856
N501,90,154,0.01,0.012631208494652518,0.014096814822325054,0.051896287405948,8.858667904100815e-06,0.16473439500237824
N501,90,155,7.847599703514607e-07,9.511584831344695,0.059768304513510895,0.10174564511343474,6.951927961775606e-06,0.14097850453467275
N501,90,156,0.00020691380811147902,0.4804065117627665,0.01341373431201831,0.02740835092568221,4.281332398719387e-06,0.18093532490104075
N501,90,157,4.832930238571752e-07,13.050192717836344,0.14854283856355233,0.06979056156941091,0.0003359818286283774,0.15390972175319587
N501,90,158,0.00026366508987303556,0.3811903334704323,0.01565945993643525,-0.026558691817295626,0.01,0.1702564877639153
N501,90,159,0.01,0.013606123744177247,0.014136382122739266,0.037294148818877784,5.455594781168514e-06,0.17475685498406035
N501,90,160,0.01,0.012298647823697068,0.014137246046790675,0.058247886469337706,2.3357214690901213e-05,0.16091552479138332
N501,90,161,0.01,0.012023862266963763,0.014207224793045592,-0.015509498271813749,0.01,0.1572643714233518
N501,90,162,2.3357214690901213e-05,1.6694547161858762,0.015074794105551126,0.068215424355412,7.847599703514606e-05,0.1832361443092655
N501,90,163,2.6366508987303555e-06,4.995340746467393,0.011135305505860282,0.09361299024887625,4.281332398719387e-06,0.17574359282757743
N501,90,164,1.8329807108324338e-07,21.727027797947827,0.1273476291155078,0.016952609186805658,6.951927961775606e-06,0.14926673779459343
N501,90,165,2.06913808111479e-06,5.829033821385794,0.020048720470547288,0.08862648620724282,0.0003359818286283774,0.16528793470082265
N501,90,166,2.976351441631313e-05,1.5166790802722283,0.007891485043783342,0.08680581226345212,2.6366508987303555e-06,0.19745282040764395
N501,90,167,2.976351441631313e-07,16.343174956762375,0.14010036999508624,0.0260309092399375,0.00042813323987193956,0.1075600992682816
N501,90,168,0.01,0.014630796735771149,0.014096721208141982,0.06433990704711176,2.976351441631313e-05,0.1864691343825906
N501,90,169,0.01,0.012689939015517755,0.0141493825103991,0.00915608150544689,0.0008858667904100832,0.16501371842057624
N501,90,170,6.951927961775605e-08,34.20610276438336,0.21234560391291968,0.027691979069475858,3.792690190732246e-05,0.14019927690384817
N501,90,171,1.8329807108324338e-05,1.7579877224702951,0.011262842778826165,0.05909518979271225,3.359818286283781e-06,0.1266701048280113
N501,90,172,0.004832930238571752,0.026508781442340215,0.014019721875228042,0.022533645174934395,0.0006951927961775591,0.1670958485147891
N501,90,173,7.847599703514606e-05,0.823003337523229,0.020933237211930855,-0.015775559900778054,0.01,0.15303974141445864
N501,90,174,6.158482110660254e-07,11.39479305417213,0.049498646846152905,0.055213078446667736,0.0005455594781168515,0.17459461993547193
N501,90,175,1.438449888287663e-07,25.2099179133789,0.14571006693808375,-0.0024106958290419584,0.0011288378916846883,0.1829952519891131
N501,90,176,4.832930238571752e-07,13.163878490404846,0.05716642513742687,0.057274074060428455,5.455594781168514e-06,0.1907666319671384
N501,90,177,0.01,0.012036366446186041,0.014184522746587103,-0.014150630005621485,0.01,0.1567773288662038
N501,90,178,8.858667904100815e-08,30.78425463120538,0.20576405134567977,0.033259612887525436,0.0003359818286283774,0.16627438908452066
N501,90,179,1.1288378916846883e-05,2.4015874483442734,0.01623575290925361,0.047280367260618336,3.359818286283781e-06,0.19096868265979977
N501,90,180,6.158482110660254e-07,10.840587703528964,0.03693036921839532,0.07806549873639985,0.00026366508987303556,0.13960768933339263
N501,90,181,0.01,0.009918160885957497,0.014147782725194236,0.016913697471889862,6.951927961775606e-06,0.13246902707023123
N501,90,182,0.01,0.011192937532470033,0.014132420560647674,0.030046866766996118,2.3357214690901213e-05,0.14789558177401743
N501,90,183,0.01,0.01121082564446707,0.014143062262429895,0.02803104656242925,5.455594781168514e-06,0.14901382370636
N501,90,184,6.158482110660254e-07,11.619742338468786,0.06374694284332105,0.09188349969740868,0.00020691380811147902,0.15037887306085793
N501,90,185,0.01,0.010836955862238436,0.014111288521238663,0.022311509309475994,0.00042813323987193956,0.14376511222829935
N501,90,186,0.01,0.013111888922066214,0.01413086202703373,0.031864025076331376,4.281332398719387e-06,0.16812568740440278
N501,90,187,0.01,0.010828836750049264,0.014161222487701686,-0.00016368044132873593,5.455594781168514e-06,0.14377016851534746
N501,90,188,6.158482110660254e-07,11.04060185159004,0.04802161191137855,0.0667046707017109,8.858667904100815e-06,0.14408252089291315
N501,90,189,0.01,0.011587553203305491,0.014134238216936046,0.07173744804393767,4.281332398719387e-06,0.1518848813556543
N501,90,190,1e-06,8.575769142718334,0.045391143081068286,0.09186399532929956,0.00020691380811147902,0.14680297054818503
N501,90,191,4.832930238571752e-07,12.904268898817778,0.09190916243929337,-0.009807003960019852,0.0008858667904100832,0.1690763781753472
N501,90,192,6.158482110660254e-07,11.469976007241758,0.06268799808659331,0.043530714012875525,4.8329302385717524e-05,0.17877327871262289
N501,90,193,3.792690190732246e-05,1.3004289733773418,0.018264304568302636,0.04771365164800988,0.00042813323987193956,0.18821110228788465
N501,90,194,0.01,0.013999616331067909,0.01410188429061865,0.0216229549721086,0.0005455594781168515,0.17824979119668452
N501,90,195,5.455594781168514e-06,3.2104090615971796,0.062015712177544424,0.025871459573480596,0.0011288378916846883,0.17481691454637566
N501,90,196,0.01,0.014927258109014012,0.014108137814342503,0.01919827559226944,0.0006951927961775591,0.18986025080714375
N501,90,197,2.6366508987303555e-06,4.8548624191940775,0.03347530069020488,0.05764340547495615,0.0005455594781168515,0.15174223846019136
N501,90,198,7.847599703514607e-07,9.616605822727923,0.08144938469854202,0.06441866000773805,0.01,0.14195357540301284
N501,90,199,7.847599703514606e-05,0.8882089470708251,0.017691348143081376,0.025521426071643535,0.0005455594781168515,0.17356434362198314
N501,120,0,7.847599703514606e-05,0.8753749551562366,0.01787126507233605,0.0034653685332857527,0.01,0.20518440236708343
N501,120,1,0.01,0.011976234348960597,0.01415031718975246,0.010492760274470088,6.951927961775606e-06,0.19433323492026888
N501,120,2,4.281332398719387e-06,3.923672334408552,0.00905902865942676,0.09231879079401319,8.858667904100815e-06,0.2012555269934605
N501,120,3,8.858667904100815e-06,2.671690467951741,0.025703213190008567,0.02806547022890642,0.00042813323987193956,0.20424688799526503
N501,120,4,4.8329302385717524e-05,1.247302376771604,0.013988964506148838,0.0519077528740377,0.00020691380811147902,0.23936919800116246
N501,120,5,3.792690190732246e-07,15.516486719013718,0.0318631201116526,0.02839511329497917,3.359818286283781e-06,0.22701353570834323
N501,120,6,4.832930238571752e-07,13.592682987608192,0.04351954163551741,0.03462802359953547,0.00042813323987193956,0.18496994823692842
N501,120,7,0.01,0.013536795332247614,0.01409708226522155,0.022820694297260864,0.0005455594781168515,0.2160721007161404
N501,120,8,1.8329807108324338e-05,1.8618107772798291,0.029095246477799597,0.012604849941021682,0.0008858667904100832,0.2401406207388203
N501,120,9,3.359818286283781e-06,4.309943664816076,0.019064764566149917,0.04494658444914972,0.01,0.1862435867900248
N501,120,10,0.01,0.011699975031708658,0.014147324834901887,0.054088079364495396,1.1288378916846883e-05,0.18955137451115603
N501,120,11,0.01,0.014580782181192634,0.014122638624778472,0.0242763183779615,0.00020691380811147902,0.22778782472212122
N501,120,12,1.1288378916846883e-07,29.16786781282123,0.1692832817881691,0.046026095457913696,2.976351441631313e-05,0.2006859478550032
N501,120,13,0.00026366508987303556,0.3648274621612573,0.014335508242229844,-0.00552881020975342,0.01,0.19885901441391235
N501,120,14,7.847599703514607e-07,9.752158179251511,0.020464637735881697,0.08361370883273819,1.1288378916846883e-05,0.20710440087793247
N501,120,15,0.01,0.010622198730843316,0.01412842310862128,0.05484169195591531,2.06913808111479e-06,0.17545250115107527
N501,120,16,4.832930238571752e-07,13.240130307368378,0.05989475636223007,-0.01724620042299124,0.01,0.2092974462582441
N501,120,17,0.01,0.012251684585720794,0.014108623426031364,0.03248950515104018,4.281332398719387e-06,0.1991940313622007
N501,120,18,0.01,0.013902986056647615,0.014084149686227176,0.024817780525633305,0.0005455594781168515,0.21929926127693358
N501,120,19,2.6366508987303555e-06,5.074206687054674,0.033600207121308845,0.0523421856169716,0.01,0.20502072960066878
N501,120,20,0.01,0.012224523134772404,0.014117274916110034,0.02345432400571587,0.00026366508987303556,0.1984487736789226
N501,120,21,0.01,0.01236589015958708,0.01419099811873381,-0.017087542663379182,0.01,0.19939857364954278
N501,120,22,7.847599703514607e-07,10.226206613156172,0.043621406478148606,0.01307222333009657,2.976351441631313e-05,0.19154796432406115
N501,120,23,0.01,0.013164667741413682,0.014178215255756799,-0.0225793375982913,0.01,0.20973366747226485
N501,120,24,1.438449888287663e-07,25.90805669607104,0.11163328851471999,0.015288596816323663,5.455594781168514e-06,0.21069326469334054
N501,120,25,1e-06,8.677386477935034,0.04889758652933551,0.03783711981482074,0.0006951927961775591,0.195666621083194
N501,120,26,6.158482110660254e-07,11.466602347384185,0.03467968264681631,0.09999461658678903,5.455594781168514e-06,0.14215116386316606
N501,120,27,3.792690190732246e-07,15.23242861871076,0.04507144555213949,0.08006062628424282,5.455594781168514e-06,0.2017192456017493
N501,120,28,0.01,0.012674618826890452,0.01415373810139764,0.006200758779754129,4.281332398719387e-06,0.2040236829829966
N501,120,29,0.01,0.011707294267029749,0.014151362918063626,0.05962725611235396,2.6366508987303555e-06,0.1908560337713509
N501,120,30,0.01,0.012611371062706746,0.014126254060624732,0.02190809605151208,5.455594781168514e-06,0.20188372393629467
N501,120,31,2.6366508987303555e-06,4.94803845163955,0.06754584950413944,-0.010686297905076548,0.0011288378916846883,0.19059036602110446
N501,120,32,0.01,0.011962657768935622,0.01413786065344913,0.03735932648635517,2.06913808111479e-06,0.19272547072912
N501,120,33,1.6237767391887209e-06,6.678619195218644,0.01953526898489133,0.09899506201867629,2.3357214690901213e-05,0.22156732741874524
N501,120,34,6.158482110660254e-07,11.59263731595758,0.05567098552606864,0.0934622342706,0.0005455594781168515,0.19262004731293653
N501,120,35,0.01,0.010177310717063556,0.014129651887456074,0.07722957890789975,4.281332398719387e-06,0.16883183315447473
N501,120,36,4.8329302385717524e-05,1.1398108602518298,0.011156225071235149,0.07932363139517089,5.455594781168514e-06,0.20236649164691425
N501,120,37,2.3357214690901212e-07,20.408000881892548,0.07747997145819796,0.09337214964473008,8.858667904100815e-06,0.25041642693141913
N501,120,38,2.976351441631313e-07,17.618989327405316,0.05370160258048484,0.08660662022943669,5.455594781168514e-06,0.2299264223539127
N501,120,39,4.832930238571752e-07,13.511322523283198,0.036519469405349225,-0.012053906248061148,0.01,0.19014681572691916
N501,120,40,6.158482110660254e-07,11.603750662701604,0.10157350330638448,0.06309515695266621,0.00042813323987193956,0.23149970866090241
N501,120,41,1e-06,8.869593534526897,0.023570823486649406,0.08561748012455221,8.858667904100815e-06,0.21862596957856806
N501,120,42,0.01,0.012355672506265259,0.014043775938906378,0.02861863052781423,0.0005455594781168515,0.1997843757714182
N501,120,43,0.01,0.012428901687466062,0.014131649937636492,0.05949309371030024,1.43844988828766e-05,0.2008397228157825
N501,120,44,0.01,0.01272496032901272,0.014123579451284507,0.05035282174129694,4.281332398719387e-06,0.20456240098465386
N501,120,45,3.359818286283781e-06,4.380691766757103,0.025049028276424856,0.08033604350605948,3.792690190732246e-05,0.19864383451749731
N501,120,46,0.01,0.012630190716367343,0.014172012942323953,-0.006314153897865909,4.281332398719387e-06,0.20409783706050458
N501,120,47,1.43844988828766e-05,2.1363705089412806,0.015182905298450455,0.06371230479897338,0.00020691380811147902,0.2393951745933672
N501,120,48,2.3357214690901213e-05,1.5993833824844867,0.02619959393640192,0.03032941248532964,0.0006951927961775591,0.20777699161916002
N501,120,49,0.01,0.011784768996318045,0.01414844150134742,0.025845460897096408,2.06913808111479e-06,0.19126594768168437
N501,120,50,1.8329807108324338e-05,1.7437013266834067,0.018734738499434966,0.01979567976179977,0.01,0.19185885070272665
N501,120,51,0.01,0.011916795503470249,0.01422130890376061,-0.02140493877191056,0.01,0.19422401202937284
N501,120,52,3.792690190732246e-05,1.2623630417982894,0.010360426994065808,0.07457175499835124,5.455594781168514e-06,0.19776894658746413
N501,120,53,0.01,0.009084637723684836,0.014191409767283503,-0.02679970745591397,0.01,0.15282003747020642
N501,120,54,2.976351441631313e-07,17.33535415741723,0.05337100243265169,0.08180762474411041,3.359818286283781e-06,0.18436647911199677
N501,120,55,7.847599703514607e-07,10.221814768439291,0.04324726740617901,0.038252091871306335,0.01,0.1682382962848028
N501,120,56,0.01,0.01421641469709886,0.014120187771423431,0.08043993298707452,3.359818286283781e-06,0.2260874117541503
N501,120,57,3.792690190732246e-05,1.2890251019141932,0.011287320780820176,0.05865102916272979,3.792690190732246e-05,0.2014952903246327
N501,120,58,8.858667904100815e-08,32.711117220245505,0.1386844841637056,0.06130210039589336,2.3357214690901213e-05,0.18970133561849478
N501,120,59,0.0001274274985703132,0.6477663089705248,0.01833046755789014,0.019453243801961964,0.0008858667904100832,0.21863795597794122
N501,120,60,6.158482110660254e-07,11.244736799913989,0.041020791160886194,0.0118596108402829,0.01,0.17820259034570973
N501,120,61,0.01,0.012131730496221611,0.014174977198951,-0.016512422432034327,2.6366508987303555e-06,0.1976379769612775
N501,120,62,7.847599703514607e-07,10.343958498806083,0.037246807020993256,0.08037232583243878,5.455594781168514e-06,0.24585816720128315
N501,120,63,0.01,0.010657811521165118,0.014123921501855263,0.07099993692544102,1.8329807108324338e-05,0.1763743324345023
N501,120,64,4.281332398719396e-08,45.01518748467333,0.22127171603070916,0.035723438584905544,5.455594781168514e-06,0.1848842495474453
N501,120,65,1.6237767391887209e-06,6.57070799503685,0.048878001842301844,-8.181358838240806e-05,0.01,0.20235169975225886
N501,120,66,2.3357214690901212e-07,19.91888904218033,0.03789786915550519,0.05263171537192998,2.06913808111479e-06,0.1965297036222981
N501,120,67,0.0001274274985703132,0.6472153065688511,0.014581664528321658,0.007724265776931015,0.01,0.2161118891351505
N501,120,68,2.976351441631313e-07,17.312532809417583,0.0662535046549253,0.04262843921852293,0.00026366508987303556,0.19888960460795924
N501,120,69,4.832930238571752e-07,13.23106967179911,0.06442735294253898,-0.0109807494911366,0.0005455594781168515,0.19699454759253682
N501,120,70,0.01,0.011565810435311496,0.014174156639194857,-0.008193776293813038,4.281332398719387e-06,0.18730342866126792
N501,120,71,1.438449888287663e-07,25.88971941950925,0.1336401091233279,0.03477119964947953,0.0011288378916846883,0.21913289993374202
N501,120,72,5.4555947811685146e-08,41.09477477322684,0.2450872828595656,0.0019400854194636375,0.01,0.21970983512398956
N501,120,73,0.0006951927961775591,0.16807570098155944,0.013531830579940785,0.026728873942409935,0.00042813323987193956,0.2083053517127981
N501,120,74,0.01,0.01178568929686886,0.014144091577831697,0.06791402883792509,4.281332398719387e-06,0.19285230140108472
N501,120,75,0.01,0.015521213311756099,0.01417773271265066,-0.030307360996167355,0.01,0.24087260755186762
N501,120,76,0.01,0.013697908948974796,0.014146390777363127,0.01887743879547477,0.0001274274985703132,0.2161208219125781
N501,120,77,0.01,0.011108336278203337,0.014151504036318485,0.016137429981213616,4.281332398719387e-06,0.18202554771416185
N501,120,78,5.4555947811685146e-08,41.15044431784286,0.18578384246663937,0.07649434279448748,4.281332398719387e-06,0.2098047192892587
N501,120,79,1e-06,8.788898567273097,0.028213856363455525,0.0781396145049444,0.01,0.2018659885261392
N501,120,80,0.01,0.012504751690648748,0.01415453534884159,0.006931593519438359,2.3357214690901213e-05,0.20174645024406213
N501,120,81,2.6366508987303555e-06,4.938630576024368,0.01601888055591205,0.06631425589417377,1.8329807108324338e-05,0.21808297135553223
N501,120,82,4.8329302385717524e-05,1.1298711377697077,0.01660182142670097,0.016837059468341877,0.00042813323987193956,0.2066286661599815
N501,120,83,2.6366508987303555e-06,4.891273293254178,0.04214033289570307,-0.07132623194491894,0.0008858667904100832,0.1883309470238552
N501,120,84,1.1288378916846883e-05,2.3714023596974645,0.06635537166689298,0.04924142957666752,0.0011288378916846883,0.20508182807750017
N501,120,85,2.3357214690901212e-07,19.9542598032657,0.1260211575130401,0.04669732119292919,0.0006951927961775591,0.17533981665104129
N501,120,86,3.792690190732246e-07,15.177323733231106,0.12449990422231627,0.07068589372404142,4.8329302385717524e-05,0.22116163244647136
N501,120,87,2.6366508987303555e-06,4.930432317781115,0.03694815918656835,0.08133022555674449,0.00020691380811147902,0.19223734537707587
N501,120,88,1e-06,8.767394956720036,0.04711563236610217,0.047096110015610065,0.01,0.18661146632000675
N501,120,89,0.00143844988828766,0.07927535826005722,0.014255176834150562,-0.011888553608622522,2.6366508987303555e-06,0.19234823401581003
N501,120,90,0.01,0.013408261102300763,0.014168408549549483,-0.00790975018217372,4.281332398719387e-06,0.21455767326383826
N501,120,91,1.43844988828766e-05,2.096642911726332,0.01353435879678866,0.03536419827469957,6.951927961775606e-06,0.2195184191170706
N501,120,92,1.438449888287663e-07,26.047758085639764,0.08267141187923754,0.0500191735777648,2.6366508987303555e-06,0.21903579270645188
N501,120,93,6.951927961775605e-08,36.482228109596605,0.25698508739987824,0.06351552894029218,0.00026366508987303556,0.21124152081124153
N501,120,94,0.01,0.014981668270120596,0.014121727814149443,0.025252149540919415,8.858667904100815e-06,0.23447294744987332
N501,120,95,7.847599703514606e-05,0.852714084450303,0.018058990502950234,0.02041215236864557,0.0006951927961775591,0.21086150920569557
N501,120,96,3.792690190732246e-05,1.2542385854198876,0.024321714814751427,0.03027705739118451,0.0006951927961775591,0.1987769413504524
N501,120,97,0.01,0.012696275765269275,0.014198217188054585,-0.026246532351141723,0.01,0.20493421592157401
N501,120,98,6.158482110660254e-07,11.445676471367264,0.0526109857039494,0.008427750373915447,0.00042813323987193956,0.1918098489761631
N501,120,99,3.359818286283781e-06,4.358944640526529,0.015336546700973397,0.10155749629691953,1.8329807108324338e-05,0.20845501074822959
N501,120,100,2.976351441631313e-07,17.55707440058356,0.06656590628501702,0.04908951240081803,0.01,0.19484374852086
N501,120,101,1.1288378916846883e-05,2.311868683930305,0.02031293421511071,0.02060640986897794,0.01,0.1949933718846194
N501,120,102,0.01,0.01184237602714109,0.01416670936751907,-0.012420803837776329,5.455594781168514e-06,0.19286498527927692
N501,120,103,6.951927961775605e-08,36.61947600534785,0.12916409541795693,0.027181104951321675,3.359818286283781e-06,0.20193230757702452
N501,120,104,0.01,0.012010424709027814,0.014190586306101372,-0.059922860189469754,0.01,0.19425526970446932
N501,120,105,0.01,0.012528136792675542,0.014140924074052319,0.030310146961184583,4.281332398719387e-06,0.20271288368955334
N501,120,106,0.01,0.014181336415970849,0.014116135165179844,0.05458722902055444,5.455594781168514e-06,0.2250900912351958
N501,120,107,0.01,0.012279573913427832,0.014148800548487106,0.029940020782185335,1.43844988828766e-05,0.19852341795590392
N501,120,108,1.2742749857031322e-06,7.5498320106206,0.025040300276802263,0.04297482698914521,0.01,0.21914694225396902
N501,120,109,1e-08,73.37673455873896,0.5930105675479496,-0.005625557509176267,4.281332398719387e-06,0.20665240929776219
N501,120,110,2.976351441631313e-05,1.487076255791868,0.022978906634524288,0.03095962143286953,0.0006951927961775591,0.21917800742047447
N501,120,111,0.0006951927961775591,0.14454791293324115,0.014930705636249986,-0.015619862109390266,0.01,0.17997793768264028
N501,120,112,1.8329807108324338e-05,1.8781580744826765,0.030984582274336203,0.001986957939427881,0.01,0.20104500188013544
N501,120,113,1.8329807108324338e-05,1.7664518361279347,0.010224438391710278,0.06764274405421343,2.06913808111479e-06,0.17538822339812918
N501,120,114,5.455594781168514e-06,3.274081848878061,0.015315627141512023,0.033474333660921715,0.00016237767391887175,0.19391064651668372
N501,120,115,0.0001,0.8184978270650154,0.012339786914762785,0.04621424328394184,2.6366508987303555e-06,0.24920593809313557
N501,120,116,0.01,0.012302217776422271,0.014145168567691546,0.02134616073006052,1.6237767391887209e-06,0.1984380430009735
N501,120,117,3.792690190732246e-05,1.1793328324996077,0.007572088498410734,0.09072920293334251,8.858667904100815e-06,0.1631228110045674
N501,120,118,4.281332398719396e-08,45.02649438689159,0.27051032687254883,0.0013929578266535846,0.00020691380811147902,0.18248217950680595
N501,120,119,1.2742749857031322e-06,7.597045770509316,0.02701094271579474,0.0954719775640272,2.976351441631313e-05,0.19373988563688518
N501,120,120,0.01,0.01188546881844022,0.014138495707853749,0.04143246287394541,3.359818286283781e-06,0.1936820519091098
N501,120,121,2.976351441631313e-07,17.602026872497117,0.09130165528744438,-0.0018994601647992187,6.158482110660255e-05,0.20204307505876157
N501,120,122,6.158482110660255e-05,0.9900921424249475,0.014005776131640335,0.02856614483859312,2.6366508987303555e-06,0.20650549450599115
N501,120,123,8.858667904100815e-06,2.531630952267774,0.013478637442118302,0.07170880678559316,2.976351441631313e-05,0.18366804526763214
N501,120,124,0.0003359818286283774,0.35787863906656503,0.013679821982327312,0.021990436012562446,0.0003359818286283774,0.24305566341184212
N501,120,125,0.0011288378916846883,0.10361429956912649,0.013508435642530903,0.03147189934513128,0.0003359818286283774,0.20173799089194897
N501,120,126,7.847599703514607e-07,10.003536108636816,0.057903353756614706,0.07668205144749175,0.0005455594781168515,0.21548616888177718
N501,120,127,0.01,0.011508631309724519,0.014121255273675026,0.054814907055796155,6.951927961775606e-06,0.18767078154153602
N501,120,128,1.2742749857031322e-06,7.530483595688357,0.04054300929306942,0.08208388351594928,7.847599703514606e-05,0.2016252725294675
N501,120,129,2.6366508987303555e-06,5.006296972578831,0.014210825996533227,0.05579088287542311,3.359818286283781e-06,0.21014285411331987
N501,120,130,1e-08,73.93238582932676,0.6257356915546082,-0.006200581320814521,0.0011288378916846883,0.20326523007730302
N501,120,131,0.01,0.011345467962683915,0.014160901449438601,-4.97507529209013e-05,8.858667904100815e-06,0.1846054604269239
N501,120,132,1.2742749857031322e-06,7.557358802843566,0.04508568376284061,0.04512673716963924,0.01,0.1802911071958086
N501,120,133,0.0003359818286283774,0.3055881088601718,0.013185458752805856,0.032038578098691484,0.00016237767391887175,0.20290875497620917
N501,120,134,1.438449888287663e-07,25.89150966892522,0.074331252388109,0.0302494086435175,0.01,0.2277322439970413
N501,120,135,1e-06,8.7711412288402,0.023614198325350166,0.10749734871709908,6.951927961775606e-06,0.21978020309801466
N501,120,136,3.792690190732246e-07,15.246412813686582,0.08757599321284082,0.03157064782025976,0.01,0.19518359375660493
N501,120,137,2.6366508987303555e-06,5.0021323668966575,0.036313415070123645,-0.02010915177036548,0.01,0.18577745824806363
N501,120,138,0.002335721469090121,0.05088087111743203,0.014454395049206425,-0.016262222478822256,0.01,0.19736831208897304
N501,120,139,1.8329807108324338e-05,1.8245743740232268,0.011889249765685395,0.06020680789899362,2.976351441631313e-05,0.19284248726572417
N501,120,140,1.43844988828766e-05,2.0398191899401388,0.04518862553548031,0.033050016443031544,0.0006951927961775591,0.17448742983090665
N501,120,141,1.438449888287663e-07,26.061779676550454,0.17211331057036072,-0.003374985020981952,0.01,0.18369463262063518
N501,120,142,6.158482110660254e-07,11.913696287932554,0.01814268790913487,0.0807629121610297,2.6366508987303555e-06,0.17300853989677517
N501,120,143,2.6366508987303555e-06,5.0555833011970375,0.03669268825293148,0.024906863836896245,0.01,0.22525282102602995
N501,120,144,1.8329807108324338e-07,22.386308364114807,0.07803874689670498,0.06286945748042318,3.359818286283781e-06,0.18385192924690383
N501,120,145,1e-06,8.703796055517847,0.07109378452182624,-0.028108444996797793,0.01,0.19672204065030932
N501,120,146,0.01,0.011670555949135302,0.01409253729607396,0.027552933024435417,0.0003359818286283774,0.19043599046120915
N501,120,147,1.6237767391887209e-06,6.441878770061671,0.02195958593194236,0.06049007045738954,0.01,0.19695850985682692
N501,120,148,7.847599703514606e-05,0.847400570910142,0.01187622266199051,0.048421716917727446,2.976351441631313e-05,0.18859298706689664
N501,120,149,2.976351441631313e-07,17.56883894437408,0.03940307539718946,0.07586154867406401,2.3357214690901213e-05,0.21347714187621009
N501,120,150,1.6237767391887209e-06,6.5175634912117975,0.007617962189925165,0.08376814429799899,2.6366508987303555e-06,0.22821808992993656
N501,120,151,0.01,0.013762430473699048,0.014203424802599507,-0.021278817436194312,0.01,0.21778924566270574
N501,120,152,1.43844988828766e-05,2.0892539464362745,0.016475658210744815,0.05294696586890723,0.0001,0.2079322793376337
N501,120,153,4.281332398719387e-06,3.912803751320443,0.009644030486623545,0.06735994342564333,3.359818286283781e-06,0.22578217589397548
N501,120,154,2.06913808111479e-06,5.736030995792762,0.006546051404164532,0.11156217447216202,6.951927961775606e-06,0.1958371044814611
N501,120,155,3.792690190732246e-05,1.2249072216179377,0.02263809167333264,0.014345249762026,0.0006951927961775591,0.18743879146245832
N501,120,156,3.359818286283781e-06,4.335017291536493,0.009553667069073457,0.08617637818535566,3.359818286283781e-06,0.21042658762394933
N501,120,157,2.3357214690901213e-05,1.6526329744482233,0.033198733603272856,0.052069805386627886,0.0005455594781168515,0.1978247018967866
N501,120,158,0.01,0.01315565585345578,0.0141801079551509,-0.05133413560294558,0.01,0.20972470719285702
N501,120,159,2.976351441631313e-05,1.4619686532016352,0.010421023441444133,0.06983566206899591,3.359818286283781e-06,0.20274617804508938
N501,120,160,1.2742749857031322e-06,7.628208052856975,0.028968602916966235,0.024588049421267567,3.792690190732246e-05,0.2267468376636792
N501,120,161,1.8329807108324338e-05,1.8853326521156681,0.04429982577936409,-0.021511616930891306,0.01,0.20586057995757778
N501,120,162,1.2742749857031322e-06,7.5924356158536455,0.048870596563088675,0.08348664669823012,0.0001,0.21784308176143086
N501,120,163,0.0005455594781168515,0.2119703842768047,0.013239927426608289,0.03639333365621196,4.281332398719387e-06,0.2119703842768047
N501,120,164,2.3357214690901213e-05,1.5959820320192315,0.02453106830738072,0.012349457417646264,0.0006951927961775591,0.19333509446688452
N501,120,165,0.01,0.01388883710003037,0.014108229981735665,0.033903357055319196,4.281332398719387e-06,0.21949837725836374
N501,120,166,3.359818286283781e-06,4.408537020654423,0.006045148372202047,0.10021020781842586,2.6366508987303555e-06,0.24924715185249258
N501,120,167,0.01,0.009595962114042185,0.014114497466423792,0.037989106415482025,1.8329807108324338e-05,0.16036831835969415
N501,120,168,0.01,0.013767187031028146,0.014123421587384888,0.05768356710183615,3.792690190732246e-05,0.2195586377619438
N501,120,169,0.01,0.012006672578453028,0.01416594178250441,-0.030681237793423532,0.01,0.19465096451942776
N501,120,170,3.359818286283781e-06,4.315696398646853,0.02779131580817773,0.07439414001039717,0.0001274274985703132,0.1928659130428316
N501,120,171,6.158482110660254e-07,11.452081087856888,0.01958195669365237,0.08751276232604994,3.359818286283781e-06,0.15988107489980402
N501,120,172,1.6237767391887209e-06,6.536693184467741,0.04310162412629959,0.04311276318472055,0.0006951927961775591,0.20565616369959136
N501,120,173,0.01,0.011774457273876344,0.014166429232974176,-0.0044827654339528586,0.01,0.19146083990937243
N501,120,174,8.858667904100815e-06,2.652277375007396,0.014149106463889671,0.03695726322294678,0.00016237767391887175,0.20430613182159107
N501,120,175,0.0001,0.770160007681889,0.017963748806753888,0.012930669107172978,0.0008858667904100832,0.21809646155468515
N501,120,176,1.1288378916846883e-05,2.3511985603074885,0.008807600625198031,0.07341186135927681,4.281332398719387e-06,0.22949171832244225
N501,120,177,1.8329807108324338e-05,1.8253160738283853,0.03040693924878557,-0.011354475200565903,0.01,0.20432793369413796
N501,120,178,8.858667904100815e-08,32.68005804195064,0.18851627876683263,0.04079867640200809,0.0005455594781168515,0.2034520389207428
N501,120,179,1e-06,8.96142526873217,0.022681749569534615,0.08297284205469259,0.01,0.21941732171828435
N501,120,180,7.847599703514607e-07,9.758390562842735,0.01829831577258445,0.09655471457236603,3.359818286283781e-06,0.19084138598906347
N501,120,181,1.1288378916846883e-07,28.889548604500398,0.14907015443296112,0.055975116283471724,6.951927961775606e-06,0.17186674289296922
N501,120,182,0.01,0.012100738219726556,0.01415620440557086,0.006217661179091325,3.359818286283781e-06,0.1970041623154075
N501,120,183,1.1288378916846883e-07,29.994054476880738,0.1348736210764505,0.06327103976755102,5.455594781168514e-06,0.1889811018644027
N501,120,184,6.951927961775606e-06,3.007937777341178,0.015506261078255257,0.08358970218844983,4.8329302385717524e-05,0.17300866882675772
N501,120,185,0.00020691380811147902,0.4209391826753351,0.013875553498205906,0.020653884396483593,0.0003359818286283774,0.18665239123791727
N501,120,186,0.01,0.01302238049891994,0.01414461151420665,0.01989234423172284,3.359818286283781e-06,0.20776582466042326
N501,120,187,4.281332398719387e-06,3.8697199507025233,0.0048441095871943896,0.09815108761905446,5.455594781168514e-06,0.17584101831749235
N501,120,188,0.00042813323987193956,0.24084497158366608,0.013532495754976281,0.030759525963734095,3.359818286283781e-06,0.19498388035510897
N501,120,189,7.847599703514606e-05,0.7990200463171142,0.01259324223657976,0.03976213362439669,3.359818286283781e-06,0.18060944870922666
N501,120,190,1.6237767391887209e-06,6.595689640010246,0.04034721474823866,0.10004993165043613,0.0001274274985703132,0.1870279075349788
N501,120,191,1.43844988828766e-05,2.0450738813067413,0.03725095655139232,0.005949371847162518,0.0008858667904100832,0.19493903035962531
N501,120,192,3.792690190732246e-05,1.3097961514571055,0.011141793250505683,0.05841082161284429,4.8329302385717524e-05,0.21823515836987822
N501,120,193,0.01,0.014300841013500827,0.014070443113951558,0.03511758377530558,0.0001274274985703132,0.2236747016575518
N501,120,194,1.438449888287663e-07,25.688228484212743,0.11423828586249263,-0.004042430488473882,0.0005455594781168515,0.2101203500931642
N501,120,195,0.00016237767391887175,0.5498884874465207,0.017995883535174118,0.021195022845747095,0.0011288378916846883,0.21714426697705025
N501,120,196,5.455594781168514e-06,3.415583381687485,0.03166393303721349,0.016290947093357357,0.0008858667904100832,0.2290378666200412
N501,120,197,4.281332398719396e-08,44.917851874973614,0.318923114169017,0.046046260376846275,0.0006951927961775591,0.1781130173626166
N501,120,198,7.847599703514606e-05,0.8111479489958298,0.02508324992223221,-0.004207899849088854,0.01,0.1791850878349141
N501,120,199,0.01,0.013794746741189051,0.014128779992881757,0.025011423036145463,3.359818286283781e-06,0.2195748949608352
N501,180,0,1.8329807108324338e-07,24.052777911929482,0.04792658355658963,0.063388819524457,0.00143844988828766,0.30052192027421654
N501,180,1,3.359818286283781e-06,4.393005120254643,0.004726876329489871,0.09887493728487741,3.359818286283781e-06,0.2896580828558219
N501,180,2,4.8329302385717524e-05,1.1483502739888707,0.017601414806602156,0.038139423451821135,0.00042813323987193956,0.3137551807698514
N501,180,3,0.00016237767391887175,0.5515563057357322,0.014282305714991228,0.027267212431720117,0.00042813323987193956,0.3166474599110094
N501,180,4,0.00020691380811147902,0.4841604901907471,0.013701600843768369,0.029972644919298116,0.00042813323987193956,0.3334034353680077
N501,180,5,1.2742749857031322e-06,7.6877339342381585,0.00917563458496451,0.07696510602918798,3.359818286283781e-06,0.31617160254517124
N501,180,6,1.1288378916846883e-07,31.5579781219782,0.07401098398231376,0.011221895957552994,0.00026366508987303556,0.3181678569462798
N501,180,7,2.976351441631313e-05,1.4671033613885522,0.021482518710349785,0.017392181725039136,0.0006951927961775591,0.31480221036392364
N501,180,8,2.3357214690901212e-07,20.96760019805732,0.06196256073567796,0.04870967912779465,0.0008858667904100832,0.3365985583426314
N501,180,9,6.158482110660254e-07,11.824157806081232,0.026445449817156685,0.04990794647853803,0.01,0.27848165493528143
N501,180,10,1e-06,8.778254835157117,0.016096066951905463,0.07164236893763588,8.858667904100815e-06,0.2995172139089848
N501,180,11,0.01,0.013996639554475904,0.014129536870208237,0.023710629221384893,0.00016237767391887175,0.3285678648493259
N501,180,12,5.455594781168514e-06,3.4238594289320345,0.024228399485190844,0.07202117490501356,0.0003359818286283774,0.30346596946379856
N501,180,13,0.0001,0.7067742150942031,0.012982194544890024,0.05343873725502946,8.858667904100815e-06,0.28656051437597285
N501,180,14,0.0006951927961775591,0.16678559244940738,0.014210425344783895,0.000259571642174303,1.6237767391887209e-06,0.3096302760324497
N501,180,15,1.1288378916846883e-07,30.697083720002873,0.0534846936473552,0.08807880741593159,2.6366508987303555e-06,0.28547678579453184
N501,180,16,1.1288378916846883e-05,2.3586571233516365,0.025428394619127825,-0.004694537972950254,0.01,0.31243116445424907
N501,180,17,0.01,0.01253718857801129,0.014144987954376242,0.08234891186822708,2.06913808111479e-06,0.30643748338462634
N501,180,18,0.01,0.013916386021690319,0.014126691585928608,0.028487375366954965,2.6366508987303555e-06,0.3285431027012447
N501,180,19,1.1288378916846883e-07,31.465445541906213,0.12831561732359664,0.027236988845180637,0.01,0.31631869772538546
N501,180,20,8.858667904100815e-06,2.6447955106397387,0.02073540318900946,0.032176972836455264,0.00042813323987193956,0.2772675184062441
N501,180,21,0.01,0.013615152518803558,0.014172431126140195,-0.01188498265321779,2.06913808111479e-06,0.3232848479215982
N501,180,22,2.6366508987303555e-06,5.157927798909905,0.023376892698448115,0.02159598157365007,0.00020691380811147902,0.3072358035637351
N501,180,23,0.01,0.012920286238959322,0.01418064883434833,-0.05592488102715099,0.01,0.3102381494711755
N501,180,24,2.06913808111479e-06,5.754142199957235,0.008653710283007987,0.08032841413206247,3.359818286283781e-06,0.3087472493731076
N501,180,25,1.43844988828766e-05,2.054138169031392,0.02730636867762115,0.007691831486968932,0.0006951927961775591,0.2789875329623823
N501,180,26,1e-06,8.774776414493772,0.011874475607036361,0.10335369416009453,4.281332398719387e-06,0.23686735538921377
N501,180,27,3.792690190732246e-07,15.731241957920528,0.03356197150502682,0.09846700398225329,5.455594781168514e-06,0.3081101036947031
N501,180,28,1e-06,8.950313252095183,0.03709943829928952,0.07379364397990398,0.01,0.3082176908907325
N501,180,29,0.01,0.011882375760269848,0.014157598805545013,0.06678646928855203,2.6366508987303555e-06,0.2925611828427956
N501,180,30,6.951927961775606e-06,2.903665012926018,0.010906766868424844,0.06690391692708439,2.6366508987303555e-06,0.30385573351222983
N501,180,31,3.792690190732246e-05,1.2897033130206161,0.03641659927584118,0.023160452537560487,0.0008858667904100832,0.3022947509516665
N501,180,32,1.438449888287663e-07,27.023106638241078,0.06291801897406124,0.03754082439405825,2.06913808111479e-06,0.3060047005327021
N501,180,33,1.6237767391887209e-06,6.743688793758393,0.003618310855098339,0.1085936459577527,2.6366508987303555e-06,0.3065183296857823
N501,180,34,1.1288378916846883e-05,2.332273741863377,0.020992602997171872,0.062316046112425895,0.0003359818286283774,0.27922496605923586
N501,180,35,4.832930238571752e-07,13.26855287427486,0.03842523863750147,0.0749904592104153,2.976351441631313e-05,0.27347679869844777
N501,180,36,2.3357214690901212e-07,21.21942771561479,0.055991466389492484,0.08138441015192689,4.281332398719387e-06,0.3110365712909363
N501,180,37,6.951927961775606e-06,3.0399703365402493,0.010942294498296423,0.0827143552273441,1.43844988828766e-05,0.34793676920694394
N501,180,38,5.455594781168514e-06,3.420375066094813,0.0016858121033295204,0.11246101758886914,4.281332398719387e-06,0.35146781475829003
N501,180,39,2.0691380811147902e-08,66.75142758898406,0.22479829582401467,0.008037218332967784,0.00016237767391887175,0.2946164575344984
N501,180,40,0.01,0.013746377219853261,0.014079959304535206,0.03861759357264152,4.8329302385717524e-05,0.32436614667717734
N501,180,41,5.455594781168514e-06,3.444519019030918,0.009914758978113336,0.0788117732677,4.281332398719387e-06,0.32043038567238014
N501,180,42,0.01,0.012301901045503797,0.014088067304493634,0.03235644288810114,0.00016237767391887175,0.30006005545108627
N501,180,43,0.01,0.013055986011055383,0.01415306376781722,0.013901484563789085,2.6366508987303555e-06,0.313681748549866
N501,180,44,2.976351441631313e-05,1.4521951269731834,0.014962249850282827,0.040630084998138576,0.00026366508987303556,0.3251685323832779
N501,180,45,0.00016237767391887175,0.5510390383682782,0.014702884927757509,0.01106704639484582,0.01,0.3174547592841656
N501,180,46,4.8329302385717524e-05,1.1134339464341259,0.019866174250554813,-0.008123141738249812,0.01,0.29893546513965497
N501,180,47,1.8329807108324338e-05,1.875330437164204,0.01153705128326521,0.06731897899227993,2.976351441631313e-05,0.32870500897726185
N501,180,48,0.01,0.01280298328124978,0.014120387794902212,0.018074598198169485,0.0005455594781168515,0.3070746509402416
N501,180,49,0.0001,0.723639662650616,0.01364795559408638,0.023398627291737577,2.06913808111479e-06,0.29531418547026556
N501,180,50,6.158482110660254e-07,11.54750913444393,0.024690227987370417,0.06979784034014112,0.01,0.30812252942370394
N501,180,51,0.0003359818286283774,0.29212706660167376,0.015543989899857946,-0.017818595895774874,0.01,0.29212706660167376
N501,180,52,0.0001,0.691074221929143,0.013534381022815456,0.028596183112645557,3.359818286283781e-06,0.27759918388945926
N501,180,53,2.06913808111479e-06,5.747759459276395,0.019335273358783933,0.0298601859680767,0.01,0.26301209918280244
N501,180,54,0.01,0.011765599252574283,0.014155182700262392,0.08066260886280016,2.6366508987303555e-06,0.2886283561232267
N501,180,55,0.00143844988828766,0.08006822294932443,0.01441380255438296,-0.02155157536735752,0.01,0.29571380112198775
N501,180,56,0.01,0.013306170546766648,0.014129946907409985,0.060855452850146506,1.6237767391887209e-06,0.3205841690761966
N501,180,57,0.0001274274985703132,0.6456757377710628,0.013556781168146514,0.025493377771672373,6.951927961775606e-06,0.3151257221928505
N501,180,58,4.832930238571752e-07,13.690314093995983,0.04539963984353723,0.062493833502546586,2.976351441631313e-05,0.29152966404400815
N501,180,59,0.01,0.013769133369501056,0.01410730674182803,0.023707284766805656,1.6237767391887209e-06,0.3272295676840404
N501,180,60,0.01,0.011630485366960791,0.0141784675418819,-0.023704240101433457,0.01,0.28694360038121086
N501,180,61,1.2742749857031322e-06,7.681551412194743,0.00878517758573727,0.08897029135354179,2.6366508987303555e-06,0.2983755939061543
N501,180,62,1e-06,9.05616775292505,0.02614146970577802,0.09047807900097349,6.951927961775606e-06,0.36798234352803494
N501,180,63,0.01,0.012581292709274418,0.014141249858318439,0.04125255551201007,2.6366508987303555e-06,0.30669420245201795
N501,180,64,7.847599703514606e-05,0.8176500231125349,0.015545170093783423,0.004906479874675203,0.01,0.28045679247993993
N501,180,65,0.01,0.011786705096855556,0.014164185712445487,-0.009577678724512734,0.01,0.29142197745078374
N501,180,66,3.792690190732246e-07,15.788769603974934,0.023375900895685753,0.06668954216488907,2.06913808111479e-06,0.311504012384875
N501,180,67,2.6366508987303555e-06,5.052068086368786,0.025772034268714883,0.044795480789812145,3.792690190732246e-05,0.32471249831400345
N501,180,68,1.2742749857031322e-06,7.624599660347956,0.017509855799129337,0.0723162848539076,5.455594781168514e-06,0.2939983255122489
N501,180,69,1.6237767391887209e-06,6.59062310674792,0.0075152295026883476,0.08369755719561132,3.359818286283781e-06,0.3065828119240148
N501,180,70,0.01,0.01146581914273851,0.014160153336651216,0.0019678711913099518,3.359818286283781e-06,0.2816681854660993
N501,180,71,7.847599703514606e-05,0.883013911522746,0.023566228884605245,0.02852504446433028,0.0008858667904100832,0.3317043128424182
N501,180,72,4.832930238571752e-07,13.81113219430008,0.03034563953338898,0.027237691360061995,0.01,0.32046130437474896
N501,180,73,0.01,0.012267433384960488,0.014107258330247618,0.03197947931729821,2.6366508987303555e-06,0.3021655276508416
N501,180,74,1.2742749857031322e-06,7.747754469350681,0.011732311790156547,0.11305811073768811,5.455594781168514e-06,0.2892523419480785
N501,180,75,0.01,0.014879150281689055,0.01419518587084112,-0.03583023610443706,0.01,0.34545278989308653
N501,180,76,0.01,0.013302966756417995,0.014140632450736268,0.022037467024303117,3.359818286283781e-06,0.315745803003615
N501,180,77,0.01,0.011503863367507446,0.014139742232121333,0.08049151103336113,3.359818286283781e-06,0.28469474628713454
N501,180,78,1.2742749857031322e-06,7.7222610721961855,0.01649639296306815,0.10128710844498745,4.281332398719387e-06,0.3188438374205858
N501,180,79,0.01,0.011970342479539431,0.01410966738342645,0.03873490505104121,4.281332398719387e-06,0.2947789066348112
N501,180,80,2.976351441631313e-07,18.195567201671913,0.02448290961125532,0.06768604718642214,2.06913808111479e-06,0.31293326132435967
N501,180,81,2.06913808111479e-06,5.688816506648578,0.012009434178503975,0.08132419103437091,1.43844988828766e-05,0.33524674692525214
N501,180,82,0.01,0.013316579300377268,0.014127886742943296,0.02154287405517058,0.00026366508987303556,0.3183995061534546
N501,180,83,0.01,0.012437292423493701,0.014169483653662107,-0.06274225340712623,0.01,0.3005072687581283
N501,180,84,0.0003359818286283774,0.3021038760435535,0.01356419146879062,0.02950677967834377,0.0005455594781168515,0.3021038760435535
N501,180,85,3.792690190732246e-07,15.715760462914488,0.06852103166122214,0.038881749652149654,0.00042813323987193956,0.2808360905553262
N501,180,86,8.858667904100815e-06,2.592511774035027,0.024832892662437045,0.06759918611491875,6.158482110660255e-05,0.3281645946821441
N501,180,87,6.158482110660254e-07,11.70437187700001,0.037465938444632974,0.09711759931105758,3.792690190732246e-05,0.2732001259285169
N501,180,88,0.01,0.011846289893248617,0.014147872001241568,0.03170979749559208,2.6366508987303555e-06,0.29132380031587896
N501,180,89,0.01,0.013343196713796975,0.014117346614367254,0.05928514293321189,4.281332398719387e-06,0.31621034127179126
N501,180,90,0.01,0.01357720361391652,0.014161391038404192,-0.0003581566517740647,2.06913808111479e-06,0.3245445139591492
N501,180,91,1.2742749857031322e-06,7.753055024739905,0.022264882184559465,0.060894804457268296,2.3357214690901213e-05,0.32431451654377763
N501,180,92,6.951927961775606e-06,2.9135946977988088,0.0057216260467700675,0.09310522888765485,2.06913808111479e-06,0.30624253421588865
N501,180,93,1e-06,8.566725998463204,0.039068833168931505,0.09420499413173244,4.8329302385717524e-05,0.2953319749654351
N501,180,94,1.438449888287663e-07,27.497031979517068,0.10182927018710974,0.008671792225378542,0.00026366508987303556,0.3402340844960635
N501,180,95,6.158482110660255e-05,0.9736431607067283,0.0169888661244193,0.022333852118568476,0.0005455594781168515,0.30157061098990445
N501,180,96,0.0011288378916846883,0.11109946825980646,0.013728584129861665,0.023183004502293193,0.0005455594781168515,0.3188201453719502
N501,180,97,3.792690190732246e-07,16.009421374733527,0.027170776809241737,0.07142127327182146,3.359818286283781e-06,0.31275109938152434
N501,180,98,7.847599703514607e-07,10.198471375576567,0.02819555227512427,0.025247888358967834,0.00016237767391887175,0.28873015976860816
N501,180,99,0.01,0.013500909812038192,0.014146166573732688,0.020583243850383636,3.359818286283781e-06,0.323015619285189
N501,180,100,0.01,0.011577185292781936,0.014168517166463168,-0.031049157900126977,0.01,0.28747652932767176
N501,180,101,0.01,0.012446278937641848,0.01419179414941607,-0.01637881784412538,0.01,0.30198982168500665
N501,180,102,0.00042813323987193956,0.2260393495190822,0.014115590157617874,0.006873612906999686,6.951927961775606e-06,0.27800536796578446
N501,180,103,1.438449888287663e-07,26.96070771463278,0.0559129068577493,0.036914873154920765,2.6366508987303555e-06,0.28855704315552577
N501,180,104,4.832930238571752e-07,13.518214488361526,0.053472157713102986,0.03147450718602949,0.01,0.2835408980674476
N501,180,105,2.3357214690901213e-05,1.7103360657190159,0.009265342402770882,0.07647684987606497,2.6366508987303555e-06,0.3220252789135686
N501,180,106,0.01,0.014065053966688692,0.014144615153015572,0.05890391846947988,5.455594781168514e-06,0.33347919125346126
N501,180,107,2.6366508987303555e-06,4.971381235558136,0.014625790605123479,0.05884579672052892,1.8329807108324338e-05,0.2999379048745548
N501,180,108,0.01,0.012891053764846215,0.014140496224038013,0.032935406867495375,3.359818286283781e-06,0.3123234846865584
N501,180,109,0.01,0.012898780000838661,0.014128576019765249,0.04240125490686111,3.359818286283781e-06,0.31140916579001593
N501,180,110,0.00016237767391887175,0.5271201308171931,0.014782252632875137,0.02260171047040185,0.0005455594781168515,0.30061724552928876
N501,180,111,1.6237767391887209e-06,6.6127634800584945,0.019562131130588245,0.0697320281901712,0.01,0.25482770188877313
N501,180,112,0.01,0.012273657478346675,0.014174423472352204,-0.009215739230504767,3.359818286283781e-06,0.30233142795139367
N501,180,113,0.01,0.011754115580880648,0.014116378923236694,0.033511121224275124,2.06913808111479e-06,0.2893151902550324
N501,180,114,3.792690190732246e-07,15.584360626048015,0.04533152919475536,0.0941668079379603,5.455594781168514e-06,0.2769679970475156
N501,180,115,1.43844988828766e-05,2.1072694244479346,0.007831972369184426,0.08651406692320937,2.06913808111479e-06,0.3542047591721233
N501,180,116,3.792690190732246e-05,1.3040593589775185,0.014612551526412387,0.030112593685458315,0.00026366508987303556,0.31995550969694914
N501,180,117,3.359818286283781e-06,4.304047436716116,0.016723179255347276,0.09266325860138833,2.3357214690901213e-05,0.2566906661039364
N501,180,118,4.832930238571752e-07,13.443464222896093,0.021498827462430148,0.056488097456872555,2.6366508987303555e-06,0.2995831428351618
N501,180,119,2.06913808111479e-06,5.773566533622721,0.02180174114023381,0.08830361130450498,3.792690190732246e-05,0.30526397294285423
N501,180,120,3.792690190732246e-05,1.2665034308604501,0.011586968728881875,0.05080918063175785,2.6366508987303555e-06,0.2886489740426141
N501,180,121,0.01,0.011426836425061147,0.01415020437213288,0.04342869632872313,2.976351441631313e-05,0.28342965099406614
N501,180,122,0.01,0.012219625374212232,0.0141396524135744,0.02342284835324984,4.281332398719387e-06,0.2997648716226523
N501,180,123,4.832930238571752e-07,13.439360066956477,0.032789801527060014,0.08951876446843308,1.1288378916846883e-05,0.2728762315416776
N501,180,124,0.0001,0.7928239114462091,0.014026469438058853,0.02198395699335067,0.0003359818286283774,0.3572247837464354
N501,180,125,5.455594781168514e-06,3.531426907311877,0.03592935529157271,0.055292807896788844,0.0005455594781168515,0.30682775593709316
N501,180,126,0.01,0.012351225621385924,0.014101537982672219,0.029890028679846647,2.6366508987303555e-06,0.30044680773444526
N501,180,127,0.01,0.012860678231020953,0.01412829242103919,0.03420495270493169,2.06913808111479e-06,0.3091340756404864
N501,180,128,0.0001,0.6804991657586728,0.011929697541890216,0.04728785488130482,1.1288378916846883e-05,0.2731883714889768
N501,180,129,0.01,0.013401530251656616,0.01417889734160016,-0.019503839890016722,1.2742749857031322e-06,0.32156422314299976
N501,180,130,0.00020691380811147902,0.4579287524457434,0.013750541698549501,0.02245626973404718,2.06913808111479e-06,0.3138649194661834
N501,180,131,0.01,0.011268356721461061,0.014126284742659645,0.02747702407738843,2.6366508987303555e-06,0.2776467647394335
N501,180,132,0.01,0.013000390878905279,0.014171941669712362,-0.0158990949088606,5.455594781168514e-06,0.31293878533100705
N501,180,133,0.01,0.0124026499183918,0.014110517006693635,0.029962429770026965,3.359818286283781e-06,0.300846289212249
N501,180,134,1.1288378916846883e-07,31.073396245358204,0.09389065892760673,0.020828706766839192,3.359818286283781e-06,0.34044704556952426
N501,180,135,0.0001,0.764022050948449,0.015802713103311605,0.009536503588996709,2.6366508987303555e-06,0.3184787495347174
N501,180,136,0.01,0.01344186253207897,0.01418803570877114,-0.015488510154853002,0.01,0.31932608541207735
N501,180,137,0.01,0.010829228579040832,0.01416253131741807,-0.01079887908988399,3.359818286283781e-06,0.27449343729082964
N501,180,138,2.3357214690901212e-07,20.803971069451304,0.04290413232600687,0.04967766950410288,0.01,0.2899825209420992
N501,180,139,5.455594781168514e-06,3.3581417227236017,0.010602459891411842,0.07217491844773967,1.43844988828766e-05,0.29534376570352866
N501,180,140,3.3598182862837814e-08,54.19707497082181,0.181486614298908,0.043927245356590226,5.455594781168514e-06,0.27779925888385015
N501,180,141,0.01,0.01211229959702198,0.014149133067736352,0.015367133036932441,0.00026366508987303556,0.29621405871569917
N501,180,142,5.4555947811685146e-08,44.29691587411017,0.13793286092474322,0.034478304190606913,0.00020691380811147902,0.28731778987930534
N501,180,143,6.951927961775605e-08,39.58192946876729,0.1266612448179225,0.025648254802258644,0.01,0.32668436467887174
N501,180,144,1.2742749857031322e-06,7.499960140320399,0.009212823642362422,0.10014726768716807,4.281332398719387e-06,0.29812063650936305
N501,180,145,0.01,0.011578382757327674,0.014194974288050277,-0.021889967238635708,0.01,0.2869022648950832
N501,180,146,1.6237767391887209e-06,6.635816385776398,0.004534518267083287,0.10354168575417845,2.6366508987303555e-06,0.3021338649318015
N501,180,147,1e-06,8.70174912495374,0.025973111806780524,0.06625818071951768,0.01,0.3024112384076316
N501,180,148,0.00020691380811147902,0.4057936876673322,0.012730912640391834,0.042470198103479524,1.1288378916846883e-05,0.2724200476992894
N501,180,149,0.01,0.013409153027132319,0.014122242811179242,0.07029137162636029,1.43844988828766e-05,0.32228346356179804
N501,180,150,4.281332398719387e-06,3.827858303085627,0.011296966851515822,0.06565853419684776,2.06913808111479e-06,0.31771482854569366
N501,180,151,1.8329807108324338e-07,23.800745817633064,0.037007380684711544,0.03238487635423035,2.06913808111479e-06,0.32542966592155276
N501,180,152,0.01,0.01308962435248073,0.014131254819751748,0.030688522808708547,2.06913808111479e-06,0.3149495944838134
N501,180,153,0.0001274274985703132,0.6674598135583275,0.017514147618043152,-0.015802641861860832,0.01,0.3272157006324138
N501,180,154,3.359818286283781e-06,4.431775586127267,0.007988304251190348,0.09979674022054214,6.951927961775606e-06,0.3057703495348786
N501,180,155,0.01,0.010867172164315092,0.014149445996581411,0.014539693279806556,0.00026366508987303556,0.2722275102271095
N501,180,156,0.01,0.012435742826630678,0.014132433520161691,0.05003022089687753,2.6366508987303555e-06,0.3037953129707401
N501,180,157,1.438449888287663e-07,27.506421706983293,0.13725765207845675,0.08026447143070418,0.0001274274985703132,0.30420493022265527
N501,180,158,0.01,0.012901488696802566,0.014164847959357907,-0.018959176248958553,0.01,0.31185657791479326
N501,180,159,0.01,0.012539076674176936,0.014145865917232658,0.05081810917800259,2.6366508987303555e-06,0.30429892281394727
N501,180,160,0.01,0.013842850165100187,0.014114702172848825,0.03008279051625406,4.8329302385717524e-05,0.33000958460343427
N501,180,161,1.1288378916846883e-05,2.385407999185783,0.039538534240085355,-0.011576071622420393,0.01,0.29995844465195404
N501,180,162,1.1288378916846883e-05,2.387176446106691,0.012828815270642835,0.07498896862980338,3.792690190732246e-05,0.31968513008990906
N501,180,163,0.01,0.013325470722716705,0.014115589744233437,0.04248176324159575,2.6366508987303555e-06,0.3184829052318672
N501,180,164,0.002335721469090121,0.05157558934920374,0.013943521559993677,0.022581266014473717,0.0005455594781168515,0.3013930508610552
N501,180,165,1.8329807108324338e-05,1.8665336615386905,0.008847019179761273,0.07414193481213582,4.281332398719387e-06,0.33737217821723425
N501,180,166,2.6366508987303555e-06,5.043363364371619,0.007810162345983862,0.10024521755659929,8.858667904100815e-06,0.34720655484935325
N501,180,167,1.8329807108324338e-07,23.26443934469025,0.05053326587318452,0.05570103603204383,3.359818286283781e-06,0.24454875795124442
N501,180,168,0.01,0.013146152521676384,0.014144873016741277,0.02997565751264198,1.43844988828766e-05,0.3181127376188744
N501,180,169,2.3357214690901213e-05,1.6381613761855238,0.019842311872690255,0.007212303104362251,0.0005455594781168515,0.3053128416396834
N501,180,170,3.792690190732246e-05,1.249114459396127,0.013468446772398557,0.04800511058342658,0.00016237767391887175,0.2857576643994854
N501,180,171,2.3357214690901213e-05,1.6403986980128988,0.008610786050623709,0.08293128942364508,2.06913808111479e-06,0.28485020298466607
N501,180,172,1.43844988828766e-05,2.028201541510285,0.04200743214825309,0.0089220692294996,0.0008858667904100832,0.28988954145961054
N501,180,173,0.01,0.012382121625266442,0.014159329687027933,0.0016039630541818204,3.359818286283781e-06,0.3025314693692667
N501,180,174,6.951927961775606e-06,2.982861163877061,0.015380043246538966,0.030995235697902728,0.00026366508987303556,0.30288254078361737
N501,180,175,0.01,0.013807664085984994,0.014153513682570673,0.00886453502246914,0.0006951927961775591,0.3282309537044912
N501,180,176,0.01,0.013718304070197102,0.014126458440141487,0.03142151146622174,3.359818286283781e-06,0.32520754240206534
N501,180,177,0.00026366508987303556,0.3770101987784327,0.017259566188129405,-0.016486072354373587,0.01,0.31094358786611087
N501,180,178,0.0001,0.7085222430669325,0.0177572833591233,0.0034024962164903127,0.01,0.28462276301820283
N501,180,179,7.847599703514606e-05,0.8866193983372144,0.02351412808985809,-0.00968438792425233,0.01,0.32757250954842854
N501,180,180,0.01,0.0116724260288902,0.01415251061661471,0.04114298260510955,2.6366508987303555e-06,0.2883302424738281
N501,180,181,0.01,0.011235341222204799,0.014157918675933412,0.0090599411627909,3.359818286283781e-06,0.279592000470221
N501,180,182,1.8329807108324338e-07,24.193086427482893,0.04910189433367629,0.07222787785256692,0.01,0.31492088913368155
N501,180,183,2.976351441631313e-05,1.5248574969643167,0.015472303697432022,0.03873329939774854,2.6366508987303555e-06,0.3054333538124576
N501,180,184,0.01,0.010886668412370194,0.014119272220487256,0.08350737330571853,8.858667904100815e-06,0.27396544581331717
N501,180,185,0.01,0.01273353083522693,0.014140794144296587,0.015169296874476323,0.00042813323987193956,0.310321003558379
N501,180,186,0.0001274274985703132,0.6436077011523276,0.01463402985213258,0.00796725572931929,2.6366508987303555e-06,0.3199990327212173
N501,180,187,0.0001,0.6745051046234769,0.012656762306166525,0.039342051880912,3.359818286283781e-06,0.2611565109085793
N501,180,188,1.6237767391887209e-06,6.54625328265971,0.013428947161766458,0.06466581520066983,2.6366508987303555e-06,0.2943053477363081
N501,180,189,2.06913808111479e-06,5.752503813888804,0.00697617767045422,0.08925121810059675,3.359818286283781e-06,0.29102734504785516
N501,180,190,4.281332398719387e-06,3.843492756519891,0.015225530922815533,0.085055192950835,0.00020691380811147902,0.3044862302143188
N501,180,191,6.158482110660255e-05,0.9995346290785936,0.026036836943461372,0.026697832430781936,0.0008858667904100832,0.3101287589205403
N501,180,192,0.0001,0.7664405056312518,0.012291296737927393,0.0469035204534057,1.8329807108324338e-05,0.3220984857099948
N501,180,193,0.01,0.013627214345204957,0.014133580900379528,0.07907757014572606,2.06913808111479e-06,0.32273036726936055
N501,180,194,2.06913808111479e-06,5.676925197845445,0.024962210970072674,0.029688716618170567,0.0003359818286283774,0.319170075290916
N501,180,195,0.01,0.012652297372902596,0.01408510939424057,0.02129488721914074,0.0006951927961775591,0.30301869382994784
N501,180,196,4.832930238571752e-07,13.918569261891445,0.06299138501753854,0.04900215596698178,0.0011288378916846883,0.33372925208665655
N501,180,197,1.2742749857031322e-06,7.491495050792069,0.02817216523402588,0.07407124902622707,0.00042813323987193956,0.272475794201241
N501,180,198,0.0001274274985703132,0.6242407115984673,0.020532235841308033,-0.009863444645942056,0.01,0.29795997105720373
N501,180,199,0.01,0.01366746757409742,0.014134196549170586,0.03248181887169933,2.06913808111479e-06,0.3276368263595833
N501,240,0,3.792690190732246e-07,16.23960654475331,0.02583427827627416,0.09005022680721017,4.281332398719387e-06,4.464099397953987
N501,240,1,2.6366508987303555e-08,63.40324023221003,0.15870406369088985,0.052263308575454935,2.6366508987303555e-06,4.370450092558938
N501,240,2,1.2742749857031322e-06,7.8360258638716385,0.02738244469215889,0.06995410946045573,0.00042813323987193956,4.471483061815179
N501,240,3,0.00016237767391887175,0.5654222767677761,0.013938832267229695,0.026694520856586103,0.00042813323987193956,4.52582160952547
N501,240,4,1.1288378916846883e-05,2.4388445222343376,0.017525191621101444,0.05118150692901297,0.0003359818286283774,4.554487046700054
N501,240,5,8.858667904100815e-08,36.11774730105469,0.08160215002395832,0.03654723062495698,5.455594781168514e-06,4.43094185846914
N501,240,6,0.01,0.013255178536953967,0.014149033900214603,0.02408392878220495,3.359818286283781e-06,4.491423456346315
N501,240,7,6.158482110660255e-05,0.9971326415571252,0.016443499713055587,0.026957205132019817,0.00042813323987193956,4.43174021969533
N501,240,8,0.01,0.012993941150519876,0.01411702032686346,0.020112896752583043,0.00042813323987193956,4.443451389177064
N501,240,9,0.01,0.012074977811436339,0.014165771963640772,-0.008076656602225436,2.06913808111479e-06,4.413985023674427
N501,240,10,6.951927961775605e-08,40.65128077356837,0.09607539824769229,0.035726562047352035,5.455594781168514e-06,4.369944264254893
N501,240,11,1e-06,8.968777097798782,0.026854884069648977,-0.003308512092415803,6.158482110660255e-05,4.424904801124674
N501,240,12,0.0006951927961775591,0.15526872411901343,0.013359940676161974,0.03301205866713406,0.00020691380811147902,4.438983831351896
N501,240,13,8.858667904100815e-08,35.7327211449582,0.054043870627785706,0.0502316590542554,2.976351441631313e-05,4.321956078582848
N501,240,14,2.6366508987303555e-06,4.922436553516842,0.003535581825280132,0.10379756071750704,2.06913808111479e-06,4.294405397346319
N501,240,15,0.01,0.012580431522824244,0.014127562678092898,0.07140734584974484,2.6366508987303555e-06,4.356719743574722
N501,240,16,1.1288378916846883e-05,2.3629274390606683,0.03285150001449577,-0.010401394775196053,0.01,4.419367919433557
N501,240,17,1.438449888287663e-07,27.753709650268934,0.07734011221891657,0.000684343969621495,0.01,4.346993980876817
N501,240,18,1.8329807108324338e-07,24.18598792623368,0.06242056352274217,0.01584113486632185,4.281332398719387e-06,4.277661166945884
N501,240,19,0.01,0.013573113561476955,0.014179930718466238,-0.00938549078965606,2.6366508987303555e-06,4.504018106016017
N501,240,20,0.01,0.011239447726992235,0.014132471293349824,0.022850621745846,2.6366508987303555e-06,4.350104006482009
N501,240,21,0.01,0.013242434170009096,0.014153374683667841,0.0437521971264468,2.06913808111479e-06,4.405945092949785
N501,240,22,0.0001274274985703132,0.6495489366333983,0.01410192920170017,0.020697896299546742,0.0003359818286283774,4.499155374283578
N501,240,23,1.1288378916846883e-05,2.3107956614250043,0.031035435309612946,-0.0727139087058944,0.01,4.351875605508695
N501,240,24,2.6366508987303555e-06,5.03367344778686,0.01982549731459482,0.059973415297753865,0.01,4.402515648826084
N501,240,25,0.01,0.011482406667053125,0.014161949353133085,-0.0015252803569245472,0.01,4.368190752885942
N501,240,26,0.01,0.010476682096153385,0.014151638812643252,0.08708691604226007,3.359818286283781e-06,4.382579466496573
N501,240,27,0.0006951927961775591,0.1627200725608906,0.013594008867600538,0.05626602415496744,3.359818286283781e-06,4.373688904140105
N501,240,28,0.01,0.01266735036297175,0.014143663953943841,0.015268852092787213,1.43844988828766e-05,4.4484646914067705
N501,240,29,2.3357214690901212e-07,21.287749015565744,0.022400652709946733,0.07797313185442362,2.06913808111479e-06,4.379987914461441
N501,240,30,0.01,0.01268546477211032,0.014128615657556187,0.03245549060031426,2.06913808111479e-06,4.328547105913242
N501,240,31,0.0018329807108324375,0.06587674328090871,0.013836700844705008,0.02206987221840504,0.0006951927961775591,4.42322289720298
N501,240,32,1.8329807108324338e-07,24.01692686264729,0.03837096448831878,0.054889030035444514,1.6237767391887209e-06,4.265705751641858
N501,240,33,1.2742749857031322e-06,7.798628350484054,0.005574328528625605,0.10854270835317721,3.359818286283781e-06,4.466671676884775
N501,240,34,7.847599703514606e-05,0.8279665089437602,0.01596549355145216,0.03371371656545959,0.00042813323987193956,4.339987137044364
N501,240,35,0.01,0.011454650903912289,0.014111592224884562,0.053981033568224694,6.951927961775606e-06,4.268257437006155
N501,240,36,0.01,0.012399540778650887,0.014136207562986725,0.0827231564104985,2.6366508987303555e-06,4.459841224148854
N501,240,37,0.01,0.013665129639377093,0.01413579022806255,0.03809276918165628,4.281332398719387e-06,4.426318992162464
N501,240,38,7.847599703514607e-07,10.532459651266462,0.02184257755599983,0.10602582249081997,6.951927961775606e-06,4.495555324889999
N501,240,39,0.01,0.011331152290254389,0.014164438720815076,-0.008587702132484878,0.01,4.464782386789458
N501,240,40,2.6366508987303555e-06,5.065226856863652,0.025922802866486183,0.07488156722734288,3.792690190732246e-05,4.419903614476183
N501,240,41,3.792690190732246e-07,16.202220941681833,0.02532037897052497,0.0869619766547665,3.359818286283781e-06,4.451419493442769
N501,240,42,0.01,0.012168551118952327,0.01410974313827873,0.034643067189043086,1.6237767391887209e-06,4.358973459842167
N501,240,43,1e-06,9.056014328124062,0.007039201032247311,0.0985197512018808,2.6366508987303555e-06,4.448954761897967
N501,240,44,0.00016237767391887175,0.5420630549772718,0.013232454577605135,0.031202563910010084,1.6237767391887209e-06,4.328436785391101
N501,240,45,0.01,0.012506679583554446,0.014163175648348902,-0.0014082203155685944,3.359818286283781e-06,4.435272448887223
N501,240,46,0.01,0.011613706243740165,0.014180000010402205,-0.017391895396887208,2.6366508987303555e-06,4.38088417268335
N501,240,47,0.01,0.013944939990342197,0.014104278633065626,0.033906710753960685,2.06913808111479e-06,4.521602247725845
N501,240,48,2.06913808111479e-06,5.709343696958717,0.030532262725823767,0.03253384916337798,0.0006951927961775591,4.328033096829989
N501,240,49,1e-06,8.930288630722266,0.010690997435301997,0.07352062244151632,2.06913808111479e-06,4.376992756684937
N501,240,50,2.06913808111479e-06,5.646186935093015,0.01890133664142879,0.0738779592348956,0.01,4.288635149827802
N501,240,51,0.01,0.011750906284476791,0.014181904271137302,-0.02231990205307283,0.01,4.402945754708483
N501,240,52,0.0001,0.7039164926580508,0.014086626868177632,0.020793309930183194,0.00026366508987303556,4.395997443079771
N501,240,53,5.4555947811685146e-08,46.0001322680716,0.08826045438097796,0.05455761810980249,2.06913808111479e-06,4.429024134737793
N501,240,54,3.359818286283781e-06,4.361111694865051,0.00848776426020248,0.07838857520444582,2.06913808111479e-06,4.361111694865051
N501,240,55,3.792690190732246e-07,16.382761004805953,0.03670959056264955,0.04520617956973694,0.01,4.509007936619577
N501,240,56,7.847599703514607e-07,10.318251627745985,0.009263033349932503,0.09926273715500367,2.6366508987303555e-06,4.39621167658173
N501,240,57,6.951927961775606e-06,3.000250787332435,0.0064632121553866995,0.09052014743523128,4.281332398719387e-06,4.411285266693074
N501,240,58,3.359818286283781e-06,4.433389133496644,0.028556437557109904,0.060847206795623714,6.158482110660255e-05,4.433389133496644
N501,240,59,4.832930238571752e-07,13.99281353255182,0.01771076756598533,0.08729756883165853,2.06913808111479e-06,4.417601703624389
N501,240,60,0.01,0.011787424878634075,0.014176676731994187,-0.02953229851368325,0.01,4.288021097404485
N501,240,61,0.01,0.01187838002548193,0.014166636612694239,-0.009662936499409878,1.2742749857031322e-06,4.419069089863791
N501,240,62,2.06913808111479e-06,5.862478614712504,0.017955347110803155,0.08476331263848164,5.455594781168514e-06,4.464330192825647
N501,240,63,0.01,0.012938541678913548,0.014123148586643985,0.04718976432167634,2.06913808111479e-06,4.428067478039517
N501,240,64,3.3598182862837814e-08,56.89440008116187,0.2131609162679542,0.03716948025587076,8.858667904100815e-06,4.360177886718474
N501,240,65,0.01,0.012706576767065245,0.014192165294304226,-0.022574067667005066,0.01,4.466509058644973
N501,240,66,7.847599703514606e-05,0.827965567706539,0.018364747268687864,-0.01453571083986189,0.01,4.380763058125358
N501,240,67,8.858667904100815e-06,2.64187769380016,0.014138813428027364,0.05131224420518922,2.976351441631313e-05,4.390259414159805
N501,240,68,1.6237767391887209e-06,6.689409184074475,0.013771938455308552,0.07898044326581234,4.281332398719387e-06,4.406285804140067
N501,240,69,1e-06,8.908247011232417,0.011126910312661442,0.0727767856003517,2.6366508987303555e-06,4.38460526065999
N501,240,70,2.3357214690901212e-07,21.097616930121486,0.044869943591655526,0.06181295365219668,2.6366508987303555e-06,4.342462945800826
N501,240,71,8.858667904100815e-06,2.639791006707707,0.0415332703344653,0.03775712482945319,0.0008858667904100832,4.38677722910237
N501,240,72,0.01,0.014640796852461578,0.014172562996877636,-0.013146408292165072,2.06913808111479e-06,4.427480915178836
N501,240,73,0.01,0.01175572402603496,0.014123945205857802,0.028277836312105075,1.6237767391887209e-06,4.492451768146578
N501,240,74,0.00020691380811147902,0.4262043151815119,0.013698058986266304,0.02557605631586939,3.359818286283781e-06,4.474588276418505
N501,240,75,1.8329807108324338e-07,24.50756066682351,0.06448690017755387,0.04294414451247134,2.6366508987303555e-06,4.4055781903413855
N501,240,76,6.158482110660254e-07,11.881668928904443,0.019125997310673215,0.08425908557048271,3.359818286283781e-06,4.3677299236695335
N501,240,77,2.976351441631313e-05,1.4347631317435932,0.013332848899700878,0.032734424932064216,2.06913808111479e-06,4.412734016159384
N501,240,78,0.01,0.01293906673193941,0.014153174768086085,0.011900964360181641,3.359818286283781e-06,4.413232213842804
N501,240,79,1.1288378916846883e-05,2.38577165454894,0.017292954125532,0.052970124746065946,0.0003359818286283774,4.4747988960265275
N501,240,80,1.8329807108324338e-05,1.8905827048664716,0.010611080079297452,0.06316541051393058,4.281332398719387e-06,4.415888662385635
N501,240,81,8.858667904100815e-06,2.622234779833257,0.01142950229627726,0.06534757920557858,2.3357214690901213e-05,4.335201189594734
N501,240,82,1.6237767391887209e-06,6.746840507265244,0.012121476761446592,0.07587308230156993,4.281332398719387e-06,4.469808770910541
N501,240,83,7.847599703514607e-07,10.387418204503343,0.019875628391689437,0.008242764549333653,0.0001274274985703132,4.393825397845326
N501,240,84,2.3357214690901212e-07,21.527296685059728,0.06629967194948128,0.08503960933083149,0.0005455594781168515,4.448387295978534
N501,240,85,0.01,0.011588967082652488,0.014127013306738934,0.03342091904366316,6.951927961775606e-06,4.384403031032046
N501,240,86,0.01,0.013261017050534566,0.014138535899180682,0.04085868682283133,2.976351441631313e-05,4.344197495017656
N501,240,87,3.792690190732246e-05,1.2393112682873315,0.009319499444489732,0.0697784434845759,2.3357214690901213e-05,4.359278430510398
N501,240,88,3.359818286283781e-06,4.439290889696389,0.008077068820842692,0.07912447513828552,2.06913808111479e-06,4.439290889696389
N501,240,89,2.6366508987303555e-06,4.997582164013604,0.004411499693897314,0.10910774190825173,4.281332398719387e-06,4.3574341658827285
N501,240,90,1.2742749857031322e-06,7.709712134289704,0.004019341258795994,0.11229773577080687,2.6366508987303555e-06,4.386157741757368
N501,240,91,7.847599703514607e-07,10.396050794449614,0.025263123018695932,0.08082035721225768,1.43844988828766e-05,4.398368644425243
N501,240,92,1.6237767391887209e-06,6.612530439041876,0.008270099003466869,0.10538950384612455,5.455594781168514e-06,4.33953796966655
N501,240,93,0.01,0.012533504449219583,0.01412363625240709,0.07176688291183828,1.1288378916846883e-05,4.263419848739259
N501,240,94,0.01,0.014023004118598999,0.014131244733057269,0.02887664481850938,5.455594781168514e-06,4.458809156759595
N501,240,95,1e-06,8.967537433742084,0.0314491217914854,0.06563264132803574,0.0005455594781168515,4.422651702405658
N501,240,96,0.00020691380811147902,0.45452422000550535,0.013759993203791843,0.02588323550630373,0.00042813323987193956,4.36226754073048
N501,240,97,1.8329807108324338e-05,1.8908894850976725,0.009237537228815706,0.10716634872697933,2.6366508987303555e-06,4.454283886482555
N501,240,98,0.01,0.01211781945052597,0.014156871874771437,0.046318747785145345,2.6366508987303555e-06,4.431587620122554
N501,240,99,2.976351441631313e-05,1.4906542843672588,0.018722587912578303,0.012660793545513433,2.06913808111479e-06,4.416229623600998
N501,240,100,2.3357214690901212e-07,21.38620989929956,0.036244516632852,0.029741132664370413,2.6366508987303555e-06,4.423206101614833
N501,240,101,0.01,0.011876091431730023,0.014161310067574817,-0.0009037119880221855,2.06913808111479e-06,4.371200186033781
N501,240,102,1e-06,8.964985922925289,0.018997688447794703,0.01811735657304953,8.858667904100815e-06,4.4128432968724685
N501,240,103,2.6366508987303555e-06,4.970985849033719,0.005417819101293353,0.09437971986090385,2.06913808111479e-06,4.3385596818554735
N501,240,104,0.01,0.011605106794721516,0.01417814086494218,-0.013760781054237567,3.359818286283781e-06,4.368610963065698
N501,240,105,0.01,0.01309747994270034,0.01414190388596337,0.03546791204735756,2.6366508987303555e-06,4.454072508769428
N501,240,106,2.976351441631313e-05,1.504391342648198,0.01211953466564708,0.05696715552247572,4.281332398719387e-06,4.484696020109595
N501,240,107,5.455594781168514e-06,3.376097304772796,0.011288160793951119,0.07020513170195623,1.8329807108324338e-05,4.389235177049818
N501,240,108,1e-06,8.951748186075317,0.0099674431695439,0.0911213473392134,3.359818286283781e-06,4.429291038727367
N501,240,109,1.8329807108324338e-05,1.8709423306063433,0.009005848969085739,0.0824589738729051,3.359818286283781e-06,4.4764782486299115
N501,240,110,0.01,0.01203839307581861,0.014123335108288892,0.02441256495955355,1.6237767391887209e-06,4.348883138068196
N501,240,111,0.01,0.010903461437460078,0.014164529442142415,-0.003170958930639528,2.6366508987303555e-06,4.4106088853130245
N501,240,112,2.976351441631313e-05,1.4925747186123473,0.02504380081611024,-0.010371253040057395,0.01,4.488680012201174
N501,240,113,3.359818286283781e-06,4.396939309907905,0.006834499470244282,0.090984766616699,2.6366508987303555e-06,4.396939309907905
N501,240,114,3.792690190732246e-07,15.841288227517753,0.037973907888754654,0.1054493500223614,5.455594781168514e-06,4.317982416651465
N501,240,115,1.438449888287663e-07,28.17880671576896,0.033070716673658795,0.07951808120671443,2.6366508987303555e-06,4.427333364764868
N501,240,116,6.158482110660254e-07,12.249790213784571,0.015621598634676825,0.04996104823375153,2.06913808111479e-06,4.510928797926567
N501,240,117,0.0011288378916846883,0.08593275202845153,0.013736516605620808,0.05788193551237131,8.858667904100815e-06,4.325684151240482
N501,240,118,4.832930238571752e-07,13.62020312887874,0.01905744867689707,0.07976599487265422,2.6366508987303555e-06,4.331700081407805
N501,240,119,0.01,0.012355360654556544,0.014144516455689593,0.017169148686227056,8.858667904100815e-06,4.4239894652250475
N501,240,120,6.951927961775606e-06,2.9754856749430734,0.00644887981270148,0.08817006660404944,2.06913808111479e-06,4.3832994715946265
N501,240,121,8.858667904100815e-06,2.622041693138705,0.010831557774550915,0.05835220399326503,1.43844988828766e-05,4.38403314770051
N501,240,122,2.6366508987303555e-06,5.047274532610887,0.019380633977620576,0.040801297565022876,0.0003359818286283774,4.407371712084191
N501,240,123,7.847599703514606e-05,0.8172750835479825,0.013668156918860364,0.023803667422602818,4.281332398719387e-06,4.264709554628094
N501,240,124,8.858667904100815e-06,2.650205379265537,0.014968177433596352,0.035263423030736776,0.0003359818286283774,4.414999699735289
N501,240,125,6.158482110660255e-05,1.018766190490021,0.019985857813142882,0.03567281517554461,0.0005455594781168515,4.527496726165112
N501,240,126,0.00016237767391887175,0.5432502543757661,0.01275903545448498,0.037986167245809416,2.06913808111479e-06,4.352543699240446
N501,240,127,6.158482110660254e-07,12.046355362157179,0.006060112594067468,0.10553910641035875,2.06913808111479e-06,4.420427000772643
N501,240,128,0.00042813323987193956,0.22002769463479244,0.013360636351514077,0.035045342858751646,1.6237767391887209e-06,4.304604691819246
N501,240,129,0.01,0.013002974180592333,0.014166948909326127,-0.018169545314503266,2.6366508987303555e-06,4.489048983262009
N501,240,130,1e-06,8.861465618797459,0.01423577569935186,0.07305535209803082,2.6366508987303555e-06,4.354563372410407
N501,240,131,2.06913808111479e-06,5.68681041436982,0.006241056600949202,0.09478859037765573,2.06913808111479e-06,4.3120280015206776
N501,240,132,2.3357214690901212e-07,21.512388810498734,0.05367529481491129,0.03650616690467876,0.01,4.4801133336242955
N501,240,133,0.01,0.012401602092918506,0.014141725134887095,0.05857820655364337,4.281332398719387e-06,4.352428115862777
N501,240,134,6.951927961775606e-06,2.9747882315480956,0.01035470774689995,0.06181145371121316,2.06913808111479e-06,4.371232233830085
N501,240,135,2.3357214690901213e-05,1.6749576915781135,0.020465206625222443,0.017183072076835258,0.01,4.441609043066922
N501,240,136,0.01,0.013646127594525341,0.014144510583375514,0.05864771455047242,2.6366508987303555e-06,4.384953410039857
N501,240,137,0.01,0.010961546181451773,0.014150203503271674,0.09883517864549698,2.06913808111479e-06,4.4451064967437155
N501,240,138,0.01,0.011764282038126437,0.014199198373563426,-0.019099374643645136,0.01,4.3552355700096905
N501,240,139,5.455594781168514e-06,3.3331885098126426,0.010974470865797503,0.0763249359495039,1.8329807108324338e-05,4.320998493368197
N501,240,140,0.01,0.011472994431653961,0.01413668956066616,0.05375871610651795,2.6366508987303555e-06,4.403529507843503
N501,240,141,0.01,0.012120477436071319,0.014137207721321654,0.04124468644721224,2.06913808111479e-06,4.390474117516853
N501,240,142,3.359818286283781e-06,4.471502373971246,0.013885308461086598,0.07053119254011243,0.0001274274985703132,4.471502373971246
N501,240,143,2.3357214690901213e-05,1.6520951040107785,0.02053548613954259,0.0040557191857655,0.01,4.415465699527947
N501,240,144,4.281332398719387e-06,3.7556063504167074,0.0011499901220263231,0.11501743940190884,3.359818286283781e-06,4.285171708534378
N501,240,145,2.976351441631313e-07,18.441298846614238,0.02949445480603985,0.04296544082878224,2.6366508987303555e-06,4.3642148924377056
N501,240,146,1.2742749857031322e-06,7.704942858531093,0.007019493142063515,0.10327428320930362,2.6366508987303555e-06,4.37573051692974
N501,240,147,0.01,0.012899424509398356,0.014150620834277317,0.02615212682851735,2.06913808111479e-06,4.349652057042691
N501,240,148,0.01,0.011223740633720718,0.014137342324979207,0.06964777668440464,4.281332398719387e-06,4.438147881862249
N501,240,149,1e-06,8.922959705284107,0.008080961853187962,0.09768744905632605,3.359818286283781e-06,4.417426161943847
N501,240,150,0.01,0.012538089962283665,0.014146773869926466,0.03218892703145603,2.06913808111479e-06,4.392964872710621
N501,240,151,3.792690190732246e-05,1.2630162648938819,0.016560084538655984,-0.004651579943143536,1.6237767391887209e-06,4.336756216618406
N501,240,152,2.976351441631313e-07,18.732475446543333,0.01743098912689911,0.05947872432447151,1.6237767391887209e-06,4.467431616370618
N501,240,153,0.01,0.012816941629005704,0.014170832565231661,-0.009408796507041708,2.6366508987303555e-06,4.479001671986669
N501,240,154,3.792690190732246e-05,1.2695657050933074,0.011349660672476558,0.05608419866338464,3.359818286283781e-06,4.376873283178122
N501,240,155,2.3357214690901212e-07,21.175041416122614,0.04549538780117102,0.057634424818625886,4.281332398719387e-06,4.36559052782609
N501,240,156,1.43844988828766e-05,2.0958949910330844,0.008469139069111842,0.0933331068155812,2.06913808111479e-06,4.405276237171105
N501,240,157,0.0001,0.7501157016657336,0.01246658282979518,0.047589226978848265,0.00016237767391887175,4.518611201867038
N501,240,158,7.847599703514607e-07,10.593483741099105,0.014541609114167686,0.06629881471983959,3.359818286283781e-06,4.529702208858738
N501,240,159,7.847599703514607e-07,10.517693946247059,0.01028682623378152,0.0895262122740774,2.6366508987303555e-06,4.461780515912389
N501,240,160,0.01,0.013899111419284078,0.014131845388077435,0.030833820898394988,3.792690190732246e-05,4.448407021361475
N501,240,161,0.01,0.012585950861022129,0.014189264174350402,-0.015709217036059816,0.01,4.488874424213733
N501,240,162,1.8329807108324338e-07,24.66120064721173,0.052770292687166265,0.07560599141925636,1.8329807108324338e-05,4.451681005714031
N501,240,163,1.6237767391887209e-06,6.671398485265221,0.0044286383466858315,0.1050673487277248,2.6366508987303555e-06,4.40451787633604
N501,240,164,3.359818286283781e-06,4.44127334087654,0.0314793977444805,0.029139331724876223,0.0005455594781168515,4.44127334087654
N501,240,165,1.438449888287663e-07,28.179202603847088,0.05775485659429047,0.09408210532107114,4.281332398719387e-06,4.430481866727497
N501,240,166,2.3357214690901213e-05,1.679808668550554,0.007861999903430283,0.08116317805800806,2.6366508987303555e-06,4.465035166434742
N501,240,167,2.976351441631313e-07,18.16657199273519,0.03803119059018756,0.0688484595368042,3.359818286283781e-06,4.318699160213478
N501,240,168,8.858667904100815e-06,2.6610077535493115,0.016017373416246095,0.035739364668896295,0.01,4.40659373673545
N501,240,169,0.01,0.01374455495610927,0.01414017800490841,0.034849801137769164,2.06913808111479e-06,4.426452137324944
N501,240,170,0.01,0.01200091313279605,0.014116790820443814,0.04541670446483696,2.6366508987303555e-06,4.422293030307766
N501,240,171,2.6366508987303555e-06,4.998544790803708,0.006879438538505256,0.0945899730997892,2.6366508987303555e-06,4.363065065487336
N501,240,172,0.0001,0.7318925103068372,0.018531437594166533,0.013549045958681599,0.0008858667904100832,4.350319063051004
N501,240,173,1e-06,8.807877755937794,0.013918937169387524,0.08776615087091012,1.1288378916846883e-05,4.348408848328522
N501,240,174,0.01,0.012465806976757584,0.014166429998171637,-0.01636478232937149,1.6237767391887209e-06,4.407015711309569
N501,240,175,2.6366508987303555e-06,5.149481271423283,0.020494593271953132,0.01715177817562587,0.0005455594781168515,4.49206011430109
N501,240,176,1.2742749857031322e-06,7.712802516847516,0.005304857509459415,0.10413937271988395,2.6366508987303555e-06,4.392672296117235
N501,240,177,4.832930238571752e-07,14.004916725844105,0.026141048080458473,0.05067220355879432,0.01,4.463840929637636
N501,240,178,0.01,0.011272999435391546,0.014153853765446978,0.010960466930382278,2.6366508987303555e-06,4.346779318598785
N501,240,179,0.00016237767391887175,0.5717893270352803,0.018490958840532645,-0.015154058869461738,0.01,4.471167710503785
N501,240,180,1.8329807108324338e-05,1.835693849590879,0.00968098247957716,0.0936885447002647,2.06913808111479e-06,4.3387711810865515
N501,240,181,0.01,0.01127066411338963,0.014147441826272034,0.04486374940608318,2.06913808111479e-06,4.335938936608449
N501,240,182,0.01,0.012453080308780024,0.014174751594912882,-0.008991380017154157,2.06913808111479e-06,4.440794467955719
N501,240,183,1e-06,9.081658346066897,0.009215581570368836,0.1001145786508837,2.6366508987303555e-06,4.490374564291491
N501,240,184,2.6366508987303555e-08,63.62183666723086,0.1887858097585129,0.04447676247253865,4.281332398719387e-06,4.475065645854853
N501,240,185,0.01,0.013159981827989331,0.014153092662397837,0.031024373215210756,6.951927961775606e-06,4.501130109807941
N501,240,186,4.832930238571752e-07,13.685409454457236,0.012133754640091254,0.08935541567477863,2.06913808111479e-06,4.334982065256903
N501,240,187,1.6237767391887209e-06,6.827187643536007,0.010043462236506095,0.09058641779129065,2.6366508987303555e-06,4.513150076936513
N501,240,188,1.1288378916846883e-07,31.42396784858977,0.06782119075123516,0.038059422894770496,2.6366508987303555e-06,4.326929740141112
N501,240,189,0.01,0.012322494005904915,0.014136143310848226,0.04326424193831791,2.06913808111479e-06,4.405713865053481
N501,240,190,1.2742749857031322e-06,7.766110684031227,0.011393942362539322,0.10070395953827756,4.281332398719387e-06,4.421557729806309
N501,240,191,0.00042813323987193956,0.2459553646971535,0.013541686482462345,0.02611258219151211,0.0005455594781168515,4.388371603664461
N501,240,192,0.01,0.012394145433160104,0.01413629417809692,0.03875522463310101,2.6366508987303555e-06,4.37983565929865
N501,240,193,1.43844988828766e-05,2.083876010180776,0.009933018850557973,0.06547201193099715,1.8329807108324338e-05,4.381473482108697
N501,240,194,1.438449888287663e-07,27.99281238209858,0.08935553380742367,-0.015072976039343102,0.00026366508987303556,4.363903822630697
N501,240,195,0.0006951927961775591,0.15889395812617835,0.013743593880911398,0.02054918718752351,0.0006951927961775591,4.273320534141621
N501,240,196,1.1288378916846883e-05,2.399409073779366,0.03176600655210793,0.011646643165024999,0.0008858667904100832,4.4662618448384075
N501,240,197,6.951927961775606e-06,2.9065582223847177,0.01717286810229557,0.06676282653947524,0.00026366508987303556,4.2821763236771915
N501,240,198,0.01,0.012042399374281705,0.014171076456411802,-0.006155320684106774,2.06913808111479e-06,4.373648275038538
N501,240,199,1e-06,9.022503554975627,0.01010637515964452,0.08004013389295386,2.06913808111479e-06,4.467678612136384
N501,360,0,0.0001274274985703132,0.6195894590324273,0.012594344420439385,0.08892394021424585,2.06913808111479e-06,5.121310246836721
N501,360,1,2.06913808111479e-06,5.836404568240234,0.005301628176632822,0.09589414244609214,2.6366508987303555e-06,5.065156860842364
N501,360,2,0.00016237767391887175,0.550218171243793,0.013149856991596875,0.03448484274362829,0.00026366508987303556,5.143769366791686
N501,360,3,0.01,0.013291261899884447,0.014124429021782348,0.06081633889131486,2.6366508987303555e-06,5.199037428548752
N501,360,4,0.01,0.013398675344369018,0.014113048465584255,0.034431063537015506,2.6366508987303555e-06,5.168020678846699
N501,360,5,3.359818286283781e-06,4.469712817032265,0.007546174890410096,0.09066386888810396,5.455594781168514e-06,5.118545119621589
N501,360,6,5.455594781168514e-06,3.432658971472297,0.012348859902803322,0.05489557685662899,2.06913808111479e-06,5.1226696069938695
N501,360,7,1.6237767391887209e-06,6.748714396681879,0.007308649399598521,0.08593835853539641,1.6237767391887209e-06,5.085368168125848
N501,360,8,0.01,0.012908583661912137,0.01414349844092233,0.040792240565355124,2.06913808111479e-06,5.079194822711395
N501,360,9,0.01,0.012537975555251218,0.014171374767444567,-0.016669072845663404,1.6237767391887209e-06,5.141300976188318
N501,360,10,0.01,0.011639121856697111,0.014141734534460548,0.07628759119619473,2.06913808111479e-06,4.980463884525705
N501,360,11,0.01,0.01350445486520854,0.014134772469001189,0.03401069245379917,1.1288378916846883e-05,5.05297163496011
N501,360,12,0.00026366508987303556,0.3593019288683098,0.012762143512398794,0.04341467012513563,2.06913808111479e-06,5.121510320952963
N501,360,13,0.01,0.012414643178301158,0.014113617302408787,0.036915966853315205,1.8329807108324338e-05,4.96958385573838
N501,360,14,0.01,0.012990493714232897,0.014150143659508507,0.07958930571708561,2.06913808111479e-06,4.9858912606112495
N501,360,15,1.8329807108324338e-07,24.885765263139227,0.025532438238823563,0.09137255076663045,2.06913808111479e-06,5.01382827092653
N501,360,16,2.3357214690901212e-07,21.72305514207697,0.026929378803262294,0.04883484691128522,0.01,5.042353868289252
N501,360,17,4.832930238571752e-07,13.982398555578905,0.015700078163480402,0.048884226931655055,2.06913808111479e-06,5.040615673996727
N501,360,18,1.8329807108324338e-05,1.8236101446292,0.01227104304422344,0.04748250130742839,8.858667904100815e-06,4.928359739129389
N501,360,19,0.01,0.01283197432570736,0.014134418845301533,0.08126626035465329,2.06913808111479e-06,5.152423937648473
N501,360,20,1e-06,8.951085710664735,0.009519725007543611,0.07418406804437899,2.06913808111479e-06,5.022141846395931
N501,360,21,1.2742749857031322e-06,7.804039154491982,0.005194978703617736,0.09686189252235758,2.06913808111479e-06,5.074248458676838
N501,360,22,1.43844988828766e-05,2.1296304568364444,0.019148982312326535,0.031317777467964325,0.00042813323987193956,5.1621519184352564
N501,360,23,4.281332398719387e-06,3.894515345579639,0.04066314517792069,-0.0899695601082853,0.01,5.09816786713548
N501,360,24,1.8329807108324338e-05,1.8433830287896318,0.023879494311992655,0.009272898192264378,0.01,5.020478238833065
N501,360,25,6.158482110660254e-07,12.150469425348568,0.014685206876967172,0.05821256759705679,1.6237767391887209e-06,5.084466421840474
N501,360,26,6.158482110660254e-07,12.095778584570388,0.018433288218245192,0.06255247027505645,3.359818286283781e-06,5.040515655006228
N501,360,27,5.455594781168514e-06,3.4113817746699278,0.002358017696916015,0.11173418188050924,2.6366508987303555e-06,5.0671785550351
N501,360,28,7.847599703514606e-05,0.8512582371510978,0.013932639591483387,0.02232384127640727,2.6366508987303555e-06,5.071853559532092
N501,360,29,3.792690190732246e-07,16.146904971341158,0.012149777180346266,0.09008879333783244,2.06913808111479e-06,4.978462266736367
N501,360,30,6.951927961775606e-06,2.93985093140715,0.0071536442305693,0.09117899612922498,1.6237767391887209e-06,4.998018853703926
N501,360,31,0.0001,0.7631820616424669,0.017155953168129123,0.02091467401085499,0.0006951927961775591,5.1167918702865105
N501,360,32,0.01,0.011962066340027607,0.01413349106397277,0.02995125134524834,1.6237767391887209e-06,4.963922303584984
N501,360,33,0.01,0.011501373047369309,0.01413309638983895,0.07289992173648384,1.6237767391887209e-06,5.123291134167826
N501,360,34,5.455594781168514e-06,3.3243640195830113,0.021447999713569033,0.06475205279441028,0.0003359818286283774,4.954897095180481
N501,360,35,8.858667904100815e-06,2.6428944958302805,0.010603195642279961,0.07349193021567418,2.06913808111479e-06,5.01286587818318
N501,360,36,0.01,0.01319830689410053,0.014137758438907189,0.04672326897066824,2.06913808111479e-06,5.167564937929725
N501,360,37,1.1288378916846883e-07,33.060888792947566,0.041356832238553576,0.0887233299180064,2.6366508987303555e-06,5.120878113897315
N501,360,38,0.01,0.014122889787583234,0.014113849130162115,0.046898793246644255,3.359818286283781e-06,5.10129475130521
N501,360,39,0.01,0.011507521605704457,0.014155128429206743,0.017228798609698837,1.6237767391887209e-06,5.122596278698377
N501,360,40,2.976351441631313e-05,1.4433533826713874,0.009698310033746105,0.06866181955073117,2.3357214690901213e-05,5.061679410965981
N501,360,41,1.6237767391887209e-06,6.7656744396786515,0.006455579861244565,0.09765749576455499,3.359818286283781e-06,5.1025872240544
N501,360,42,1.6237767391887209e-06,6.647077019174969,0.005399798279115742,0.09905128062609873,1.6237767391887209e-06,5.001330370430057
N501,360,43,5.455594781168514e-06,3.441739218645961,0.005682541270570218,0.0933871807340572,2.6366508987303555e-06,5.136539418796338
N501,360,44,4.281332398719387e-06,3.8621088329033517,0.007657767382066805,0.08094826673193524,1.6237767391887209e-06,5.053714443557022
N501,360,45,6.951927961775606e-06,3.0116133729714445,0.009715877449650079,0.06832504186316561,2.06913808111479e-06,5.098945576065204
N501,360,46,8.858667904100815e-06,2.5987002774495074,0.012589140057105874,0.03986400318504214,2.06913808111479e-06,5.003633201832643
N501,360,47,0.01,0.013481392828591099,0.014141012837932454,0.06595595292466326,1.2742749857031322e-06,5.144067952135312
N501,360,48,0.01,0.012595238407131965,0.01411866240006232,0.02207310052719051,1.6237767391887209e-06,4.979518475731912
N501,360,49,6.158482110660254e-07,12.16475187860679,0.009098772950913325,0.10096050174072747,2.6366508987303555e-06,5.072517834217998
N501,360,50,2.3357214690901213e-05,1.5912641529661906,0.012912838325874643,0.0395699482538405,2.06913808111479e-06,4.924363147084448
N501,360,51,0.01,0.012349673851121599,0.014151641633992407,0.08901062539323448,1e-06,5.044498312389009
N501,360,52,1.6237767391887209e-06,6.696649993106919,0.007178722809334848,0.08441020436339414,2.06913808111479e-06,5.036711818499413
N501,360,53,2.6366508987303555e-06,5.081012512927376,0.006500688189629122,0.09498153159687073,2.6366508987303555e-06,5.081012512927376
N501,360,54,4.281332398719396e-08,53.25432282406919,0.08881741625450168,0.06555995630885467,2.6366508987303555e-06,5.059056604632838
N501,360,55,3.359818286283781e-06,4.4990451655216805,0.012602683670527526,0.0528639652250874,2.06913808111479e-06,5.1584612114424235
N501,360,56,0.01,0.012280906361955994,0.014130316922326358,0.049443873565414215,1.6237767391887209e-06,5.08079066433115
N501,360,57,7.847599703514606e-05,0.8653775200904577,0.013551939534525603,0.025409482520823944,1.6237767391887209e-06,5.100673640852274
N501,360,58,0.01,0.013303036696110979,0.014147076467806219,0.015214081459333992,1.1288378916846883e-05,5.103586982575466
N501,360,59,1.6237767391887209e-06,6.736534514706085,0.0015790709349509102,0.11294686812775635,2.06913808111479e-06,5.068995532645617
N501,360,60,0.00020691380811147902,0.4325289593068157,0.01462530097688619,-0.014297844395983497,1.6237767391887209e-06,4.996520644424288
N501,360,61,1.6237767391887209e-06,6.690159025978179,0.007073094421961912,0.08456136983639544,1.2742749857031322e-06,5.039743509508378
N501,360,62,5.455594781168514e-06,3.4522434642266457,0.0068419371029024845,0.08680128251561284,4.281332398719387e-06,5.122781948380323
N501,360,63,3.792690190732246e-07,16.202861464509986,0.010283634183451906,0.08792611618321601,1.6237767391887209e-06,5.042400178529078
N501,360,64,2.06913808111479e-06,5.766156001316604,0.002293532160091094,0.10965667090880495,2.06913808111479e-06,5.009601770508418
N501,360,65,6.158482110660254e-07,12.237071421354468,0.010352393407172533,0.09673281815774998,2.6366508987303555e-06,5.09479170780675
N501,360,66,1e-06,9.035756348040909,0.006794167219900893,0.08637453968112559,1.6237767391887209e-06,5.079027989208921
N501,360,67,0.0001,0.74878485850426,0.012163926576326034,0.06741208103551649,8.858667904100815e-06,5.067261755283883
N501,360,68,2.06913808111479e-06,5.871030096074211,0.013438233528718202,0.06439672660903213,4.281332398719387e-06,5.1003012882927266
N501,360,69,2.6366508987303555e-06,5.042424364661398,0.005416470162132758,0.09571330922730341,2.6366508987303555e-06,5.042424364661398
N501,360,70,1.1288378916846883e-05,2.281637495537429,0.008268913965424396,0.0787063221821618,2.06913808111479e-06,5.0054816160703295
N501,360,71,1.2742749857031322e-06,7.745383021846537,0.03022602710841893,0.06369894281118668,0.0005455594781168515,5.043036536326608
N501,360,72,1.6237767391887209e-06,6.79193613047908,0.0026718215762676634,0.10784662296496436,1.6237767391887209e-06,5.113550028399638
N501,360,73,2.6366508987303555e-06,5.103341793046589,0.007172370041483744,0.08409813462075422,2.06913808111479e-06,5.103341793046589
N501,360,74,4.832930238571752e-07,14.13077262146336,0.016310996251256427,0.10883716814895601,4.281332398719387e-06,5.08179108525771
N501,360,75,1.2742749857031322e-06,7.800636975538454,0.01231066226192612,0.06174133404797819,2.6366508987303555e-06,5.0866448406937295
N501,360,76,4.832930238571752e-07,13.875654949963991,0.013039318900652686,0.08276848667504261,2.6366508987303555e-06,4.995986354107472
N501,360,77,2.3357214690901212e-07,21.58331639723919,0.028824036661360575,0.08047034260056767,2.6366508987303555e-06,5.059432465200152
N501,360,78,7.847599703514607e-07,10.485401854404037,0.0066129648429075205,0.10588289181364005,2.6366508987303555e-06,5.06646442870176
N501,360,79,3.359818286283781e-06,4.49186135853502,0.012653124859759335,0.07300995407612079,2.06913808111479e-06,5.1475001396840865
N501,360,80,0.00020691380811147902,0.45729922760259023,0.013334436235670877,0.06114016123022454,1.2742749857031322e-06,5.05604449693357
N501,360,81,0.01,0.014088110499841613,0.014139760549253144,0.06845681553015906,2.06913808111479e-06,5.020259143413473
N501,360,82,0.01,0.012822921215859186,0.014162305956538113,-0.003708410562310706,2.06913808111479e-06,5.101971867227246
N501,360,83,0.01,0.012254551922718834,0.014155311106767376,0.015397226438186803,1.6237767391887209e-06,5.0920593743492635
N501,360,84,2.3357214690901212e-07,22.04143092337016,0.042057609383066685,0.09473590294649718,3.359818286283781e-06,5.139801970059714
N501,360,85,2.976351441631313e-07,18.850210890195896,0.030653710898093767,0.034867196014007236,3.359818286283781e-06,5.0556154957878805
N501,360,86,3.792690190732246e-07,16.37097054309924,0.028408508533618537,0.05873276790182833,2.976351441631313e-05,5.072265304626235
N501,360,87,2.6366508987303555e-06,5.031897011698363,0.01584436406123846,0.08852354747753804,2.976351441631313e-05,5.031897011698363
N501,360,88,2.3357214690901212e-07,21.892559337772926,0.012511354894184423,0.08980690034531401,1.2742749857031322e-06,5.0729724776779594
N501,360,89,8.858667904100815e-06,2.5897613184968407,0.008629432431154882,0.08132548837271492,3.359818286283781e-06,4.993796019214981
N501,360,90,2.3357214690901213e-05,1.6349551308505765,0.009304103360286753,0.08161547416167104,1.6237767391887209e-06,5.012478141993949
N501,360,91,0.01,0.012715154789355657,0.01413164431989522,0.07053550623078958,2.6366508987303555e-06,5.094360148735711
N501,360,92,0.01,0.013233770376038363,0.014123524851047842,0.05692537198452534,2.6366508987303555e-06,5.064654732711035
N501,360,93,2.6366508987303555e-06,4.966995719139043,0.011067285227011614,0.09526130257666525,1.43844988828766e-05,4.966995719139043
N501,360,94,1e-06,9.062180867728106,0.01064595187891737,0.07832888581957305,3.359818286283781e-06,5.094496197453942
N501,360,95,3.792690190732246e-07,16.22958478732553,0.032710305437313014,0.06804408289651646,0.0003359818286283774,5.049480501216289
N501,360,96,6.951927961775606e-06,2.9596103718481257,0.01486511519193856,0.050918325202180884,0.00026366508987303556,5.009430037716331
N501,360,97,1e-06,9.078229854870472,0.004288926906033108,0.10273207792645304,2.06913808111479e-06,5.106563337941395
N501,360,98,0.01,0.012764116876839128,0.014145033125592121,0.10807562027443438,2.06913808111479e-06,5.07154972540897
N501,360,99,0.0001274274985703132,0.6690262567638225,0.016730124897784915,-0.006495006049632454,2.06913808111479e-06,5.047748613345879
N501,360,100,2.3357214690901213e-05,1.6395952075651212,0.014683290962494544,0.02378765944481025,1.2742749857031322e-06,5.065441100553395
N501,360,101,0.01,0.012098414395156236,0.014137373932726738,0.03151220699219016,2.06913808111479e-06,5.091290288138638
N501,360,102,6.951927961775605e-08,41.941077146968496,0.06824223141732588,0.02474283406476005,3.359818286283781e-06,5.0436466641515825
N501,360,103,6.951927961775606e-06,2.9382068004846014,0.00864279586957839,0.07489814674968506,1.6237767391887209e-06,4.976478745089705
N501,360,104,0.01,0.011855685542898255,0.014132623419662038,0.03573468936454294,2.06913808111479e-06,5.080733584892647
N501,360,105,6.951927961775606e-06,3.042264085849037,0.01052163402320927,0.06315772451623944,3.359818286283781e-06,5.11055867192829
N501,360,106,8.858667904100815e-08,37.285119354664296,0.07968436129234702,0.04034719551150903,0.00042813323987193956,5.101342207853643
N501,360,107,0.01,0.012200750073818795,0.014127144399120106,0.03735024938003933,1.6237767391887209e-06,5.0694379982062365
N501,360,108,1.2742749857031322e-06,7.7193269718208715,0.0075542879191635715,0.090905862612868,2.6366508987303555e-06,5.032935738896606
N501,360,109,4.832930238571752e-07,14.165639898368601,0.01683627104393004,0.058581520997037485,2.6366508987303555e-06,5.1365224680413935
N501,360,110,4.832930238571752e-07,13.852925541866565,0.009178648264712486,0.07649411688205526,1.2742749857031322e-06,4.944396586724626
N501,360,111,2.6366508987303555e-06,5.077466279448315,0.004818834682891904,0.09731609356813242,2.06913808111479e-06,5.077466279448315
N501,360,112,0.01,0.013153407686865109,0.01417720791736743,-0.015319169832185328,1.6237767391887209e-06,5.184095980532515
N501,360,113,2.3357214690901212e-07,21.843291633769727,0.02286460943992319,0.08562987237894282,1.6237767391887209e-06,5.075836832294912
N501,360,114,7.847599703514607e-07,10.376708359300963,0.020576160416267086,0.1131190410651275,5.455594781168514e-06,5.010094057555268
N501,360,115,4.832930238571752e-07,14.177655880214756,0.010572399177588121,0.10550780575161746,2.6366508987303555e-06,5.098431880825428
N501,360,116,1.43844988828766e-05,2.1045123492127207,0.014428496262465229,0.040610349582131444,1.6237767391887209e-06,5.120202796632796
N501,360,117,0.01,0.009913229316668003,0.014130131260204126,0.07212081074917755,3.359818286283781e-06,4.951248251316705
N501,360,118,2.976351441631313e-05,1.4370253964919226,0.009653383142466443,0.08870576843669732,2.06913808111479e-06,5.012112963425506
N501,360,119,6.158482110660254e-07,12.105901792026105,0.014394102907644202,0.0811473092548782,3.359818286283781e-06,5.054646828641868
N501,360,120,0.01,0.01255493870250595,0.014128871359301076,0.04143733728140972,1.6237767391887209e-06,5.084945380553126
N501,360,121,0.01,0.01177361316210177,0.014137631870369538,0.05200176432254313,5.455594781168514e-06,5.0358567508339185
N501,360,122,2.6366508987303555e-06,5.0659016420152545,0.02481053518428533,0.015111815461393027,0.00042813323987193956,5.0659016420152545
N501,360,123,0.01,0.01280511724401371,0.014146438076953372,0.03209679862036554,2.6366508987303555e-06,4.964821574343005
N501,360,124,4.832930238571752e-07,14.145698263341377,0.030107010991711647,0.0031520575913388466,0.0003359818286283774,5.1232696428717075
N501,360,125,8.858667904100815e-08,37.62958383518745,0.03604138821183889,0.07579843946550456,2.06913808111479e-06,5.1607245254786624
N501,360,126,1e-06,9.046714756521043,0.00465105803676491,0.10040460856050508,1.6237767391887209e-06,5.06353319835216
N501,360,127,1.2742749857031322e-06,7.817183162604584,0.0025713336305294154,0.10900742866555643,1.6237767391887209e-06,5.085560216283099
N501,360,128,2.976351441631313e-07,18.736357174733733,0.018420422319336494,0.08966897828914658,2.06913808111479e-06,4.991324813012351
N501,360,129,3.359818286283781e-06,4.492786149053728,0.011836149469324653,0.048834377169075925,1.2742749857031322e-06,5.1512100146364705
N501,360,130,0.01,0.01277626757413166,0.014149175336932274,0.06826071311861713,1.6237767391887209e-06,4.999932878827547
N501,360,131,0.01,0.011314896125618201,0.014137670519483114,0.07256540792520434,1.6237767391887209e-06,5.052421535008131
N501,360,132,0.01,0.013117764083913547,0.014162501225890356,-0.004803566092603149,2.6366508987303555e-06,5.152366933556133
N501,360,133,6.158482110660254e-07,12.041330323834336,0.007305942975476265,0.0951994174219264,2.06913808111479e-06,5.031293355096429
N501,360,134,1e-06,8.947262025872964,0.0027988378676585546,0.1072554942901815,1.6237767391887209e-06,5.020768827390008
N501,360,135,0.00020691380811147902,0.44086576460647753,0.01595844047478634,-0.00911212492076404,0.01,5.123767271661544
N501,360,136,1e-06,8.950046435703626,0.009147437796998226,0.09434179131178282,3.359818286283781e-06,5.033076416239704
N501,360,137,2.06913808111479e-06,5.893114993833954,0.0037353396648773796,0.1029982980915364,2.06913808111479e-06,5.126088366763013
N501,360,138,0.01,0.012042239635547892,0.014162618546530892,-0.0023480295082299475,1.6237767391887209e-06,5.0463380293857565
N501,360,139,1e-06,8.934519178492591,0.02863409113765991,0.07836790344367459,0.00026366508987303556,5.019338019648012
N501,360,140,8.858667904100815e-06,2.6587413540293183,0.013065555203255697,0.052228332141290135,4.8329302385717524e-05,5.0807864162616925
N501,360,141,2.3357214690901212e-07,21.599575005229553,0.022424376868156903,0.08456260975578547,2.6366508987303555e-06,5.017503193582794
N501,360,142,0.01,0.012084930219070368,0.01413818660923749,0.04386458427337018,1.6237767391887209e-06,5.086245277179525
N501,360,143,0.004832930238571752,0.02633056815537109,0.014216745463011327,-0.01474524117237713,0.01,5.0469411546870235
N501,360,144,8.858667904100815e-08,37.45381381907705,0.05093436671668927,0.07673151724753056,3.359818286283781e-06,5.0285083109475375
N501,360,145,2.6366508987303555e-08,67.02855373615657,0.11561688718143315,0.027628560856594993,2.06913808111479e-06,5.059833185964178
N501,360,146,4.281332398719396e-08,53.5086918261595,0.11223035474325727,0.06225075174839846,2.6366508987303555e-06,5.062078575365388
N501,360,147,6.158482110660254e-07,12.042193351917417,0.013480716472712317,0.09325188587294866,2.6366508987303555e-06,5.037623635864679
N501,360,148,3.359818286283781e-06,4.467155836812671,0.00753660145516466,0.08460167448615788,2.6366508987303555e-06,5.118691504982524
N501,360,149,3.359818286283781e-06,4.420059276648145,0.005950021035588615,0.0937730176268345,2.06913808111479e-06,5.065532382423608
N501,360,150,6.158482110660254e-07,12.027550964410018,0.004030701621909216,0.10965861065420479,2.06913808111479e-06,5.009082646529387
N501,360,151,0.01,0.012980323667896022,0.014172998464980768,-0.04700425796234201,0.01,4.987520682282209
N501,360,152,2.976351441631313e-05,1.4493970542509644,0.011644779480975975,0.07246629088913889,1.6237767391887209e-06,5.092802306178428
N501,360,153,0.01,0.012785756341690786,0.014155691517733882,0.01221039835968906,1.6237767391887209e-06,5.074284637371668
N501,360,154,7.847599703514607e-07,10.336291735985196,0.031239558557399016,0.07337282246998765,0.0005455594781168515,4.993177828826371
N501,360,155,3.359818286283781e-06,4.4095462645578705,0.01165155162983933,0.058325544372830905,3.359818286283781e-06,5.056423825754362
N501,360,156,0.0003359818286283774,0.29369799740412983,0.013465826318714291,0.047766831819889194,1.6237767391887209e-06,5.024446955606772
N501,360,157,5.455594781168514e-06,3.464508897001629,0.010031942456263487,0.09491983988748567,1.1288378916846883e-05,5.150628969216583
N501,360,158,1e-06,9.165604197185164,0.005693688302276456,0.10029177172723591,2.06913808111479e-06,5.15873694530605
N501,360,159,4.832930238571752e-07,14.221115904074185,0.014237757712729282,0.09334130139245764,2.6366508987303555e-06,5.1161541907223915
N501,360,160,0.01,0.01389530669972944,0.014164006711446353,-0.004105693468566684,1.8329807108324338e-05,5.088790739288395
N501,360,161,0.01,0.012142931738107312,0.014164532202597613,-0.005723566094985358,1.2742749857031322e-06,5.080472557807223
N501,360,162,1.8329807108324338e-07,25.221935207398587,0.0292032113452525,0.07703712585000796,2.6366508987303555e-06,5.121465764614705
N501,360,163,5.455594781168514e-06,3.4188363213599775,0.0031681314188760634,0.10880428795454715,1.6237767391887209e-06,5.0762293634265285
N501,360,164,1.438449888287663e-07,28.67729080985079,0.05207393319424525,0.007914648322248278,0.0003359818286283774,5.077933697036279
N501,360,165,1.8329807108324338e-05,1.836223675569293,0.008801117427282956,0.07346687544255524,2.6366508987303555e-06,5.060283107470136
N501,360,166,2.06913808111479e-06,5.9681978993765545,0.005554086620800369,0.09848926656018053,3.359818286283781e-06,5.189560286649291
N501,360,167,6.158482110660254e-07,12.011288888861078,0.016052624773047253,0.08312210987682696,4.281332398719387e-06,5.022949007933972
N501,360,168,0.01,0.01389485326545497,0.014166338564834957,-0.007284548420000413,2.06913808111479e-06,5.115392604887243
N501,360,169,3.792690190732246e-07,16.38542012549371,0.012621295422138745,0.06911631940683563,1.6237767391887209e-06,5.092473842096346
N501,360,170,1.274274985703132e-08,89.40307416184736,0.18121830941829864,0.04381350504442251,3.359818286283781e-06,5.066928194080203
N501,360,171,0.01,0.011719931013569301,0.014158550041752815,0.002703853037252476,1.6237767391887209e-06,5.048098472166306
N501,360,172,4.8329302385717524e-05,1.1512875273502141,0.022392438642681034,0.021092635861466313,0.0006951927961775591,5.031254626504519
N501,360,173,1.6237767391887209e-06,6.702025143627764,0.004593225886019625,0.09998968651466437,1.6237767391887209e-06,5.0591364580532625
N501,360,174,4.281332398719387e-06,3.9174151749813944,0.01580784736999763,0.02051040033480237,0.01,5.125318255306711
N501,360,175,0.01,0.012426747025955306,0.01417324745001225,-0.023433519353072186,1.2742749857031322e-06,5.165935123211749
N501,360,176,6.951927961775606e-06,2.995592183662839,0.009003367056692468,0.078335853635755,2.06913808111479e-06,5.065001365866066
N501,360,177,2.06913808111479e-06,5.885775067989912,0.006288139544349813,0.08959355992760096,1.6237767391887209e-06,5.117741456162723
N501,360,178,0.01,0.011860159761689528,0.014166453784997257,-0.005694047997468008,2.06913808111479e-06,5.018153324014983
N501,360,179,0.01,0.014554218908504687,0.014181125654391113,-0.011487252205097977,2.6366508987303555e-06,5.079068069052608
N501,360,180,0.01,0.012389046016557638,0.014137939470001637,0.08593221142024833,2.06913808111479e-06,5.005662646773192
N501,360,181,2.06913808111479e-06,5.757325371294501,0.013338439912934041,0.03323691191282547,3.359818286283781e-06,4.999337518347499
N501,360,182,0.01,0.013101499518941299,0.014135830054032184,0.057204268331435194,1.6237767391887209e-06,5.095224939447887
N501,360,183,7.847599703514607e-07,10.496571776405062,0.008609104076627627,0.10568690537252735,2.6366508987303555e-06,5.095974727863385
N501,360,184,0.01,0.01213997512626223,0.014148667187184993,0.05120539745523261,2.06913808111479e-06,5.129331087453726
N501,360,185,0.01,0.01319895066244467,0.01417449975630225,-0.023653116243306047,1.6237767391887209e-06,5.1427802255214825
N501,360,186,1.43844988828766e-05,2.082681412128352,0.008661966862667292,0.08327155185487854,1.6237767391887209e-06,5.053696079569262
N501,360,187,1.6237767391887209e-06,6.849012514646184,0.003694897162646371,0.10614864082597708,2.6366508987303555e-06,5.167865255631119
N501,360,188,3.359818286283781e-06,4.423823944231088,0.007351567677240434,0.08451615384486205,2.06913808111479e-06,5.066657778854275
N501,360,189,4.8329302385717524e-05,1.1121114672249997,0.012090689582112457,0.04978470045084764,1.6237767391887209e-06,5.073508479146315
N501,360,190,0.00026366508987303556,0.3897396092153024,0.013076391698022438,0.03947243769261932,2.06913808111479e-06,5.100403612037963
N501,360,191,0.01,0.01277674610504421,0.014107689109060906,0.030209420377423166,2.06913808111479e-06,5.11198311742632
N501,360,192,1.6237767391887209e-06,6.712470913788906,0.0073687481718967,0.0839031741161109,2.06913808111479e-06,5.0607980163868325
N501,360,193,3.359818286283781e-06,4.393782564856943,0.00862954382164971,0.08123247778704608,6.951927961775606e-06,5.038549527356469
N501,360,194,8.858667904100815e-06,2.672782368492901,0.022528119085584164,0.030117676235304376,0.00042813323987193956,5.086922446349243
N501,360,195,0.0008858667904100832,0.12541414346184485,0.013740300323224264,0.023961187711059952,0.0003359818286283774,4.940366364040768
N501,360,196,4.832930238571752e-07,14.313953698987355,0.03188105123764151,0.05329387215583397,0.0005455594781168515,5.166580858892184
N501,360,197,4.281332398719387e-06,3.7994254769264026,0.017019988030197775,0.07100243872458398,0.00020691380811147902,4.979190427635693
N501,360,198,3.359818286283781e-06,4.343251888636538,0.008545997196051092,0.07966670266945126,2.06913808111479e-06,4.98124915619173
N501,360,199,0.01,0.01263258052063713,0.014124154407180622,0.024318521246681178,1e-06,5.102562415184976
N501,540,0,2.3357214690901213e-05,1.6428594953565834,0.010488833231332206,0.08190538166411486,1e-06,6.755682783825526
N501,540,1,4.281332398719387e-06,3.8603675297133826,0.005682811354384865,0.09251640168766682,1.6237767391887209e-06,6.75922621604174
N501,540,2,7.847599703514607e-07,10.693413870958508,0.007291529198132474,0.09949817445471751,1.6237767391887209e-06,6.863071628829788
N501,540,3,7.847599703514607e-07,10.69208580079289,0.010140288618897264,0.08818773081271446,5.455594781168514e-06,6.890941317903476
N501,540,4,1.1288378916846883e-05,2.3768035878421294,0.01121311158695848,0.059012732097536096,1.6237767391887209e-06,6.833948657511514
N501,540,5,0.01,0.013412943854202896,0.01413747784263708,0.07352443751523724,1.6237767391887209e-06,6.80211488355984
N501,540,6,0.01,0.012037801051344294,0.014136252109825609,0.035168925854809345,1e-06,6.779821331340706
N501,540,7,4.832930238571752e-07,14.316554508501104,0.0048340791391126015,0.10166166047232386,1.6237767391887209e-06,6.807003297267878
N501,540,8,0.01,0.012859835193949468,0.014161136674594621,-0.0006342089024167186,1.2742749857031322e-06,6.800300341082673
N501,540,9,2.976351441631313e-07,19.18940263784771,0.013370838770072835,0.07057087138861673,1.2742749857031322e-06,6.822746446848048
N501,540,10,2.6366508987303555e-06,5.036135918891562,0.006452806324381166,0.09389295731008529,2.06913808111479e-06,6.702021660212269
N501,540,11,2.6366508987303555e-06,5.092994517317313,0.007363492322343568,0.08621008875996675,2.6366508987303555e-06,6.761676199368958
N501,540,12,0.01,0.01206107728630642,0.014127187993915546,0.05519398394974798,1e-06,6.812146015721503
N501,540,13,6.951927961775606e-06,2.9327213287149174,0.00905164000776948,0.07390536835113865,1e-06,6.627346281574745
N501,540,14,1.8329807108324338e-07,25.37180999138806,0.01498823706995056,0.08880327107212607,1.6237767391887209e-06,6.747702939905107
N501,540,15,2.976351441631313e-05,1.4485692159554495,0.012875030258862719,0.0459551387302688,1.6237767391887209e-06,6.692994248031227
N501,540,16,7.847599703514607e-07,10.511957609744517,0.010428527831254364,0.07374788196903095,1.6237767391887209e-06,6.721578158755603
N501,540,17,1.1288378916846883e-07,33.29198552305193,0.04070356451106094,0.03978896234896787,2.06913808111479e-06,6.7043674177761226
N501,540,18,2.3357214690901212e-07,21.93707299349351,0.017994998870308088,0.06088381187937336,1.6237767391887209e-06,6.659946274471191
N501,540,19,1.8329807108324338e-07,25.5762557224349,0.019873827320444626,0.10068725233771551,2.6366508987303555e-06,6.827520388579834
N501,540,20,3.359818286283781e-06,4.379370321790218,0.0048537660483165546,0.10700800988917947,1.2742749857031322e-06,6.689552146954162
N501,540,21,2.6366508987303555e-06,5.137274943290932,0.00419642253528274,0.10754264480172669,1.6237767391887209e-06,6.8320829566292005
N501,540,22,6.158482110660255e-05,1.0012286784872082,0.013999912686632143,0.03165832230549647,0.00020691380811147902,6.8675646379352395
N501,540,23,0.01,0.01266304276686825,0.014161166622554955,-0.0011851093000235053,0.01,6.729794821445073
N501,540,24,0.01,0.012911648822030497,0.01418229440061336,-0.011287029320804024,1.2742749857031322e-06,6.74716769724514
N501,540,25,1.8329807108324338e-07,25.47472091771795,0.025588215448037577,0.060802304723172954,1.6237767391887209e-06,6.8008084772791495
N501,540,26,4.281332398719387e-06,3.865242170491826,0.011798715296872264,0.05685695850130697,2.06913808111479e-06,6.744650515561487
N501,540,27,6.951927961775606e-06,3.020725118296912,0.005287559640391626,0.09658358631032468,1.6237767391887209e-06,6.76190449003899
N501,540,28,2.6366508987303555e-06,5.125917602764618,0.005303697981304145,0.09608528799307933,2.06913808111479e-06,6.810406673562567
N501,540,29,0.01,0.011871723106115353,0.014152438264132705,0.07307480805163948,1.2742749857031322e-06,6.663512636567942
N501,540,30,6.951927961775605e-08,43.091972858996506,0.04553886575318877,0.05045434127525097,2.06913808111479e-06,6.699200574722427
N501,540,31,2.3357214690901212e-07,22.027012630783503,0.02582870565882045,0.050534529389043716,0.00042813323987193956,6.750845358177316
N501,540,32,0.01,0.011778197000497183,0.014159209238769788,0.019219299846656598,1.2742749857031322e-06,6.626915195450291
N501,540,33,3.792690190732246e-07,16.522791783772394,0.006318105559038445,0.10038216215117589,1.6237767391887209e-06,6.79393741386031
N501,540,34,2.976351441631313e-05,1.412136204612413,0.016233143488127544,0.04435277701213923,0.00026366508987303556,6.6601388289355565
N501,540,35,0.0003359818286283774,0.30514328992853523,0.013267465887099261,0.033134317358549034,1.6237767391887209e-06,6.688278413061032
N501,540,36,1e-06,9.191940065297679,0.0024957816280705147,0.1091401179720152,1.6237767391887209e-06,6.8490165870719375
N501,540,37,2.3357214690901212e-07,22.223228285109755,0.015199324566802286,0.10326322209629174,2.6366508987303555e-06,6.828778038901003
N501,540,38,4.281332398719387e-06,3.903280724200184,0.0025110485356510948,0.10868429641774643,2.6366508987303555e-06,6.802539707372498
N501,540,39,0.01,0.011402696492314927,0.014155077274833894,0.025282079283933983,7.847599703514607e-07,6.762305862995269
N501,540,40,4.8329302385717524e-05,1.149101173433142,0.009599532443995917,0.07146843225197884,4.281332398719387e-06,6.824578581812704
N501,540,41,2.6366508987303555e-06,5.092917362800138,0.0026329355366330187,0.10872479140961208,2.06913808111479e-06,6.762021841204894
N501,540,42,1.2742749857031322e-06,7.718913395297849,0.003620605805825683,0.10694475007085665,1.2742749857031322e-06,6.663125959565527
N501,540,43,0.01,0.012519339636570401,0.014137566666642787,0.07728247579547781,2.06913808111479e-06,6.804656325067116
N501,540,44,1e-06,9.065379839708159,0.0059331969113006755,0.0918450716631228,1.6237767391887209e-06,6.747299151082176
N501,540,45,0.01,0.012799916534289872,0.014140685196130987,0.07486353598622814,1.2742749857031322e-06,6.785475289621993
N501,540,46,2.06913808111479e-06,5.772263178090864,0.00971633616518941,0.06817254951991829,1.6237767391887209e-06,6.671313878215648
N501,540,47,0.01,0.013177406136832217,0.014149769978059279,0.058901073878679364,1e-06,6.819613535424854
N501,540,48,5.4555947811685146e-08,48.87728133808432,0.04756381636771634,0.05191267257534293,0.00042813323987193956,6.6845383203913835
N501,540,49,1.43844988828766e-05,2.0778181376545524,0.01275822386083758,0.052294543665297816,1.2742749857031322e-06,6.75626890593403
N501,540,50,3.3598182862837814e-08,61.37901784580583,0.06338875195618998,0.06511383622629317,2.06913808111479e-06,6.643861206763545
N501,540,51,6.158482110660254e-07,12.140272173224773,0.0105349205242673,0.06484277631338105,1.6237767391887209e-06,6.688149749477352
N501,540,52,1.2742749857031322e-06,7.853310706375147,0.005645711065722203,0.09398071411573035,2.06913808111479e-06,6.783847848400763
N501,540,53,2.06913808111479e-06,5.877636974380548,0.004621471062247973,0.10142118654355149,2.06913808111479e-06,6.788904091594893
N501,540,54,3.359818286283781e-06,4.457788164332064,0.002647964598421093,0.10798419605940288,2.06913808111479e-06,6.7915286559778085
N501,540,55,2.976351441631313e-05,1.464230506514085,0.014328975146653322,0.014474645639468701,1.6237767391887209e-06,6.783497994645519
N501,540,56,0.00020691380811147902,0.4252355957825077,0.013288131870032083,0.03337631456157817,1.2742749857031322e-06,6.707423089002095
N501,540,57,7.847599703514607e-07,10.544666235373342,0.006442638946772217,0.0982629638425817,1.6237767391887209e-06,6.768549192527505
N501,540,58,1.1288378916846883e-05,2.3795543183456385,0.00831724822948332,0.07667284399597386,1.6237767391887209e-06,6.824385632536097
N501,540,59,6.951927961775606e-06,2.9985522210821487,0.006182115836242064,0.09059175439572606,1.6237767391887209e-06,6.791147809515378
N501,540,60,2.06913808111479e-06,5.760412746794249,0.008052468924925171,0.08286596372925044,1e-06,6.6559067644474315
N501,540,61,0.01,0.011420309412242707,0.014155239349523674,0.057946005165297874,1e-06,6.728154692992774
N501,540,62,4.281332398719387e-06,3.9197080680637004,0.0025168449292588546,0.11196025341663939,2.06913808111479e-06,6.8060974754353545
N501,540,63,3.359818286283781e-06,4.454958366627725,0.0039335323027147595,0.10647204856753265,1.6237767391887209e-06,6.784907258157213
N501,540,64,7.847599703514607e-07,10.44860908576393,0.006823246150481688,0.09921836751101401,2.06913808111479e-06,6.685748313304115
N501,540,65,4.8329302385717524e-05,1.1357524100905618,0.011995264962214813,0.09787453769536841,2.06913808111479e-06,6.805908653242888
N501,540,66,1.8329807108324338e-07,25.37722996986924,0.023985037639598472,0.05145730769301653,2.06913808111479e-06,6.748510111837248
N501,540,67,2.976351441631313e-05,1.4595138935186827,0.010187465963701348,0.07147022686861272,2.06913808111479e-06,6.7780667824138465
N501,540,68,0.00042813323987193956,0.23723721626680386,0.013663875613793897,0.03185281441503451,1.6237767391887209e-06,6.776942673834302
N501,540,69,7.847599703514607e-07,10.483005290935283,0.0034550541619716713,0.10513021725278357,1.6237767391887209e-06,6.716648565847096
N501,540,70,0.01,0.012040347921488557,0.014142445402293702,0.03643016902784675,1.6237767391887209e-06,6.753644012070672
N501,540,71,0.01,0.012703668311746179,0.014096366000257321,0.02590748686040141,0.0003359818286283774,6.752832539610356
N501,540,72,0.01,0.013985161415171388,0.014151404301557702,0.024294997611285205,1.2742749857031322e-06,6.791817802622175
N501,540,73,3.792690190732246e-07,16.427068765566304,0.01427508616073303,0.0660553459908886,2.06913808111479e-06,6.748413401034748
N501,540,74,3.792690190732246e-07,16.41870672209027,0.025587506456842934,0.10402229324998569,5.455594781168514e-06,6.72884548046272
N501,540,75,2.06913808111479e-06,5.8608902378535825,0.009132955516479857,0.07153483473771938,2.6366508987303555e-06,6.766691046654161
N501,540,76,4.832930238571752e-07,14.088728441351819,0.010375028722595436,0.10105866244432199,2.6366508987303555e-06,6.694105994251855
N501,540,77,6.158482110660254e-07,12.229451174594702,0.009458435952929722,0.09441689835762165,2.6366508987303555e-06,6.766991595866046
N501,540,78,3.3598182862837814e-08,62.51030726933643,0.06306929726311639,0.07326396464918496,1.6237767391887209e-06,6.814086983196629
N501,540,79,0.00026366508987303556,0.38665133635623844,0.013127542510121049,0.032714677474335124,1.2742749857031322e-06,6.851478820668884
N501,540,80,1.43844988828766e-05,2.08935256930525,0.009555500743862688,0.07329286700251789,7.847599703514607e-07,6.712412931041992
N501,540,81,0.01,0.013221153632025228,0.014149156629162496,0.05124666904711134,1e-06,6.716388755122894
N501,540,82,3.3598182862837814e-08,61.67835618885032,0.06443494558844076,0.024688669438307047,2.06913808111479e-06,6.754086389901893
N501,540,83,0.01,0.012241474388728316,0.014140932088070657,0.06286195576786448,2.06913808111479e-06,6.825489385711002
N501,540,84,0.01,0.012906507072605839,0.01409683935597783,0.0316194206793127,2.6366508987303555e-06,6.820166627061114
N501,540,85,3.792690190732246e-05,1.2776340335147993,0.01339058290403039,0.03274584884366106,2.6366508987303555e-06,6.778499541710901
N501,540,86,6.158482110660254e-07,12.301517268869539,0.006526197969321745,0.09265091152104807,1.2742749857031322e-06,6.792638892423472
N501,540,87,3.792690190732246e-07,16.388365508488945,0.019418528766690812,0.09577610774611287,1.8329807108324338e-05,6.717342678021708
N501,540,88,5.4555947811685146e-08,49.17068996194789,0.04604597420214929,0.06893898965466891,2.06913808111479e-06,6.787297940102439
N501,540,89,0.01,0.012554734835256218,0.014120852588313082,0.04407093743143269,1.6237767391887209e-06,6.724730688185466
N501,540,90,1.438449888287663e-07,29.30297017825682,0.01723121242774761,0.08319932920457088,1.6237767391887209e-06,6.75249464759215
N501,540,91,2.06913808111479e-06,5.833482894876548,0.008018822701733708,0.09016295421636566,3.359818286283781e-06,6.740722898808523
N501,540,92,0.0001,0.7386558395471614,0.012316443813241262,0.07798232717950442,1.2742749857031322e-06,6.738442946514342
N501,540,93,0.01,0.012571780308199432,0.01410983030292512,0.04190106398365603,2.06913808111479e-06,6.7371821236035405
N501,540,94,1.1288378916846883e-05,2.389686204204685,0.007908790905508223,0.08685130390745831,1.6237767391887209e-06,6.8023359986032315
N501,540,95,1.2742749857031322e-06,7.750875633377747,0.009087012397913208,0.08862814544745869,2.6366508987303555e-06,6.697786132552304
N501,540,96,4.832930238571752e-07,14.07285696554939,0.012091387931314479,0.08036466068815658,1.2742749857031322e-06,6.672544075450398
N501,540,97,3.792690190732246e-07,16.602383795931512,0.008751975044516302,0.09789391885702627,2.06913808111479e-06,6.812371066331832
N501,540,98,5.455594781168514e-06,3.4079869429720784,0.005008237380908609,0.09753897415091749,1.6237767391887209e-06,6.751085584427502
N501,540,99,1.1288378916846883e-07,33.67426691167412,0.030804616841458632,0.07988305540631023,2.06913808111479e-06,6.748245313218377
N501,540,100,5.455594781168514e-06,3.40383308303684,0.010013726309788473,0.06501288309017829,7.847599703514607e-07,6.764254247246527
N501,540,101,1e-06,9.111783714975747,0.005463708153874092,0.09588292340171058,1.2742749857031322e-06,6.792289589158658
N501,540,102,2.3357214690901213e-05,1.6365497963978621,0.01198335359476621,0.04720448604723168,1.6237767391887209e-06,6.740024868551913
N501,540,103,2.3357214690901212e-07,21.94957923502018,0.012661417348631465,0.08066520628473774,1.2742749857031322e-06,6.717644790065474
N501,540,104,7.847599703514607e-07,10.510112957407745,0.0021030966439422594,0.1105852202247193,1.2742749857031322e-06,6.746920475530751
N501,540,105,3.359818286283781e-06,4.446998021518969,0.007137231310559877,0.08462027683764102,1.2742749857031322e-06,6.7681881129831085
N501,540,106,7.847599703514606e-05,0.8729636124877905,0.013954918406122396,0.022444551323988152,2.06913808111479e-06,6.817020324183342
N501,540,107,1.8329807108324338e-07,25.39831897989459,0.020273595864524374,0.08821312624963218,2.06913808111479e-06,6.755695537310336
N501,540,108,1e-06,8.975423831308408,0.004168795274761883,0.10300040355383015,1.6237767391887209e-06,6.683013810026893
N501,540,109,1.2742749857031322e-06,7.890652743224309,0.008811810010604049,0.07461352102637808,2.06913808111479e-06,6.818355857933468
N501,540,110,0.01,0.012350063879872523,0.014148012448807146,0.0333958894269739,1.2742749857031322e-06,6.67431392818204
N501,540,111,0.01,0.012727861815930653,0.014142732208160536,0.07291911485425852,1.6237767391887209e-06,6.706602938466299
N501,540,112,1.438449888287663e-07,29.454436985000203,0.025618560553443137,0.027415326432567808,1.6237767391887209e-06,6.870802675141918
N501,540,113,5.4555947811685146e-08,49.219144039173806,0.056332193863757096,0.061648351768563855,1.6237767391887209e-06,6.790064799365544
N501,540,114,1.8329807108324338e-05,1.8100688919018477,0.007380223561072374,0.106857088150331,2.06913808111479e-06,6.694787623500846
N501,540,115,2.3357214690901212e-07,21.98383416489324,0.017461172970752337,0.08104918584637413,2.06913808111479e-06,6.707723334773327
N501,540,116,4.281332398719387e-06,3.8782134735854585,0.0066404704272643444,0.10956284274747899,1.2742749857031322e-06,6.760320210835748
N501,540,117,5.455594781168514e-06,3.3257676124916813,0.002649869714121289,0.11372526987588438,2.06913808111479e-06,6.62784054542537
N501,540,118,1.8329807108324338e-05,1.839341016326233,0.00954161410680765,0.10388669386892728,1.2742749857031322e-06,6.6979910080285885
N501,540,119,2.3357214690901213e-05,1.6327637611725563,0.009896074473042527,0.072574637374894,2.06913808111479e-06,6.751622023542782
N501,540,120,4.281332398719396e-08,55.07705889437819,0.0560368037511243,0.0642183118633157,1.6237767391887209e-06,6.7804689878370485
N501,540,121,7.847599703514606e-05,0.837326989928028,0.012565363470403823,0.04173232527509311,2.06913808111479e-06,6.696806237989087
N501,540,122,6.158482110660254e-07,12.240714067102829,0.024684079448482388,0.023369503469840326,0.0003359818286283774,6.756506172755634
N501,540,123,1.2742749857031322e-06,7.67399442910129,0.011975076675133423,0.08518073881424308,2.6366508987303555e-06,6.616442004860585
N501,540,124,0.01,0.013333814026478916,0.014145104612815929,0.01878187238636969,0.00016237767391887175,6.756928525517334
N501,540,125,1.1288378916846883e-05,2.380123505869738,0.009421306667990348,0.0726785563086482,1.6237767391887209e-06,6.83440915970764
N501,540,126,1.6237767391887209e-06,6.764816019222242,0.004509351223048297,0.09914496777563507,1.2742749857031322e-06,6.764816019222242
N501,540,127,4.8329302385717524e-05,1.1158979404024438,0.012573185380553076,0.04102486695248604,7.847599703514607e-07,6.772729199491962
N501,540,128,6.158482110660255e-05,0.9861915015714536,0.012571784199975511,0.03989603496121121,1.2742749857031322e-06,6.737572753277207
N501,540,129,1.1288378916846883e-07,33.6326202118445,0.026991351853522305,0.05989245236916028,1.2742749857031322e-06,6.83879129631492
N501,540,130,3.792690190732246e-07,16.32672428355596,0.014121985761783917,0.08597148724048152,2.06913808111479e-06,6.657419365428047
N501,540,131,0.01,0.011531943436083807,0.014139405331840882,0.0898596167338771,1.2742749857031322e-06,6.73008768522719
N501,540,132,5.455594781168514e-06,3.4365663850403623,0.00665113263452477,0.10533373985955527,2.06913808111479e-06,6.814619432697669
N501,540,133,1e-06,9.047357277982936,0.00218019910371281,0.11064252709294772,1.2742749857031322e-06,6.745206617711105
N501,540,134,6.951927961775605e-08,43.12041464731139,0.05929689561210849,0.05481599802450268,2.06913808111479e-06,6.761364898657504
N501,540,135,4.832930238571752e-07,14.294702475183257,0.01720178361794744,0.062481753025621284,0.01,6.830137971698458
N501,540,136,2.6366508987303555e-06,5.052993949551879,0.0009436149559295393,0.11667169373469093,2.06913808111479e-06,6.717235540992017
N501,540,137,2.06913808111479e-06,5.824365790633037,0.004906211779999059,0.09778171929086682,1.6237767391887209e-06,6.726133637370525
N501,540,138,7.847599703514607e-07,10.499875672195566,0.0021613833077944733,0.11103172852125731,1.2742749857031322e-06,6.736645780881268
N501,540,139,0.01,0.011565141598715462,0.014103937881137063,0.03474847549887181,2.06913808111479e-06,6.6707181164947915
N501,540,140,2.976351441631313e-05,1.4763687528250213,0.01597355436075687,0.03749128903023227,0.0003359818286283774,6.80361563031647
N501,540,141,0.0001,0.7262150457039136,0.01276090274075048,0.0383179154439394,1.6237767391887209e-06,6.734530804626905
N501,540,142,7.847599703514607e-07,10.582443661895846,0.00555843001819345,0.09377868980760432,1.6237767391887209e-06,6.790537095429007
N501,540,143,2.06913808111479e-06,5.8199698326772396,0.008812543215121815,0.0742494631059937,1.2742749857031322e-06,6.7251962773147715
N501,540,144,6.158482110660254e-07,12.160786148871361,0.011942454615598841,0.10824234512061334,3.359818286283781e-06,6.696873534475599
N501,540,145,7.847599703514607e-07,10.533996762546007,0.0029215001175826316,0.11097420481497605,2.06913808111479e-06,6.764234165499594
N501,540,146,3.359818286283781e-06,4.416957906534625,0.002528053726827073,0.11200366340711147,2.06913808111479e-06,6.743528785991412
N501,540,147,3.359818286283781e-06,4.409036159349331,0.004031194777376901,0.10127518882559278,2.6366508987303555e-06,6.702276287248936
N501,540,148,1.8329807108324338e-05,1.8555987555523736,0.008722934413708971,0.07672850019593101,1.2742749857031322e-06,6.768183957369303
N501,540,149,5.455594781168514e-06,3.388086253706098,0.00718599209646853,0.08648924042482667,2.06913808111479e-06,6.720813480184644
N501,540,150,4.281332398719387e-06,3.878270288762442,0.004976302075706318,0.09723998786391293,1.2742749857031322e-06,6.766128942088167
N501,540,151,0.01,0.012775161681844012,0.014158423492094063,0.04064740811399861,1e-06,6.6885647986821555
N501,540,152,5.455594781168514e-06,3.4060746723673065,0.012163709998183947,0.054330469598636195,2.6366508987303555e-06,6.770223802778589
N501,540,153,6.158482110660254e-07,12.326651306330982,0.006559563062301432,0.08926423813602255,1.6237767391887209e-06,6.815670815447207
N501,540,154,0.00020691380811147902,0.45623536966651856,0.014115708152872886,0.028653537113665622,0.0005455594781168515,6.72349326813329
N501,540,155,6.158482110660254e-07,12.271445233772106,0.010919234963263413,0.08865120677911843,2.06913808111479e-06,6.766813359143986
N501,540,156,1.6237767391887209e-06,6.698455108529462,0.004062793561747213,0.1016385510968721,1.2742749857031322e-06,6.698455108529462
N501,540,157,4.281332398719387e-06,3.9416729631099887,0.011700767577051074,0.09128440221205011,1.8329807108324338e-05,6.856755668443813
N501,540,158,7.847599703514607e-07,10.722868028281908,0.011117965563590793,0.07741109336952766,2.6366508987303555e-06,6.886906752543283
N501,540,159,0.01,0.012867855883073945,0.014160785101289375,0.0002011197189940768,2.06913808111479e-06,6.806219125577187
N501,540,160,1.1288378916846883e-07,33.42606796334609,0.036680648071964805,0.019256598732608148,0.01,6.741296699675652
N501,540,161,2.976351441631313e-07,18.995973803502093,0.012995538213701252,0.07667834010247185,1.2742749857031322e-06,6.757902842275724
N501,540,162,1.2742749857031322e-06,7.822659253983121,0.0064306363864068405,0.10587998087141524,3.359818286283781e-06,6.761977834687502
N501,540,163,1.2742749857031322e-06,7.799941396607987,0.0012691525358532463,0.11428452438511538,1.2742749857031322e-06,6.741095822962738
N501,540,164,0.00016237767391887175,0.5221703662148159,0.013313146341432658,0.02977871721129225,0.00020691380811147902,6.774408391148535
N501,540,165,2.06913808111479e-06,5.819536140201242,0.0049500148517527265,0.10693037449238062,2.6366508987303555e-06,6.722908036328335
N501,540,166,4.281332398719387e-06,3.9419375443074243,0.0061546221079163965,0.0904628068325576,2.06913808111479e-06,6.8594968485834835
N501,540,167,3.792690190732246e-07,16.269994603664692,0.020278651610296405,0.08355250689088876,1.1288378916846883e-05,6.664627967337952
N501,540,168,6.951927961775606e-06,3.019560783060803,0.009267722996494476,0.07912224229161315,1.6237767391887209e-06,6.8064767562838355
N501,540,169,1e-06,9.17885247965225,0.005092338998941903,0.09853647577135753,1.6237767391887209e-06,6.8350048571103725
N501,540,170,0.01,0.011920476715628448,0.014134864745275366,0.050862032577454155,2.06913808111479e-06,6.7229082508659905
N501,540,171,3.359818286283781e-06,4.410903564420991,0.006341770058580498,0.08978445926621238,1e-06,6.719479398825383
N501,540,172,0.01,0.013117378235594699,0.014116623575560316,0.02093896521555882,0.00042813323987193956,6.718513006798666
N501,540,173,1.1288378916846883e-07,33.23423881788396,0.027039381145209873,0.08476961668931421,1.6237767391887209e-06,6.73056580892477
N501,540,174,0.01,0.013253216224087361,0.014154891094736666,0.028203262323452504,1.2742749857031322e-06,6.787981099959854
N501,540,175,0.01,0.011859904536609282,0.014148602864072712,0.018836121493517224,1.2742749857031322e-06,6.827207578382492
N501,540,176,1.1288378916846883e-07,33.41252126240209,0.03814386504606859,0.08154629299811157,2.6366508987303555e-06,6.718045770975202
N501,540,177,2.6366508987303555e-06,5.111199275887048,0.0044358536893593925,0.10220094582349915,1.2742749857031322e-06,6.790418915151372
N501,540,178,0.01,0.011989257907205241,0.014169509854444318,-0.011927248567700265,1.6237767391887209e-06,6.737187151802333
N501,540,179,3.792690190732246e-07,16.614434655080924,0.012824104521389268,0.08492380220497196,2.06913808111479e-06,6.817230558643467
N501,540,180,1.2742749857031322e-06,7.716695205028456,0.003961196497908492,0.103649701502321,1.6237767391887209e-06,6.661940813281062
N501,540,181,3.792690190732246e-07,16.42573799012743,0.014323752907960952,0.06689789015054375,2.06913808111479e-06,6.752552235870521
N501,540,182,2.3357214690901212e-07,22.140723146486394,0.009926968837497219,0.09425240585207083,1.2742749857031322e-06,6.814497806398643
N501,540,183,3.359818286283781e-06,4.45517495280556,0.009942159947822882,0.0788937492066295,2.06913808111479e-06,6.782873469180872
N501,540,184,1.43844988828766e-05,2.1006753982736197,0.009123061711653335,0.08510556675560477,1.2742749857031322e-06,6.858357889039278
N501,540,185,0.01,0.012581651055169932,0.014153742528117408,0.04328132380828971,1.2742749857031322e-06,6.799112244735076
N501,540,186,7.847599703514607e-07,10.500734904235813,0.00700199245079125,0.09179070417269959,1.6237767391887209e-06,6.729544745489454
N501,540,187,6.951927961775606e-06,3.03701585964923,0.006721911027132155,0.08662838803731594,1.6237767391887209e-06,6.836151722353961
N501,540,188,0.01,0.012626609911742488,0.014125420916855647,0.02966370058232149,1.6237767391887209e-06,6.745569465701296
N501,540,189,2.06913808111479e-06,5.8746088174221525,0.005361629669748513,0.09584494249292946,1.6237767391887209e-06,6.78180868862671
N501,540,190,8.858667904100815e-08,38.285530236732335,0.032315170785171654,0.06523889440734561,1.6237767391887209e-06,6.7740679851616274
N501,540,191,0.01,0.012838038872014387,0.014124494749979566,0.0326767981841029,1.2742749857031322e-06,6.770443219297708
N501,540,192,1.6237767391887209e-06,6.731350059411828,0.004195399213396622,0.10059337520035629,1.6237767391887209e-06,6.731350059411828
N501,540,193,2.976351441631313e-07,18.986077174123082,0.010834634898261086,0.09610750544456392,1.6237767391887209e-06,6.689011382940792
N501,540,194,0.01,0.012452960566447617,0.01412275515041106,0.025056552308788706,0.00016237767391887175,6.774811722169691
N501,540,195,1.2742749857031322e-06,7.68585055183807,0.011333801091009787,0.07954872682261004,1.2742749857031322e-06,6.63372452064049
N501,540,196,4.832930238571752e-07,14.460645102959111,0.020333626140302652,0.07130869563231859,3.359818286283781e-06,6.891555475985172
N501,540,197,5.455594781168514e-06,3.3318973792740394,0.020702516923615022,0.05753617997060354,0.00026366508987303556,6.629509153300481
N501,540,198,0.01,0.012337965185142716,0.014136634467468046,0.07363891455817156,1.6237767391887209e-06,6.724468915932836
N501,540,199,0.01,0.012118476919327178,0.014145176517437519,0.03209196660950835,7.847599703514607e-07,6.74578187118123
N501,720,0,4.281332398719396e-08,56.3563969201205,0.03520978860096946,0.05604864954807551,1.2742749857031322e-06,6.787644841994306
N501,720,1,1.8329807108324338e-07,25.566986072678773,0.01281615379049017,0.09964836289353324,1.6237767391887209e-06,6.773159339503089
N501,720,2,6.158482110660254e-07,12.42486405625255,0.009120982300122593,0.10181695304129575,2.06913808111479e-06,6.858857888423203
N501,720,3,1.2742749857031322e-06,7.936506672783797,0.006963457780176707,0.09161078011185847,1.6237767391887209e-06,6.861501651172726
N501,720,4,3.359818286283781e-06,4.471348446018452,0.0061099078933866124,0.09014490168383572,1e-06,6.822678618926959
N501,720,5,4.281332398719387e-06,3.903835247973863,0.004657208370375088,0.10347091332298833,1e-06,6.790082383079857
N501,720,6,7.847599703514607e-07,10.588841156670275,0.004628251136593264,0.098158341379507,1e-06,6.781698710719274
N501,720,7,1.2742749857031322e-06,7.88138518380946,0.001855545214052623,0.11184681006723801,1.6237767391887209e-06,6.807849440335288
N501,720,8,7.847599703514607e-07,10.598432614373891,0.004029388355651808,0.10254883897750842,1e-06,6.801521814796015
N501,720,9,4.832930238571752e-07,14.373677451034407,0.005930325104580136,0.09790620950949487,1.2742749857031322e-06,6.835085166479131
N501,720,10,1.8329807108324338e-07,25.417901298677393,0.009669511042196488,0.09992122194422541,1.6237767391887209e-06,6.672815232704614
N501,720,11,1e-06,9.100867950689187,0.006901712642840674,0.10032765538764095,2.6366508987303555e-06,6.779399844922899
N501,720,12,7.847599703514607e-07,10.609575710947935,0.0024602110448516123,0.11486941836423092,1.6237767391887209e-06,6.800653561209467
N501,720,13,1.1288378916846883e-05,2.3137800898122234,0.011270668767551117,0.06045566117161097,1e-06,6.69402040356227
N501,720,14,4.832930238571752e-07,14.346328910533268,0.006767841341340897,0.10590189538320019,2.06913808111479e-06,6.798746229029935
N501,720,15,7.847599703514607e-07,10.48652706791664,0.006628672582374873,0.09883804911577589,1.6237767391887209e-06,6.7141711799384005
N501,720,16,1.2742749857031322e-06,7.806803505682981,0.006352500837424335,0.0916972447812862,1.2742749857031322e-06,6.735069095354889
N501,720,17,1.6237767391887209e-06,6.744955668428905,0.006497522345493056,0.08851468217542302,1.6237767391887209e-06,6.744955668428905
N501,720,18,6.158482110660254e-07,12.149850029777783,0.008454768529683965,0.07871117206252343,1.6237767391887209e-06,6.666544488616671
N501,720,19,3.359818286283781e-06,4.464888766553471,0.001808796306109417,0.11271694765514212,1.6237767391887209e-06,6.817884819644974
N501,720,20,4.281332398719387e-06,3.8421351319611605,0.00717569147905428,0.08667592548680979,1.2742749857031322e-06,6.718336114279687
N501,720,21,8.858667904100815e-08,38.764845169560154,0.027963179554542972,0.053794953875965966,1.2742749857031322e-06,6.850304550066291
N501,720,22,1e-06,9.23043203636021,0.018737897279802906,0.044664247963277906,0.00020691380811147902,6.8709139977076035
N501,720,23,0.01,0.013027164305112356,0.014156856799929729,0.04872635389905404,2.06913808111479e-06,6.786559082719233
N501,720,24,4.281332398719396e-08,56.248484125407664,0.048530693158223226,0.05856555472640562,1.6237767391887209e-06,6.798338566750365
N501,720,25,0.01,0.012644974727731465,0.014151902384338277,0.04093572361394996,1.6237767391887209e-06,6.794697380785798
N501,720,26,2.976351441631313e-07,19.176966900698943,0.02271260654595153,0.05239217599267629,2.6366508987303555e-06,6.767016791584559
N501,720,27,7.847599703514607e-07,10.531286662295242,0.0030560713253507954,0.11148399684780266,1.6237767391887209e-06,6.732619481634632
N501,720,28,1.2742749857031322e-06,7.91269680039247,0.00707307008511715,0.09919157088622653,2.6366508987303555e-06,6.831696737900008
N501,720,29,0.01,0.012018556625778073,0.014139001508424842,0.035666106948977386,1.2742749857031322e-06,6.677157446473556
N501,720,30,7.847599703514607e-07,10.508075823017357,0.006416279069445752,0.09220747272344348,2.06913808111479e-06,6.7190908166837495
N501,720,31,0.01,0.012978104586271189,0.014123406110659431,0.02618130952748982,1e-06,6.747357141997061
N501,720,32,4.281332398719387e-06,3.839895944495222,0.010890392052812392,0.0597505834090504,1e-06,6.704989635283235
N501,720,33,2.976351441631313e-05,1.447016572054849,0.010345810698556224,0.09173258779204119,1e-06,6.788082646116177
N501,720,34,4.832930238571752e-07,14.162276395028949,0.013465741407516663,0.09913798750858457,2.06913808111479e-06,6.696805979145827
N501,720,35,0.0001274274985703132,0.6364071659305482,0.0130745784530375,0.03297897539366688,1e-06,6.735094642747361
N501,720,36,3.359818286283781e-06,4.474513592179134,0.0023158492140412656,0.11561537474577434,1.2742749857031322e-06,6.8308652427557615
N501,720,37,2.3357214690901212e-07,22.44218182997178,0.013126328496460893,0.10182479676727492,2.06913808111479e-06,6.869827231669663
N501,720,38,3.359818286283781e-06,4.46868417309111,0.0015414018956191322,0.11573620539930365,1.6237767391887209e-06,6.821238638297362
N501,720,39,3.792690190732246e-07,16.592804652887885,0.006205397352775366,0.0939059599205762,1.2742749857031322e-06,6.797577936406378
N501,720,40,0.01,0.013342182425369248,0.014135512828111763,0.07179747937122409,1.6237767391887209e-06,6.818822874817899
N501,720,41,1.43844988828766e-05,2.1070769026767207,0.010103331627076884,0.07225392655845887,1.6237767391887209e-06,6.746904944839135
N501,720,42,2.6366508987303555e-06,4.999678432690799,0.005255400800732057,0.09694451206700595,1e-06,6.652517432395362
N501,720,43,3.792690190732246e-07,16.675667041467026,0.009722248234977693,0.09223461595620454,1.6237767391887209e-06,6.829481713428929
N501,720,44,2.3357214690901213e-05,1.6379007071252811,0.01065123429327175,0.06159619308047668,1e-06,6.7135799740401465
N501,720,45,4.281332398719387e-06,3.9067683767832357,0.005970537449502489,0.09173747146968579,1.2742749857031322e-06,6.8107428476536
N501,720,46,0.01,0.012283733825282781,0.01415713678302144,0.022911752620310682,1e-06,6.727868278280125
N501,720,47,8.858667904100815e-06,2.672499038375719,0.008886864503059089,0.08653415084220821,7.847599703514607e-07,6.822388533457897
N501,720,48,0.01,0.012196855051060452,0.014133557975719246,0.025803613907617064,1.2742749857031322e-06,6.711230704156655
N501,720,49,2.3357214690901212e-07,22.302839193364253,0.01382243206492273,0.07005104176905702,1.6237767391887209e-06,6.79708217057141
N501,720,50,1.6237767391887209e-06,6.713752993824139,0.0010709632651757506,0.11579768676830197,1.6237767391887209e-06,6.713752993824139
N501,720,51,2.976351441631313e-07,19.167447042795082,0.013953879175011785,0.0714888534698439,1.6237767391887209e-06,6.7378215940537425
N501,720,52,1.2742749857031322e-06,7.8796387200272635,0.0058009634057004655,0.0932597559184082,1.6237767391887209e-06,6.802317642060069
N501,720,53,0.01,0.012454574334099515,0.014151853521821467,0.024978978898414328,1.6237767391887209e-06,6.819067453613358
N501,720,54,2.06913808111479e-06,5.897985822038997,0.0019602214588740896,0.11120363818493913,1.6237767391887209e-06,6.811696826189792
N501,720,55,0.01,0.013066046645810674,0.014152474662397552,0.03437723439848204,1.2742749857031322e-06,6.787243908212105
N501,720,56,0.01,0.011703687357437004,0.014136743860395873,0.0339206054934807,1e-06,6.706380000312066
N501,720,57,8.858667904100815e-06,2.6812908876490376,0.008370197673801538,0.0763201005727393,1.2742749857031322e-06,6.803133675044897
N501,720,58,0.01,0.01297325006996973,0.014139228312757712,0.07172491300243045,1e-06,6.841423966885883
N501,720,59,1e-06,9.154433669071585,0.005801388962112131,0.09823233858178329,1.6237767391887209e-06,6.800607442869017
N501,720,60,3.359818286283781e-06,4.384566529718206,0.009441200034692177,0.06980485022647626,6.158482110660254e-07,6.698870033164663
N501,720,61,6.951927961775606e-06,2.9903585684866707,0.008594439139276489,0.10919959595272873,1e-06,6.739933710693941
N501,720,62,1.6237767391887209e-06,6.794490519433799,0.0014245953073992457,0.11358084289821851,2.06913808111479e-06,6.794490519433799
N501,720,63,7.847599703514607e-07,10.619045101513661,0.0029098973822520025,0.10710690049937892,1.2742749857031322e-06,6.803148574449166
N501,720,64,1.2742749857031322e-06,7.774473631711718,0.0078923371383397,0.08435616463317577,2.6366508987303555e-06,6.710070287116484
N501,720,65,0.00026366508987303556,0.3727705710809286,0.013626579010839746,0.0536301753896456,1.2742749857031322e-06,6.815467117994327
N501,720,66,1e-06,9.110251023454495,0.005757398117907653,0.0920972579983933,1.6237767391887209e-06,6.778382467681916
N501,720,67,6.158482110660255e-05,0.978712968804934,0.011773843007580997,0.06541651434620689,1.2742749857031322e-06,6.778753264242278
N501,720,68,2.976351441631313e-05,1.425221560127361,0.012264682029962115,0.043612248975992765,1.6237767391887209e-06,6.7945564932727684
N501,720,69,1.2742749857031322e-06,7.7931863383817745,0.0013395103757825044,0.11418707044278283,1.2742749857031322e-06,6.726348746038729
N501,720,70,1.6237767391887209e-06,6.770733244607714,0.00866115245380128,0.07485896441734931,1.6237767391887209e-06,6.770733244607714
N501,720,71,0.01,0.012680655209545637,0.014113183008423458,0.02731255329417002,1.6237767391887209e-06,6.715926041256813
N501,720,72,3.792690190732246e-07,16.603957396777922,0.0049238447573967115,0.10520174529684899,1.6237767391887209e-06,6.778192322041667
N501,720,73,2.6366508987303555e-06,5.064855229123287,0.005551230712374733,0.09881226389490953,2.06913808111479e-06,6.747229560620618
N501,720,74,5.455594781168514e-06,3.383581679857529,0.0036212279255952717,0.1036104903986562,4.281332398719387e-06,6.733636687837736
N501,720,75,1.8329807108324338e-05,1.8719767674896133,0.012717840173249062,0.0381046139730571,1.6237767391887209e-06,6.806470753995387
N501,720,76,6.158482110660254e-07,12.137458249596275,0.007484512787583997,0.10422015025042732,2.6366508987303555e-06,6.671204597720164
N501,720,77,6.951927961775606e-06,3.001595054923464,0.005741787131628429,0.09837000974596817,1.6237767391887209e-06,6.764911902142597
N501,720,78,8.858667904100815e-08,38.86576898605981,0.03185939469716681,0.08837077841365511,2.06913808111479e-06,6.804852324143247
N501,720,79,0.01,0.013042043373200972,0.014116772731871174,0.03065819293833405,1e-06,6.846541351019683
N501,720,80,1e-06,9.075216210375732,0.003837301375477109,0.10229667876630427,7.847599703514607e-07,6.7447036054713685
N501,720,81,2.3357214690901212e-07,22.231004558208355,0.01104577747641633,0.0762340026300743,1.2742749857031322e-06,6.753965547728586
N501,720,82,1.8329807108324338e-07,25.578268444823824,0.016790144490853587,0.05854602310709435,1.6237767391887209e-06,6.805029015863186
N501,720,83,1.2742749857031322e-06,7.894028335087412,0.005813446428313163,0.09210312866014658,1.6237767391887209e-06,6.8194491161553765
N501,720,84,0.01,0.012714515161498526,0.014110018267811109,0.03648356099345834,2.06913808111479e-06,6.825448196057982
N501,720,85,0.01,0.01281748876972719,0.014133992237330695,0.0492033999991918,1.6237767391887209e-06,6.810467113896779
N501,720,86,2.3357214690901212e-07,22.3388030080009,0.01013366226485457,0.09292503812741776,1.6237767391887209e-06,6.843897209913181
N501,720,87,0.01,0.011990628291453042,0.014131893116991923,0.07131028214951043,1.2742749857031322e-06,6.680384344399765
N501,720,88,2.6366508987303555e-06,5.094310243692372,0.0020118698694765458,0.11445537714595495,1.6237767391887209e-06,6.789412118431832
N501,720,89,0.01,0.01260031686160423,0.014133509828307522,0.059217226680563284,1.2742749857031322e-06,6.741930705758812
N501,720,90,1.6237767391887209e-06,6.8370295290138134,0.0013521931545777965,0.11500119765779142,1.2742749857031322e-06,6.8370295290138134
N501,720,91,6.158482110660254e-07,12.29269571958095,0.00651493233516065,0.10350726960457919,2.06913808111479e-06,6.753896509678994
N501,720,92,5.455594781168514e-06,3.4004366922081473,0.005240547781658056,0.09933180416870004,1e-06,6.757845131329347
N501,720,93,0.01,0.012362266500937353,0.014124202093894644,0.0460621155875384,1.2742749857031322e-06,6.718893591269865
N501,720,94,4.832930238571752e-07,14.357782630719997,0.008255307033404824,0.0923176211454684,1.6237767391887209e-06,6.813161344242159
N501,720,95,1.2742749857031322e-06,7.8244394991918504,0.007449312171463052,0.09976403519225803,2.6366508987303555e-06,6.757472145187106
N501,720,96,1.2742749857031322e-06,7.744896272709499,0.007278279266200949,0.08888176256548576,1e-06,6.680448726641671
N501,720,97,6.158482110660254e-07,12.355163568862388,0.005143319983999417,0.10048434597443591,2.06913808111479e-06,6.817024423174762
N501,720,98,4.832930238571752e-07,14.261303559374399,0.00536136836006218,0.11376084526660607,2.06913808111479e-06,6.7622279839776835
N501,720,99,0.01,0.012927086376804009,0.014165280623624765,-0.0052171913971431555,1.6237767391887209e-06,6.7511202165705
N501,720,100,5.4555947811685146e-08,49.7260288196471,0.02774826451304868,0.052059022482989215,7.847599703514607e-07,6.778417246239221
N501,720,101,6.951927961775605e-08,43.911238524754495,0.025134143259483155,0.07536307044625172,1.2742749857031322e-06,6.799938104695121
N501,720,102,1.6237767391887209e-06,6.799104334945568,0.0064463401003604925,0.08824140092344947,1.2742749857031322e-06,6.799104334945568
N501,720,103,4.832930238571752e-07,14.3151855604127,0.007785246156378323,0.08811142736386259,1.6237767391887209e-06,6.787837473904571
N501,720,104,7.847599703514607e-07,10.601254951499731,0.002003593798758363,0.11100752993358798,1.2742749857031322e-06,6.799493125318828
N501,720,105,0.01,0.012135542459968871,0.014128454083184416,0.037149897230656724,1.2742749857031322e-06,6.76919461580484
N501,720,106,6.158482110660254e-07,12.400245001941656,0.012730548560470623,0.07443479206992563,2.06913808111479e-06,6.835160595215298
N501,720,107,0.00016237767391887175,0.5276365887107337,0.01309232077690392,0.034880226067733965,1.6237767391887209e-06,6.776811091389122
N501,720,108,6.951927961775606e-06,2.9730108742089163,0.005992564953811841,0.10082882185861076,1.2742749857031322e-06,6.702869840620376
N501,720,109,1.2742749857031322e-06,7.900577967100056,0.005576658281309488,0.0941212734060423,1.6237767391887209e-06,6.823564496774301
N501,720,110,1.2742749857031322e-06,7.821431146371651,0.003420596390656505,0.10699802346269802,1e-06,6.753450061112999
N501,720,111,8.858667904100815e-08,38.460043743947026,0.019462616551134904,0.08545191839836377,1.2742749857031322e-06,6.761402653858427
N501,720,112,0.01,0.012679930267919725,0.01415797480462222,0.009245727351852608,1.6237767391887209e-06,6.889730458440051
N501,720,113,0.0005455594781168515,0.20470276853423117,0.013554418132961876,0.03507698437976847,1.2742749857031322e-06,6.819713668779908
N501,720,114,1.1288378916846883e-05,2.3058258594006484,0.006531972114569684,0.09763753960345112,1.2742749857031322e-06,6.698811222795579
N501,720,115,7.847599703514607e-07,10.544097961992843,0.0030892956052664955,0.10919644163240326,1.6237767391887209e-06,6.747411660598445
N501,720,116,0.01,0.01250013218035138,0.014162089839639735,-0.003907787411098085,1e-06,6.783781684741393
N501,720,117,2.06913808111479e-06,5.749579612865846,0.0016617742489816179,0.11277767373104201,1.6237767391887209e-06,6.647056279794442
N501,720,118,3.359818286283781e-06,4.420025613850976,0.0040366480680142924,0.11115194101688274,1e-06,6.739032077795468
N501,720,119,1.2742749857031322e-06,7.853468886949875,0.004758171091607144,0.1022218260412268,2.06913808111479e-06,6.7820626425970225
N501,720,120,0.01,0.012650961020179485,0.014140546677110621,0.07177874132159448,1.2742749857031322e-06,6.808053911719826
N501,720,121,1.6237767391887209e-06,6.72180727069925,0.007378982206217355,0.08315124584642916,1.2742749857031322e-06,6.72180727069925
N501,720,122,0.01,0.012077137840641775,0.014127784979425018,0.026476558664507453,2.06913808111479e-06,6.735222657047494
N501,720,123,0.0008858667904100832,0.13311104400787765,0.014225583819308829,-0.003163367359818155,1.6237767391887209e-06,6.660420784841264
N501,720,124,0.01,0.013281677380052564,0.01414738660492465,0.02143159776649565,1.2742749857031322e-06,6.78460445921849
N501,720,125,2.976351441631313e-07,19.30989654466259,0.010140077827808458,0.10101718676960002,1.6237767391887209e-06,6.8244333138144455
N501,720,126,5.455594781168514e-06,3.4221240629902514,0.009595399363574786,0.0728190431315306,1e-06,6.7932381023101
N501,720,127,0.01,0.012647509231043349,0.01412757553321975,0.03701719067277769,1e-06,6.7549938814532275
N501,720,128,0.01,0.012879518307499277,0.014131669676752945,0.03458773324200186,1.2742749857031322e-06,6.75429160593486
N501,720,129,0.01,0.0130632439360992,0.01414643966243534,0.08724173934421793,1.2742749857031322e-06,6.873089209683825
N501,720,130,8.858667904100815e-08,38.530410861126796,0.037333019802064715,0.059316251322485254,2.06913808111479e-06,6.706653655022315
N501,720,131,1.6237767391887209e-06,6.739788684545803,0.002546078666902152,0.11105699519281463,1.2742749857031322e-06,6.739788684545803
N501,720,132,8.858667904100815e-06,2.6606989141403425,0.007797504799883281,0.1039353138282585,1.2742749857031322e-06,6.786379450007818
N501,720,133,4.281332398719387e-06,3.8568808144929827,0.0032783060980604573,0.112964027669513,1.2742749857031322e-06,6.714379765300558
N501,720,134,6.158482110660254e-07,12.278827027423667,0.008398596718464768,0.09747408757136573,2.6366508987303555e-06,6.76733458074866
N501,720,135,2.06913808111479e-06,5.9239693631806984,0.01409565594995521,0.05773800151669407,1.2742749857031322e-06,6.8405490331997
N501,720,136,4.281332398719387e-06,3.841397057397171,0.002413531194452312,0.11433974419604043,1.6237767391887209e-06,6.720847662631184
N501,720,137,1e-06,9.079273669860028,0.005937545801076638,0.10115612378205681,1.6237767391887209e-06,6.757692563808696
N501,720,138,2.06913808111479e-06,5.815808776697959,0.001769484052538517,0.11525837830584777,1.2742749857031322e-06,6.718691504197744
N501,720,139,2.3357214690901212e-07,22.063899953271175,0.017137021751507442,0.07855831499270319,1.6237767391887209e-06,6.7117374705494734
N501,720,140,0.01,0.01306755413962549,0.014123368271462655,0.03146484261019891,1e-06,6.820611931676558
N501,720,141,6.158482110660254e-07,12.293382559404876,0.004265966295057599,0.10290941501705092,1.6237767391887209e-06,6.77270741504939
N501,720,142,2.6366508987303555e-06,5.095095129669381,0.0037697172816735236,0.10608256113466555,1.2742749857031322e-06,6.779444239256412
N501,720,143,1.8329807108324338e-07,25.571648322341442,0.01879575735707495,0.06479952663537364,1.6237767391887209e-06,6.723565472974283
N501,720,144,0.01,0.012893270005848612,0.01413639999573224,0.08642196090242861,2.6366508987303555e-06,6.736530685084608
N501,720,145,6.158482110660254e-07,12.311153142538586,0.005352545670044617,0.10953844474992117,2.06913808111479e-06,6.794395108083865
N501,720,146,2.6366508987303555e-06,5.110374980513318,0.0019134743924489328,0.11454339013381813,1.6237767391887209e-06,6.799712006044086
N501,720,147,2.6366508987303555e-06,5.042667885504423,0.0025263976450069503,0.10907346578190544,2.06913808111479e-06,6.698316171471355
N501,720,148,6.158482110660255e-05,0.9904413304889619,0.011516381876246928,0.07338389029790672,1.6237767391887209e-06,6.829033991962769
N501,720,149,0.0006951927961775591,0.15489869055087158,0.013739733826896194,0.05237017205128814,1.2742749857031322e-06,6.73601502481488
N501,720,150,6.158482110660254e-07,12.313132537329023,0.004334307007367033,0.10518867957795115,1.6237767391887209e-06,6.791451530420079
N501,720,151,1.6237767391887209e-06,6.735567656195569,0.00723602104985166,0.09806877044217102,1e-06,6.735567656195569
N501,720,152,2.976351441631313e-05,1.4452042776095224,0.01349743680158344,0.02901356596719798,3.359818286283781e-06,6.740191577305272
N501,720,153,3.359818286283781e-06,4.427180303817755,0.004026810994339103,0.11440388447459227,1e-06,6.769358554776719
N501,720,154,0.003792690190732238,0.03430901528918671,0.013980705457742548,0.027955368095252873,0.0003359818286283774,6.777811938726023
N501,720,155,2.976351441631313e-07,19.28413981973022,0.011206413541803184,0.09105462855389934,1.6237767391887209e-06,6.786968131153343
N501,720,156,0.01,0.012058714271054363,0.0141307031885205,0.036103769480023584,1e-06,6.718991954879056
N501,720,157,2.06913808111479e-06,5.913851685783161,0.00850785385903674,0.10587029964560794,5.455594781168514e-06,6.8292698212310015
N501,720,158,8.858667904100815e-08,38.90037433606406,0.032459576780729194,0.05856745926869506,2.06913808111479e-06,6.863614424163426
N501,720,159,6.951927961775606e-06,3.021517185402918,0.00641572784825073,0.0970092572439096,1.2742749857031322e-06,6.815975970169896
N501,720,160,2.6366508987303555e-06,5.060372241076759,0.01256258530244636,0.051428464419270306,1.6237767391887209e-06,6.738976982361031
N501,720,161,6.951927961775606e-06,2.9919696897795744,0.01250626553556855,0.04529910511355612,1e-06,6.767273107465424
N501,720,162,0.01,0.012436851229606001,0.014126177429444886,0.0471992738012408,1e-06,6.7741683197331595
N501,720,163,2.976351441631313e-07,19.112453648354514,0.0057445049636836165,0.10862647533113334,1.2742749857031322e-06,6.747636127301805
N501,720,164,2.3357214690901212e-07,22.20817170150262,0.022335846334851528,0.04348871568251316,0.00020691380811147902,6.791266708774265
N501,720,165,1e-06,9.08465691893189,0.0034301110933269152,0.11521689496190159,2.6366508987303555e-06,6.753098412188969
N501,720,166,0.00016237767391887175,0.543743606007975,0.012817978337849367,0.07013479825996112,1e-06,6.835078991539444
N501,720,167,0.002335721469090121,0.047592749224112246,0.014015565213874037,0.03890299099036901,1.6237767391887209e-06,6.673631107669056
N501,720,168,5.455594781168514e-06,3.448560472753375,0.008286000437016883,0.08521808235018634,1.2742749857031322e-06,6.848592233506674
N501,720,169,2.3357214690901213e-05,1.6537883638811417,0.01181038111295396,0.04908233771780081,1.2742749857031322e-06,6.819728903967104
N501,720,170,2.06913808111479e-06,5.834325222821873,0.0036154851795917597,0.10370877297349278,1.6237767391887209e-06,6.740616469794444
N501,720,171,2.06913808111479e-06,5.868874718450707,0.004889576618181235,0.09688539617852321,1e-06,6.778207468320002
N501,720,172,4.281332398719387e-06,3.859030270289497,0.01574930984860412,0.04729346600664602,0.0003359818286283774,6.72592454904334
N501,720,173,1.2742749857031322e-06,7.823153424204639,0.002510661047601892,0.11088732306314142,1.6237767391887209e-06,6.758048680024548
N501,720,174,2.6366508987303555e-06,5.098796789892481,0.005285654700238007,0.10605577110386272,1e-06,6.783776493591496
N501,720,175,1.8329807108324338e-07,25.841660838962078,0.015981110265274934,0.07395486631430478,1.2742749857031322e-06,6.87018514487925
N501,720,176,2.06913808111479e-06,5.847749569238152,0.0063991818755954055,0.09258182678173169,2.6366508987303555e-06,6.75735067566668
N501,720,177,2.976351441631313e-05,1.4641059714109215,0.011976172400760543,0.05832330138812829,1e-06,6.801421077180343
N501,720,178,7.847599703514607e-07,10.53644548983263,0.009199704410095544,0.0767857130880298,1.6237767391887209e-06,6.756406229543063
N501,720,179,0.01,0.013301765913864652,0.014144263370886923,0.07355829138234193,1.2742749857031322e-06,6.770875779742964
N501,720,180,1.2742749857031322e-06,7.703119004905087,0.0022729739660182213,0.11361584008010393,2.06913808111479e-06,6.64537780857866
N501,720,181,7.847599703514607e-07,10.592163577978114,0.0046698423279964985,0.10041641685848232,1.6237767391887209e-06,6.787908582373378
N501,720,182,4.832930238571752e-07,14.323798627337998,0.005475749128164731,0.10351498316088936,1.6237767391887209e-06,6.8011494734027895
N501,720,183,1e-06,9.1640632447996,0.00863089840628306,0.09230763891898996,1.6237767391887209e-06,6.825797272114778
N501,720,184,2.976351441631313e-07,19.327331629067306,0.0061537319736495455,0.10610042787705452,1.2742749857031322e-06,6.834574887153458
N501,720,185,3.359818286283781e-06,4.487779950960332,0.01121519058410414,0.05874353545221047,1.2742749857031322e-06,6.848303726919702
N501,720,186,6.158482110660254e-07,12.306038211100923,0.005984463623766034,0.09714752109238428,1.6237767391887209e-06,6.774469272797891
N501,720,187,0.01,0.012223761995522262,0.014141028092023555,0.08848122437414818,1.6237767391887209e-06,6.853800212742634
N501,720,188,0.01,0.012776516517493309,0.014134608975610918,0.03705951114238769,1.2742749857031322e-06,6.762533522320953
N501,720,189,7.847599703514607e-07,10.637639188228258,0.0040165616944598526,0.10130762159250213,1.6237767391887209e-06,6.827559560558671
N501,720,190,1.43844988828766e-05,2.070372117876344,0.011404297737280689,0.055481525397325294,1.2742749857031322e-06,6.753210394721885
N501,720,191,5.455594781168514e-06,3.4132885591018094,0.008995204369868781,0.07454586765209491,1e-06,6.781837606613085
N501,720,192,1.2742749857031322e-06,7.764172316465146,0.003223131920707001,0.10528935557036803,1.2742749857031322e-06,6.702092424563582
N501,720,193,5.455594781168514e-06,3.3820550485282133,0.00783481052338253,0.08199525498933534,1.6237767391887209e-06,6.725739636787928
N501,720,194,1.2742749857031322e-06,7.876808895171931,0.008599393292617719,0.07840367831584426,1.2742749857031322e-06,6.8005437941358355
N501,720,195,0.01,0.01203558738997771,0.014116361283668777,0.03129543443028295,1e-06,6.727039345160254
N501,720,196,2.3357214690901212e-07,22.449132581499008,0.02615682135805475,0.06731403271792254,3.359818286283781e-06,6.880124656418295
N501,720,197,0.01,0.01171809663718784,0.014111419255204427,0.039389711249510705,1.8329807108324338e-05,6.726070217569083
N501,720,198,6.951927961775606e-06,2.9747652709797014,0.007285293673228499,0.08448544738598769,1e-06,6.711263602001307
N501,720,199,6.158482110660254e-07,12.317968675885055,0.00868705000494252,0.07428166251212873,1.2742749857031322e-06,6.805262322926847
N501,1080,0,1.438449888287663e-07,29.765401307148558,0.01016882087170523,0.09036412101737133,1.2742749857031322e-06,7.881933666901179
N501,1080,1,2.6366508987303555e-06,5.075500241208736,0.002052854604228105,0.11142874487813872,1.6237767391887209e-06,7.843471924509254
N501,1080,2,0.01,0.01242750074340963,0.01412465371487892,0.04237984216089054,1.2742749857031322e-06,7.939985711684544
N501,1080,3,3.359818286283781e-06,4.488384780976693,0.0060839157555241385,0.09060460352688007,1e-06,7.918763512370294
N501,1080,4,1.2742749857031322e-06,7.906015835581739,0.004124343348045456,0.10070185442704001,1e-06,7.906015835581739
N501,1080,5,4.281332398719387e-06,3.8941897030505443,0.005932975113723593,0.09294951664942305,7.847599703514607e-07,7.874574786632705
N501,1080,6,1.6237767391887209e-06,6.769950208989419,0.003603993188760146,0.10380907302425077,1e-06,7.846386201498654
N501,1080,7,5.455594781168514e-06,3.42682812092867,0.005566574165720373,0.11528201403849211,7.847599703514607e-07,7.877860693190344
N501,1080,8,1.8329807108324338e-07,25.723240594044665,0.009130054376860874,0.08545363426176741,1e-06,7.851285390555105
N501,1080,9,7.847599703514607e-07,10.680665591168932,0.001982578238305388,0.11291436860320776,1.6237767391887209e-06,7.916474401580087
N501,1080,10,0.01,0.011994415436985633,0.014138418784587103,0.04075441858029694,1.2742749857031322e-06,7.81254319630253
N501,1080,11,0.0001274274985703132,0.6422075453655272,0.012471214356936322,0.07239060113549935,1.2742749857031322e-06,7.888613944012517
N501,1080,12,3.359818286283781e-06,4.489712765345756,0.0025258440176590957,0.10875095962455045,1.2742749857031322e-06,7.937853610142301
N501,1080,13,6.158482110660254e-07,12.277313998287978,0.006311584960204675,0.09259339535543698,7.847599703514607e-07,7.806133993403903
N501,1080,14,1.1288378916846883e-07,34.17049150880133,0.013208435743087943,0.0945745303866654,1.6237767391887209e-06,7.876111237547305
N501,1080,15,1e-06,9.017316635363501,0.0034420371245031944,0.10780134881802468,1.6237767391887209e-06,7.763360092676479
N501,1080,16,3.792690190732246e-07,16.65916410284259,0.006052514563605893,0.09834503286728415,1.2742749857031322e-06,7.853213587710669
N501,1080,17,1.8329807108324338e-07,25.7544091001515,0.013581472491439484,0.07535320876271139,1.2742749857031322e-06,7.8378722078375915
N501,1080,18,3.792690190732246e-05,1.2684828671204222,0.013856806297906421,0.01862610551752551,1.2742749857031322e-06,7.810396195435791
N501,1080,19,7.847599703514607e-07,10.645210167315769,0.0025321579005600503,0.11185672325913736,1.2742749857031322e-06,7.891344337013785
N501,1080,20,3.792690190732246e-07,16.592018688580236,0.003769331470816928,0.10463463870508688,1.2742749857031322e-06,7.816167784263274
N501,1080,21,6.158482110660254e-07,12.43036631073821,0.001972421931193735,0.11133781409843531,1e-06,7.933968073261916
N501,1080,22,0.01,0.01208692975972597,0.014128900645839382,0.03192478486552826,1.2742749857031322e-06,7.924874864857103
N501,1080,23,2.06913808111479e-06,5.899934508529176,0.006468463478970343,0.09610164133428081,7.847599703514607e-07,7.893859134122009
N501,1080,24,1e-06,9.151676124308075,0.011551032177572584,0.08049559603973219,1.6237767391887209e-06,7.886372668073615
N501,1080,25,3.792690190732246e-05,1.285980936756944,0.012641792361658521,0.08851518321039811,1.2742749857031322e-06,7.8531612531125505
N501,1080,26,2.06913808111479e-06,5.881041185210403,0.005062693863944867,0.09582766334965356,1.2742749857031322e-06,7.873299496805727
N501,1080,27,4.281332398719387e-06,3.8890582056509047,0.005228217223252729,0.09542387655955313,1.2742749857031322e-06,7.861174233974974
N501,1080,28,2.06913808111479e-06,5.910253130453276,0.004666111807489215,0.0993758326512579,1.2742749857031322e-06,7.914746328529994
N501,1080,29,2.976351441631313e-07,19.229872077251837,0.008083772214247609,0.08714731540513877,1.2742749857031322e-06,7.804148584890036
N501,1080,30,6.158482110660254e-07,12.269654837162072,0.003519403650664721,0.10542385715174274,1.2742749857031322e-06,7.813457102938589
N501,1080,31,1e-06,9.0988234076393,0.0022947272167439525,0.11017873681087466,1.2742749857031322e-06,7.8355540775432715
N501,1080,32,7.847599703514607e-07,10.522741939560039,0.003248366397203273,0.10662525349395126,1e-06,7.7928421707583855
N501,1080,33,6.158482110660254e-07,12.324189848270326,0.0033238717809797036,0.10507866004772663,1.2742749857031322e-06,7.864803673878944
N501,1080,34,7.847599703514607e-07,10.505969555511387,0.007774383685090314,0.10000223041358385,1.6237767391887209e-06,7.777354019456481
N501,1080,35,7.847599703514607e-07,10.51676858291236,0.004529937853191779,0.0990683086727342,7.847599703514607e-07,7.794018076795471
N501,1080,36,2.06913808111479e-06,5.877028490265259,0.002822519701643156,0.11022705851512657,1e-06,7.873363728314861
N501,1080,37,1e-06,9.19019631164325,0.0018053189749446252,0.11472525773322005,2.06913808111479e-06,7.91864041782623
N501,1080,38,6.951927961775606e-06,3.038114677059534,0.0053833135548324584,0.11539074170946381,1e-06,7.945769844483663
N501,1080,39,2.3357214690901212e-07,22.306754529332956,0.00740933147432199,0.09321385921008463,1.2742749857031322e-06,7.8461307009406225
N501,1080,40,3.792690190732246e-07,16.83300276572399,0.003737231974511257,0.11188562092569077,1.6237767391887209e-06,7.9611190819782305
N501,1080,41,3.792690190732246e-07,16.511277704557333,0.006255824821922329,0.09968912969452491,1.2742749857031322e-06,7.780962864129878
N501,1080,42,1.6237767391887209e-06,6.746243522790083,0.0026900027310620134,0.10776131597649709,7.847599703514607e-07,7.817890351756486
N501,1080,43,3.3598182862837814e-08,64.06822724408995,0.04966085411835386,0.055156046986567946,1.6237767391887209e-06,7.939125519237483
N501,1080,44,3.3598182862837814e-08,63.69836760191324,0.028309161164299157,0.05585803242262328,7.847599703514607e-07,7.780567169626426
N501,1080,45,1e-06,9.116059062131566,0.0034146433246763364,0.10559737070127863,1.2742749857031322e-06,7.854499722710628
N501,1080,46,7.847599703514607e-07,10.591175064640726,0.0036395058721866436,0.10422241172886457,1e-06,7.844003553143327
N501,1080,47,2.976351441631313e-07,19.352110014323955,0.0065196871051000915,0.10074262990225742,1e-06,7.890700434503476
N501,1080,48,8.858667904100815e-06,2.6164884410124,0.009361062247662644,0.07208952124749726,7.847599703514607e-07,7.788771706248775
N501,1080,49,6.951927961775606e-06,3.0187363214094676,0.010532430287442662,0.0605369459821073,1e-06,7.915516083754797
N501,1080,50,7.847599703514607e-07,10.59569433873849,0.001903646281425142,0.11173107155694055,1.2742749857031322e-06,7.849016168447095
N501,1080,51,0.01,0.012589294353915793,0.014153986474355285,0.07146214123833221,1e-06,7.814018944787937
N501,1080,52,7.847599703514607e-07,10.662928816600381,0.00588285953815626,0.09463962937249429,1.2742749857031322e-06,7.905017612206958
N501,1080,53,1.2742749857031322e-06,7.8763030687394915,0.002284878436879856,0.11012891437011946,1.2742749857031322e-06,7.8763030687394915
N501,1080,54,1.2742749857031322e-06,7.9086757270845975,0.002799124061688363,0.10884161018489613,1.2742749857031322e-06,7.9086757270845975
N501,1080,55,0.01,0.012838891985604362,0.014146827460102651,0.048822187732176545,1e-06,7.820454283461508
N501,1080,56,0.01,0.012171442992699169,0.014147070058982969,0.06295154959038687,7.847599703514607e-07,7.79642487401658
N501,1080,57,2.3357214690901212e-07,22.46330305527446,0.007074114551010591,0.09364926324866124,1e-06,7.915973333964233
N501,1080,58,1.8329807108324338e-05,1.8594773114018317,0.00972584720499925,0.073516552494919,7.847599703514607e-07,7.905753419679213
N501,1080,59,1.2742749857031322e-06,7.884540561508592,0.0020949289430762796,0.11053258561942815,1.2742749857031322e-06,7.884540561508592
N501,1080,60,7.847599703514607e-07,10.504701489612163,0.003019838779312889,0.10914552064700445,7.847599703514607e-07,7.771295178165896
N501,1080,61,2.6366508987303555e-06,5.040510003334645,0.007274659969591646,0.08519474323910117,7.847599703514607e-07,7.771369060299943
N501,1080,62,6.158482110660254e-07,12.38913569362889,0.0027951128348174814,0.11032221050830804,1.6237767391887209e-06,7.888599111360715
N501,1080,63,2.976351441631313e-07,19.428224784192334,0.004249290200663558,0.10774693082032245,1.2742749857031322e-06,7.917803504672991
N501,1080,64,2.6366508987303555e-06,5.070627648365955,0.0057101798951147975,0.09906530173302767,1.2742749857031322e-06,7.820742783319663
N501,1080,65,1.6237767391887209e-06,6.795891235274634,0.002880766638393095,0.10819363650219055,7.847599703514607e-07,7.875561950244886
N501,1080,66,1.2742749857031322e-06,7.880071420782414,0.005147291566415246,0.09849956780639048,1.2742749857031322e-06,7.880071420782414
N501,1080,67,3.3598182862837814e-08,63.67021573735765,0.04097031694079156,0.0438993476917061,1e-06,7.864497526981123
N501,1080,68,0.01,0.011941095778390679,0.014133150816874607,0.02731592340290915,1e-06,7.881990299915111
N501,1080,69,3.792690190732246e-07,16.59518150468392,0.00395939387280575,0.10446612585144043,1e-06,7.829577227645421
N501,1080,70,1.2742749857031322e-06,7.859055785632078,0.0033818842764528068,0.10566545468204869,1.2742749857031322e-06,7.859055785632078
N501,1080,71,3.792690190732246e-07,16.648577689188553,0.006043570827366063,0.10259036902369256,1.6237767391887209e-06,7.85447767493833
N501,1080,72,3.792690190732246e-07,16.73301624587939,0.004038658882016377,0.11039894569677071,1.6237767391887209e-06,7.893632221066677
N501,1080,73,1.43844988828766e-05,2.0559218485814377,0.009318589881724293,0.0738997377871586,1e-06,7.819743047662844
N501,1080,74,2.3357214690901213e-05,1.6031750916575265,0.007791670924676253,0.08983934162157829,2.06913808111479e-06,7.801524728239181
N501,1080,75,0.01,0.012400574031511053,0.014141121018832692,0.032096873642756964,1e-06,7.902942302071649
N501,1080,76,0.00042813323987193956,0.240324580251018,0.013598100744004804,0.052986737277863245,1.2742749857031322e-06,7.77123509823779
N501,1080,77,0.01,0.012629094579509425,0.014141384130677115,0.07873578226344877,7.847599703514607e-07,7.781968188588385
N501,1080,78,1e-06,9.139748074377826,0.0034229306185520336,0.1126769646329413,2.06913808111479e-06,7.86945474331751
N501,1080,79,7.847599703514607e-07,10.669936406083638,0.0032223384586486103,0.10608666216529032,1.2742749857031322e-06,7.913211821449915
N501,1080,80,6.158482110660254e-07,12.316261466976938,0.004059941940220413,0.1066330472020761,1e-06,7.831026414337137
N501,1080,81,2.06913808111479e-06,5.852612529065841,0.0053664222605310785,0.09454739740972908,1e-06,7.835161326264057
N501,1080,82,7.847599703514607e-07,10.631942255328944,0.005482339344732523,0.09382988045820119,1.2742749857031322e-06,7.889408656597844
N501,1080,83,2.6366508987303555e-06,5.145266973152172,0.0031136607760070545,0.11427189231168028,1.2742749857031322e-06,7.92154536239258
N501,1080,84,0.01,0.01192005762331114,0.014122567107802242,0.039606207313300376,1.2742749857031322e-06,7.857271415440894
N501,1080,85,2.6366508987303555e-06,5.098348707973047,0.004589615116129986,0.10008306008308816,1.2742749857031322e-06,7.870265537788578
N501,1080,86,2.6366508987303555e-06,5.123398913356603,0.0025575906515851177,0.11603291548917345,1.2742749857031322e-06,7.905045291803908
N501,1080,87,1e-06,9.093637123081246,0.003275989229390097,0.1063704116576658,1.2742749857031322e-06,7.8333472453705735
N501,1080,88,7.847599703514607e-07,10.604801842983347,0.006998418376231164,0.08980251712324402,1.6237767391887209e-06,7.857159047656843
N501,1080,89,0.01,0.012161865729688803,0.014148263134012629,0.0634082818996101,1e-06,7.812678475705267
N501,1080,90,6.951927961775606e-06,3.024838936741227,0.006174569801231544,0.09067812561044067,1e-06,7.93515930343872
N501,1080,91,2.976351441631313e-07,19.38051729405476,0.009687746399463348,0.10268785703035514,1.6237767391887209e-06,7.872661838665286
N501,1080,92,1e-06,9.128630674417662,0.001951999800331894,0.11117531564310391,1e-06,7.864848757148133
N501,1080,93,0.01,0.012326160109943123,0.014131948274713646,0.05103912860332108,1.2742749857031322e-06,7.80575436287371
N501,1080,94,1.2742749857031322e-06,7.911869907729448,0.003227317289499654,0.10547656233023672,1.2742749857031322e-06,7.911869907729448
N501,1080,95,5.455594781168514e-06,3.394286376447811,0.0078661763181328,0.08429340003863028,1.6237767391887209e-06,7.82128765224365
N501,1080,96,0.01,0.013047216810527227,0.014138311936855663,0.05989062527189804,7.847599703514607e-07,7.815805857620296
N501,1080,97,1e-06,9.180223930348637,0.0031624944043655567,0.10562479251788541,1.6237767391887209e-06,7.911436010173373
N501,1080,98,2.3357214690901213e-05,1.627880306908927,0.008747469786280049,0.08884928017785239,1e-06,7.797618182226533
N501,1080,99,1.438449888287663e-07,29.661793609187345,0.01549400742932372,0.08928406106743189,1.6237767391887209e-06,7.817279681896677
N501,1080,100,3.359818286283781e-06,4.447540044168713,0.0054302502375003225,0.11614399076864759,6.158482110660254e-07,7.87083903915228
N501,1080,101,6.158482110660254e-07,12.368393995546002,0.003835631705328413,0.10947130446154572,1.6237767391887209e-06,7.889005722280322
N501,1080,102,4.832930238571752e-07,14.369052993943384,0.00426748839566049,0.10092156999430175,1e-06,7.88362811762641
N501,1080,103,2.06913808111479e-06,5.882488130508993,0.003364102326866125,0.10595805263473985,1.6237767391887209e-06,7.8745446334577816
N501,1080,104,6.158482110660254e-07,12.323627919221043,0.004235843447272347,0.10126926265921535,1.2742749857031322e-06,7.856112536178361
N501,1080,105,1.6237767391887209e-06,6.764488247302869,0.0024578281520322154,0.10956572011503736,1e-06,7.837010544327972
N501,1080,106,6.158482110660254e-07,12.444536541572404,0.007894353710224955,0.09190302731880468,1.6237767391887209e-06,7.93334669688039
N501,1080,107,7.847599703514607e-07,10.670609592569237,0.003243463910446831,0.10615669327657384,1.2742749857031322e-06,7.914059086212438
N501,1080,108,2.3357214690901212e-07,22.143372174880156,0.006068103008831982,0.09861850266346384,1e-06,7.763952671285138
N501,1080,109,1e-06,9.180761283653188,0.005983927136859246,0.09419674118638137,1.6237767391887209e-06,7.910748636249317
N501,1080,110,2.06913808111479e-06,5.843548484844779,0.006848373769104188,0.08679659339211294,7.847599703514607e-07,7.819343579110129
N501,1080,111,1.2742749857031322e-06,7.820612440308814,0.003144192169000415,0.10886142861687288,1.6237767391887209e-06,7.820612440308814
N501,1080,112,2.3357214690901212e-07,22.49999765267,0.013246170916717204,0.07127904537368092,1.6237767391887209e-06,7.931470283451063
N501,1080,113,0.0001274274985703132,0.6222930126185346,0.012788552865637293,0.040386765992818624,1.2742749857031322e-06,7.868770038450262
N501,1080,114,1.6237767391887209e-06,6.7280167477831405,0.0029435233746902822,0.10759512035364886,1e-06,7.798383003339416
N501,1080,115,1e-06,9.106395528347461,0.002231460750467207,0.11050653737712399,1.6237767391887209e-06,7.841682308156799
N501,1080,116,4.832930238571752e-07,14.381296264090508,0.005834269009848847,0.09201448737199441,1e-06,7.877209060765024
N501,1080,117,4.281332398719387e-06,3.83079529506297,0.0031801093488854626,0.10666975227528727,1.2742749857031322e-06,7.7611617460934355
N501,1080,118,0.00020691380811147902,0.4442847467479276,0.013498818789372313,0.04556660107010036,1e-06,7.840201296331519
N501,1080,119,0.01,0.01258832139568564,0.014137373424541022,0.052891867062206735,1.2742749857031322e-06,7.879350927306111
N501,1080,120,4.832930238571752e-07,14.421590945964935,0.003284699403380942,0.10504578947469831,1e-06,7.917968081325894
N501,1080,121,2.3357214690901213e-05,1.6259532397828285,0.013489073185775191,0.0401562610623327,1e-06,7.810238562263212
N501,1080,122,1.6237767391887209e-06,6.791596714951165,0.0030874502097230083,0.11028164574184358,1.2742749857031322e-06,7.866238264720265
N501,1080,123,0.01,0.012645434690619128,0.014147527185188413,0.08129690728163613,1e-06,7.811329300059693
N501,1080,124,1.8329807108324338e-07,25.860970143575877,0.009510670742880256,0.0772045729252602,1e-06,7.8934589393897365
N501,1080,125,2.6366508987303555e-06,5.1077012044025745,0.0035356436100038025,0.10376800050743382,1.2742749857031322e-06,7.880169828429931
N501,1080,126,4.832930238571752e-07,14.470592380568023,0.005449002775838707,0.09864777725036651,1.2742749857031322e-06,7.9209618629370215
N501,1080,127,0.01,0.012354830964756336,0.014140070478869782,0.049110078464527605,1e-06,7.816147700983674
N501,1080,128,8.858667904100815e-06,2.6580183943266613,0.009011929130339658,0.07753642494914849,1e-06,7.878644072655968
N501,1080,129,1.1288378916846883e-07,34.44796614459071,0.015082207429292671,0.07875525776757908,1.2742749857031322e-06,7.982534406485703
N501,1080,130,1e-06,9.123052227368447,0.003071898052449118,0.1060065176929407,1.6237767391887209e-06,7.853835630927134
N501,1080,131,1.8329807108324338e-07,25.754445248794774,0.008141721100960564,0.09852201117488295,1.6237767391887209e-06,7.857829532663188
N501,1080,132,0.01,0.013243786611746541,0.014151921205054596,0.056099689533289185,7.847599703514607e-07,7.9226282096191145
N501,1080,133,4.8329302385717524e-05,1.114500799403166,0.012174635470859396,0.07079851185191982,7.847599703514607e-07,7.78464589813465
N501,1080,134,2.6366508987303555e-06,5.1100238108577125,0.003050630519342179,0.10907173489200547,1.6237767391887209e-06,7.878579347110846
N501,1080,135,0.01,0.012701192461045483,0.014180020143363059,-0.014918466296626956,1e-06,7.941616698164696
N501,1080,136,0.01,0.012487722700624027,0.014141182822866027,0.05761551466468266,1e-06,7.805275728529317
N501,1080,137,2.976351441631313e-07,19.246243081290505,0.008621027614207799,0.10347121924863388,2.06913808111479e-06,7.814403358600945
N501,1080,138,0.01,0.012197339898466539,0.014134145192281955,0.03699431016658257,1e-06,7.821792668703749
N501,1080,139,0.0001,0.7165867864755482,0.012892912348621,0.03573973950562498,1e-06,7.758371318095458
N501,1080,140,5.455594781168514e-06,3.4274087020280555,0.00731940484627136,0.08781336476189251,7.847599703514607e-07,7.899775558983697
N501,1080,141,4.281332398719387e-06,3.8570458171212962,0.007637757195755435,0.08158502751677149,1e-06,7.82516017756049
N501,1080,142,2.976351441631313e-07,19.33620030209297,0.007570456427776873,0.0915232401037972,1.2742749857031322e-06,7.885056563125596
N501,1080,143,7.847599703514607e-07,10.549713162730857,0.004823696556456203,0.0996832485360986,1.6237767391887209e-06,7.807388171980158
N501,1080,144,0.01,0.013042048439255926,0.014151131694952523,0.02411224844175935,1.2742749857031322e-06,7.831619502389093
N501,1080,145,2.976351441631313e-07,19.284901187284866,0.008024573982999716,0.1112640332626035,2.06913808111479e-06,7.837612647069307
N501,1080,146,1e-06,9.137844283612182,0.0019241901143622897,0.11139841638714947,1.2742749857031322e-06,7.871421259363993
N501,1080,147,3.359818286283781e-06,4.408086671447588,0.005641537250615003,0.09339372314273692,1.6237767391887209e-06,7.791928899601868
N501,1080,148,1.438449888287663e-07,29.806954102899887,0.0117950441877821,0.07558224763608598,1.2742749857031322e-06,7.904693353632793
N501,1080,149,1.6237767391887209e-06,6.746440428170008,0.0030064096021238385,0.10634415151553302,1e-06,7.816009699095567
N501,1080,150,1.8329807108324338e-05,1.8462501513166858,0.009028151813167073,0.0883546684010406,1e-06,7.868053649436384
N501,1080,151,0.01,0.012517110961928247,0.014158338902157674,0.02077190630064876,7.847599703514607e-07,7.811567613226184
N501,1080,152,0.01,0.012406508785347667,0.014151664324109192,0.03944329864609435,1e-06,7.853337428273871
N501,1080,153,2.976351441631313e-05,1.4440745582573542,0.012472547242706855,0.04115538820280626,7.847599703514607e-07,7.844781786248829
N501,1080,154,5.455594781168514e-06,3.415860999531697,0.011599406943931023,0.07048050556057432,1e-06,7.878928578793326
N501,1080,155,4.832930238571752e-07,14.332518517835721,0.007141575111397236,0.10483760094297326,2.06913808111479e-06,7.841622699357531
N501,1080,156,1.2742749857031322e-06,7.833598289650609,0.0035240800766369595,0.10538294712232328,1e-06,7.833598289650609
N501,1080,157,4.281332398719387e-06,3.947102198293038,0.005186507719129985,0.10089989639854163,2.6366508987303555e-06,7.974224490397869
N501,1080,158,2.6366508987303555e-06,5.133291135579777,0.0032089057452062697,0.11401620888821841,1.2742749857031322e-06,7.915105000520458
N501,1080,159,1.8329807108324338e-05,1.8667027824508042,0.009472666862155421,0.08202092653893031,7.847599703514607e-07,7.904603304722573
N501,1080,160,0.01,0.012421156120797631,0.01414258541300406,0.05295858785084624,1e-06,7.861884502471337
N501,1080,161,1e-06,9.148276798520293,0.0017238813047685264,0.11289060174323878,1e-06,7.882002239365742
N501,1080,162,7.847599703514607e-07,10.591084296639973,0.002539939401539737,0.11078114383750406,1.2742749857031322e-06,7.852605410954592
N501,1080,163,1.623776739188721e-08,87.87516651935222,0.047267852506792885,0.07292668621417864,1.2742749857031322e-06,7.804752935276714
N501,1080,164,1.1288378916846883e-07,34.106563959190154,0.020293945526130175,0.062278210367398834,1.2742749857031322e-06,7.886300223507378
N501,1080,165,1.43844988828766e-05,2.0726930837339417,0.007061120896250106,0.08879023575874434,1.2742749857031322e-06,7.826215136417711
N501,1080,166,1.6237767391887209e-06,6.8061336906027945,0.0038717588044793194,0.10258114367542864,1e-06,7.886676655180387
N501,1080,167,4.832930238571752e-07,14.139989809535765,0.0030017263475754508,0.1084943585981439,1e-06,7.7389296450311855
N501,1080,168,5.455594781168514e-06,3.4334313678454813,0.007509492412526075,0.08643400143026404,1e-06,7.921537518023214
N501,1080,169,1e-06,9.198333942105053,0.0044257588339422504,0.10252423643707953,1e-06,7.923772594950041
N501,1080,170,6.158482110660254e-07,12.261063418124552,0.004297598985302353,0.10627021176891928,1.6237767391887209e-06,7.8078168176942295
N501,1080,171,2.06913808111479e-06,5.865376995000976,0.0033025276745781706,0.10890002563545122,7.847599703514607e-07,7.854770739512845
N501,1080,172,4.8329302385717524e-05,1.1483572800301498,0.014777383101798325,0.028665406905061048,1e-06,7.862087434380025
N501,1080,173,2.976351441631313e-05,1.4457393012268858,0.009842096733256533,0.08224831608998154,1e-06,7.8215615856613
N501,1080,174,1.2742749857031322e-06,7.885637625981062,0.003853511455180647,0.10383868031219183,1e-06,7.885637625981062
N501,1080,175,1e-06,9.251332502866354,0.005113491720466379,0.09555066776268932,1.2742749857031322e-06,7.972278734258791
N501,1080,176,5.455594781168514e-06,3.3930674706364727,0.007909231273070416,0.08103523907136394,1.6237767391887209e-06,7.829762200143035
N501,1080,177,7.847599703514607e-07,10.642608754001351,0.003431936620533982,0.10866421194243811,7.847599703514607e-07,7.890405280666283
N501,1080,178,1.438449888287663e-07,29.60239768695798,0.020110856457548953,0.05550522225606111,1.2742749857031322e-06,7.826031818849296
N501,1080,179,1.6237767391887209e-06,6.808355617221228,0.0014929436435747734,0.11675318054480643,1e-06,7.891875012172658
N501,1080,180,2.6366508987303555e-06,5.033072241621571,0.0034025958407983836,0.10713278352613366,2.06913808111479e-06,7.773208515749861
N501,1080,181,6.951927961775606e-06,2.979051527068408,0.00740958834026384,0.0848969715061691,1e-06,7.848556245111113
N501,1080,182,1.2742749857031322e-06,7.892667687043925,0.002535588899512775,0.10858205037346545,1.2742749857031322e-06,7.892667687043925
N501,1080,183,1.43844988828766e-05,2.102598941214743,0.013024126203335817,0.048608891977710726,1.2742749857031322e-06,7.9206165488692335
N501,1080,184,2.06913808111479e-06,5.887022043046308,0.004400942042668832,0.10250700663566448,1.6237767391887209e-06,7.883668014805215
N501,1080,185,0.01,0.012153494387637713,0.01414644836191814,0.0789265855438631,7.847599703514607e-07,7.917391636922239
N501,1080,186,1e-06,9.11739690092664,0.002093174666361386,0.11055646763225019,1.2742749857031322e-06,7.850801571994805
N501,1080,187,5.4555947811685146e-08,50.31781592043884,0.023458554059584857,0.07591788710150982,1.2742749857031322e-06,7.922081380619849
N501,1080,188,2.06913808111479e-06,5.86715947175195,0.0030772817005253472,0.11006136901499418,1e-06,7.85842204338763
N501,1080,189,1.6237767391887209e-06,6.780011846228733,0.003739831459405818,0.10707748505117204,1.2742749857031322e-06,7.854079319651037
N501,1080,190,0.01,0.01279145211700289,0.014125045825570282,0.0307200425800891,1e-06,7.94021937886961
N501,1080,191,3.3598182862837814e-08,63.91303365223165,0.03320725103214861,0.07173350068336394,1.2742749857031322e-06,7.904355148292755
N501,1080,192,0.01,0.01197416448426222,0.014130377365667246,0.046038817252052264,1e-06,7.818059935614402
N501,1080,193,6.158482110660254e-07,12.332061637259056,0.005044881421630176,0.10176715900975843,1.2742749857031322e-06,7.854803625051756
N501,1080,194,2.06913808111479e-06,5.9063219551280355,0.0051434531222103175,0.09570796171366959,7.847599703514607e-07,7.907183697219956
N501,1080,195,1e-06,9.02684819996074,0.004771190345230214,0.10010213249257811,1e-06,7.772555971520519
N501,1080,196,2.06913808111479e-06,5.947658261622696,0.007661061050282192,0.08307141739580559,2.06913808111479e-06,7.9587219998689145
N501,1080,197,2.6366508987303555e-06,5.083015606151046,0.007413802069010322,0.0869321916542091,1.2742749857031322e-06,7.833674245507343
N501,1080,198,6.951927961775606e-06,2.986694435887311,0.006545996667749243,0.0932148451717362,7.847599703514607e-07,7.839415252176033
N501,1080,199,0.01,0.01225403105042183,0.014146932766770814,0.04925201067829713,6.158482110660254e-07,7.9026444080742335
N501,1440,0,1.43844988828766e-05,2.088317644661335,0.008744010458096474,0.09545093136092726,7.847599703514607e-07,9.158214641044202
N501,1440,1,7.847599703514607e-07,10.568560122267005,0.0016344627024048597,0.11476080119032847,1.6237767391887209e-06,9.086865342024932
N501,1440,2,1e-06,9.230416525911787,0.00070322269229528,0.11719706398172713,1.2742749857031322e-06,9.230416525911787
N501,1440,3,1.6237767391887209e-06,6.82011447227954,0.0040061545428288214,0.10144960074593104,7.847599703514607e-07,9.15976450216601
N501,1440,4,3.359818286283781e-06,4.468260581601463,0.006926843292372364,0.08551950958485853,7.847599703514607e-07,9.1908140954771
N501,1440,5,1.8329807108324338e-07,25.98807188349611,0.008517844226503701,0.08692438618492768,1e-06,9.197768419175205
N501,1440,6,1e-06,9.120454491012074,0.0015915543005724508,0.11406034462360923,7.847599703514607e-07,9.120454491012074
N501,1440,7,1e-06,9.188522521234216,0.0013356044755904461,0.11613105768115982,7.847599703514607e-07,9.188522521234216
N501,1440,8,3.792690190732246e-07,16.672975433393113,0.003816094256638647,0.10520686045437175,1e-06,9.133387450114924
N501,1440,9,1.2742749857031322e-06,7.913969369002852,0.0014235200566652395,0.11390927503084163,1.2742749857031322e-06,9.188081044601647
N501,1440,10,2.3357214690901213e-05,1.6253868439204293,0.010861405274121827,0.08085506675086228,7.847599703514607e-07,9.092324455492362
N501,1440,11,6.158482110660254e-07,12.38052014393065,0.0019347499538607815,0.1118454061726176,1.2742749857031322e-06,9.162502377952308
N501,1440,12,8.858667904100815e-06,2.677391746923724,0.006202760590040879,0.09129681534874616,7.847599703514607e-07,9.199372730956256
N501,1440,13,7.847599703514607e-07,10.570770249720226,0.004748186759463979,0.09837587481405427,7.847599703514607e-07,9.08550835198226
N501,1440,14,1.2742749857031322e-06,7.843189368102501,0.0013443420843125553,0.11423106419150807,1.2742749857031322e-06,9.110044248114896
N501,1440,15,3.359818286283781e-06,4.406707264080782,0.004069076441138297,0.10102724774153476,1e-06,9.067642239310798
N501,1440,16,1e-06,9.13039487933764,0.0025453969764712703,0.10852224299828254,1.2742749857031322e-06,9.13039487933764
N501,1440,17,3.792690190732246e-07,16.704640331089724,0.004731933882520023,0.1000154578591497,1.2742749857031322e-06,9.139262561499123
N501,1440,18,0.01,0.012466803344640178,0.014161059359601325,-0.0005429131352286025,1e-06,9.094827031866295
N501,1440,19,1e-06,9.171891973654787,0.0019827286826435975,0.11290136576104862,1.2742749857031322e-06,9.171891973654787
N501,1440,20,1.2742749857031322e-06,7.843717348340558,0.0016686390709548249,0.11462735043578483,1e-06,9.110787921396081
N501,1440,21,2.06913808111479e-06,5.908828884982382,0.0038606308497086683,0.11462199744287037,7.847599703514607e-07,9.174810461101982
N501,1440,22,2.976351441631313e-05,1.4500192227925361,0.012378617958743732,0.042548180941728464,1e-06,9.189451487507485
N501,1440,23,6.158482110660254e-07,12.413641291339209,0.0029236896421960257,0.10689969370410278,6.158482110660254e-07,9.187314823571967
N501,1440,24,1.2742749857031322e-06,7.882471246973983,0.007958427308399463,0.0901176769835702,1.2742749857031322e-06,9.151317419385876
N501,1440,25,8.858667904100815e-06,2.6582306033569427,0.010662831842339737,0.09134619552849826,1e-06,9.13117398801985
N501,1440,26,2.976351441631313e-07,19.39247860079334,0.004706084203899064,0.10096650664668487,1e-06,9.154779164426026
N501,1440,27,2.3357214690901212e-07,22.44951954902131,0.007184794025566599,0.10314508520529479,1.2742749857031322e-06,9.130199361866325
N501,1440,28,0.01,0.01218206901807822,0.014147516616464406,0.03846269917309499,7.847599703514607e-07,9.171451581116246
N501,1440,29,2.06913808111479e-06,5.831635149052162,0.0054445652709055326,0.09446001145973414,1e-06,9.082446044567888
N501,1440,30,1.1288378916846883e-05,2.3345079252148113,0.008224610650490183,0.09959156950477431,1e-06,9.108042451329467
N501,1440,31,4.281332398719387e-06,3.8826103291056726,0.005857074350590685,0.11334856330245278,1e-06,9.147748928059562
N501,1440,32,6.158482110660254e-07,12.265812875760638,0.0024410193950220593,0.10902565208807434,7.847599703514607e-07,9.06181485228919
N501,1440,33,1.2742749857031322e-06,7.870440807522429,0.002011183930177185,0.11111040699821871,1e-06,9.135366030566924
N501,1440,34,0.0005455594781168515,0.1932366400320877,0.013566930218062101,0.03289245796145084,1.2742749857031322e-06,9.057048861591271
N501,1440,35,1.438449888287663e-07,29.754848137260637,0.009104737774253246,0.09408343653192014,1e-06,9.093997388298499
N501,1440,36,3.792690190732246e-07,16.793376948104875,0.00274951350760011,0.1093418714052088,1e-06,9.194326122703579
N501,1440,37,1.8329807108324338e-07,25.978575967408332,0.012162965154229433,0.1058969242409783,2.06913808111479e-06,9.168458142192128
N501,1440,38,7.847599703514607e-07,10.692562498625945,0.0022309041956203313,0.11032810920980851,1e-06,9.199172376573348
N501,1440,39,2.06913808111479e-06,5.87102876319993,0.0038154282167377485,0.10654209209677398,1.2742749857031322e-06,9.128542095222182
N501,1440,40,8.858667904100815e-08,39.493229079461685,0.014747248959197767,0.09687144223544737,1.6237767391887209e-06,9.25825673537492
N501,1440,41,6.951927961775606e-06,2.9829472413834384,0.006485418247713981,0.09540056476455337,1e-06,9.072116578040271
N501,1440,42,7.847599703514607e-07,10.576775819997131,0.0017354701924321425,0.1122694211934727,1e-06,9.096786016860992
N501,1440,43,1.6237767391887209e-06,6.853265600123718,0.0033135030935830256,0.10707532920877802,1.2742749857031322e-06,9.225598648911317
N501,1440,44,1.6237767391887209e-06,6.746631402159782,0.0042993906061020715,0.1034340504623563,7.847599703514607e-07,9.083442278490184
N501,1440,45,0.01,0.012691799194491265,0.014139363765969803,0.06404833129083966,7.847599703514607e-07,9.103228017550911
N501,1440,46,4.281332398719396e-08,57.21281431366572,0.023794397209454754,0.06319001553613127,7.847599703514607e-07,9.136010691593873
N501,1440,47,0.01,0.012736039455182209,0.014131714115545813,0.05310054747101431,7.847599703514607e-07,9.18082762136021
N501,1440,48,2.6366508987303555e-06,5.063191162453504,0.0053891278964008915,0.09727158850497807,6.158482110660254e-07,9.091628388802345
N501,1440,49,3.792690190732246e-05,1.2840253837978175,0.012614439797778876,0.03942297002344276,7.847599703514607e-07,9.184917183248139
N501,1440,50,2.06913808111479e-06,5.873412263811247,0.001956279060339239,0.11609168073930975,1e-06,9.136673058902016
N501,1440,51,1.8329807108324338e-07,25.939744882221934,0.007173805530832467,0.08974594411138409,1e-06,9.102212239995865
N501,1440,52,1.2742749857031322e-06,7.862475130389187,0.002047717843367658,0.11147800130314792,1e-06,9.130465042109641
N501,1440,53,0.01,0.012761274629697856,0.014150567812206694,0.1054329801571846,1e-06,9.125165399324258
N501,1440,54,1.6237767391887209e-06,6.817961321902294,0.0024936499376220223,0.10944582019308449,1.2742749857031322e-06,9.167073794519538
N501,1440,55,1e-06,9.11125228146884,0.0024193177008775546,0.11255123725093423,1e-06,9.11125228146884
N501,1440,56,3.792690190732246e-07,16.622538918443627,0.003986475477856466,0.10230883698844073,7.847599703514607e-07,9.068066501686982
N501,1440,57,2.06913808111479e-06,5.903789817729075,0.002974200776682756,0.11029000894995745,1e-06,9.177668904359953
N501,1440,58,0.01,0.012858772569818048,0.01415258756207094,0.025269101301875218,6.158482110660254e-07,9.180579148578186
N501,1440,59,6.951927961775605e-08,44.74124162191247,0.014633708893330155,0.08396399442407809,1.2742749857031322e-06,9.144709292654928
N501,1440,60,2.976351441631313e-07,19.366678360143926,0.0029959754389785598,0.10768516960963934,1e-06,9.122768352559547
N501,1440,61,4.832930238571752e-07,14.300656890340724,0.0021316135913630463,0.11034428203690357,7.847599703514607e-07,9.084595875679133
N501,1440,62,3.792690190732246e-07,16.730212803436444,0.005341408911971546,0.09915562365692827,1.2742749857031322e-06,9.147450459938792
N501,1440,63,6.158482110660254e-07,12.413094584589619,0.0018030480202230192,0.11336594250774534,1.2742749857031322e-06,9.18556966528968
N501,1440,64,6.951927961775606e-06,3.007597994174294,0.009464349887812196,0.09575421905977188,1e-06,9.119271541748521
N501,1440,65,1.6237767391887209e-06,6.817186445661947,0.0035065145704397116,0.10557285003759717,6.158482110660254e-07,9.17539927122893
N501,1440,66,7.847599703514607e-07,10.630498683277324,0.0033310721290042977,0.10499797855515948,1e-06,9.13968015353859
N501,1440,67,2.976351441631313e-07,19.36356272024417,0.008452891350216096,0.08386440332707885,1e-06,9.154615408455804
N501,1440,68,8.858667904100815e-08,38.97894900351473,0.01928021317579276,0.0481852309494765,1e-06,9.121653454525932
N501,1440,69,1.438449888287663e-07,29.757713325553777,0.00811746724061757,0.09930271912655755,1e-06,9.116908369015931
N501,1440,70,2.06913808111479e-06,5.880845229580624,0.004482761245285571,0.10715896815733103,1e-06,9.140076636214085
N501,1440,71,0.01,0.012261022034146158,0.014134635979781707,0.04942005292134833,1e-06,9.133482758448633
N501,1440,72,3.359818286283781e-06,4.455531484690489,0.002970553964002365,0.11047276182407868,1.2742749857031322e-06,9.169721759062057
N501,1440,73,7.847599703514607e-07,10.619088109632047,0.0026969794108094858,0.10771298654794025,1e-06,9.134202796376382
N501,1440,74,6.158482110660254e-07,12.300346102841644,0.005854535632290769,0.1144302276618025,2.6366508987303555e-06,9.09197619762761
N501,1440,75,2.6366508987303555e-06,5.115196450216487,0.0065825818926562585,0.10326772395175123,6.158482110660254e-07,9.156098376889213
N501,1440,76,1.2742749857031322e-06,7.818008733751293,0.0011952797575239815,0.11461999258109642,1.2742749857031322e-06,9.0819479511208
N501,1440,77,8.858667904100815e-06,2.6333595626470787,0.007799719360481183,0.09224221541185597,6.158482110660254e-07,9.095020155172161
N501,1440,78,1.43844988828766e-05,2.087729558226021,0.006970124133634625,0.09366506106445498,1.2742749857031322e-06,9.165900141691969
N501,1440,79,2.976351441631313e-07,19.474255874022464,0.0052863158269679245,0.10481486053319722,1.2742749857031322e-06,9.198949143829873
N501,1440,80,3.359818286283781e-06,4.4277735257815936,0.006189225416314392,0.09043214164024306,7.847599703514607e-07,9.113551721301949
N501,1440,81,1.2742749857031322e-06,7.862107718548009,0.004899540476365649,0.09679521236996175,7.847599703514607e-07,9.126828685322378
N501,1440,82,6.158482110660254e-07,12.405293027883566,0.0038142041968611817,0.10231999107260381,1e-06,9.180594419099359
N501,1440,83,0.0001,0.7434592687814019,0.0128700726701102,0.05866154440663804,7.847599703514607e-07,9.212813969758013
N501,1440,84,4.832930238571752e-07,14.346319305833083,0.002440767056237636,0.1137158040409629,1.6237767391887209e-06,9.11708780164066
N501,1440,85,7.847599703514607e-07,10.654620683641838,0.0023538678609678065,0.10930700296170644,1e-06,9.165064212184728
N501,1440,86,7.847599703514607e-07,10.600040345479224,0.001921073907477866,0.11132292508652238,1.2742749857031322e-06,9.11562867896674
N501,1440,87,2.976351441631313e-07,19.347763932538406,0.005968684549947589,0.10695471006240156,1.6237767391887209e-06,9.119506376559473
N501,1440,88,1.1288378916846883e-05,2.342525718788197,0.011676466761990856,0.05065676426483442,7.847599703514607e-07,9.15768245100926
N501,1440,89,1.1288378916846883e-07,34.18894998354362,0.013878671699653067,0.07547984842812482,1e-06,9.121299630556612
N501,1440,90,1e-06,9.212331050721971,0.0026990764310145243,0.10840748692938704,7.847599703514607e-07,9.212331050721971
N501,1440,91,2.3357214690901213e-05,1.6485732691372825,0.009080551369312961,0.07905335308587233,1.2742749857031322e-06,9.177940717668182
N501,1440,92,3.792690190732246e-07,16.67798727879662,0.002861849812087258,0.10861206066627528,1e-06,9.135719306759139
N501,1440,93,2.3357214690901212e-07,22.3947027642695,0.004641563784045566,0.1052803391543952,1e-06,9.097569358038538
N501,1440,94,1e-06,9.129566271583112,0.0013393591788021242,0.11404618376587305,1e-06,9.129566271583112
N501,1440,95,3.792690190732246e-07,16.66163171535152,0.008285189281977856,0.10133593033595094,1.6237767391887209e-06,9.127933012711058
N501,1440,96,4.832930238571752e-07,14.31609508309732,0.001936643619101841,0.1112733676848692,7.847599703514607e-07,9.094187253566847
N501,1440,97,1.2742749857031322e-06,7.879219905173546,0.0024497571687964736,0.10921296847931779,1.2742749857031322e-06,9.145463536397209
N501,1440,98,7.847599703514607e-07,10.589281111911342,0.0005500454969904478,0.11754198179655535,1e-06,9.10690072540406
N501,1440,99,1.2742749857031322e-06,7.82877450293365,0.0006251066614998413,0.11716086908866997,1.6237767391887209e-06,9.094703873372357
N501,1440,100,2.6366508987303555e-06,5.110252562665906,0.005950114594897693,0.10512270585713425,6.158482110660254e-07,9.152423202364943
N501,1440,101,0.0006951927961775591,0.1634920944373004,0.013728444033280551,0.04579145979615711,1e-06,9.145167150448778
N501,1440,102,1.6237767391887209e-06,6.804493386395826,0.003039119830683723,0.10624683896830353,1e-06,9.156482849354076
N501,1440,103,0.01,0.012490561160683283,0.014147951785413282,0.08894155638978109,1.2742749857031322e-06,9.16563625932257
N501,1440,104,6.951927961775606e-06,2.999987945516072,0.007691025636098359,0.0985009301043344,7.847599703514607e-07,9.134505366427222
N501,1440,105,1.2742749857031322e-06,7.875927641457452,0.0023955422059710463,0.11020508460924615,1e-06,9.143810879565812
N501,1440,106,0.002976351441631313,0.04095081716550789,0.014061855811986379,0.03329897042147741,1e-06,9.212356116486506
N501,1440,107,1.438449888287663e-07,29.809903707402643,0.00881450414895546,0.10084986202637233,1.2742749857031322e-06,9.152910210966871
N501,1440,108,1.1288378916846883e-07,34.063050903064045,0.012520289321339084,0.09120695287406007,1.2742749857031322e-06,9.067225382181936
N501,1440,109,2.3357214690901213e-05,1.6448512345450161,0.011603442141918108,0.05181998858308988,1e-06,9.193135739099
N501,1440,110,0.01,0.012555715651560056,0.014136089711480837,0.032330414709437386,6.158482110660254e-07,9.079895716809729
N501,1440,111,1.6237767391887209e-06,6.7504727268600755,0.003260510379003656,0.10606568939316627,1.2742749857031322e-06,9.091508349336923
N501,1440,112,1.6237767391887209e-06,6.818805723224032,0.0035053323939366887,0.1055556910398926,1e-06,9.17662815079028
N501,1440,113,4.832930238571752e-07,14.441280300918486,0.008407957645068298,0.09052766254952904,1.2742749857031322e-06,9.179139988664854
N501,1440,114,3.792690190732246e-07,16.608049321727684,0.0027210166669044966,0.11259531253558495,1e-06,9.083738529630548
N501,1440,115,2.06913808111479e-06,5.862935366911916,0.0014527576699314704,0.11426748080392866,1.2742749857031322e-06,9.12309360771104
N501,1440,116,1.6237767391887209e-06,6.818135649773105,0.0031591943885275198,0.1120974357017587,7.847599703514607e-07,9.17696065735669
N501,1440,117,1.2742749857031322e-06,7.77681002407925,0.001720362588841895,0.1134873702567464,1.2742749857031322e-06,9.033006490195024
N501,1440,118,2.976351441631313e-07,19.284816459626388,0.003888865175577849,0.10197118705528231,7.847599703514607e-07,9.098477769087843
N501,1440,119,6.158482110660254e-07,12.400310645930789,0.0036204575299265684,0.10393794599413299,1.2742749857031322e-06,9.178524695603574
N501,1440,120,2.06913808111479e-06,5.876915705394887,0.0032848532222559124,0.1137639612715799,7.847599703514607e-07,9.133577625014684
N501,1440,121,1.2742749857031322e-06,7.811412511480129,0.007143196126014106,0.08425483474690687,7.847599703514607e-07,9.072786963221366
N501,1440,122,7.847599703514607e-07,10.610580711724596,0.003379682009710505,0.10442493553236375,1e-06,9.127562443582743
N501,1440,123,6.158482110660254e-07,12.319051448980394,0.0033049017458265384,0.10478288589500198,1e-06,9.103051850133433
N501,1440,124,0.01,0.012593079147981774,0.014148978708182436,0.04009695869698173,7.847599703514607e-07,9.159129281550413
N501,1440,125,3.792690190732246e-07,16.725413260314223,0.004177446986422972,0.11072682648828984,1.6237767391887209e-06,9.155006934232714
N501,1440,126,7.847599703514607e-07,10.702947068427774,0.0017182116821010673,0.11243690997374034,1e-06,9.203103093061195
N501,1440,127,2.976351441631313e-07,19.296850287572873,0.0035499493430767304,0.10534128305923286,1e-06,9.086692479673513
N501,1440,128,1.6237767391887209e-06,6.7990226389595225,0.004860583404382779,0.1017679217364588,7.847599703514607e-07,9.15445732206127
N501,1440,129,1.2742749857031322e-06,7.945616207238278,0.0025477718779334246,0.10848958676466347,1e-06,9.225724094284459
N501,1440,130,1.6237767391887209e-06,6.805682232221666,0.0024682958133868116,0.11127334097904772,1.2742749857031322e-06,9.16139214429807
N501,1440,131,8.858667904100815e-06,2.664984807901918,0.006371480656290673,0.1009780867472965,1e-06,9.123552936656013
N501,1440,132,4.832930238571752e-07,14.396138746116545,0.0016484495942169497,0.11257425261323371,1e-06,9.16092661527316
N501,1440,133,2.3357214690901212e-07,22.296126228694813,0.0036749922947812985,0.10388475766908668,7.847599703514607e-07,9.08186050263447
N501,1440,134,1.2742749857031322e-06,7.889538583165368,0.0023260595845034926,0.10954932537457295,1.6237767391887209e-06,9.156695129123516
N501,1440,135,0.01,0.01268986866398893,0.014162240430152462,-0.002598377585485971,7.847599703514607e-07,9.208047725997991
N501,1440,136,2.3357214690901212e-07,22.36221715806203,0.005062032746150247,0.10356214440614361,1e-06,9.109393143304873
N501,1440,137,0.01,0.012254339702758573,0.014137138572033803,0.07892623505625763,1.2742749857031322e-06,9.07172704898656
N501,1440,138,1.8329807108324338e-07,25.841621279670797,0.006194117130532417,0.10619297923473649,1.2742749857031322e-06,9.113050193755527
N501,1440,139,7.847599703514607e-07,10.566149172497605,0.004222984188906431,0.10212728616740324,1e-06,9.086076698006872
N501,1440,140,1e-06,9.160351350972238,0.00242016621319574,0.10975762985994494,7.847599703514607e-07,9.160351350972238
N501,1440,141,1.8329807108324338e-05,1.82810079991958,0.011154150495082615,0.05556150882789156,7.847599703514607e-07,9.120419745193741
N501,1440,142,3.792690190732246e-07,16.65627823257492,0.004765601533128105,0.10325125098715468,1.2742749857031322e-06,9.117789763793636
N501,1440,143,7.847599703514607e-07,10.59756016489502,0.006110704580531423,0.09410105059743246,1.6237767391887209e-06,9.112603393802011
N501,1440,144,1.2742749857031322e-06,7.8389496423223015,0.002219301796709816,0.1099654798289987,1.2742749857031322e-06,9.106056578969106
N501,1440,145,7.847599703514607e-07,10.593255162598883,0.0023049302875002287,0.11688935558856488,2.06913808111479e-06,9.10967413415362
N501,1440,146,7.847599703514607e-07,10.654310813461258,0.0030267131777026446,0.10664680341250268,1.2742749857031322e-06,9.165256754328567
N501,1440,147,1.2742749857031322e-06,7.816610523228602,0.001680781064276049,0.11338119907253856,1.2742749857031322e-06,9.076800381388272
N501,1440,148,1e-06,9.164106733599843,0.004317558285234946,0.09989421720020479,1.2742749857031322e-06,9.164106733599843
N501,1440,149,4.8329302385717524e-05,1.1066439633506109,0.011329681167706163,0.0592830757540763,1e-06,9.075595617437411
N501,1440,150,7.847599703514607e-07,10.612997454069538,0.0012580698263031653,0.11586981456400512,7.847599703514607e-07,9.129408602430534
N501,1440,151,1e-06,9.058462173514302,0.004308718961315572,0.1045415180167937,6.158482110660254e-07,9.058462173514302
N501,1440,152,7.847599703514607e-07,10.61785889606337,0.005011162634779964,0.10115499627583653,7.847599703514607e-07,9.130563254038293
N501,1440,153,0.01,0.012129561727497403,0.014140372464962025,0.02922465225746239,7.847599703514607e-07,9.117021133261419
N501,1440,154,0.002335721469090121,0.052570421948295844,0.013965276756124023,0.030248301059232395,7.847599703514607e-07,9.131866712794952
N501,1440,155,1e-06,9.096286246218629,0.003464318548535572,0.10742707937060424,1.6237767391887209e-06,9.096286246218629
N501,1440,156,1.6237767391887209e-06,6.748950150553596,0.003793227487912776,0.1049147175977921,1e-06,9.088487455782428
N501,1440,157,5.455594781168514e-06,3.444358857571194,0.004580105224718745,0.09891255737506285,2.06913808111479e-06,9.215531577858464
N501,1440,158,1e-06,9.200569354812092,0.0010189053395013303,0.11605654314601695,1e-06,9.200569354812092
N501,1440,159,4.832930238571752e-07,14.39033816254551,0.0021050706558828347,0.11283504361035018,1e-06,9.147043207899067
N501,1440,160,2.06913808111479e-06,5.880230579174872,0.005291185601802861,0.10175427538552444,6.158482110660254e-07,9.14527560096115
N501,1440,161,1e-06,9.154691629802269,0.0015499904699176614,0.11317613688855674,1.2742749857031322e-06,9.154691629802269
N501,1440,162,1.2742749857031322e-06,7.8792359461225905,0.003231849886171312,0.10609037995774705,1.2742749857031322e-06,9.148105852765909
N501,1440,163,6.158482110660254e-07,12.272868105547865,0.0026804743648430884,0.11174256043682682,1.2742749857031322e-06,9.075191955153908
N501,1440,164,0.00016237767391887175,0.5422395074494243,0.013141395736310013,0.032169674939126515,1e-06,9.210584217054384
N501,1440,165,2.6366508987303555e-06,5.068053399975253,0.0018734611965699477,0.11330805429415515,1e-06,9.096860033046337
N501,1440,166,7.847599703514607e-07,10.662924977661902,0.004233508393206242,0.10176803937524681,1e-06,9.170327606358768
N501,1440,167,2.3357214690901212e-07,22.212706158894278,0.005029699158830447,0.1073330389939246,1e-06,9.027065213620803
N501,1440,168,4.8329302385717524e-05,1.129447922950619,0.011927989729120236,0.053976173259673826,6.158482110660254e-07,9.231807542296911
N501,1440,169,6.158482110660254e-07,12.452119812355114,0.0031559178844073887,0.11047153209414584,1e-06,9.21064546980627
N501,1440,170,7.847599703514607e-07,10.624029088168886,0.002829731020253523,0.1079774895512241,1.6237767391887209e-06,9.13837758902164
N501,1440,171,1.6237767391887209e-06,6.780947704806962,0.0025737037947289876,0.11567560959100291,7.847599703514607e-07,9.12577922236088
N501,1440,172,0.01,0.013289102055074213,0.014121839810515402,0.027073817573078324,6.158482110660254e-07,9.145292517773196
N501,1440,173,1.6237767391887209e-06,6.7768159485583,0.003053254853900511,0.10600441721469721,7.847599703514607e-07,9.115795801105813
N501,1440,174,6.158482110660254e-07,12.359147145866627,0.0034068679022167814,0.10516146925461316,1.2742749857031322e-06,9.141822902088508
N501,1440,175,2.06913808111479e-06,5.94366045224543,0.005643968468440064,0.09348972546038814,1e-06,9.236616660334848
N501,1440,176,1.2742749857031322e-06,7.839792088110333,0.0027273737736236425,0.10819175171006659,1.2742749857031322e-06,9.103347681994697
N501,1440,177,6.951927961775605e-08,44.65502587877222,0.013207767847044694,0.07399632205797602,1e-06,9.165300074620273
N501,1440,178,1.2742749857031322e-06,7.834227188111068,0.007937657556533861,0.07915924151233736,1.2742749857031322e-06,9.095133299446182
N501,1440,179,2.976351441631313e-07,19.43043647815629,0.0037916585724467877,0.10496358518344256,1e-06,9.175603049578438
N501,1440,180,2.06913808111479e-06,5.833318057678997,0.003178168767300482,0.10751203994348504,1.6237767391887209e-06,9.081408888385905
N501,1440,181,7.847599703514607e-07,10.611732515248857,0.0021792559808849754,0.11037055625937016,1e-06,9.130019432077352
N501,1440,182,5.455594781168514e-06,3.4341556076227246,0.0060044903536371486,0.10222075488573518,7.847599703514607e-07,9.196557591516324
N501,1440,183,4.832930238571752e-07,14.466229834993674,0.003335544861763573,0.10808291522524487,1.2742749857031322e-06,9.219470205466736
N501,1440,184,2.06913808111479e-06,5.882903505660719,0.003326048769967338,0.10481741745131387,1.2742749857031322e-06,9.150659704184749
N501,1440,185,3.792690190732246e-07,16.771369908890684,0.004209583928789118,0.10201915148531134,7.847599703514607e-07,9.18858366378338
N501,1440,186,2.6366508987303555e-06,5.11768409158359,0.0030589987148308406,0.11246646815383804,1e-06,9.170387422317548
N501,1440,187,6.158482110660254e-07,12.382587933094948,0.0026318436494415787,0.11019241793068993,1.2742749857031322e-06,9.164085304254215
N501,1440,188,2.06913808111479e-06,5.8485636755910475,0.003108529969582996,0.10947649483763933,1e-06,9.106325193232006
N501,1440,189,6.158482110660254e-07,12.339985054529388,0.0026279105117997803,0.10806626816780555,1e-06,9.131758217445942
N501,1440,190,7.847599703514607e-07,10.70275169239268,0.002682547953411274,0.10828931611007031,1e-06,9.208456945937815
N501,1440,191,0.01,0.012456710782832298,0.014122868438179004,0.03617523590933635,1e-06,9.16073266724571
N501,1440,192,2.976351441631313e-07,19.304675659118068,0.004902574517855585,0.10228611303980736,1e-06,9.08591697503348
N501,1440,193,1.43844988828766e-05,2.0796464215206076,0.008114017857581368,0.0886552345127112,7.847599703514607e-07,9.134172189982596
N501,1440,194,2.976351441631313e-07,19.472857952740963,0.005689055954801292,0.09725096171588922,1e-06,9.198086730589214
N501,1440,195,0.0001,0.7233066988525326,0.013155505418920632,0.03204788598353887,6.158482110660254e-07,9.078172456555919
N501,1440,196,5.455594781168514e-06,3.440305394122961,0.008315315710968774,0.07784998619680761,1.6237767391887209e-06,9.225332430858506
N501,1440,197,8.858667904100815e-08,39.047468414261104,0.011650398564239883,0.08599731965942871,1e-06,9.127936407047496
N501,1440,198,2.06913808111479e-06,5.885627230539199,0.003052296189642756,0.10897999017460816,6.158482110660254e-07,9.161787985156375
N501,1440,199,1.6237767391887209e-06,6.807986629882107,0.00366506960241042,0.1156982938094813,4.832930238571752e-07,9.15848958714652
