environment,T,lambda,population_complexity,population_bias,population_ridge_loss,replications,complexity_mean,complexity_median,complexity_mcse,complexity_ci_low,complexity_ci_high,population_loss_mean,population_loss_median,population_loss_mcse,population_loss_ci_low,population_loss_ci_high,population_sharpe_mean,population_sharpe_median,population_sharpe_mcse,population_sharpe_ci_low,population_sharpe_ci_high,oos_loss_mean,oos_loss_median,oos_loss_mcse,oos_loss_ci_low,oos_loss_ci_high,oos_sharpe_mean,oos_sharpe_median,oos_sharpe_mcse,oos_sharpe_ci_low,oos_sharpe_ci_high,regret_mean,regret_median,regret_mcse,regret_ci_low,regret_ci_high,estimation_signed_mean,estimation_signed_median,estimation_signed_mcse,estimation_signed_ci_low,estimation_signed_ci_high,estimation_norm_mean,estimation_norm_median,estimation_norm_mcse,estimation_norm_ci_low,estimation_norm_ci_high,cross_term_mean,cross_term_median,cross_term_mcse,cross_term_ci_low,cross_term_ci_high
strong_low_noise,60,1e-12,255.77539171533348,3.461474173207385e-05,0.9423231719556624,200,59.994596926932445,59.994595777179384,1.7756920088060653e-05,59.99456212336907,59.99463173049582,2.185527297132376,2.153836967595981,0.01682829335609075,2.1525438421544383,2.218510752110314,0.049304924557750776,0.05407416271535439,0.0036775658735288975,0.042096895445634136,0.056512953669867416,2.174719640382753,2.1475850713683813,0.017904352258392788,2.139627109956303,2.209812170809203,0.048269344743196836,0.04458864915870561,0.004658959269035825,0.03913778457588662,0.057400904910507054,1.2432387399184457,1.2115484103820509,0.01682829335609075,1.2102552849405077,1.2762221948963837,1.2432041251767136,1.2115137956403188,0.01682829335609075,1.2102206701987757,1.2761875801546516,1.2432040693625475,1.2115137347201337,0.01682829131228417,1.2102206183904705,1.2761875203346245,5.581416623477489e-08,3.591392616455551e-08,1.48142370857315e-08,2.6778261546741146e-08,8.485007092280863e-08
strong_low_noise,60,1.2742749857031321e-12,255.71393592241597,3.4614762585059855e-05,0.9423231719765154,200,59.99311534843932,59.993113869604144,2.262456131618945e-05,59.99307100429914,59.993159692579496,2.1854387946316667,2.1537489549592337,0.016826820771455583,2.152458225919614,2.2184193633437195,0.049306656490485906,0.05407415953041746,0.0036775955179384535,0.042098569275326535,0.05651474370564528,2.1746317938401463,2.147502857028888,0.01790297449904874,2.1395419638220106,2.209721623858282,0.04827105084855203,0.044589263335205014,0.004658988325631409,0.03913943373031447,0.05740266796678959,1.2431502374177363,1.2114603977453033,0.016826820771455583,1.2101696687056833,1.2761308061297894,1.2431156226551512,1.2114257829827184,0.016826820771455583,1.2101350539430982,1.2760961913672042,1.2431155515715058,1.2114257053974686,0.016826818167200306,1.2101349879637933,1.2760961151792183,7.108364501689894e-08,4.577015093783966e-08,1.8873610613248858e-08,3.409136821493118e-08,1.080759218188667e-07
strong_low_noise,60,1.6237767391887243e-12,255.6357166767569,3.4614796393613034e-05,0.942323172010324,200,59.99122764091873,59.991225741663015,2.882571123081144e-05,59.99117114252472,59.99128413931274,2.1853260423044762,2.1536368271292314,0.01682494490925807,2.1523491502823306,2.218302934326622,0.04930886324191057,0.054074155471292476,0.0036776332889061694,0.04210070199565448,0.05651702448816666,2.1745198771177554,2.147398115791522,0.017901219415161058,2.1394334870640397,2.209606267171471,0.04827322470748505,0.044590046077245704,0.004659025346928523,0.03914153502750515,0.05740491438746496,1.243037485090546,1.211348269915301,0.01682494490925807,1.2100605930684,1.2760143771126917,1.2430028702941525,1.2113136551189074,0.01682494490925807,1.2100259782720066,1.2759797623162983,1.2430027797771892,1.2113135563250226,0.016824941590910327,1.210025894259005,1.2759796652953734,9.051696393281813e-08,5.833337804322521e-08,2.404400199136665e-08,4.33907200297395e-08,1.3764320783589676e-07
strong_low_noise,60,2.06913808111479e-12,255.5361933694386,3.461485118335522e-05,0.9423231720651137,200,59.98882255443843,59.98882011609173,3.672512638279637e-05,59.98875057319072,59.988894535686136,2.185182404107163,2.153493985156908,0.016822555543908827,2.1522101952411017,2.2181546129732244,0.049311674912861723,0.054074150294306546,0.0036776814127732,0.04210341934382625,0.0565199304818972,2.1743773032774034,2.14726468311994,0.017898983864866602,2.139295294902265,2.209459311652542,0.04827599449426705,0.04459104368947524,0.004659072514471713,0.03914421236590249,0.05740777662263161,1.2428938468932325,1.211205427942978,0.016822555543908827,1.2099216380271711,1.2758660557592938,1.2428592320420493,1.2111708130917946,0.016822555543908827,1.209887023175988,1.2758314409081106,1.242859116800873,1.2111706873163621,0.016822551315729517,1.2098869162220431,1.2758313173797027,1.1524117413377448e-07,7.434835053438991e-08,3.0628663773828467e-08,5.5208993137070686e-08,1.7527335513047828e-07
strong_low_noise,60,2.6366508987303555e-12,255.40961525486748,3.461493992819309e-05,0.9423231721538585,200,59.98575841450494,59.98575528249715,4.6786993413168616e-05,59.98566671199785,59.985850117012035,2.184999433282913,2.1533120296602526,0.0168195124562139,2.152033188868734,2.217965677697092,0.049315257206747544,0.054074143687263244,0.003677742724904171,0.04210688146593537,0.056523632947559715,2.174195688032441,2.1470947124241677,0.017896136634139814,2.139119260229527,2.209272115835355,0.048279523464407406,0.0445923152208518,0.004659132606293302,0.039147623556072535,0.05741142337274228,1.2427108760689827,1.2110234724463222,0.0168195124562139,1.2097446316548035,1.2756771204831618,1.2426762611290545,1.210988857506394,0.0168195124562139,1.2097100167148753,1.2756425055432337,1.2426761144458405,1.2109886974205462,0.0168195070688528,1.209709880590889,1.275642348300792,1.4668321404850288e-07,9.476548171379476e-08,3.901310986814849e-08,7.021751870693184e-08,2.2314890939007391e-07
strong_low_noise,60,3.359818286283788e-12,255.24871106543188,3.4615083573934224e-05,0.9423231722975043,200,59.98185483233097,59.98185080453617,5.960181806055417e-05,59.98173801276757,59.98197165189436,2.1847663815659883,2.1530802729146528,0.016815637355000815,2.151807732350187,2.2177250307817897,0.04931982114407299,0.05407413524942978,0.0036778208357285684,0.042111292306044996,0.05652834998210098,2.1739643625531193,2.146878219142532,0.017892510872097575,2.138895041243808,2.2090336838624305,0.048284019530569,0.04459393598756731,0.0046592091593615865,0.03915196957822029,0.05741606948291771,1.242477824352058,1.2107917157007226,0.016815637355000815,1.2095191751362564,1.2754364735678596,1.242443209268484,1.2107571006171487,0.016815637355000815,1.2094845600526825,1.2754018584842857,1.2424430226219636,1.2107568969260198,0.016815630490839232,1.2094843868599188,1.2754016583840084,1.8664651934209842e-07,1.2079812046986594e-07,4.968711316698037e-08,8.92597775348169e-08,2.8403326114937993e-07
strong_low_noise,60,4.281332398719396e-12,255.04430644497188,3.461531588545841e-05,0.9423231725298158,200,59.97688217562385,59.97687698632932,7.592045234291534e-05,59.97673337153726,59.97703097971044,2.184469577394862,2.152785120785402,0.016810703674736235,2.1515205981923793,2.217418556597345,0.04932563541010897,0.0540741244652913,0.0036779203417026843,0.042116911540371706,0.05653435927984623,2.173669756228675,2.146602503143339,0.017887894534946183,2.1386094829401805,2.2087300295171697,0.04828974743632961,0.04459600207923259,0.004659306675868121,0.039157506351628096,0.05742198852103113,1.2421810201809318,1.2104965635714717,0.016810703674736235,1.2092320409784487,1.2751299993834149,1.2421464048650463,1.2104619482555863,0.016810703674736235,1.2091974256625633,1.2750953840675294,1.2421461674597958,1.210461689186308,0.016810694929240557,1.2091972053984843,1.2750951295211073,2.37405251476404e-07,1.5399603563171563e-07,6.327238985567624e-08,1.1339136735927857e-07,3.6141913559352943e-07
strong_low_noise,60,5.455594781168514e-12,254.7848569886404,3.461569118506924e-05,0.9423231729051154,200,59.97054820684747,59.97054150443556,9.669707147397898e-05,59.97035868058738,59.970737733107555,2.184091639445304,2.1524092910690364,0.016804423723023668,2.1511549689481773,2.2170283099424304,0.04933304203848807,0.0540741106699061,0.0036780470931281773,0.04212406973595684,0.0565420143410193,2.173294615932525,2.146251418153142,0.01788201834376852,2.1382458599787384,2.2083433718863112,0.048297044222569585,0.04459863612851534,0.004659430884934856,0.03916455968809727,0.0574295287570419,1.2418030822313733,1.210120733855106,0.016804423723023664,1.208866411734247,1.2747397527284996,1.2417684665401882,1.210086118163921,0.016804423723023668,1.208831796043062,1.2747051370373146,1.2417681647212049,1.2100857888294199,0.016804412581035256,1.2088315160623757,1.274704813380034,3.018189850781359e-07,1.9633985129638536e-07,8.055731931574048e-08,1.4392663921928455e-07,4.5971133093698725e-07
strong_low_noise,60,6.951927961775591e-12,254.45588555899906,3.461629665342525e-05,0.9423231735105838,200,59.962481146325715,59.962472461795485,0.00012314331931479448,59.96223978541986,59.96272250723157,2.183610483928758,2.1519308270304336,0.016796432541983368,2.1506894761464705,2.216531491711045,0.049342476314269385,0.05407409300276898,0.003678208533800566,0.042133187588020274,0.056551765040518495,2.172817020520907,2.1458044496129145,0.01787454065696881,2.137782920833248,2.207851120208566,0.04830633886085823,0.04460199470769737,0.004659589074225333,0.03917354427537657,0.057439133446339885,1.2413219267148272,1.2096422698165035,0.016796432541983364,1.2084009189325398,1.2742429344971147,1.2412873104181739,1.2096076535198501,0.01679643254198337,1.2083663026358864,1.2742083182004613,1.241286926947805,1.2096072351347797,0.016796418347586845,1.2083659469865349,1.2742079069090753,3.8347036909866604e-07,2.503626569332e-07,1.0254029332358987e-07,1.824913941844299e-07,5.844493440129021e-07
strong_low_noise,60,8.858667904100833e-12,254.03931582015161,3.461727177030832e-05,0.9423231744857007,200,59.95220823494781,59.9521969369189,0.00015679630585031324,59.95190091418834,59.95251555570728,2.182998074912619,2.151321855856992,0.016786267728131233,2.150096990165482,2.2158991596597564,0.049354492002984696,0.05407407034576005,0.0036784141311858288,0.04214480030586047,0.05656418370010892,2.172209140160691,2.1452355538288934,0.017865028543973732,2.1371936842145027,2.2072245961068795,0.04831817715032027,0.04460627782560764,0.004659790509477932,0.03918498775174352,0.057451366548897015,1.2407095176986886,1.2090332986430619,0.016786267728131233,1.2078084329515515,1.2736106024458258,1.2406749004269182,1.2089986813712916,0.016786267728131233,1.207773815679781,1.2735759851740553,1.2406744135996386,1.2089981502944727,0.016786249646397525,1.2077733642926995,1.2735754629065776,4.868272809145691e-07,3.1930688246037e-07,1.3048352703025998e-07,2.3107956793525957e-07,7.425749938938787e-07
strong_low_noise,60,1.1288378916846884e-11,253.51270112608827,3.46188388193544e-05,0.9423231760527497,200,59.93912865138132,59.93911388091836,0.0001996036460307737,59.93873742823509,59.93951987452754,2.1822188565398988,2.150547031545373,0.016773344335879098,2.1493431016415756,2.215094611438222,0.04936979328448784,0.05407404123870879,0.003678675920338411,0.04215958848062455,0.056579998088351124,2.17143567975775,2.144511701645313,0.017852934230963544,2.136443928665061,2.2064274308504386,0.04833325324666195,0.0446117411447253,0.0046600469642166424,0.03919956119679733,0.057466945296526566,1.2399302993259687,1.2082584743314426,0.016773344335879098,1.2070545444276457,1.2728060542242916,1.2398956804871493,1.2082238554926232,0.016773344335879098,1.2070199255888263,1.2727714353854722,1.2398950630582137,1.2082231820727638,0.016773321304343943,1.2070193533016995,1.272770772814728,6.17428937158284e-07,4.0732706989404777e-07,1.65979357643056e-07,2.9210939617789425e-07,9.427484781386739e-07
strong_low_noise,60,1.4384498882876659e-11,252.84836111467573,3.4621350321943634e-05,0.9423231785642523,200,59.92247937906022,59.92246065133842,0.00025402923737002854,59.921981481754976,59.922977276365465,2.1812277949097645,2.1495615908725343,0.016756923888719775,2.1483842240878737,2.2140713657316553,0.049389275098488075,0.054074003762928216,0.003679009190157416,0.04217841708577954,0.05660013311119661,2.1704519346888054,2.1435910595417376,0.01783756598846878,2.1354903053514067,2.205413564026204,0.04835244952152479,0.04461871173443567,0.004660373386871594,0.03921811768325646,0.05748678135979311,1.238939237695834,1.207273033658604,0.01675692388871977,1.206095666873943,1.2717828085177247,1.238904616345512,1.207238412308282,0.016756923888719775,1.2060610455236211,1.2717481871674028,1.2389038342537948,1.2072375595167324,0.016756894555938567,1.2060603209241552,1.2717473475834344,7.8209171736985e-07,5.197524447686677e-07,2.1103113399176198e-07,3.6847069474599647e-07,1.1957127399937035e-06
strong_low_noise,60,1.8329807108324375e-11,252.0124602031819,3.462536196213728e-05,0.9423231825758924,200,59.901292320016736,59.901268736833785,0.0003231839067112582,59.90065887955958,59.901925760473894,2.17996794654007,2.1483089406370683,0.016736076472960548,2.147165236653067,2.2127706564270726,0.04941407399649496,0.05407395537812455,0.0036794333468503555,0.04220238463666826,0.056625763356321655,2.169201376224992,2.1424207309881713,0.01781805247456076,2.134277993374853,2.2041247590751314,0.048376886842461685,0.044627608441647815,0.004660788738214898,0.039241740915560486,0.057512032769362884,1.237679389326139,1.206020383423138,0.016736076472960548,1.2048766794391363,1.2704820992131418,1.237644763964177,1.205985758061176,0.016736076472960548,1.2048420540771743,1.2704474738511797,1.2376437748397988,1.2059846799105274,0.01673603912085311,1.2048411381629267,1.270446411516671,9.891243781010907e-07,6.634271510900901e-07,2.681506445160579e-07,4.635491148496173e-07,1.5146996413525643e-06
strong_low_noise,60,2.3357214690901212e-11,250.96409540799655,3.463174312878098e-05,0.9423231889570591,200,59.874340624293126,59.874311027180056,0.00041098527500491765,59.87353509315412,59.875146155432134,2.1783674617119453,2.146717686299157,0.01670963494814832,2.1456165772135747,2.211118346210316,0.04944563204120435,0.05407389269008365,0.0036799729965400875,0.04223288496798578,0.05665837911442292,2.1676126753937854,2.1409339728781696,0.0177932995870814,2.132737808203106,2.202487542584465,0.048407987819414834,0.044638968321496,0.0046613170381960105,0.03927180642455065,0.05754416921427902,1.2360789044980152,1.2044291290852265,0.01670963494814832,1.2033280199996446,1.2688297889963858,1.2360442727548864,1.2043944973420977,0.01670963494814832,1.2032933882565158,1.268795157253257,1.2360430242218121,1.2043931371181347,0.016709587394127066,1.203292232929323,1.2687938155143013,1.248533074105674e-06,8.422114229966018e-07,3.404734678602126e-07,5.812050770996574e-07,1.9158610711116907e-06
strong_low_noise,60,2.976351441631313e-11,249.65450748010358,3.4641841556035113e-05,0.9423231990554863,200,59.84007186641225,59.84003488475447,0.0005223509557070506,59.83904805853906,59.84109567428544,2.176335928028982,2.1446980100463873,0.016676140567564394,2.1436506925165557,2.2090211635414083,0.04948577678751643,0.05407381111363591,0.0036806592965049983,0.04227168456636663,0.05669986900866623,2.165596070951822,2.1390467990862927,0.017761939096548295,2.1307826703225876,2.2004094715810565,0.048447556074430465,0.04465348106739957,0.004661988667500763,0.03931005828612897,0.05758505386273196,1.2340473708150517,1.202409452832457,0.016676140567564394,1.2013621353026254,1.266732606327478,1.2340127289734957,1.202374810990901,0.016676140567564394,1.2013274934610694,1.266697964485922,1.2340111567900245,1.2023730993746118,0.01667608004163647,1.201326039908417,1.266696273671632,1.572183472420112e-06,1.0467152669413627e-06,4.318923915437762e-07,7.256743849943107e-07,2.418692559845913e-06
strong_low_noise,60,3.7926901907322536e-11,248.02658860827123,3.4657723270999086e-05,0.9423232149372014,200,59.79652539680475,59.796479452979966,0.0006634281336042773,59.79522507766289,59.797825715946615,2.173759967935093,2.142137316077884,0.016633779902323904,2.1411577593265383,2.2063621765436476,0.04953682088967404,0.05407370437393768,0.0036815316319231055,0.042321018891104754,0.05675262288824332,2.163038995298437,2.1366538909612345,0.0177222688558147,2.12830334834104,2.1977746422558337,0.04849787513303587,0.044672034065966454,0.0046628419746012235,0.03935870486281747,0.05763704540325427,1.2314714107211628,1.1998487588639535,0.0166337799023239,1.198869202112608,1.2640736193297177,1.2314367529978916,1.1998141011406824,0.016633779902323904,1.1988345443893367,1.2640389616064465,1.2314347791278397,1.1998119543741457,0.01663370289353182,1.1988327214565173,1.2640368367991621,1.9738700517301294e-06,1.2919709749825055e-06,5.472067684329612e-07,9.013447856015254e-07,3.0463953178587335e-06
strong_low_noise,60,4.832930238571752e-11,246.01492578448696,3.4682513095990464e-05,0.9423232397270264,200,59.741231003027366,59.74117435579831,0.0008418600725240027,59.73958095728522,59.74288104876951,2.1704980328172767,2.1388950919251357,0.016580314110222753,2.1380006171612402,2.202995448473313,0.04960168534660456,0.05407356375311189,0.0036826396809682975,0.04238371157190669,0.05681965912130242,2.159800900549608,2.133623761276304,0.01767218540094988,2.1251634171637463,2.1944383839354695,0.04856183105629602,0.044695771653969915,0.004663925242214923,0.039420537581554775,0.05770312453103727,1.2282094756033468,1.1966065347112054,0.016580314110222753,1.1957120599473101,1.2607068912593835,1.2281747930902507,1.1965718521981095,0.016580314110222757,1.195677377434214,1.2606722087462874,1.2281723238678766,1.1965691705641772,0.016580216176048775,1.195675100162821,1.2606695475729321,2.4692223736306713e-06,1.58072174450329e-06,6.922818911353783e-07,1.1123498670053298e-06,3.826094880256013e-06
strong_low_noise,60,6.158482110660255e-11,243.54667632170757,3.4720862379190864e-05,0.9423232780763096,200,59.671086062232035,59.67101691915872,0.001067085297863223,59.668994575048224,59.67317754941585,2.166374399422932,2.134797001156483,0.016513003568697247,2.134008912428285,2.1987398864175787,0.04968405071495167,0.05407337692769168,0.0036840459335860157,0.042463320685123075,0.05690478074478026,2.15570728924066,2.129793176505215,0.017609111528332635,2.121193430645128,2.190221147836192,0.04864306333594834,0.04472617347408968,0.004665299065528931,0.03949907716751164,0.05778704950438504,1.2240858422090013,1.1925084439425528,0.01651300356869725,1.1917203552143547,1.2564513292036479,1.224051121346622,1.1924737230801736,0.01651300356869725,1.1916856343519755,1.2564166083412687,1.2240480459891805,1.1924703901292064,0.016512879100580483,1.1916828029520428,1.2564132890263182,3.0753574419362225e-06,1.9122274225594456e-06,8.74206603467474e-07,1.3619124991399734e-06,4.788802384732472e-06
strong_low_noise,60,7.847599703514623e-11,240.5435945427909,3.477956662389231e-05,0.9423233367805542,200,59.5822088578267,59.58212560584266,0.0013506568830929891,59.57956157033584,59.58485614531756,2.161172491301009,2.1296283452792757,0.01642853405209803,2.1289725645588966,2.193372418043121,0.04978854060736559,0.054134515911576496,0.0036858287249246936,0.04256431630651319,0.05701276490821799,2.1505430697333843,2.1249248548774418,0.01752992427818473,2.1161844181481424,2.184901721318626,0.048746148697465935,0.044765158643801886,0.004667039184595039,0.03959875189565966,0.05789354549927221,1.2188839340870785,1.1873397880653453,0.01642853405209803,1.1866840073449665,1.2510838608291905,1.2188491545204547,1.1873050084987216,0.016428534052098032,1.1866492277783425,1.251049081262567,1.2188453443491172,1.1873008916719963,0.01642837599029835,1.1866457274081323,1.251044961290102,3.810171337839659e-06,2.2795228335997286e-06,1.1014288743103807e-06,1.6513707441913131e-06,5.968971931488005e-06
strong_low_noise,60,1e-10,236.92548021683263,3.486834305013037e-05,0.9423234255569805,200,59.469766977987874,59.4696686083179,0.0017065559081789257,59.46642212840784,59.473111827567905,2.1546278448846503,2.123229685950184,0.01632295534313502,2.1226348524121055,2.186620837357195,0.04992094117160843,0.05426336759141157,0.0036880858282438748,0.042692292948250436,0.05714958939496643,2.1440455512600183,2.118625085937281,0.017430893013675806,2.1098810009532136,2.178210101566823,0.04887682203575748,0.044688398285916114,0.004669239789802403,0.03972511204774477,0.05802853202377019,1.2123392876707202,1.1809411287362537,0.01632295534313502,1.1803462951981756,1.2443322801432648,1.21230441932767,1.1809062603932037,0.01632295534313502,1.1803114268551254,1.2442974118002146,1.2122997281684258,1.1809167642955098,0.016322754835233547,1.180307128691368,1.2442923276454836,4.6911592443557784e-06,2.8550355648009493e-06,1.38383753446415e-06,1.9788376768060445e-06,7.403480811905512e-06
strong_low_noise,60,1.274274985703132e-10,232.61516401303626,3.500075451192547e-05,0.9423235579684422,200,59.32778214687493,59.32766898847223,0.002151453095153401,59.32356529880843,59.33199899494143,2.146421347366927,2.1166733550672276,0.016191649658027725,2.1146857140371926,2.178156980696661,0.05008845859997601,0.054426963292336566,0.003690938617246334,0.04285421891017319,0.057322698289778824,2.135897698238822,2.1103903180826302,0.017307643180182245,2.1019747176056645,2.169820678871979,0.04904223735147711,0.04464997975008434,0.004672017275719285,0.03988508349106731,0.05819939121188691,1.2041327901529968,1.1743847978532973,0.01619164965802772,1.1723971568232625,1.235868423482731,1.2040977893984848,1.1743497970987855,0.016191649658027725,1.1723621560687505,1.235833422728219,1.204092055730201,1.1743631941183115,0.01619139565790162,1.1723569202407138,1.2358271912196883,5.7336682834692775e-06,3.689313236403738e-06,1.7327438852500122e-06,2.337490268379254e-06,9.129846298559301e-06
strong_low_noise,60,1.6237767391887175e-10,227.5448673442849,3.5195232036148993e-05,0.9423237524459664,200,59.14891702617735,59.14879195191996,0.002704844633142898,59.143615530696394,59.15421852165831,2.136173820317863,2.107052956884403,0.016029355320507813,2.1047562838896674,2.1675913567460583,0.05030001348038152,0.05463446303214334,0.0036945367454441014,0.043058721459311076,0.05754130550145196,2.1257227067839413,2.0997117300163337,0.017155168691161835,2.092098576149264,2.1593468374186187,0.04925126870748281,0.04465248635472786,0.004675514347846964,0.040087260585702764,0.058415276829262855,1.1938852631039323,1.164764399670473,0.016029355320507813,1.162467726675737,1.2253027995321275,1.1938500678718962,1.164729204438437,0.016029355320507813,1.162432531443701,1.2252676043000914,1.1938431193443337,1.1647645897171996,0.016029034129304967,1.162426212450896,1.2252600262377715,6.948527562626502e-06,4.844346544404826e-06,2.16070040294769e-06,2.71355477284903e-06,1.1183500352403974e-05
strong_low_noise,60,2.0691380811147902e-10,221.66340283061828,3.547610804970763e-05,0.94232403332198,200,58.92425610931845,58.92412643865609,0.0033889526562489985,58.917613762112204,58.930898456524694,2.1234436198425417,2.094129577673389,0.015830279548244296,2.092416271927983,2.1544709677571006,0.05056656526384127,0.05489731223308299,0.0036990631908034467,0.04331640140986651,0.057816729117816025,2.113081559556783,2.0864682574158886,0.016967923674968233,2.0798244291538452,2.1463386899597205,0.049514846167562736,0.04465691612142367,0.004679904284113734,0.040342233770699815,0.05868745856442566,1.1811550626286114,1.1518410204594585,0.015830279548244296,1.1501277147140525,1.2121824105431702,1.1811195865205617,1.1518055443514088,0.015830279548244296,1.1500922386060028,1.2121469344351206,1.181111247455035,1.151849479595899,0.01582987430634711,1.1500846938145945,1.2121378010954753,8.33906552771681e-06,5.662408991269752e-06,2.681077859149559e-06,3.0841529237836754e-06,1.3593978131649945e-05
strong_low_noise,60,2.6366508987303556e-10,214.9433066712101,3.58745336633548e-05,0.9423244317475937,200,58.64310237797297,58.64298275744008,0.004228241751418537,58.634815024140195,58.65138973180575,2.107729634281567,2.080186187697933,0.015588340104770048,2.0771764876762173,2.1382827808869163,0.05090145154207276,0.05522973126168358,0.003704739369791065,0.04364016237728228,0.058162740706863246,2.097475922940956,2.0697109510248426,0.016740029958378852,2.0646654642225335,2.1302863816593782,0.049846313602046236,0.04466451630550252,0.0046853950210985346,0.04066293936069311,0.05902968784339936,1.1654410770676367,1.1378976304840025,0.015588340104770048,1.1348879304622874,1.195994223672986,1.1654052025339734,1.137861755950339,0.015588340104770046,1.1348520559286241,1.1959583491393226,1.1653953049190173,1.1378920836154185,0.015587830254519893,1.1348431576201583,1.1959474522178764,9.897614955730298e-06,6.138734820231624e-06,3.3073120048846946e-06,3.415283426156297e-06,1.63799464853043e-05
strong_low_noise,60,3.3598182862837877e-10,207.38675093619725,3.642912200926829e-05,0.9423249863359396,200,58.292824047273264,58.292740619401656,0.005248370785758828,58.28253724053317,58.303110854013354,2.0884827540860424,2.0621366242924597,0.015297573606510965,2.058499509817281,2.1184659983548038,0.0513207146671036,0.05565421741398464,0.0037118298350815116,0.04404552819034384,0.05859590114386336,2.078359445616316,2.048301621053805,0.016465635441790572,2.0460868001504067,2.1106320910822256,0.05026178344639244,0.04467727289312304,0.00469223259377495,0.04106500756259354,0.05945855933019134,1.1461941968721123,1.1198480670785294,0.015297573606510965,1.1162109526033508,1.1761774411408739,1.1461577677501031,1.11981163795652,0.01529757360651096,1.1161745234813416,1.1761410120188647,1.146146166025913,1.1198250487791757,0.015296934359509356,1.1161641746812745,1.1761281573705513,1.1601724189271037e-05,6.248028943596015e-06,4.051735626602814e-06,3.660322361129522e-06,1.954312601741255e-05
strong_low_noise,60,4.281332398719396e-10,199.02910235414777,3.7186133063291105e-05,0.9423257433469936,200,57.858800644315345,57.858655144391236,0.006474394135223491,57.84611083181031,57.87149045682038,2.06512928870558,2.0381983801173202,0.014952730851131055,2.035821936237363,2.094436641173797,0.05184337264817906,0.056360156712494724,0.003720645848418503,0.044550906785278795,0.05913583851107932,2.0551609269044775,2.0223764013194425,0.01613944367806635,2.0235276172954673,2.0867942365134877,0.05078044781052922,0.044698308533532946,0.004700703355857103,0.0415670692330493,0.05999382638800914,1.1228407314916498,1.0959098229033901,0.014952730851131055,1.093533379023433,1.1521480839598666,1.1228035453585863,1.0958726367703269,0.014952730851131054,1.0934961928903695,1.152110897826803,1.1227901349034497,1.0959212822199407,0.014951932709729195,1.0934843467923805,1.152095923014519,1.3410455137035521e-05,8.031907044309208e-06,4.923945904647875e-06,3.759521163925686e-06,2.3061389110145358e-05
strong_low_noise,60,5.455594781168515e-10,189.93932912890446,3.819898005653216e-05,0.9423267561939869,200,57.324532220177716,57.324231923765666,0.007928077594783518,57.30899318809194,57.34007125226349,2.037109457316542,2.0081245974080466,0.014550038979904548,2.008591380915929,2.065627533717155,0.052491573779417336,0.057112130232157235,0.0037315468981915937,0.04517774185896181,0.05980540569987286,2.027322496023783,1.997298862739799,0.015757399689927346,1.9964379926315252,2.0582069994160404,0.05142478682152261,0.044732462412130865,0.0047111344329877295,0.042190963332866656,0.06065861031017856,1.0948209001026112,1.0658360401941163,0.014550038979904548,1.0663028237019982,1.1233389765032242,1.0947827011225548,1.0657978412140596,0.014550038979904544,1.0662646247219418,1.1233007775231678,1.0947674397447285,1.0657978911671362,0.014549047375543913,1.0662513068886623,1.1232835726007946,1.5261377827260752e-05,1.0549348137709565e-05,5.928741588717251e-06,3.6410443133749413e-06,2.6881711341146562e-05
strong_low_noise,60,6.951927961775591e-10,180.21703997963806,3.952677729067433e-05,0.942328083991221,200,56.67198456375155,56.671437976191086,0.009624334387649215,56.653120868351756,56.690848259151345,2.0039324066642705,1.9765609986359407,0.014088044598816999,1.9763198392505892,2.031544974077952,0.05329055887782531,0.0578959502592899,0.0037449390671597765,0.045950478306192144,0.06063063944945847,1.9943543037774953,1.9639800635382088,0.015317459578181002,1.9643320830042605,2.02437652455073,0.052220596953220094,0.045045208173401755,0.004723892131240014,0.04296176837598967,0.06147942553045052,1.0616438494503404,1.0342724414220101,0.014088044598816999,1.034031282036659,1.0892564168640217,1.0616043226730498,1.0342329146447196,0.014088044598817002,1.0339917552593685,1.0892168900867312,1.0615872534995296,1.0341482548275733,0.014086819711608453,1.033977086864777,1.0891974201342822,1.7069173520144476e-05,1.1581006536353718e-05,7.0638244790972e-06,3.224077541113965e-06,3.0914269499174986e-05
strong_low_noise,60,8.858667904100832e-10,169.98659146775984,4.1231566782776174e-05,0.9423297887807132,200,55.882239204351045,55.88252006523155,0.011567033150661609,55.85956781937575,55.90491058932634,1.965245736331043,1.9337569274787538,0.01356837360843913,1.9386517240585022,1.9918397486035837,0.05426834791912333,0.05880463292774926,0.0037612691220151235,0.046896260439973685,0.06164043539827297,1.955903796282869,1.9258011270912234,0.01482030277798794,1.9268560028380126,1.9849515897277252,0.05319675052595281,0.046511860180329795,0.0047393786389289426,0.043907568393652084,0.062485932658253536,1.0229571791171126,0.9914683702648235,0.01356837360843913,0.9963631668445719,1.0495511913896534,1.0229159475503298,0.9914271386980407,0.01356837360843913,0.9963219352777891,1.0495099598228705,1.0228972204744182,0.9915234233360166,0.013566870412143543,0.9963061544666169,1.0494882864822195,1.8727075911516133e-05,1.494545224185946e-05,8.317713651518987e-06,2.4243571545389173e-06,3.502979466849335e-05
strong_low_noise,60,1.1288378916846883e-09,159.3892097778683,4.3373807967525546e-05,0.9423319310218978,200,54.93649116387498,54.93690777144046,0.013744755917861382,54.909551442275976,54.96343088547399,1.9209123030836464,1.8951339485119238,0.01299618594540958,1.8954397786306436,1.946384827536649,0.055455078063535834,0.059834059155905735,0.0037810133670126847,0.04804429186419097,0.0628658642628807,1.9118324612899895,1.888768157315776,0.014269795225861028,1.883863662647302,1.939801259932677,0.054384601637639814,0.04887639158773716,0.004758028291487447,0.04505886618632442,0.06371033708895521,0.9786237458697158,0.9528453912979935,0.012996185945409579,0.953151221416713,1.0040962703227185,0.9785803720617483,0.952802017490026,0.012996185945409579,0.9531078476087456,1.004052896514751,0.9785602595137961,0.9528301980385546,0.012994354475846062,0.9530913247411378,1.0040291942864543,2.011254795202205e-05,1.841177843978492e-05,9.668658009933683e-06,1.1619782525520312e-06,3.9063117651492066e-05
strong_low_noise,60,1.4384498882876659e-09,148.5742984112094,4.6005811810141684e-05,0.9423345630257405,200,53.817384296604885,53.81742290245377,0.01612739408847521,53.785774604191474,53.8489939890183,1.8710812386415734,1.8452507042182487,0.012380114923945225,1.8468162133906407,1.895346263892506,0.05688195611805381,0.06069318357190895,0.003804660754445917,0.04942482103933981,0.06433909119676781,1.8622870882953075,1.8424748299675746,0.013673020525988148,1.8354879680643708,1.8890862085262443,0.05581698355701043,0.05160302428189241,0.004780305601877673,0.04644758457733019,0.06518638253669067,0.9287926814276429,0.9029621470043183,0.012380114923945225,0.9045276561767103,0.9530577066785756,0.9287466756158328,0.9029161411925082,0.012380114923945225,0.9044816503649001,0.9530117008667655,0.9287255772844851,0.9030189055157698,0.012377900714016161,0.9044648918850134,0.9529862626839568,2.109833134766301e-05,2.413470624597014e-05,1.1085678185120778e-05,-6.295978951737158e-07,4.282626059049973e-05
strong_low_noise,60,1.8329807108324374e-09,137.69103220091984,4.9163220129884444e-05,0.9423377204340603,200,52.510596858675946,52.51510836306696,0.018664607126111576,52.47401422870877,52.547179488643124,1.8162359727866928,1.7953662468533853,0.01173159598022199,1.7932420446654578,1.8392299009079278,0.05857985388571989,0.06343339664499044,0.0038326905937760445,0.05106778032191884,0.06609192744952093,1.8077483599466044,1.7918857513935982,0.013039792116873934,1.7821903673975314,1.8333063524956774,0.057526804347290364,0.05238499966349487,0.00480670749233842,0.04810565766230706,0.06694795103227366,0.8739474155727625,0.853077689639455,0.01173159598022199,0.8509534874515273,0.8969413436939976,0.8738982523526326,0.853028526419325,0.011731595980221993,0.8509043242313975,0.8968921804738678,0.8738766833416816,0.8531391428466176,0.011728940584334522,0.8508879597963859,0.8968654068869772,2.156901095093348e-05,1.7872324234334478e-05,1.2533054493592286e-05,-2.9957758565074014e-06,4.613379775837436e-05
strong_low_noise,60,2.335721469090121e-09,126.88107659543815,5.2855489724223936e-05,0.9423414127036546,200,51.00650513481543,51.00726252522206,0.021286981321720137,50.964782651424855,51.048227618206,1.7572024697691837,1.7449781910602034,0.011063688608393078,1.7355176400967334,1.778887299441634,0.06057766214924179,0.06534757129176715,0.0038655466415445554,0.05300119073181446,0.06815413356666912,1.7490398604706747,1.7371994946121703,0.012381721495195723,1.724771686340091,1.7733080346012584,0.05954533687300698,0.05516858402686463,0.004837770761389816,0.05006330618068294,0.06902736756533102,0.8149139125552535,0.8026896338462731,0.011063688608393078,0.793229082882803,0.8365987422277039,0.814861057065529,0.8026367783565489,0.011063688608393076,0.7931762273930786,0.8365458867379795,0.8148396156484204,0.8026533392690164,0.01106053018936205,0.7931609764772708,0.8365182548195701,2.14414171085003e-05,1.572513463015201e-05,1.3979356995264267e-05,-5.958122602217664e-06,4.8840956819218264e-05
strong_low_noise,60,2.9763514416313133e-09,116.27295870467611,5.705750445861302e-05,0.942345614718389,200,49.30168865245203,49.2989596045512,0.023910179039226293,49.25482470153514,49.348552603368915,1.6951076360702484,1.683261973160633,0.01038968728316494,1.674743848995245,1.7154714231452517,0.06290060591977319,0.06900184254117839,0.003903611454518571,0.05524952746891679,0.07055168437062959,1.687287179665061,1.6740836313478562,0.011711066373100095,1.664333489573785,1.7102408697563372,0.06190039579431558,0.059095352779571855,0.004874082145509809,0.052347194789116355,0.07145359679951481,0.7528190788563178,0.7409734159467027,0.01038968728316494,0.7324552917813145,0.7731828659313211,0.7527620213518591,0.7409163584422441,0.010389687283164938,0.7323982342768558,0.7731258084268624,0.7527413363334874,0.740835871801753,0.010385961309422606,0.7323848521670191,0.7730978204999557,2.068501837112724e-05,1.609302926071573e-05,1.5411250956920435e-05,-9.52103350443681e-06,5.089107024669129e-05
strong_low_noise,60,3.792690190732238e-09,105.97833332667848,6.170537019634798e-05,0.9423502625841267,200,47.40002617383762,47.39263358347178,0.026441616353662684,47.348200605784434,47.4518517418908,1.6312898994828706,1.6182590141893771,0.009721884949541364,1.6122350049817695,1.6503447939839717,0.06556877538827756,0.07290327483303687,0.003947186930501396,0.05783228900449482,0.07330526177206029,1.6238287661225501,1.614892414413608,0.0110396272805036,1.602191096652763,1.6454664355923372,0.06461466189802961,0.06280121216364244,0.004916282802518386,0.054978747605093574,0.07425057619096564,0.68900134226894,0.6759704569754468,0.009721884949541364,0.669946447767839,0.7080562367700411,0.6889396368987439,0.6759087516052504,0.009721884949541364,0.6698847423976428,0.707994531399845,0.6889202997986331,0.675896700883244,0.009717524973306175,0.669873950850953,0.7079666487463132,1.9337100110737145e-05,1.5749330187951163e-05,1.685071714957978e-05,-1.3690305502439223e-05,5.2364505723913514e-05
strong_low_noise,60,4.832930238571752e-09,96.09012929401715,6.669936936162107e-05,0.942355256583292,200,45.313182409975646,45.30453533432136,0.028788542453322918,45.256756866767134,45.36960795318416,1.5671771167178068,1.5546577170876184,0.009070744695383324,1.5493984571148556,1.584955776320758,0.06859610905085962,0.07568809870409346,0.0039964867682881445,0.06076299498501486,0.07642922311670439,1.5600934465248661,1.5520621447936922,0.010377880036256119,1.5397528016538042,1.580434091395928,0.06770441428457,0.06694222790015193,0.004965053588397133,0.05797290925131161,0.07743591931782838,0.6248885595038763,0.612369159873688,0.009070744695383324,0.607109899900925,0.6426672191068277,0.6248218601345146,0.6123024605043264,0.009070744695383324,0.6070432005315632,0.6426005197374659,0.6248043518208075,0.6127041310655101,0.009065682752815604,0.6070356136252889,0.6425730900163261,1.7508313707434195e-05,1.4332305054840085e-05,1.837216222388037e-05,-1.8501124251371325e-05,5.351775166623972e-05
strong_low_noise,60,6.158482110660254e-09,86.68230537794,7.191552375973576e-05,0.9423604727376901,200,43.06039114874235,43.04803648389212,0.03086608383154611,42.99989362443252,43.12088867305218,1.5041558366076706,1.4950718973271924,0.008444524562744663,1.487604568464691,1.5207071047506502,0.0719899635026022,0.07948593175840979,0.004051641543506047,0.06404874607733035,0.07993118092787405,1.4974686651554021,1.4887586376068538,0.009734404372782763,1.4783892325847479,1.5165480977260564,0.07117884226958551,0.0718612968919447,0.005021065323209277,0.061337554236095326,0.0810201303030757,0.5618672793937403,0.5527833401132619,0.008444524562744663,0.5453160112507607,0.5784185475367198,0.5617953638699806,0.5527114245895022,0.008444524562744665,0.545244095727001,0.5783466320129602,0.5617799863795865,0.5526636061129816,0.008438689998949112,0.5452401539816463,0.5783198187775267,1.5377490394069176e-05,9.824776394827043e-06,2.0113722288202988e-05,-2.4045405290808676e-05,5.480038607894703e-05
strong_low_noise,60,7.847599703514623e-09,77.81072833796223,7.72247380621538e-05,0.9423657819519925,200,40.66756859097964,40.66832558162017,0.03260394060452453,40.60366486739478,40.731472314564506,1.44345695560015,1.4279763985389935,0.007849234417313772,1.428072456142215,1.458841455058085,0.0757512409480223,0.0825443756991701,0.004112708096963451,0.06769033307797394,0.08381214881807066,1.4371848110540515,1.4304113087625754,0.00911560179362496,1.4193182315385466,1.4550513905695563,0.07503994530836534,0.07852168940245192,0.005084882788061032,0.06507357504376572,0.08500631557296497,0.5011683983862198,0.48568784132506304,0.007849234417313774,0.48578389892828483,0.5165528978441548,0.5010911736481577,0.4856106165870009,0.007849234417313774,0.4857066741902227,0.5164756731060927,0.5010779945524729,0.48546135245336947,0.007842549356648323,0.4857065978134422,0.5164493912915037,1.3179095684610324e-05,4.783927614212598e-06,2.227639167941916e-05,-3.0482632007051223e-05,5.684082337627187e-05
strong_low_noise,60,1e-08,69.51460739770063,8.251645012032072e-05,0.9423710736640507,200,38.16590153541827,38.178925610310145,0.033950856493872035,38.09935785669028,38.23244521414626,1.3860761392840704,1.3667973969548677,0.007288774101147081,1.371790142045822,1.4003621365223187,0.07987487203762492,0.086491430548644,0.004179669434735645,0.07168271994554305,0.08806702412970678,1.3802345076456293,1.3652104150555213,0.008525705071951918,1.3635241257046036,1.396944889586655,0.07928283996639769,0.08333895772604091,0.005156824193378509,0.06917546454737582,0.08939021538541957,0.44378758207013996,0.4245088397409372,0.007288774101147081,0.42950158483189166,0.45807357930838827,0.44370506562001966,0.42442632329081686,0.007288774101147081,0.42941906838177135,0.45799106285826796,0.44369387566469287,0.4246058916793798,0.00728114399273929,0.42942283343892385,0.4579649178904619,1.1189955326682903e-05,-1.2080768599574729e-06,2.5108276661599782e-05,-3.802226693005267e-05,6.040217758341848e-05
strong_low_noise,60,1.274274985703132e-08,61.81804615092294,8.772344311763769e-05,0.9423762806570479,200,35.59012003741513,35.61795526492808,0.03487651695907699,35.52176206417534,35.658478010654925,1.3327364696825788,1.3125825463982925,0.006765169771193813,1.319476736931039,1.3459962024341185,0.08435031462494917,0.08997443565801472,0.00425241765219281,0.07601557602665127,0.09268505322324708,1.3273347637392028,1.3085251313364532,0.007967081684673248,1.3117192836372433,1.3429502438411622,0.08389614216837195,0.0878099012608308,0.005236796406217971,0.07363202121218472,0.09416026312455918,0.39044791246864824,0.3702939891843622,0.006765169771193813,0.3771881797171084,0.4037076452201881,0.39036018902553066,0.3702062657412446,0.006765169771193813,0.3771004562739908,0.4036199217770705,0.3903504667648355,0.37021596361053843,0.006756468634374235,0.37710778824146196,0.403593145288209,9.72226069499756e-06,5.759189709473442e-06,2.8880563357086263e-05,-4.6883643484891516e-05,6.632816487488663e-05
strong_low_noise,60,1.623776739188721e-08,54.73154831810623,9.284633089087085e-05,0.9423814035448213,200,32.976674988749565,32.99709294406963,0.03537100324072289,32.907347822397746,33.046002155101384,1.2838900397881807,1.2672683110083056,0.006278887938764549,1.2715834194282023,1.2961966601481592,0.08916165059656038,0.09594257781759437,0.004330726064994429,0.0806734275091713,0.09764987368394946,1.2789288908769736,1.2589366149266161,0.007440757456411418,1.2643450062624073,1.2935127754915399,0.0888620361410139,0.09671940580541688,0.005324141603330422,0.07842671859848627,0.09929735368354153,0.3416014825742504,0.32497975379437527,0.006278887938764549,0.32929486221427184,0.3539081029342289,0.3415086362433594,0.32488690746348436,0.006278887938764549,0.3292020158833809,0.35381525660333796,0.3414995085989776,0.32465293398441114,0.006268939473908348,0.32921238723011725,0.35378662996783794,9.127644382024176e-06,2.2844246727866253e-06,3.3870320727448715e-05,-5.7258184243775306e-05,7.551347300782366e-05
strong_low_noise,60,2.0691380811147902e-08,48.25357118960106,9.79795027331587e-05,0.9423865367166635,200,30.362007513526223,30.37865683625011,0.03544229070057934,30.292540623753087,30.431474403299358,1.2397479441070236,1.2229181307072865,0.00582921870154892,1.2283226754519878,1.2511732127620594,0.0942868759833621,0.10052650850004305,0.0044142193659777885,0.08563500602604564,0.10293874594067857,1.2352175137607795,1.2127047163811042,0.006946988735565888,1.2216014158390704,1.2488336116824885,0.09415571566139334,0.10242499267070826,0.005417534286613559,0.08353734845963076,0.10477408286315593,0.29745938689309315,0.28062957349335615,0.00582921870154892,0.28603411823805724,0.30888465554812905,0.29736140739036,0.280531593990623,0.00582921870154892,0.2859361387353241,0.3087866760453959,0.2973515934433498,0.28124273452454973,0.005817775213788669,0.285948754024324,0.30875443286237564,9.813947010115718e-06,2.494924540821494e-05,4.036232219756362e-05,-6.929620449710898e-05,8.892409851734042e-05
strong_low_noise,60,2.6366508987303555e-08,42.37229886364001,0.00010334403728871205,0.9423919012512191,200,27.7810383737192,27.817111587058662,0.035112533124117336,27.712217808795927,27.84985893864247,1.200325524558013,1.1856896045009466,0.0054147109694683265,1.189712691057855,1.2109383580581707,0.09969616248026746,0.10646003040793926,0.0045023346071255115,0.09087158665030146,0.10852073831023346,1.1962052060609594,1.173830541439634,0.0064857026030043455,1.183493228959071,1.2089171831628478,0.09974410085338924,0.1074474844426444,0.005514959752733552,0.08893477973803147,0.110553421968747,0.2580369673440823,0.24340104728701628,0.005414710969468326,0.24742413384392442,0.2686498008442402,0.2579336233067936,0.24329770324972755,0.005414710969468326,0.2473207898066357,0.2685464568069515,0.2579213496368499,0.24295729630698032,0.005401431393229496,0.24733454410612005,0.2685081551675797,1.2273669943651156e-05,3.3164286937648266e-05,4.8668893126018857e-05,-8.31173605833458e-05,0.00010766470047064811
strong_low_noise,60,3.3598182862837814e-08,37.067673861454125,0.00010933683822361706,0.942397894052154,200,25.265941978267264,25.296261518597433,0.03441400280168135,25.19849053277597,25.333393423758558,1.165491198302451,1.1501823614503692,0.0050336380897560914,1.155625267646529,1.1753571289583729,0.10534927134058987,0.11557864467373095,0.004594254208847053,0.09634453309124964,0.1143540095899301,1.16175071499702,1.1420155617218897,0.006056730143947011,1.149879523914884,1.1736219060791562,0.10558405004267422,0.11277866585726878,0.005613797564226845,0.0945810068167896,0.11658709326855884,0.2232026410885206,0.20789380423643888,0.0050336380897560914,0.21333671043259864,0.23306857174444254,0.2230933042502969,0.2077844673982152,0.0050336380897560914,0.21322737359437494,0.23295923490621884,0.22307618274141494,0.20881912456605584,0.0050180646102892254,0.21324077610524805,0.23291158937758183,1.7121508882006898e-05,4.765099172923186e-05,5.9157269337614274e-05,-9.882673901971708e-05,0.00013306975678373088
strong_low_noise,60,4.281332398719396e-08,32.313504288040306,0.00011660930478125942,0.9424051665187116,200,22.845217250302348,22.86547240222512,0.033385491823054385,22.779781686329162,22.910652814275533,1.135011034085536,1.1195765618126732,0.004684452850453259,1.1258295064986477,1.1441925616724242,0.11119279942404109,0.12223953458357581,0.0046888141171424515,0.10200272375444189,0.12038287509364029,1.131612673230715,1.1162683654222278,0.005659885623962137,1.1205192974077491,1.142706049053681,0.11162055562937834,0.1189461970137244,0.005711031738754371,0.10042693342141977,0.1228141778373369,0.19272247687160568,0.17728800459874272,0.004684452850453259,0.1835409492847173,0.20190400445849407,0.19260586756682443,0.17717139529396142,0.004684452850453259,0.18342433997993604,0.20178739515371283,0.1925807301215338,0.1784097376616532,0.004665983765005035,0.18343540194212393,0.20172605830094364,2.5137445290687468e-05,3.661513194649678e-05,7.227470330623925e-05,-0.00011652097318954146,0.00016679586377091638
strong_low_noise,60,5.4555947811685146e-08,28.079341266948934,0.00012619394739685208,0.9424147511613272,200,20.54303597330007,20.560113172632192,0.03206967576645957,20.48017940879781,20.605892537802333,1.1085855396548328,1.0948827594973418,0.0043661449726628745,1.1000278955084135,1.117143183801252,0.1171582197383999,0.12903755397885416,0.00478443775987729,0.10778072172904042,0.1265357177477594,1.1054871228604808,1.0921007553367739,0.005294991571705933,1.0951089393799371,1.1158653063410244,0.11778542653118851,0.12501044929725708,0.0058035981029341275,0.10641037424943761,0.1291604788129394,0.16629698244090257,0.15259420228341147,0.0043661449726628745,0.15773933829448333,0.17485462658732182,0.16617078849350567,0.1524680083360146,0.0043661449726628745,0.15761314434708643,0.1747284326399249,0.16613347745101414,0.1536095627575377,0.00434400065056053,0.1576192361759155,0.1746477187261128,3.7311042491509784e-05,7.219722878490873e-05,8.856668329985881e-05,-0.00013627965677621347,0.00021090174175923305
strong_low_noise,60,6.951927961775605e-08,24.331901394839903,0.0001397042477504079,0.9424282614616808,200,18.37883936909546,18.396162974215194,0.030511476711368175,18.319036874741176,18.438641863449742,1.0858783559981275,1.0727648992479368,0.004078381281454726,1.0778847286864763,1.0938719833097788,0.1231614627700675,0.1365897481473572,0.004879173375902577,0.11359828295329845,0.13272464258683656,1.083036500229254,1.0694794275384356,0.004961901489924805,1.0733111733090013,1.0927618271495065,0.12399662851970604,0.13275963203337451,0.005888834051668817,0.11245451377843516,0.13553874326097692,0.1435897987841973,0.13047634203400638,0.004078381281454726,0.13559617147254605,0.15158342609584857,0.14345009453644686,0.13033663778625593,0.004078381281454726,0.1354564672247956,0.15144372184809812,0.14339521316239184,0.13125826734570378,0.004051560976371541,0.1354541536487036,0.15133627267608007,5.488137405507258e-05,4.5548698588785356e-05,0.00010868667109122061,-0.0001581445012837198,0.00026790724939386494
strong_low_noise,60,8.858667904100815e-08,21.036030410013645,0.000159642179121032,0.9424481993930514,200,16.36715801390063,16.385870737289608,0.02875706703208792,16.31079416251774,16.423521865283522,1.0665380109764033,1.055015509648117,0.0038213395283297666,1.059048185500877,1.0740278364519296,0.12910412259038037,0.1432418749603016,0.0049708748660014825,0.11936120785301746,0.13884703732774328,1.0639112346125983,1.0498207290213188,0.0046604919938230994,1.054776670304705,1.0730457989204916,0.1301580284964806,0.13824209626364095,0.005964915788518192,0.11846679355098494,0.14184926344197624,0.12424945376247294,0.11272695243418662,0.0038213395283297666,0.1167596282869466,0.13173927923799927,0.12408981158335192,0.11256731025506561,0.0038213395283297666,0.11659998610782557,0.13157963705887826,0.1240104465702856,0.11301089097474253,0.003788569173234988,0.11658485099074503,0.13143604214982618,7.936501306629528e-05,2.4893596800090975e-05,0.00013339537143118636,-0.00018208991493883,0.00034081994107142057
strong_low_noise,60,1.1288378916846883e-07,18.15539710047631,0.00018985869251892523,0.9424784159064493,200,14.517636056640395,14.545545731463474,0.026853071445106225,14.465004036607986,14.570268076672804,1.0502138118293909,1.0399898256472853,0.0035952443444712337,1.0431671329142274,1.0572604907445544,0.13487577162074968,0.15041645408189053,0.005057469592237884,0.12496313121996343,0.14478841202153592,1.0477650891649377,1.0336365536223169,0.004390554979145701,1.0391596014058122,1.0563705769240632,0.13615932090651142,0.1442389013074848,0.006031101024173207,0.12433836289913194,0.1479802789138909,0.10792525461546049,0.09770126843335492,0.0035952443444712337,0.10087857570029687,0.1149719335306241,0.1077353959229415,0.09751140974083594,0.0035952443444712337,0.10068871700777789,0.11478207483810511,0.10762283479290621,0.09751585195714521,0.003554918304088226,0.10065519491689329,0.11459047466891914,0.00011256113003532095,5.403187721506492e-05,0.00016354495456915083,-0.0002079869809202147,0.0004331092409908566
strong_low_noise,60,1.438449888287663e-07,15.653137047933015,0.0002362226896743605,0.9425247799036047,200,12.83523774415446,12.867190033815737,0.024845791748869084,12.786539992326677,12.883935495982243,1.0365663383310733,1.0264790505056625,0.0033997356827091966,1.0299028563929633,1.0432298202691832,0.1403569502986859,0.15741914000157609,0.00513717740632923,0.13028808258228058,0.1504258180150912,1.0342648284040459,1.020658570257053,0.004151549712241752,1.026127790968052,1.0424018658400398,0.14187674180855175,0.1524239177349735,0.006087622556987416,0.12994500159685643,0.15380848202024708,0.09427778111714286,0.08419049329173223,0.0033997356827091966,0.08761429917903284,0.10094126305525288,0.09404155842746847,0.08395427060205785,0.0033997356827091966,0.08737807648935846,0.1007050403655785,0.09388504134782644,0.08504912075754764,0.0033498574347271435,0.08731932077576124,0.10045076191989163,0.0001565170796420449,0.00013149948856013043,0.00020004023729276244,-0.00023556178545176948,0.0005485959447358592
strong_low_noise,60,1.8329807108324338e-07,13.492542019275113,0.00030755731153178645,0.9425961145254621,200,11.320602108654818,11.348182522942462,0.022780634619035078,11.275952064801508,11.365252152508127,1.0252729130771399,1.0151318011456,0.003233296024718564,1.0189356528686915,1.0316101732855882,0.14542315690548746,0.16232342505234523,0.005208578044650498,0.1352143439379725,0.15563196987300243,1.023094778016704,1.0100656810034474,0.0039422633368704175,1.0153679418764379,1.03082161415697,0.14717625683426733,0.16020096893672164,0.006135240572451419,0.13515118531226256,0.1592013283562721,0.08298435586320942,0.07284324393166974,0.003233296024718564,0.07664709565476104,0.0893216160716578,0.08267679855167767,0.07253568662013798,0.003233296024718564,0.07633953834322929,0.08901405876012605,0.0824633691796355,0.07365301178959852,0.003171423860556143,0.07624737841294546,0.08867935994632553,0.00021342937204217602,0.00012355018301829902,0.00024376573773414779,-0.0002643514739167536,0.0006912102180011057
strong_low_noise,60,2.3357214690901212e-07,11.637737050362711,0.00041688650307709907,0.9427054437170075,200,9.970500681151632,10.003648279543768,0.020701986771890817,9.929924787078726,10.01107657522454,1.016029263593812,1.006035498150734,0.00309298284948572,1.00996701720882,1.022091509978804,0.14995068936165315,0.16970669468249105,0.005270561440990739,0.1396203889373113,0.160280989785995,1.0139576859092494,1.0019657961853654,0.003760523715177864,1.0065870594275008,1.021328312390998,0.1519209172035787,0.16640360913141822,0.006174672050301776,0.1398185599849872,0.16402327442217018,0.07374070637988168,0.06374694093680366,0.00309298284948572,0.06767845999488967,0.0798029527648737,0.07332381987680454,0.06333005443372652,0.00309298284948572,0.06726157349181253,0.07938606626179656,0.07303837491843987,0.06295778471553351,0.0030161901029664624,0.0671266423166256,0.07895010752025414,0.0002854449583647237,0.00022300408957220855,0.00029546611725822877,-0.00029366863146140467,0.0008645585481908522
strong_low_noise,60,2.976351441631313e-07,10.054225560643511,0.0005829798403707356,0.942871537054301,200,8.778355606702714,8.806054668451111,0.01865341826346963,8.741794906906314,8.814916306499114,1.0085497415540867,0.9974071458952017,0.0029746126977967698,1.0027195006664051,1.0143799824417683,0.1538245459546107,0.17272342879981153,0.00532230016733968,0.14339283762662494,0.16425625428259646,1.006574370240981,0.995986576872207,0.003603131844786799,0.999512231825199,1.0136365086567631,0.15598220761367348,0.17095961195214765,0.00620619058926596,0.1438180740587122,0.16814634116863478,0.06626118434015633,0.0551185886812714,0.0029746126977967706,0.06043094345247466,0.072091425227838,0.06567820449978563,0.054535608840900696,0.0029746126977967706,0.05984796361210396,0.0715084453874673,0.06530388336900389,0.0548170268212725,0.002879483394358338,0.05966009591606155,0.07094767082194624,0.00037432113078169206,0.0003830577969872737,0.00035556991583999463,-0.00032259590426469737,0.0010712381658280815
strong_low_noise,60,3.792690190732246e-07,8.709237375402362,0.0008320636053589306,0.9431206208192893,200,7.734793984779957,7.754140736180689,0.01667759877539042,7.702105891180191,7.7674820783797225,1.002568815199981,0.9922002218482477,0.0028733367060256145,0.9969370752561708,1.0082005551437911,0.15694699607301668,0.17695791109292708,0.005363329246848691,0.14643487074919326,0.1674591213968401,1.0006848805047033,0.9900687975737941,0.003466086183800726,0.9938913515844539,1.0074784094249527,0.15925248125981464,0.17596720976962202,0.006229550302998228,0.14704256266593813,0.17146239985369116,0.060280257986050696,0.0499116646343174,0.0028733367060256145,0.05464851804224049,0.0659119979298609,0.05944819438069178,0.049079601028958475,0.0028733367060256145,0.05381645443688157,0.06507993432450199,0.05896728613799384,0.048721482347453965,0.0027560394289225503,0.05356544885730564,0.06436912341868203,0.00048090824269795505,0.0005365685961284944,0.00042395578915494886,-0.00035004510404574473,0.0013118615894416549
strong_low_noise,60,4.832930238571752e-07,7.571915714296506,0.0011993592469317776,0.9434879164608622,200,6.828237073639411,6.844079586385238,0.014815163028631204,6.799199354103293,6.857274793175528,0.9978454455511647,0.9871431933628836,0.002784347350463692,0.9923881247442559,1.0033027663580736,0.15924424717862717,0.1792431073799105,0.005393658974758958,0.14867267558809963,0.16981581876915472,0.9960527089419812,0.9863557768704281,0.003345006971588712,0.9894964952776673,1.002608922606295,0.1616541828238587,0.1793476733447951,0.006244182671871048,0.14941558478699146,0.17389278086072596,0.055556888337234434,0.04485463614895324,0.002784347350463692,0.0500995675303256,0.06101420914414327,0.05435752909030261,0.04365527690202142,0.002784347350463692,0.048900208283393774,0.05981484989721144,0.05375307804828775,0.045205315264879246,0.0026408545643703462,0.048577003102121874,0.05892915299445363,0.0006044510420149091,0.0006084116589932032,0.0004996801225168337,-0.0003749219981180848,0.001583824082147903
strong_low_noise,60,6.158482110660254e-07,6.6134408721159454,0.0017298239340581695,0.9440183811479885,200,6.045533075968288,6.05933614710942,0.013102167251535386,6.019852828155279,6.071213323781298,0.994169777242103,0.9833558164793778,0.0027033989045416027,0.9888711153892015,0.9994684390950045,0.16066897224659205,0.1814614291044677,0.005413775280468249,0.15005797269687426,0.17127997179630983,0.9924713893402171,0.9799539455269393,0.0032355550319089744,0.9861297014776754,0.9988130772027587,0.16314263637043377,0.18169069086954023,0.006249511629110931,0.15089359357737636,0.1753916791634912,0.051881220028172664,0.04106725926544741,0.0027033989045416027,0.04658255817527112,0.05717988188107421,0.05015139609411449,0.039337435331389226,0.0027033989045416027,0.044852734241212944,0.05545005794701603,0.04940962042906336,0.041017596693296465,0.0025299247576992777,0.04445096790397278,0.054368272954153946,0.0007417756650511447,0.0006743242870628103,0.0005807162778870321,-0.00039642823960743816,0.0018799795697097275
strong_low_noise,60,7.847599703514607e-07,5.807176045052332,0.002477179458627611,0.9447657366725579,200,5.372630656506665,5.381825155680168,0.011566502853957194,5.349960310912909,5.395301002100421,0.9913694785320782,0.9801914663979174,0.0026269472137879723,0.9862206619930538,0.9965182950711027,0.16119813942217448,0.18099834926958147,0.005424479693980347,0.150566159221973,0.17183011962237596,0.989770757215326,0.978047655762667,0.0031336630649775247,0.9836287776079701,0.995912736822682,0.16370196099526432,0.18221440671290157,0.006245222109369719,0.15146132566089968,0.17594259632962897,0.04908092131814799,0.03790290918398709,0.0026269472137879727,0.04393210477912356,0.054229737857172416,0.04660374185952041,0.03542572972535951,0.0026269472137879727,0.04145492532049598,0.05175255839854484,0.04571719634964582,0.03678382065392834,0.002420635430424991,0.040972750906012836,0.050461641793278805,0.0008865455098745457,0.0004889732410634573,0.0006637936549751753,-0.000414490053876798,0.0021875810736258893
strong_low_noise,60,1e-06,5.128859966545513,0.003500211694818324,0.9457887689087486,200,4.795263308274531,4.807400130364252,0.010224277953761247,4.7752237234851584,4.815302893063903,0.9893122017357093,0.9784244853920817,0.0025519360548857074,0.9843104070681333,0.9943139964032853,0.160827590380882,0.18091612925421963,0.005426660463640671,0.1501913358721463,0.17146384488961772,0.9878193364698789,0.9760611427613299,0.003035539885575939,0.9818696782941501,0.9937689946456076,0.16333663963173087,0.18370279766541586,0.006231369194180765,0.15112315601113657,0.17555012325232516,0.047023644521779095,0.036135928178151366,0.0025519360548857074,0.04202184985420311,0.05202543918935508,0.0435234328269608,0.03263571648333308,0.0025519360548857074,0.038521638159384815,0.048525227494536784,0.0424945258965913,0.03404063365702184,0.002311722391083236,0.03796355001006815,0.047025501783114446,0.00102890693036947,0.0005573454737731726,0.0007444530380936908,-0.00043022102429416385,0.002488034885033104
strong_low_noise,60,1.2742749857031322e-06,4.556809444678336,0.0048556797110469035,0.9471442369249773,200,4.299588545287032,4.30922840692378,0.009077528238904925,4.281796589938779,4.317380500635286,0.9879015219057714,0.9771709925845435,0.0024754550279656555,0.9830496300509587,0.9927534137605841,0.15956616247946445,0.18030776060491496,0.005421130107140873,0.14894074746946834,0.17019157748946057,0.9865202501858318,0.9757115502349245,0.0029375719425427864,0.9807626091784479,0.9922778911932156,0.16206299841520688,0.1830357961507264,0.006208331595901477,0.14989466848723998,0.17423132834317379,0.045612964691841146,0.03488243537061314,0.0024754550279656555,0.04076107283702846,0.05046485654665383,0.040757284980794194,0.030026755659566196,0.0024754550279656555,0.03590539312598151,0.04560917683560688,0.03960135494485392,0.03205503650260949,0.0022028771872645947,0.035283715657815316,0.04391899423189253,0.0011559300359403205,0.0005850226740158015,0.0008174264615442482,-0.00044622582868640613,0.002758085900567047
strong_low_noise,60,1.6237767391887209e-06,4.072064965495742,0.0065882086720570505,0.9488767658859873,200,3.8727162105592026,3.879370057646482,0.008114599505380253,3.8568115955286575,3.8886208255897476,0.9870660818135086,0.9775772745602944,0.0023945685738591222,0.9823727274087447,0.9917594362182726,0.1574322872430409,0.17691980382794137,0.005408596880037212,0.14683143735816795,0.16803313712791385,0.9858004441692639,0.9754263802347567,0.0028363260133526663,0.9802412451830927,0.9913596431554351,0.159904556897946,0.17923079509188533,0.006176717202738131,0.14779819118057927,0.17201092261531273,0.044777524599578254,0.03528871734636413,0.0023945685738591222,0.040084170194814375,0.04947087900434213,0.03818931592752125,0.028700508674307124,0.0023945685738591222,0.03349596152275737,0.04288267033228513,0.036936156392596446,0.029636089786303527,0.002094184017043264,0.03283155571919165,0.04104075706600124,0.001253159534924774,0.0006936625307650908,0.0008773786247015119,-0.0004665025694901893,0.002972821639339737
strong_low_noise,60,2.06913808111479e-06,3.658420133289792,0.008719127923436886,0.9510076851373672,200,3.503073475906425,3.5107594572165066,0.007313916002317385,3.4887382005418828,3.5174087512709673,0.9867446192665913,0.9782640921702149,0.002306519478020946,0.9822238410896702,0.9912653974435124,0.15445484935027878,0.1730433844130142,0.00538973769849921,0.14389096346122032,0.16501873523933724,0.9855959481114093,0.975987606312726,0.0027287968699267946,0.9802475062463527,0.9909443899764658,0.15689314189137313,0.17632327828894329,0.0061373330341452335,0.14486396914444846,0.1689223146382978,0.04445606205266107,0.03597553495628458,0.002306519478020946,0.03993528387574001,0.048976840229582125,0.03573693412922419,0.027256407032847707,0.002306519478020946,0.031216155952303138,0.04025771230614525,0.03442970115758537,0.027198012506242965,0.0019856326563045573,0.030537861151228436,0.0383215411639423,0.0013072329716387937,0.000560980583786809,0.0009199096508419127,-0.0004957899440113551,0.0031102558872889425
strong_low_noise,60,2.6366508987303555e-06,3.3023092582021345,0.011237659986201316,0.9535262172001316,200,3.1805861887669753,3.184264861689244,0.006650381897406803,3.167551440248058,3.1936209372858926,0.9868717702992009,0.9793187801025756,0.0022092798099390583,0.9825415818717204,0.9912019587266815,0.1506779806092587,0.16810699863388462,0.005365286702125817,0.14016201867309208,0.1611939425454253,0.9858380741034608,0.9773004960970534,0.0026128732909634304,0.9807168424531725,0.9909593057537491,0.15307484713670874,0.17275899495216648,0.006091245664506386,0.14113600563427622,0.16501368863914126,0.0445832130852706,0.03703022288864516,0.002209279809939058,0.04025302465779004,0.048913401512751156,0.033345553099069294,0.02579256290244386,0.0022092798099390583,0.02901536467158874,0.03767574152654985,0.032036584030456255,0.02522411063770423,0.0018769211335156165,0.02835781860876565,0.03571534945214686,0.0013089690686130244,0.0004553771039529246,0.0009425577216494763,-0.000538444065819949,0.0031563822030459977
strong_low_noise,60,3.359818286283781e-06,2.9925694575914337,0.014098092659504458,0.9563866498734348,200,2.896695146939296,2.8986986737156304,0.006101905304653262,2.8847354125421756,2.9086548813364166,0.9873697567867711,0.9805817397430493,0.0021021865065203194,0.9832494712339912,0.991490042339551,0.14616721255981083,0.16354388133956405,0.00533605155904873,0.13570855150407532,0.15662587361554633,0.9864456087958464,0.9793384195549588,0.002487820732543356,0.9815694801600614,0.9913217374316314,0.1485175110347718,0.16557091489156944,0.006039849709886732,0.13667940560339378,0.1603556164661498,0.045081199572840853,0.03829318252911895,0.0021021865065203194,0.04096091402006103,0.04920148512562068,0.0309831069133364,0.024195089869614494,0.0021021865065203194,0.026862821360556573,0.035103392466116226,0.02972722942157741,0.023035767498796617,0.001767622440483681,0.026262689438229396,0.03319176940492542,0.0012558774917589928,0.0006542225401250023,0.0009454382812089953,-0.0005971815394106379,0.0031089365229286237
strong_low_noise,60,4.281332398719387e-06,2.720127187685605,0.01722487497617823,0.9595134321901085,200,2.6442568576904235,2.647865499181454,0.005652886362142297,2.6331772004206244,2.6553365149602226,0.9881487811901033,0.9817726583857072,0.001986302457367285,0.9842556283736634,0.9920419340065432,0.14101320709872173,0.15702317723642603,0.005302800510906073,0.13061971809734582,0.15140669610009763,0.987325722688578,0.9815261650419345,0.0023545126127056774,0.9827108779676749,0.9919405674094811,0.14331537487966728,0.15412871463759123,0.005984812676703383,0.13158514203332866,0.1550456077260059,0.0458602239761729,0.03948410117177681,0.001986302457367285,0.04196707115973302,0.049753376792612776,0.0286353489999947,0.022259226195598614,0.001986302457367285,0.02474219618355482,0.032528501816434574,0.027482283077453474,0.021084659541999784,0.0016575877579503193,0.02423341107187085,0.0307311550830361,0.0011530659225411554,0.0008541717471897029,0.0009311980572333317,-0.0006720822696361748,0.0029782141147184854
strong_low_noise,60,5.455594781168514e-06,2.4776712838792476,0.02052446565873472,0.962813022872665,200,2.417389616413964,2.4201102802228682,0.005292938915793726,2.4070154561390082,2.4277637766889195,0.9891150576962218,0.9824905794571734,0.00186424133224149,0.9854611446850284,0.9927689707074151,0.13533005533337397,0.15058082569699566,0.00526603754160003,0.1250086217518379,0.14565148891491003,0.9883824166209569,0.9830140772682094,0.002215224583495926,0.9840405764373049,0.992724256804609,0.13758764494157177,0.1488120303435524,0.005927825811641039,0.12596910635075534,0.1492061835323882,0.0468265004822913,0.040202022243243096,0.00186424133224149,0.04317258747109798,0.050480413493484616,0.02630203482355663,0.019677556584508427,0.00186424133224149,0.022648121812363312,0.02995594783474995,0.02528990329691272,0.01934672250074876,0.0015473066590681545,0.022257182245139135,0.028322624348686303,0.0010121315266438697,0.0009525317483034389,0.000904177724819333,-0.000760056814002023,0.002784319867289762
strong_low_noise,60,6.951927961775606e-06,2.2593614271323856,0.02389990966536011,0.9661884668792905,200,2.2113142965660275,2.2140568477670035,0.005012073855287092,2.2014906318096648,2.2211379613223903,0.9901819611685585,0.9842122385560282,0.0017394278101664875,0.9867726826606322,0.9935912396764848,0.12924775324569604,0.14448780048467702,0.0052257836877813105,0.11900521721764468,0.1394902892737474,0.9895279100682535,0.9838485117374656,0.002072989123332753,0.9854648513865213,0.9935909687499856,0.1314705320482339,0.14430949102501955,0.005870222058422619,0.11996489681372556,0.14297616728274223,0.04789340395462805,0.041923681342097896,0.0017394278101664875,0.04448412544670174,0.051302682462554365,0.02399349428926789,0.018023771676737743,0.0017394278101664877,0.020584215781341574,0.02740277279719421,0.023145003031602968,0.01765323541202779,0.00143794288934067,0.020326634968495256,0.02596337109471068,0.0008484912576649495,0.0008065585446740955,0.0008690157565587446,-0.0008547796251901897,0.0025517621405200886
strong_low_noise,60,8.858667904100815e-06,2.0605907323996413,0.027263255909956985,0.9695518131238874,200,2.0222130346071157,2.023504476241821,0.004796188212479134,2.0128125057106567,2.0316135635035746,0.9912787570028381,0.9851820817649479,0.001615029772174805,0.9881132986493755,0.9944442153563007,0.12290147230035434,0.13721630276113084,0.005181531163486762,0.11274567121992028,0.13305727338078838,0.9906914131642555,0.9854163767451041,0.0019307060015640596,0.9869072294011899,0.994475596927321,0.12510545127966258,0.13630138191522911,0.005812618273104513,0.11371271946437773,0.13649818309494743,0.04899019978890776,0.042893524551017526,0.001615029772174805,0.04582474143544514,0.05215565814237037,0.02172694387895072,0.015630268641060485,0.001615029772174805,0.0185614855254881,0.02489240223241334,0.02104875321164501,0.015388131394188266,0.0013309307467792401,0.0184401289479577,0.023657377475332322,0.0006781906673057664,0.0006769385093718391,0.0008292504759813543,-0.000947140265617688,0.0023035216002292207
strong_low_noise,60,1.1288378916846883e-05,1.8777910814794638,0.03054251668727,0.9728310739012004,200,1.8471031174403385,1.8494144055714,0.004626709760756493,1.8380347663092558,1.8561714685714212,0.9923533365952879,0.9870441049302756,0.0014929920339225439,0.9894270722087998,0.995279600981776,0.11642174278541564,0.12886221098193457,0.00513247129545691,0.1063620990463201,0.12648138652451119,0.9918217358748658,0.9865387777346118,0.001790338856820605,0.9883126717154974,0.9953308000342341,0.11862764907868764,0.12862517323960965,0.005754751524710515,0.10734833609025503,0.12990696206712024,0.05006477938135753,0.04475554771634532,0.0014929920339225439,0.047138514994869346,0.05299104376784572,0.019522262694087498,0.014213031029075285,0.0014929920339225439,0.01659599830759931,0.022448527080575684,0.01900703343167316,0.013793880470421613,0.0012272817697625768,0.016601561162938507,0.02141250570040781,0.0005152292624143872,0.0007546669311386,0.0007865715678449432,-0.0010264510105617015,0.002056909535390476
strong_low_noise,60,1.43844988828766e-05,1.7082563105492263,0.03368279173763309,0.9759713489515635,200,1.6837114874073507,1.6860423477791933,0.004485007743315083,1.6749208722304532,1.6925021025842482,0.9933690502778879,0.9882688069175762,0.0013736157766595705,0.9906767633556351,0.9960613372001407,0.10992870318585349,0.122182630667434,0.005077935572968691,0.09997594946283485,0.11988145690887213,0.9928838805642642,0.9883009507163378,0.0016525307696623923,0.9896449202557259,0.9961228408728026,0.11215885445376435,0.12271574965095168,0.005695631216525248,0.10099541726937486,0.12332229163815384,0.051080493063957545,0.04598024970364595,0.0013736157766595705,0.04838820614170479,0.0537727799862103,0.01739770132632443,0.012297457966012837,0.0013736157766595705,0.014705414404071672,0.02008998824857719,0.017027723022885875,0.011533911494623978,0.001126977257247776,0.014818847598680233,0.019236598447091517,0.0003699783034385902,0.0005611071538981118,0.0007410610841503586,-0.0010825014214961126,0.001822458028373293
strong_low_noise,60,1.8329807108324338e-05,1.5499669395977995,0.0366436545620701,0.9789322117760004,200,1.5303415354602419,1.5332523752111895,0.004358323215721999,1.5217992219574268,1.538883848963057,0.9942988722982178,0.9891761993335764,0.0012558944616320037,0.9918373191534191,0.9967604254430165,0.10353081012964703,0.11144282812845174,0.005017821380962499,0.09369588022296053,0.11336574003633353,0.993852908823333,0.9899726540624124,0.0015168042582397187,0.9908799724771832,0.9968258451694828,0.1058051618746603,0.1158568848671596,0.0056340077519536295,0.09476250668083118,0.11684781706848942,0.052010315084287384,0.04688764211964608,0.0012558944616320037,0.04954876193948866,0.05447186822908611,0.015366660522217296,0.010243987557575995,0.0012558944616320037,0.01290510737741857,0.017828213667016025,0.015117947361443491,0.009863854299153638,0.001028843506163555,0.013101414089362924,0.01713448063352406,0.00024871316077379414,0.00048054827564140913,0.0006921763923167387,-0.0011079525681670136,0.001605378889714602
strong_low_noise,60,2.3357214690901213e-05,1.4014220498695682,0.0393957093747827,0.981684266588713,200,1.385740736831977,1.3859200019811284,0.004242870344506647,1.377424710956744,1.39405676270721,0.9951210065499532,0.9909605666314374,0.0011384254199511962,0.9928896927268488,0.9973523203730575,0.09732587831401593,0.10499328531208862,0.004952759443218445,0.08761846980530778,0.10703328682272407,0.9947092379645247,0.9914858407839271,0.0013822326932288163,0.9920000618857963,0.9974184140432532,0.09965867475926334,0.10824016126458706,0.005568977303055705,0.08874347924527415,0.11057387027325252,0.052832449336023025,0.048672009417507045,0.0011384254199511962,0.05060113551291868,0.05506376315912737,0.013436739961240382,0.009276300042724395,0.0011384254199511962,0.011205426138136038,0.015668053784344726,0.013282803719278173,0.008589341191833218,0.0009310509350287264,0.01145794388662187,0.015107663551934476,0.0001539362419621636,0.00043241254326338964,0.0006398180739179888,-0.0011001071829170946,0.0014079796668414217
strong_low_noise,60,2.976351441631313e-05,1.2615020528390948,0.04191835734034953,0.9842069145542799,200,1.248991188257212,1.2504546608793328,0.0041417720408296384,1.240873315057186,1.257109061457238,0.9958184136212668,0.9923774574900963,0.0010204270034654954,0.9938183766944744,0.9978184505480592,0.09140189275626755,0.09721434389320634,0.00488399847016825,0.08182925575473778,0.10097452975779732,0.9954378846098894,0.9929058353221627,0.0012482476062108078,0.9929913193017161,0.9978844499180626,0.09380011238620967,0.09931750517454135,0.005500453991799678,0.0830192225622823,0.10458100221013704,0.05352985640733653,0.05008890027616597,0.0010204270034654954,0.051529819480544165,0.0555298933341289,0.011611499066986991,0.008170542935816427,0.0010204270034654954,0.009611462140194621,0.013611535993779362,0.011526397252200078,0.007189050063116526,0.0008320005944488011,0.009895676087080427,0.013157118417319728,8.510181478691922e-05,0.00017898148773683861,0.0005849053231673707,-0.0010613126186211274,0.0012315162481949657
strong_low_noise,60,3.792690190732246e-05,1.129386434272404,0.04419919853956761,0.9864877557534979,200,1.1194440256444458,1.121831517479901,0.00405871939632478,1.1114889356276492,1.1273991156612424,0.9963818804371545,0.9934305580756766,0.0009024028682376755,0.9946131708154087,0.9981505900589003,0.08583626663536205,0.09111485661258942,0.004813179601364372,0.07640243461668789,0.09527009865403621,0.9960313067480392,0.9940665344092592,0.0011152226673512855,0.9938454703200307,0.9982171431760477,0.08830003303327424,0.09371260749755365,0.005429327567111185,0.07765855100173633,0.09894151506481216,0.05409332322322406,0.051142000861746195,0.0009024028682376753,0.05232461360147822,0.055862032844969906,0.009894124683656507,0.006942802322178643,0.0009024028682376754,0.008125415061910663,0.011662834305402351,0.009854659873642228,0.005865263307469528,0.0007311512779055856,0.00842160336894728,0.011287716378337176,3.946481001422997e-05,-0.00015276827542549224,0.0005292842785677249,-0.0009979323759785107,0.0010768619960069708
strong_low_noise,60,4.8329302385717524e-05,1.0045314359469182,0.04623425037702535,0.9885228075909557,200,0.9967018960466857,0.9967509061336517,0.003990976275218546,0.9888795825472574,1.004524209546114,0.9968139901375247,0.9943659881005452,0.0007862425067504509,0.9952729548242938,0.9983550254507556,0.0806933710999224,0.08612801302795689,0.004742115942549281,0.07139882385252581,0.089987918347319,0.9964932256220558,0.9946311992640314,0.0009846329969714152,0.9945633449479918,0.9984231062961197,0.08321764141392755,0.08835407682080648,0.005357276470376469,0.07271737953198967,0.09371790329586543,0.054525432923594394,0.05207743088661487,0.0007862425067504509,0.05298439761036351,0.056066468236825276,0.00829118254656906,0.005843180509589541,0.0007862425067504509,0.006750147233338177,0.009832217859799944,0.008278268762200988,0.004785856639939556,0.0006294274497227406,0.007044590960744416,0.00951194656365756,1.291378436805231e-05,-0.00030158215639584744,0.00047516001159428296,-0.0009183998383567423,0.0009442274070928469
strong_low_noise,60,6.158482110660255e-05,0.8866854044740867,0.04802785282632378,0.9903164100402542,200,0.8806305525330685,0.8772984434046893,0.0039260950968385555,0.8729354061432649,0.8883256989228722,0.9971308902272276,0.9951622712017747,0.0006748133474677955,0.9958082560661907,0.9984535243882644,0.07602100756116664,0.08175924824867215,0.004672586383147975,0.06686273825019662,0.08517927687213667,0.996840339863388,0.995013809130759,0.0008587927068903245,0.995157106157883,0.9985235735688931,0.07859766497494539,0.0824757493765864,0.005286350811528455,0.06823641738434962,0.08895891256554116,0.05484233301329709,0.052873713987844406,0.0006748133474677957,0.05351969885226021,0.056164967174333974,0.006814480186973274,0.0048458611615205816,0.0006748133474677955,0.005491846025936395,0.008137114348010153,0.0068137500744426946,0.003933467685713283,0.0005291006530438886,0.005776712794476673,0.007850787354408716,7.301125306249066e-07,-0.0003815849717264477,0.00042439769535956243,-0.0008310893703741175,0.0008325495954353673
strong_low_noise,60,7.847599703514606e-05,0.7759008110672175,0.04959160465759471,0.9918801618715251,200,0.7713650160627075,0.7682823956919597,0.003844430595888782,0.7638299320947655,0.7789001000306495,0.9973600971600328,0.9956817006037912,0.0005712510242594923,0.9962404451524842,0.9984797491675814,0.07184730048156572,0.07782236262449468,0.00460616512558165,0.06281921683542568,0.08087538412770576,0.9971001711049623,0.9956662759855113,0.000740317301179951,0.9956491491946496,0.998551193015275,0.07446702942626222,0.0763498181334869,0.005218532085873068,0.06423870653795101,0.08469535231457344,0.055071539946102546,0.0533931433898609,0.0005712510242594923,0.05395188793855394,0.05619119195365115,0.0054799352885078235,0.0038015387322661853,0.0005712510242594923,0.004360283280959219,0.006599587296056428,0.005481696337194175,0.0030524872486911592,0.00043325918351651017,0.004632508337501815,0.0063308843368865345,-1.7610486863527466e-06,-0.00026381901030905124,0.00037801718267786965,-0.0007426747267349772,0.0007391526293622717
strong_low_noise,60,0.0001,0.6725033669342569,0.05094239220652001,0.9932309494204503,200,0.6692772475202762,0.666279930071338,0.0037257059837133093,0.661974863792198,0.6765796312483543,0.9975347362840006,0.9960907097340899,0.0004781976822365686,0.9965974688268169,0.9984720037411843,0.06817956137039667,0.07448877957854433,0.004544120934788956,0.05927308433821032,0.07708603840258302,0.997305425135563,0.99637054508145,0.0006315198065435743,0.9960676463147375,0.9985432039563884,0.07083322194899036,0.07053479415650912,0.0051554342182902856,0.0607285708811414,0.08093787301683932,0.05524617907007026,0.05380215252015952,0.0004781976822365686,0.05430891161288659,0.05618344652725393,0.00430378686355029,0.0028597603136395477,0.0004781976822365686,0.0033665194063666154,0.005241054320733964,0.004302470736786274,0.002457179452963834,0.0003450897381072928,0.0036260948500959804,0.004978846623476568,1.3161267639777257e-06,-7.36151208218489e-05,0.0003360781773914884,-0.0006573971009233396,0.0006600293544512949
strong_low_noise,60,0.0001274274985703132,0.5770003387111425,0.052100056442899806,0.9943886136568302,200,0.5748908145436239,0.5706230727406607,0.003555780632683212,0.5679214845035648,0.581860144583683,0.9976863531452435,0.9967447068655556,0.00039722133380876336,0.9969077993309783,0.9984649069595086,0.06500574661020961,0.07160129791689107,0.004487379599074445,0.056210482596023695,0.07380101062439552,0.9974869744786033,0.9969151078278673,0.0005339440855553762,0.9964404440709148,0.9985335048862919,0.06768520991902664,0.06719539053031232,0.005098177690114695,0.05769278164640184,0.07767763819165144,0.05539779593131307,0.05445614965162526,0.00039722133380876336,0.05461924211704789,0.056176349745578245,0.00329773948841324,0.0023560932087254294,0.00039722133380876336,0.002519185674148064,0.004076293302678416,0.0032910230081125234,0.0018807901652701027,0.0002672045337562874,0.0027673021219502,0.0038147438942748467,6.7164803007300874e-06,-4.8765973096351705e-05,0.00029795648663121454,-0.0005772782334964503,0.0005907111940979105
strong_low_noise,60,0.00016237767391887175,0.4899408480802734,0.053085318279580504,0.9953738754935109,200,0.48875403648947896,0.48409847294332686,0.003330592014549975,0.482226076140961,0.4952819968379969,0.9978389192319429,0.9971591350528333,0.0003285847037280996,0.9971948932126359,0.9984829452512499,0.0622980112262479,0.06862550466322415,0.004436519280800195,0.05360243343587952,0.07099358901661629,0.9976680458765163,0.9973686261177739,0.00044817049126012927,0.9967896317136464,0.9985464600393861,0.06499654011069513,0.06266642875731168,0.005047381654991972,0.05510367206691086,0.07488940815447939,0.05555036201801247,0.05487057783890292,0.0003285847037280996,0.0549063359987054,0.05619438803731955,0.002465043738431952,0.0017852595593224052,0.0003285847037280996,0.0018210177191248767,0.0031090697577390272,0.0024528381882354656,0.0013539510926965162,0.00020119060782300164,0.002058504596902382,0.002847171779568549,1.2205550196493428e-05,-4.842618822400694e-05,0.000262816758185762,-0.0005029152958476,0.0005273263962405869
strong_low_noise,60,0.00020691380811147902,0.4117645536368164,0.05391834427435395,0.9962069014882843,200,0.4113031488988181,0.40585478453862456,0.0030563865627046102,0.40531263123591704,0.4172936665617191,0.9980058402782706,0.9974382077379811,0.0002714094011665327,0.9974738778519842,0.9985378027045569,0.06001730780355883,0.06604990982204031,0.004391783796824661,0.0514094115617825,0.06862520404533516,0.9978613823084211,0.997785611922553,0.00037391096042168313,0.9971285168259947,0.9985942477908476,0.0627296109615679,0.05939344850525341,0.005003217828574002,0.05292330401756286,0.07253591790557294,0.05571728306434012,0.055149650524050686,0.0002714094011665327,0.05518532063805372,0.05624924549062653,0.0017989387899861908,0.0012313062496967508,0.0002714094011665327,0.0012669763636997868,0.0023309012162725947,0.0017824307245738447,0.000987912070411376,0.00014746128017892546,0.0014934066154231509,0.0020714548337245385,1.6508065412328964e-05,-1.7139303435163423e-06,0.00023001846548903267,-0.0004343281269461751,0.000467344257770833
strong_low_noise,60,0.00026366508987303556,0.3426803051322296,0.054618004377141594,0.9969065615910719,200,0.3427517505819584,0.33734915230266505,0.002747067031960021,0.33736749919931674,0.34813600196460004,0.9981902942041458,0.997643531367119,0.00022412379552673353,0.9977510115649134,0.9986295768433783,0.05811804132977023,0.06421265609851748,0.004353116591144762,0.04958593281112649,0.06665014984841396,0.9980696806914139,0.9980710248019073,0.00031029277279077965,0.997461506856744,0.9986778545260838,0.06084013160349962,0.05735334626307524,0.004965496815077539,0.05110775784594764,0.0705725053610516,0.05590173699021549,0.055354974153188685,0.00022412379552673353,0.0554624543509831,0.05634101962944789,0.0012837326130739025,0.0007369697760470917,0.00022412379552673353,0.0008444499738415048,0.0017230152523063003,0.00126460998839173,0.0006963434425331227,0.00010538525040634172,0.0010580548975953003,0.00147116507918816,1.9122624682171504e-05,-0.00010839996462012221,0.00019929449548534932,-0.00037149458646911317,0.00040973983583345616
strong_low_noise,60,0.0003359818286283774,0.28260290647035285,0.0552016375364756,0.9974901947504059,200,0.2830318015481823,0.2778614916971195,0.002420218981252881,0.27828817234492664,0.28777543075143797,0.9983879402237806,0.9977927704352825,0.00018497306542230736,0.9980253930155529,0.9987504874320083,0.05655213046692614,0.06272683318481283,0.004320217109700199,0.048084504931913755,0.06501975600193853,0.9982883398725392,0.9983782224946522,0.0002561778494310745,0.9977862312876543,0.998790448457424,0.05928109628441968,0.0564456240826663,0.00493376989102449,0.04961090729801168,0.06895128527082768,0.05609938300985037,0.05550421322135207,0.00018497306542230736,0.05573683580162265,0.0564619302180781,0.0008977454733748158,0.000302575684876516,0.00018497306542230736,0.0005351982651470935,0.0012602926816025382,0.0008776710666545837,0.0004822506834778723,7.35932876820556e-05,0.0007334282227977547,0.0010219139105114125,2.007440672019814e-05,-0.00010746806718241894,0.00017070876561831855,-0.0003145147738917062,0.00035466358733210246
strong_low_noise,60,0.00042813323987193956,0.23115365526738332,0.05568507183263627,0.9979736290465666,200,0.23179235390763533,0.22745433227054773,0.002093298391345154,0.22768948906059883,0.23589521875467184,0.9985905037970376,0.9981561563839921,0.0001523881926603166,0.9982918229394234,0.9988891846546518,0.055272169583182824,0.061499799668135645,0.0042926115211956205,0.04685865100163941,0.06368568816472624,0.9985090338641956,0.9986504199492888,0.00021040005811023585,0.9980966497502995,0.9989214179780918,0.05800593347885702,0.054546427403046854,0.004907430212223032,0.04838737026289988,0.06762449669481416,0.05630194658310719,0.05586759917006179,0.00015238819266031662,0.056003265725492975,0.05660062744072141,0.0006168747504709238,0.00018252733742551985,0.00015238819266031662,0.0003181938928567032,0.0009155556080851444,0.0005971995190645614,0.0003235591079159115,5.033874069575042e-05,0.0004985355873008906,0.0006958634508282322,1.9675231406354013e-05,-0.00010135240795623811,0.00014449959665701028,-0.00026354397804138614,0.0003028944408540942
strong_low_noise,60,0.0005455594781168515,0.18771085380638997,0.05608270521741203,0.9983712624313423,200,0.1884449158009599,0.18454337989400063,0.0017809162779563112,0.18495431989616554,0.19193551170575426,0.998788962703918,0.9984247778126456,0.00012513757741390694,0.9985436930521868,0.9990342323556493,0.05423363375557981,0.060932397358497356,0.004269724764965444,0.04586497321624754,0.06260229429491208,0.9987228551153357,0.9987732361962176,0.00017188417226375407,0.9983859621376987,0.9990597480929726,0.0569707375167445,0.05406897188030029,0.004885799908454932,0.04739456969617284,0.06654690533731616,0.0565004054899878,0.0561362205987152,0.00012513757741390694,0.05625513583825654,0.056745675141719056,0.0004177002725758039,5.3515381303215204e-05,0.00012513757741390694,0.0001724306208445463,0.0006629699243070615,0.0003993636957467474,0.0002148085221722444,3.381219518263058e-05,0.00033309179318879144,0.00046563559830470336,1.8336576829013986e-05,-0.00011282176738152116,0.00012091771139696343,-0.00021866213750903433,0.0002553352911670623
strong_low_noise,60,0.0006951927961775591,0.1514871290681091,0.056407556545518704,0.998696113759449,200,0.15223523717756388,0.14880082711723303,0.00149350600792912,0.1493079654020228,0.15516250895310496,0.9989756681184868,0.9986636489827778,0.00010231086569094315,0.9987751388217325,0.9991761974152411,0.053396218099364755,0.06048462375390324,0.004250943097001325,0.04506436962924216,0.06172806656948735,0.9989223814985965,0.9989995939256637,0.00013967457848224196,0.9986486193247712,0.9991961436724217,0.0561356491554429,0.0535389444892756,0.004868195852022189,0.04659398528547941,0.06567731302540639,0.05668711090455645,0.05637509176884753,0.00010231086569094315,0.0564865816078022,0.0568876402013107,0.0002795543590377958,-3.246477667112613e-05,0.00010231086569094315,7.902506228354723e-05,0.0004800836557920444,0.00026310339097671833,0.00014147303722228497,2.235847338708939e-05,0.00021928078313802313,0.0003069259988154135,1.6450968061025757e-05,-8.6079139269677e-05,0.00010011878927486888,-0.00017978185891771726,0.00021268379503976877
strong_low_noise,60,0.0008858667904100832,0.12161127043331371,0.05667127816157233,0.9989598353755027,200,0.12232110784125158,0.11946895372623491,0.0012371719415782572,0.1198962508357582,0.12474596484674497,0.9991453234393777,0.9989030052036947,8.323025265722845e-05,0.9989821921441695,0.9993084547345858,0.052724475944545865,0.060131669771132865,0.004235661582114305,0.04442257924360183,0.0610263726454899,0.9991026041496659,0.9991761818457405,0.00011292155061540972,0.9988812779104597,0.9993239303888721,0.05546553539687505,0.05283838162178596,0.004853973326795338,0.04595174767635619,0.0649793231173939,0.056856766225447435,0.05661444798976428,8.323025265722845e-05,0.05669363493023927,0.0570198975206556,0.00018548806387506944,-5.683017180807548e-05,8.323025265722845e-05,2.2356768666901682e-05,0.0003486193590832372,0.00017115392513551855,9.231161943645827e-05,1.4589544513414029e-05,0.00014255841788922706,0.00019974943238181003,1.4334138739582874e-05,-6.345668583423315e-05,8.212144848092565e-05,-0.0001466239002830314,0.00017529217776219715
strong_low_noise,60,0.0011288378916846883,0.09719915359832665,0.05688415808181591,0.9991727152957462,200,0.0978412946408404,0.09547603452112971,0.001014295541571193,0.09585327537936086,0.09982931390231994,0.9992950933517493,0.9991300633327052,6.736097850012136e-05,0.999163065833889,0.9994271208696095,0.05218794069266599,0.05985073903315251,0.004223315722791666,0.04391024187599432,0.06046563950933766,0.9992609961073966,0.9993402809557534,9.086037776400205e-05,0.9990829097669791,0.9994390824478141,0.05493014706248278,0.0520113619667737,0.004842550854298868,0.045438747388057005,0.06442154673690856,0.057006536137819024,0.056841506118774865,6.736097850012136e-05,0.05687450861995878,0.057138563655679264,0.00012237805600312125,-4.2651963041040464e-05,6.736097850012136e-05,-9.649461857116627e-06,0.00025440557386335915,0.00011016831112179785,5.9564312567034776e-05,9.414895604814316e-06,9.171511573636179e-05,0.0001286215065072339,1.2209744881321723e-05,-4.704834825386739e-05,6.681416683952139e-05,-0.0001187460221241402,0.00014316551188678364
strong_low_noise,60,0.00143844988828766,0.07740642412046492,0.05705514133317371,0.999343698547104,200,0.07796795568014397,0.07602266284476594,0.0008244741812988902,0.07635198628479815,0.0795839250754898,0.9994242136952696,0.9993142401150047,5.425057716200052e-05,0.9993178825640321,0.999530544826507,0.05176090333965373,0.059096241882111836,0.004213399310029285,0.04350264069199633,0.060019165987311135,0.999397094258205,0.9994707772159552,7.279824551270462e-05,0.9992544096970001,0.9995397788194099,0.054503924373601256,0.051510833501625594,0.004833420930631224,0.04503041934956406,0.06397742939763845,0.057135656481339205,0.05702568290107435,5.425057716200053e-05,0.05702932535010168,0.05724198761257673,8.051514816551974e-05,-2.9458432099338516e-05,5.425057716200052e-05,-2.5815983072001282e-05,0.00018684627940304075,7.029723512362877e-05,3.808155624297677e-05,6.020047202000467e-06,5.8497942607707856e-05,8.209652763954968e-05,1.0217913041869978e-05,-3.4896121461897776e-05,5.398782616683779e-05,-9.55982262451321e-05,0.00011603405232887205
strong_low_noise,60,0.0018329807108324375,0.061461986420234115,0.05719188584408633,0.9994804430580166,200,0.061940911288346785,0.06033630593030945,0.000665483482806239,0.060636563662046554,0.06324525891464701,0.9995334138941726,0.999459925128913,4.3497687323466575e-05,0.9994481584270186,0.9996186693613266,0.051421987618034654,0.05817309498618076,0.004205471761686342,0.043179262965129424,0.05966471227093988,0.9995119050091037,0.9995794374493361,5.810989827441833e-05,0.9993980096084858,0.9996258004097216,0.05416559295055876,0.051115717744758656,0.004826151301519818,0.044706336399579924,0.0636248495015376,0.05724485668024234,0.057171367914982674,4.3497687323466575e-05,0.05715960121308834,0.057330112147396334,5.297083615604492e-05,-2.0517929103625043e-05,4.3497687323466575e-05,-3.228463099794956e-05,0.00013822630331003938,4.453732232421615e-05,2.416436711927028e-05,3.8204880596077445e-06,3.704916572738497e-05,5.202547892104733e-05,8.433513831792948e-06,-2.395555604465395e-05,4.3375052440429986e-05,-7.658158895144983e-05,9.344861661503571e-05
strong_low_noise,60,0.002335721469090121,0.04868505844455577,0.05730085328278702,0.9995894104967173,200,0.04908591719326845,0.04777410587248457,0.0005340925811197868,0.04803909573427367,0.05013273865226323,0.9996243505039821,0.9995749755092973,3.47404254295626e-05,0.9995562592701401,0.9996924417378241,0.05115362928507574,0.05768821567843312,0.004199158266981155,0.04292327908179268,0.0593839794883588,0.9996073296085387,0.999664880562182,4.62378948044539e-05,0.999516703334722,0.9996979558823554,0.05389765803522496,0.05080420855150723,0.004820380544513862,0.044449712167977794,0.06334560390247213,0.05733579329005179,0.05728641829536696,3.47404254295626e-05,0.057267702056209846,0.057403884523893736,3.494000726479651e-05,-1.4434987420042233e-05,3.47404254295626e-05,-3.3151226577146187e-05,0.00010303124110673921,2.805436904622094e-05,1.524011195785126e-05,2.4098322419689e-06,2.3331097851961896e-05,3.2777640240479984e-05,6.885638218554501e-06,-1.6596563477495307e-05,3.468522378671453e-05,-6.109740040340598e-05,7.486867684051498e-05
strong_low_noise,60,0.002976351441631313,0.038489980258614366,0.0573874258814555,0.9996759830953859,200,0.038820715947833165,0.03775758350433854,0.00042667158397295376,0.03798443964324617,0.039656992252420156,0.9996991469080974,0.9996657145847296,2.7654203145132375e-05,0.9996449446699329,0.9997533491462618,0.05094153275025077,0.05754863805633277,0.004194145539404703,0.04272100749301755,0.05916205800748399,0.9996857014236603,0.9997336423889436,3.669333961250248e-05,0.9996137824780198,0.9997576203693008,0.053685871534299066,0.05055885867423099,0.00481581070283171,0.04424688255674891,0.06312486051184922,0.057410589694167076,0.05737715737079929,2.7654203145132375e-05,0.05735638745600262,0.05746479193233153,2.316381271155632e-05,-1.0268510656219476e-05,2.7654203145132375e-05,-3.1038425452903136e-05,7.736605087601577e-05,1.7589599710326745e-05,9.564645136617114e-06,1.512575615539181e-06,1.462495150386995e-05,2.0554247916783538e-05,5.574213001247194e-06,-1.1621857707841643e-05,2.763058477921125e-05,-4.8581733166006856e-05,5.973015916850124e-05
strong_low_noise,60,0.003792690190732238,0.03038293117992556,0.057456037065360045,0.9997445942792904,200,0.03065281176582848,0.029797115669252076,0.00033959754601721654,0.029987200575634733,0.031318422956022225,0.9997600641266726,0.9997372049942712,2.195235174906999e-05,0.9997170375172444,0.9998030907361009,0.05077415075169906,0.05744289025393561,0.004190175280956572,0.04256140720102418,0.05898689430237394,0.9997494578807341,0.9997888557583492,2.905481504858706e-05,0.9996925104432389,0.9998064053182293,0.05351871882718724,0.050365767793608116,0.004812198800869834,0.04408680917748237,0.06295062847689212,0.0574715069127424,0.05744864778034092,2.195235174906999e-05,0.057428480303314225,0.05751453352217058,1.546984738233559e-05,-7.38928501914371e-06,2.195235174906999e-05,-2.7556762045841595e-05,5.8496456810512774e-05,1.098733737312558e-05,5.979183659832176e-06,9.456557305764746e-07,9.133852141195689e-06,1.284082260505547e-05,4.482510009235744e-06,-8.233690207851556e-06,2.194304171865909e-05,-3.8525851759336064e-05,4.749087177780756e-05
strong_low_noise,60,0.004832930238571752,0.02395397516105189,0.05751030461832256,0.9997988618322529,200,0.024172321913013238,0.02348852645844999,0.00026949608835154405,0.02364410957984421,0.024700534246182265,0.9998092904463206,0.9997934832560417,1.7386312162352722e-05,0.9997752132744824,0.9998433676181588,0.050642212219877906,0.057359714234463205,0.004187036794681659,0.042435620102301855,0.05884880433745396,0.9998009331330613,0.9998329773651148,2.2964939975180014e-05,0.9997559218507099,0.9998459444154126,0.05338695145204799,0.05021389801533138,0.00480934836194764,0.04396062866263062,0.06281327424146536,0.057520733232390396,0.057504926042111326,1.7386312162352722e-05,0.057486656060552185,0.05755481040422861,1.0428614067877761e-05,-5.3785762111902e-06,1.7386312162352722e-05,-2.3648557770333577e-05,4.4505785906089096e-05,6.842858576688076e-06,3.726086052681481e-06,5.893595259819756e-07,5.687713905763403e-06,7.998003247612749e-06,3.5857554911468718e-06,-5.903989257657153e-06,1.738319506404793e-05,-3.0485306834387075e-05,3.765681781668082e-05
strong_low_noise,60,0.006158482110660254,0.01886692948367171,0.057553157925522076,0.9998417151394524,200,0.019042412137340897,0.01849850205951048,0.00021336322679242178,0.01862422021282775,0.019460604061854046,0.9998488233862632,0.9998377571091065,1.3744361403739281e-05,0.9998218844379119,0.9998757623346146,0.05053830928141801,0.05729432408553943,0.004184559642827736,0.042336572381475646,0.058740046181360375,0.9998422438798777,0.9998682397906924,1.8124970324692233e-05,0.9998067189380413,0.9998777688217142,0.053283177346362204,0.050094506955228754,0.004807101546708185,0.04386125831481416,0.06270509637791025,0.0575602661723328,0.05754919989517615,1.3744361403739281e-05,0.05753332722398147,0.05758720512068413,7.108246810728081e-06,-3.958030345918573e-06,1.3744361403739281e-05,-1.983070154060091e-05,3.404719516205707e-05,4.25163573068022e-06,2.31622716222235e-06,3.6638582580428625e-07,3.533519512103819e-06,4.969751949256621e-06,2.8566110800409645e-06,-4.284246083059394e-06,1.374373987335843e-05,-2.4081119071741557e-05,2.9794341231823484e-05
strong_low_noise,60,0.00784759970351459,0.014848707226422436,0.05758695398212731,0.9998755111960577,200,0.014989011685020967,0.014557628980098897,0.00016860745367883217,0.014658541075810456,0.015319482294231478,0.9998804162809694,0.9998725689692519,1.0848954643988106e-05,0.9998591523298671,0.9999016802320716,0.05045654532776028,0.0572429363474462,0.0041826068534954715,0.042258635894909156,0.05865445476061141,0.9998752399487161,0.9998961916073862,1.42882156046765e-05,0.9998472350461309,0.9999032448513012,0.05320151108093068,0.050000684230952275,0.00480533220003962,0.043783059968853025,0.06261996219300833,0.05759185906703888,0.057584011755321574,1.0848954643988106e-05,0.05757059511593666,0.057613123018141095,4.905084911556723e-06,-2.9422268057466283e-06,1.0848954643988106e-05,-1.6358866190659965e-05,2.616903601377341e-05,2.6366993542443e-06,1.4369811087275831e-06,2.2731767752960618e-07,2.191156706286272e-06,3.0822420022023282e-06,2.268385557321361e-06,-3.144416956780513e-06,1.084921226944529e-05,-1.8996070490791405e-05,2.353284160543413e-05
strong_low_noise,60,0.01,0.01167912193619627,0.057613579539778075,0.9999021367537084,200,0.01179084737117149,0.011450451976954238,0.00013304326186344752,0.011530082577919133,0.012051612164423846,0.9999055662269236,0.9998999297121163,8.553158482386319e-06,0.9998888020362982,0.9999223304175491,0.050392240838671026,0.0572025647910036,0.004181068912520854,0.04219734577013015,0.0585871359072119,0.9999014960175796,0.999918281640966,1.1253027229227203e-05,0.9998794400842104,0.9999235519509488,0.05313728113259372,0.04992697610943456,0.00480393989120492,0.04372155894583208,0.06255300331935537,0.0576170090129932,0.057611372498185986,8.553158482386319e-06,0.057600244822367724,0.05763377320361868,3.4294732151207707e-06,-2.2070415920949493e-06,8.553158482386319e-06,-1.3334717410356415e-05,2.0193663840597958e-05,1.632755967863721e-06,8.90106407024958e-07,1.4081342352917177e-07,1.3567616577465444e-06,1.908750277980898e-06,1.796717247262988e-06,-2.3321893801970075e-06,8.553631657693879e-06,-1.4968400801817014e-05,1.856183529634299e-05
strong_low_noise,90,1e-12,255.77539171533348,3.461474173207385e-05,0.9423231719556624,200,89.98081009897693,89.98078882920404,5.115014704091651e-05,89.98070984468873,89.98091035326513,2.5479478155654456,2.521838915140796,0.01988351241848627,2.5089761312252126,2.5869194999056786,0.038935440827719374,0.041533255223129936,0.0029054766513348066,0.033240706591103154,0.044630175064335594,2.505233454811018,2.492710655186068,0.02009468991252021,2.465847862582478,2.5446190470395575,0.043084544501692766,0.04351337699525468,0.003853535457522828,0.035531615004948024,0.05063747399843751,1.6056592583515155,1.5795503579268657,0.01988351241848627,1.5666875740112824,1.6446309426917485,1.6056246436097832,1.5795157431851337,0.01988351241848627,1.5666529592695502,1.6445963279500162,1.6056245691779623,1.5795155235857878,0.01988351261082491,1.5666528844607455,1.644596253895179,7.443182068932242e-08,9.016585885356622e-08,2.5110789730587173e-08,2.5214672817371566e-08,1.236489685612733e-07
strong_low_noise,90,1.2742749857031321e-12,255.71393592241597,3.4614762585059855e-05,0.9423231719765154,200,89.97555031228657,89.97552316870204,6.515895169719855e-05,89.97542260074124,89.9756780238319,2.5476278008739923,2.5214869805735756,0.01987813378649882,2.5086666586524546,2.58658894309553,0.03893961437060048,0.0415446977761542,0.002905553025582995,0.03324473044045781,0.04463449830074315,2.5049201395642053,2.4924138454598124,0.020089609402826565,2.465544505134665,2.5442957739937455,0.04308855216650378,0.0435090159260141,0.0038536044783743324,0.035535487388890084,0.05064161694411747,1.605339243660062,1.5791984233596452,0.019878133786498813,1.5663781014385243,1.6443003858815997,1.605304628897477,1.5791638085970603,0.01987813378649882,1.5663434866759394,1.6442657711190147,1.6053045341048522,1.5791635287916472,0.01987813403166063,1.5663433914027973,1.644265676806907,9.479262319855494e-08,1.1488331335870311e-07,3.1986973283649816e-08,3.20981555626013e-08,1.5748709083450858e-07
strong_low_noise,90,1.6237767391887243e-12,255.6357166767569,3.4614796393613034e-05,0.942323172010324,200,89.96885010415868,89.96881544731158,8.299737416990004e-05,89.9686874293053,89.96901277901205,2.5472202684412872,2.5210388385427827,0.019871286277086803,2.5082725473381973,2.586167989544377,0.03894493122939447,0.041559275156229494,0.0029056503190435625,0.03324985660406909,0.044640005854719854,2.504521139363848,2.4920358715073694,0.02008314144594072,2.4651581821298043,2.5438840965978917,0.043093657625503594,0.043503460575120764,0.003853692409145748,0.035540420503577926,0.05064689474742926,1.6049317112273565,1.5787502813288523,0.019871286277086803,1.5659839901242663,1.6438794323304466,1.6048970964309632,1.5787156665324587,0.019871286277086803,1.565949375327873,1.6438448175340534,1.6048969757266252,1.578715310023504,0.01987128658960303,1.5659492540110032,1.6438446974422471,1.2070434081180292e-07,1.463721452584415e-07,4.07422288447506e-08,4.084957227609175e-08,2.005591093475141e-07
strong_low_noise,90,2.06913808111479e-12,255.5361933694386,3.461485118335522e-05,0.9423231720651137,200,89.96031577407528,89.96027149791618,0.00010570790934414791,89.96010858657297,89.9605229615776,2.5467013724688936,2.520468300312703,0.019862570956070427,2.5077707333949957,2.5856320115427915,0.03895170412696267,0.04157784494603394,0.002905774251653307,0.033256386593722195,0.04464702166020315,2.5040131081734827,2.491554623320863,0.020074909232271114,2.464666286078231,2.543359930268734,0.04310016110079412,0.04349638454152967,0.0038538044233890068,0.03554670443095167,0.05065361777063657,1.6044128152549633,1.5781797430987727,0.019862570956070427,1.5654821761810653,1.6433434543288612,1.60437820040378,1.5781451282475893,0.019862570956070427,1.5654475613298822,1.643308839477678,1.6043780467351147,1.5781446740223508,0.019862571354486668,1.5654474068803208,1.6433086865899087,1.5366866437662496e-07,1.864845610702434e-07,5.18876570486051e-08,5.1968856561358963e-08,2.55368472191891e-07
strong_low_noise,90,2.6366508987303555e-12,255.40961525486748,3.461493992819309e-05,0.9423231721538585,200,89.94944649205944,89.949389885278,0.0001346141022087633,89.94918264841911,89.94971033569976,2.5460408249700737,2.519742117383184,0.01985148191289504,2.5071319204207994,2.584949729519348,0.038960331023295824,0.04160149855789244,0.002905932101194274,0.03326470410495505,0.0446559579416366,2.5033663930250176,2.4909420205569206,0.020064434913981133,2.4640401005936146,2.5426926854564207,0.04310844461349703,0.0434873726205482,0.0038539471055483296,0.0355547082866223,0.050662180940371754,1.6037522677561433,1.5774535601692539,0.019851481912895038,1.564843363206869,1.6426611723054176,1.6037176528162151,1.5774189452293257,0.01985148191289504,1.5648087482669408,1.6426265573654895,1.6037174572298745,1.577418366527753,0.01985148242088651,1.5648085516849368,1.642626362774812,1.955863421416868e-07,2.375776176989631e-07,6.607188905134206e-08,6.608543960105638e-08,3.2508724468231724e-07
strong_low_noise,90,3.359818286283788e-12,255.24871106543188,3.4615083573934224e-05,0.9423231722975043,200,89.9356054443406,89.93553300708409,0.00017139461862839358,89.93526951088808,89.93594137779311,2.5452001894902154,2.518816146525605,0.019837378423643078,2.506318927779875,2.584081451200556,0.03897131816211187,0.041631624508466164,0.002906133123747034,0.03327529723956768,0.04466733908465606,2.502543363713917,2.490162433067744,0.020051113316297428,2.463243181613974,2.54184354581386,0.04311899408166732,0.043475896894412835,0.00385412883289225,0.03556490156919851,0.05067308659413613,1.6029116322762855,1.5765275893116746,0.019837378423643078,1.564030370565945,1.641792893986626,1.6028770171927114,1.5764929742281006,0.019837378423643078,1.563995755482371,1.6417582789030518,1.602876768333919,1.5764940200031727,0.0198373790714549,1.5639955053538672,1.6417580313139706,2.4885878799238276e-07,3.02649706610663e-07,8.411717384848105e-08,8.398912724935992e-08,4.1372844873540557e-07
strong_low_noise,90,4.281332398719396e-12,255.04430644497188,3.461531588545841e-05,0.9423231725298158,200,89.91798339133696,89.91789059100051,0.00021817578400842904,89.9175557668003,89.91841101587362,2.5441307440852103,2.5176065004233914,0.01981945039726722,2.5052846213065667,2.582976866863854,0.03898530923352318,0.04166998851645685,0.002906389085241728,0.03328878662644939,0.04468183184059697,2.5014963209294536,2.4891707038775914,0.020034179307348993,2.4622293294870494,2.540763312371858,0.04313242727071187,0.043461286541539815,0.0038543602590587586,0.0355778811629567,0.05068697337846704,1.6018421868712804,1.575317943209461,0.019819450397267218,1.5629960640926366,1.6406883096499243,1.6018075715553948,1.5752833278935756,0.01981945039726722,1.562961448776751,1.6406536943340386,1.6018072550425715,1.5752846587301694,0.01981945122356069,1.5629611306443925,1.6406533794407505,3.1651282910910124e-07,3.855131763215773e-07,1.0706436610156382e-07,1.0666667155003615e-07,5.263589866681663e-07
strong_low_noise,90,5.455594781168514e-12,254.7848569886404,3.461569118506924e-05,0.9423231729051154,200,89.89555275678917,89.89543369960845,0.000277646536410599,89.89500856957781,89.89609694400053,2.5427708180331057,2.516068702463948,0.01979667581457997,2.5039693334365287,2.5815723026296826,0.03900312220441966,0.04171883471027073,0.002906714931980977,0.033305960937736946,0.04470028347110238,2.5001648893929134,2.4879096872224524,0.020012667609101257,2.460940060879075,2.5393897179067517,0.04314952907378098,0.04344268981147367,0.0038546549251272807,0.03559440542053151,0.05070465272703045,1.6004822608191753,1.5737801452500177,0.019796675814579966,1.5616807762225986,1.639283745415752,1.60044764512799,1.5737455295588327,0.01979667581457997,1.5616461605314134,1.6392491297245668,1.600447242775834,1.5737472225508182,0.019796676868821462,1.561645756112944,1.6392487294387241,4.023521521507506e-07,4.91012219908907e-07,1.3622865501483265e-07,1.353439883216786e-07,6.693603159798226e-07
strong_low_noise,90,6.951927961775591e-12,254.45588555899906,3.461629665342525e-05,0.9423231735105838,200,89.86700997184313,89.86685695664906,0.00035320016078089025,89.866317699528,89.86770224415827,2.5410424940150778,2.514114984077601,0.019767768837992174,2.502297667092613,2.5797873209375424,0.039025795717479314,0.041781013209037515,0.0029071296340731066,0.033327821634696025,0.0447237698002626,2.4984727901629378,2.486307203201571,0.01998536380263928,2.459301477109765,2.5376441032161106,0.04317129592755227,0.04341902628983682,0.0038550300300221924,0.035615437068708775,0.050727154786395764,1.5987539368011472,1.5718264268636704,0.01976776883799217,1.5600091098786826,1.6374987637236118,1.5987193205044938,1.571791810567017,0.01976776883799217,1.5599744935820292,1.6374641474269584,1.5987188093660711,1.5717939632846378,0.019767770183550085,1.559973979806313,1.6374636389258292,5.111384238500108e-07,6.252970727964425e-07,1.7326803027186683e-07,1.715330845171518e-07,8.507437631828698e-07
strong_low_noise,90,8.858667904100833e-12,254.03931582015161,3.461727177030832e-05,0.9423231744857007,200,89.83070336595108,89.83050627085495,0.00044910732981313174,89.82982311558465,89.83158361631752,2.5388475589959,2.511634871709788,0.01973111740843995,2.5001745688753574,2.5775205491164423,0.03905464735942758,0.041860140465119974,0.002907657242495815,0.03335563916413579,0.04475365555471938,2.496323878031291,2.484272303894465,0.01995074541222628,2.4572204170233274,2.5354273390392548,0.043198991541003554,0.04338892722775535,0.003855507398805622,0.035642197039344535,0.05075578604266257,1.59655900178197,1.5693463144958573,0.01973111740843995,1.5578860116614277,1.6352319919025122,1.5965243845101993,1.569311697224087,0.01973111740843995,1.557851394389657,1.6351973746307416,1.596523735706713,1.5693144329263582,0.019731119126619134,1.5578507422185395,1.6351967291948866,6.488034879285561e-07,7.961677244696855e-07,2.2026648052696293e-07,2.170811860957088e-07,1.0805257897614036e-06
strong_low_noise,90,1.1288378916846884e-11,253.51270112608827,3.46188388193544e-05,0.9423231760527497,200,89.78454345799445,89.7842888871551,0.0005707246052380933,89.78342483776818,89.78566207822071,2.5360625880578778,2.508489784716466,0.019684709589987998,2.4974805572615013,2.574644618854254,0.03909134653725467,0.041960800000746784,0.0029083282076597422,0.033391023250241576,0.044791669824267764,2.493597331079461,2.481690748650733,0.01990691237181728,2.454579782830699,2.532614879328223,0.04323421651737633,0.04336720907797504,0.00385611469480457,0.03567623171555937,0.050792201319193285,1.5937740308439476,1.5662012275025354,0.019684709589987998,1.5551920000475712,1.632356061640324,1.5937394120051283,1.566166608663716,0.019684709589987998,1.5551573812087518,1.6323214428015047,1.5937385893142249,1.566170082700776,0.019684711785324095,1.5551565542149897,1.63232062441346,8.226909032392963e-07,1.013502499234314e-06,2.798336277605935e-07,2.742169928285331e-07,1.3711648136500595e-06
strong_low_noise,90,1.4384498882876659e-11,252.84836111467573,3.4621350321943634e-05,0.9423231785642523,200,89.72589211582682,89.72556219752104,0.0007247412209619048,89.72447162303374,89.72731260861991,2.5325330646524575,2.504905694847162,0.01962604887873361,2.49406600885014,2.571000120454775,0.03913800514834304,0.04204711059010005,0.0029091810141143068,0.033436010360679,0.04483999993600708,2.490141898497188,2.478419607089241,0.019851507078940362,2.451232944622465,2.529050852371911,0.04327899485136984,0.043390683544320074,0.0038568869289682555,0.035719496470592055,0.05083849323214762,1.5902445074385276,1.5626171376332316,0.019626048878733614,1.5517774516362097,1.6287115632408455,1.5902098860882057,1.5625825162829097,0.019626048878733614,1.5517428302858878,1.6286769418905236,1.590208844268726,1.5625768705020917,0.019626051686000415,1.5517417829641653,1.628675905573287,1.041819474063901e-06,1.2897886838361385e-06,3.5522169630913466e-07,3.4558494929799716e-07,1.7380539988298049e-06
strong_low_noise,90,1.8329807108324375e-11,252.0124602031819,3.462536196213728e-05,0.9423231825758924,200,89.65142682689897,89.65099749934015,0.000919464021868209,89.64962467741611,89.65322897638183,2.528066491609175,2.500373011263169,0.0195520604587917,2.4897444531099433,2.566388530108407,0.039197289629596524,0.04212732562589961,0.0029102641910474093,0.0334931718151436,0.04490140744404945,2.4857691629135066,2.4742809602499385,0.01978162590307884,2.446997176143472,2.5245411496835413,0.04333588062544154,0.04343940861873449,0.003857868326194357,0.0357744587061006,0.05089730254478248,1.5857779343952447,1.5580844540492385,0.0195520604587917,1.547455895896013,1.6240999728944765,1.5857433090332824,1.5580498286872764,0.019552060458791702,1.5474212705340507,1.6240653475325142,1.5857419918810103,1.5580426855054577,0.01955206405237994,1.5474199463383456,1.624064037423675,1.317152268966101e-06,1.6407731832254864e-06,4.504590739230406e-07,4.342524840769413e-07,2.2000520538552605e-06
strong_low_noise,90,2.3357214690901212e-11,250.96409540799655,3.463174312878098e-05,0.9423231889570591,200,89.556976433612,89.55644113405529,0.0011651349248562994,89.55469276915927,89.55926009806471,2.5224245497346582,2.4946578667893426,0.01945899336466111,2.4842849227399224,2.560564176729394,0.03927255822069963,0.04222927964575274,0.002911638759083231,0.033565746252896496,0.04497937018850277,2.4802458743439586,2.469054772698686,0.019693726812043753,2.441646169792353,2.518845578895564,0.043408088408663004,0.04350125528324481,0.003859114611411068,0.035844223770297313,0.050971953047028694,1.5801359925207281,1.552369309575412,0.01945899336466111,1.5419963655259923,1.618275619515464,1.5801013607775998,1.5523346778322833,0.019458993364661118,1.541961733782864,1.6182409877723356,1.580099698937018,1.5523256568982255,0.019458997971305843,1.5419600629132586,1.6182393349607773,1.6618405826184153e-06,2.0862498619927387e-06,5.704967992254002e-07,5.436668561366309e-07,2.7800143091001995e-06
strong_low_noise,90,2.976351441631313e-11,249.65450748010358,3.4641841556035113e-05,0.9423231990554863,200,89.43732541209887,89.43666438792951,0.001474265933729511,89.43443585086877,89.44021497332898,2.5153145426857906,2.487471892076808,0.019342328177319665,2.477403579458244,2.5532255059133373,0.03936802721197544,0.04235877511706315,0.002913381166680917,0.03365780012528084,0.04507825429867003,2.473285591635101,2.461498980353059,0.019583542155303058,2.434901849010707,2.511669334259495,0.04349965071441742,0.04357967492937151,0.003860695774111199,0.03593268699715947,0.05106661443167537,1.57302598547186,1.5451833348628776,0.019342328177319665,1.5351150222443135,1.6109369486994065,1.5729913436303038,1.5451486930213216,0.019342328177319665,1.5350803804027573,1.6109023068578503,1.572989252238071,1.5451373270866764,0.01934233409365695,1.5350782774145035,1.6109002270616386,2.091392234118399e-06,2.6290681974604963e-06,7.213595240546368e-07,6.77527566971311e-07,3.505256901265487e-06
strong_low_noise,90,3.7926901907322536e-11,248.02658860827123,3.4657723270999086e-05,0.9423232149372014,200,89.28598552353357,89.28517622467555,0.001861962048813313,89.28233607791789,89.28963496914925,2.5063806632976364,2.4784680985259344,0.019196706706075355,2.468755118153729,2.544006208441544,0.03948896931306774,0.0426748813593973,0.0029155867481635016,0.03377441928666727,0.0452035193394682,2.4645401585998767,2.4514783597960914,0.019446012020131454,2.426425975040419,2.5026543421593344,0.043615605151308044,0.04367897740232787,0.003862699352344997,0.03604471442071185,0.051186495881904236,1.564092106083706,1.5361795413120043,0.01919670670607535,1.5264665609397985,1.6017176512276137,1.5640574483604348,1.5361448835887332,0.019196706706075355,1.5264319032165272,1.6016829935043424,1.5640548246734525,1.5361306041103338,0.019196714323324822,1.5264292645997357,1.6016803847471692,2.623686981475536e-06,3.243275520953134e-06,9.102852066021352e-07,8.395279765353509e-07,4.4078459864157205e-06
strong_low_noise,90,4.832930238571752e-11,246.01492578448696,3.4682513095990464e-05,0.9423232397270264,200,89.094937012339,89.09395694241019,0.0023461808681184146,89.0903384978375,89.09953552684051,2.495196066295747,2.4666037610041966,0.019015909295311998,2.4579248840769354,2.5324672485145587,0.03964194570734777,0.04308093395096031,0.0029183736912869016,0.033921933272425445,0.04536195814227009,2.4535919837189164,2.4389874420114097,0.01927526212117763,2.4158124699614083,2.4913714974764245,0.043762212256708025,0.04380451537170196,0.0038652342354964513,0.03618635315513498,0.05133807135828107,1.5529075090818167,1.5243152037902665,0.019015909295311998,1.5156363268630053,1.5901786913006282,1.5528728265687208,1.5242805212771706,0.019015909295311998,1.5156016443499094,1.5901440087875323,1.5528695478387278,1.524288174312185,0.019015919134643323,1.5155983463348268,1.5901407493426287,3.2787299922127e-06,3.995291693444118e-06,1.1458274366560631e-06,1.0329082163668166e-06,5.524551768058584e-06
strong_low_noise,90,6.158482110660255e-11,243.54667632170757,3.4720862379190864e-05,0.9423232780763096,200,88.85434718468808,88.85317667627618,0.0029478485292389303,88.84856940157077,88.86012496780539,2.4812573648982847,2.453090405279615,0.01879291640752267,2.4444232487395405,2.518091481057029,0.03983507035975528,0.04359320339560385,0.002921887423408652,0.03410817100987432,0.04556196970963624,2.439948713236359,2.4247684137661403,0.01906466034910608,2.402581978952111,2.477315447520607,0.04394720198885797,0.04396289129793349,0.003868434903581333,0.03636506957783856,0.051529334399877384,1.5389688076843544,1.5108018480656848,0.01879291640752267,1.50213469152561,1.5758029238430988,1.5389340868219754,1.5107671272033056,0.01879291640752267,1.502099970663231,1.5757682029807198,1.5389300088201603,1.510762991572137,0.01879292917163587,1.502095867643754,1.5757641499965667,4.078001816381142e-06,4.9621442084141175e-06,1.4378807585417529e-06,1.2597555296393067e-06,6.896248103122978e-06
strong_low_noise,90,7.847599703514623e-11,240.5435945427909,3.477956662389231e-05,0.9423233367805542,200,88.55228295319739,88.55090944340826,0.0036907162809196536,88.54504914928678,88.559516757108,2.463983978493828,2.432582632179453,0.018520101893770787,2.427684578782037,2.500283378205619,0.04007830014438717,0.04423780992697019,0.002926305197328568,0.03434274195762318,0.04581385833115117,2.4230426818474795,2.4094371238187122,0.01880699588205248,2.3861809699186565,2.4599043937763025,0.044180041978954,0.044218311128624614,0.0038724658765728285,0.036590008860871256,0.05177007509703674,1.521695421279898,1.4902940749655225,0.018520101893770784,1.4853960215681075,1.5579948209916887,1.521660641713274,1.4902592953988987,0.018520101893770787,1.4853612420014835,1.5579600414250647,1.5216555984734033,1.4902840827635964,0.01852011854299684,1.4853561661291295,1.557955030817677,5.043239870900469e-06,5.932368381269377e-06,1.797573554748406e-06,1.519995703593593e-06,8.566484038207345e-06
strong_low_noise,90,1e-10,236.92548021683263,3.486834305013037e-05,0.9423234255569805,200,88.17444638098765,88.17258039034932,0.004600806161369121,88.16542880091136,88.18346396106394,2.442725658657433,2.407629214200682,0.018189611211522013,2.40707402068285,2.478377296632016,0.04038373679918702,0.04482853178726734,0.00293184046662415,0.034637329484603685,0.04613014411377035,2.402238407422404,2.387399295899325,0.0184948297360927,2.365988541139662,2.4384882737051456,0.04447221351054773,0.0447984671847555,0.0038775259113204607,0.03687226272435963,0.052072164296735834,1.500437101443503,1.4653406569867518,0.018189611211522013,1.46478546346892,1.536088739418086,1.500402233100453,1.4653057886437018,0.018189611211522013,1.46475059512587,1.536053871075036,1.5003960386121753,1.4652974066885658,0.01818963307625765,1.4647443577827104,1.5360477194416402,6.1944882752610705e-06,7.004085888488617e-06,2.236957752083105e-06,1.810051081178185e-06,1.0578925469343956e-05
strong_low_noise,90,1.274274985703132e-10,232.61516401303626,3.500075451192547e-05,0.9423235579684422,200,87.70397834871004,87.70099827775786,0.005705270903950093,87.6927960177383,87.71516067968177,2.4167822792925144,2.386137902024453,0.01779397073669807,2.3819060966485863,2.4516584619364425,0.04076591632328167,0.04503381903163592,0.0029387463790413793,0.03500597342036057,0.046525859226202775,2.3768521379518903,2.357287819190666,0.01812105827609898,2.3413348637307365,2.412369412173044,0.04483747177362409,0.04551639811435526,0.003883851126482016,0.03722512356571934,0.052449819981528846,1.474493722078584,1.443849344810523,0.01779397073669807,1.439617539434656,1.5093699047225122,1.4744587213240723,1.4438143440560112,0.01779397073669807,1.4395825386801442,1.5093349039680004,1.4744511740217852,1.4437743830817074,0.01779399968099206,1.4395749346470408,1.5093274133965295,7.547302286753501e-06,8.631384589901845e-06,2.768415302293418e-06,2.1212082942584017e-06,1.29733962792486e-05
strong_low_noise,90,1.6237767391887175e-10,227.5448673442849,3.5195232036148993e-05,0.9423237524459664,200,87.12139374041053,87.1166961921758,0.007030504301169815,87.10761395198023,87.13517352884082,2.385440153359289,2.35281057048521,0.01732694341241254,2.35147934427096,2.4194009624476176,0.04124204864721157,0.04580645218420841,0.002947317399914525,0.0354653065433791,0.047018790751044044,2.346187626857431,2.333877743115397,0.0176797016183456,2.3115354116854734,2.3808398420293884,0.04529205601955543,0.04633342569022342,0.003891715745580437,0.037664293158217774,0.05291981888089309,1.4431515961453585,1.4105220132712797,0.01732694341241254,1.40919078705703,1.477112405233687,1.4431164009133224,1.4104868180392436,0.01732694341241254,1.4091555918249938,1.477077210001651,1.4431072917981238,1.4104309669128519,0.01732698206262557,1.4091464069553776,1.47706817664087,9.10911520003562e-06,1.0419898394281787e-05,3.4037066139405004e-06,2.437850236712239e-06,1.5780380163359e-05
strong_low_noise,90,2.0691380811147902e-10,221.66340283061828,3.547610804970763e-05,0.94232403332198,200,86.40472819214412,86.39780734121662,0.008599413006285488,86.3878733426518,86.42158304163644,2.3480280782989755,2.3121343604017763,0.01678458171573458,2.3151302981361357,2.3809258584618154,0.041832156976940184,0.04677883250968265,0.002957887764665809,0.036034696958195195,0.04762961699568517,2.309591262379174,2.301937952718834,0.01716686871722299,2.275944199693417,2.3432383250649313,0.04585480493483421,0.0469968396620587,0.0039014285703163247,0.03820800493701421,0.053501604932654205,1.405739521085045,1.3698458031878462,0.01678458171573458,1.3728417409222051,1.4386373012478848,1.4057040449769955,1.3698103270797966,0.01678458171573458,1.3728062648141557,1.4386018251398354,1.4056931699902384,1.3697469689697082,0.016784633755546452,1.3727952878293674,1.4385910521511094,1.087498675473887e-05,1.3053863178995945e-05,4.15261634666722e-06,2.735858715271118e-06,1.9014114794206623e-05
strong_low_noise,90,2.6366508987303556e-10,214.9433066712101,3.58745336633548e-05,0.9423244317475937,200,85.52998463297718,85.5211964231938,0.010427925121244144,85.50954589973954,85.55042336621482,2.3039932926367497,2.268071437659321,0.0161663322599083,2.2723072814073295,2.33567930386617,0.042559055757155816,0.04797332263838104,0.002970825281732654,0.03673623820495982,0.048381873309351814,2.2665266973555815,2.2578931885013653,0.016581762281491774,2.2340264432838577,2.2990269514273054,0.0465471266172297,0.04737835494505095,0.003913322802998139,0.03887701392335335,0.05421723931110605,1.3617047354228198,1.3257828804453908,0.0161663322599083,1.3300187241933996,1.39339074665224,1.3616688608891558,1.3257470059117273,0.0161663322599083,1.3299828496597357,1.393354872118576,1.3616560376427045,1.325700867963627,0.016166402754595386,1.3299698882436974,1.3933421870417115,1.282324645344709e-05,1.510014634312851e-05,5.021216052954083e-06,2.9816629896570867e-06,2.266482991723709e-05
strong_low_noise,90,3.3598182862837877e-10,207.38675093619725,3.642912200926829e-05,0.9423249863359396,200,84.4719581297472,84.46078350753095,0.012521066041870635,84.44741684030512,84.49649941918926,2.252992161294425,2.21961456791782,0.015475941693982273,2.2226593155742194,2.2833250070146303,0.04344810426814863,0.04957445738924665,0.002986519185124775,0.03759452666530407,0.04930168187099319,2.216663837615622,2.209543688692915,0.01592749363581188,2.1854459500894303,2.2478817251418133,0.04739277597101497,0.0477587977928471,0.003927736814456976,0.039694411814679295,0.05509114012735064,1.3107036040804945,1.2773260107038895,0.015475941693982271,1.2803707583602892,1.3410364498006997,1.3106671749584848,1.27728958158188,0.015475941693982271,1.2803343292382796,1.34100002067869,1.3106522630885105,1.2771986031723355,0.015476037323998337,1.2803192299334738,1.3409852962435471,1.4911869972903053e-05,1.836442601950431e-05,6.009862212466551e-06,3.1325400364686125e-06,2.6691199909337496e-05
strong_low_noise,90,4.281332398719396e-10,199.02910235414777,3.7186133063291105e-05,0.9423257433469936,200,83.20548052576764,83.19265650402471,0.014869226609842889,83.17633684161235,83.23462420992293,2.194983287400011,2.1582975122909076,0.01472185604836676,2.166128449545212,2.22383812525481,0.04452668584814272,0.051016572753487525,0.003005361539890781,0.03863617722995679,0.05041719446632865,2.1599700325914055,2.1489449562405576,0.01521143192388606,2.130155626020589,2.189784439162222,0.048417409630638356,0.047842726037320586,0.0039449845394818875,0.040685239933253854,0.05614957932802286,1.2526947301860805,1.2160089550769773,0.01472185604836676,1.2238398923312817,1.2815495680408793,1.2526575440530174,1.215971768943914,0.01472185604836676,1.2238027061982186,1.2815123819078162,1.2526404673881233,1.21604379128933,0.01472198499128073,1.2237853768052132,1.2814955579710334,1.7076664892758212e-05,2.5704292583844522e-05,7.111169673078339e-06,3.1387723335246673e-06,3.101455745199176e-05
strong_low_noise,90,5.455594781168515e-10,189.93932912890446,3.819898005653216e-05,0.9423267561939869,200,81.70705802456787,81.69262450136759,0.01744546579062826,81.67286491161823,81.74125113751751,2.1303040016230796,2.096728205155056,0.013916865236881603,2.1030269457587916,2.1575810574873677,0.045823395119543114,0.05339398409216731,0.003027723296592439,0.03988905745822193,0.0517577327808643,2.0967846693014836,2.0821623191582534,0.014444875920692823,2.0684727124969258,2.1250966261060413,0.04964792060452619,0.0494008147737714,0.003965317101952504,0.04187589908469928,0.0574199421243531,1.1880154444091493,1.1544396479411256,0.013916865236881603,1.1607383885448614,1.2152925002734372,1.1879772454290929,1.154401448961069,0.013916865236881602,1.160700189564805,1.2152543012933807,1.187958013104255,1.154348578222002,0.01391703625391431,1.160680622046583,1.215235404161927,1.9232324838679486e-05,3.101399928382087e-05,8.308317658285112e-06,2.9480222284406656e-06,3.5516627448918306e-05
strong_low_noise,90,6.951927961775591e-10,180.21703997963806,3.952677729067433e-05,0.942328083991221,200,79.95678306505815,79.94214948857694,0.02020467895096067,79.91718189431427,79.99638423580203,2.0597082972147627,2.019934019732088,0.013076954901475455,2.034077465607871,2.0853391288216545,0.047366966207316015,0.055264223916037025,0.003053928215087499,0.041381266905744514,0.053352665508887516,2.0278555490634473,2.0088659555708914,0.013642034481775844,2.0011171614791667,2.054593936647728,0.051111596075490845,0.05189864073965979,0.003988882295140534,0.0432933867770154,0.05892980537396629,1.117419740000832,1.0776454625181577,0.013076954901475455,1.0917889083939403,1.143050571607724,1.1173802132235415,1.0776059357408672,0.013076954901475457,1.0917493816166497,1.1430110448304334,1.117358936221924,1.0774139772749347,0.013077175041109633,1.0917276731413492,1.142990199302499,2.127700161793612e-05,3.530653548558876e-05,9.574128320381266e-06,2.51171010998884e-06,4.00422931258834e-05
strong_low_noise,90,8.858667904100832e-10,169.98659146775984,4.1231566782776174e-05,0.9423297887807132,200,77.94030958806628,77.92044389048525,0.023085126804115026,77.89506273953022,77.98555643660235,1.9843486203980407,1.9459985148277679,0.012219623874135211,1.9603981576047358,2.008299083191346,0.04918503416100707,0.05621757400234766,0.003084229533289212,0.04313994427576022,0.05523012404625392,1.9543197547161015,1.939946387431511,0.012818564251719539,1.9291953687827312,1.9794441406494718,0.052835179871723065,0.05328075637379315,0.004015694576054707,0.04496441850265584,0.06070594124079029,1.0420600631841104,1.0037099576138373,0.012219623874135211,1.0181096003908054,1.0660105259774153,1.0420188316173276,1.0036687260470547,0.012219623874135211,1.0180683688240226,1.0659692944106325,1.041995731326991,1.0034574261416256,0.012219894261973547,1.0180447385735227,1.0659467240804592,2.310029033602572e-05,3.8974361546034244e-05,1.0871392799878905e-05,1.792360448263067e-06,4.4408220223788376e-05
strong_low_noise,90,1.1288378916846883e-09,159.3892097778683,4.3373807967525546e-05,0.9423319310218978,200,75.65062125787627,75.62682274730636,0.02601221955025175,75.59963730755777,75.70160520819476,1.9056962450710098,1.8655109896567033,0.011362137071729493,1.88342645641042,1.9279660337315996,0.05130287287846429,0.056975078825440034,0.0031187938278297964,0.045190036975917884,0.05741570878101069,1.8776239549064055,1.8595150939283491,0.011990082061178655,1.8541233940664954,1.9011245157463157,0.05484394174019111,0.055794159507975116,0.004045632170875014,0.04691450268527608,0.06277338079510614,0.9634076878570795,0.923222432442773,0.011362137071729493,0.9411378991964897,0.9856774765176693,0.9633643140491119,0.9231790586348055,0.011362137071729493,0.9410945253885221,0.9856341027097018,0.9633397202811852,0.9233210752653416,0.011362446700148389,0.9410693247488944,0.985610115813476,2.459376792592638e-05,4.384117589961618e-05,1.2154920308446932e-05,7.701241213703958e-07,4.8417411730482364e-05
strong_low_noise,90,1.4384498882876659e-09,148.5742984112094,4.6005811810141684e-05,0.9423345630257405,200,73.08932419896297,73.0558192813142,0.02890382593127253,73.03267270013768,73.14597569778826,1.8254116699003362,1.7945565418005587,0.01052014619849962,1.804792183351277,1.8460311564493954,0.05374227816695072,0.059901206278470565,0.0031576929220861866,0.0475532000396618,0.059931356294239645,1.7993956924230223,1.7797849904126033,0.011171007128956294,1.777500518450268,1.8212908663957768,0.05716085014014341,0.05763830716144523,0.004078475387471287,0.04916703838069969,0.06515466189958713,0.8831231126864058,0.8522679845866282,0.01052014619849962,0.8625036261373465,0.903742599235465,0.8830771068745956,0.8522219787748181,0.01052014619849962,0.8624576203255364,0.9036965934236548,0.8830514439028428,0.8520839509228417,0.010520464519704566,0.8624313334442218,0.9036715543614638,2.566297175343929e-05,4.472834713018116e-05,1.3375769535447729e-05,-5.535365360382607e-07,5.187948004291684e-05
strong_low_noise,90,1.8329807108324374e-09,137.69103220091984,4.9163220129884444e-05,0.9423377204340603,200,70.26726698235262,70.23598679934497,0.03167602844260176,70.20518196660512,70.32935199810012,1.7451906862236028,1.719132931062884,0.009706833001450997,1.726165293540759,1.7642160789064467,0.05652075335715912,0.061719226288867494,0.0032008993328914966,0.050246990664691786,0.06279451604962645,1.7212913059503152,1.7045262043341842,0.010373828132153158,1.700958602811295,1.7416240090893353,0.05980591582706182,0.059504666488815194,0.004113988528259307,0.05174249831167358,0.06786933334245006,0.8029021290096725,0.7768443738489537,0.009706833001450997,0.7838767363268285,0.8219275216925165,0.8028529657895425,0.7767952106288237,0.009706833001450999,0.7838275731066985,0.8218783584723864,0.8028267256596453,0.7768373146028045,0.009707103206955699,0.7838008033740121,0.8218526479452785,2.6240129896407286e-05,3.83203876232288e-05,1.4488060664170784e-05,-2.1564690053674485e-06,5.4636728798182024e-05
strong_low_noise,90,2.335721469090121e-09,126.88107659543815,5.2855489724223936e-05,0.9423414127036546,200,67.20441021397036,67.169677974499,0.034248334587132286,67.13728347817958,67.27153694976114,1.6666171756522457,1.6485292280318835,0.008932435491910452,1.649109602088101,1.6841247492163902,0.05965110610524556,0.0645229333772055,0.0032482781486856674,0.05328448093382165,0.06601773127666946,1.6448514227283462,1.6256536205258287,0.009608651486205419,1.6260184658153836,1.6636843796413088,0.06279573096607738,0.06070061431146939,0.0041520290627608475,0.05465775400306612,0.07093370792908864,0.7243286184383154,0.7062406708179533,0.008932435491910454,0.706821044874171,0.7418361920024599,0.7242757629485912,0.706187815328229,0.008932435491910452,0.7067681893844467,0.7417833365127356,0.724249465472188,0.7060535430672346,0.008932571018413007,0.7067416262760986,0.7417573046682775,2.629747640288211e-05,3.3011536785902294e-05,1.5458566758618657e-05,-4.00131444401046e-06,5.659626724977468e-05
strong_low_noise,90,2.9763514416313133e-09,116.27295870467611,5.705750445861302e-05,0.942345614718389,200,63.92899639588743,63.897410054844,0.03654778500122801,63.85736273728502,64.00063005448983,1.5910485502465115,1.573792846970309,0.008203955753155367,1.574968796970327,1.607128303522696,0.06314148474619247,0.06653500543349782,0.0032995728891479985,0.056674321883462386,0.06960864760892255,1.571389651171416,1.5534723712927965,0.008882878809464288,1.553979208704866,1.588800093637966,0.06614318760991075,0.0645768700579855,0.004192649676743673,0.05792559424349315,0.07436078097632835,0.6487599930325811,0.6315042897563787,0.008203955753155367,0.6326802397563966,0.6648397463087656,0.6487029355281227,0.6314472322519201,0.008203955753155367,0.6326231822519383,0.6647826888043072,0.6486770749632149,0.6314676017049584,0.008203842071412417,0.6325975445032466,0.6647566054231833,2.5860564908024093e-05,4.5768388643033066e-05,1.6278844492584585e-05,-6.045970297441692e-06,5.776710011348988e-05
strong_low_noise,90,3.792690190732238e-09,105.97833332667848,6.170537019634798e-05,0.9423502625841267,200,60.47616923973452,60.43881166831619,0.03851189832568425,60.400685919016176,60.55165256045286,1.5195475914743053,1.5066435375836087,0.0075250389055680844,1.504798515219392,1.5342966677292187,0.06699578262215825,0.06966939721555052,0.003354393173718557,0.060421172001669875,0.07357039324264662,1.5019277791886108,1.4863596380092075,0.008201056801709301,1.4858537078572605,1.518001850519961,0.06985733333147545,0.06821494178328069,0.004236150973693255,0.06155447742303667,0.07816018923991423,0.5772590342603751,0.5643549803696783,0.0075250389055680844,0.5625099580054617,0.5920081105152885,0.5771973288901787,0.564293274999482,0.0075250389055680844,0.5624482526352653,0.5919464051450921,0.5771723095734825,0.5644160328844459,0.007524540706168631,0.562424209789392,0.5919204093575731,2.5019316697070497e-05,3.7076175981753606e-05,1.6978945162947466e-05,-8.259415822306536e-06,5.829804921644753e-05
strong_low_noise,90,4.832930238571752e-09,96.09012929401715,6.669936936162107e-05,0.942355256583292,200,56.88624016113552,56.85575269181098,0.04009070406508946,56.807662381167944,56.96481794110309,1.4528612760206285,1.440921407281261,0.006896214964199596,1.4393446946907973,1.4663778573504598,0.07121424166448348,0.07399308755536269,0.0034122180711971613,0.06452629424493704,0.07790218908402992,1.437177546402832,1.4240884970540768,0.007565091452635188,1.422349967155667,1.452005125649997,0.0739433147970393,0.07306494079864864,0.004283050595238233,0.06554853563037237,0.08233809396370624,0.5105727188066984,0.4986328500673308,0.006896214964199596,0.4970561374768672,0.5240893001365297,0.5105060194373368,0.49856615069796917,0.006896214964199596,0.49698943810750557,0.524022600767168,0.5104820865034947,0.4983553922428634,0.006895186030692384,0.4969675218833376,0.5239966511236518,2.3932933841944366e-05,3.335846491643132e-05,1.7640678520214356e-05,-1.064279605767577e-05,5.85086637415645e-05
strong_low_noise,90,6.158482110660254e-09,86.68230537794,7.191552375973576e-05,0.9423604727376901,200,53.20280048338733,53.18898415557754,0.04124814746318669,53.12195411435948,53.283646852415174,1.3914377070325639,1.3839283862698615,0.006315654706117312,1.379059023808574,1.4038163902565537,0.07579402560121341,0.07877452671375845,0.0034724208653135074,0.06898808070519893,0.08259997049722789,1.3775596866004656,1.3701036334042054,0.006974914338194242,1.3638888544976049,1.3912305187033263,0.07840235854739866,0.07868387770098527,0.004333956899822737,0.06990780302374609,0.08689691407105123,0.4491491498186337,0.441639829055931,0.006315654706117312,0.43677046659464375,0.4615278330426236,0.4490772342948739,0.4415679135321713,0.006315654706117312,0.43669855107088396,0.46145591751886383,0.4490544088490453,0.4416149737671908,0.006313945572289004,0.43667907552735885,0.46142974217073174,2.2825445828764733e-05,4.669179767872314e-05,1.840672519157145e-05,-1.3251735546715305e-05,5.890262720424477e-05
strong_low_noise,90,7.847599703514623e-09,77.81072833796223,7.72247380621538e-05,0.9423657819519925,200,49.47084745146092,49.46926154526408,0.04196297943755496,49.38860001176331,49.55309489115853,1.335468091588782,1.3258700454510732,0.005780310414226887,1.3241386831768973,1.3467975000006667,0.08072953314505046,0.08495016654300536,0.0035343015436412805,0.07380230211951355,0.08765676417058738,1.3232469763951322,1.3193231512026107,0.0064294026744910774,1.3106453471531296,1.3358486056371348,0.08323171481338308,0.08239789722711666,0.004389364690012475,0.07462856002095863,0.09183486960580753,0.3931795343748516,0.383581488237143,0.005780310414226887,0.3818501259629669,0.40450894278673627,0.3931023096367894,0.38350426349908084,0.005780310414226887,0.3817729012249047,0.40443171804867406,0.39308033732895736,0.3833950010875141,0.0057777689595698,0.38175591016820054,0.4044047644897142,2.1972307832321637e-05,3.0107044863349928e-05,1.9479730329154606e-05,-1.620796361282139e-05,6.015257927746466e-05
strong_low_noise,90,1e-08,69.51460739770063,8.251645012032072e-05,0.9423710736640507,200,45.73504959740572,45.73006242511156,0.04222901962783154,45.65228071893517,45.81781847587627,1.2849408433120002,1.2727708170714873,0.00528704830346763,1.2745782286372036,1.2953034579867968,0.08601226921245354,0.09023152345249409,0.0035971000427604677,0.07896195312864303,0.09306258529626406,1.2742183785333001,1.2705135738712512,0.005927164104994565,1.2626011368875107,1.2858356201790895,0.08842442924715314,0.0870379669143796,0.004449416909525886,0.07970357210448241,0.09714528638982388,0.3426522860980699,0.33048225985755697,0.00528704830346763,0.33228967142327337,0.35301490077286646,0.3425697696479496,0.3303997434074366,0.00528704830346763,0.33220715497315306,0.35293238432274615,0.34254808646307383,0.3306341939732079,0.005283511146343387,0.3321924046162408,0.3529037683099069,2.16831848756806e-05,2.42449501252181e-05,2.1105557666306077e-05,-1.9683708150279313e-05,6.305007790164052e-05
strong_low_noise,90,1.274274985703132e-08,61.81804615092294,8.772344311763769e-05,0.9423762806570479,200,42.038235738250876,42.037335342438766,0.0420545472652026,41.95580882561108,42.12066265089067,1.239697372025325,1.2264929328069587,0.004833371078734469,1.2302239647110054,1.2491707793396447,0.09163014136839331,0.09697237645097445,0.003659970997422114,0.08445659821344598,0.09880368452334065,1.2303139823098936,1.2271770225489158,0.005466888820344183,1.219598880222019,1.2410290843977683,0.09396873732624143,0.09458415041491654,0.0045136902704340925,0.0851219043961906,0.10281557025629226,0.2974088148113949,0.28420437559302836,0.004833371078734469,0.28793540749707536,0.3068822221257145,0.29732109136827733,0.2841166521499108,0.004833371078734469,0.2878476840539578,0.3067944986825969,0.2972988028025968,0.28403027613913223,0.0048286475388208015,0.287834653626508,0.3067629519786856,2.2288565680721067e-05,1.820661734735839e-05,2.3542861439878475e-05,-2.3855442741440743e-05,6.843257410288288e-05
strong_low_noise,90,1.623776739188721e-08,54.73154831810623,9.284633089087085e-05,0.9423814035448213,200,38.4201571292645,38.425653491011104,0.04146063869832916,38.338894277415775,38.50141998111323,1.1994822676798649,1.1876764028741051,0.004417572874962845,1.1908238248449377,1.208140710514792,0.09756608264811806,0.10393547520675533,0.0037219234141836997,0.09027111275631801,0.1048610525399181,1.1912836530554844,1.1845356700339509,0.005047261136424217,1.181391021228093,1.201176284882876,0.09984687474994708,0.10066079141673515,0.004581058407077097,0.09086800027207598,0.10882574922781818,0.25719371046593453,0.2453878456601748,0.004417572874962845,0.24853526763100736,0.2658521533008617,0.2571008641350436,0.2452949993292839,0.004417572874962845,0.24844242130011646,0.2657593069699708,0.25707672776246565,0.24530284108400752,0.004411426030500572,0.24843033274268453,0.26572312278224675,2.413637257820071e-05,2.273846042135306e-05,2.7035832857100612e-05,-2.885385982171649e-05,7.712660497811791e-05
strong_low_noise,90,2.0691380811147902e-08,48.25357118960106,9.79795027331587e-05,0.9423865367166635,200,34.91654289591506,34.925302531093834,0.040478561587505846,34.83720491520354,34.99588087662657,1.1639835384064072,1.1507404438290527,0.0040384632395585535,1.1560681504568724,1.171898926355942,0.10379598920149259,0.10989592045692158,0.003781747611975593,0.09638376388202043,0.11120821452096476,1.15682530888856,1.1534867128242419,0.00466667027107302,1.147678635157257,1.1659719826198631,0.1060332420354191,0.10645922305823835,0.004649665628829147,0.09691989740291397,0.11514658666792423,0.22169498119247705,0.20845188661512237,0.0040384632395585535,0.2137795932429423,0.2296103691420118,0.2215970016897439,0.20835390711238921,0.0040384632395585535,0.21368161374020914,0.22951238963927864,0.22156940132198447,0.20853392075221133,0.004030592572018585,0.21366943988082804,0.2294693627631409,2.7600367759427095e-05,3.579974906117637e-05,3.1810596097930255e-05,-3.4748400592516204e-05,8.99491361113704e-05
strong_low_noise,90,2.6366508987303555e-08,42.37229886364001,0.00010334403728871205,0.9423919012512191,200,31.558441823731393,31.56327748121207,0.03914674900145862,31.481714195688532,31.635169451774253,1.1328611843186471,1.1222232979612738,0.0036949524867646694,1.1256190774445884,1.1401032911927058,0.11028618204292515,0.11357009055601713,0.0038379615739644393,0.10276377735795485,0.11780858672789545,1.1266114239439822,1.1242773971449456,0.004323007653219861,1.1181383289436713,1.135084518944293,0.11249213869551308,0.11334003288467848,0.004717018843450597,0.10324678176234992,0.12173749562867625,0.19057262710471684,0.1799347407473434,0.0036949524867646694,0.1833305202306581,0.19781473397877558,0.19046928306742814,0.17983139671005466,0.0036949524867646694,0.1832271761933694,0.19771138994148688,0.1904361853477932,0.18018038672594583,0.003684979846725369,0.18321362484821146,0.19765874584737492,3.309771963498064e-05,5.867129143278358e-05,3.8097748841651e-05,-4.157386809465532e-05,0.0001077693073646166
strong_low_noise,90,3.3598182862837814e-08,37.067673861454125,0.00010933683822361706,0.942397894052154,200,28.371818965049258,28.36494756268143,0.037508160274271854,28.298302970911685,28.44533495918683,1.1057647773146373,1.0977692092241043,0.00338576149269129,1.0991286847889623,1.1124008698403123,0.11699088132595602,0.1202122509611827,0.003888815932202516,0.10936880209883909,0.12461296055307294,1.1003047710977143,1.1008957152190388,0.00401371024723855,1.0924378990131267,1.1081716431823019,0.11917554476187477,0.12202311178006844,0.004780185358616145,0.10980638145898712,0.1285447080647624,0.16347622010070695,0.15548065201017391,0.00338576149269129,0.15684012757503202,0.17011231262638188,0.16336688326248328,0.15537131517195024,0.00338576149269129,0.15673079073680835,0.1700029757881582,0.16332577238279686,0.15430346608318235,0.003373218146022117,0.1567142648165935,0.1699372799490002,4.1110879686511986e-05,5.0050458810236125e-05,4.616508456476038e-05,-4.937268606041836e-05,0.00013159444543344234
strong_low_noise,90,4.281332398719396e-08,32.313504288040306,0.00011660930478125942,0.9424051665187116,200,25.377358757777248,25.369617308240393,0.035608715683667795,25.30756567503726,25.447151840517236,1.0823427310773113,1.0733566278170836,0.0031093763691393186,1.076248353393798,1.0884371087608244,0.12385029285448158,0.12959921137377717,0.0039323929837020224,0.11614280260642562,0.13155778310253755,1.0775663736545817,1.07429493869682,0.003736034726960826,1.0702437455897384,1.084889001719425,0.1260214921164466,0.12843643570524427,0.004836071471204376,0.116542792032886,0.13550019220000717,0.14005417386338087,0.13106807060315318,0.0031093763691393186,0.1339597961798678,0.14614855154689393,0.13993756455859954,0.13095146129837187,0.0031093763691393186,0.13384318687508648,0.1460319422421126,0.1398853552091018,0.13115152401856767,0.0030936857566263363,0.1338217311261142,0.14594897929208941,5.220934949780876e-05,7.291470646625411e-05,5.634492342583411e-05,-5.8226700416826095e-05,0.0001626453994124436
strong_low_noise,90,5.4555947811685146e-08,28.079341266948934,0.00012619394739685208,0.9424147511613272,200,22.59042514109308,22.582495449280785,0.03349690495895212,22.524771207373533,22.656079074812624,1.0622470887642823,1.0534938560880671,0.002864212279351228,1.0566332326967538,1.0678609448318108,0.13078972905153333,0.13877731222430909,0.003966807345517669,0.1230147866543187,0.13856467144874796,1.0580596323421587,1.0546206491627967,0.0034874319531663224,1.0512242657139528,1.0648949989703647,0.13295338596823633,0.13961793388621888,0.004881748778930266,0.123385158361533,0.14252161357493964,0.11995853155035181,0.11120529887413688,0.002864212279351228,0.1143446754828234,0.12557238761788023,0.11983233760295495,0.11107910492674,0.002864212279351228,0.11421848153542655,0.12544619367048335,0.1197652688545492,0.11078159375640373,0.0028446625334444626,0.11418973028899805,0.12534080742010034,6.706874840574306e-05,0.0001307121587120168,6.905064788600973e-05,-6.827052145083602e-05,0.00020240801826232216
strong_low_noise,90,6.951927961775605e-08,24.331901394839903,0.0001397042477504079,0.9424282614616808,200,20.021145827999344,20.02533353878488,0.031223911672653606,19.959946961120945,20.082344694877744,1.0451374171856904,1.0387892238453773,0.00264884744203828,1.0399456761992953,1.0503291581720855,0.13771986208519318,0.14648867955791378,0.003990482620839349,0.12989851614834808,0.1455412080220383,1.0414541678068867,1.0365144047032795,0.0032658610858223164,1.035053080078675,1.0478552555350984,0.1398803478013221,0.14696245122447316,0.00491479421646478,0.13024735113705113,0.14951334446559308,0.10284885997176002,0.09650066663144685,0.00264884744203828,0.097657118985365,0.10804060095815504,0.10270915572400956,0.0963609623836964,0.00264884744203828,0.09751741473761452,0.10790089671040459,0.10262266969779846,0.09557801514968611,0.002624550249751968,0.0974785512082846,0.10776678818731232,8.648602621114363e-05,0.00010883452256166197,8.478316982629368e-05,-7.968898664839198e-05,0.00025266103907067925
strong_low_noise,90,8.858667904100815e-08,21.036030410013645,0.000159642179121032,0.9424481993930514,200,17.674613293517783,17.68329837960389,0.028843195013986026,17.618080631290372,17.731145955745195,1.0306857759674943,1.0248827358590729,0.002462159940132122,1.0258599424848354,1.0355116094501533,0.1445379672794789,0.15593755575931206,0.004002473588125241,0.13669311904675344,0.15238281551220437,1.0274311431074683,1.0238941628647573,0.0030699115249857964,1.0214141165184962,1.0334481696964404,0.1466984558029799,0.15227339488652458,0.004933617075986934,0.13702856633404553,0.1563683452719143,0.0883972187535641,0.08259417864514251,0.002462159940132122,0.08357138527090514,0.09322305223622306,0.08823757657444307,0.0824345364660215,0.002462159940132122,0.08341174309178412,0.09306341005710203,0.08812618725308649,0.08175720011042281,0.002431997147309462,0.08335947284435995,0.09289290166181303,0.00011138932135657079,0.00011566538008605899,0.00010412803595127034,-9.270162910791907e-05,0.00031548027182106065
strong_low_noise,90,1.1288378916846883e-07,18.15539710047631,0.00018985869251892523,0.9424784159064493,200,15.551211261693028,15.552760916147497,0.02640880186108315,15.499450010045306,15.60297251334075,1.0185825066213465,1.0118047634228684,0.0023032447874809176,1.0140681468378838,1.0230968664048092,0.15112996978956453,0.16271067404663653,0.004002813229280481,0.1432844558601748,0.15897548371895426,1.015689540703317,1.0124131391866384,0.002898665519308713,1.010008156285472,1.0213709251211622,0.15329276624799473,0.16095997410149734,0.004937752950060566,0.14361477046587603,0.16297076203011343,0.0762939494074162,0.06951620620893806,0.0023032447874809176,0.0717795896239536,0.0808083091908788,0.07610409071489721,0.06932634751641908,0.0023032447874809176,0.07158973093143461,0.0806184504983598,0.07596125250114136,0.06872060562205842,0.002265809036377214,0.07152026678984202,0.08040223821244069,0.00014283821375589043,0.00018751409578446685,0.00012774091146300603,-0.00010753397271160136,0.0003932104002233822
strong_low_noise,90,1.438449888287663e-07,15.653137047933015,0.0002362226896743605,0.9425247799036047,200,13.647068563560115,13.66107128502044,0.02397260871364132,13.600082250481378,13.694054876638852,1.0085410153751337,1.0024922332337733,0.002171099220096088,1.0042856609037454,1.012796369846522,0.1573732877939943,0.17057750330367816,0.00399282695791311,0.14954734695648458,0.165199228631504,1.0059513334104204,1.0038608470764032,0.002751330990134195,1.0005587246697574,1.0113439421510835,0.15954020594957624,0.16623824232069495,0.004928098020571367,0.14988113382925636,0.16919927806989613,0.06625245816120334,0.06020367601984289,0.002171099220096088,0.06199710368981501,0.07050781263259168,0.06601623547152896,0.05996745333016851,0.002171099220096088,0.06176088100014063,0.0702715899429173,0.06583423050181086,0.059853825094085,0.0021246375626383747,0.06166994087903965,0.06999852012458208,0.00018200496971806327,0.00024376422107136905,0.0001563156650113294,-0.00012437373370414236,0.0004883836731402689
strong_low_noise,90,1.8329807108324338e-07,13.492542019275113,0.00030755731153178645,0.9425961145254621,200,11.954615417860941,11.971572787604867,0.02158157141039205,11.912315537896573,11.996915297825309,1.0002997602966681,0.9950191420610067,0.0020642079540710294,0.996253912706689,1.0043456078866473,0.1631408732537694,0.17916159093181025,0.003975265363902119,0.15534935314052123,0.17093239336701754,0.9979636314952834,0.99629087952943,0.002626784001519569,0.9928151348523051,1.0031121281382618,0.1653137225732784,0.17031670715078612,0.004907032459965166,0.15569593895174666,0.17493150619481013,0.05801120308273775,0.05273058484707638,0.0020642079540710294,0.053965355492758535,0.06205705067271697,0.05770364577120599,0.05242302753554462,0.0020642079540710294,0.053657798181226776,0.06174949336118521,0.05747352539331997,0.05241571243722499,0.0020065775638381934,0.053540633368197116,0.06140641741844283,0.00023012037788602954,0.000335662339723764,0.00019052634489676002,-0.0001433112581116201,0.0006035520138836792
strong_low_noise,90,2.3357214690901212e-07,11.637737050362711,0.00041688650307709907,0.9427054437170075,200,10.463191372494691,10.481508928932307,0.019276191903209536,10.4254100363644,10.500972708624982,0.9936212171538845,0.9893236882296457,0.001980253038606329,0.9897399211982161,0.997502513109553,0.1683071948737178,0.184993894228268,0.00395406790754468,0.16055722177493023,0.1760571679725054,0.9914975700427897,0.9895460323837295,0.0025232217429139218,0.9865520554266785,0.996443084658901,0.17048819041601604,0.17558059731994238,0.004878343336443258,0.16092663747658725,0.18004974335544482,0.051332659939954214,0.047035131015715326,0.001980253038606329,0.04745136398428581,0.05521395589562262,0.050915773436877074,0.046618244512638185,0.001980253038606329,0.04703447748120867,0.05479706939254548,0.05062741316542587,0.046453377810325075,0.001908899890272583,0.04688596938049161,0.05436885695036013,0.000288360271451272,0.0002865154727816242,0.0002309329046666951,-0.00016426822169545038,0.0007409887645979943
strong_low_noise,90,2.976351441631313e-07,10.054225560643511,0.0005829798403707356,0.942871537054301,200,9.159651964241618,9.17397794406769,0.01709063420880413,9.126154321192363,9.193149607290874,0.9882895213401806,0.9823885908255693,0.0019161217707952395,0.9845339226694219,0.9920451200109393,0.17275651373870204,0.18900815906049062,0.003933689902014047,0.16504648153075452,0.18046654594664957,0.9863457030304285,0.9840130147719486,0.0024380762326741464,0.9815670736143871,0.9911243324464698,0.17494813880912774,0.18121444879293946,0.00484683358684057,0.16544834497892022,0.18444793263933526,0.046000964126250106,0.04010003361163894,0.0019161217707952395,0.042245365455491436,0.049756562797008776,0.045417984285879405,0.03951705377126824,0.0019161217707952395,0.041662385615120735,0.049173582956638075,0.0450603407306338,0.040379501463899334,0.0018281031093951522,0.0414772586362193,0.0486434228250483,0.0003576435552455512,0.0003150049913892625,0.0002778421260401381,-0.00018692701179311947,0.0009022141222842218
strong_low_noise,90,3.792690190732246e-07,8.709237375402362,0.0008320636053589306,0.9431206208192893,200,8.028947152494858,8.043326471188905,0.015053812952495289,7.999441679107967,8.058452625881749,0.9841093171396483,0.9776910104889147,0.0018681986846247785,0.9804476477177838,0.9877709865615129,0.17639233743116176,0.192433605476944,0.003918164705683492,0.1687127346080221,0.1840719402543014,0.9823205271699024,0.9788306838770989,0.0023681901638164305,0.9776788744488222,0.9869621798909826,0.1785963027586344,0.18712638779058377,0.004817563017787614,0.16915387924377068,0.1880387262734981,0.041820759925718,0.035402453274984313,0.0018681986846247785,0.03815909050385344,0.045482429347582565,0.040988696320359085,0.03457038966962539,0.0018681986846247785,0.03732702689849452,0.04465036574222365,0.04055038178379034,0.03600671000330992,0.0017602899372490552,0.03710021350678219,0.04400055006079849,0.00043831453656877366,0.00045243061222861327,0.0003311223035221979,-0.0002106851783347343,0.0010873142514722816
strong_low_noise,90,4.832930238571752e-07,7.571915714296506,0.0011993592469317776,0.9434879164608622,200,7.054680208359519,7.069487969120383,0.013190187475791917,7.0288274409069675,7.080532975812071,0.980907432966632,0.9747983014661445,0.0018327459776401084,0.9773152508504573,0.9844996150828066,0.17914522513813175,0.19569864837878156,0.003910266567322458,0.17148110266617972,0.18680934761008378,0.979255827854029,0.975380423259828,0.0023101136547688376,0.974728005090682,0.9837836506173759,0.18136075290102588,0.18926742453833664,0.004794852698249735,0.1719628416124564,0.19075866418959536,0.038618875752701454,0.032509744252214146,0.0018327459776401088,0.03502669363652684,0.042211057868876065,0.037419516505769634,0.031310385005282326,0.0018327459776401088,0.033827334389595023,0.041011698621944245,0.03688981669888167,0.03222483839259467,0.0017016914058648133,0.033554501543386635,0.0402251318543767,0.0005296998068880177,0.0005976872383858603,0.00038998588072568805,-0.00023467251933433086,0.0012940721331103663
strong_low_noise,90,6.158482110660254e-07,6.6134408721159454,0.0017298239340581695,0.9440183811479885,200,6.219674472572518,6.232003961710101,0.011519306568323777,6.197096631698604,6.242252313446433,0.9785369113410417,0.9723921972068394,0.0018061475051199347,0.9749968622310067,0.9820769604510767,0.18097572644070753,0.19733628954801252,0.003911136554990136,0.17330989879292685,0.1886415540884882,0.977010420914045,0.9726348113921583,0.0022603470290208077,0.9725801407371643,0.9814407010909257,0.1831979327382816,0.18947503354229833,0.004781406476865953,0.17382637604362433,0.1925694894329389,0.03624835412711137,0.03010363999290916,0.0018061475051199347,0.03270830501707629,0.03978840323714644,0.03451853019305318,0.028373816058850976,0.0018061475051199347,0.030978481083018112,0.03805857930308826,0.03388895669489792,0.02844451739301486,0.001649108829831153,0.030656703388428862,0.037121210001366985,0.0006295734981552912,0.0007221649851629295,0.0004527797656507005,-0.00025787484252008175,0.0015170218388306641
strong_low_noise,90,7.847599703514607e-07,5.807176045052332,0.002477179458627611,0.9447657366725579,200,5.506563961857153,5.521418713853405,0.010054024201067492,5.48685807442306,5.526269849291245,0.9768809464817835,0.9710290368202048,0.0017849229635017849,0.97338249747332,0.980379395490247,0.18187098156993586,0.19878969399663737,0.003920515348394954,0.17418677148708175,0.18955519165278997,0.975471870362249,0.9708550807730167,0.0022154397032138427,0.9711296085439499,0.9798141321805481,0.18409014886485095,0.19012024349915557,0.0047779689488764154,0.17472532972505317,0.19345496800464873,0.034592389267853095,0.028740479606274516,0.0017849229635017849,0.031093940259389597,0.038090838276316596,0.03211520980922552,0.02626330014764694,0.0017849229635017849,0.02861676080076202,0.03561365881768902,0.03138156824909384,0.025357735869621048,0.0016001288197375469,0.028245315762408248,0.034517820735779435,0.0007336415601316304,0.0006749007522807313,0.0005168546344111879,-0.000279393523314298,0.0017466766435775588
strong_low_noise,90,1e-06,5.128859966545513,0.003500211694818324,0.9457887689087486,200,4.898390788334877,4.912158216769191,0.008798135180147784,4.8811464433817875,4.915635133287967,0.975853535237342,0.9700251662498203,0.0017655984920521765,0.9723929621929197,0.9793141082817642,0.18183645167270499,0.1985569274305905,0.003937414487502049,0.17411911927720097,0.189553784068209,0.9745570129555311,0.969996817095333,0.0021719844635647192,0.9702999234069443,0.9788141025041179,0.1840385273031231,0.19202703104661537,0.0047837067930421385,0.1746624619887605,0.19341459261748567,0.033564978023411574,0.02773660903588998,0.0017655984920521765,0.030104404978989308,0.03702555106783384,0.030064766328593277,0.02423639734107169,0.0017655984920521765,0.02660419328417101,0.03352533937301554,0.029229511638027342,0.023088993973981647,0.0015530945235738395,0.026185446371822615,0.03227357690423207,0.0008352546905658958,0.0005917810256756723,0.0005786092257231858,-0.00029881939185154825,0.00196932877298334
strong_low_noise,90,1.2742749857031322e-06,4.556809444678336,0.0048556797110469035,0.9471442369249773,200,4.379159350069634,4.390040317967715,0.0077446462413223605,4.363979843436643,4.394338856702626,0.9753945232631125,0.9697594110771747,0.001744629725812205,0.9719750490005206,0.9788139975257044,0.18088650863777084,0.19634797208717564,0.003960836748231611,0.1731232686112369,0.18864974866430478,0.9742070011696233,0.9704094720425346,0.002126635055700273,0.9700387964604508,0.9783752058787959,0.1830546451162713,0.19048856199796252,0.004797059685556988,0.1736524081325796,0.19245688209996298,0.0331059660491821,0.027470853863244327,0.0017446297258122052,0.02968649178659018,0.03652544031177402,0.028250286338135158,0.02261517415219738,0.0017446297258122052,0.024830812075543236,0.03166976060072708,0.02732465364136959,0.022182283441771786,0.001506905337679926,0.024371119179516936,0.030278188103222244,0.0009256326967656151,0.0006338242826821837,0.0006338013384905925,-0.0003166179266759462,0.0021678833202071765
strong_low_noise,90,1.6237767391887209e-06,4.072064965495742,0.0065882086720570505,0.9488767658859873,200,3.934283294994621,3.943047225388267,0.00687598323225472,3.920806367859402,3.94776022212984,0.975458907605129,0.9704362909190312,0.0017185571098451012,0.9720905356698326,0.9788272795404254,0.1790380452603911,0.19346515694444374,0.003990169907028057,0.1712173122426161,0.1868587782781661,0.9743767535803447,0.9701726933869543,0.002076275753411337,0.9703072531036585,0.9784462540570309,0.1811547769495327,0.18852727614772508,0.004816521202584766,0.17171439539246655,0.19059515850659883,0.03317035039119866,0.02814773370510082,0.0017185571098451012,0.02980197845590226,0.036538722326495056,0.026582141719141653,0.021559525033043814,0.0017185571098451012,0.023213769783845255,0.02995051365443805,0.025587297400619775,0.020518237318006817,0.0014607529714419911,0.022724221576593474,0.028450373224646077,0.0009948443185218486,0.0007557614575102538,0.0006781613585359047,-0.0003343519442085246,0.002324040581252222
strong_low_noise,90,2.06913808111479e-06,3.658420133289792,0.008719127923436886,0.9510076851373672,200,3.550873279000671,3.55787864657392,0.0061669810678644825,3.5387859961076567,3.5629605618936857,0.9760029173990001,0.9713536790793906,0.0016844402259110593,0.9727014145562145,0.9793044202417858,0.1763099231120759,0.18996516673476813,0.004025117065600654,0.16842069366349863,0.1841991525606532,0.9750213438405931,0.9715163634102426,0.0020183822361828445,0.9710653146576748,0.9789773730235115,0.17835969351172884,0.18701513492136201,0.004840966480132995,0.16887139921066818,0.1878479878127895,0.03371436018506991,0.029065121865460286,0.0016844402259110595,0.030412857342284234,0.03701586302785559,0.02499523226163303,0.02034599394202341,0.0016844402259110595,0.021693729418847355,0.028296735104418706,0.02396167258219091,0.018845327422615042,0.001413901678179558,0.021190425292958975,0.026732919871422844,0.0010335596794420923,0.000962772434885753,0.0007082320515948251,-0.00035457514168376497,0.0024216945005679493
strong_low_noise,90,2.6366508987303555e-06,3.3023092582021345,0.011237659986201316,0.9535262172001316,200,3.2178460604479473,3.2260369747084128,0.0055902376131921365,3.2068891947260907,3.228802926169804,0.9769713864998003,0.9731679362620262,0.001640433864365288,0.9737561361256444,0.9801866368739562,0.17272859421248923,0.18457372106291617,0.004065308972794618,0.16476058862581178,0.1806965997991667,0.976083815735619,0.9724484859404376,0.0019514757687761643,0.9722589232288177,0.9799087082424203,0.17470048722192072,0.18356863930230571,0.0048695539420162475,0.1651561614955689,0.18424481294827255,0.03468282928586997,0.030879379048095956,0.001640433864365288,0.031467578911714006,0.03789807966002594,0.023445169299668677,0.019641719061894658,0.001640433864365288,0.02022991892551271,0.026660419673824643,0.022409962260637153,0.01731736932345099,0.0013655919131521437,0.01973340211085895,0.025086522410415354,0.0010352070390315053,0.0004444502304706743,0.0007222218392280061,-0.00038034776585538677,0.002450761843918397
strong_low_noise,90,3.359818286283781e-06,2.9925694575914337,0.014098092659504458,0.9563866498734348,200,2.9258752443013343,2.9312239189034774,0.005121746954690171,2.9158366202701416,2.935913868332527,0.9782910977164824,0.9749067081650418,0.001586233991812985,0.975182079092529,0.9814001163404358,0.16833752192394424,0.17801693258968415,0.004109881928142581,0.1602821533447848,0.1763928905031037,0.9774890360082042,0.9742350639892152,0.001875463529261832,0.973813127490851,0.9811649445255575,0.1702279060790747,0.17926363473682438,0.004901468869989205,0.16062102709389586,0.17983478506425354,0.036002540502552034,0.03261815095111137,0.001586233991812985,0.032893521878598585,0.039111559126505484,0.021904447843047573,0.01852005829160691,0.001586233991812985,0.018795429219094124,0.025013466467001023,0.020906629584613902,0.016095839697906046,0.0013150869783706783,0.018329059107007373,0.02348420006222043,0.0009978182584336754,0.0008430548551411831,0.0007205642102454678,-0.0004144875936474414,0.0024101241105147922
strong_low_noise,90,4.281332398719387e-06,2.720127187685605,0.01722487497617823,0.9595134321901085,200,2.66723541596313,2.670370972204884,0.004744001646065799,2.657937172736841,2.676533659189419,0.9798726230550588,0.9762588653158883,0.0015231199554498931,0.9768873079423771,0.9828579381677406,0.16320619958431248,0.17158742178783642,0.00415726084649016,0.15505796832519178,0.1713544308434332,0.9791460140462526,0.9762361543453928,0.0017916493276704144,0.9756343813640186,0.9826576467284865,0.16502066755869346,0.17435149219279805,0.0049357078784481164,0.15534668011693514,0.17469465500045178,0.03758406584112845,0.03397030810195806,0.0015231199554498931,0.03459875072844666,0.04056938095381024,0.020359190864950256,0.016745433125779863,0.0015231199554498931,0.017373875752268467,0.023344505977632046,0.019434380156223816,0.014481441878371859,0.001261805690873732,0.016961241002111303,0.02190751931033633,0.000924810708726369,0.001091873884821188,0.0007058927613527646,-0.00045873910352504964,0.0023083605209777876
strong_low_noise,90,5.455594781168514e-06,2.4776712838792476,0.02052446565873472,0.962813022872665,200,2.4356023054118183,2.4387099670744137,0.0044449623912547155,2.426890179124959,2.4443144316986776,0.9816195152969408,0.9772712224574436,0.0014534669659098556,0.9787707200437575,0.9844683105501241,0.1574344830489936,0.1650019605720495,0.004205236098904612,0.14919222029514057,0.16567674580284664,0.980957451773551,0.9783784740947783,0.0017023121177347396,0.9776209200227909,0.9842939835243111,0.15918834451322633,0.1690370915509968,0.004970925796925728,0.1494453299512519,0.16893135907520077,0.03933095808301053,0.03498266524351329,0.0014534669659098556,0.03648216282982721,0.042179753336193844,0.018806492424275855,0.01445819958477862,0.0014534669659098556,0.01595769717109254,0.02165528767745917,0.017982151704021287,0.01355735113045995,0.0012054308716021595,0.015619507195681054,0.02034479621236152,0.0008243407202545155,0.0011570605932515222,0.0006823031390973932,-0.0005129734323763751,0.002161654872885406
strong_low_noise,90,6.951927961775606e-06,2.2593614271323856,0.02389990966536011,0.9661884668792905,200,2.225858872334117,2.2269079810110637,0.00421390768731584,2.217599613266978,2.234118131401256,0.9834404589322268,0.9789308283453713,0.001379843834070244,0.9807359650174491,0.9861449528470044,0.15114973046511637,0.1588189871644993,0.004251266746369636,0.1428172476422319,0.15948221328800086,0.9828320741297728,0.9801064528988931,0.0016099405968287388,0.9796765905599885,0.9859875576995571,0.15286664751666357,0.16252694277185323,0.005005313220889411,0.14305623360372033,0.1626770614296068,0.041151901718296226,0.03664227113144086,0.0013798438340702442,0.038447407803518546,0.043856395633073905,0.01725199205293607,0.01274236146608071,0.0013798438340702442,0.01454749813815839,0.01995648596771375,0.016544515921861885,0.012064099819061288,0.0011458932566631298,0.01429856513880215,0.01879046670492162,0.0007074761310742038,0.0007595228444097838,0.0006540621763915167,-0.0005744857346531689,0.0019894379968015763
strong_low_noise,90,8.858667904100815e-06,2.0605907323996413,0.027263255909956985,0.9695518131238874,200,2.0339291666708537,2.0354618951122028,0.004037433710506788,2.0260157965982604,2.041842536743447,0.9852590418985517,0.9811577768854819,0.0013040415904573815,0.9827031203812553,0.9878149634158482,0.14449720653650594,0.15301678101626548,0.004292874715875455,0.13608317209339005,0.15291124097962183,0.9846943930161737,0.9816028524072384,0.0015163958889594345,0.9817222570738132,0.9876665289585341,0.1462062368692201,0.15282302921120794,0.005036583079425572,0.13633453403354598,0.15607793970489423,0.042970484684621446,0.03886921967155155,0.0013040415904573815,0.04041456316732498,0.04552640620191791,0.01570722877466441,0.011605963761594507,0.0013040415904573815,0.013151307257367942,0.018263150291960878,0.01512133430927801,0.010544144175813707,0.001083208611555408,0.01299824543062941,0.01724442318792661,0.000585894465386453,0.0004509127775065119,0.0006242558300310604,-0.0006376469614744253,0.0018094358922473314
strong_low_noise,90,1.1288378916846883e-05,1.8777910814794638,0.03054251668727,0.9728310739012004,200,1.8566344308721352,1.8609783363474255,0.00389885359644185,1.8489926778231092,1.8642761839211612,0.9870176635292189,0.9833210098520199,0.0012264733768259772,0.98461377571064,0.9894215513477979,0.13762711789850726,0.14818068389742078,0.004328033771501342,0.12914417170636464,0.1461100640906499,0.9864884540814041,0.9827820634945834,0.001422355338447839,0.9837006376180463,0.9892762705447619,0.13935906401864476,0.14591859423244571,0.005062245148279898,0.12943706352801615,0.14928106450927336,0.044729106315288494,0.04103245263808952,0.001226473376825977,0.04232521849670958,0.04713299413386741,0.014186589628018451,0.010489935950819484,0.001226473376825977,0.011782701809439536,0.016590477446597366,0.013716719208695771,0.009332955441766676,0.0010172526960471658,0.011722903924443327,0.015710534492948215,0.00046987041932272465,0.0006110586865341125,0.0005940349568394412,-0.0006944380960825802,0.0016341789347280294
strong_low_noise,90,1.43844988828766e-05,1.7082563105492263,0.03368279173763309,0.9759713489515635,200,1.691553628621672,1.6938543899721645,0.0037815414160847632,1.6841418074461458,1.698965449797198,0.988675527306479,0.9849845231761063,0.001146246237883725,0.9864288846802269,0.9909221699327311,0.13068294574399342,0.141826149428244,0.004355494841065027,0.12214617585550597,0.13921971563248087,0.9881755720640872,0.9851032047324988,0.0013272965221476636,0.9855740708806778,0.9907770732474966,0.13246710551143295,0.13585148421845497,0.005080213142321737,0.12250988775248235,0.14242432327038357,0.046386970092548586,0.04269596596217601,0.001146246237883725,0.04414032746629649,0.048633612718800685,0.01270417835491548,0.009013174224542897,0.001146246237883725,0.01045753572866338,0.014950820981167581,0.012337155727389429,0.008237683164407823,0.0009476271137162055,0.010479806584505666,0.014194504870273192,0.0003670226275260867,0.00029396972404729975,0.0005628621750836742,-0.0007361872356379149,0.0014702324906900883
strong_low_noise,90,1.8329807108324338e-05,1.5499669395977995,0.0366436545620701,0.9789322117760004,200,1.536877812313937,1.5380414942788105,0.003673623128090767,1.529677510982879,1.544078113644995,0.9902036076561935,0.9863004935732652,0.0010618656934766764,0.9881223508969792,0.9922848644154079,0.12379440381735721,0.13573585722278986,0.004374933747924714,0.11521953367142476,0.13236927396328965,0.9897290042603862,0.9869103520597919,0.0012300266140013202,0.9873181520969436,0.9921398564238288,0.12565644050993982,0.12834616339308885,0.005089444137990612,0.11568112999947822,0.13563175102040143,0.04791505044226322,0.04401193635933487,0.0010618656934766764,0.045833793683048935,0.049996307201477505,0.011271395880193142,0.007368281797264786,0.0010618656934766764,0.009190139120978857,0.013352652639407428,0.010989504738476753,0.006958060576032405,0.0008737435866697673,0.00927696730860401,0.012702042168349496,0.00028189114171638775,0.00012219569543196128,0.0005295385659129209,-0.0007560044474729372,0.0013197867309057128
strong_low_noise,90,2.3357214690901213e-05,1.4014220498695682,0.0393957093747827,0.981684266588713,200,1.3912664149318752,1.3941824629824642,0.003570563434535057,1.3842681106001864,1.398264719263564,0.9915803524698604,0.9882045371066097,0.000972207853702554,0.9896748250766034,0.9934858798631174,0.11707524215752323,0.12884543266733597,0.00438679097343943,0.10847713184958194,0.12567335246546452,0.9911293741710361,0.9886187436607523,0.0011294916336449256,0.9889155705690921,0.9933431777729801,0.11903618736056389,0.1231838836671669,0.005090153373650644,0.10905948674820862,0.12901288797291915,0.04929179525593007,0.04591597989267937,0.0009722078537025541,0.04738626786267306,0.051197322649187076,0.009896085881147411,0.00652027051789672,0.000972207853702554,0.007990558487890405,0.011801613274404417,0.009679947065033789,0.0059862355053741,0.000795138072696755,0.008121476442548148,0.011238417687519429,0.00021613881611357743,-0.00011612187058727144,0.0004933199549144119,-0.0007507682955186698,0.0011830459277458246
strong_low_noise,90,2.976351441631313e-05,1.2615020528390948,0.04191835734034953,0.9842069145542799,200,1.253728621114261,1.2567312252324268,0.0034738328532087225,1.246919908721972,1.2605373335065502,0.9927905001321277,0.9892891459878514,0.000877307380555952,0.991070977666238,0.9945100225980174,0.11062373802517467,0.12306876031403408,0.004391863308517443,0.10201568594048048,0.11923179010986885,0.9923632589893054,0.9906725897051438,0.0010254924772725251,0.9903532937338513,0.9943732242447596,0.11269963188689762,0.11920527933211897,0.005083473145391902,0.1027360245219295,0.12266323925186574,0.0505019429181974,0.047000588773921104,0.000877307380555952,0.04878242045230773,0.05222146538408707,0.008583585577847856,0.00508223143357156,0.0008773073805559519,0.00686406311195819,0.010303108043737522,0.008414495357785729,0.0049631410899010995,0.0007118922813431805,0.007019186486353095,0.009809804229218363,0.00016909022006214434,7.51066403667639e-05,0.0004545205658334047,-0.0007217700889713288,0.0010599505290956174
strong_low_noise,90,3.792690190732246e-05,1.129386434272404,0.04419919853956761,0.9864877557534979,200,1.1235523268664183,1.1254212788651459,0.003386307880191647,1.1169151634212426,1.1301894903115939,0.9938268972258427,0.99097429876677,0.0007786782203604113,0.9923006879139363,0.9953531065377491,0.10452354597482383,0.11519254591746307,0.004390930702302745,0.09591732179831045,0.11312977015133721,0.9934248466610509,0.9921159950267655,0.000919037780974246,0.9916235326103414,0.9952261607117604,0.10672524004165573,0.11120326792145961,0.005070887496501976,0.09678630054851187,0.1166641795347996,0.051538340011912265,0.04868574155283967,0.0007786782203604115,0.05001213070000586,0.05306454932381867,0.007339141472344717,0.004486543013272115,0.0007786782203604115,0.00581293216043831,0.008865350784251123,0.007200756163662867,0.003969164574223419,0.0006249750451998238,0.005975805075071212,0.008425707252254522,0.00013838530868179625,8.826827792185728e-05,0.00041444278234084293,-0.0006739225447062559,0.0009506931620698484
strong_low_noise,90,4.8329302385717524e-05,1.0045314359469182,0.04623425037702535,0.9885228075909557,200,1.0002855004690938,1.002107183485068,0.0033069914875358515,0.9938037971535235,1.006767203784664,0.9946932118643396,0.9925816640900376,0.0006791314925680121,0.9933621141389063,0.9960243095897728,0.09884371288119144,0.10857932806721443,0.004384650379160153,0.09024979813803755,0.10743762762434533,0.9943185652411916,0.9930553991590649,0.0008122636602445364,0.9927265284671123,0.9959106020152708,0.10117671019049215,0.10676762185762956,0.005053838852213616,0.09127118604015347,0.11108223434083084,0.05240465465040926,0.050293106876107274,0.0006791314925680121,0.051073556924975956,0.05373575237584257,0.006170404273383925,0.004058856499081942,0.0006791314925680121,0.004839306547950621,0.007501501998817228,0.0060497750554333206,0.003225651226098479,0.0005363487476984231,0.004998531509944411,0.00710101860092223,0.00012062921795057843,0.0002747911521445747,0.00037484113959048045,-0.0006140594156467632,0.00085531785154792
strong_low_noise,90,6.158482110660255e-05,0.8866854044740867,0.04802785282632378,0.9903164100402542,200,0.883750029213665,0.8837127080898295,0.003228167169633838,0.8774228215611827,0.8900772368661473,0.9954049943081167,0.993781903300406,0.0005822222840931873,0.9942638386312941,0.9965461499849393,0.09363768322150706,0.10196471675445987,0.004373686551869718,0.08506525757984242,0.10221010886317171,0.9950601364785527,0.9940367015809846,0.0007080110010783988,0.9936724349164391,0.9964478380406664,0.09610216898385249,0.0999742054627244,0.005033615020221026,0.08623628354421928,0.1059680544234857,0.053116437094186245,0.051493346086475766,0.0005822222840931873,0.0519752814173636,0.05425759277100889,0.005088584267862419,0.0034654932601519417,0.0005822222840931873,0.003947428591039772,0.006229739944685066,0.00497659180701507,0.0026122276422297273,0.00044878143181721354,0.004096980200653332,0.005856203413376808,0.00011199246084738755,0.00029185291062952946,0.00033726309954550766,-0.0005490432142618074,0.0007730281359565826
strong_low_noise,90,7.847599703514606e-05,0.7759008110672175,0.04959160465759471,0.9918801618715251,200,0.774051142137738,0.7734603161076936,0.003136668893728991,0.7679032711060292,0.7801990131694467,0.9959876256612589,0.9945673621411945,0.0004915185954187651,0.995024249214238,0.9969510021082797,0.0889417135276771,0.09521033086084825,0.004358877530041685,0.0803983135687954,0.0974851134865588,0.9956745893757989,0.9946996442762162,0.0006092280075062204,0.9944805024810867,0.9968686762705111,0.09153297670854378,0.09389480354140015,0.005011390785195253,0.08171065076956109,0.10135530264752647,0.05369906844732858,0.05227880492726411,0.0004915185954187651,0.0527356920003078,0.054662444894349356,0.004107463789733876,0.0026872002696693986,0.0004915185954187651,0.0031440873427130965,0.005070840236754656,0.0039987233599579255,0.0020796394112321155,0.00036541163376584064,0.0032825165577768777,0.004714930162138973,0.00010874042977595135,0.00010717566267024319,0.00030257398448230605,-0.00048430457980936856,0.0007017854393612712
strong_low_noise,90,0.0001,0.6725033669342569,0.05094239220652001,0.9932309494204503,200,0.6715466992234504,0.6705889683017724,0.003018351253776421,0.6656307307660486,0.6774626676808523,0.996471471842356,0.9952385702616688,0.00040989290139978784,0.9956680817556124,0.9972748619290995,0.08477348596634578,0.09015740725120996,0.004341285016942068,0.07626456733313933,0.09328240459955223,0.9961915393602621,0.995529193432814,0.000518384949714298,0.995175504858822,0.9972075738617021,0.08748280264618337,0.08860388066554947,0.004988274076655241,0.07770578545593909,0.09725981983642765,0.054182914628425574,0.05295001304773844,0.00040989290139978784,0.05337952454168199,0.05498630471516916,0.0032405224219056008,0.0020076208412184715,0.00040989290139978784,0.0024371323351620165,0.004043912508649185,0.003132857765633651,0.0016051131372347136,0.000289194973755318,0.0025660356170732275,0.003699679914194074,0.0001076646562719118,9.764662467534869e-05,0.0002708454035573335,-0.0004231923347004619,0.0006385216472442855
strong_low_noise,90,0.0001274274985703132,0.5770003387111425,0.052100056442899806,0.9943886136568302,200,0.5767601870125797,0.5758577679093531,0.0028631161413483867,0.5711484793755368,0.5823718946496226,0.9968859730859271,0.9958188053074473,0.00033902273661788753,0.996221488522156,0.9975504576496982,0.08113181262925767,0.08615423487465079,0.004322103439213744,0.07266048988839874,0.0896031353701166,0.9966394427634786,0.996125525555426,0.00043706917266393084,0.9957827871850573,0.9974960983418999,0.08394767312346066,0.08672060701229134,0.004965290042867755,0.07421570463943986,0.09367964160748146,0.05459741587199653,0.05353024809351692,0.00033902273661788753,0.05393293130822547,0.055261900435767584,0.0024973594290966955,0.0014301916506170853,0.00033902273661788753,0.0018328748653256358,0.003161843992867755,0.0023909829645920007,0.001200999976231494,0.00022239731169841403,0.001955084233663109,0.0028268816955208925,0.00010637646450471635,5.573822582363255e-06,0.00024159754674499758,-0.0003671547271154789,0.0005799076561249116
strong_low_noise,90,0.00016237767391887175,0.4899408480802734,0.053085318279580504,0.9953738754935109,200,0.4902490649312523,0.4884735079675772,0.0026681041771075935,0.48501958074412144,0.4954785491183832,0.9972547705687781,0.9964187534833702,0.0002792366882593737,0.9967074666597897,0.9978020744777665,0.077998019939966,0.08282134480924322,0.0043024994407585195,0.0695651210360793,0.08643091884385269,0.9970408990948565,0.9967005041247794,0.00036586255843352203,0.9963238084803268,0.9977579897093862,0.08090745433273089,0.08388748823689784,0.004943316637819619,0.07121855372260444,0.09059635494285734,0.054966213354847825,0.05413019626943982,0.00027923668825937363,0.054418909445859455,0.055513517263836194,0.0018808950752673026,0.0010448779898593052,0.00027923668825937363,0.0013335911662789304,0.0024281989842556747,0.0017774670884893621,0.0008921210030931383,0.000166276176035943,0.0014515657834589138,0.0021033683935198105,0.000103427986777954,-5.843640989764486e-05,0.00021420736582868335,-0.00031641845024626535,0.0005232744238021734
strong_low_noise,90,0.00020691380811147902,0.4117645536368164,0.05391834427435395,0.9962069014882843,200,0.41246174984781675,0.4114705623951197,0.0024381204085564766,0.4076830338470461,0.4172404658485874,0.9975932804515467,0.9970167871550482,0.00022973219051371607,0.9971430053581398,0.9980435555449536,0.07533901062175691,0.0789859862941571,0.004283465260223387,0.06694341871171906,0.08373460253179475,0.997410379682664,0.9972008266348369,0.00030449344787735806,0.9968135725248244,0.9980071868405036,0.07832876627841942,0.08121135418304493,0.004923018790180221,0.06867964944966619,0.08797788310717265,0.05530472323761638,0.05472822994111781,0.00022973219051371607,0.05485444814420949,0.055754998331023264,0.0013863789632624368,0.0008098856667638765,0.00022973219051371607,0.0009361038698555532,0.0018366540566693203,0.001288124028314232,0.0006486351493683307,0.00012101747451870639,0.0010509297782575675,0.0015253182783708963,9.825493494819579e-05,1.117870422586309e-05,0.0001882446824806823,-0.0002707046427139415,0.00046721451261033306
strong_low_noise,90,0.00026366508987303556,0.3426803051322296,0.054618004377141594,0.9969065615910719,200,0.3436217333880227,0.3426410285980278,0.0021837606912869607,0.33934156243310026,0.34790190434294516,0.9979089176376773,0.9975003737309884,0.00018904468502482777,0.9975383900550286,0.998279445220326,0.07311144348219875,0.07681603973388003,0.004265734017604214,0.06475060480769448,0.08147228215670302,0.9977545600269734,0.9977033627868026,0.0002521485559726094,0.9972603488572671,0.9982487711966797,0.07616886436260216,0.07749399232447576,0.004904817663267247,0.06655542174259835,0.08578230698260597,0.055620360423746934,0.05521181651705803,0.00018904468502482777,0.05524983284109827,0.055990888006395595,0.0010023560466053333,0.0005938121399164387,0.00018904468502482777,0.0006318284639566709,0.0013728836292539958,0.0009113765813015326,0.0004516297740812048,8.590175455796283e-05,0.0007430091423679255,0.0010797440202351398,9.097946530380629e-05,4.510960409511069e-06,0.00016360379148974724,-0.0002296839660160983,0.00041164289662371087
strong_low_noise,90,0.0003359818286283774,0.28260290647035285,0.0552016375364756,0.9974901947504059,200,0.2836655993684714,0.2824534076423781,0.001918414488727812,0.2799055069705649,0.28742569176637794,0.9982031583538157,0.9979260325198325,0.0001555500407935275,0.9978982802738604,0.998508036433771,0.07126621597671823,0.0750977811948427,0.004249762817155671,0.06293668085509312,0.07959575109834334,0.998074434182318,0.9981365560583271,0.00020779236337960485,0.997667161150094,0.998481707214542,0.07437979037922524,0.07488003601715026,0.004888903418929896,0.06479753967812264,0.08396204108032783,0.05591460113988523,0.055637475305902184,0.0001555500407935275,0.055609723059929915,0.056219479219840544,0.0007129636034096793,0.000435837769426628,0.0001555500407935275,0.00040808552345436534,0.0010178416833649933,0.0006308181523684505,0.00031194793958358176,5.9606718310695374e-05,0.0005139889844794876,0.0007476473202574135,8.214545104118728e-05,4.1323141167280425e-05,0.00014044837736659158,-0.00019313336859733222,0.0003574242706797068
strong_low_noise,90,0.00042813323987193956,0.23115365526738332,0.05568507183263627,0.9979736290465666,200,0.2322413342071549,0.23099630422157985,0.0016553332046470577,0.22899688112604666,0.23548578728826314,0.998474243867826,0.998312097736054,0.0001278117917271542,0.9982237327560408,0.9987247549796112,0.06975251953512318,0.07380360668862683,0.004235764722454876,0.06145042067911163,0.07805461839113474,0.9983680181138912,0.9985011346930432,0.00017038853528868542,0.9980340565847253,0.9987019796430571,0.07291214366832097,0.07435787247939987,0.004875278853058022,0.06335659711632724,0.0824676902203147,0.056185686653895756,0.05602354052212366,0.0001278117917271542,0.055935175542110534,0.05643619776568098,0.0005006148212594824,0.0003384686894873923,0.00012781179172715416,0.00025010370947426027,0.0007511259330447046,0.0004281515471488702,0.00021244999378600187,4.053541488093129e-05,0.0003487021339822449,0.0005076009603154955,7.246327411061213e-05,8.714523196551809e-05,0.0001190681428521128,-0.00016091028587952896,0.0003058368341007532
strong_low_noise,90,0.0005455594781168515,0.18771085380638997,0.05608270521741203,0.9983712624313423,200,0.18875503562671017,0.18737850006145274,0.0014055345509932256,0.18600018790676345,0.1915098833466569,0.998719542717566,0.9985741643187533,0.00010471410373552713,0.9985143030742444,0.9989247823608877,0.06852102022559706,0.0724485939015337,0.004223764788687873,0.060242441239768824,0.07679959921142529,0.9986326746165867,0.9987903302546366,0.00013900124757127122,0.998360232171347,0.9989051170618264,0.07171805695843605,0.0732790055376338,0.004863815126061827,0.062184979311354874,0.08125113460551724,0.056430985503635685,0.056285607104823054,0.00010471410373552713,0.05622574586031405,0.05663622514695732,0.0003482802862236989,0.00020290188741106663,0.00010471410373552713,0.00014304064290206574,0.000553519929545332,0.00028566264723554516,0.0001395214656271599,2.7086703718074706e-05,0.00023257270794811876,0.0003387525865229716,6.261763898811512e-05,6.598992201248212e-05,9.973981335806876e-05,-0.00013287239519369968,0.0002581076731699299
strong_low_noise,90,0.0006951927961775591,0.1514871290681091,0.056407556545518704,0.998696113759449,200,0.1524447017452549,0.15104191461048316,0.0011767848989910662,0.1501382033432324,0.1547512001472774,0.9989370870160323,0.998824663789334,8.543893852293037e-05,0.9987696266965274,0.9991045473355373,0.06752602277968894,0.07060810616517137,0.0042136603416205445,0.059267248510112676,0.07578479704926522,0.9988665938390531,0.9989956457959237,0.0001128125149152547,0.9986454813098192,0.9990877063682869,0.07075323265008421,0.0712915969558156,0.004854304822394363,0.061238795198191254,0.08026767010197716,0.05664852980210187,0.056536106575403644,8.543893852293037e-05,0.05648106948259692,0.05681599012160681,0.0002409732565832151,0.00012855002988498843,8.543893852293037e-05,7.351293707827158e-05,0.00040843357608815866,0.00018781635146604503,9.012266712057375e-05,1.7830505276567115e-05,0.0001528685611239735,0.00022276414180811657,5.3156905117117646e-05,8.47579803233893e-05,8.263978981873788e-05,-0.00010881708292760859,0.0002151308931618439
strong_low_noise,90,0.0008858667904100832,0.12161127043331371,0.05667127816157233,0.9989598353755027,200,0.12245983848018398,0.1211355081055996,0.0009735031571592872,0.12055177229215178,0.12436790466821618,0.9991262543313556,0.9990618233344478,6.938094148338354e-05,0.9989902676860482,0.999262240976663,0.06672669810295213,0.06961290455571918,0.004205273779237299,0.05848436149564703,0.07496903471025723,0.9990694166556741,0.9991920067318083,9.1103822473915e-05,0.9988908531636251,0.999247980147723,0.06997810245178923,0.07011926534895375,0.004846504573623801,0.06047895348748658,0.07947725141609188,0.056837697117425263,0.056773266120517474,6.938094148338354e-05,0.05670171047211783,0.056973683762732694,0.0001664189558528978,0.00010198795894511559,6.938094148338354e-05,3.0432310545466074e-05,0.0003024056011603295,0.00012196489727748682,5.766114324725052e-05,1.1590044019086054e-05,9.924841100007815e-05,0.0001446813835548955,4.4454058575434974e-05,8.142302198290402e-05,6.781399094091234e-05,-8.84613636687532e-05,0.00017736948081962316
strong_low_noise,90,0.0011288378916846883,0.09719915359832665,0.05688415808181591,0.9991727152957462,200,0.09793161477997657,0.09674104579027992,0.0007972500974446463,0.09636900458898506,0.09949422497096808,0.9992878211683981,0.9992573722255743,5.606537137249808e-05,0.999177933040508,0.9993977092962882,0.06608756791834895,0.06886308662121218,0.0041983931087335846,0.057858717425231125,0.07431641841146677,0.9992422370835174,0.9993461758823864,7.323423636288414e-05,0.9990986979802462,0.9993857761867887,0.0693582847153024,0.0693039998389449,0.004840165205231517,0.059871560913048634,0.07884500851755619,0.05699926395446772,0.05696881501164397,5.606537137249808e-05,0.056889375826577625,0.05710915208235782,0.00011510587265181727,8.465692982806416e-05,5.606537137249808e-05,5.217744761721032e-06,0.0002249940005419135,7.838999036934821e-05,3.679645735988186e-05,7.454968459613288e-06,6.377825218850617e-05,9.300172855019026e-05,3.671588228246374e-05,7.149120592132496e-05,5.518866023685163e-05,-7.145389178176545e-05,0.00014488565634669293
strong_low_noise,90,0.00143844988828766,0.07740642412046492,0.05705514133317371,0.999343698547104,200,0.07802587578880255,0.07699107107430785,0.0006474684394336289,0.07675683764751264,0.07929491393009246,0.9994236727188173,0.9994113680593297,4.5093612179718386e-05,0.999335289238945,0.9995120561986895,0.06557846754454782,0.0685154025405387,0.004192799914123718,0.05736057971286534,0.0737963553762303,0.9993872729932253,0.9994780772365006,5.8627051259010525e-05,0.9992723639727576,0.9995021820136929,0.06886454465993279,0.06861853486755379,0.0048350506598587376,0.05938784536660966,0.07834124395325591,0.05713511550488702,0.05712281084539933,4.5093612179718386e-05,0.05704673202501477,0.05722349898475927,7.997417171332898e-05,6.766951222564321e-05,4.5093612179718386e-05,-8.409308158919057e-06,0.00016835765158557703,4.995786851596739e-05,2.3510803652531292e-05,4.753968275936015e-06,4.0640090695132804e-05,5.927564633680198e-05,3.0016303197339362e-05,6.107107513956502e-05,4.4601542375497896e-05,-5.74027198586365e-05,0.00011743532625331523
strong_low_noise,90,0.0018329807108324375,0.061461986420234115,0.05719188584408633,0.9994804430580166,200,0.06197755191736754,0.06109974242766117,0.0005222330180223398,0.06095397520204376,0.06300112863269133,0.9995363980024794,0.9995323502859972,3.611529473298517e-05,0.9994656120248028,0.999607183980156,0.06517418456039616,0.06824147880514064,0.004188286690681304,0.056965142646660805,0.07338322647413151,0.9995074347355057,0.9995737879432104,4.6764805767774865e-05,0.9994157757162009,0.9995990937548106,0.06847244406144609,0.06826319232758432,0.004830948241144174,0.05900378550880351,0.07794110261408867,0.057247840788548957,0.057243793072066895,3.611529473298517e-05,0.057177054810872305,0.05731862676622561,5.595494446265836e-05,5.190722798059655e-05,3.611529473298516e-05,-1.4831033213992545e-05,0.00012674092213930927,3.161881082535018e-05,1.4913805691958724e-05,3.0103070411095453e-06,2.5718609024775472e-05,3.751901262592489e-05,2.4336133637272542e-05,5.0808303291786954e-05,3.583748979362136e-05,-4.590534635822532e-05,9.457761363277041e-05
strong_low_noise,90,0.002335721469090121,0.04868505844455577,0.05730085328278702,0.9995894104967173,200,0.049108803884059256,0.04838067366290062,0.0004188806943955455,0.048287797723043986,0.049929810045074526,0.9996289097771386,0.9996293721359197,2.8817460967276135e-05,0.9995724275536427,0.9996853920006344,0.06485392705840139,0.0680258486959204,0.004184666191709506,0.05665198132265076,0.07305587279415202,0.9996059292837817,0.9996653403172545,3.718851082158316e-05,0.9995330398025714,0.999678818764992,0.06816182689088582,0.06803410045074833,0.0048276728235774995,0.05869958815667392,0.07762406562509772,0.05734035256320819,0.05734081492198939,2.8817460967276135e-05,0.05728387033971233,0.05739683478670406,3.949928042119688e-05,3.9961639202390487e-05,2.8817460967276135e-05,-1.6982943074664342e-05,9.59815039170581e-05,1.9900273034601105e-05,9.404526103721968e-06,1.8953684243437782e-06,1.61853509228873e-05,2.361519514631491e-05,1.9599007386584007e-05,3.9275706786763874e-05,2.865941690761744e-05,-3.6573449752346175e-05,7.57714645255142e-05
strong_low_noise,90,0.002976351441631313,0.038489980258614366,0.0573874258814555,0.9996759830953859,200,0.038834834505562014,0.03825576076971038,0.00033447567412701505,0.03817926218427307,0.03949040682685096,0.9997041510958457,0.9997068491979036,2.2921802977328854e-05,0.99965922436201,0.9997490778296813,0.06460072903561766,0.06785621909296377,0.00418177530087129,0.05640444944590993,0.07279700862532539,0.9996859591570978,0.9997365523106158,2.9497425255565417e-05,0.9996281442035969,0.9997437741105987,0.06791624410252295,0.06785386119186966,0.00482506724089763,0.058459112310363597,0.07737337589468231,0.05741559388191538,0.0574182919839733,2.292180297732885e-05,0.05737066714807982,0.057460520615750944,2.8168000459861673e-05,3.086610251779032e-05,2.2921802977328854e-05,-1.6758733375702883e-05,7.309473429542622e-05,1.2468679298906737e-05,5.901918593930313e-06,1.1879263659151305e-06,1.014034362171308e-05,1.4797014976100393e-05,1.5699321160973914e-05,3.0439121351296214e-05,2.2831109642645768e-05,-2.9049653738611787e-05,6.0448296060559614e-05
strong_low_noise,90,0.003792690190732238,0.03038293117992556,0.057456037065360045,0.9997445942792904,200,0.030661408408224348,0.03020207153428534,0.0002661174242651224,0.03013981825666471,0.031182998559783986,0.9997649002794359,0.9997685033614958,1.8184323753505708e-05,0.999729259004879,0.9998005415539928,0.06440086125110217,0.06772284616675087,0.004179475460468706,0.056209089348583506,0.07259263315362083,0.9997505253165043,0.9997906964756842,2.334746507585324e-05,0.9997047642849557,0.999796286348053,0.06772238346017039,0.06771213513712618,0.004823000492571669,0.05826930249472991,0.07717546442561085,0.05747634306550548,0.057479946147565464,1.8184323753505708e-05,0.05744070179094861,0.057511984340062355,2.030600014541306e-05,2.390908220539778e-05,1.8184323753505708e-05,-1.5335274411458127e-05,5.594727470228425e-05,7.784313129117442e-06,3.680162442484352e-06,7.418155480833e-07,6.330354654874174e-06,9.23827160336071e-06,1.2521687016315667e-05,2.364387872401421e-05,1.8131809842757368e-05,-2.3016660275488775e-05,4.806003430812011e-05
strong_low_noise,90,0.004832930238571752,0.02395397516105189,0.05751030461832256,0.9997988618322529,200,0.024177479914314133,0.02381389967579404,0.00021112141705521237,0.023763681936885918,0.02459127789174235,0.9998136609178829,0.9998174272207108,1.4394741476416341e-05,0.9997854472245892,0.9998418746111767,0.06424328636219681,0.06761802334945502,0.004177651137343277,0.056055090133003985,0.07243148259138964,0.9998023185256399,0.999833457824859,1.844779925645593e-05,0.9997661608390973,0.9998384762121826,0.06756954197801457,0.06760074085654826,0.004821364883357068,0.05811966680663472,0.07701941714939442,0.0575251037039527,0.05752887000678042,1.4394741476416341e-05,0.05749689001065893,0.05755331739724648,1.479908563018717e-05,1.8565388457902898e-05,1.4394741476416341e-05,-1.3414607663588858e-05,4.30127789239632e-05,4.845916435411938e-06,2.2887964525990813e-06,4.618871429952899e-07,3.94061763514117e-06,5.7512152356827056e-06,9.953169194726773e-06,1.8400958049586793e-05,1.4364065981262554e-05,-1.8200400128547834e-05,3.810673851800138e-05
strong_low_noise,90,0.006158482110660254,0.01886692948367171,0.057553157925522076,0.9998417151394524,200,0.019045452168478028,0.01876089334164506,0.00016710793815923029,0.018717920609685936,0.01937298372727012,0.9998526150934357,0.999856160661815,1.1374814096526065e-05,0.9998303204578065,0.9998749097290649,0.06411917682398965,0.0675356656603261,0.0041762073269734235,0.05593381046312174,0.07230454318485756,0.9998436758024534,0.9998684934418044,1.455598863728088e-05,0.9998151460647243,0.9998722055401824,0.06744915894972738,0.06751321633846762,0.004820072800095292,0.058001816261540606,0.07689650163791414,0.05756405787950532,0.057567603447884697,1.1374814096526065e-05,0.05754176324387612,0.05758635251513451,1.0899953983241062e-05,1.4445522362627194e-05,1.1374814096526065e-05,-1.1394681645950025e-05,3.319458961243215e-05,3.009839484212979e-06,1.420518593939093e-06,2.869259996087154e-07,2.4474645249798968e-06,3.572214443446061e-06,7.890114499018322e-06,1.434371665078597e-05,1.1356747204417754e-05,-1.4369110021640476e-05,3.0149339019677117e-05
strong_low_noise,90,0.00784759970351459,0.014848707226422436,0.05758695398212731,0.9998755111960577,200,0.01499076203371545,0.014768322607345483,0.00013203019743835044,0.014731982846736283,0.015249541220694617,0.9998836185516378,0.9998867700988958,8.975658337894487e-06,0.9998660262612955,0.99990121084198,0.06402150109109281,0.06747097484735112,0.004175066725759005,0.05583837030860516,0.07220463187358046,0.9998765796289067,0.9998964012572391,1.1472294356012099e-05,0.999854093931969,0.9998990653258445,0.06735441501006144,0.06744446486621988,0.004819053536803465,0.057909070077926644,0.07679975994219623,0.05759506133770726,0.057598212884965416,8.975658337894487e-06,0.057577469047364986,0.057612653628049536,8.107355579947128e-06,1.1258902838096052e-05,8.975658337894487e-06,-9.484934762326065e-06,2.569964592222032e-05,1.8660696822580335e-06,8.801836091962645e-07,1.7791271523628737e-07,1.5173607603949103e-06,2.214778604121157e-06,6.24128589769892e-06,1.1195941413048552e-05,8.964938020607366e-06,-1.1329992622691517e-05,2.381256441808936e-05
strong_low_noise,90,0.01,0.01167912193619627,0.057613579539778075,0.9999021367537084,200,0.011791822426075309,0.011617799502508689,0.0001041658513464855,0.011587657357436198,0.01199598749471442,0.9999082207148566,0.9999109241104747,7.074444413720387e-06,0.9998943548038057,0.9999220866259075,0.06394467608461905,0.0674201712155174,0.004174166939024763,0.055763308884130516,0.07212604328510759,0.9999026821523,0.999918452846651,9.033750798677623e-06,0.9998849760007347,0.9999203883038654,0.06727989531835597,0.06739047098348457,0.00481825038389811,0.05783612456591568,0.07672366607079627,0.057619663500926406,0.057622366896544264,7.074444413720387e-06,0.05760579758987552,0.057633529411977295,6.083961148321549e-06,8.787356766182253e-06,7.0744444137203884e-06,-7.781949902570412e-06,1.994987219921351e-05,1.1552963142955253e-06,5.44672643837166e-07,1.1015746895134368e-07,9.393876751508916e-07,1.371204953440159e-06,4.928664834035608e-06,8.748453133559851e-06,7.068041549580466e-06,-8.924696603142107e-06,1.878202627121332e-05
strong_low_noise,120,1e-12,255.77539171533348,3.461474173207385e-05,0.9423231719556624,200,119.9475597852706,119.94756360761556,0.00012547141144340454,119.94731386130417,119.94780570923703,3.0131580146822934,2.9810997687030474,0.023192091266411762,2.9677015158001265,3.0586145135644602,0.03490223522941931,0.04012276179046038,0.002546246185820387,0.02991159270521135,0.039892877753627265,2.970239129463133,2.946914567263005,0.024912490176730966,2.92141064871674,3.0190676102095257,0.03998254200520941,0.041112070188491376,0.0037159969684017694,0.032699187947141946,0.04726589606327688,2.0708694574683633,2.038811211489117,0.02319209126641176,2.0254129585861964,2.11632595635053,2.070834842726631,2.0387765967473848,0.023192091266411762,2.0253783438444644,2.116291341608798,2.070834802562311,2.038777023540468,0.023192093270501042,2.025378299752129,2.116291305372493,4.016431429869528e-08,6.995615868730569e-08,3.580857956964767e-08,-3.0020501657814156e-08,1.1034913025520471e-07
strong_low_noise,120,1.2742749857031321e-12,255.71393592241597,3.4614762585059855e-05,0.9423231719765154,200,119.93319986616994,119.9332039101292,0.000159763130133386,119.93288673043489,119.933513001905,3.0121346231989903,2.9802295485418258,0.023173776205541324,2.9667140218361294,3.057555224561851,0.03491044396730103,0.04012683702523405,0.0025463177186142894,0.029919661238817022,0.03990122669578504,2.9692368391988087,2.945913981588671,0.024894567791648746,2.9204434863271773,3.01803019207044,0.03999036985466345,0.04111696187884103,0.0037160716651911656,0.032706869390888765,0.04727387031843813,2.0698460659850593,2.0379409913278956,0.023173776205541324,2.0244254646221984,2.11526666734792,2.069811451222475,2.0379063765653105,0.023173776205541324,2.024390849859614,2.115232052585336,2.0698114001015644,2.0379069199316175,0.023173778759273147,2.024390793733389,2.1152320064697396,5.1120900963578116e-08,8.912996894120027e-08,4.560410974794739e-08,-3.826315414239877e-08,1.40504956069555e-07
strong_low_noise,120,1.6237767391887243e-12,255.6357166767569,3.4614796393613034e-05,0.942323172010324,200,119.9149157696958,119.91491958542898,0.00020338456691365773,119.91451713594465,119.91531440344694,3.0108326121430014,2.979122157673088,0.02315049520682595,2.9654576415376224,3.0562075827483803,0.034920897115619666,0.04013203677751345,0.0025464088552741293,0.02992993575928237,0.03991185847195696,2.967961670939423,2.944640772609481,0.024871786110080764,2.919212970163665,3.016710371715181,0.04000033719664064,0.0411231911833513,0.0037161667934351343,0.032716650281507775,0.0472840241117735,2.068544054929071,2.0368336004591576,0.023150495206825945,2.023169084323692,2.1139190255344498,2.0685094401326776,2.036798985662764,0.023150495206825945,2.0231344695272986,2.1138844107380566,2.068509375086971,2.0367996772742014,0.023150498460935233,2.023134398103538,2.113884352070404,6.50457077152532e-08,1.1355427091094559e-07,5.80702380987938e-08,-4.877195895838264e-08,1.7886337438888904e-07
strong_low_noise,120,2.06913808111479e-12,255.5361933694386,3.461485118335522e-05,0.9423231720651137,200,119.89164011968569,119.89164281988863,0.00025884783985558914,119.89113277791957,119.89214746145181,3.009176844802553,2.9777134808723993,0.023120921660540538,2.9638598383478936,3.054493851257212,0.034934205890130784,0.040138673670249765,0.002546524962840855,0.02994301696296271,0.03992539481729886,2.9663400343103627,2.9430212894117966,0.024842847113882006,2.917648053967154,3.0150320146535714,0.040013026194612715,0.04113112245919496,0.003716287922119567,0.032729101867258366,0.047296950521967064,2.0668882875886228,2.035424923658469,0.023120921660540535,2.0215712811339634,2.112205294043282,2.066853672737439,2.035390308807286,0.023120921660540538,2.02153666628278,2.1121706791920984,2.066853590007402,2.0353911888359955,0.02312092580709105,2.0215365754255035,2.1121706045893007,8.273004404959195e-08,1.446638729595087e-07,7.392948706454451e-08,-6.217175059691529e-08,2.276318386960992e-07
strong_low_noise,120,2.6366508987303555e-12,255.40961525486748,3.461493992819309e-05,0.9423231721538585,200,119.86201830597963,119.86201825486566,0.00032932532119858715,119.86137282835008,119.86266378360918,3.0070723649823092,2.975922394006292,0.023083386778362074,2.9618289268967195,3.052315803067899,0.034951146445100466,0.04014714865570231,0.0025466728743252557,0.029959667611422963,0.03994262527877797,2.9642789260883236,2.9409623728042282,0.024806118041754147,2.9156589347264856,3.0128989174501615,0.04002917581406429,0.04114121844752787,0.00371644212607162,0.03274494924696392,0.04731340238116466,2.064783807768379,2.0336338367923616,0.023083386778362074,2.0195403696827894,2.110027245853969,2.0647491928284505,2.0335992218524335,0.023083386778362077,2.0195057547428608,2.10999263091404,2.064749087660182,2.03360034118779,0.023083392062073764,2.019505639218518,2.1099925361018466,1.0516826504133011e-07,1.8428378199757904e-07,9.409641170663277e-08,-7.926070190367011e-08,2.8959723198633033e-07
strong_low_noise,120,3.359818286283788e-12,255.24871106543188,3.4615083573934224e-05,0.9423231722975043,200,119.82433309532026,119.82432739821135,0.0004188132400049107,119.82351222136985,119.82515396927066,3.004399441528233,2.9736464512084853,0.023035798824694236,2.9592492758318323,3.0495496072246335,0.03497270345050809,0.04015797681868648,0.0025468612870414957,0.029980855327906758,0.03996455157310942,2.961661075610782,2.9383464280071774,0.024759552410215786,2.913132352886759,3.010189798334805,0.040049723067490765,0.041154066310348104,0.0037166383856489793,0.032765111831618766,0.047334334303362764,2.062110884314303,2.031357893994555,0.023035798824694233,2.016960718617902,2.1072610500107034,2.062076269230729,2.031323278910981,0.023035798824694236,2.0169261035343284,2.1072264349271297,2.0620761356257447,2.0313247019149534,0.023035805557369,2.0169259567333016,2.1072263145181878,1.3360497412947758e-07,2.3473412385153663e-07,1.1972651792639606e-07,-1.0105900100625868e-07,3.6826894926521385e-07
strong_low_noise,120,4.281332398719396e-12,255.04430644497188,3.461531588545841e-05,0.9423231725298158,200,119.77641062660666,119.77639544434722,0.0005323297175425684,119.77536726036028,119.77745399285304,3.001007541485435,2.970502701707047,0.022975547899448,2.955975467602517,3.046039615368353,0.035000124610918504,0.04017182120335329,0.0025471012679015425,0.030007806125831482,0.039992443096005525,2.9583390401229326,2.9350792883952703,0.024700596925175716,2.9099258701495883,3.006752210096277,0.04007585450316011,0.041170410238446704,0.0037168880878956844,0.03279075385088457,0.047360955155435654,2.058718984271504,2.0282141444931163,0.022975547899448,2.013686910388586,2.103751058154422,2.058684368955619,2.028179529177231,0.022975547899448,2.013652295072701,2.103716442838537,2.0586841993654788,2.0281806399348845,0.022975556478340844,2.0136521086679307,2.103716290063027,1.6959013340554368e-07,2.989624631241907e-07,1.5227633827473182e-07,-1.2887148961293069e-07,4.6805175642401805e-07
strong_low_noise,120,5.455594781168514e-12,254.7848569886404,3.461569118506924e-05,0.9423231729051154,200,119.71550391424073,119.71548102801026,0.0006761506510554017,119.71417865896466,119.7168291695168,2.9967081052311837,2.9664696061382356,0.022899396648956467,2.951825287799229,3.0415909226631386,0.03503498852366845,0.04018953741557804,0.0025474068936202055,0.03004207101217285,0.040027906035164054,2.954128125560337,2.9315242150492455,0.024626084663399047,2.905860999620075,3.0023952515005994,0.04010907011216305,0.04119119209862651,0.0037172056520657112,0.032823347034114256,0.04739479319021185,2.0544195480172527,2.024181048924305,0.022899396648956464,2.009536730585298,2.0993023654492076,2.0543849323260677,2.02414643323312,0.022899396648956474,2.009502114894113,2.0992677497580225,2.0543847172847065,2.0241478452748582,0.022899407580160226,2.0095018784275926,2.0992675561418204,2.150413585555357e-07,3.807101818348197e-07,1.9357639910382075e-07,-1.6436838368795298e-07,5.944511007990243e-07
strong_low_noise,120,6.951927961775591e-12,254.45588555899906,3.461629665342525e-05,0.9423231735105838,200,119.6381496289881,119.63811480345458,0.0008580845261178809,119.63646778331692,119.63983147465929,2.9912660539801497,2.9613608882316274,0.022803359627180424,2.946571469110876,3.0359606388494234,0.035079288582936435,0.040212232811798636,0.002547796060619085,0.03008560830412303,0.04007296886174984,2.948798063899086,2.9267263888417068,0.024532117197333073,2.9007151141923133,2.996881013605859,0.04015126206091247,0.04121760180471236,0.0037176093057885613,0.03286474782156689,0.04743777630025805,2.0489774967662195,2.0190723310176972,0.02280335962718042,2.004282911896946,2.0936720816354932,2.0489428804695664,2.0190377147210437,0.022803359627180424,2.0042482956002927,2.09363746533884,2.0489426081586197,2.019039508597186,0.02280337355538018,2.0042479959900747,2.0936372203271647,2.723109460974219e-07,4.84720747444065e-07,2.459185463922637e-07,-2.0968940483141496e-07,7.543112970262588e-07
strong_low_noise,120,8.858667904100833e-12,254.03931582015161,3.461727177030832e-05,0.9423231744857007,200,119.53999385788862,119.5399404601629,0.0010877826974400797,119.53786180380163,119.5421259119756,2.9843900777261347,2.9547224193036463,0.02268257797168563,2.939932224901631,3.0288479305506386,0.03513553584031065,0.040257714492642704,0.0025482915076461546,0.030140884485324187,0.04013018719529711,2.9420634930876215,2.9206637509919906,0.024413942185642058,2.894212166403763,2.9899148197714798,0.04020481075822078,0.04125113927838954,0.0037181220408035245,0.03291729155824587,0.04749232995819569,2.042101520512204,2.0124338620897158,0.02268257797168563,1.9976436676877003,2.086559373336708,2.0420669032404337,2.0123992448179457,0.02268257797168563,1.9976090504159298,2.0865247560649376,2.0420665589881826,2.0124013052222343,0.022682595717999115,1.9976086713809043,2.086524446595461,3.442522530065967e-07,6.16998914642663e-07,3.1215837740733417e-07,-2.6757816671177823e-07,9.560826727249716e-07
strong_low_noise,120,1.1288378916846884e-11,253.51270112608827,3.46188388193544e-05,0.9423231760527497,200,119.41558302407024,119.41550068349588,0.00137707379456919,119.41288395943289,119.4182820887076,2.9757219631056113,2.946101341290899,0.0225312022320406,2.9315608067308117,3.019883119480411,0.03520688371177593,0.04035778597773189,0.002548922103838643,0.03021099638825219,0.04020277103529967,2.933573492131543,2.9130199054777446,0.024265838964707423,2.8860124477607165,2.9811345365023696,0.040272700611658364,0.04129368996546632,0.003718772778064211,0.03298390596665251,0.04756149525666422,2.0334334058916803,2.003812784076969,0.022531202232040595,1.9892722495168806,2.07759456226648,2.033398787052861,2.00377816523815,0.0225312022320406,1.9892376306780615,2.077559943427661,2.033398352777445,2.003780778377924,0.02253122484208646,1.9892371520869556,2.0775595534679345,4.342754111320905e-07,7.85130543463376e-07,3.958320717786323e-07,-3.415554495540288e-07,1.2101062718182097e-06
strong_low_noise,120,1.4384498882876659e-11,252.84836111467573,3.4621350321943634e-05,0.9423231785642523,200,119.25811756712903,119.25799012734313,0.0017402982736771323,119.25470658251263,119.26152855174544,2.9648255684223632,2.935260688601484,0.022342305206279688,2.921034650218055,3.0086164866266714,0.03529727699113346,0.040484536779583344,0.0025497244660876435,0.030299817037601682,0.040294736944665246,2.922900763813434,2.903409317525618,0.024081033431660223,2.87570193828738,2.970099589339488,0.0403586572294033,0.0413476158263244,0.003719597769385501,0.03306824560140772,0.047649068857398884,2.022537011208432,1.9929721313875532,0.022342305206279684,1.978746093004124,2.0663279294127403,2.0225023898581105,1.9929375100372313,0.022342305206279688,1.9787114716538023,2.0662933080624186,2.022501843482734,1.992940819901921,0.022342334011140937,1.9787108688208979,2.06629281814457,5.463753729192678e-07,9.986726466905995e-07,5.012843415965989e-07,-4.361419366100661e-07,1.5288926824486016e-06
strong_low_noise,120,1.8329807108324375e-11,252.0124602031819,3.462536196213728e-05,0.9423231825758924,200,119.05916890090741,119.05897133648033,0.0021946002868532682,119.05486748434518,119.06347031746964,2.9511765846295193,2.9216765295188556,0.022107858779753926,2.9078451814212016,2.994507987837837,0.0354116265252751,0.040655682043725466,0.002550744981702053,0.030412166361139078,0.040411086689411124,2.909531577306861,2.8913679846513594,0.02385167523465194,2.862782293846943,2.9562808607667788,0.04046730652109332,0.041415863452102956,0.0037206422539937875,0.0331748477032655,0.047759765338921144,2.0088880274155883,1.9793879723049252,0.022107858779753926,1.9655566242072706,2.052219430623906,2.008853402053626,1.9793533469429632,0.02210785877975393,1.9655219988453085,2.052184805261944,2.008852716948196,1.9793575323856896,0.022107895473131165,1.965521241820859,2.0521841920755333,6.851054322699063e-07,1.2796239393721646e-06,6.338000359948115e-07,-5.571426382799242e-07,1.927353502819737e-06
strong_low_noise,120,2.3357214690901212e-11,250.96409540799655,3.463174312878098e-05,0.9423231889570591,200,118.80836530001659,118.80823055583211,0.0027601080318775573,118.80295548827411,118.81377511175907,2.934154974899186,2.9047286020537983,0.021818823326271407,2.8913900811796944,2.976919868618678,0.035556008775746044,0.04096692693179224,0.0025520423243831553,0.030554005819955057,0.04055801173153703,2.892858320395459,2.874195327026715,0.023568924227219953,2.8466632289101077,2.9390534118808103,0.040604353817969424,0.04150209041330066,0.0037219623694045778,0.03330930757393645,0.0478994000620024,1.9918664176852559,1.962440044839868,0.021818823326271403,1.9491015239657639,2.034631311404748,1.9918317859421268,1.9624054130967392,0.021818823326271407,1.9490668922226349,2.0345966796616186,1.9918309304856672,1.9624106946379125,0.02181887006177012,1.9490659451645977,2.0345959158067366,8.554564624127634e-07,1.651235440282027e-06,7.997256264713957e-07,-7.120057654711721e-07,2.422918690296699e-06
strong_low_noise,120,2.976351441631313e-11,249.65450748010358,3.4641841556035113e-05,0.9423231990554863,200,118.4930605425723,118.49291249846793,0.0034599013030170303,118.48627913601838,118.4998419491262,2.9130429609377226,2.8836981399978683,0.02146541252094469,2.870970752396671,2.9551151694787743,0.03573788592071096,0.04140061802070055,0.00255369056076692,0.0307326524216078,0.04074311941981412,2.872177465902178,2.851738890251159,0.023223206535462802,2.826659981092671,2.917694950711685,0.04077677742166664,0.04161081014681879,0.0037236272815094566,0.03347846794990811,0.04807508689342517,1.9707544037237923,1.9414095827839382,0.02146541252094469,1.9286821951827406,2.0128266122648437,1.9707197618822365,1.9413749409423822,0.02146541252094469,1.9286475533411849,2.012791970423288,1.9707186992950574,1.9413815878551914,0.021465472034106012,1.9286463741082096,2.0127910244819054,1.0625871793504035e-06,2.075212401594698e-06,1.0065579586380246e-06,-9.102664195801247e-07,3.0354407782809317e-06
strong_low_noise,120,3.7926901907322536e-11,248.02658860827123,3.4657723270999086e-05,0.9423232149372014,200,118.0980110785815,118.09775669220394,0.004319630378879331,118.08954460303889,118.1064775541241,2.8870325287752365,2.8579222560664594,0.021037604363736452,2.845798824222313,2.92826623332816,0.035966336754335866,0.04196496440938351,0.0025557829455773273,0.030957002181004306,0.040975671327667426,2.8466968392418392,2.827267400809359,0.022804707328793736,2.8019996128774034,2.891394065606275,0.040993025652374115,0.04174755484905669,0.003725721441534077,0.03369061162696733,0.0482954396777809,1.9447439715613057,1.915633698852529,0.02103760436373645,1.9035102670083823,1.9859776761142292,1.9447093138380351,1.915599041129258,0.021037604363736452,1.9034756092851117,1.9859430183909585,1.9447080025011463,1.9155998575046411,0.021037680123852768,1.9034741494583949,1.9859418555438977,1.3113368933252663e-06,2.582958859333286e-06,1.2629663544910747e-06,-1.1640771614772402e-06,3.7867509481277726e-06
strong_low_noise,120,4.832930238571752e-11,246.01492578448696,3.4682513095990464e-05,0.9423232397270264,200,117.60510340554596,117.60514113801118,0.005366623987189301,117.59458482253108,117.61562198856085,2.855247399877718,2.828377639810247,0.020525960346311038,2.815016517598948,2.8954782821564877,0.036252281243904096,0.04230666907589402,0.0025584364841337894,0.03123774573500187,0.04126681675280632,2.815557029868543,2.80443625017037,0.022304157055741246,2.77184088203929,2.8592731776977955,0.04126319957675618,0.04201237591767797,0.003728346789410142,0.0339556398695123,0.04857075928400006,1.9129588426637871,1.8860890825963168,0.02052596034631103,1.8727279603850175,1.9531897249425567,1.912924160150691,1.886054400083221,0.020525960346311038,1.8726932778719214,1.9531550424294606,1.9129225547044784,1.8860680726355978,0.020526056742868514,1.872691483488456,1.9531536259205007,1.6054462060577683e-06,3.202272477129632e-06,1.578701434047746e-06,-1.4888086046758134e-06,4.69970101679135e-06
strong_low_noise,120,6.158482110660255e-11,243.54667632170757,3.4720862379190864e-05,0.9423232780763096,200,116.9931921956493,116.99357449119438,0.006628324248429741,116.98020068012238,117.00618371117622,2.8167847495705236,2.789506242388536,0.01992277491544877,2.777736110736244,2.855833388404803,0.03660867257595655,0.04260469779499289,0.0025617972792513146,0.031587549908623974,0.04162979524328912,2.777872125551099,2.7720233833920496,0.021713926688221846,2.735312829242184,2.820431421860014,0.04159919591278454,0.04264267619308172,0.003731624596109951,0.034285211704409034,0.04891318012116005,1.8744961923565933,1.8472176851746056,0.01992277491544877,1.8354475535223136,1.913544831190873,1.8744614714942138,1.8471829643122264,0.01992277491544877,1.8354128326599342,1.9135101103284935,1.8744595250696006,1.8471842137920458,0.019922897482376457,1.8354106460041426,1.9135084041350585,1.9464246173267946e-06,4.2943818894585554e-06,1.9643326121295635e-06,-1.9036673024471502e-06,5.796516537100739e-06
strong_low_noise,120,7.847599703514623e-11,240.5435945427909,3.477956662389231e-05,0.9423233367805542,200,116.2381283627675,116.23880878459457,0.008129938663627668,116.22219368298678,116.25406304254821,2.7707808870182156,2.744065575474052,0.019223494134905247,2.733102838513801,2.80845893552263,0.03705062121329603,0.04290514462849308,0.0025660465363127826,0.03202117000212298,0.04208007242446909,2.732793915862877,2.7282349212895682,0.02102936359815678,2.6915763632104897,2.7740114685152646,0.04201477799850681,0.04311376961235002,0.0037356964668826863,0.03469281292341674,0.049336743073596874,1.828492329804285,1.8017770182601216,0.019223494134905247,1.7908142812998706,1.8661703783086994,1.8284575502376612,1.8017422386934978,0.019223494134905247,1.7907795017332468,1.8661355987420756,1.828455218184335,1.8017923466579693,0.019223649810867414,1.7907768645550348,1.8661335718136352,2.3320533231375783e-06,5.123623861331647e-06,2.4307510483944175e-06,-2.4322187317154795e-06,7.0963253779906366e-06
strong_low_noise,120,1e-10,236.92548021683263,3.486834305013037e-05,0.9423234255569805,200,115.31306855968097,115.3125627927824,0.009891328145147602,115.29368155651647,115.33245556284547,2.716501767616037,2.6831353600134342,0.01842821636500681,2.6803824635406235,2.7526210716914505,0.03759540865462277,0.043205567189024734,0.0025714068160024306,0.032555451295258005,0.042635366013987534,2.679600457220823,2.6820509516509676,0.02025017528296327,2.639910113666215,2.7192908007754313,0.04252554042150381,0.04445492837211449,0.0037407238171799683,0.035193721739831076,0.04985735910317655,1.7742132104021069,1.7408468027995037,0.018428216365006807,1.7380939063266936,1.8103325144775202,1.7741783420590571,1.7408119344564537,0.01842821636500681,1.7380590379836438,1.8102976461344704,1.7741755874450151,1.7407843908216716,0.01842841377628897,1.7380558964434887,1.8102952784465416,2.7546140472050774e-06,5.583728833974283e-06,2.988382845230158e-06,-3.1026163294460323e-06,8.611844423856186e-06
strong_low_noise,120,1.274274985703132e-10,232.61516401303626,3.500075451192547e-05,0.9423235579684422,200,114.18915457284264,114.18655993117258,0.011923362557841079,114.16578478222927,114.21252436345601,2.653453062665923,2.622120488956097,0.01754294866947129,2.6190688832737594,2.6878372420580865,0.038262348467989975,0.04382597681051137,0.0025781476297441104,0.03320917911369152,0.04331551782228843,2.617803897408835,2.6164334621642076,0.019381535803612314,2.579816087233755,2.6557917075839153,0.04314873925363809,0.045715241599579536,0.003746884906065275,0.03580484483775015,0.05049263366952603,1.7111645054519926,1.6798319317421668,0.017542948669471287,1.6767803260598289,1.7455486848441564,1.7111295046974806,1.679796930987655,0.01754294866947129,1.6767453253053168,1.7455136840896444,1.711126305597902,1.6797792743490747,0.017543198396959506,1.6767416367398613,1.7455109744559427,3.1990995787161998e-06,5.979476929137596e-06,3.6460858448478817e-06,-3.947228677185648e-06,1.0345427834618048e-05
strong_low_noise,120,1.6237767391887175e-10,227.5448673442849,3.5195232036148993e-05,0.9423237524459664,200,112.83662295705938,112.83285520165322,0.014224236776933899,112.80874345297659,112.86450246114217,2.581496115237078,2.557911072311894,0.016580207934036282,2.548998907686367,2.613993322787789,0.03907246363703082,0.04487429784863403,0.0025865887346853606,0.03400274971704751,0.04414217755701413,2.547264253972175,2.536998000833748,0.01843452058599969,2.5111325936236155,2.5833959143207346,0.04390297877823144,0.04634309198002992,0.003754368325620405,0.036544416860015444,0.051261540696447436,1.6392075580231478,1.615622515097964,0.01658020793403628,1.6067103504724367,1.6717047655738588,1.6391723627911117,1.6155873198659279,0.016580207934036282,1.6066751552404006,1.6716695703418227,1.6391687209169723,1.615669180221533,0.01658052267672886,1.6066708964705838,1.6716665453633608,3.6418741366956843e-06,7.791004015412203e-06,4.409756632019907e-06,-5.001248862063333e-06,1.22849971354547e-05
strong_low_noise,120,2.0691380811147902e-10,221.66340283061828,3.547610804970763e-05,0.94232403332198,200,111.22634617193609,111.22232766813096,0.01677646191066123,111.1934643065912,111.25922803728098,2.500947776990736,2.488694023435687,0.015558610637780565,2.470452900140686,2.5314426538407857,0.040047975676078325,0.04614090565593562,0.002597098600312755,0.034957662419465324,0.045138288932691326,2.468287673464991,2.4535968517870694,0.01742555706940685,2.4341335816089535,2.5024417653210285,0.04480777793496074,0.04813402796964097,0.0037633618141471358,0.037431588779232354,0.05218396709068913,1.5586592197768057,1.5464054662217566,0.015558610637780565,1.5281643429267557,1.5891540966268556,1.558623743668756,1.546369990113707,0.015558610637780565,1.528128866818706,1.589118620518806,1.5586196932129142,1.5463729611916905,0.01555900509855178,1.5281240432197527,1.5891153432060756,4.050455842186503e-06,7.801081621363553e-06,5.280748693449383e-06,-6.299811596974287e-06,1.4400723281347295e-05
strong_low_noise,120,2.6366508987303556e-10,214.9433066712101,3.58745336633548e-05,0.9423244317475937,200,109.33172084155358,109.32720667052845,0.019545305525788974,109.29341204272303,109.37002964038412,2.412637814322403,2.404628141410143,0.014501333926282934,2.3842151998268886,2.4410604288179174,0.04121164084195751,0.047478888281603814,0.002610084830556697,0.036095874574066385,0.04632740710984864,2.3816834291341786,2.3681240435861795,0.01637485210224421,2.34958871901378,2.4137781392545774,0.04588307970854725,0.049622415024850305,0.0037740355746206746,0.03848596998229073,0.05328018943480377,1.4703492571084729,1.4623395841962123,0.014501333926282934,1.4419266426129582,1.4987718716039875,1.4703133825748094,1.4623037096625489,0.014501333926282934,1.4418907680792947,1.498735997070324,1.4703089973912318,1.4622694316185034,0.014501824114880643,1.4418854221260657,1.4987325726563978,4.3851835771947625e-06,8.798854855453113e-06,6.2542836935153615e-06,-7.873212462095345e-06,1.664357961648487e-05
strong_low_noise,120,3.3598182862837877e-10,207.38675093619725,3.642912200926829e-05,0.9423249863359396,200,107.13072543754737,107.11951733950819,0.022479260694010732,107.0866660865871,107.17478478850764,2.3179013355599074,2.314483081323614,0.01343368786957492,2.2915713073355404,2.3442313637842744,0.04258601274628569,0.048594222711722056,0.0026259734332582615,0.0374391048170995,0.047732920675471885,2.2887574933265156,2.2889289261952546,0.015304140045129987,2.2587613788380607,2.3187536078149704,0.04714880042436205,0.05015019714964407,0.0037865201758986,0.039727220879600796,0.054570379969123305,1.3756127783459768,1.3721945241096838,0.01343368786957492,1.34928275012161,1.4019428065703436,1.3755763492239674,1.3721580949876744,0.01343368786957492,1.3492463209996006,1.4019063774483342,1.3755717458583283,1.3721772415729534,0.013434289368301506,1.3492405386964574,1.4019029530201992,4.603365639785137e-06,7.360157814579744e-06,7.318101774837108e-06,-9.740113838895596e-06,1.8946845118465868e-05
strong_low_noise,120,4.281332398719396e-10,199.02910235414777,3.7186133063291105e-05,0.9423257433469936,200,104.60789912502692,104.59316139970832,0.025512694766342922,104.55789424328489,104.65790400676894,2.218496879939833,2.218478749621663,0.01238033920850089,2.1942314150911715,2.2427623447884946,0.04419274186749772,0.04960357718209979,0.002645175324497803,0.03900819823148203,0.04937728550351341,2.191233302904543,2.1915586765970474,0.014234381378093014,2.1633339154034807,2.2191326904056057,0.04862452448505115,0.051269108047777075,0.003800880766136898,0.04117479818342283,0.056074250786679464,1.2762083227259027,1.2761901924077328,0.01238033920850089,1.251942857877241,1.3004737875745644,1.2761711365928394,1.2761530062746695,0.01238033920850089,1.2519056717441777,1.3004366014415012,1.2761664706247708,1.2760730452960796,0.012381063871457895,1.2518995854367134,1.3004333558128283,4.6659680655183735e-06,8.80874569280047e-06,8.451618044548081e-06,-1.1899203301795868e-05,2.1231139432832614e-05
strong_low_noise,120,5.455594781168515e-10,189.93932912890446,3.819898005653216e-05,0.9423267561939869,200,101.75597555100914,101.73815650946393,0.028570312500631027,101.69997773850791,101.81197336351038,2.1164599657572523,2.1098457723757296,0.011362800090110651,2.094188877580635,2.1387310539338693,0.04605202293702451,0.05219587838052599,0.0026680413999107143,0.04082266179319951,0.051281384080849514,2.0911090045342466,2.0871556648748752,0.01318402907850669,2.0652683075403737,2.1169497015281196,0.05032941906470194,0.05268982696860823,0.0038170916448776707,0.042847919440741705,0.05781091868866217,1.174171408543322,1.1675572151617992,0.011362800090110651,1.151900320366705,1.1964424967199387,1.1741332095632655,1.1675190161817426,0.011362800090110647,1.1518621213866487,1.1964042977398823,1.1741286635727213,1.1675452795782246,0.011363650825010452,1.1518559079557007,1.1964014191897419,4.545990540063938e-06,1.3122303485679439e-05,9.625815511141759e-06,-1.4320607861773908e-05,2.3412588941901783e-05
strong_low_noise,120,6.951927961775591e-10,180.21703997963806,3.952677729067433e-05,0.942328083991221,200,98.57695301206694,98.56408642636478,0.03157266405735523,98.51507059051453,98.63883543361935,2.013919533922124,2.005684886866205,0.010397626869025338,1.9935401852588341,2.0342988825854134,0.048182263534042466,0.054282938753252366,0.0026948110892746134,0.042900433799064226,0.053464093269020706,1.9904777693236033,1.9851973510941967,0.012168158787100909,1.9666281781008856,2.014327360546321,0.05228237443974745,0.05566055428906104,0.0038350176996093106,0.0447657397485132,0.059799009130981705,1.0716309767081937,1.0633963296522748,0.010397626869025338,1.051251628044904,1.0920103253714835,1.0715914499309032,1.0633568028749842,0.01039762686902534,1.0512121012676134,1.0919707985941929,1.071587213279825,1.0633145030651292,0.010398590772274606,1.0512059753661667,1.0919684511934833,4.236651079461265e-06,1.2323583069870274e-05,1.08040193650959e-05,-1.69392268761267e-05,2.5412529035049228e-05
strong_low_noise,120,8.858667904100832e-10,169.98659146775984,4.1231566782776174e-05,0.9423297887807132,200,95.08248254271177,95.06646685909425,0.034441765811623705,95.014976681721,95.14998840370255,1.9129133510474503,1.9104604194033732,0.009495522425924432,1.8943021270926383,1.9315245750022623,0.050599983637421284,0.0568739064111677,0.0027255622296507385,0.045257881667305835,0.05594208560753673,1.8913463852328656,1.888379565800768,0.011198352016440299,1.8693976152806426,1.9132951551850885,0.05450229156601094,0.05737335530820774,0.0038544109114230624,0.04694764617962174,0.062056936952400145,0.9706247938335198,0.9681718621894428,0.009495522425924432,0.952013569878708,0.9892360177883317,0.9705835622667371,0.96813063062266,0.009495522425924432,0.9519723383119253,0.989194786221549,0.9705798053562772,0.9680715733960914,0.009496563614056035,0.9519665406727273,0.989193070039827,3.7569104611461747e-06,4.683326429322169e-06,1.1943610592034936e-05,-1.96525662992423e-05,2.716638722153465e-05
strong_low_noise,120,1.1288378916846883e-09,159.3892097778683,4.3373807967525546e-05,0.9423319310218978,200,91.29357413876816,91.2794194001419,0.03710598010220888,91.22084641776783,91.3663018597685,1.8152350566208955,1.806575117545984,0.008661364794399858,1.7982587816238718,1.8322113316179192,0.053319894747835564,0.05962641876091213,0.0027601714556009897,0.047909958694857625,0.0587298308008135,1.795484257568203,1.794961842965316,0.01028299864840966,1.7753295802173201,1.815638934919086,0.0570083733168285,0.06065088762608951,0.0038749301520764013,0.049413510218758755,0.06460323641489825,0.8729464994069653,0.8642865603320538,0.008661364794399858,0.8559702244099416,0.889922774403989,0.8729031255989977,0.8642431865240863,0.008661364794399858,0.855926850601974,0.8898794005960214,0.8728999732204841,0.864142827261806,0.008662419397654162,0.8559216312010819,0.8898783152398863,3.1523785143330507e-06,3.912133676545062e-06,1.2998723402274752e-05,-2.2325119354125464e-05,2.8629876382791563e-05
strong_low_noise,120,1.4384498882876659e-09,148.5742984112094,4.6005811810141684e-05,0.9423345630257405,200,87.23972128858283,87.21425382887061,0.03950353485819253,87.16229436026077,87.31714821690488,1.7223330662038001,1.7180693355098375,0.007895096095252177,1.7068586778571058,1.7378074545504945,0.05635507678433404,0.062416643667717896,0.0027982941322725725,0.0508704202850798,0.06183973328358828,1.7043228921252105,1.7020990235156628,0.009427722734741212,1.6858445555651178,1.7228012286853032,0.05982025716166613,0.06337186552564308,0.0038961903342867523,0.052183724106464095,0.06745679021686816,0.7800445089898699,0.7757807782959071,0.007895096095252177,0.7645701206431756,0.7955188973365641,0.7799985031780596,0.775734772484097,0.007895096095252177,0.7645241148313654,0.7954728915247539,0.7799960116532526,0.7755963775144268,0.007896072269980337,0.7645197100040911,0.7954723133024141,2.491524806334927e-06,5.685494721290759e-06,1.3924079324612714e-05,-2.4799670669905995e-05,2.9782720282575846e-05
strong_low_noise,120,1.8329807108324374e-09,137.69103220091984,4.9163220129884444e-05,0.9423377204340603,200,82.95760171469242,82.93241027499224,0.04158437623847692,82.876096337265,83.03910709211983,1.6352662714407222,1.6325105348293913,0.0071932745550612595,1.6211674533128022,1.6493650895686423,0.0597171814537147,0.06661513334774315,0.002839371629546861,0.05415201305980285,0.06528234984762654,1.6189109856069621,1.6154962223553622,0.0086357879419256,1.601984841240788,1.6358371299731362,0.06295786299075297,0.06650101248176393,0.003917842373184804,0.05527889193931075,0.07063683404219519,0.6929777142267918,0.690221977615461,0.0071932745550612595,0.6788788960988718,0.7070765323547118,0.6929285510066617,0.6901728143953311,0.007193274555061259,0.6788297328787417,0.7070273691345818,0.6929266913312344,0.6902608023155665,0.007194059346241438,0.6788263350126011,0.7070270476498677,1.8596754289337153e-06,1.0189478723328828e-05,1.4680280075080397e-05,-2.6913673518223863e-05,3.063302437609129e-05
strong_low_noise,120,2.335721469090121e-09,126.88107659543815,5.2855489724223936e-05,0.9423414127036546,200,78.48952456748891,78.46986539213601,0.043310398858135195,78.40463618572697,78.57441294925086,1.554709119677569,1.5485180244313963,0.006550876735920409,1.541869401275165,1.5675488380799731,0.06341662590949962,0.07079897849351806,0.0028826713953850644,0.057766589974544896,0.06906666184445434,1.5399180420215566,1.5361823477436396,0.007908431442352426,1.524417516394546,1.5554185676485672,0.066440906259764,0.06957882403950286,0.003939677229630987,0.05871913888968726,0.07416267362984073,0.6124205624636387,0.606229467217466,0.006550876735920409,0.5995808440612347,0.6252602808660428,0.6123677069739145,0.6061766117277417,0.006550876735920409,0.5995279885715105,0.6252074253763186,0.612366352086392,0.6061892331422574,0.0065513492471609945,0.5995257075619564,0.6252069966108276,1.354887522401258e-06,2.5353390070257344e-06,1.5240920421954963e-05,-2.851731650463047e-05,3.122709154943298e-05
strong_low_noise,120,2.9763514416313133e-09,116.27295870467611,5.705750445861302e-05,0.942345614718389,200,73.88177338889572,73.85381011524629,0.04465445413626577,73.79425065878864,73.9692961190028,1.4809919549432649,1.472518067100656,0.005962793831734139,1.4693048790330658,1.4926790308534639,0.06746276336464511,0.07448274451238521,0.002927360378962492,0.06172513702187863,0.0732003897074116,1.4676727810247332,1.4589315435207275,0.007245088251927653,1.453472408050955,1.4818731539985115,0.07028811361498223,0.07229044022533744,0.003961733687049327,0.06252311558836555,0.07805311164159891,0.5387033977293346,0.5302295098867256,0.005962793831734139,0.5270163218191357,0.5503904736395335,0.538646340224876,0.530172452382267,0.005962793831734139,0.5269592643146771,0.5503334161350749,0.5386452512978379,0.5302171520807819,0.005962841399859311,0.5269580821541137,0.5503324204415622,1.0889270373117064e-06,8.790924492392432e-06,1.5601600264427826e-05,-2.9490209480966835e-05,3.166806355559025e-05
strong_low_noise,120,3.792690190732238e-09,105.97833332667848,6.170537019634798e-05,0.9423502625841267,200,69.18295730874928,69.15478477481435,0.04559881269830758,69.0935836358606,69.27233098163796,1.4141612527018979,1.4065928069871525,0.005424600334571866,1.403529036046137,1.4247934693576587,0.0718639940253352,0.07687408749448854,0.0029726026632705066,0.06603769280532501,0.0776902952453454,1.4022213812394733,1.391747198695626,0.00664350548530248,1.3892001104882805,1.415242651990666,0.07451624260904302,0.0770221154916424,0.003984372418679834,0.06670687266843055,0.0823256125496555,0.4718726954879675,0.46430424977322216,0.005424600334571866,0.46124047883220665,0.48250491214372837,0.47181099011777117,0.4642425444030258,0.005424600334571866,0.4611787734620103,0.48244320677353203,0.47180979681715557,0.4641841170228129,0.005424132521063858,0.4611784970758704,0.48244109655844075,1.1933006148733776e-06,3.570235476640692e-06,1.579032237594341e-05,-2.975573124197571e-05,3.214233247172247e-05
strong_low_noise,120,4.832930238571752e-09,96.09012929401715,6.669936936162107e-05,0.942355256583292,200,64.44244475144414,64.41190573910791,0.04613382445486114,64.35202245551261,64.53286704737567,1.3540467404310272,1.3472192601355113,0.004932576001649899,1.3443788914677934,1.363714589394261,0.07662771330796446,0.0813546519870263,0.0030176582908059742,0.07071310305798476,0.08254232355794416,1.3433929682740595,1.3364553897364857,0.0060998521857957705,1.3314372579898999,1.3553486785582192,0.07913902791853811,0.08240468229758108,0.004008269636414893,0.07128281943116492,0.0869952364059113,0.41175818321709684,0.40493070292158095,0.004932576001649899,0.40209033425386304,0.42142603218033065,0.41169148384773524,0.4048640035522193,0.004932576001649899,0.40202363488450144,0.42135933281096905,0.4116896570968119,0.40480861828176473,0.004931531095389238,0.402023856149849,0.4213554580437748,1.8267509232382532e-06,-9.930533096767645e-06,1.5878054499321725e-05,-2.929423589543233e-05,3.294773774190884e-05
strong_low_noise,120,6.158482110660254e-09,86.68230537794,7.191552375973576e-05,0.9423604727376901,200,59.70892338225034,59.69339201803324,0.04625730139534481,59.61825907151547,59.79958769298521,1.3003262308834647,1.296647369464471,0.004483359560202482,1.2915388461454678,1.3091136156214616,0.08175993448021561,0.08763352812796277,0.003061949272037797,0.07575851390702153,0.08776135505340969,1.2908635226357006,1.2823839184904662,0.00560900588337609,1.2798698711042835,1.3018571741671177,0.08416614795710861,0.0882422416051865,0.004034298590892285,0.07625892271895973,0.09207337319525749,0.35803767366953443,0.35435881225054056,0.004483359560202483,0.3492502889315376,0.36682505840753127,0.35796575814577464,0.3542868967267808,0.004483359560202483,0.3491783734077778,0.3667531428837715,0.3579625785769076,0.35409321747215994,0.004481700225775896,0.34917844613438687,0.36674671101942835,3.1795688667895854e-06,-5.96949365938106e-06,1.5987352254492595e-05,-2.81556415520159e-05,3.451477928559507e-05
strong_low_noise,120,7.847599703514623e-09,77.81072833796223,7.72247380621538e-05,0.9423657819519925,200,55.02911112538699,55.00880154254062,0.04597470869968589,54.939000696335604,55.119221554438376,1.2525827243282506,1.2470587051636135,0.004073713496206084,1.2445982458756866,1.2605672027808146,0.08726442483790525,0.09463147232924604,0.003105061252804082,0.08117850478240925,0.09335034489340126,1.244212933755251,1.234551722450162,0.005165123792967065,1.2340892911210355,1.2543365763894665,0.0896022286691396,0.09314856800149438,0.00406331061561568,0.08163813986253286,0.09756631747574633,0.3102941671143201,0.30477014794968316,0.004073713496206084,0.30230968866175617,0.31827864556688407,0.31021694237625796,0.304692923211621,0.004073713496206084,0.302232463923694,0.3182014208288219,0.31021146988818926,0.3046065821678642,0.004071411719429823,0.3022315029181068,0.3181914368582717,5.47248806903418e-06,-4.260150826726651e-06,1.629519596410065e-05,-2.6466096020603097e-05,3.741107215867146e-05
strong_low_noise,120,1e-08,69.51460739770063,8.251645012032072e-05,0.9423710736640507,200,50.44663617426344,50.44585831585085,0.04529979039433222,50.35784858509055,50.53542376343633,1.2103512003099064,1.2030129174899704,0.003700640581247811,1.2030979447706607,1.2176044558491521,0.09314126121273843,0.10183717846816512,0.0031466702451861837,0.08697378753217351,0.09930873489330334,1.2029725429522227,1.195904202237426,0.004762411750894733,1.193638215920469,1.2123068699839763,0.09544578190115136,0.10052371677559704,0.004095877816070567,0.08741786138165304,0.10347370242064967,0.2680626430959761,0.26072436027603996,0.003700640581247811,0.2608093875567304,0.2753158986352218,0.2679801266458557,0.2606418438259196,0.003700640581247811,0.26072687110660997,0.2752333821851014,0.2679711746049039,0.26053610938965654,0.003697655672658126,0.26072376948649395,0.2752185797233138,8.952040951731696e-06,6.220519053126237e-06,1.7023731952539984e-05,-2.441447367524667e-05,4.231855557871006e-05
strong_low_noise,120,1.274274985703132e-08,61.81804615092294,8.772344311763769e-05,0.9423762806570479,200,46.001105748202136,45.99060357572088,0.044254992951123485,45.91436596201793,46.08784553438634,1.1731543921650687,1.1669829692672307,0.003361735674956839,1.1665653902421533,1.179743394087984,0.09938478525295359,0.10912308487191619,0.0031864165959997687,0.09313940872479405,0.10563016178111313,1.1666621646191837,1.1615725705321411,0.004395844975911788,1.1580463084663966,1.1752780207719709,0.10168784333625737,0.10420495055383157,0.004132080893957243,0.09358896478410117,0.10978672188841357,0.23086583495113833,0.22469441205330032,0.003361735674956839,0.22427683302822293,0.23745483687405372,0.23077811150802074,0.22460668861018274,0.003361735674956839,0.22418910958510535,0.23736711343093614,0.2307642244289385,0.2245975601366233,0.0033579908558163192,0.22418256235153852,0.2373458865063385,1.3887079082281897e-05,1.287817361322343e-05,1.8414475862425253e-05,-2.22052936080716e-05,4.99794517726354e-05
strong_low_noise,120,1.623776739188721e-08,54.73154831810623,9.284633089087085e-05,0.9423814035448213,200,41.727386836191926,41.71710251606616,0.04287109796755006,41.64335948417553,41.811414188208325,1.1405278895123838,1.1367945025859176,0.0030554533703574882,1.1345392009064832,1.1465165781182844,0.10598096713067234,0.11692127776659135,0.003223777025982061,0.09966236415974751,0.11229957010159718,1.1348165065591806,1.131409671809532,0.0040615950864832315,1.1268557801896735,1.1427772329286878,0.10831000021491946,0.11213636570312421,0.004171398543392836,0.1001340590698695,0.11648594135996942,0.19823933229845353,0.1945059453719873,0.0030554533703574882,0.19225064369255285,0.2042280209043542,0.1981464859675626,0.19441309904109638,0.0030554533703574882,0.19215779736166191,0.20413517457346328,0.19812591499163498,0.19423674283823253,0.0030508154761813,0.19214631665831963,0.20410551332495033,2.057097592773313e-05,2.7545690912663414e-05,2.0695218355969696e-05,-1.9991652049967475e-05,6.113360390543373e-05
strong_low_noise,120,2.0691380811147902e-08,48.25357118960106,9.79795027331587e-05,0.9423865367166635,200,37.65511810868835,37.647921328746776,0.041185815802033586,37.57439390971636,37.735842307660334,1.1120354260879224,1.1080456088311585,0.002781034557002846,1.1065845983561968,1.117486253819648,0.11290419522343852,0.12305782015250957,0.003257992845359461,0.10651852924653397,0.11928986120034306,1.1070014429018373,1.104551406996762,0.0037570611413843915,1.099637603064724,1.1143652827389507,0.11528158962543994,0.12105586695164619,0.0042126994240055515,0.10702469875438905,0.12353848049649083,0.1697468688739923,0.1657570516172281,0.002781034557002846,0.1642960411422667,0.17519769660571788,0.16964888937125913,0.16565907211449493,0.002781034557002846,0.16419806163953354,0.17509971710298472,0.16961955789792782,0.16575542373754198,0.002775298545441416,0.16417997274886265,0.175059143046993,2.9331473331330478e-05,4.3240532371303196e-05,2.406413530079445e-05,-1.783423185822664e-05,7.64971785208876e-05
strong_low_noise,120,2.6366508987303555e-08,42.37229886364001,0.00010334403728871205,0.9423919012512191,200,33.80845434830926,33.80095807999326,0.03924159598638909,33.73154082017594,33.88536787644259,1.0872755439628359,1.0838020237100168,0.0025380724581887627,1.0823009219447859,1.0922501659808859,0.12011361566011079,0.13222807852068724,0.0032880912027943043,0.11366895690263396,0.12655827441758763,1.0828210645735907,1.0804560896598832,0.003480578498089634,1.075999130717335,1.0896429984298464,0.12255618716462502,0.1293832905293772,0.004254301914856263,0.11421775541150675,0.1308946189177433,0.14498698674890545,0.14151346649608643,0.0025380724581887627,0.1400123647308555,0.1499616087669554,0.14488364271161672,0.1414101224587977,0.0025380724581887627,0.13990902069356675,0.14985826472966668,0.1448430955050234,0.141611021653066,0.002530949374666703,0.13988243473067666,0.14980375627937012,4.054720659323394e-05,3.4018331766684585e-05,2.8705476859285485e-05,-1.5715528050965612e-05,9.680994123743348e-05
strong_low_noise,120,3.3598182862837814e-08,37.067673861454125,0.00010933683822361706,0.942397894052154,200,30.206016045937954,30.204755795648822,0.03708334369251256,30.13333269230063,30.278699399575277,1.0658813249023842,1.0626879455533398,0.0023259297369982853,1.0613225026178676,1.0704401471869007,0.12754944457728645,0.13911208794888258,0.0033129963175757772,0.12105597179483793,0.13404291735973498,1.0619171281677813,1.0601612657525146,0.003230988620732644,1.0555843904711453,1.0682498658644173,0.13006802943943627,0.13710918769574004,0.004294080185675558,0.12165163227551218,0.13848442660336036,0.12359276768845373,0.12039938833940944,0.0023259297369982853,0.1190339454039371,0.12815158997297038,0.12348343085023006,0.12029005150118577,0.0023259297369982853,0.11892460856571342,0.1280422531347467,0.12342876252911966,0.11977545115112573,0.0023170345918148635,0.11888737472916253,0.1279701503290768,5.466832111045176e-05,3.321370846921019e-05,3.4823504422174666e-05,-1.3585747557010584e-05,0.0001229223897779141
strong_low_noise,120,4.281332398719396e-08,32.313504288040306,0.00011660930478125942,0.9424051665187116,200,26.860991014302595,26.85568694332899,0.03475681175079452,26.79286766327104,26.92911436533415,1.0475156198209619,1.0433372347876926,0.0021433020427168393,1.0433147478172369,1.0517164918246868,0.13513009435330897,0.1460537522581722,0.003331688861812009,0.12859998418415744,0.1416602045224605,1.0439634523104184,1.0425125231735382,0.0030072605778244626,1.0380692215778824,1.0498576830429545,0.13772945595883582,0.14596792521700291,0.004329631573241184,0.1292433780752831,0.14621553384238853,0.10522706260703138,0.10104867757376224,0.0021433020427168393,0.10102619060330638,0.10942793461075638,0.10511045330225009,0.10093206826898093,0.0021433020427168393,0.10090958129852509,0.1093113253059751,0.10503821463047164,0.10141457497628839,0.002132137015242958,0.10085922608059544,0.10921720318034783,7.22386717785382e-05,6.996666583820708e-05,4.267317219669328e-05,-1.1400745726980634e-05,0.00015587808928405704
strong_low_noise,120,5.4555947811685146e-08,28.079341266948934,0.00012619394739685208,0.9424147511613272,200,23.781329573104657,23.79486680007941,0.03230801697766873,23.718005859828427,23.844653286380886,1.0318648178411238,1.0283825994782752,0.0019881250275286737,1.0279680927871677,1.03576154289508,0.14275123470829132,0.15432449319830932,0.003343352393795243,0.13619826401645263,0.14930420540013,1.0286585475999324,1.026526104858564,0.0028082801922591797,1.0231543184231044,1.0341627767767603,0.14543050420230144,0.15293458517487363,0.004358527143890423,0.1368877910002762,0.15397321740432668,0.08957626062719332,0.0860940422643447,0.0019881250275286737,0.08567953557323711,0.09347298568114952,0.08945006667979644,0.08596784831694781,0.0019881250275286737,0.08555334162584023,0.09334679173375264,0.08935614860334598,0.08632632619067547,0.001974054032551548,0.08548700269954494,0.09322529450714702,9.391807645041699e-05,6.694440476656728e-05,5.2578644832690354e-05,-9.136067421656096e-06,0.00019697222032249008
strong_low_noise,120,6.951927961775605e-08,24.331901394839903,0.0001397042477504079,0.9424282614616808,200,20.969997676231625,20.979327380348714,0.02978330448092422,20.911622399449012,21.028372953014237,1.0186340611793454,1.0145965265802261,0.001857812902744952,1.0149927478899654,1.0222753744687254,0.15028776897774496,0.16306309271917863,0.003347462396934804,0.14372674267975274,0.15684879527573717,1.015719666776314,1.0137145498626152,0.0026328116254209872,1.0105593559904889,1.020879977562139,0.1530413462451013,0.16083192949061567,0.00437863500179127,0.14445922164159042,0.16162347084861217,0.07634550396541516,0.07230796936629569,0.001857812902744952,0.07270419067603505,0.07998681725479527,0.07620579971766471,0.07216826511854524,0.001857812902744952,0.0725644864282846,0.07984711300704482,0.07608529613055856,0.07262569491202897,0.0018400263454204815,0.07247884449353442,0.0796917477675827,0.0001205035871061657,6.757507999174648e-05,6.494106328164261e-05,-6.780896925853819e-06,0.0002477880711381852
strong_low_noise,120,8.858667904100815e-08,21.036030410013645,0.000159642179121032,0.9424481993930514,200,18.425290811831257,18.439161395840948,0.02722916660448528,18.371921645286466,18.478659978376047,1.007545598581309,1.0030508951428398,0.0017496326041709573,1.004116318677134,1.0109748784854842,0.15759905354329248,0.17148393463871142,0.003343833076873219,0.15104514071262098,0.16415296637396398,1.0048801981690274,1.0023512923399134,0.002479543987867063,1.000020291952808,1.0097401043852468,0.16041752373236526,0.1687162920721793,0.0043884762648930395,0.1518161102531749,0.16901893721155561,0.06525704136737868,0.06076233792890939,0.0017496326041709573,0.06182776146320361,0.06868632127155376,0.06509739918825767,0.06060269574978838,0.0017496326041709573,0.0616681192840826,0.06852667909243275,0.06494445178691248,0.060984637304648856,0.0017271052830394947,0.061559325432155074,0.06832957814166989,0.00015294740134518792,7.123466130673363e-05,8.023786936317238e-05,-4.31882260662993e-06,0.00031021362529700574
strong_low_noise,120,1.1288378916846883e-07,18.15539710047631,0.00018985869251892523,0.9424784159064493,200,16.14123801353893,16.157340608065873,0.024691074281422695,16.092843507947343,16.18963251913052,0.9983400698542119,0.9932767823131349,0.0016609776089784604,0.9950845537406141,1.0015955859678096,0.16453674693987405,0.17806510752264387,0.0033327011186410865,0.15800465274733752,0.17106884113241058,0.9958903258456402,0.9934663725447548,0.0023471104284400295,0.9912899894058977,1.0004906622853826,0.16740730428618877,0.17556984608304665,0.004387569234055324,0.15880766858744033,0.17600693998493722,0.05605151264028148,0.05098822509920453,0.0016609776089784604,0.052795996526683694,0.05930702875387926,0.055861653947762505,0.05079836640668556,0.0016609776089784604,0.05260613783416472,0.05911717006136029,0.0556692889006297,0.050674515801368905,0.0016324256661748061,0.05246973459492708,0.05886884320633232,0.00019236504713284413,7.007325362299053e-05,9.901248885780713e-05,-1.6994310284578515e-06,0.0003864295252941461
strong_low_noise,120,1.438449888287663e-07,15.653137047933015,0.0002362226896743605,0.9425247799036047,200,14.108117618754475,14.122859660778271,0.022211369879396033,14.064583333790859,14.151651903718092,0.9907789465283259,0.9847316272934743,0.0015894252477434993,0.9876636730427486,0.9938942200139032,0.1709539522969278,0.1837560311110813,0.0033149069703178498,0.16445673463510482,0.1774511699587508,0.988519210846035,0.986181049372088,0.002234020952728082,0.9841405297786879,0.9928978919133821,0.17386025995131157,0.18324824447482324,0.00437670533008393,0.16528191750434706,0.18243860239827608,0.04849038931439553,0.04244307007954401,0.0015894252477434993,0.04537511582881827,0.05160566279997279,0.04825416662472115,0.04220684738986963,0.0015894252477434993,0.04513889313914389,0.05136944011029841,0.04801414576442471,0.042733197183919165,0.0015532677649468076,0.04496974094512897,0.051058550583720455,0.0002400208602964039,0.00011922002587036039,0.00012184940850837706,1.1960196199848835e-06,0.00047884570097282296
strong_low_noise,120,1.8329807108324338e-07,13.492542019275113,0.00030755731153178645,0.9425961145254621,200,12.313068012274826,12.32942153219851,0.019827113396498567,12.27420687001769,12.351929154531962,0.9846460830376118,0.9792070734646253,0.001532637336166794,0.9816421138587249,0.9876500522164987,0.1767142923090451,0.18957990715226108,0.0032921075376265273,0.1702617615352971,0.18316682308279308,0.9825566027224539,0.9806867691904748,0.0021385404684785654,0.9783650634042359,0.986748142040672,0.17963633168071097,0.18798162909594623,0.004358053919376158,0.1710945459987337,0.18817811736268825,0.04235752582368144,0.03691851625069498,0.001532637336166794,0.03935355664479453,0.04536149500256836,0.042049968512149684,0.03661095893916322,0.001532637336166794,0.03904599933326277,0.0450539376910366,0.041752698907678784,0.0360182307391378,0.001486966121294322,0.03883824530994191,0.044667152505415655,0.0002972696044709085,0.00013339384819605792,0.0001493270904426869,4.588507203242165e-06,0.0005899507017385749
strong_low_noise,120,2.3357214690901212e-07,11.637737050362711,0.00041688650307709907,0.9427054437170075,200,10.740737206543788,10.753881374147364,0.017568960135819215,10.706302044677582,10.775172368409994,0.9797474837892501,0.9738900797773362,0.0014882579196437244,0.9768304982667484,0.9826644693117519,0.1817001134799572,0.19493712095896276,0.0032668468093420204,0.17529709373364685,0.18810313322626757,0.9778128954478293,0.9763721677365,0.002058599346964263,0.9737780407277794,0.9818477501678793,0.18461477922812314,0.1925782541748459,0.004334965041079966,0.1761182477476064,0.19311131070863988,0.03745892657531982,0.031601522563405815,0.0014882579196437244,0.034541941052818124,0.04037591209782152,0.03704204007224268,0.031184636060328674,0.0014882579196437244,0.034125054549740984,0.03995902559474438,0.0366766143508138,0.031104257445185565,0.0014308206806591904,0.03387220581672178,0.03948102288490581,0.0003654257214289293,0.00014286765614453028,0.00018194027320610163,8.822785944970094e-06,0.0007220286569128884
strong_low_noise,120,2.976351441631313e-07,10.054225560643511,0.0005829798403707356,0.942871537054301,200,9.373907085952645,9.386654518844818,0.01546147555511077,9.343602593864627,9.404211578040663,0.97591005726975,0.9703604562403652,0.0014539160826194844,0.9730603817478158,0.9787597327916842,0.1858193516721011,0.19911595137376206,0.0032423674310920084,0.17946431150716075,0.19217439183704144,0.9741182806054166,0.9722233951955952,0.001991804108533781,0.9702143445526904,0.9780222166581428,0.188702093896036,0.19550984199838983,0.004311428534248524,0.18025169396890892,0.1971524938231631,0.03362150005581959,0.02807189902643481,0.0014539160826194844,0.0307718245338854,0.03647117557775378,0.03303852021544889,0.02748891918606411,0.0014539160826194844,0.0301888446935147,0.035888195737383076,0.03259299107641211,0.027382913940647253,0.0013821288942748276,0.029884018443633444,0.03530196370919077,0.0004455291390367108,0.0002307379676902961,0.00021998486452398102,1.4358804569708017e-05,0.0008766994735037135
strong_low_noise,120,3.792690190732246e-07,8.709237375402362,0.0008320636053589306,0.9431206208192893,200,8.194058741962019,8.210377307982732,0.013524290724340617,8.16755113214231,8.220566351781727,0.9729810298465297,0.9673782309349597,0.0014273186065147643,0.9701834853777608,0.9757785743152986,0.18901013865501448,0.20264597290047975,0.0032222226766965853,0.18269458220868917,0.1953256951013398,0.9713225450902218,0.9703793507199688,0.0019355441471987634,0.9675288785617122,0.9751162116187313,0.19183724424590287,0.1967586716509241,0.004291347313230617,0.18342620351197086,0.20024828497983488,0.0306924726325994,0.025089673721029382,0.0014273186065147647,0.02789492816383046,0.033490017101368334,0.029860409027240475,0.024257610115670458,0.0014273186065147647,0.027062864558471535,0.03265795349600941,0.02932242441201362,0.024481582262075287,0.001338342278966442,0.026699273545239394,0.031945575278787844,0.0005379846152268725,0.00020164106368943823,0.00026340455293665486,2.1711691471028977e-05,0.001054257538982716
strong_low_noise,120,4.832930238571752e-07,7.571915714296506,0.0011993592469317776,0.9434879164608622,200,7.181890637744591,7.195924008333197,0.011772972397853179,7.1588156118447985,7.204965663644383,0.9708291631562866,0.9649613086977624,0.0014063304053547865,0.9680727555617913,0.973585570750782,0.19124155307831042,0.20493754686851823,0.003209850557680336,0.18495024598525697,0.19753286017136387,0.9692965538075504,0.9679920499091286,0.0018871293273000093,0.9655977803260424,0.9729953272890585,0.19399226556413662,0.19964300824337816,0.004277912293833837,0.1856075574682223,0.20237697366005095,0.028540605942356252,0.02267275148383202,0.0014063304053547865,0.02578419834786087,0.03129701353685163,0.027341246695424433,0.0214733922369002,0.0014063304053547865,0.02458483910092905,0.030097654289919815,0.026699169105814713,0.022129576559755358,0.0012972615186882253,0.02415653652918579,0.029241801682443634,0.000642077589609767,0.00038318853957192383,0.000311610758836292,3.132050229063459e-05,0.0012528346769288992
strong_low_noise,120,6.158482110660254e-07,6.6134408721159454,0.0017298239340581695,0.9440183811479885,200,6.317827236717557,6.334124943297585,0.010218777705674788,6.297798432414434,6.33785604102068,0.9693473600153902,0.9640042235789936,0.0013889516529066927,0.9666250147756931,0.9720697052550874,0.1925092391024257,0.20556794339719117,0.0032082033604975396,0.18622116051585053,0.19879731768900089,0.9679349514733263,0.9660215689570546,0.0018438873464661145,0.9643209322742528,0.9715489706723999,0.19516706707652395,0.2035704233517386,0.004273280552915245,0.18679143719281008,0.20354269696023783,0.027058802801459732,0.021715666365063224,0.001388951652906693,0.024336457561762614,0.02978114804115685,0.02532897886740155,0.01998584243100504,0.001388951652906693,0.02260663362770443,0.028051324107098666,0.024573558335927385,0.02009383976236938,0.0012571755828024835,0.02210949419363452,0.027037622478220252,0.0007554205314742012,0.0002307936516242936,0.00036330789475843016,4.333705774767801e-05,0.0014675040052007243
strong_low_noise,120,7.847599703514607e-07,5.807176045052332,0.002477179458627611,0.9447657366725579,200,5.582545330214957,5.601870423531654,0.008867251136406601,5.565165517987601,5.599925142442314,0.9684547147381619,0.9633347838242665,0.0013731848165984921,0.9657632724976288,0.971146156978695,0.19282641382280022,0.20451511236060416,0.003219424737477767,0.1865163413373438,0.19913648630825664,0.9671581551368513,0.9646675978622254,0.0018031951056040336,0.9636238927298674,0.9706924175438353,0.19537945788559807,0.20446257527491069,0.004278550383525289,0.18699349913388852,0.20376541663730763,0.0261661575242316,0.02104622661033617,0.0013731848165984926,0.023474715283698558,0.028857599764764645,0.023688978065604025,0.018569047151708595,0.0013731848165984926,0.02099753582507098,0.02638042030613707,0.022815517226978686,0.01859505707458637,0.0012168986972777333,0.02043039578031433,0.02520063867364304,0.0008734608386252873,6.352004206626469e-05,0.0004163813542023842,5.735338438861437e-05,0.0016895682928619602
strong_low_noise,120,1e-06,5.128859966545513,0.003500211694818324,0.9457887689087486,200,4.957508821031181,4.974787797955086,0.0077163352529842286,4.942384803935331,4.97263283812703,0.9680955049571675,0.9633174397649006,0.0013568774844340667,0.9654360250876767,0.9707549848266582,0.19221307793214243,0.20395327885490946,0.0032445973181751474,0.18585366718851914,0.1985724886757657,0.9669112052640193,0.9646834561831669,0.0017624792034136613,0.9634567460253285,0.9703656645027101,0.19465364803300234,0.204819287588358,0.004293900830722077,0.18623760240478707,0.2030696936612176,0.025806947743237045,0.02102888255097024,0.0013568774844340667,0.023147467873746275,0.028466427612727815,0.022306736048418756,0.01752867085615195,0.0013568774844340667,0.019647256178927985,0.024966215917909526,0.021317468856103482,0.01746115286519221,0.0011757109810985806,0.019013075333150265,0.0236218623790567,0.0009892671923152309,0.00019876515634823568,0.0004679261984003521,7.213184345054077e-05,0.001906402541179921
strong_low_noise,120,1.2742749857031322e-06,4.556809444678336,0.0048556797110469035,0.9471442369249773,200,4.425465414153252,4.440612169704645,0.006755047342004942,4.412225521362922,4.438705306943582,0.9682333823614109,0.9640272584178547,0.0013376743042065218,0.9656115407251661,0.9708552239976557,0.1906874463086123,0.20078311990983727,0.003283654217242486,0.18425148404281705,0.19712340857440758,0.9671578283633511,0.9655334405471094,0.0017192603294256862,0.9637880781176767,0.9705275786090254,0.19301146548890924,0.20210585870675235,0.00431877357900031,0.18454666927406863,0.20147626170374985,0.025944825147480453,0.021738701203924404,0.0013376743042065218,0.02332298351123567,0.028566666783725235,0.021089145436433508,0.01688302149287746,0.0013376743042065218,0.018467303800188725,0.02371098707267829,0.019995288658846925,0.016505183461967096,0.0011332363346282675,0.017774145442975522,0.022216431874718327,0.0010938567775866286,0.00021089709128130623,0.0005144925517538039,8.545137614917307e-05,0.0021022621790240843
strong_low_noise,120,1.6237767391887209e-06,4.072064965495742,0.0065882086720570505,0.9488767658859873,200,3.9708419021123906,3.9823785914129584,0.005963846353339754,3.9591527632598447,3.9825310409649366,0.9688408604587767,0.9650969821399614,0.001313186710325776,0.9662670145065382,0.9714147064110152,0.1882630252873808,0.19640195708359914,0.0033354830107200284,0.18172547858636953,0.19480057198839204,0.9678698949140866,0.9662351329504288,0.001671311639563365,0.9645941241005423,0.9711456657276308,0.19046970425273752,0.19858841412973322,0.004352029901001188,0.18193972564677519,0.19899968285869984,0.026552303244846254,0.02280842492603108,0.001313186710325776,0.02397845729260773,0.029126149197084776,0.01996409457278925,0.016220216253974074,0.001313186710325776,0.01739024862055073,0.022537940525027774,0.01878683961102356,0.015531655589234989,0.0010893001002228802,0.016651811414586715,0.020921867807460408,0.0011772549617656595,0.0002806457365613456,0.0005525804998900324,9.419718198119603e-05,0.002260312741550123
strong_low_noise,120,2.06913808111479e-06,3.658420133289792,0.008719127923436886,0.9510076851373672,200,3.57998564110153,3.587730659529588,0.00531744837556256,3.5695634422854274,3.5904078399176322,0.9698864544780799,0.966453534065048,0.001281393341748802,0.9673749235282522,0.9723979854279076,0.18495282100895555,0.19380014206915752,0.0033981334428278467,0.17829247946101298,0.19161316255689811,0.9690146752952862,0.9676704695672285,0.00161694607391028,0.965845460990422,0.9721838896001503,0.18704482668344027,0.19402274974495648,0.004392058806648723,0.17843639142240877,0.19565326194447177,0.02759789726414949,0.02416497685111768,0.001281393341748802,0.025086366314321838,0.030109428213977142,0.018878769340712618,0.015445848927680805,0.001281393341748802,0.016367238390884966,0.02139030029054027,0.017648531323325237,0.014744996962044444,0.001043811545775002,0.015602660693606232,0.01969440195304424,0.0012302380173873533,0.00043680117653730605,0.0005793273893239573,9.475633431239687e-05,0.0023657197004623098
strong_low_noise,120,2.6366508987303555e-06,3.3023092582021345,0.011237659986201316,0.9535262172001316,200,3.241232177125569,3.2480368039725995,0.0047897571465568564,3.2318442531183176,3.2506201011328204,0.9713235225996236,0.9681121711120375,0.0012411526119220481,0.9688908634802564,0.9737561817189908,0.18077963111454465,0.18963768125052702,0.003469039900165759,0.17398031291021976,0.18757894931886954,0.9705439375568287,0.9685781868412863,0.0015553596784433049,0.9674954325870798,0.9735924425265775,0.1827635446295743,0.188569545622775,0.004436856848779426,0.17406730520596664,0.19145978405318198,0.02903496538569318,0.025823613898107167,0.0012411526119220481,0.026602306266325967,0.031467624505060396,0.017797305399491883,0.014585953911905869,0.0012411526119220481,0.01536464628012467,0.020229964518859098,0.016550954954090983,0.013117455390906061,0.000996710889312244,0.014597401611038984,0.01850450829714298,0.001246350445400876,0.0003905920938764554,0.0005932168851158227,8.364535057386359e-05,0.0024090555402278883
strong_low_noise,120,3.359818286283781e-06,2.9925694575914337,0.014098092659504458,0.9563866498734348,200,2.9448189821864434,2.9510999153030784,0.004359059391916831,2.9362752257782865,2.9533627385946004,0.9730849533581428,0.9699788233741682,0.0011926065985715215,0.9707474444249427,0.975422462291343,0.17578898054122416,0.18493031926973336,0.0035452528879413732,0.16884028488085906,0.18273767620158926,0.9723889766251008,0.9706556712055278,0.0014868809699159105,0.9694746899240656,0.975303263326136,0.1776755020430534,0.18245130743237487,0.0044841406200481545,0.16888658642775903,0.1864644176583478,0.03079639614421241,0.027690266160237842,0.0011926065985715215,0.028458887211012227,0.03313390507741259,0.016698303484707955,0.013592173500733384,0.0011926065985715215,0.014360794551507773,0.019035812417908138,0.015474794869464618,0.012323572011161233,0.0009479959282743185,0.013616722850046954,0.017332866888882283,0.0012235086152433316,0.0005680639648630895,0.0005945540749929808,5.81826282570893e-05,0.0023888346022295738
strong_low_noise,120,4.281332398719387e-06,2.720127187685605,0.01722487497617823,0.9595134321901085,200,2.6826970988100753,2.688650677576469,0.004010866550976489,2.6748358003701616,2.690558397249989,0.9750858654054017,0.9718607558457406,0.0011372446301168538,0.9728568659303726,0.9773148648804307,0.1700598337082613,0.1788839578619255,0.003623714857505692,0.16295735258755015,0.17716231482897246,0.9744636572955677,0.9727653685832213,0.0014129613866817623,0.9716942529776714,0.977233061613464,0.17186321234563728,0.17694608577627738,0.004531559605970567,0.16298135551793497,0.1807450691733396,0.03279730819147125,0.029572198631810265,0.0011372446301168536,0.03056830871644222,0.035026307666500285,0.015572433215293058,0.01234732365563207,0.0011372446301168536,0.013343433740264025,0.01780143269032209,0.014407893801387009,0.011145077431549924,0.0008977983647011296,0.012648209006572795,0.016167578596201222,0.0011645394139059772,0.000747534434460535,0.0005854538090860604,1.7049948097298904e-05,0.0023120288797146555
strong_low_noise,120,5.455594781168514e-06,2.4776712838792476,0.02052446565873472,0.962813022872665,200,2.448303782589704,2.4529423373987833,0.0037367246774491604,2.4409798022219036,2.455627762957504,0.9772331344128077,0.9739822890800232,0.001077500189117302,0.9751212340421378,0.9793450347834776,0.1637085055571088,0.1712667549308307,0.0037015747934340884,0.156453418961978,0.1709635921522396,0.9766742047640136,0.9752981071522772,0.0013358160044900814,0.974056005395213,0.9792924041328142,0.16544512045495202,0.1711598633494774,0.004577027365890236,0.15647414681780716,0.17441609409209688,0.034944577198877246,0.03169373186609281,0.001077500189117302,0.032832676828207334,0.03705647756954716,0.014420111540142576,0.011169266207358142,0.001077500189117302,0.012308211169472665,0.016532011910812487,0.01334369256228067,0.010279672454397985,0.0008464372046773657,0.011684675641113034,0.015002709483448307,0.0010764189778618546,0.0008493661014602281,0.0005692183740811726,-3.9249035337243646e-05,0.002192086991060953
strong_low_noise,120,6.951927961775606e-06,2.2593614271323856,0.02389990966536011,0.9661884668792905,200,2.236346526079306,2.240733109341097,0.00352968600961109,2.2294283415004683,2.243264710658144,0.9794375924064874,0.976614138471177,0.0010159525799718436,0.9774463253497426,0.9814288594632322,0.1568833681248394,0.16386364329474834,0.003776446026974145,0.14948153391197008,0.16428520233770874,0.9789315364359967,0.9775465613374072,0.0012577712964064235,0.9764663046950401,0.9813967681769533,0.1585700081772638,0.16415672775397802,0.0046190804953518926,0.1495166104063741,0.1676234059481535,0.037149035192557085,0.03432558125724661,0.0010159525799718439,0.03515776813581227,0.0391403022493019,0.013249125527196936,0.010425671591886454,0.0010159525799718436,0.011257858470452122,0.01524039258394175,0.012280578521138542,0.009521008553810861,0.0007943714846479953,0.010723610411228471,0.013837546631048614,0.0009685470060584147,0.000934883166111367,0.0005492346645540675,-0.0001079529364675576,0.002045046948584387
strong_low_noise,120,8.858667904100815e-06,2.0605907323996413,0.027263255909956985,0.9695518131238874,200,2.042620318621233,2.0446859468533525,0.0033795543398678573,2.035996392115092,2.049244245127374,0.9816238869548201,0.9792978179932583,0.0009544267909229597,0.9797532104446111,0.9834945634650291,0.1497512233844252,0.15647458698598857,0.00384644613964961,0.14221218895071197,0.15729025781813843,0.9811611108252274,0.9801946815297942,0.001180540578576292,0.9788472512912179,0.9834749703592369,0.1514039358945207,0.1576013588389148,0.004657060230832286,0.14227609784208942,0.16053177394695198,0.03933532974088972,0.037009260779328035,0.0009544267909229597,0.03746465323068072,0.04120600625109872,0.012072073830932678,0.009746004869370994,0.0009544267909229597,0.010201397320723676,0.01394275034114168,0.011221314873971697,0.008261687037697724,0.0007420274821473527,0.009766941008962885,0.012675688738980508,0.0008507589569610457,0.0007663652843070007,0.0005278277492767223,-0.00018378343162133,0.0018853013455434214
strong_low_noise,120,1.1288378916846883e-05,1.8777910814794638,0.03054251668727,0.9728310739012004,200,1.863851794087739,1.8664102960497368,0.003271492135294751,1.8574396695025612,1.8702639186729169,0.9837347135062399,0.9810079227416146,0.0008934115524856408,0.981983626863368,0.9854858001491117,0.14247926185235948,0.1489621724853118,0.00390993264239899,0.13481579387325746,0.1501427298314615,0.9833070291517455,0.9819976348817756,0.0011047384422598417,0.9811417418049162,0.9854723164985748,0.1441133374777567,0.15096216213121538,0.004690927412993651,0.13491911974828916,0.15330755520722425,0.0414461562923095,0.03871936552768429,0.000893411552485641,0.03969506964943764,0.04319724293518136,0.01090363960503946,0.008176848840414253,0.000893411552485641,0.009152552962167604,0.012654726247911315,0.0101718955102407,0.0074150101373784295,0.000689568254329117,0.00882034173175563,0.01152344928872577,0.0007317440947987967,0.0003962783867990081,0.0005056605195577143,-0.0002593505235343233,0.0017228387131319168
strong_low_noise,120,1.43844988828766e-05,1.7082563105492263,0.03368279173763309,0.9759713489515635,200,1.697551024559509,1.7005702863543082,0.0031890354744278484,1.6913005150296303,1.7038015340893875,0.9857293245852239,0.9832805670843819,0.0008321120059496874,0.9840983850535625,0.9873602641168853,0.1352182360674854,0.1426356448806495,0.003965097629709185,0.1274466447132554,0.1429898274217154,0.9853303355013964,0.984312166724497,0.0010298743092329527,0.9833117818552998,0.987348889147493,0.1368491589041742,0.14329747323030145,0.004720758803697291,0.1275964716489275,0.1461018461594209,0.04344076737129367,0.040992009870451596,0.0008321120059496874,0.04180982783963228,0.045071706902955054,0.009757975633660551,0.007309218132818485,0.0008321120059496874,0.008127036101999163,0.01138891516532194,0.009139778290692607,0.0064514558180545295,0.0006367462610958225,0.007891755618944795,0.010387800962440418,0.0006181973429679663,0.0005543529606378311,0.0004820183956145724,-0.0003265587124365956,0.0015629533983725283
strong_low_noise,120,1.8329807108324338e-05,1.5499669395977995,0.0366436545620701,0.9789322117760004,200,1.5418589673038177,1.544195495668466,0.0031190058745064,1.5357457157897851,1.5479722188178502,0.9875789629589279,0.9854112290222691,0.0007691146699844596,0.9860714982057583,0.9890864277120974,0.12809209005800176,0.13583959568221343,0.0040097938384702665,0.12023289413460003,0.1359512859814035,0.98720421078334,0.9862415014948274,0.0009548292148560584,0.985332745522222,0.9890756760444579,0.1297366802097358,0.13591974703951998,0.004746261417700612,0.1204340078310426,0.139039352588429,0.045290405744997535,0.04312267180833873,0.0007691146699844596,0.043782940991827994,0.046797870498167075,0.008646751182927454,0.006479017246268648,0.0007691146699844596,0.007139286429757913,0.010154215936096994,0.008132102012900946,0.005702271002651497,0.0005829657361191628,0.006989489170107387,0.009274714855694505,0.0005146491700264946,0.0004126243571927333,0.0004557451632070085,-0.000378611349859242,0.0014079096899122312
strong_low_noise,120,2.3357214690901213e-05,1.4014220498695682,0.0393957093747827,0.981684266588713,200,1.3953978845082051,1.3980132098387315,0.003054614360907303,1.3894108403608267,1.4013849286555835,0.9892627081563896,0.987227872177858,0.0007032956504713919,0.9878842486814657,0.9906411676313135,0.12119653756248322,0.1261868851792755,0.004041853369595283,0.11327450495807646,0.12911857016688996,0.9889095933227452,0.987699917240895,0.0008785621806521165,0.9871876114486671,0.9906315751968233,0.12287343615148959,0.1296722144428365,0.004766658822811501,0.11353078485877904,0.13221608744420013,0.04697415094245915,0.04493931496392761,0.0007032956504713919,0.045595691467535227,0.04835261041738308,0.007578441567676506,0.005543605589144962,0.0007032956504713918,0.006199982092752578,0.008956901042600433,0.007154739603660409,0.004790059291534345,0.0005275693440096893,0.006120703689401418,0.0081887755179194,0.0004237019640160552,0.0003032358911915974,0.00042620533803947177,-0.00041166049854130947,0.0012590644265734199
strong_low_noise,120,2.976351441631313e-05,1.2615020528390948,0.04191835734034953,0.9842069145542799,200,1.2571479175258333,1.2582591654271598,0.002994769290996922,1.2512781697154793,1.2630176653361873,0.9907659969048882,0.989231007981731,0.0006345185959267518,0.9895223404568718,0.9920096533529046,0.11460503995123117,0.11932444016968638,0.00405978801310085,0.1066478554455535,0.12256222445690884,0.990433517943043,0.9895674824604507,0.000800701237559296,0.9888641435174268,0.9920028923686592,0.11633404231946587,0.1204704289721079,0.004781003477541158,0.1069632755034852,0.12570480913544654,0.04847743969095799,0.046942450767800736,0.0006345185959267518,0.04723378324294156,0.04972109613897442,0.006559082350608442,0.005024093427451193,0.0006345185959267518,0.0053154259025920084,0.007802738798624876,0.0062126826072754085,0.00386013902423851,0.0004702290493792141,0.0052910336704921485,0.007134331544058669,0.0003463997433330519,0.00028902757019893155,0.00039376602331863905,-0.0004253816623714806,0.0011181811490375843
strong_low_noise,120,3.792690190732246e-05,1.129386434272404,0.04419919853956761,0.9864877557534979,200,1.126372762198627,1.1274490938097566,0.0029402022559678934,1.12060996577693,1.1321355586203241,0.9920818325998898,0.9906299930623859,0.0005638648706584248,0.9909766574533992,0.9931870077463804,0.10837755634149397,0.11219282224455122,0.0040634693350614535,0.10041315644477353,0.11634195623821442,0.9917702041318991,0.9910922277834566,0.0007217929640684187,0.990355489922325,0.9931849183414732,0.1101778204738219,0.11076034785257166,0.004788661909263202,0.10079204313166602,0.11956359781597777,0.04979327538595955,0.04834143584845546,0.0005638648706584248,0.04868810023946903,0.05089845053245006,0.005594076846392002,0.004142237308887908,0.0005638648706584248,0.00448890169990149,0.006699251992882515,0.005311496547014215,0.0032756397291791714,0.00041126253586479993,0.004505421976719207,0.006117571117309223,0.00028258029937773673,0.00015434504818026546,0.0003596892592899397,-0.00042241064883054497,0.0009875712475860185
strong_low_noise,120,4.8329302385717524e-05,1.0045314359469182,0.04623425037702535,0.9885228075909557,200,1.0025995153734697,1.0014491205486091,0.002888874702563778,0.9969373209564447,1.0082617097904947,0.9932129030844845,0.9919146499179237,0.0004934030963347902,0.9922458330156684,0.9941799731533006,0.10256700656424556,0.10384958599089747,0.004054386379879531,0.09462040925968168,0.11051360386880943,0.9929231138883623,0.9924233073342272,0.0006431860384859805,0.9916624692529298,0.9941837585237948,0.10445468550108337,0.10646671492132906,0.004789661090207069,0.09506694976427751,0.11384242123788924,0.05092434587055405,0.04962609270399332,0.0004934030963347902,0.04995727580173786,0.05189141593937024,0.004690095493528721,0.0033918423269679865,0.0004934030963347902,0.0037230254247125325,0.00565716556234491,0.0044589134214056214,0.0027839189843532125,0.00035174153006076414,0.0037695000224865238,0.0051483268203247196,0.00023118207212306948,0.0002477648074883237,0.00032563405199991066,-0.0004070606697967554,0.0008694248140428943
strong_low_noise,120,6.158482110660255e-05,0.8866854044740867,0.04802785282632378,0.9903164100402542,200,0.8856324844827128,0.883525016421715,0.002833490618298664,0.8800788428708475,0.8911861260945781,0.9941724104632211,0.9930076972779522,0.00042566278327698737,0.9933381114079982,0.995006709518444,0.09722058257113286,0.09822693232919297,0.004035335221332233,0.08931132553732168,0.10512983960494404,0.9939057762763812,0.9933826419378787,0.0005666683879657306,0.9927951062359683,0.9950164463167941,0.09920675211716158,0.10340633628558404,0.004784745237752321,0.08982865145116703,0.10858485278315613,0.05188385324929076,0.050719140064021895,0.00042566278327698737,0.05104955419406787,0.052718152304513655,0.003856000422966928,0.00269128723769807,0.00042566278327698737,0.003021701367744033,0.004690299478189823,0.0036654664530653336,0.0022744299757668073,0.0002933566167334632,0.0030904874842677455,0.004240445421862921,0.00019053396990163516,0.0002087653888650622,0.0002930678688757466,-0.0003838790530948283,0.0007649469928980986
strong_low_noise,120,7.847599703514606e-05,0.7759008110672175,0.04959160465759471,0.9918801618715251,200,0.7755632532162899,0.7732273830694747,0.0027625602937322038,0.7701486350405748,0.780977871392005,0.9949823441892414,0.9941698966019668,0.0003630140453455463,0.9942708366603641,0.9956938517181186,0.09237638343357121,0.09128678781823973,0.0040097266069256425,0.08451731928399696,0.10023544758314547,0.9947401016721277,0.994381811087009,0.0004940256586942785,0.9937718113810868,0.9957083919631685,0.0944660118277665,0.09849932883363313,0.004775190646860723,0.08510663815991948,0.10382538549561351,0.05269378697531106,0.05188133938803646,0.0003630140453455463,0.05198227944643379,0.05340529450418833,0.003102182317716351,0.0022897347304417504,0.0003630140453455463,0.00239067478883908,0.0038136898465936215,0.0029435335130528206,0.0017901791878033426,0.0002380940405851518,0.002476869193505923,0.003410197832599718,0.00015864880466353454,0.00027652904542774205,0.00026284838722461564,-0.0003565340342967121,0.0006738316436237812
strong_low_noise,120,0.0001,0.6725033669342569,0.05094239220652001,0.9932309494204503,200,0.6727403646371947,0.6713256624446837,0.0026641820900000983,0.6675185677407944,0.6779621615335949,0.9956694387713756,0.9948069799276964,0.0003071390726267257,0.9950674461890272,0.996271431353724,0.0880582501331282,0.08612341237659321,0.003980862978697941,0.08025575869488023,0.09586074157137615,0.9954524195709539,0.9951937862743647,0.00042667319081037154,0.9946161401169655,0.9962886990249422,0.09025043005460116,0.09348925323086194,0.004762517160557452,0.08091589641990855,0.09958496368929377,0.05338088155744524,0.052518422713766,0.0003071390726267257,0.05277888897509686,0.05398287413979362,0.0024384893509252687,0.001576030507246029,0.00030713907262672565,0.0018364967685768866,0.003040481933273651,0.002304980943808369,0.0013941346566782478,0.00018783510200293701,0.0019368241438826124,0.0026731377437341254,0.00013350840711685884,0.0001440629464504928,0.00023512410950790968,-0.0003273348475186441,0.0005943516617523618
strong_low_noise,120,0.0001274274985703132,0.5770003387111425,0.052100056442899806,0.9943886136568302,200,0.5776818537765662,0.5754579681678276,0.002530266006088723,0.5727225324046323,0.5826411751485001,0.9962602431935101,0.9954696664864516,0.00025874635152187657,0.9957531003445272,0.996767386042493,0.08427193031877665,0.08269198127125574,0.0039514479382140475,0.07652709235987712,0.09201676827767619,0.996068657734312,0.9959624456195603,0.000365462682616303,0.995352350876384,0.99678496459224,0.08656105444578416,0.08721065086117427,0.004748213757627907,0.07725455548083346,0.09586755341073486,0.05397168597957983,0.05318110927252129,0.00025874635152187657,0.05346454313059695,0.05447882882856271,0.0018716295366799974,0.0010810528296214539,0.00025874635152187657,0.0013644866876971193,0.0023787723856628753,0.0017583256817673666,0.0010742118132245752,0.0001440019065901527,0.0014760819448506673,0.0020405694186840656,0.00011330385491265125,-7.370760878230058e-05,0.00020954231073876613,-0.00029739907413533036,0.0005240067839606329
strong_low_noise,120,0.00016237767391887175,0.4899408480802734,0.053085318279580504,0.9953738754935109,200,0.49094225885878456,0.4892882526187453,0.0023591628758019814,0.4863182996222127,0.49556621809535645,0.9967770316711474,0.9961840206254755,0.00021760570556352208,0.9963505244882429,0.9972035388540519,0.08100430518720236,0.07936427178535685,0.003923394922097885,0.0733144511398905,0.08869415923451422,0.9966103774323247,0.996660210789579,0.00031068745395258193,0.9960014300225777,0.9972193248420718,0.08338163855755891,0.0822289504179102,0.00473354203605513,0.07410389616689085,0.09265938094822697,0.05448847445721714,0.05389546341154511,0.00021760570556352208,0.05406196727431264,0.054914981640121645,0.001403156177636628,0.0008101451319645903,0.00021760570556352208,0.000976648994732125,0.0018296633605411313,0.001306564063852743,0.0007975954881343933,0.00010734524483994958,0.0010961673839664419,0.0015169607437390442,9.659211378389902e-05,-4.3080813508234356e-05,0.00018560238612242057,-0.00026718856301604526,0.0004603727905838433
strong_low_noise,120,0.00020691380811147902,0.4117645536368164,0.05391834427435395,0.9962069014882843,200,0.41296790570775554,0.41124879865645103,0.002155909250094828,0.4087423235775697,0.4171934878379414,0.9972357080007285,0.9966612938184689,0.00018285589014126497,0.9968773104560515,0.9975941055454054,0.07822569516893038,0.0767614581335137,0.003897862789518558,0.07058588410147401,0.08586550623638675,0.9970927967210949,0.9971980137946992,0.00026222872371417326,0.996578828422615,0.9976067650195747,0.08068088303711539,0.08068642004845716,0.004719438560059589,0.0714307834593986,0.08993098261483218,0.054947150786798266,0.05437273660453851,0.000182855890141265,0.05458875324212139,0.05530554833147514,0.001028806512444333,0.00045439233018457204,0.00018285589014126497,0.0006704089677674537,0.0013872040571212122,0.0009464564573954222,0.0005747442728314019,7.791209597480747e-05,0.0007937487492847996,0.0010991641655060448,8.235005504890536e-05,-2.9357573089925397e-06,0.00016294998885627,-0.00023703192310938381,0.0004017320332071945
strong_low_noise,120,0.00026366508987303556,0.3426803051322296,0.054618004377141594,0.9969065615910719,200,0.3439796279546535,0.3418128743976393,0.0019304972861376962,0.34019585327382357,0.3477634026354834,0.9976458630620733,0.9971772721991254,0.00015341401726522762,0.9973451715882334,0.9979465545359131,0.0758941736904968,0.07323823437949659,0.003875406807563516,0.0682983763476723,0.08348997103332129,0.9975249409676068,0.9977409906214592,0.00021974171808350883,0.9970942472001632,0.9979556347350504,0.0784164368988511,0.07789128183283223,0.004706505035592803,0.0691916870290892,0.08764118676861299,0.055357305848142996,0.0548887149851951,0.00015341401726522762,0.05505661437430315,0.055657997321982844,0.000739301471001399,0.0002707106080535038,0.00015341401726522762,0.00043860999716155283,0.0010399929448412452,0.0006693646658001306,0.0004060373062391623,5.516643071948066e-05,0.0005612384615899485,0.0007774908700103127,6.99368052012709e-05,2.0883720407080204e-06,0.00014149659658173048,-0.00020739652409892088,0.00034727013450146265
strong_low_noise,120,0.0003359818286283774,0.28260290647035285,0.0552016375364756,0.9974901947504059,200,0.28391012185091924,0.2812638731841685,0.0016951988434793426,0.2805875321176997,0.28723271158413877,0.9980123227085029,0.997698166595289,0.00012829615330463997,0.9977608622480258,0.99826378316898,0.0739605519500639,0.07179438477976352,0.0038561569194913116,0.06640248438786094,0.08151861951226687,0.9979112447908751,0.9981829354849716,0.00018279801098095515,0.9975529606893524,0.9982695288923978,0.0765395072637633,0.07688056330235496,0.004695055858275191,0.06733719778154393,0.08574181674598266,0.05572376549457248,0.05540960938135864,0.00012829615330464,0.055472305034095386,0.05597522595504958,0.0005221279580969185,0.0002079718448830814,0.00012829615330463997,0.00027066749761982413,0.0007735884185740129,0.000463128563528811,0.00027697591784299046,3.81952124981609e-05,0.00038826594703241565,0.0005379911800252064,5.8999394568069504e-05,9.45582778572833e-06,0.00012137788652547484,-0.00017890126302186118,0.0002969000521580002
strong_low_noise,120,0.00042813323987193956,0.23115365526738332,0.05568507183263627,0.9979736290465666,200,0.2324023483812943,0.22973924648965938,0.0014619853322953393,0.22953685712999544,0.23526783963259318,0.9983372173518273,0.9980917171281545,0.00010675766094566533,0.9981279723363738,0.9985464623672808,0.07237297905028399,0.07077571000820634,0.003839975346941883,0.0648466273702779,0.07989933073029008,0.9982536350873025,0.9985429721120039,0.00015095538043698593,0.997957762541646,0.9985495076329589,0.07499912679963941,0.07542890113855463,0.004685189946695609,0.06581615450411601,0.0841820990951628,0.05604866013789699,0.05580315991422413,0.00010675766094566533,0.05583941512244349,0.056257905153350496,0.00036358830526073637,0.00011808808158786377,0.00010675766094566533,0.00015434328980723234,0.0005728333207142403,0.0003142249045300226,0.0001879363502596954,2.592492600819136e-05,0.0002634120495539675,0.0003650377595060777,4.9363400730711704e-05,1.8140659871812186e-05,0.00010283455839325684,-0.0001521923337200717,0.0002509191351814951
strong_low_noise,120,0.0005455594781168515,0.18771085380638997,0.05608270521741203,0.9983712624313423,200,0.18885680034533597,0.1864966360615431,0.0012407118421116105,0.1864250051347972,0.19128859555587474,0.9986217864251136,0.9984332409340413,8.828338535673191e-05,0.9984487509898143,0.9987948218604128,0.07108056990993811,0.06975917064507713,0.00382657689235955,0.06358047920091339,0.07858066061896282,0.9985533167709749,0.9987938120985256,0.00012377319219774717,0.9983107213142673,0.9987959122276825,0.07374552904208223,0.0743719505858631,0.004676862798805671,0.06457887795642311,0.08291218012774135,0.056333229211183174,0.05614468372011089,8.828338535673191e-05,0.05616019377588398,0.05650626464648237,0.00025052399377119115,6.19785026989006e-05,8.828338535673191e-05,7.748855847199661e-05,0.00042355942907038567,0.00020958377194217983,0.00012531954397917777,1.7295473686807904e-05,0.00017568464351603634,0.00024348290036832333,4.0940221828961895e-05,1.3665103103391254e-05,8.60953361639084e-05,-0.00012780663705229856,0.00020968708071022237
strong_low_noise,120,0.0006951927961775591,0.1514871290681091,0.056407556545518704,0.998696113759449,200,0.1525059551970902,0.15046123258629457,0.0010382641182953983,0.15047095752523124,0.15454095286894917,0.9988675364937102,0.9987503143754405,7.251086753631092e-05,0.998725415193339,0.9990096577940814,0.0700358873086041,0.06864401171861187,0.0038156122146760277,0.0625572873678391,0.07751448724936912,0.9988118934185098,0.9990092420017276,0.00010080618080525313,0.9986143133041315,0.9990094735328882,0.07273245824467804,0.07322796095892967,0.004669946308405539,0.06357936348020318,0.0818855530091529,0.05657897927977979,0.05646175716151014,7.251086753631092e-05,0.056436857979408624,0.05672110058015096,0.00017142273426113796,5.420061599148429e-05,7.251086753631092e-05,2.9301433889968574e-05,0.00031354403463230735,0.00013775751610501326,8.295512889454077e-05,1.1369678915572133e-05,0.00011547294543049188,0.00016004208677953465,3.36652181560714e-05,2.9049323431469418e-05,7.13032383452043e-05,-0.00010608912900052902,0.0001734195653126718
strong_low_noise,120,0.0008858667904100832,0.12161127043331371,0.05667127816157233,0.9989598353755027,200,0.12249439750799372,0.12080307763356868,0.0008585167544453568,0.12081170466928082,0.12417709034670663,0.9990767372548214,0.9989960226974977,5.9153367763292754e-05,0.9989607966540053,0.9991926778556375,0.06919637266137472,0.06810739650283137,0.00380672086538254,0.06173519976522494,0.0766575455575245,0.9990318200341997,0.9991815569628171,8.159998958029495e-05,0.9988718840546222,0.9991917560137771,0.0719184936875662,0.07208748050057082,0.004664272647325337,0.06277651929880854,0.08106046807632386,0.056788180040890986,0.056707465483567365,5.9153367763292754e-05,0.056672239440074934,0.05690412064170704,0.00011690187931861995,3.618732199500707e-05,5.915336776329277e-05,9.612785025661218e-07,0.00023284248013467378,8.943576142278729e-05,5.41651520926738e-05,7.382107388047847e-06,7.496683094221352e-05,0.00010390469190336106,2.7466117895858428e-05,2.810066919208337e-05,5.849029178721477e-05,-8.717485400708252e-05,0.00014210708979879938
strong_low_noise,120,0.0011288378916846883,0.09719915359832665,0.05688415808181591,0.9991727152957462,200,0.09794924659791442,0.09658226439253134,0.0007027979547316423,0.0965717626066404,0.09932673058918844,0.9992524394778617,0.9991998436709107,4.795085543577666e-05,0.9991584558012075,0.9993464231545158,0.06852494667849238,0.06768291598988382,0.003799562065921999,0.06107780502928526,0.0759720883276995,0.9992163812370287,0.9993505425132655,6.569631931627283e-05,0.9990876164511688,0.9993451460228886,0.07126759199660171,0.07143577814609674,0.0046596633967969925,0.0621346517388796,0.08040053225432381,0.05696388226393141,0.0569112864569804,4.795085543577666e-05,0.05686989858727729,0.05705786594058553,7.972418211551092e-05,2.7128375164497953e-05,4.795085543577666e-05,-1.4259494538611329e-05,0.00017370785876963315,5.7470825841145825e-05,3.481276591572785e-05,4.743957086942366e-06,4.817266995073879e-05,6.676898173155286e-05,2.225335627435947e-05,2.1338542033942278e-05,4.7587023231037384e-05,-7.10172092584738e-05,0.00011552392180719274
strong_low_noise,120,0.00143844988828766,0.07740642412046492,0.05705514133317371,0.999343698547104,200,0.07803322428872451,0.07692056882721228,0.0005705634477242593,0.07691491993118496,0.07915152864626407,0.9993982410393923,0.9993675496094456,3.8649452774230464e-05,0.9993224881119549,0.9994739939668298,0.0679900277622679,0.06734770485046437,0.003793830267648272,0.060554120437677286,0.0754259350868585,0.9993694258006708,0.9994795813679813,5.26453850304336e-05,0.9992662408460111,0.9994726107553304,0.07074907977801594,0.07093341882162965,0.004655947046788759,0.06162342356630997,0.0798747359897219,0.05710968382546198,0.05707899239551523,3.8649452774230464e-05,0.057033930898024485,0.05718543675289947,5.454249228829033e-05,2.3851062341539997e-05,3.8649452774230464e-05,-2.121043514920137e-05,0.00013029541972578204,3.661979452796542e-05,2.2184447299700524e-05,3.022918485811707e-06,3.069487429577448e-05,4.254471476015637e-05,1.7922697760304873e-05,1.6147952840048318e-05,3.844920968244186e-05,-5.743775321728117e-05,9.328314873789092e-05
strong_low_noise,120,0.0018329807108324375,0.061461986420234115,0.05719188584408633,0.9994804430580166,200,0.0619789765748177,0.06106853994346533,0.00046006903679741333,0.061077241262694766,0.06288071188694062,0.9995179794194493,0.9995018486977112,3.099917815194164e-05,0.9994572210302715,0.9995787378086272,0.06756518762933787,0.06706514807075105,0.003789260980559342,0.06013823610744156,0.07499213915123418,0.9994950371097397,0.9995903466857223,4.202029066807928e-05,0.9994126773400304,0.9995773968794491,0.07033730399588123,0.07053243035835559,0.0046529682276497215,0.061217486269687774,0.07945712172207468,0.057229422205519,0.05721329148378079,3.099917815194163e-05,0.0571686638163412,0.0572901805946968,3.7536361432704554e-05,2.140563969449394e-05,3.099917815194164e-05,-2.3222027745101053e-05,9.829475061051015e-05,2.3173720483259516e-05,1.4039312265399924e-05,1.9130188792108804e-06,1.942420348000619e-05,2.6923237486512843e-05,1.4362640949407761e-05,1.6227665088394127e-05,3.088831161108906e-05,-4.617844980832679e-05,7.490373170714232e-05
strong_low_noise,120,0.002335721469090121,0.04868505844455577,0.05730085328278702,0.9995894104967173,200,0.04910706562308028,0.04836850936512389,0.0003689300818460924,0.04838396266266194,0.04983016858349862,0.9996154560062039,0.9996072116399422,2.475974524624154e-05,0.9995669269055213,0.9996639851068866,0.06722861379432421,0.06659835730810837,0.0037856308209469757,0.05980877738526814,0.07464845020338028,0.9995972439164822,0.9996777300279074,3.342903406279435e-05,0.9995317230097192,0.9996627648232452,0.07001110108152771,0.0702134930539359,0.004650591529201513,0.06089594168429274,0.07912626047876267,0.05732689879227367,0.057318654426011806,2.475974524624154e-05,0.05727836969159104,0.057375427892956306,2.604550948666462e-05,1.780114322480486e-05,2.475974524624154e-05,-2.2483591195968795e-05,7.457461016929803e-05,1.4583399955539811e-05,8.835120059067203e-06,1.2039054904073858e-06,1.2223745194341335e-05,1.694305471673829e-05,1.1462109531104704e-05,1.5056662970594138e-05,2.4697863977181787e-05,-3.69457038641716e-05,5.986992292638101e-05
strong_low_noise,120,0.002976351441631313,0.038489980258614366,0.0573874258814555,0.9996759830953859,200,0.03883161719314062,0.03823661985199379,0.000294531879091977,0.038254334710120345,0.039408899676160895,0.9996942359784308,0.9996897776329521,1.970774061113704e-05,0.9996556088068329,0.9997328631500286,0.0669624973150787,0.06626424813741583,0.0037827544477591598,0.05954829859747074,0.07437669603268665,0.9996798132860146,0.999746597938258,2.652214034204183e-05,0.9996278298909442,0.999731796681085,0.06975319734677493,0.06996053431369381,0.004648702044870388,0.06064174133882897,0.0788646533547209,0.05740567876450049,0.05740122041902174,1.9707740611137043e-05,0.05736705159290267,0.05744430593609832,1.8252883044980183e-05,1.3794537566225173e-05,1.9707740611137043e-05,-2.0374288552848423e-05,5.688005464280879e-05,9.136488054362263e-06,5.535148791788783e-06,7.542598000624382e-07,7.658138846239885e-06,1.0614837262484641e-05,9.116394990631998e-06,1.223703046840826e-05,1.967287187405418e-05,-2.9442433882514193e-05,4.767522386377819e-05
strong_low_noise,120,0.003792690190732238,0.03038293117992556,0.057456037065360045,0.9997445942792904,200,0.030657694303238087,0.030180983848901378,0.00023429948518389866,0.030198467312277644,0.03111692129419853,0.9997575287005098,0.99975530996201,1.5642014050543796e-05,0.9997268703529708,0.9997881870480488,0.06675242104331708,0.06611765295512065,0.003780480089239496,0.05934268006840766,0.0741621620182265,0.9997461286718786,0.9998004655525468,2.0995779004820606e-05,0.9997049769450291,0.9997872803987281,0.06954961224148316,0.0697937256410327,0.004647204112502499,0.06044109218097826,0.07865813230198807,0.05746897148657951,0.05746675274807972,1.5642014050543796e-05,0.05743831313904045,0.057499629834118576,1.293442121944488e-05,1.0715682719653064e-05,1.5642014050543796e-05,-1.7723926319620963e-05,4.359276875851072e-05,5.703562301161347e-06,3.4553271649703496e-06,4.7086276203586796e-07,4.780671287571046e-06,6.626453314751648e-06,7.230858918304158e-06,9.774639919139618e-06,1.5622165286692635e-05,-2.3388585043613405e-05,3.785030288022172e-05
strong_low_noise,120,0.004832930238571752,0.02395397516105189,0.05751030461832256,0.9997988618322529,200,0.024173808615204448,0.023793536310452158,0.00018585494621518975,0.023809532920622677,0.02453808430978622,0.999808134880476,0.9998072025743416,1.2386417713521487e-05,0.9997838575017576,0.9998324122591945,0.06658679129847746,0.0660024407187499,0.003778684679129147,0.05918056932738433,0.07399301326957058,0.9997991376706815,0.9998419230666085,1.659122679928438e-05,0.9997666188661549,0.9998316564752081,0.06938910517267868,0.06972146363186812,0.004646019199716044,0.060282907541235234,0.07849530280412213,0.05751957766654563,0.05751864536041129,1.2386417713521488e-05,0.05749530028782712,0.05754385504526413,9.273048223111257e-06,8.340742088774888e-06,1.2386417713521488e-05,-1.500433049539086e-05,3.355042694161337e-05,3.5503848318473104e-06,2.1508506959871707e-06,2.931087709482243e-07,2.975891640788791e-06,4.12487802290583e-06,5.722663391219293e-06,7.756377064984814e-06,1.2375002246222293e-05,-1.8532341011376402e-05,2.9977667793814984e-05
strong_low_noise,120,0.006158482110660254,0.01886692948367171,0.057553157925522076,0.9998417151394524,200,0.019042093026857144,0.01873979893452088,0.00014709364034737554,0.01875378949177629,0.019330396561938,0.9998484412628409,0.9998482179833942,9.790179923768124e-06,0.9998292525101903,0.9998676300154915,0.06645633367806039,0.06581314065084423,0.0037772691678749516,0.05905288610902549,0.0738597812470953,0.999841348945575,0.9998758364360207,1.3091851062201809e-05,0.9998156889174931,0.9998670089736569,0.0692626854048592,0.06966459563956642,0.004645083507097517,0.060158321730948074,0.07836704907877035,0.05755988404891068,0.05755966076946384,9.790179923768124e-06,0.057540695296260096,0.057579072801561264,6.726123388610672e-06,6.502843941769143e-06,9.790179923768124e-06,-1.246262926197485e-05,2.5914876039196195e-05,2.2050670695781776e-06,1.3358219589315582e-06,1.8204527006598348e-07,1.84825834024885e-06,2.5618757989075052e-06,4.5210563190254816e-06,6.1979347293312836e-06,9.783549309849903e-06,-1.4654700328280328e-05,2.3696812966331293e-05
strong_low_noise,120,0.00784759970351459,0.014848707226422436,0.05758695398212731,0.9998755111960577,200,0.014987825506480434,0.014748177109072478,0.00011620750710808702,0.014760058792548584,0.015215592220412284,0.9998804449990701,0.9998806568956295,7.726596837826743e-06,0.999865300869268,0.9998955891288723,0.06635365958999768,0.06562842247496964,0.003776154287608869,0.058952397186284304,0.07375492199371107,0.9998748595805008,0.999902492354442,1.0318699966609993e-05,0.9998546349285663,0.9998950842324353,0.06916319107420875,0.0696198692956509,0.0046443456118532775,0.06006027367497632,0.07826610847344118,0.057591887785139885,0.05759209968169915,7.726596837826743e-06,0.05757674365533774,0.05760703191494203,4.933803012563964e-06,5.145699571829088e-06,7.726596837826743e-06,-1.0210326789576453e-05,2.007793281470438e-05,1.3670663803960163e-06,8.281500027544776e-07,1.1286273770730434e-07,1.1458554144896998e-06,1.5882773463023328e-06,3.5667366321690546e-06,5.000449475327574e-06,7.722709939251499e-06,-1.1569774848763882e-05,1.870324811310199e-05
strong_low_noise,120,0.01,0.01167912193619627,0.057613579539778075,0.9999021367537084,200,0.011789329991607042,0.011599755526115873,9.167644068330739e-05,0.01160964416786776,0.011969015815346325,0.9999057938067851,0.9999062356872552,6.090733199593587e-06,0.9998938559697139,0.9999177316438563,0.06627290181399531,0.06548313940019634,0.0037752768777681773,0.05887335913356968,0.07367244449442094,0.9999013984182301,0.9999234370726,8.125535431977777e-06,0.9998854723687834,0.9999173244676768,0.06908493545650014,0.0695847089744944,0.004643764315437201,0.059983157398243225,0.07818671351475706,0.05761723659285474,0.05761767847332494,6.090733199593587e-06,0.05760529875578354,0.05762917442992594,3.6570530766555363e-06,4.098933546858863e-06,6.090733199593587e-06,-8.280783994547893e-06,1.5594890147858967e-05,8.46334176583321e-07,5.126899995601255e-07,6.98723843182266e-08,7.093843033195969e-07,9.832840498470453e-07,2.8107189000798053e-06,4.009097786043065e-06,6.088435775130057e-06,-9.122615219175105e-06,1.4744053019334718e-05
strong_low_noise,180,1e-12,255.77539171533348,3.461474173207385e-05,0.9423231719556624,200,179.69618310681827,179.69717517983835,0.0007622732210296907,179.69468905130506,179.69767716233147,4.891849757154119,4.817982599895159,0.049136741888585474,4.795541743052491,4.9881577712557466,0.02787128473936977,0.03064726689239897,0.0019930289223580432,0.023964948051548005,0.03177762142719154,4.850866379048227,4.846135233347424,0.050497540487206546,4.751891199693302,4.949841558403152,0.029070774470654683,0.03142422193766306,0.0033590936226251867,0.022486950970309318,0.03565459797100005,3.9495611999401876,3.8756940426812285,0.049136741888585474,3.85325318583856,4.045869214041815,3.949526585198456,3.875659427939497,0.049136741888585474,3.8532185710968285,4.0458345993000835,3.9495265280832945,3.875658739782477,0.04913674753196555,3.853218502920642,4.045834553245947,5.711512757074382e-08,-1.2039531257604567e-08,7.926475769448963e-08,-9.824379751045585e-08,2.124740526519435e-07
strong_low_noise,180,1.2742749857031321e-12,255.71393592241597,3.4614762585059855e-05,0.9423231719765154,200,179.61365833415314,179.61492507348916,0.0009658818500338891,179.61176520572707,179.61555146257922,4.878482268500438,4.807643044642354,0.0488414117967833,4.782753101378742,4.974211435622133,0.027912196701280156,0.030691365305966327,0.0019933488731761063,0.024005232909854988,0.03181916049270533,4.837659915553514,4.836783887830123,0.050201508191468416,4.739264959498236,4.936054871608793,0.029109236263260917,0.03139994473813617,0.0033595285690160683,0.02252456026798942,0.03569391225853241,3.936193711286507,3.8653544874284234,0.04884141179678329,3.8404645441648118,4.031922878408202,3.9361590965239213,3.8653198726658387,0.048841411796783286,3.840429929402226,4.031888263645617,3.936159024142165,3.8653189982535654,0.04884141895414881,3.8404298429920334,4.031888205292296,7.238174013035288e-08,-1.5829398823151998e-08,1.0076240762181219e-07,-1.25112578808399e-07,2.698760590691048e-07
strong_low_noise,180,1.6237767391887243e-12,255.6357166767569,3.4614796393613034e-05,0.942323172010324,200,179.5089910588527,179.51060923088647,0.0012220539950237935,179.50659583302246,179.51138628468294,4.861639488228946,4.794594843166093,0.04847120022524351,4.766635935787469,4.956643040670424,0.027964043906633894,0.030742069991027396,0.0019937547460641475,0.024056284604348166,0.03187180320891962,4.821019938456013,4.821100365689569,0.049830340737085116,4.723352470611326,4.9186874063007,0.029158000966820436,0.031369395474054915,0.0033600797290889517,0.02257224469780609,0.03574375723583478,3.919350931015016,3.8523062859521633,0.04847120022524351,3.8243473785735387,4.0143544834564935,3.9193163162186226,3.8522716711557696,0.04847120022524351,3.8243127637771455,4.0143198686601,3.91931622462522,3.8522705609241843,0.04847120929135926,3.8243126544141557,4.014319794836284,9.159337854840467e-08,-2.0955249106632218e-08,1.280081143724703e-07,-1.5930252562163711e-07,3.4248928271844644e-07
strong_low_noise,180,2.06913808111479e-12,255.5361933694386,3.461485118335522e-05,0.9423231720651137,200,179.37640475111365,179.3784547943822,0.0015432888719710026,179.3733799049246,179.3794295973027,4.8404808287582215,4.7781700159977625,0.048009109791204,4.746382973567462,4.934578683948981,0.028029654261584654,0.03078352077547808,0.0019942689819138003,0.024120887057033608,0.0319384214661357,4.800115909085791,4.801359475261947,0.049366937627033855,4.703356711336805,4.896875106834778,0.029219746626567445,0.03133108875698755,0.003360777065468331,0.022632623578249515,0.035806869674885375,3.898192271544291,3.835881458783832,0.048009109791204,3.8040944163535313,3.9922901267350506,3.8981576566931078,3.8358468439326487,0.04800910979120399,3.804059801502348,3.9922555118838674,3.898157541005489,3.8358454356390808,0.04800912125695724,3.804059663341853,3.9922554186691253,1.1568762692816853e-07,-2.796064408060566e-08,1.6248925504314078e-07,-2.027913129563874e-07,4.3416656681272447e-07
strong_low_noise,180,2.6366508987303555e-12,255.40961525486748,3.461493992819309e-05,0.9423231721538585,200,179.208713062161,179.2112325934118,0.0019444456499170012,179.20490194868717,179.21252417563483,4.813998802353545,4.753989979796605,0.0474354181428792,4.721025382793502,4.9069722219135885,0.02811253148261634,0.030759366764667336,0.0019949194946116697,0.024202489273177467,0.03202257369205521,4.773952344867878,4.773056866089204,0.04879142865457014,4.67832114470492,4.869583545030835,0.029297799485939753,0.03128327172177889,0.0033616575803949987,0.022708950628365556,0.03588664834351395,3.8717102451396146,3.8117014225826744,0.0474354181428792,3.7787368255795712,3.964683664699658,3.8716756301996873,3.8116668076427467,0.0474354181428792,3.778702210639644,3.9646490497597306,3.8716754844238097,3.811666687536577,0.04743543261476314,3.778702036498874,3.9646489323487453,1.4577588635229938e-07,-3.764099406441134e-08,2.0604886424826197e-07,-2.5807988757429406e-07,5.496316602788929e-07
strong_low_noise,180,3.359818286283788e-12,255.24871106543188,3.4615083573934224e-05,0.9423231722975043,200,178.99703160424608,179.00008055885286,0.0024428459841040477,178.99224362611724,179.0018195823749,4.781006606213259,4.727736227950379,0.04672788438341355,4.689419952821768,4.872593259604749,0.028216985179727202,0.030728858076930588,0.001995740769651264,0.024305333271210726,0.03212863708824368,4.741356518910558,4.739884790782174,0.04808136193827129,4.647117049511546,4.83559598830957,0.029396263698408732,0.031223931060858662,0.0033627665314450803,0.022805241296776375,0.03598728610004109,3.838718048999329,3.7854476707364477,0.04672788438341355,3.7471313956078385,3.9303047023908197,3.8386834339157554,3.785413055652874,0.04672788438341355,3.7470967805242648,3.930270087307246,3.838683250770034,3.785407385759828,0.04672790260467229,3.7470965616648764,3.930269939875192,1.8314573853983063e-07,-5.116936166792807e-08,2.6095385306551436e-07,-3.2832381346857755e-07,6.946152905482388e-07
strong_low_noise,180,4.281332398719396e-12,255.04430644497188,3.461531588545841e-05,0.9423231725298158,200,178.73046213346788,178.73409946960004,0.003058173215064201,178.72446811396637,178.7364561529694,4.740137341272672,4.678889114539343,0.04586238577812453,4.650247065147548,4.830027617397796,0.028348268748295224,0.030690419754382282,0.001996775039205947,0.024434589671451568,0.03226194782513888,4.70097763202029,4.703303802944085,0.047212316941961055,4.608441490814046,4.793513773226534,0.029520162071646493,0.031150845052996826,0.0033641585624174914,0.02292641128930821,0.03611391285398478,3.797848784058742,3.736600557325413,0.04586238577812453,3.707958507933618,3.887739060183866,3.797814168742857,3.736565942009528,0.04586238577812453,3.7079238926177327,3.887704444867981,3.7978139395008617,3.736558766566084,0.04586240865041791,3.7079236185460425,3.887704260455681,2.2924202326220541e-07,-6.464847096854445e-08,3.299667652709784e-07,-4.1749283666891217e-07,8.75976883193323e-07
strong_low_noise,180,5.455594781168514e-12,254.7848569886404,3.461569118506924e-05,0.9423231729051154,200,178.39576469530107,178.40002508076577,0.0038120546461315346,178.38829306819466,178.40323632240748,4.689862655284893,4.625557150613059,0.04481416608903616,4.602026889750382,4.777698420819403,0.02851271566352622,0.03079312108904665,0.0019980734437196153,0.024596491713835773,0.03242893961321667,4.651305142595223,4.644605678160566,0.046159124857596254,4.560833257874335,4.741777027316112,0.029675580347067517,0.031061712716106388,0.0033658985025285704,0.023078419282111517,0.03627274141202352,3.747574098070962,3.6832685933991276,0.044814166089036156,3.659738332536451,3.835409863605473,3.747539482379777,3.683233977707943,0.04481416608903616,3.659703716845266,3.835375247914288,3.747539196767135,3.683230552268117,0.04481419469264936,3.6597033751695425,3.835375018364728,2.8561265882813e-07,-4.561020066785908e-08,4.16415347479933e-07,-5.305614222325388e-07,1.1017867398887987e-06
strong_low_noise,180,6.951927961775591e-12,254.45588555899906,3.461629665342525e-05,0.9423231735105838,200,177.9770446787437,177.98191778406363,0.004727202527434916,177.96777936178995,177.98630999569747,4.628540258601959,4.564695130605381,0.043559864151202804,4.543162924865601,4.7139175923383165,0.028717859577549312,0.03084454906711756,0.001999697027215665,0.02479845340420661,0.032637265750892014,4.590715573709494,4.581334679702404,0.04489786925543312,4.502715749968845,4.6787153974501425,0.029869802652761863,0.03138287428966274,0.003368061426876106,0.023268402256084696,0.03647120304943903,3.686251701388028,3.6224065733914506,0.043559864151202804,3.6008743676516706,3.7716290351243855,3.6862170850913754,3.6223719570947974,0.043559864151202804,3.600839751355018,3.771594418827733,3.686216731290614,3.6223628526412073,0.04355989976098075,3.6008393277590915,3.771594134822136,3.538007559241386e-07,-6.275478052074574e-08,5.242506864567215e-07,-6.737305895310356e-07,1.3813321013793127e-06
strong_low_noise,180,8.858667904100833e-12,254.03931582015161,3.461727177030832e-05,0.9423231744857007,200,177.45549568570766,177.46128730200877,0.005826010125119942,177.44407670586241,177.4669146655529,4.554499970282542,4.5077897728273815,0.04208040716601935,4.472022372237144,4.63697756832794,0.02897251825901148,0.03081608533339784,0.002001717338357563,0.02504915227583066,0.03289588424219231,4.517557320550908,4.5021621666672536,0.04340876180158068,4.432476147419809,4.602638493682006,0.030111420199863854,0.0318619694283636,0.0033707313622299436,0.023504786729893166,0.03671805366983454,3.612211413068611,3.5655012156134505,0.042080407166019344,3.529733815023213,3.694689011114009,3.6121767957968416,3.5654665983416804,0.04208040716601935,3.5296991977514436,3.6946543938422396,3.6121763606357935,3.5654684861173354,0.04208045125949074,3.529698676167192,3.694654045104395,4.3516105971591957e-07,-1.1430351966967099e-07,6.580804213364743e-07,-8.546765661035701e-07,1.7249986855354093e-06
strong_low_noise,180,1.1288378916846884e-11,253.51270112608827,3.46188388193544e-05,0.9423231760527497,200,176.80925374840785,176.8160906609435,0.007128573402693294,176.79528174453858,176.82322575227712,4.46617519128312,4.423196840080296,0.04036466317232814,4.387060451465357,4.545289931100883,0.029286817600660604,0.030783307039362565,0.0020042163411810236,0.0253585535719458,0.03321508162937541,4.4302802562924,4.411416429498872,0.04167980740292314,4.348587833782671,4.51197267880213,0.0304103901072002,0.03245726004059887,0.0033739977964077797,0.023797354426240952,0.037023425788159446,3.5238866340691892,3.480908282866365,0.04036466317232813,3.444771894251426,3.6030013738869524,3.5238520152303705,3.4808736640275457,0.04036466317232814,3.4447372754126073,3.6029667550481337,3.523851484651548,3.480860773710643,0.040364717426535454,3.4447366384955385,3.6029663308075572,5.305788031028616e-07,-1.986186325676759e-07,8.231591714350844e-07,-1.082813172909904e-06,2.143970779115627e-06
strong_low_noise,180,1.4384498882876659e-11,252.84836111467573,3.4621350321943634e-05,0.9423231785642523,200,176.01342983520072,176.0226978633346,0.008650251336095175,175.996475342582,176.03038432781946,4.362279365308376,4.329696260484743,0.03841344015045949,4.286989022613475,4.437569708003276,0.02967213231337211,0.030976898956605787,0.002007285320096403,0.02573785308598316,0.033606411540761064,4.327609702574771,4.3075736652295005,0.039710878525295895,4.249776380665191,4.4054430244843505,0.03077801830207262,0.03319435141669407,0.0033779490013674984,0.024157238259392325,0.03739879834475292,3.419990808094445,3.3874077032708128,0.03841344015045949,3.3447004653995442,3.4952811507893458,3.419956186744123,3.387373081920491,0.03841344015045949,3.344665844049222,3.4952465294390236,3.419955546667778,3.3873865968222465,0.03841350642521497,3.344665074074357,3.495246019261199,6.400763407999776e-07,-3.10632162269767e-07,1.0253149963240629e-06,-1.369541051995186e-06,2.649693733595141e-06
strong_low_noise,180,1.8329807108324375e-11,252.0124602031819,3.462536196213728e-05,0.9423231825758924,200,175.04038991260504,175.04974658294992,0.010399077455379446,175.0200077207925,175.06077210441757,4.242014361857633,4.209079215424637,0.036243043026037015,4.170977997526601,4.313050726188665,0.030140927536441164,0.031106564942355898,0.0020110225589345084,0.026199323320929526,0.0340825317519528,4.208751897736612,4.1863959861421245,0.03751745286066887,4.135217690129701,4.282286105343522,0.031226842192919414,0.03383607449419486,0.0033826613044045445,0.024596826036286507,0.037856858349552325,3.2997258046437032,3.2667906582107062,0.03624304302603701,3.228689440312671,3.3707621689747356,3.299691179281741,3.2667560328487446,0.036243043026037015,3.2286548149507084,3.370727543612774,3.299690416970036,3.266763427353517,0.03624312333363921,3.228653895236103,3.3707269387039687,7.623117095154622e-07,-4.837098805368743e-07,1.2707901930519471e-06,-1.7284370688663542e-06,3.2530604878972787e-06
strong_low_noise,180,2.3357214690901212e-11,250.96409540799655,3.463174312878098e-05,0.9423231889570591,200,173.86033848613508,173.87148493586488,0.01237353377289452,173.8360863599402,173.88459061232996,4.105281442178753,4.075931630671165,0.03388729017712884,4.03886235343158,4.171700530925926,0.030706502171441486,0.031445551064716956,0.0020155298542337487,0.02675606365714334,0.034656940685739636,4.073602093694205,4.066595969391976,0.03513295618471346,4.004741499572166,4.142462687816243,0.03177039750748291,0.03456887467091262,0.0033881841457951744,0.025129556581724367,0.03841123843324145,3.1629928849648223,3.1336430734572343,0.03388729017712884,3.09657379621765,3.229411973711995,3.162958253221693,3.133608441714106,0.033887290177128854,3.0965391644745206,3.2293773419688656,3.162957359215663,3.1335978536349742,0.03388738663993987,3.096538081401381,3.229376637029945,8.940059970452467e-07,-3.9871965411126114e-07,1.5659791311880237e-06,-2.1753131000832797e-06,3.9633250941737735e-06
strong_low_noise,180,2.976351441631313e-11,249.65450748010358,3.4641841556035113e-05,0.9423231990554863,200,172.44222813723826,172.45413652948176,0.01456128960969533,172.41368800960325,172.47076826487327,3.9528507059087032,3.926677327400832,0.03139685749890877,3.891312865210842,4.014388546606565,0.03138265837704322,0.03190175931175239,0.0020209084127373153,0.02742167788807808,0.03534363886600835,3.922911930055507,3.904177954334559,0.03260858362936528,3.858999106141951,3.9868247539690627,0.03242287021187167,0.03481372777493763,0.0033945223879872292,0.025769606331416704,0.039076134092326645,3.0105621486947722,2.9843887701869014,0.03139685749890876,2.949024307996911,3.0720999893926333,3.0105275068532165,2.9843541283453456,0.03139685749890876,2.9489896661553554,3.0720653475510775,3.0105264774727805,2.9843457276253256,0.0313969722905525,2.9489884117832976,3.0720645431622633,1.0293804069596812e-06,-6.674088586170848e-07,1.9170568523719428e-06,-2.7280510236893265e-06,4.786811837608689e-06
strong_low_noise,180,3.7926901907322536e-11,248.02658860827123,3.4657723270999086e-05,0.9423232149372014,200,170.75496591192802,170.76519173842786,0.016939380664566957,170.72176472582547,170.78816709803058,3.7864396873240675,3.7468748580273488,0.02883525508559772,3.7299225873562962,3.842956787291839,0.03218334506337843,0.03309912078370261,0.0020272552869227377,0.028209924701009866,0.036156765425746994,3.7583676517219193,3.7466958259754275,0.030009824106920085,3.699548396472356,3.8171869069714828,0.03319865705783838,0.03536762872612299,0.003401620025087369,0.026531481808667136,0.03986583230700962,2.844151130110136,2.804586300813418,0.02883525508559772,2.7876340301423648,2.9006682300779074,2.8441164723868657,2.8045516430901474,0.02883525508559772,2.7875993724190944,2.900633572354637,2.8441153126598646,2.804542622688704,0.02883539032849244,2.7875979476160193,2.90063267770371,1.1597270242081065e-06,-1.2562976809062255e-06,2.329510188027625e-06,-3.406112944326039e-06,5.725566992742252e-06
strong_low_noise,180,4.832930238571752e-11,246.01492578448696,3.4682513095990464e-05,0.9423232397270264,200,168.76882827035752,168.7752456808468,0.019475928609300794,168.73065545028328,168.80700109043175,3.608663319640118,3.5626694794975364,0.026271679658811768,3.557170827508847,3.660155811771389,0.03312233525256017,0.034329713295393804,0.002034661967394511,0.029134397796466927,0.03711027270865341,3.582542117178005,3.5864276830570687,0.027409722488639408,3.528819061100272,3.6362651732557385,0.03411188231539179,0.03574751903128477,0.003409352684285745,0.02742955105419173,0.04079421357659185,2.6663747624261878,2.6203809222836063,0.026271679658811768,2.614882270294917,2.7178672545574587,2.666340079913092,2.6203462397705106,0.026271679658811768,2.614847587781821,2.717832572044363,2.6663388066546942,2.6203515839970817,0.026271837202587536,2.614846005737623,2.7178316075717657,1.2732583872007895e-06,-1.2604241967905993e-06,2.8076062573021466e-06,-4.2296498771114176e-06,6.776166651512996e-06
strong_low_noise,180,6.158482110660255e-11,243.54667632170757,3.4720862379190864e-05,0.9423232780763096,200,166.45694788203028,166.46226322538703,0.022133004907864063,166.41356719241085,166.5003285716497,3.4228466933113824,3.3780317913244966,0.023772168722476155,3.376253242615329,3.469440144007436,0.034212988945058156,0.035188285657772114,0.002043216733137551,0.030208284148108555,0.03821769374200776,3.3987121585427134,3.4118032216847625,0.024879991301596696,3.349947375591584,3.447476941493843,0.03517593660991809,0.036664184054549576,0.00341753857871068,0.028477560995645163,0.041874312224191024,2.4805581360974513,2.435743234110566,0.023772168722476155,2.433964685401398,2.527151586793505,2.480523415235073,2.435708513248187,0.023772168722476155,2.4339299645390193,2.5271168659311263,2.48052205987787,2.4357458155495184,0.023772349664293348,2.433928254535855,2.527115865219885,1.3553571970328052e-06,-9.483084090022865e-07,3.353856786644671e-06,-5.2182021047907504e-06,7.928916498856361e-06
strong_low_noise,180,7.847599703514623e-11,240.5435945427909,3.477956662389231e-05,0.9423233367805542,200,163.79671631342146,163.8067343602006,0.024869874667067554,163.747971359074,163.8454612677689,3.2327299318073672,3.1963578011726,0.021391385173291033,3.1908028168677167,3.2746570467470177,0.0354681258634186,0.03625045778637977,0.0020530115948622606,0.03144422313748857,0.039492028589348624,3.2105698397075604,3.2181787521933165,0.022482024212080995,3.1665050722518817,3.254634607163239,0.036403108958297986,0.03885995224219289,0.003425976374186365,0.029688195264892712,0.04311802265170326,2.2904413745934367,2.25406924395867,0.02139138517329103,2.248514259653786,2.332368489533087,2.290406595026813,2.2540344643920465,0.021391385173291033,2.2484794800871626,2.3323337099664636,2.2904052057551456,2.2539957718613186,0.02139158895032273,2.248477691412513,2.3323327200977784,1.3892716690376193e-06,-2.0476770040365833e-06,3.968554141782458e-06,-6.389094448855998e-06,9.167637786931236e-06
strong_low_noise,180,1e-10,236.92548021683263,3.486834305013037e-05,0.9423234255569805,200,160.77096549635692,160.78246477928184,0.027645825866233306,160.7167796776591,160.82515131505474,3.042125211265561,3.0113393322731126,0.01916741113289847,3.00455708544508,3.079693337086042,0.03689999973291352,0.037630876643600805,0.0020641531333796276,0.032854259591489444,0.04094573987433759,3.0218860133783703,3.021519582359014,0.020260186520284645,2.9821760477986126,3.061595978958128,0.03780437017044102,0.04086012085951244,0.003434511436505048,0.031072727754891123,0.044536012585990915,2.0998366540516304,2.069050775059182,0.01916741113289847,2.0622685282311495,2.1374047798721114,2.0998017857085802,2.069015906716132,0.01916741113289847,2.0622336598880993,2.137369911529061,2.099800428509326,2.0690888352750596,0.019167634099716904,2.0622318656738807,2.137368991344771,1.35719926449922e-06,-3.4197947359850526e-06,4.649459266299269e-06,-7.755740897447347e-06,1.0470139426445786e-05
strong_low_noise,180,1.274274985703132e-10,232.61516401303626,3.500075451192547e-05,0.9423235579684422,200,157.36884111044566,157.38436981219178,0.030422086867592475,157.30921382018516,157.42846840070615,2.854595650220641,2.822023956549608,0.017120877777194253,2.8210387297773405,2.8881525706639417,0.03852034523331355,0.03896981234246797,0.0020767745405994575,0.03444986713373861,0.04259082333288848,2.836193994860531,2.8289278317715305,0.018239136229036362,2.8004452878516197,2.8719427018694423,0.03938933743738809,0.0423468927315304,0.003443119156460745,0.03264082389072503,0.04613785098405115,1.9123070930067103,1.8797353993356778,0.017120877777194253,1.8787501725634095,1.9458640134500111,1.912272092252199,1.879700398581166,0.017120877777194253,1.8787151718088981,1.9458290126954998,1.912270850623848,1.8797066516134255,0.017121111434612125,1.8787134722120082,1.9458282290356876,1.2416283454446628e-06,-4.212634916952528e-06,5.391707602468505e-06,-9.326118555393606e-06,1.1809375246282931e-05
strong_low_noise,180,1.6237767391887175e-10,227.5448673442849,3.5195232036148993e-05,0.9423237524459664,200,153.58634321997584,153.60183062566728,0.033162733318212255,153.52134426267216,153.65134217727953,2.673211423503875,2.649061194087974,0.015257994991043423,2.64330575332143,2.70311709368632,0.040340467993257835,0.040858137611305814,0.0020910443804263382,0.036242021007622215,0.044438914978893455,2.6565473590537367,2.6464860702491526,0.01642547166447009,2.6243534345913755,2.688741283516098,0.04116641999419551,0.043656003959386694,0.0034519800369574127,0.034400539121758986,0.04793230086663204,1.730922866289945,1.7067726368740432,0.015257994991043421,1.7010171961074998,1.7608285364723901,1.7308876710579084,1.7067374416420071,0.015257994991043423,1.7009820008754633,1.7607933412403536,1.730886644239669,1.7067415708990363,0.01525822440731893,1.700980524401324,1.760792764078014,1.0268182441199746e-06,-6.433502025745896e-06,6.1879644179684414e-06,-1.110159201509817e-05,1.315522850333812e-05
strong_low_noise,180,2.0691380811147902e-10,221.66340283061828,3.547610804970763e-05,0.94232403332198,200,149.426561688958,149.42215583428435,0.035834746036574945,149.3563255867263,149.4967977911897,2.500409039836096,2.482240433933227,0.013575532421210275,2.473800996290524,2.527017083381668,0.04237135781632908,0.04306551989961753,0.0021071669542878447,0.038241310585924906,0.04650140504673325,2.48537763926479,2.467860920439448,0.01481239111264458,2.4563453526840067,2.5144099258455737,0.043143132590246214,0.046136820217202,0.003461514588705151,0.03635856399638412,0.04992770118410831,1.5581204826221653,1.5399518767192968,0.013575532421210275,1.531512439076593,1.5847285261677375,1.5580850065141159,1.5399164006112471,0.013575532421210275,1.5314769629685436,1.584693050059688,1.558084306119955,1.5399080254914521,0.013575735691394607,1.5314758641648216,1.5846927480750883,7.003941615048733e-07,-5.330293389788279e-06,7.028806842886196e-06,-1.3076067250552071e-05,1.4476855573561817e-05
strong_low_noise,180,2.6366508987303556e-10,214.9433066712101,3.58745336633548e-05,0.9423244317475937,200,144.8996621826826,144.89244609814696,0.03840745791012403,144.82438356517875,144.97494080018643,2.3379497471594215,2.32354419872504,0.01206544804858898,2.314301468984187,2.361598025334656,0.04462380902953909,0.04535194271686195,0.002125370466074755,0.04045808291603257,0.048789535143045605,2.324448914733553,2.304949110535096,0.01338520906738151,2.2982139049614854,2.350683924505621,0.045326571259567155,0.0498073589299551,0.0034723545141802322,0.0385207564117739,0.05213238610736041,1.3956611899454914,1.3812556415111095,0.01206544804858898,1.372012911770257,1.4193094681207257,1.395625315411828,1.381219766977446,0.012065448048588978,1.3719770372365938,1.4192735935870624,1.3956250602784803,1.3813374029093652,0.012065597626223836,1.3719764889310817,1.419273631625879,2.551333556998281e-07,-4.608432850858736e-06,7.903239587834876e-06,-1.5235216236456528e-05,1.5745482947856185e-05
strong_low_noise,180,3.3598182862837877e-10,207.38675093619725,3.642912200926829e-05,0.9423249863359396,200,140.02268163709286,140.0222956483666,0.040851644589894424,139.94261241369668,140.10275086048904,2.1869536125257865,2.1746702248092977,0.010717758411864087,2.1659468060385327,2.20796041901304,0.04710852365456346,0.047913704529166656,0.0021458822637036037,0.042902594417704394,0.05131445289142252,2.1748874249564922,2.1580057358815914,0.012125921406586661,2.1511206189995824,2.198654230913402,0.04772405260660403,0.05122073890398281,0.0034852495171299436,0.040892963553029335,0.05455514166017872,1.2446650553118561,1.2323816675953674,0.010717758411864087,1.2236582488246026,1.2656718617991096,1.2446286261898467,1.232345238473358,0.010717758411864087,1.2236218197025932,1.2656354326771002,1.2446289351914426,1.232360350998077,0.010717824662626729,1.2236219988526942,1.265635871530191,-3.0900159944491645e-07,-4.3956464118939e-06,8.799171255809498e-06,-1.7555377260831533e-05,1.6937374061941697e-05
strong_low_noise,180,4.281332398719396e-10,199.02910235414777,3.7186133063291105e-05,0.9423257433469936,200,134.8191781911262,134.8249429241838,0.04313856609240718,134.7346266015851,134.90372978066733,2.0479800425585224,2.0350050072227712,0.009521597085978967,2.0293177122700037,2.066642372847041,0.049836166906494235,0.05141333307375618,0.002168893985372847,0.045585134695163454,0.054087199117825016,2.0372583475904555,2.0199457417779296,0.011016072197022652,2.015666846084291,2.05884984909662,0.05034389274953966,0.056081423659848154,0.0035009349239031044,0.043482060298689576,0.057205725200389745,1.105691485344592,1.0927164500088409,0.009521597085978967,1.0870291550560733,1.1243538156331108,1.1056542992115288,1.0926792638757776,0.009521597085978967,1.08699196892301,1.1243166295000475,1.1056552819559184,1.0928081990934246,0.009521553513370903,1.0869930370697114,1.1243175268421255,-9.82744387165939e-07,-7.003678420532204e-06,9.703606078187771e-06,-2.0001812300413972e-05,1.8036323526082092e-05
strong_low_noise,180,5.455594781168515e-10,189.93932912890446,3.819898005653216e-05,0.9423267561939869,200,129.31876098593864,129.32517691456314,0.045239298758219616,129.23009196037253,129.40743001150474,1.9211296017468458,1.9099419605426124,0.008465268101565605,1.9045376762677773,1.9377215272259143,0.05281735968660716,0.054234325146541036,0.002194522147424839,0.04851609627765448,0.057118623095559845,1.9116652835341892,1.8956603952022173,0.01003809149724655,1.8919906241995859,1.9313399428687925,0.05319623889486314,0.05842175720056793,0.0035199995976518397,0.04629703968346553,0.06009543810626075,0.9788410445329156,0.9676534033286821,0.008465268101565605,0.962249119053847,0.9954329700119843,0.978802845552859,0.9676152043486256,0.008465268101565601,0.9622109200737904,0.9953947710319276,0.9788045913919359,0.9675596825100846,0.008465096711257317,0.9622130018378715,0.9953961809460002,-1.745839073097513e-06,-1.1913142240290448e-05,1.0602286212802048e-05,-2.2526320050189527e-05,1.90346419039945e-05
strong_low_noise,180,6.951927961775591e-10,180.21703997963806,3.952677729067433e-05,0.942328083991221,200,123.5565088817588,123.55231429122331,0.047124599863725136,123.4641446660259,123.6488730974917,1.806149795989311,1.796155456678262,0.007536153743962707,1.791378934651144,1.8209206573274779,0.056062628304074956,0.05833513408419864,0.0022227714904207415,0.0517059961828503,0.06041926042529961,1.797855157084488,1.787132129310144,0.009175632582201,1.7798709172233742,1.815839396945602,0.0562937934071886,0.061656926409539306,0.0035427901079664874,0.04934992479557428,0.06323766201880292,0.8638612387753802,0.8538668994643318,0.007536153743962707,0.8490903774372134,0.8786321001135471,0.8638217119980895,0.8538273726870411,0.007536153743962708,0.8490508506599226,0.8785925733362565,0.8638242785864594,0.853949022403458,0.007535848484207373,0.8490540155574129,0.8785945416155059,-2.5665883705196154e-06,-8.505966814846918e-06,1.1478630450098784e-05,-2.506470405271323e-05,1.9931527311674e-05
strong_low_noise,180,8.858667904100832e-10,169.98659146775984,4.1231566782776174e-05,0.9423297887807132,200,117.5722787513476,117.55494488104932,0.04876532841287496,117.47669870765836,117.66785879503684,1.7025344562732059,1.6933036272386297,0.006720932583388781,1.6893614284097638,1.715707484136648,0.05958235868793519,0.06275446852238187,0.002253509812277121,0.05516547945587203,0.06399923791999834,1.6953178902357553,1.6831280743028443,0.008413424294594095,1.6788275786183509,1.7118082018531597,0.059652227050472725,0.065784120766651,0.0035693707218689657,0.05265626043560955,0.06664819366533589,0.7602458990592754,0.7510150700246994,0.006720932583388781,0.7470728711958334,0.7734189269227174,0.7602046674924927,0.7509738384579165,0.006720932583388781,0.7470316396290507,0.7733776953559347,0.7602080708571437,0.7510812958332099,0.006720499207120059,0.7470358924111884,0.773380249303099,-3.403364654306754e-06,-1.7131291185914667e-05,1.2312133349618418e-05,-2.7535146019558854e-05,2.0728416710945344e-05
strong_low_noise,180,1.1288378916846883e-09,159.3892097778683,4.3373807967525546e-05,0.9423319310218978,200,111.40990463344063,111.38362092444743,0.05013324979851832,111.31164346383554,111.50816580304573,1.609610928656151,1.6026442695618006,0.006006168929082307,1.5978388375551498,1.6213830197571524,0.06338678795446581,0.0667382440181031,0.0022864633757705886,0.05890531973795546,0.06786825617097617,1.6033747420791928,1.592767359163477,0.0077370619534388625,1.5882101006504528,1.618539383507933,0.06329009058104063,0.06727820253544634,0.003599538935257698,0.05623499426793554,0.07034518689414572,0.6673223714422208,0.6603557123478703,0.006006168929082307,0.6555502803412195,0.6790944625432221,0.6672789976342532,0.6603123385399028,0.006006168929082307,0.6555069065332519,0.6790510887352545,0.6672832058097726,0.6601102197310174,0.006005621023208154,0.6555121886042846,0.6790542230152606,-4.20817551962357e-06,-1.4191959602453607e-05,1.3076900685370308e-05,-2.983890086294937e-05,2.1422549823702232e-05
strong_low_noise,180,1.4384498882876659e-09,148.5742984112094,4.6005811810141684e-05,0.9423345630257405,200,105.11629708941804,105.08380108557759,0.05120200955687923,105.01594115068656,105.21665302814952,1.5266120204094715,1.522392635407467,0.0053791184102793665,1.516068948325324,1.537155092493619,0.06748600772959851,0.0723061291478644,0.002321238916339961,0.06293637945357218,0.07203563600562483,1.5212519633205783,1.511595733567677,0.007133035687118752,1.5072712133738255,1.5352327132673311,0.06722810601209576,0.07122453524072195,0.0036328807178435643,0.06010765980512238,0.07434855221906915,0.5843234631955415,0.5801040781935368,0.005379118410279367,0.573780391111394,0.594866535279689,0.5842774573837314,0.5800580723817267,0.005379118410279367,0.5737343852995839,0.5948205294678789,0.5842823886203551,0.5801616968775138,0.005378471140163923,0.5737405851856338,0.5948241920550764,-4.931236625338445e-06,-2.167602430326759e-05,1.3741508732033396e-05,-3.18645937401239e-05,2.200212048944701e-05
strong_low_noise,180,1.8329807108324374e-09,137.69103220091984,4.9163220129884444e-05,0.9423377204340603,200,98.74046398752263,98.7068705994902,0.05194815991354229,98.63864559409208,98.84228238095318,1.4527316329946558,1.448355337809168,0.004828495686487019,1.4432677814491413,1.4621954845401703,0.07188988792955088,0.0768709957050775,0.0023573703060933648,0.06726944212960789,0.07651033372949387,1.4481383342031215,1.440105189887378,0.006589076239799172,1.435223744773115,1.461052923633128,0.07148783596886224,0.07743215532714609,0.0036688431396332865,0.064296903415181,0.07867876852254348,0.5104430757807257,0.5060667805952376,0.004828495686487019,0.5009792242352111,0.5199069273262402,0.5103939125605957,0.5060176173751076,0.004828495686487019,0.5009300610150812,0.5198577641061103,0.5103994368935452,0.5060457873213922,0.004827759973373148,0.5009370273457338,0.5198618464413566,-5.52433294934914e-06,-1.4938350778343684e-05,1.4271541527260977e-05,-3.3496554342780655e-05,2.2447888444082372e-05
strong_low_noise,180,2.335721469090121e-09,126.88107659543815,5.2855489724223936e-05,0.9423414127036546,200,92.3324846721262,92.29843941425943,0.05235224191170946,92.22987427797925,92.43509506627315,1.3871647530744786,1.38469568709729,0.0043449237429032,1.3786487025383884,1.3956808036105688,0.07660780375163843,0.08190804706385842,0.002394377506638685,0.07191482383862662,0.08130078366465025,1.3832268099527427,1.3721302702991967,0.006094649467118459,1.3712812969971906,1.3951723229082948,0.07608986100020544,0.08242978137206786,0.0037068052731299705,0.0688245226648707,0.08335519933554018,0.4448761958605481,0.44240712988335973,0.0043449237429032,0.4363601453244578,0.4533922463966384,0.4448233403708239,0.4423542743936355,0.0043449237429032,0.4363072898347336,0.45333939090691416,0.44482928070838157,0.4426049834944027,0.004344103263448678,0.43631483831202217,0.45334372310474097,-5.9403375573016906e-06,-1.3927773635375906e-05,1.4635702583437227e-05,-3.4626314620838656e-05,2.2745639506235273e-05
strong_low_noise,180,2.9763514416313133e-09,116.27295870467611,5.705750445861302e-05,0.942345614718389,200,85.94247424688973,85.9162052120141,0.05239996717860445,85.83977031121967,86.0451781825598,1.329133855044259,1.3279700710973281,0.003920865436168517,1.3214489587893687,1.3368187512991494,0.08164807715295169,0.08598802729898129,0.0024318181500755966,0.07688171357880352,0.08641444072709986,1.3257419106552901,1.3161292297124985,0.005641312918350416,1.3146849373353233,1.336798883975257,0.08105169848550622,0.08599641436445994,0.0037461363583444676,0.07370927122315107,0.08839412574786137,0.38684529783032884,0.3856815138833978,0.003920865436168517,0.37916040157543857,0.3945301940852191,0.38678824032587017,0.38562445637893916,0.003920865436168517,0.3791033440709799,0.39447313658076044,0.38679436758520175,0.38566095693313246,0.003919956978646055,0.37911125190705547,0.394477483263348,-6.12725933195317e-06,-4.0559528872066655e-06,1.4815394648594682e-05,-3.516543284319875e-05,2.2910914179292405e-05
strong_low_noise,180,3.792690190732238e-09,105.97833332667848,6.170537019634798e-05,0.9423502625841267,200,79.61957105152338,79.6234835160601,0.052083498306389905,79.51748739484286,79.7216547082039,1.2779044964725075,1.2770847213894534,0.003550044672037187,1.2709464089153146,1.2848625840297003,0.08701710030774246,0.09100528937293056,0.002469312041607025,0.08217724870619268,0.09185695190929223,1.2749554219083552,1.2684864388436146,0.005222734472319179,1.2647188623426096,1.2851919814741009,0.08638573477408812,0.09218779924736878,0.003786235468033338,0.07896471325674277,0.09380675629143347,0.3356159392585769,0.33479616417552305,0.0035500446720371876,0.328657851701384,0.3425740268157698,0.3355542338883806,0.3347344588053267,0.003550044672037187,0.3285961463311877,0.34251232144557353,0.335560251356505,0.3347696677473696,0.0035490399958666547,0.3286041329646064,0.34251636974840366,-6.017468124657117e-06,-2.004277825243848e-06,1.4816644884868823e-05,-3.505809209900001e-05,2.3023155849685777e-05
strong_low_noise,180,4.832930238571752e-09,96.09012929401715,6.669936936162107e-05,0.942355256583292,200,73.41097004251749,73.4135477604899,0.05140273911195342,73.31022067385807,73.51171941117691,1.2327929432459035,1.232116862844114,0.003226621332915627,1.2264687654333888,1.2391171210584182,0.09271815917202052,0.09659718130346541,0.0025065258701206373,0.08780536846658407,0.09763094987745696,1.2301933184403402,1.2256567175462556,0.004834379399135357,1.2207179348180348,1.2396687020626456,0.0920974024844024,0.09772897996097518,0.0038265454526632218,0.08459737339718248,0.09959743157162232,0.29050438603197315,0.28982830563018347,0.003226621332915627,0.2841802082194585,0.2968285638444878,0.2904376866626115,0.2897616062608218,0.003226621332915627,0.28411350885009684,0.29676186447512615,0.29044320177949023,0.2896738231620028,0.0032255072525214593,0.2841212075645482,0.2967651959944323,-5.5151168781700795e-06,-4.521127940246322e-06,1.4682876663085783e-05,-3.4293555137818213e-05,2.3263321381478054e-05
strong_low_noise,180,6.158482110660254e-09,86.68230537794,7.191552375973576e-05,0.9423604727376901,200,67.36101367001869,67.35953613660783,0.05036645181501075,67.26229542446127,67.45973191557611,1.193168369578958,1.1928385937559276,0.0029445434065726774,1.1873970645020757,1.1989396746558405,0.09875001333944787,0.10179061508876663,0.0025431164510587943,0.09376550509537264,0.1037345215835231,1.1908367655517937,1.189491209050567,0.004473045727346245,1.182069595926195,1.1996039351773924,0.09818374036420374,0.103608865919408,0.0038665295831405437,0.09060534238124827,0.10576213834715921,0.2508798123650277,0.25055003654199715,0.0029445434065726774,0.24510850728814526,0.25665111744191016,0.250807896841268,0.2504781210182374,0.0029445434065726774,0.24503659176438553,0.2565792019181504,0.25081238253404314,0.2505302822597929,0.0029432974061762503,0.2450435196179377,0.2565812454501486,-4.485692774959978e-06,3.0488991764599416e-06,1.4507310199415078e-05,-3.292002076581353e-05,2.3948635215893572e-05
strong_low_noise,180,7.847599703514623e-09,77.81072833796223,7.72247380621538e-05,0.9423657819519925,200,61.51034789157526,61.50704976932552,0.04899293549425613,61.414321738006514,61.606374045144,1.158451885799902,1.1563746756837978,0.0026974296789883567,1.1531649236290848,1.1637388479707191,0.10510531963077309,0.1085734546294598,0.0025786426347249904,0.10005118006671211,0.11015945919483407,1.1563198401395498,1.1561216395675555,0.004136465124723747,1.1482123684950913,1.1644273117840083,0.10463236223961828,0.11091856992125013,0.0039056005298295413,0.09697738520115237,0.11228733927808418,0.21616332858597181,0.21408611846986736,0.0026974296789883563,0.21087636641515464,0.221450290756789,0.2160861038479097,0.2140088937318052,0.0026974296789883563,0.21079914167709252,0.22137306601872686,0.216088854226423,0.2138895058859738,0.0026960107117962985,0.21080467323130225,0.22137303522154372,-2.7503785134012114e-06,2.2822635659705393e-06,1.44432062353507e-05,-3.105906273468859e-05,2.5558305707886162e-05
strong_low_noise,180,1e-08,69.51460739770063,8.251645012032072e-05,0.9423710736640507,200,55.895159583570546,55.895904877273345,0.04730995322939037,55.802432075240944,55.98788709190015,1.1281143811296517,1.1262705635688626,0.00247903457686104,1.123255473359004,1.1329732889002992,0.11176899359929578,0.11534420409216409,0.002612465782906316,0.1066485606647994,0.11688942653379215,1.1261262690019755,1.1279648723673485,0.003823086371552748,1.1186330197137322,1.133619518290219,0.11142075622454647,0.11783973986300918,0.003943004328814602,0.10369246774006985,0.1191490447090231,0.18582582391572128,0.18398200635493211,0.00247903457686104,0.18096691614507365,0.1906847316863689,0.18574330746560094,0.18389948990481175,0.00247903457686104,0.1808843996949533,0.1906022152362486,0.1857433927599952,0.1839485430017101,0.002477371216495691,0.18088774517566367,0.19059904034432676,-8.529439436117878e-08,-7.245400769873754e-07,1.470599696260769e-05,-2.890904844107225e-05,2.873845965234989e-05
strong_low_noise,180,1.274274985703132e-08,61.81804615092294,8.772344311763769e-05,0.9423762806570479,200,50.546530837564404,50.54947686906792,0.04535363109850145,50.457637720611345,50.635423954517464,1.101674662110611,1.0994818322414412,0.00228399462277616,1.0971980326499697,1.1061512915712524,0.11871654916838349,0.12177006028948333,0.002643664409785376,0.11353496692520415,0.12389813141156283,1.0997868132315145,1.1021082536747024,0.0035320053847848667,1.0928640826773361,1.1067095437856929,0.11851573439228386,0.12618043486220135,0.0039776844329478984,0.11071947290370597,0.12631199588086173,0.15938610489668073,0.1571932750275109,0.00228399462277616,0.15490947543603945,0.16386273435732202,0.15929838145356315,0.15710555158439332,0.00228399462277616,0.15482175199292186,0.16377501091420443,0.15929460489092828,0.15707918553582245,0.0022819736803220674,0.15482193647749704,0.16376727330435953,3.776562634790455e-06,3.866727343032272e-06,1.555498609288427e-05,-2.6711210107262713e-05,3.426433537684362e-05
strong_low_noise,180,1.623776739188721e-08,54.73154831810623,9.284633089087085e-05,0.9423814035448213,200,45.489963983417674,45.488412058195465,0.04316623255574978,45.405358167608405,45.57456979922694,1.078698433085654,1.0776258819049258,0.002108402588812394,1.0745659640115817,1.0828309021597262,0.1259123538998142,0.1293499430181736,0.0026709896370347287,0.12067721421122612,0.13114749358840228,1.076877840797872,1.0767284043574157,0.0032629081885290224,1.0704825407483551,1.083273140847389,0.12587277597553725,0.13446390676019848,0.004008171285068857,0.1180167602568023,0.1337287916942722,0.13640987587172357,0.13533732469099546,0.002108402588812394,0.13227740679765126,0.14054234494579587,0.13631702954083266,0.13524447836010456,0.002108402588812394,0.13218456046676036,0.14044949861490497,0.13630788605543903,0.1349187817404794,0.0021058603185968804,0.13218039983098914,0.14043537227988892,9.143485393793148e-06,1.5024332844901384e-05,1.7249227842260026e-05,-2.4665001177036504e-05,4.29519719646228e-05
strong_low_noise,180,2.0691380811147902e-08,48.25357118960106,9.79795027331587e-05,0.9423865367166635,200,40.7451316127557,40.72417239984489,0.040793067698957616,40.66517720006574,40.82508602544566,1.0587975297012386,1.0577440700806022,0.001949901042355202,1.0549757236582225,1.0626193357442548,0.1333077070209817,0.13727424285846007,0.002692884983628365,0.12802965245307013,0.1385857615888933,1.0570204113677053,1.0567614865063257,0.0030159102731841555,1.0511092272322644,1.0629315955031462,0.13343504894160663,0.14090391368669164,0.004032549644549419,0.12553125163828976,0.1413388462449235,0.11650897248730835,0.11545551286667177,0.001949901042355202,0.11268716644429215,0.12033077853032455,0.11641099298457519,0.11535753336393861,0.001949901042355202,0.11258918694155899,0.12023279902759139,0.11639462779729992,0.1153444069617495,0.0019466172166336206,0.11257925805269803,0.12020999754190181,1.6365187275292008e-05,2.503634051186898e-05,2.0004265167332492e-05,-2.2843172452679674e-05,5.5573547003263694e-05
strong_low_noise,180,2.6366508987303555e-08,42.37229886364001,0.00010334403728871205,0.9423919012512191,200,36.325876515842694,36.30969190360702,0.038279242514636304,36.250849200514004,36.400903831171384,1.0416280662610007,1.0394539506699625,0.0018073020832748254,1.038085754177782,1.0451703783442194,0.14083886828944134,0.1461622145832172,0.002707587299323234,0.1355319971827678,0.1461457393961149,1.0398784360166708,1.0374857995887434,0.0027912797706097937,1.0344075276662756,1.045349344367066,0.14113218952523143,0.14750359572961028,0.004048549770072993,0.13319703197588836,0.1490673470745745,0.09933950904707033,0.09716539345603215,0.0018073020832748254,0.09579719696385167,0.10288182113028899,0.0992361650097816,0.09706204941874341,0.0018073020832748254,0.09569385292656293,0.10277847709300025,0.09921032956380466,0.09712897586901001,0.001802995684170023,0.09567645802283141,0.1027442011047779,2.5835445976881746e-05,3.5832557978190506e-05,2.3990972298470617e-05,-2.118685972812066e-05,7.285775168188415e-05
strong_low_noise,180,3.3598182862837814e-08,37.067673861454125,0.00010933683822361706,0.942397894052154,200,32.240432985150065,32.23901494512343,0.035667233576571866,32.170525207339985,32.310340762960145,1.0268863260424854,1.024865556167451,0.0016799980689129962,1.023593529827416,1.030179122257555,0.14842567773554394,0.15371589720018308,0.0027133179726199553,0.14310757450920883,0.15374378096187905,1.025154665284615,1.021490888781829,0.002589136255926927,1.0200799582229982,1.030229372346232,0.14887945342851538,0.15315687850681958,0.004053798127221133,0.14093400909916196,0.15682489775786881,0.08459776882855496,0.08257699895352055,0.0016799980689129964,0.08130497261348549,0.08789056504362444,0.08448843199033128,0.08246766211529688,0.0016799980689129964,0.0811956357752618,0.08778122820540075,0.08445043466017786,0.08245701144516228,0.0016743224139811668,0.08116876272877477,0.08773210659158096,3.799733015354247e-05,2.3545308776621973e-05,2.9375492814421815e-05,-1.9578635762724287e-05,9.557329606980921e-05
strong_low_noise,180,4.281332398719396e-08,32.313504288040306,0.00011660930478125942,0.9424051665187116,200,28.491790005892966,28.499239524689795,0.03299607879519763,28.427117691454377,28.556462320331555,1.0143023374867965,1.0125741692428056,0.0015674824315317748,1.0112300719209943,1.0173746030525987,0.1559719041900576,0.1614779031069225,0.0027085696587041195,0.15066310765899754,0.16128070072111766,1.01258439441262,1.0091140644573948,0.002409245747012553,1.0078622727484754,1.0173065160767647,0.15657828504323626,0.1612904802554121,0.0040462439815864846,0.14864764683932674,0.16450892324714578,0.07201378027286609,0.07028561202887529,0.0015674824315317748,0.0689415147070638,0.07508604583866837,0.07189717096808479,0.07016900272409399,0.0015674824315317748,0.0688249054022825,0.07496943653388707,0.07184381936112678,0.0697129137605656,0.0015600170158021531,0.06878618601015457,0.074901452712099,5.3351606958041246e-05,5.7844254626406586e-05,3.636345388750357e-05,-1.7920762661465744e-05,0.00012462397657754824
strong_low_noise,180,5.4555947811685146e-08,28.079341266948934,0.00012619394739685208,0.9424147511613272,200,25.07810212807854,25.076136898550413,0.030302223022161266,25.018709770955105,25.137494485201977,1.0036325132944566,1.0004140647350641,0.001469156320959028,1.000752966905377,1.0065120596835362,0.16336836326335544,0.1679497140228205,0.0026924884508084373,0.1580910858997709,0.16864564062693999,1.0019282220991217,0.9974156468331173,0.0022509739202107183,0.9975163132155087,1.0063401309827347,0.16411916175193142,0.16840948941773098,0.004024726860832936,0.15623069710469886,0.17200762639916398,0.06134395608052624,0.05812550752113388,0.0014691563209590281,0.05846440969144654,0.06422350246960593,0.06121776213312936,0.057999313573737,0.0014691563209590281,0.05833821574404966,0.06409730852220905,0.061145292606595986,0.058146997753405864,0.001459392537609306,0.058284883232881744,0.06400570198031022,7.246952653335522e-05,7.883690798539466e-05,4.522642101210303e-05,-1.617425865036672e-05,0.00016111331171707717
strong_low_noise,180,6.951927961775605e-08,24.331901394839903,0.0001397042477504079,0.9424282614616808,200,21.993090136070816,21.989149845570736,0.027621109518161425,21.93895276141522,22.04722751072641,0.9946535284386377,0.9913075965823769,0.001384379385872457,0.9919401448423277,0.9973669120349478,0.17049880722371086,0.1752523340597712,0.002665318936777426,0.1652747821076271,0.1757228323397946,0.9929660140581058,0.9901343146804911,0.002113364714254552,0.9888238192181669,0.9971082088980447,0.17138659493803715,0.17650154378984834,0.003989558926655652,0.16356705944179206,0.17920613043428224,0.052364971224707436,0.04901903936844654,0.001384379385872457,0.04965158762839742,0.05507835482101745,0.05222526697695699,0.04887933512069609,0.001384379385872457,0.04951188338064697,0.054938650573267,0.05212925639380895,0.04904581956049263,0.001371697712156773,0.04944072887798168,0.05481778390963622,9.601058314805622e-05,9.553252810738976e-05,5.631156929401148e-05,-1.436009266820627e-05,0.0002063812589643187
strong_low_noise,180,8.858667904100815e-08,21.036030410013645,0.000159642179121032,0.9424481993930514,200,19.226439474640753,19.221501255538342,0.024988119109428362,19.177462761186273,19.27541618809523,0.9871591376249489,0.9836995005237523,0.0013125801576381335,0.9845864805159782,0.9897317947339196,0.17724710301834468,0.18260316006957059,0.002628804909901722,0.1720946453949373,0.18239956064175206,0.9854937727121162,0.9838581289577317,0.0019952479273532848,0.9815830867745038,0.9894044586497287,0.17826501121752805,0.18374556139998008,0.003942913122850839,0.17053690149674042,0.1859931209383157,0.044870580411018664,0.04141094330982198,0.0013125801576381335,0.04229792330204792,0.047443237519989405,0.04471093823189765,0.04125130113070097,0.0013125801576381335,0.04213828112292691,0.047283595340868394,0.044586194984387637,0.04165937892401066,0.001296217021671863,0.042045609621910784,0.04712678034686449,0.00012474324750998483,0.00010846009271251617,7.004040035116888e-05,-1.2535937178306166e-05,0.00026202243219827586
strong_low_noise,180,1.1288378916846883e-07,18.15539710047631,0.00018985869251892523,0.9424784159064493,200,16.76425248001686,16.768807858769584,0.02243787955744433,16.72027423608427,16.808230723949453,0.9809600936465575,0.9772097322816837,0.001253252000767514,0.9785037197250531,0.9834164675680618,0.18350349537453975,0.18948765363923759,0.002586368376343866,0.17843421335690576,0.18857277739217373,0.9793236034680609,0.9784629554040494,0.001895285129879044,0.975608844613498,0.9830383623226239,0.18464390919776952,0.18970635804709618,0.003888813270578097,0.17702183518743644,0.1922659832081026,0.038671536432626955,0.034921175067753385,0.001253252000767514,0.036215162511122626,0.041127910354131283,0.03848167774010798,0.03473131637523441,0.001253252000767514,0.03602530381860365,0.04093805166161231,0.03832211589112329,0.03479132174821782,0.001232254685166967,0.03590689670819604,0.04073733507405054,0.0001595618489847123,0.00014533106943305342,8.68978074530729e-05,-1.0757853623310593e-05,0.0003298815515927352
strong_low_noise,180,1.438449888287663e-07,15.653137047933015,0.0002362226896743605,0.9425247799036047,200,14.589603770462922,14.594060714974686,0.02000210531609762,14.55039964404337,14.628807896882474,0.9758857381586923,0.9712473485887727,0.0012057940872057036,0.9735223817477691,0.9782490945696155,0.18916862701953086,0.19524853207557752,0.002542902142261852,0.18418453882069763,0.19415271521836408,0.9742853935119413,0.9727386120755694,0.001811929392738411,0.970734011902174,0.9778367751217086,0.19042161412486933,0.19465825925310387,0.0038326473691851826,0.18290962528126636,0.1979336029684723,0.03359718094476188,0.028958791374842363,0.0012057940872057034,0.0312338245338387,0.03596053735568506,0.033360958255087496,0.028722568685167982,0.0012057940872057034,0.030997601844164318,0.03572431466601068,0.033159472200482314,0.02900258549643969,0.0011789618800996185,0.03084870691548706,0.03547023748547756,0.0002014860546051391,0.00019477585233564404,0.00010740799060781366,-9.033606986175657e-06,0.0004120057161964539
strong_low_noise,180,1.8329807108324338e-07,13.492542019275113,0.00030755731153178645,0.9425961145254621,200,12.683192145451722,12.690777124853355,0.017707193634551966,12.648486045928,12.717898244975444,0.9717852987550004,0.9671508896897993,0.0011693054925495684,0.9694934599896032,0.9740771375203976,0.19415586658073244,0.20074134097169324,0.0025041222019141743,0.18924778706498066,0.19906394609648423,0.9702282714093677,0.9698471525336436,0.0017433535947768322,0.9668112983636051,0.9736452444551303,0.1955083745995309,0.19830683597669474,0.003780305332052403,0.1880989761487082,0.2029177730503536,0.029496741541070116,0.024862332475868998,0.0011693054925495684,0.027204902775672963,0.03178858030646727,0.029189184229538357,0.02455477516433724,0.0011693054925495684,0.026897345464141204,0.03148102299493551,0.028937562415734037,0.024270267088788416,0.0011351171892185785,0.026712732724865622,0.031162392106602453,0.0002516218138043227,0.00025640582957962995,0.00013209081274091799,-7.276179167876569e-06,0.000510519806776522
strong_low_noise,180,2.3357214690901212e-07,11.637737050362711,0.00041688650307709907,0.9427054437170075,200,11.024022599248873,11.028386364905952,0.01557298865007198,10.993499541494732,11.054545657003015,0.9685277669190665,0.9637393639107754,0.0011424917289284365,0.9662884831303667,0.9707670507077663,0.1983937065567839,0.2054292170072179,0.0024755893741459523,0.19354155138345783,0.20324586173010997,0.9670207210114338,0.9664819203785274,0.0016874359286397566,0.9637133465912998,0.9703280954315677,0.1998300884889764,0.20154648086960975,0.003737178878918987,0.19250521788629518,0.20715495909165763,0.0262392097051362,0.021450806696845126,0.0011424917289284363,0.023999925916436463,0.028478493493835935,0.025822323202059058,0.021033920193767985,0.0011424917289284363,0.023583039413359323,0.028061606990758794,0.02551126651222782,0.02086409191084674,0.0010990272667396287,0.023357173069418147,0.027665359955037494,0.00031105668983128355,0.00032216093307217545,0.00016139118408330618,-5.270030971996542e-06,0.0006273834106345637
strong_low_noise,180,2.976351441631313e-07,10.054225560643511,0.0005829798403707356,0.942871537054301,200,9.590036325509152,9.595618266339443,0.013613277377462108,9.563354301849326,9.616718349168977,0.9660007211619799,0.9615377015782907,0.0011237595385630206,0.9637981524663963,0.9682032898575634,0.20182929481766138,0.21010178456535528,0.002461685904476381,0.19700439044488766,0.2066541991904351,0.9645496679381145,0.9638668863432278,0.0016418526205997023,0.961331636801739,0.9677676990744899,0.20333288921380613,0.2043921761790109,0.003707313307402436,0.19606655513129737,0.2105992232963149,0.023712163948049605,0.01924914436436026,0.0011237595385630208,0.021509595252466086,0.025914732643633125,0.023129184107678905,0.01866616452398956,0.0011237595385630208,0.020926615412095385,0.025331752803262424,0.022748521844622605,0.01835975916187628,0.0010686389897837409,0.020653989424646472,0.02484305426459874,0.0003806622630562409,0.0003324894151568134,0.00019557538431654026,-2.6654902041780334e-06,0.0007639900163166598
strong_low_noise,180,3.792690190732246e-07,8.709237375402362,0.0008320636053589306,0.9431206208192893,200,8.358645007757806,8.363609057707983,0.01183737503038042,8.33544375269826,8.381846262817351,0.9641094089918522,0.9597854982263396,0.0011114311235428252,0.9619310039897082,0.9662878139939961,0.20443197861794243,0.2125945216582486,0.0024649444380398663,0.19960068751938428,0.20926326971650058,0.9627197770325137,0.9613364234390751,0.0016042482919367375,0.9595754503803177,0.9658641036847097,0.2059868855715538,0.20772328311792979,0.0036929701364050997,0.1987486641041998,0.21322510703890782,0.02182085177792197,0.01749694101240923,0.0011114311235428255,0.01964244677577803,0.023999256780065908,0.02098878817256305,0.016664877407050305,0.0011114311235428252,0.01881038317041911,0.023167193174706988,0.020528001403252557,0.01668404709239379,0.0010418144400059222,0.01848604510084095,0.022569957705664164,0.0004607867693105046,0.00038076024514879976,0.00023459328336401103,9.839339170430116e-07,0.0009205896047039662
strong_low_noise,180,4.832930238571752e-07,7.571915714296506,0.0011993592469317776,0.9434879164608622,200,7.307185198458331,7.31229790828603,0.010251524424183318,7.287092210586932,7.32727818632973,0.9627771121700087,0.9585125173366019,0.0011039243549552937,0.9606134204342963,0.9649408039057211,0.2061939945853053,0.21542062027881817,0.002486018469692934,0.20132139838470714,0.21106659078590345,0.9614539156594338,0.9599135387626601,0.0015723981539651696,0.9583720152776621,0.9645358160412055,0.20778624752647679,0.2114189207115209,0.0036947253326067298,0.20054458587456758,0.215027909178386,0.020488554956078334,0.016223960122671577,0.0011039243549552935,0.01832486322036596,0.02265224669179071,0.019289195709146514,0.015024600875739758,0.0011039243549552935,0.01712550397343414,0.02145288744485889,0.01873834857674663,0.015054872888393946,0.0010166315616190167,0.01674575071597336,0.020730946437519902,0.0005508471323999387,0.0004546110239742157,0.0002779162670902458,6.131248903056951e-06,0.0010955630158968205
strong_low_noise,180,6.158482110660254e-07,6.6134408721159454,0.0017298239340581695,0.9440183811479885,200,6.413344021591196,6.420477091533922,0.008859148262077631,6.395980090997524,6.430707952184868,0.9619465563189047,0.9576895045282856,0.0010997781270288803,0.959790991189928,0.9641021214478813,0.20712594079376034,0.21727933152757817,0.002524228827891044,0.2021784522910939,0.21207342929642678,0.9606945145688007,0.959106768293299,0.001544282397578673,0.9576677210695466,0.9637213080680549,0.2087438465244211,0.21411303580058844,0.003711999003248513,0.20146832847805402,0.21601936457078819,0.019657999104974372,0.015400947314355318,0.0010997781270288805,0.017502433975997767,0.021813564233950977,0.01792817517091619,0.013671123380297134,0.0010997781270288805,0.015772610041939583,0.020083740299892794,0.01727930093796302,0.01365438124606895,0.0009915889482043636,0.015335786599482468,0.019222815276443574,0.0006488742329531957,0.0004522992361087056,0.00032437861474397096,1.3092148055012616e-05,0.0012846563178513788
strong_low_noise,180,7.847599703514607e-07,5.807176045052332,0.002477179458627611,0.9447657366725579,200,5.655597723471775,5.659233832289937,0.007659840636397017,5.640584435824437,5.670611011119114,0.9615807872254709,0.9580780948299672,0.0010975116064363612,0.9594296644768556,0.9637319099740862,0.207247358181708,0.2180870021498889,0.0025782895031731513,0.20219391075548862,0.21230080560792738,0.9604042745830205,0.9580639377920237,0.0015180493497323451,0.957428897857545,0.9633796513084959,0.20888136203894692,0.21181902456294255,0.00374371665402392,0.20154367739706003,0.2162190466808338,0.01929223001154066,0.015789537616036797,0.001097511606436361,0.017141107262925392,0.02144335276015593,0.01681505055291308,0.013312358157409221,0.0010975116064363612,0.014663927804297813,0.01896617330152835,0.016063924144999218,0.012661643164899775,0.0009656700421688798,0.014171210862348214,0.017956637427650222,0.0007511264079138214,0.000645771305616643,0.0003720729261602786,2.186347263967534e-05,0.0014803893431879676
strong_low_noise,180,1e-06,5.128859966545513,0.003500211694818324,0.9457887689087486,200,5.013663089978606,5.016915148513361,0.006647717191597409,5.000633564283075,5.026692615674137,0.9616613713989149,0.9583171634723866,0.0010954162589052767,0.9595143555314606,0.9638083872663693,0.20657565922728235,0.21679438876382867,0.002646793226320148,0.20138794450369488,0.21176337395086983,0.9605641476543687,0.9581887560355442,0.0014919113881307468,0.9576400013336325,0.9634882939751049,0.20821829451344903,0.21094515509406764,0.003788785341966579,0.20079227524319454,0.21564431378370352,0.019372814184984537,0.016028606258456257,0.0010954162589052767,0.017225798317530194,0.02151983005243888,0.015872602490166247,0.012528394563637968,0.0010954162589052767,0.013725586622711904,0.01801961835762059,0.015020654726644787,0.011625643622308442,0.0009382896810372903,0.013181606951811699,0.016859702501477877,0.0008519477635214226,0.000764224116551837,0.0004183692382231031,3.194405660414043e-05,0.0016719514704387046
strong_low_noise,180,1.2742749857031322e-06,4.556809444678336,0.0048556797110469035,0.9471442369249773,200,4.468918890475988,4.475382254666572,0.005810091712997384,4.457531110718513,4.480306670233462,0.962182362059378,0.9587522089345049,0.0010914356734317292,0.9600431481394518,0.9643215759793042,0.20511777545064178,0.21427761590288213,0.0027282790417407017,0.19977034852883,0.21046520237245356,0.9611671226743388,0.9584695023739734,0.0014640630583138336,0.9582975590800437,0.9640366862686339,0.20676406694317115,0.21154108139634922,0.0038462198098838246,0.19922547611579886,0.21430265777054344,0.019893804845447654,0.016463651720574457,0.0010914356734317292,0.017754590925521466,0.022033018765373842,0.015038125134400709,0.011607972009527512,0.0010914356734317292,0.01289891121447452,0.017177339054326897,0.014094054129848276,0.010680320416352859,0.0009091738261080574,0.012312073430676484,0.01587603482902007,0.0009440710045524818,0.0009662571889711154,0.0004601268343667191,4.22224091937123e-05,0.0018459195999112512
strong_low_noise,180,1.6237767391887209e-06,4.072064965495742,0.0065882086720570505,0.9488767658859873,200,4.004734472753696,4.012646413490955,0.0051274919768850465,3.994684588479001,4.0147843570283905,0.9631400781210406,0.9593199207171278,0.0010832653182704028,0.9610168780972307,0.9652632781448506,0.2028678881362082,0.21068279218217753,0.0028209625987182193,0.1973388014427205,0.2083969748296959,0.9622079402528095,0.9597377697656506,0.001432713575554155,0.9593998216447234,0.9650160588608957,0.20451622411846487,0.2115413098743585,0.003914937474699323,0.19684294666805421,0.21218950156887553,0.020851520907110323,0.01703136350319745,0.0010832653182704028,0.018728320883300332,0.022974720930920314,0.014263312235053316,0.010443154831140444,0.0010832653182704028,0.012140112211243326,0.016386512258863305,0.013243818743566312,0.009744439939495933,0.0008782230223876681,0.011522501619686482,0.014965135867446142,0.0010194934914869737,0.000875946612254642,0.0004941301316723522,5.099843340916339e-05,0.001987988549564784
strong_low_noise,180,2.06913808111479e-06,3.658420133289792,0.008719127923436886,0.9510076851373672,200,3.6066524585197586,3.6141543377804055,0.004575720813867219,3.597684045724579,3.6156208713149383,0.9645208355365216,0.9611242361056809,0.0010687037459450332,0.9624261761944694,0.9666154948785738,0.19981245455533692,0.2069663006707501,0.0029223450242884938,0.19408465830773147,0.20554025080294236,0.9636709143708412,0.9617933131353436,0.0013962753310182415,0.9609342147220454,0.9664076140196369,0.20146561093587903,0.2097715411998024,0.003993362025505676,0.19363862136588791,0.20929260050587015,0.022232278322591115,0.018835678891750474,0.001068703745945033,0.02013761898053885,0.02432693766464338,0.01351315039915424,0.010116550968313598,0.001068703745945033,0.011418491057101975,0.015607809741206506,0.012442293364069929,0.008746499962253166,0.000845401366804729,0.01078530668513266,0.014099280043007197,0.0010708570350842779,0.000675032203187042,0.0005177001253337161,5.6164789430194215e-05,0.0020855492807383613
strong_low_noise,180,2.6366508987303555e-06,3.3023092582021345,0.011237659986201316,0.9535262172001316,200,3.262404810812529,3.2695236827728316,0.004129758052589501,3.2543104850294537,3.2704991365956047,0.966290439471915,0.9633000406778723,0.001046147127073732,0.9642399911028504,0.9683408878409795,0.19594148394512304,0.20173172497828507,0.003028946412512264,0.190004748976599,0.20187821891364707,0.9655196557385827,0.964188765992426,0.0013536577534051224,0.9628664865419087,0.9681728249352567,0.1976072684531419,0.20502961755691207,0.004079036019810002,0.1896123578543143,0.20560217905196948,0.024001882257984518,0.021011483463941993,0.001046147127073732,0.021951433888920003,0.026052330627049033,0.012764222271783221,0.009773823477740695,0.001046147127073732,0.010713773902718706,0.014814670640847736,0.011671234654177041,0.007945496744761511,0.0008106807484003441,0.010082300387312367,0.013260168921041716,0.0010929876176061482,0.0008007559663245052,0.0005293318709383198,5.549715056704131e-05,0.002130478084645255
strong_low_noise,180,3.359818286283781e-06,2.9925694575914337,0.014098092659504458,0.9563866498734348,200,2.9617818084706222,2.969197010132815,0.0037680137704804643,2.9543965014804807,2.9691671154607637,0.9683894412537597,0.9654693209715415,0.0010150134334112166,0.9664000149242737,0.9703788675832457,0.19126311272381208,0.19661941293949642,0.0031363758907059164,0.18511581597802848,0.19741040946959568,0.9676926385623483,0.9661461643361111,0.0013045284217959156,0.9651357628556283,0.9702495142690684,0.19295407835754372,0.19705863683975394,0.00416846438773169,0.18478388815758962,0.20112426855749782,0.026100884039829325,0.023180763757611078,0.0010150134334112166,0.024111457710343343,0.028090310369315308,0.012002791380324873,0.00908267109810662,0.0010150134334112166,0.010013365050838888,0.013992217709810857,0.010918733928879952,0.007203710134021046,0.0007740492170184301,0.00940159746352383,0.012435870394236074,0.0010840574514449192,0.0008510741837976785,0.0005291347041595332,4.69534312922341e-05,0.0021211614715976046
strong_low_noise,180,4.281332398719387e-06,2.720127187685605,0.01722487497617823,0.9595134321901085,200,2.696405660765779,2.699506001293913,0.0034748044177150324,2.6895950441070573,2.7032162774245005,0.970736329438393,0.9681351320197227,0.0009758793769932692,0.9688236058594862,0.9726490530172999,0.18581721678757546,0.19115701877922853,0.0032398442623466977,0.17946712203337592,0.192167311541775,0.9701066925651264,0.9680603218809245,0.0012493832157393142,0.9676579014622774,0.9725554836679754,0.18754916169772393,0.19121515340300627,0.004257366296019082,0.17920472375752652,0.19589359963792133,0.028447772224462677,0.02584657480579239,0.0009758793769932692,0.02653504864555587,0.030360495803369483,0.011222897248284482,0.008621699829614193,0.0009758793769932692,0.009310173669377675,0.01313562082719129,0.010177004336822148,0.006815648784590202,0.0007355622682234095,0.008735302291104266,0.01161870638254003,0.0010458929114622677,0.0009902867314272434,0.0005188583831310777,2.893048052535533e-05,0.00206285534239918
strong_low_noise,180,5.455594781168514e-06,2.4776712838792476,0.02052446565873472,0.962813022872665,200,2.459472079720839,2.4620626336203695,0.003239744561928002,2.4531221803794603,2.465821979062218,0.9732375772231879,0.971097373251141,0.0009302281802959007,0.9714143299898079,0.9750608244565679,0.17968355462417104,0.18503715016231403,0.0033350384552821412,0.17314687925181804,0.18622022999652404,0.9726672641596378,0.9708148928470584,0.0011893446976503283,0.9703361485522431,0.9749983797670324,0.18147304980109957,0.18546588960336308,0.004341363194606744,0.17296397793967036,0.18998212166252879,0.03094902000925767,0.02880881603721064,0.0009302281802959007,0.029125772775877707,0.03277226724263764,0.010424554350523006,0.008284350378475969,0.0009302281802959007,0.00860130711714304,0.01224780158390297,0.009441256444062232,0.006326831695499862,0.0006953900598996153,0.008078291926658985,0.010804220961465478,0.000983297906460724,0.001602953893937139,0.0005014017432510876,5.504896885921793e-07,0.001966045323232856
strong_low_noise,180,6.951927961775606e-06,2.2593614271323856,0.02389990966536011,0.9661884668792905,200,2.2455103547348823,2.2479166197161824,0.0030546498101610467,2.2395232411069665,2.251497468362798,0.9758005267493541,0.9739137559115301,0.0008798890742954183,0.9740759441637351,0.9775251093349732,0.1729813002085853,0.17861191999656065,0.003419068881766371,0.1662799252003232,0.1796826752168474,0.9752813860793189,0.9738236990419473,0.0011257482185379072,0.9730749195709846,0.9774878525876532,0.17484300300193795,0.17848938911737935,0.004416910086183439,0.1661858592330184,0.1835001467708575,0.03351196953542386,0.031625198697599666,0.0008798890742954183,0.03178738694980484,0.03523655212104288,0.009612059870063703,0.007725289032239513,0.0008798890742954183,0.007887477284444683,0.011336642455682722,0.008709354721025072,0.005740071340218696,0.0006538109525787252,0.00742788525397077,0.009990824188079374,0.0009027051490386501,0.001265123335996344,0.0004799065540973734,-3.791169699220176e-05,0.0018433219950695018
strong_low_noise,180,8.858667904100815e-06,2.0605907323996413,0.027263255909956985,0.9695518131238874,200,2.0501833690174074,2.052517076868552,0.0029102613523711955,2.04447925676676,2.055887481268055,0.9783441896086174,0.9766589580998875,0.0008264095236919124,0.9767244269421812,0.9799639522750535,0.16585970814946627,0.16988914257755655,0.0034910889482798156,0.15901717381083783,0.1727022424880947,0.9778684377438003,0.9765906833236093,0.0010596967225906953,0.9757914321675225,0.979945443320078,0.16780434978999964,0.17148759934229962,0.00448209893805028,0.1590194358714211,0.1765892637085782,0.03605563239468697,0.03437040088595705,0.0008264095236919124,0.03443586972825082,0.037675395061123114,0.008792376484729929,0.007107144976000013,0.0008264095236919124,0.007172613818293781,0.010412139151166077,0.007981646324404117,0.005293408975512949,0.0006111309948871851,0.006783829574425234,0.009179463074382999,0.0008107301603258776,0.0012805583052276671,0.0004567756889113469,-8.455018994036223e-05,0.0017060105105921176
strong_low_noise,180,1.1288378916846883e-05,1.8777910814794638,0.03054251668727,0.9728310739012004,200,1.8701199540452627,1.8735931685324152,0.002795279394688115,1.864641206431674,1.8755987016588513,0.98080466572455,0.9790409840413243,0.00077064898733137,0.9792941937093805,0.9823151377397196,0.15848287211433815,0.16430244423960233,0.0035522559098254535,0.15152045053108026,0.16544529369759603,0.980365432425215,0.9794120904917549,0.0009917916760809051,0.9784215207400965,0.9823093441103335,0.16051638899767562,0.16306049279693252,0.00453693528591239,0.15162399583728733,0.1694087821580639,0.03851610851061968,0.03675242682739399,0.0007706489873313698,0.037005636495450196,0.04002658052578916,0.007973591823349639,0.006209910140123953,0.0007706489873313698,0.006463119808180154,0.009484063838519123,0.007260451529784872,0.004683263409214192,0.0005675594258838691,0.006148035055052488,0.008372868004517255,0.0007131402935648099,0.0008862590643162022,0.00043308223641354634,-0.00013570088980574102,0.0015619814769353606
strong_low_noise,180,1.43844988828766e-05,1.7082563105492263,0.03368279173763309,0.9759713489515635,200,1.7027585009578388,1.7058456711996601,0.002698396297107642,1.6974696442155077,1.7080473577001698,0.9831349279357258,0.9813893881016957,0.0007127754328040418,0.9817378880874299,0.9845319677840216,0.15101340682027392,0.15626707020574715,0.0036049570297056123,0.1439476910420509,0.15807912259849694,0.9827266222837439,0.9817926250044309,0.0009221573453277394,0.9809191938869015,0.9845340506805862,0.15313702085467937,0.15602397884162134,0.004582874366466689,0.14415458709640466,0.16211945461295407,0.04084637072179538,0.03910083088776545,0.0007127754328040418,0.03944933087349946,0.0422434105700913,0.007163578984162271,0.005418039150132337,0.0007127754328040418,0.005766539135866349,0.008560618832458193,0.006549130349880583,0.004129519704927901,0.0005231134535912304,0.005523827980841772,0.007574432718919394,0.0006144486342817151,0.0006553168498418286,0.0004086773440282381,-0.0001865589600136316,0.0014154562285770618
strong_low_noise,180,1.8329807108324338e-05,1.5499669395977995,0.0366436545620701,0.9789322117760004,200,1.5461880808987223,1.5488952962947709,0.0026116225828824117,1.5410693006362728,1.5513068611611718,0.9853013334911913,0.9836702118335905,0.0006526315943878948,0.9840221755661911,0.9865804914161915,0.14359956210815136,0.1497165199819931,0.0036515964986015476,0.13644243297089234,0.15075669124541038,0.9849198201166169,0.9836826498204106,0.000850720647847709,0.9832524076468354,0.9865872325863985,0.1458102798085306,0.15002746736740002,0.004621797393872795,0.13675155691653992,0.15486900270052126,0.043012776277260995,0.04138165461966009,0.0006526315943878948,0.04173361835226072,0.04429193420226127,0.0063691217151909075,0.004738000057590008,0.0006526315943878948,0.005089963790190634,0.007648279640191181,0.005851104995450217,0.0036612718180319363,0.0004776284997181631,0.004914953136002618,0.006787256854897817,0.0005180167197406779,0.0003657954002327403,0.0003828768713221572,-0.00023242194805075023,0.0012684553875321062
strong_low_noise,180,2.3357214690901213e-05,1.4014220498695682,0.0393957093747827,0.981684266588713,200,1.3989933690831506,1.3993155521663159,0.0025322616543871036,1.3940301362405518,1.4039566019257494,0.9872800468834536,0.9857277989035204,0.0005902514254112331,0.9861231540896476,0.9884369396772597,0.1363682863389667,0.14201275524522047,0.003693531388242145,0.1291289648180121,0.1436076078599213,0.9869226476389032,0.9859768324420891,0.0007775853278950379,0.985398580396229,0.9884467148815775,0.13865951610504848,0.14249882337817707,0.004654989709067889,0.12953573627527543,0.14778329593482153,0.044991489669523294,0.043439241689590014,0.0005902514254112331,0.04383459687571728,0.04614838246332931,0.00559578029474064,0.004043532314807363,0.0005902514254112331,0.004438887500934623,0.006752673088546657,0.00516940093549203,0.0031427363790342156,0.00043090041072514314,0.00432483613047075,0.006013965740513311,0.0004263793592485672,0.00014445869289754574,0.00035525473608834403,-0.0002699199234845871,0.0011226786419817215
strong_low_noise,180,2.976351441631313e-05,1.2615020528390948,0.04191835734034953,0.9842069145542799,200,1.260126457174018,1.259537006558808,0.0024619127148063475,1.2553011082529977,1.2649518060950384,0.989055478133279,0.9875326257473294,0.0005262661600428471,0.988023996459595,0.9900869598069629,0.1294241790334484,0.1342220898614655,0.0037306854815252156,0.12211203548965899,0.13673632257723783,0.9887208285154141,0.9876601433117623,0.0007033176096644442,0.9873423260004718,0.9900993310303564,0.1317865517062901,0.13523047282321526,0.004682681909373107,0.12260849516391882,0.14096460824866142,0.04676692091934848,0.04524406853339907,0.0005262661600428471,0.045735439245664505,0.04779840259303246,0.004848563578998934,0.0033257111930495298,0.0005262661600428471,0.003817081905314954,0.005880045252682914,0.0045070323045422475,0.002704186232759709,0.0003829107004591822,0.0037565273316422505,0.005257537277442245,0.0003415312744567096,9.928926362454509e-05,0.00032609814620936735,-0.00029762109211365045,0.0009806836410270695
strong_low_noise,180,3.792690190732246e-05,1.129386434272404,0.04419919853956761,0.9864877557534979,200,1.1288289694124354,1.1288649752875775,0.0024028268985388955,1.1241194286912992,1.1335385101335715,0.9906208573004602,0.9893395962979108,0.00046203984143858675,0.9897152592112406,0.9915264553896799,0.12285214307046893,0.12729619663925607,0.003761943838214374,0.11547873314756876,0.1302255529933691,0.9903086532832862,0.9891107468066542,0.0006290321658381779,0.9890757502382433,0.9915415563283291,0.12527466021723618,0.12693845155801098,0.004704298349532916,0.11605423545215167,0.1344950849823207,0.04833230008652985,0.047051039083980506,0.00046203984143858675,0.047426701997310215,0.04923789817574948,0.004133101546962293,0.0028518405444129535,0.0004620398414385868,0.0032275034577426633,0.005038699636181924,0.003868044905297945,0.0022368582063038802,0.00033403459925185336,0.0032133370907643124,0.004522752719831578,0.0002650566416642975,0.00012258744871270313,0.00029638061896953937,-0.0003158493715159997,0.0008459626548445947
strong_low_noise,180,4.8329302385717524e-05,1.0045314359469182,0.04623425037702535,0.9885228075909557,200,1.0046099541854163,1.005575555238809,0.002353683705108672,0.9999967341234033,1.0092231742474294,0.9919794990820651,0.9908650985926581,0.00039951460019507117,0.9911964504656827,0.9927625476984474,0.11672072951580206,0.12116089725707063,0.003785981742405126,0.10930020530068801,0.12414125373091611,0.9916901722633156,0.9906556577089112,0.0005562667214425464,0.9905998894892882,0.9927804550373429,0.11919209562605616,0.12080812127226098,0.004719114988043631,0.10994263024949065,0.1284415610026217,0.04969094186813482,0.048576541378727744,0.00039951460019507117,0.04890789325175248,0.050473990484517166,0.0034566914911094847,0.0023422910017024123,0.00039951460019507117,0.0026736428747271453,0.004239740107491824,0.0032585719179634744,0.0018790586840198719,0.00028513529394951756,0.00269970674182242,0.0038174370941045288,0.00019811957314598734,0.00024609242552986173,0.00026738381155936696,-0.00032595269751037185,0.0007221918438023465
strong_low_noise,180,6.158482110660255e-05,0.8866854044740867,0.04802785282632378,0.9903164100402542,200,0.8872592107234445,0.8879659197516411,0.0023074379740457497,0.8827366322943149,0.8917817891525741,0.9931449563341979,0.992273820062529,0.0003408412985813035,0.9924769073889785,0.9938130052794172,0.11108388358205698,0.11433122397413042,0.003802030600278435,0.10363190360551125,0.11853586355860271,0.9928793162731424,0.9921822509393916,0.00048670637974641666,0.9919253717688394,0.9938332607774454,0.11359368396678877,0.11483620789841847,0.0047268823318769755,0.1043289945963099,0.12285837333726765,0.050856399120267536,0.049985262848598555,0.0003408412985813035,0.050188350175048184,0.05152444806548689,0.0028285462939437083,0.0019574100222747304,0.00034084129858130355,0.002160497348724353,0.0034965952391630634,0.002687149874115018,0.0015247967405098402,0.0002374971100480508,0.0022216555384208386,0.0031526442098091974,0.00014139641982872884,0.0002574464492024114,0.0002402130374951055,-0.00032942113366167796,0.0006122139733191356
strong_low_noise,180,7.847599703514606e-05,0.7759008110672175,0.04959160465759471,0.9918801618715251,200,0.7768576438216251,0.7776785231051464,0.0022526353568985058,0.7724424785221041,0.7812728091211462,0.994139052927424,0.9934614261740655,0.00028791252870804526,0.9935747443711562,0.9947033614836918,0.10598042750264554,0.10791865127759995,0.003810251006877432,0.09851233552916577,0.1134485194761253,0.9938979366319026,0.9935147174511385,0.0004218552133515023,0.9930711004137337,0.9947247728500715,0.10851987796663756,0.10972485368690545,0.004728114882419439,0.09925277279709546,0.11778698313617966,0.051850495713493656,0.05117286896013512,0.0002879125287080452,0.05128618715722589,0.052414804269761424,0.0022588910558989424,0.0015812643025404083,0.00028791252870804526,0.0016945824996311737,0.002823199612166711,0.0021638668888713185,0.0012356696588932117,0.00019261478688323096,0.0017863419065801858,0.0025413918711624513,9.50241670276292e-05,0.000244006178312803,0.00021544023554260206,-0.00032723869463587084,0.0005172870286911292
strong_low_noise,180,0.0001,0.6725033669342569,0.05094239220652001,0.9932309494204503,200,0.6737470983102153,0.6749628645136634,0.002177277940675373,0.6694796335464915,0.678014563073939,0.9949880534711881,0.9944696921129487,0.00024193496359922113,0.9945138609425337,0.9954622459998426,0.10143219043079772,0.10115848518544468,0.003811671858160781,0.0939613135888026,0.10890306727279285,0.9947720220243326,0.9944507315257837,0.00036276359183631904,0.9940610053843334,0.9954830386643317,0.10399439257031495,0.10671755039550018,0.004724004292088193,0.0947353441578221,0.1132534409828078,0.052699496257257866,0.05218113489901832,0.0002419349635992211,0.052225303728603394,0.05317368878591234,0.0017571040507378933,0.0012387426924983513,0.0002419349635992211,0.00128291152208342,0.002231296579392367,0.0016984994104069944,0.0009812681760898844,0.00015190817115201923,0.0014007593949490367,0.001996239425864952,5.860464033086e-05,0.00013676139905967411,0.00019302200236137585,-0.00031971848429743666,0.0004369277649591566
strong_low_noise,180,0.0001274274985703132,0.5770003387111425,0.052100056442899806,0.9943886136568302,200,0.5784422793819273,0.5790152989634596,0.002072925755531166,0.5743793449010862,0.5825052138627683,0.9957182022053845,0.9952821837244425,0.0002031876991034367,0.9953199543151418,0.9961164500956273,0.09744245309011557,0.0955779474894892,0.0038078600633536367,0.08997904736594244,0.1049058588142887,0.9955273200720697,0.9954168358201279,0.00030990181055511187,0.9949199125233816,0.9961347276207577,0.10002226372654632,0.10263223707500231,0.004716104102141567,0.09077869968634886,0.10926582776674379,0.053429644991454195,0.05299362651051215,0.0002031876991034367,0.05303139710121146,0.05382789288169693,0.0013295885485543656,0.0008935700676123148,0.0002031876991034367,0.0009313406583116297,0.0017278364387971015,0.0012983151427217255,0.0007491517498189305,0.00011645489370809038,0.0010700635510538683,0.0015265667343895826,3.1273405832664746e-05,7.601117450269874e-05,0.00017249496605489394,-0.00030681672763492737,0.00036936353930025684
strong_low_noise,180,0.00016237767391887175,0.4899408480802734,0.053085318279580504,0.9953738754935109,200,0.49149636006838116,0.492225632236035,0.0019371253814743504,0.48769959432069143,0.4952931258160709,0.9963520883088935,0.9960328005085242,0.0001710755224948633,0.9960167802848036,0.9966873963329835,0.0939960936711582,0.09150899777252193,0.0038005318056657023,0.08654705133205343,0.10144513601026298,0.9961858087224322,0.9961930030882888,0.0002632124195848045,0.995669912380046,0.9967017050648185,0.0965897857060713,0.09845506998619255,0.004705981936778392,0.08736606110998565,0.10581351030215694,0.05406353109496326,0.05374424329459382,0.0001710755224948633,0.05372822307087333,0.05439883911905319,0.0009782128153827429,0.0006589250150133008,0.0001710755224948633,0.0006429047912928108,0.0013135208394726748,0.0009663901664315602,0.0005629555137752487,8.682094009305363e-05,0.000796221123849175,0.0011365592090139454,1.1822648951189084e-05,3.904371378334931e-05,0.00015330252798027903,-0.0002886503058901578,0.000312295603792536
strong_low_noise,180,0.00020691380811147902,0.4117645536368164,0.05391834427435395,0.9962069014882843,200,0.4133545788155545,0.41318998385496075,0.0017735662334862905,0.40987838899792134,0.41683076863318763,0.9969067853636454,0.9966622554493689,0.00014446127128153594,0.9966236412719336,0.9971899294553572,0.09106188827516458,0.0875381661018525,0.0037912498799014325,0.08363103851055777,0.09849273803977139,0.9967639458241164,0.9969002819294396,0.00022229206845185968,0.9963282533699508,0.9971996382782821,0.09366676240900013,0.09618893862321046,0.004694970992518022,0.0844646192636648,0.10286890555433545,0.05461822814971498,0.05437369823543858,0.00014446127128153594,0.05433508405800317,0.05490137224142679,0.000699883875361047,0.000455353961084648,0.00014446127128153594,0.00041673978364923655,0.0009830279670728574,0.0007010286514135316,0.00041154077426811507,6.302672047797324e-05,0.0005774962792767041,0.0008245610235503592,-1.1447760525006619e-06,-9.828329459453847e-06,0.000135061431615433,-0.0002658651820187493,0.000263575629913748
strong_low_noise,180,0.00026366508987303556,0.3426803051322296,0.054618004377141594,0.9969065615910719,200,0.3442356536503408,0.3434453233222923,0.0015904623404067737,0.3411183474631435,0.3473529598375381,0.9973938649946416,0.9971698488960388,0.0001221041998900812,0.997154540762857,0.9976331892264261,0.08859649049548148,0.08413100822580279,0.0037812576653850826,0.08118522547132671,0.09600775551963624,0.9972727756447353,0.9974479534738869,0.00018660066236436944,0.9969070383465011,0.9976385129429695,0.09121053886534496,0.0938875189531708,0.004684057976648977,0.08202978523111296,0.10039129249957696,0.0551053077807113,0.054881291682108424,0.0001221041998900812,0.054865983548926744,0.055344632012495856,0.0004873034035697099,0.0002632873049668305,0.00012210419989008118,0.0002479791717851508,0.0007266276353542691,0.0004963624470462395,0.00029008053824672005,4.4634682617590986e-05,0.0004088784691157612,0.0005838464249767178,-9.059043476530712e-06,8.695404940002048e-06,0.00011766239450880355,-0.00023967733671378567,0.00022155924976072425
strong_low_noise,180,0.0003359818286283774,0.28260290647035285,0.0552016375364756,0.9974901947504059,200,0.2840686164898936,0.28290123707637294,0.0013981388625967045,0.2813282643192041,0.28680896866058314,0.9978206922459976,0.9976517624155639,0.00010298635484367905,0.997618838990504,0.9980225455014912,0.08654913750698219,0.08193865190102029,0.003771434044202779,0.07915712678034474,0.09394114823361964,0.9977192842306803,0.9978914044121698,0.00015560913492333685,0.9974142903262306,0.9980242781351301,0.08917079930183892,0.09162633147548974,0.004673880167408306,0.08000999417371865,0.0983316044299592,0.0555321350320672,0.05536320520163357,0.00010298635484367906,0.055330281776573585,0.055733988287560814,0.0003304974955916434,0.00016156766515801335,0.00010298635484367905,0.0001286442400980325,0.0005323507510852543,0.0003437495283549058,0.00020306729002545181,3.090793996831611e-05,0.00028316996601700624,0.00040432909069280535,-1.325203276330393e-05,-2.363761730388205e-06,0.00010122181656768586,-0.00021164679323596822,0.00018514272770936036
strong_low_noise,180,0.00042813323987193956,0.23115365526738332,0.05568507183263627,0.9979736290465666,200,0.23249145707189722,0.23104052918530443,0.0012067476634236326,0.2301262316515869,0.23485668249220754,0.9981921621772557,0.9980676512889317,8.64255710569334e-05,0.9980227680579841,0.9983615562965273,0.08486615116225775,0.08003266636668918,0.0037623267118031354,0.0774919908071236,0.0922403115173919,0.9981081580800856,0.9982682679603366,0.00012885728163765072,0.9978555978080758,0.9983607183520954,0.08749415757779244,0.09143803361679209,0.004664783490119881,0.07835118193715748,0.0966371332184274,0.05590360496332528,0.05577909407500142,8.64255710569334e-05,0.055734210844053694,0.05607299908259687,0.00021853313068901314,9.402224236515488e-05,8.642557105693339e-05,4.913901141742369e-05,0.0003879272499606026,0.0002334018601732207,0.00013806463698919744,2.0980864640788396e-05,0.00019227936547727546,0.00027452435486916596,-1.486872948421457e-05,2.4131158821530682e-06,8.596502637974223e-05,-0.00018336018118850933,0.0001536227222200802
strong_low_noise,180,0.0005455594781168515,0.18771085380638997,0.05608270521741203,0.9983712624313423,200,0.18889906828412037,0.187383921169598,0.0010246781139373077,0.18689069918080325,0.19090743738743748,0.9985122043549711,0.9984290051154405,7.20231080080967e-05,0.9983710390632753,0.998653369646667,0.08349461464946004,0.0787524055915248,0.0037542218261849983,0.07613633987013745,0.09085288942878263,0.9984432782935377,0.9985685679417193,0.0001059467170395144,0.9982356227281403,0.9986509338589352,0.08612790069837181,0.09023768519566974,0.0046569007397238606,0.07700037524851305,0.09525542614823057,0.05622364714104082,0.05614044790151018,7.20231080080967e-05,0.05608248184934495,0.05636481243273669,0.00014094192362883894,5.7742684098194275e-05,7.20231080080967e-05,-2.2336806703059033e-07,0.00028210721532470845,0.00015576774833035164,9.223232481098135e-05,1.3997970349371692e-05,0.00012833172644558313,0.00018320377021512014,-1.482582470155508e-05,1.4054041437871243e-05,7.211461463986881e-05,-0.00015617046939569795,0.00012651881999258777
strong_low_noise,180,0.0006951927961775591,0.1514871290681091,0.056407556545518704,0.998696113759449,200,0.15251843475998988,0.1511172081602964,0.0008578149367317749,0.15083711748399561,0.15419975203598416,0.9987847356189624,0.9987300746261794,5.955048250920702e-05,0.9986680166732443,0.9989014545646805,0.08238497323895942,0.07781051982123602,0.003747220239656832,0.07504042156923203,0.08972952490868681,0.9987286422456895,0.9988400598435467,8.65105873241274e-05,0.9985590814945342,0.9988982029968447,0.08502263110628708,0.08942785109219305,0.004650225245010226,0.07590818962606703,0.09413707258650712,0.05649617840503215,0.056441517412248954,5.955048250920702e-05,0.0563794594593141,0.056612897350750195,8.862185951349134e-05,3.396086673029819e-05,5.955048250920702e-05,-2.8097086204554412e-05,0.00020534080523153708,0.00010243233288831763,6.0695474065831364e-05,9.202229647574632e-06,8.439596277907136e-05,0.0001204687029975639,-1.3810473374875312e-05,-1.0830272202708611e-07,5.982025086936092e-05,-0.0001310581650788227,0.00010343721832907209
strong_low_noise,180,0.0008858667904100832,0.12161127043331371,0.05667127816157233,0.9989598353755027,200,0.12248929801811126,0.12126885431214866,0.0007094980024629952,0.12109868193328378,0.12387991410293873,0.999014055392542,0.998979828996365,4.8850514431707114e-05,0.9989183083842558,0.9991098024008281,0.08149259000135764,0.07706214397696534,0.0037413041557343885,0.07415963385611823,0.08882554614659705,0.9989687195416539,0.9990748562882499,7.018920778398953e-05,0.9988311486943973,0.9991062903889105,0.08413384419627093,0.0887581137479857,0.004644669377071899,0.07503029221721001,0.09323739617533185,0.056725498178611715,0.05669127178243466,4.8850514431707114e-05,0.05662975117032557,0.05682124518689786,5.422001703935697e-05,1.9993620862301942e-05,4.8850514431707114e-05,-4.152699124678897e-05,0.0001499670253255029,6.652599688525837e-05,3.94403219272349e-05,5.974851978698268e-06,5.481528700700977e-05,7.823670676350697e-05,-1.2305979845871815e-05,8.61411136090594e-06,4.913356617985524e-05,-0.00010860776955838808,8.399580986664446e-05
strong_low_noise,180,0.0011288378916846883,0.09719915359832665,0.05688415808181591,0.9991727152957462,200,0.09793485449303549,0.09689557614155575,0.0005809153762450417,0.0967962603555952,0.09907344863047578,0.9992048460883725,0.9991883681258124,3.9778510548940944e-05,0.9991268802076966,0.9992828119690483,0.08077844387026609,0.07649798469836647,0.003736388262892825,0.07345512287499616,0.08810176486553602,0.9991684144296897,0.9992575158121193,5.6621421054839485e-05,0.9990574364444222,0.9992793924149572,0.08342263582743187,0.08783607014419603,0.004640106100572831,0.07432802787030912,0.09251724378455461,0.05691628887444204,0.05689981091188201,3.977851054894094e-05,0.056838322993766115,0.05699425475511797,3.213079262613883e-05,1.5652830066104073e-05,3.977851054894094e-05,-4.583508804978541e-05,0.00011009667330206307,4.27613714007004e-05,2.536117122739682e-05,3.839572822063019e-06,3.523580866945689e-05,5.0286934131943916e-05,-1.063057877456658e-05,-2.962732305733118e-07,4.001509509133096e-05,-8.906016515357525e-05,6.77990076044421e-05
strong_low_noise,180,0.00143844988828766,0.07740642412046492,0.05705514133317371,0.999343698547104,200,0.07801486202538166,0.0771452567753522,0.00047167310171986537,0.07709038274601072,0.0789393413047526,0.9993619732180806,0.9993514641393408,3.2179048386084634e-05,0.9992989022832439,0.9994250441529173,0.0802092082437305,0.07606163854824768,0.0037323553757335104,0.07289379170729282,0.08752462478016818,0.999332834755925,0.9994105863958511,4.544883754335965e-05,0.99924375503434,0.99942191447751,0.08285578403026662,0.08699624615757973,0.004636395929022595,0.07376844800938234,0.0919431200511509,0.05707341600415026,0.057062906925410495,3.2179048386084634e-05,0.05701034506931353,0.057136486938986986,1.827467097656743e-05,7.765592236808061e-06,3.2179048386084634e-05,-4.479626386015845e-05,8.134560581329332e-05,2.725316958715613e-05,1.6168094869759318e-05,2.446585268995715e-06,2.2457862459924528e-05,3.2048476714387734e-05,-8.978498610606226e-06,-1.3321970333049122e-06,3.23572068691638e-05,-7.239862407416727e-05,5.444162685295482e-05
strong_low_noise,180,0.0018329807108324375,0.061461986420234115,0.05719188584408633,0.9994804430580166,200,0.061959855649045374,0.0612421516857411,0.00038036257916366947,0.06121434499388458,0.06270536630420617,0.9994902356983972,0.9994820185041166,2.5884350767422955e-05,0.9994395023708931,0.9995409690259014,0.0797569333594374,0.07571708807853506,0.003729079280419632,0.07244793796981491,0.08706592874905988,0.9994670198162641,0.999532994309559,3.6326113098346664e-05,0.9993958206345913,0.9995382189979368,0.08240543194765443,0.08644592145765283,0.004633402898124647,0.07332396226733012,0.09148690162797873,0.057201678484466806,0.05719346129018621,2.5884350767422955e-05,0.05715094515696266,0.05725241181197095,9.792640380504315e-06,1.5754460999106712e-06,2.5884350767422955e-05,-4.094068712364468e-05,6.0525967884653305e-05,1.7249344675936207e-05,1.0235434822109264e-05,1.5482583256520358e-06,1.4214758357658217e-05,2.0283930994214198e-05,-7.4567042954668805e-06,-2.4681388635750575e-07,2.60107114832635e-05,-5.843769880266334e-05,4.352429021172958e-05
strong_low_noise,180,0.002335721469090121,0.04868505844455577,0.05730085328278702,0.9995894104967173,200,0.04908897123405054,0.048502988513538466,0.00030503158610318973,0.04849110932528829,0.04968683314281279,0.9995941526965894,0.9995898815144866,2.072190194494399e-05,0.9995535377687773,0.9996347676244014,0.07939851083357334,0.07544538327466069,0.003726438128460803,0.07209469210179016,0.08670232956535652,0.9995757129609748,0.9996293866573014,2.8931524537482e-05,0.9995190071728813,0.9996324187490683,0.08204855237239883,0.0862608205798288,0.004631002985153018,0.07297178652149891,0.09112531822329875,0.057305595482658865,0.05730132430055623,2.072190194494399e-05,0.05726498055484677,0.05734621041047096,4.7421998718627515e-06,4.71017769232418e-07,2.072190194494399e-05,-3.587272794022747e-05,4.535712768395297e-05,1.0856623416348396e-05,6.4431294819948596e-06,9.743312646639678e-07,8.94693413760702e-06,1.2766312695089773e-05,-6.114423544502302e-06,3.1572978488031726e-07,2.0808145017696386e-05,-4.689838777918722e-05,3.466954069018261e-05
strong_low_noise,180,0.002976351441631313,0.038489980258614366,0.0573874258814555,0.9996759830953859,200,0.03881541820569583,0.0383410200775062,0.00024352924442394897,0.03833810088662489,0.039292735524766774,0.9996778204113268,0.9996766505964917,1.652369222375278e-05,0.9996454339745683,0.9997102068480853,0.07911504777838997,0.07523134644566776,0.003724321390095479,0.07181537785380283,0.08641471770297711,0.9996632107400149,0.9997075795496216,2.2974726687312288e-05,0.9996181802757077,0.999708241204322,0.08176632209654232,0.08613360845161644,0.00462908769388044,0.07269331021653666,0.09083933397654798,0.05738926319739642,0.057388093382561345,1.652369222375278e-05,0.057356876760637866,0.05742164963415498,1.8373159409018624e-06,6.675011058332458e-07,1.652369222375278e-05,-3.0549120817653586e-05,3.422375269945731e-05,6.802389544090975e-06,4.037521278603446e-06,6.104159699362981e-07,5.605974243015831e-06,7.99880484516612e-06,-4.965073603175644e-06,5.703331587155962e-07,1.6581026589133255e-05,-3.746388571787682e-05,2.7533738511525532e-05
strong_low_noise,180,0.003792690190732238,0.03038293117992556,0.057456037065360045,0.9997445942792904,200,0.030643701487189742,0.030262191219971715,0.00019373266037965697,0.030263985472845614,0.03102341750153387,0.9997448395666414,0.9997453055051932,1.313357325868216e-05,0.9997190977630543,0.9997705813702285,0.07889123303065544,0.07506287596192701,0.0037226327107380947,0.07159487291760877,0.08618759314370211,0.9997332874960477,0.9997678157791627,1.8200796171200554e-05,0.9996976139355521,0.9997689610565433,0.08154348878725973,0.08603328658351883,0.004627564755822867,0.07247346186584691,0.09061351570867254,0.057456282352711094,0.057456748291262905,1.3133573258682158e-05,0.057430540549124075,0.05748202415629811,2.452873510316866e-07,7.112259028385637e-07,1.3133573258682158e-05,-2.5496516235985344e-05,2.5987090938048718e-05,4.246826620373315e-06,2.5209050998042555e-06,3.810578821752588e-07,3.4999531713098074e-06,4.993700069436822e-06,-4.001539269315982e-06,6.506285687415476e-07,1.3170981764671449e-05,-2.9816663528072023e-05,2.181358498944006e-05
strong_low_noise,180,0.004832930238571752,0.02395397516105189,0.05751030461832256,0.9997988618322529,200,0.024162014218627122,0.023856808363391484,0.00015367904340261512,0.023860803293557997,0.024463225143696248,0.9997982993574959,0.999799537342208,1.0411750749584657e-05,0.9997778923260267,0.9998187063889651,0.07871474354327491,0.07493035646722868,0.0037212903378086794,0.0714210144811699,0.08600847260537993,0.9997891794733698,0.9998161964785239,1.4390960542180693e-05,0.9997609731907071,0.9998173857560324,0.08136777836318258,0.08595425375246186,0.004626357252882854,0.07230011814753219,0.09043543857883297,0.05750974214356555,0.057510980128277545,1.0411750749584657e-05,0.05748933511209636,0.05753014917503474,-5.624747569626943e-07,6.755099550281862e-07,1.0411750749584657e-05,-2.096950622614862e-05,1.984455671222323e-05,2.6437600325656273e-06,1.5694349361154775e-06,2.3720193675410135e-07,2.1788442365275886e-06,3.108675828603666e-06,-3.2062347895687324e-06,6.378196250756747e-07,1.043582617599939e-05,-2.3660454094527538e-05,1.724798451539007e-05
strong_low_noise,180,0.006158482110660254,0.01886692948367171,0.057553157925522076,0.9998417151394524,200,0.019032323951392625,0.018789165516768527,0.00012163005397745621,0.018793929045596812,0.019270718857188437,0.9998407998333002,0.9998423184991088,8.236679983227174e-06,0.999824655940533,0.9998569437260674,0.07857571489958473,0.07482616877118221,0.003720226228906268,0.07128407149092844,0.08586735830824102,0.9998336091341514,0.9998554287579365,1.1360920540455796e-05,0.9998113417298922,0.9998558765384107,0.0812293666813035,0.08589204364160871,0.004625401986082044,0.07216357878858269,0.0902951545740243,0.057552242619369885,0.05755376128517842,8.236679983227173e-06,0.05753609872660276,0.05756838651213701,-9.15306152185491e-07,6.03359656348168e-07,8.236679983227173e-06,-1.7059198919310752e-05,1.5228586614939769e-05,1.6420656781463158e-06,9.748418719269974e-07,1.4732035397505325e-07,1.3533177843552113e-06,1.9308135719374203e-06,-2.557371830335469e-06,5.79966279735078e-07,8.252017059254142e-06,-1.8731325266473587e-05,1.3616581605802649e-05
strong_low_noise,180,0.00784759970351459,0.014848707226422436,0.05758695398212731,0.9998755111960577,200,0.014979836873659322,0.014786738542157153,9.60917042697802e-05,0.014791497133290553,0.01516817661402809,0.9998744966365228,0.999876030270926,6.505056249464528e-06,0.9998617467262739,0.9998872465467717,0.07846628436579585,0.07474428817745937,0.0037193845413789365,0.07117629066469314,0.08575627806689856,0.9998688326894016,0.9998863413790561,8.957710261244224e-06,0.9998512755772896,0.9998863898015137,0.08112042381330184,0.08584310721128068,0.004624647583288032,0.0720561145500573,0.09018473307654638,0.057585939422592464,0.057587473056995686,6.505056249464528e-06,0.05757318951234351,0.057598689332841416,-1.0145595348526326e-06,5.190748683658875e-07,6.505056249464529e-06,-1.3764469783803109e-05,1.1735350714097844e-05,1.018065309659837e-06,6.044166799131978e-07,9.133324941176448e-08,8.390521408127787e-07,1.1970784785068954e-06,-2.0326248445053396e-06,5.045793344103713e-07,6.514751586432022e-06,-1.4801537953912102e-05,1.0736288264901424e-05
strong_low_noise,180,0.01,0.01167912193619627,0.057613579539778075,0.9999021367537084,200,0.011782859348188632,0.011629905055299601,7.580762910644123e-05,0.011634276395140006,0.011931442301237258,0.9999011559472077,0.9999025724063402,5.13060995242221e-06,0.999891099951701,0.9999112119427145,0.07838020565646611,0.07467995863726748,0.0037187199203399007,0.07109151461259991,0.08566889670033231,0.9998966981075208,0.9999106781394217,7.055865018044742e-06,0.9998828686120854,0.9999105276029562,0.08103472998867246,0.0858046319381634,0.004624052621710778,0.07197158685011934,0.09009787312722559,0.05761259873327734,0.05761401519240977,5.13060995242221e-06,0.057602542737770594,0.05762265472878409,-9.80806500739395e-07,4.3565263169176305e-07,5.13060995242221e-06,-1.1036802007486927e-05,9.075189006008136e-06,6.302915401150877e-07,3.7421008334277284e-07,5.6543121171255505e-08,5.194670226194269e-07,7.411160576107484e-07,-1.61109804084289e-06,4.266823476961523e-07,5.136702956668851e-06,-1.1679035835913838e-05,8.456839754228057e-06
strong_low_noise,240,1e-12,255.77539171533348,3.461474173207385e-05,0.9423231719556624,200,237.0624711314205,237.07072270495797,0.011886297145872832,237.03917398901459,237.0857682738264,14.553753034155038,14.223194022032445,0.24821140753072457,14.067258675394818,15.040247392915258,0.014589338776945045,0.015599402889445124,0.001889698788073938,0.010885529152320127,0.018293148401569963,14.404857461280919,14.022740680186214,0.2574519924383191,13.900251556101814,14.909463366460024,0.01579761914572272,0.01468820255677463,0.003277169746902461,0.009374366441793899,0.022220871849651543,13.611464476941107,13.280905464818517,0.24821140753072451,13.124970118180887,14.097958835701327,13.611429862199374,13.280870850076784,0.24821140753072451,13.124935503439154,14.097924220959595,13.611429935029436,13.28086841261818,0.24821141898366092,13.12493555382146,14.097924316237412,-7.283006535314767e-08,-1.5285316290324854e-07,1.7096707481570647e-07,-4.0792553199193235e-07,2.6226540128563695e-07
strong_low_noise,240,1.2742749857031321e-12,255.71393592241597,3.4614762585059855e-05,0.9423231719765154,200,236.41233331418888,236.41791427856919,0.013405832919742807,236.38605788166618,236.4386087467116,13.71120086372588,13.477078531039451,0.2215426295956471,13.276977309718411,14.145424417733349,0.015041442357683947,0.01631225141305307,0.0018884018195455545,0.01134017479137466,0.018742709923993232,13.570057236595893,13.279020453895733,0.23079209723282332,13.117704726019559,14.022409747172228,0.01618440947431118,0.014887291562251357,0.0032628230609352687,0.009789276274878054,0.022579542673744308,12.76891230651195,12.534789973825522,0.22154262959564708,12.334688752504482,13.203135860519419,12.768877691749365,12.534755359062936,0.2215426295956471,12.334654137741897,13.203101245756834,12.768877789717823,12.534752648385286,0.22154264453501088,12.334654206429201,13.203101373006445,-9.796893651310245e-08,-1.3835587141879e-07,2.0978133818612188e-07,-5.091403593579013e-07,3.132024863316964e-07
strong_low_noise,240,1.6237767391887243e-12,255.6357166767569,3.4614796393613034e-05,0.942323172010324,200,235.6442948914425,235.65621928601917,0.014941718703411957,235.61500912278382,235.6735806601012,12.8359728072315,12.561757642619275,0.19561701450444244,12.452563458802793,13.219382155660206,0.015567236959227569,0.017115065022828148,0.0018867623010205602,0.01186918284922727,0.019265291069227867,12.70281084169882,12.493089848666738,0.20474438167127734,12.301511853623117,13.104109829774524,0.016643081862235426,0.013485589415218855,0.003246121140574054,0.01028068442671028,0.023005479297760572,11.893684250017566,11.619469085405346,0.19561701450444244,11.51027490158886,12.277093598446273,11.893649635221173,11.619434470608951,0.19561701450444244,11.510240286792467,12.27705898364988,11.893649766917944,11.619435992483258,0.19561703394558227,11.510240380384603,12.277059153451285,-1.3169708859228063e-07,-5.6217947014577226e-08,2.5630295664434724e-07,-6.340508836152012e-07,3.706567064306399e-07
strong_low_noise,240,2.06913808111479e-12,255.5361933694386,3.461485118335522e-05,0.9423231720651137,200,234.74420880163458,234.75461447699496,0.016470929190629292,234.71192578042096,234.77649182284821,11.944769124150605,11.797521910979412,0.17089263269827148,11.609819564061993,12.279718684239217,0.0161717138490012,0.017974902520593212,0.0018847518943104708,0.012477600136152678,0.019865827561849722,11.819685561250589,11.709223915259141,0.17976933856502608,11.467337657663137,12.17203346483804,0.017181285676183752,0.014163372225169073,0.00322720210381167,0.010855969552712879,0.023506601799654626,11.002480566936674,10.855233353765483,0.17089263269827148,10.667531006848062,11.337430127025286,11.002445952085491,10.855198738914298,0.17089263269827148,10.66749639199688,11.337395512174103,11.002446128629257,10.855199290630761,0.17089265782652446,10.66749651928927,11.337395737969246,-1.7654350959353117e-07,1.9400409854821994e-08,3.118422369663602e-07,-7.877542940475972e-07,4.3466727486053484e-07
strong_low_noise,240,2.6366508987303555e-12,255.40961525486748,3.461493992819309e-05,0.9423231721538585,200,233.69750793492378,233.70212874258047,0.01797563128185591,233.66227569761134,233.73274017223622,11.054466237799083,10.958772838230608,0.14779157479338598,10.764794751204047,11.34413772439412,0.01685882997581671,0.0184450529170063,0.0018823877393007865,0.01316935000678717,0.02054830994484625,10.93743304529189,10.892618831151609,0.15629896801431117,10.63108706798384,11.24377902259994,0.017805521131208316,0.013621738130122017,0.0032063988576818093,0.01152097937015197,0.02409006289226466,10.112177680585154,10.016484281016679,0.147791574793386,9.822506193990117,10.40184916718019,10.112143065645222,10.016449666076749,0.14779157479338598,9.822471579050186,10.401814552240259,10.112143301172553,10.016451246207728,0.14779160687918733,9.822471751689346,10.40181485065576,-2.3552731449844929e-07,-1.1650418142269458e-07,3.7792193770164225e-07,-9.76254312393668e-07,5.051996833967696e-07
strong_low_noise,240,3.359818286283788e-12,255.24871106543188,3.4615083573934224e-05,0.9423231722975043,200,232.48924066561085,232.48497597113985,0.01944348874091449,232.45113142767866,232.52734990354304,10.18078709442758,10.11093261316732,0.1266714160742713,9.932511118922008,10.42906306993315,0.01763154361539557,0.01886864822596615,0.0018797441437751867,0.013947245093596204,0.021315842137194937,10.071676747894623,10.014806996461058,0.1347092713518437,9.80764657604501,10.335706919744236,0.018520656525954263,0.01530724751979571,0.0031842322343154338,0.012279561346696014,0.024761751705212512,9.23849853721365,9.16864405595339,0.12667141607427132,8.990222561708078,9.48677451271922,9.238463922130075,9.168609440869815,0.1266714160742713,8.990187946624504,9.486739897635646,9.238464234301096,9.168607422543605,0.1266714563066096,8.99018817994014,9.486740288662052,-3.1217096856500516e-07,-2.9248578825808794e-07,4.563059092855688e-07,-1.20653055076472e-06,5.821886136347097e-07
strong_low_noise,240,4.281332398719396e-12,255.04430644497188,3.461531588545841e-05,0.9423231725298158,200,231.10407899139292,231.09841532583403,0.020866956901440137,231.0631797558661,231.14497822691976,9.33726009942652,9.369336191893513,0.10779282081701053,9.125986170625179,9.54853402822786,0.0184920197928369,0.020120343272486338,0.0018769538427565392,0.014813190261034082,0.022170849324639717,9.235881828833126,9.175448916963667,0.11528780880298359,9.009917723579278,9.461845934086973,0.019329701168978763,0.016340097334364975,0.00316138252436802,0.013133391421217444,0.02552601091674008,8.39497154221259,8.427047634679585,0.10779282081701054,8.18369761341125,8.60624547101393,8.394936926896703,8.427013019363699,0.10779282081701053,8.183662998095363,8.606210855698043,8.394937337395312,8.427007926500776,0.10779287005266235,8.183663312092094,8.60621136269853,-4.104985691186278e-07,-2.3359530315698782e-07,5.490202802642766e-07,-1.48657831843661e-06,6.655811801993544e-07
strong_low_noise,240,5.455594781168514e-12,254.7848569886404,3.461569118506924e-05,0.9423231729051154,200,229.52631768939943,229.52694783576305,0.022242209279481263,229.48272295921166,229.5699124195872,8.534586281523136,8.561654446954009,0.09129116101242227,8.35565560593879,8.713516957107483,0.019441980085545478,0.0205192167706435,0.0018742011631518855,0.01576854580576778,0.023115414365323175,8.440722947330482,8.429179793582037,0.09820341467512421,8.248244254567238,8.633201640093725,0.020233945518076234,0.01695397625545505,0.003138644705843426,0.01408220189462312,0.026385689141529348,7.592297724309207,7.619365889740077,0.0912911610124223,7.413367048724859,7.7712283998935545,7.592263108618022,7.619331274048893,0.09129116101242224,7.413332433033674,7.77119378420237,7.59226364362956,7.619340929502993,0.0912912194752369,7.413332853458096,7.771194433801025,-5.350116025270457e-07,-9.546747222944396e-08,6.583651791119551e-07,-1.8254073535864778e-06,7.553841485323862e-07
strong_low_noise,240,6.951927961775591e-12,254.45588555899906,3.461629665342525e-05,0.9423231735105838,200,227.739885713791,227.74728542857736,0.023568318827631107,227.69369180888884,227.78607961869318,7.780427297795834,7.752605847060419,0.07716210952383516,7.629189563129117,7.931665032462551,0.020483135363484183,0.021340039279998627,0.0018717092993578797,0.01681458513674274,0.024151685590225628,7.69386234505397,7.66163508152294,0.08348768310474004,7.530226486168679,7.85749820393926,0.021233500564949864,0.01768875466564923,0.003116868278544114,0.0151244387390034,0.027342562390896327,6.838138740581902,6.8103172898464885,0.07716210952383518,6.686901005915185,6.989376475248619,6.838104124285249,6.810282673549835,0.07716210952383516,6.686866389618532,6.989341858951966,6.838104814915536,6.810297400227396,0.0771621765350202,6.686866948906896,6.989342680924176,-6.906303176612345e-07,1.9214901372688636e-07,7.869188763948037e-07,-2.23299131539505e-06,8.517306800725805e-07
strong_low_noise,240,8.858667904100833e-12,254.03931582015161,3.461727177030832e-05,0.9423231744857007,200,225.7283904242119,225.73366918693733,0.02484706742106928,225.6796901720666,225.7770906763572,7.07954252558598,7.0788714573259615,0.06526878501575309,6.951615706955104,7.2074693442168565,0.021617620664084982,0.021622058003042465,0.0018697212339543082,0.017952967045534538,0.025282274282635426,7.000070406139862,7.029896233328426,0.07103638077459228,6.8608390998216615,7.139301712458063,0.022328161237460814,0.01945735407603929,0.0030968803086244396,0.01625827583255691,0.028398046642364717,6.13725396837205,6.136582900112031,0.06526878501575309,6.009327149741174,6.265180787002927,6.137219351100281,6.136548282840261,0.06526878501575309,6.009292532469405,6.265146169731158,6.137220233695109,6.13654758868365,0.06526885887220386,6.009293270305589,6.265147197084628,-8.825948576937005e-07,1.2058319488650021e-07,9.375405896634157e-07,-2.720174413433995e-06,9.549846980465944e-07
strong_low_noise,240,1.1288378916846884e-11,253.51270112608827,3.46188388193544e-05,0.9423231760527497,200,223.47521288900964,223.49258735423365,0.026083419650900046,223.42408938649388,223.5263363915254,6.434159787630289,6.453605917594675,0.05537191011466418,6.3256308438055475,6.542688731455031,0.02284835422841652,0.021953227782312408,0.0018684748945010194,0.019186143435194522,0.026510565021638517,6.361579445257039,6.328522787067271,0.060633882834109205,6.242737034902185,6.480421855611893,0.023518403182138378,0.02113847215348745,0.0030793968602787535,0.01748278533599202,0.029554021028284735,5.491871230416358,5.511317360380745,0.05537191011466418,5.383342286591616,5.600400174241099,5.491836611577539,5.511282741541926,0.05537191011466418,5.383307667752797,5.600365555402281,5.491837727916726,5.5113021818392705,0.055371988218179194,5.383308631009095,5.600366824824357,-1.1163391671994819e-06,1.9104315460773778e-07,1.1133816637187099e-06,-3.298567228088153e-06,1.0658888936891893e-06
strong_low_noise,240,1.4384498882876659e-11,252.84836111467573,3.4621350321943634e-05,0.9423231785642523,200,220.96366946412488,220.98715417497607,0.027286377562164954,220.91018816410303,221.01715076414672,5.84446018431747,5.834585432615226,0.047176383769994064,5.751994472128282,5.936925896506659,0.024179268310373345,0.023470391572874085,0.0018681776830093465,0.020517640051675026,0.027840896569071665,5.778556928476906,5.7426041560634165,0.05199618181413496,5.676644412121202,5.8804694448326105,0.024806242074533445,0.022391922467476632,0.0030649415052139656,0.018798956724314073,0.030813527424752817,4.902171627103539,4.892296875401295,0.047176383769994064,4.809705914914351,4.994637339292727,4.902137005753217,4.892262254050974,0.047176383769994064,4.809671293564029,4.9946027179424055,4.902138403125068,4.892241360223554,0.04717646302307156,4.809672535599848,4.994604270650289,-1.397371900808498e-06,4.327270238876522e-07,1.3179155220642406e-06,-3.980486324054409e-06,1.1857425224374133e-06
strong_low_noise,240,1.8329807108324375e-11,252.0124602031819,3.462536196213728e-05,0.9423231825758924,200,218.17725107635255,218.20769045965508,0.028469711909901822,218.12145044100913,218.23305171169596,5.309080050421139,5.291019106082352,0.04038088541986631,5.229933514998201,5.388226585844077,0.025615400571597443,0.025100520941264866,0.0018689873984237993,0.021952185270686795,0.02927861587250809,5.249604291208304,5.219566954071039,0.04482059184209065,5.161755931197806,5.337452651218802,0.02619568928803912,0.023423509944788555,0.003053799333358364,0.02021024259465673,0.03218113598142151,4.366791493207208,4.348730548868422,0.04038088541986631,4.28764495778427,4.445938028630145,4.366756867845246,4.34869592350646,0.04038088541986631,4.287610332422308,4.445903403268184,4.366758599046027,4.3486889031226355,0.04038096277291035,4.287611912011123,4.445905286080931,-1.7312008160914188e-06,9.741408010244367e-07,1.5549919775290656e-06,-4.778985092048388e-06,1.3165834598655498e-06
strong_low_noise,240,2.3357214690901212e-11,250.96409540799655,3.463174312878098e-05,0.9423231889570591,200,215.09994669434468,215.12816834530756,0.0296520075245707,215.0418287595965,215.15806462909285,4.825566866604816,4.8165284373144175,0.03471609136711597,4.757523327525268,4.893610405684363,0.027162873604624663,0.026398440783244253,0.0018710029787631947,0.0234957077662488,0.030830039443000525,4.7722180791731965,4.751390796027022,0.03882751977137648,4.6961161404212985,4.8483200179250945,0.02769264711308953,0.02593591773839295,0.0030460297412912827,0.021722428820158617,0.03366286540602045,3.883278309390885,3.8742398801004865,0.03471609136711597,3.8152347703113376,3.9513218484704327,3.8832436776477572,3.874205248357358,0.03471609136711597,3.81520013856821,3.9512872167273043,3.8832458009513755,3.874205131395683,0.03471616430326328,3.8152021189169796,3.9512894829857714,-2.1233036328563564e-06,1.496330315312121e-06,1.828908341798719e-06,-5.7079639827818455e-06,1.4613567170691328e-06
strong_low_noise,240,2.976351441631313e-11,249.65450748010358,3.4641841556035113e-05,0.9423231990554863,200,211.71665129630344,211.74200371367687,0.030855591200908736,211.65617433754966,211.77712825505722,4.390759246744424,4.396914416178979,0.02996343113876256,4.332030921712449,4.449487571776399,0.028828804958916474,0.027962860684449503,0.001874263723160153,0.025155248061522573,0.03250236185631037,4.343180837746769,4.328929352668252,0.033784352734840414,4.2769635063864815,4.409398169107057,0.029304265839401752,0.027146783890902637,0.003041539599435877,0.023342848224507433,0.03526568345429607,3.4484706895304935,3.4546258589650485,0.029963431138762556,3.389742364498519,3.507199014562468,3.4484360476889377,3.4545912171234927,0.02996343113876256,3.389707722656963,3.5071643727209123,3.4484386267742284,3.454587131556562,0.029963497872649035,3.3897101709438364,3.5071670826046204,-2.5790852883717365e-06,3.2593596998868656e-07,2.1444675596670695e-06,-6.782241705319193e-06,1.62407112857572e-06
strong_low_noise,240,3.7926901907322536e-11,248.02658860827123,3.4657723270999086e-05,0.9423232149372014,200,208.01365184616276,208.02021459784885,0.03210420588152333,207.95072760263497,208.07657608969055,4.001086482833698,4.002210854293375,0.025955667982524612,3.95021337358795,4.051959592079447,0.03062117227336901,0.02974085320589008,0.001878755124478896,0.026938812229390374,0.034303532317347646,3.9588732605574966,3.9520251109306335,0.029510489758203983,3.9010327006314167,4.016713820483576,0.03103795762237376,0.02926033937817518,0.003040190918762904,0.02507918342159847,0.036996731823149054,3.0587979256197686,3.0599222970794453,0.0259556679825246,3.0079248163740204,3.1096710348655168,3.0587632678964973,3.0598876393561745,0.025955667982524612,3.007890158650749,3.1096363771422455,3.0587663715998428,3.0599105715098194,0.025955727227701827,3.007893146233547,3.1096395969661383,-3.1037033442397996e-06,-1.2987934143050521e-06,2.506966607054288e-06,-8.017357894066205e-06,1.809951205586605e-06
strong_low_noise,240,4.832930238571752e-11,246.01492578448696,3.4682513095990464e-05,0.9423232397270264,200,203.97917833095482,203.99414941011383,0.03341969015854483,203.91367573824408,204.04468092366557,3.652797090248482,3.657869469350115,0.022566583659995074,3.608566586274892,3.6970275942220723,0.032548624780596835,0.032185260845100774,0.0018844225365925648,0.02885515660887541,0.03624209295231826,3.6155131189989675,3.603966800414387,0.02586954669956925,3.564808807467812,3.666217430530123,0.032900362631405014,0.03157731281519,0.003041900175380239,0.026938238287659746,0.03886248697515028,2.7105085330345515,2.7155809121361845,0.022566583659995074,2.6662780290609613,2.7547390370081417,2.7104738505214563,2.7155462296230883,0.022566583659995074,2.666243346547866,2.7547043544950465,2.7104775521561186,2.7155362589407064,0.02256663396390978,2.6662469495868555,2.7547081547253818,-3.7016346879110636e-06,-1.6328967746199193e-06,2.922037048074519e-06,-9.42882730213712e-06,2.025557926314993e-06
strong_low_noise,240,6.158482110660255e-11,243.54667632170757,3.4720862379190864e-05,0.9423232780763096,200,199.60400157202585,199.62909823822025,0.03481830643429652,199.53575769141463,199.67224545263707,3.34212930518112,3.3512185745915977,0.019697574397065126,3.303522059362872,3.3807365509993677,0.03462021972790304,0.034044785346727724,0.001891194696746296,0.030913478122280298,0.038326961333525776,3.3093310733093957,3.288382700758512,0.022756643135971182,3.264728052762892,3.3539340938558992,0.03489657665544165,0.03362622516691258,0.003046690646722162,0.028925062987866214,0.04086809032301709,2.3998407479671893,2.408930017377667,0.019697574397065123,2.3612335021489415,2.438447993785437,2.3998060271048103,2.408895296515288,0.019697574397065126,2.3611987812865625,2.438413272923058,2.399810403025674,2.4089029613213278,0.019697613223551597,2.361203081107513,2.4384177249438355,-4.37592088395804e-06,-2.5567722538947915e-06,3.3952583191153066e-06,-1.1030627189424041e-05,2.27878542150796e-06
strong_low_noise,240,7.847599703514623e-11,240.5435945427909,3.477956662389231e-05,0.9423233367805542,200,194.8820554763811,194.9087283787889,0.03630757470703322,194.81089262995533,194.9532183228069,3.0654342271397126,3.059452295765285,0.017266417551235383,3.031592048739291,3.099276405540134,0.03684509356213991,0.03661662808044198,0.001899014126625885,0.03312302587395318,0.040567161250326646,3.036692928022579,3.019545485422831,0.0200868237838192,2.9973227534062934,3.076063102638865,0.0370298932692299,0.034936323724053586,0.003054682489163035,0.031042715590470348,0.04301707094798944,2.123145669925782,2.1171637385513544,0.01726641755123538,2.0893034915253605,2.1569878483262035,2.123110890359159,2.117128958984731,0.017266417551235383,2.0892687119587374,2.1569530687595804,2.1231160175073596,2.1171888598427993,0.017266440435879788,2.0892737942530353,2.156958240761684,-5.127148191648959e-06,-2.2000090501562324e-06,3.931496653637056e-06,-1.2832881632777588e-05,2.578585249479671e-06
strong_low_noise,240,1e-10,236.92548021683263,3.486834305013037e-05,0.9423234255569805,200,189.81105813237826,189.82980308056597,0.037884371376926414,189.7368047644795,189.88531150027703,2.819259437469026,2.805586197065553,0.015200596269297754,2.7894662687812026,2.8490526061568495,0.039232134336130056,0.03908458356918493,0.0019078646093742165,0.03549271970175659,0.04297154897050352,2.794176977943628,2.7857893730689134,0.017787665508102735,2.7593131535477466,2.8290408023395095,0.03930219761957607,0.036793494582597064,0.0030660352708442615,0.033292768488721314,0.04531162675043082,1.876970880255095,1.8632976398516228,0.015200596269297753,1.8471777115672714,1.9067640489429187,1.8769360119120455,1.8632627715085728,0.015200596269297754,1.8471428432242218,1.9067291805998692,1.8769419642519791,1.8632861280236617,0.015200596365773346,1.8471487953750634,1.9067351331288949,-5.95233990941778e-06,-2.840993007870778e-06,4.533994366137328e-06,-1.4838968867046942e-05,2.9342890482113822e-06
strong_low_noise,240,1.274274985703132e-10,232.61516401303626,3.500075451192547e-05,0.9423235579684422,200,184.39310292028716,184.39485271750732,0.03953464751260443,184.31561501116246,184.47059082941186,2.60039984390518,2.590957623504841,0.013435256959757695,2.5740667402640547,2.626732947546305,0.041789755306478396,0.04156915044990353,0.001917784450333983,0.03803089778382379,0.045548612829133,2.5786156341224067,2.571135821151936,0.01579640114850008,2.5476546878713466,2.6095765803734667,0.04171498046474373,0.039251659085111267,0.0030808788127400927,0.035676457991773144,0.04775350293771431,1.6581112866912502,1.6486690662909107,0.013435256959757695,1.631778183050125,1.6844443903323754,1.6580762859367382,1.648634065536399,0.013435256959757695,1.631743182295613,1.6844093895778633,1.6580831299468537,1.6486042209733829,0.013435225071696496,1.6317500888063285,1.6844161710873788,-6.844010106368179e-06,-1.7275255613426772e-06,5.203334347098932e-06,-1.7042545426682084e-05,3.3545252139457272e-06
strong_low_noise,240,1.6237767391887175e-10,227.5448673442849,3.5195232036148993e-05,0.9423237524459664,200,178.63518738410662,178.64352526978817,0.041234602475721416,178.5543675632542,178.71600720495903,2.405922573453323,2.399714889821803,0.011914154938365458,2.3825708297741266,2.4292743171325193,0.0445258494440102,0.044110870881184996,0.0019288606799026295,0.04074528251140105,0.04830641637661936,2.3871113406967406,2.3734879196020895,0.01406000867211891,2.3595537236993875,2.4146689576940936,0.04427076117237989,0.0426849247303387,0.0030992697840931016,0.03819619239555741,0.050345329949202364,1.4636340162393924,1.4574263326078725,0.01191415493836546,1.440282272560196,1.4869857599185887,1.4635988210073563,1.4573911373758364,0.01191415493836546,1.44024707732816,1.4869505646865526,1.4636066106285641,1.457398729397769,0.011914079793293616,1.4402550142337087,1.4869582070234195,-7.78962120145705e-06,-1.035486586601101e-06,5.936498664357945e-06,-1.9425158583598623e-05,3.845916180684522e-06
strong_low_noise,240,2.0691380811147902e-10,221.66340283061828,3.547610804970763e-05,0.94232403332198,200,172.549644827231,172.55060433894414,0.04295277685835512,172.4654573845886,172.63383226987338,2.2331725663563624,2.229443409393056,0.010591204601072511,2.2124138053382603,2.2539313273744646,0.047447946064767675,0.04797247628591733,0.0019412097405284681,0.04364317497333188,0.05125271715620347,2.217036210475283,2.2072829695537908,0.01253605400893989,2.192465544617761,2.2416068763328054,0.046974591511127796,0.045884678065826294,0.0031211927567321644,0.04085705370793275,0.05309212931432284,1.290884009142432,1.287154852179126,0.010591204601072511,1.27012524812433,1.3116427701605342,1.2908485330343824,1.2871193760710764,0.010591204601072511,1.2700897720162803,1.3116072940524846,1.2908573046442315,1.2871800958032114,0.010591072917559582,1.2700988017258148,1.3116158075626483,-8.77160984591361e-06,1.4369013702953494e-06,6.726277137115812e-06,-2.19551130346606e-05,4.41189334283338e-06
strong_low_noise,240,2.6366508987303556e-10,214.9433066712101,3.58745336633548e-05,0.9423244317475937,200,166.1544430127498,166.17760641320194,0.044652443271357964,166.06692422393795,166.24196180156164,2.079764732895178,2.0653849195654894,0.009430821553079534,2.061280322651142,2.098249143139214,0.05056353376064994,0.05030565041515635,0.0019549577369735575,0.046731816596181766,0.05439525092511811,2.066022629068134,2.051701190383011,0.011192644741479406,2.044085045374834,2.0879602127614336,0.0498353150033201,0.0485376746825158,0.0031465961171219786,0.04366798661376102,0.05600264339287918,1.1374761756812475,1.123096362351559,0.009430821553079534,1.1189917654372117,1.1559605859252833,1.1374403011475842,1.1230604878178956,0.00943082155307953,1.1189558909035484,1.15592471139162,1.1374500691837517,1.1230085944566457,0.009430617596386122,1.118966058694835,1.1559340796726685,-9.768036172789345e-06,-2.8442311363396383e-06,7.561218413668614e-06,-2.458802426357983e-05,5.05195191800114e-06
strong_low_noise,240,3.3598182862837877e-10,207.38675093619725,3.642912200926829e-05,0.9423249863359396,200,159.47331727812212,159.48293111356696,0.04629382687725642,159.3825813774427,159.56405317880154,1.9435675840417974,1.9291719155042026,0.008406602284954623,1.9270906435632864,1.9600445245203084,0.053880480889783165,0.053842067470221806,0.001970232876461879,0.05001882445191788,0.05774213732764845,1.9319493769327243,1.9215045433947076,0.010006999623108703,1.9123356576714312,1.9515630961940174,0.05286636464687618,0.05147890721377415,0.0031754328472074606,0.046642516266349555,0.0590902130274028,1.0012790268278673,0.9868833582902723,0.008406602284954623,0.9848020863493563,1.0177559673063783,1.0012425977058579,0.986846929168263,0.008406602284954622,0.9847656572273469,1.0177195381843689,1.0012533515428117,0.9869019560225625,0.00840630711142925,0.9847769896044104,1.017729713481213,-1.0753836952426918e-05,-1.0522386964842675e-05,8.4261472749557e-06,-2.7269085611340085e-05,5.7614117064862515e-06
strong_low_noise,240,4.281332398719396e-10,199.02910235414777,3.7186133063291105e-05,0.9423257433469936,200,152.53571203900094,152.53011158735876,0.04783593159909442,152.44195361306672,152.62947046493517,1.8226824174946434,1.8150638450837195,0.007499002215697019,1.8079843731518772,1.8373804618374097,0.05740746902347988,0.05746769775687356,0.00198717352235018,0.05351260891967353,0.06130232912728623,1.8129256088094903,1.805546388771305,0.008963027675007439,1.7953580745664757,1.8304931430525049,0.056086013048409766,0.05515958244126925,0.0032076762819703807,0.04979896753574782,0.06237305856107171,0.8803938602807132,0.8727752878697892,0.007499002215697019,0.8656958159379471,0.8950919046234793,0.8803566741476501,0.872738101736726,0.007499002215697019,0.865658629804884,0.8950547184904162,0.880368376824881,0.8727909115201101,0.0074985934334957614,0.8656711336952293,0.8950656199545327,-1.1702677233779284e-05,-9.841964664808916e-06,9.30304504950739e-06,-2.993664553081377e-05,6.5312910632552025e-06
strong_low_noise,240,5.455594781168515e-10,189.93932912890446,3.819898005653216e-05,0.9423267561939869,200,145.37651419638644,145.38371271182734,0.049237957132058086,145.28000780040762,145.47302059236526,1.7154212387768464,1.7081703467406122,0.006692973364592432,1.7023030109822452,1.7285394665714475,0.06115434161514072,0.06198224072067267,0.002005942073582309,0.05722269515091939,0.06508598807936204,1.707273617237932,1.6985106917870918,0.008048591068548437,1.691498378743577,1.723048855732287,0.05951706392792924,0.05862552974319882,0.003243299128629669,0.053160197635815094,0.0658739302200434,0.7731326815629163,0.765881789526682,0.006692973364592431,0.7600144537683151,0.7862509093575174,0.7730944825828597,0.7658435905466254,0.006692973364592431,0.7599762547882586,0.7862127103774609,0.7731070720384136,0.7658210678648616,0.0066924265812634085,0.7599899159391372,0.7862242281376899,-1.2589455551812443e-05,-2.0284026919250277e-05,1.0171894182141078e-05,-3.252636814880896e-05,7.347457045184067e-06
strong_low_noise,240,6.951927961775591e-10,180.21703997963806,3.952677729067433e-05,0.942328083991221,200,138.03557319406093,138.0347545323126,0.05046041628338731,137.9366707781455,138.13447560997636,1.620285455578163,1.616543050307093,0.005976197854962031,1.6085721077824373,1.6319988033738886,0.06513226145622392,0.0662706076580448,0.0020267261550645592,0.06115987819229738,0.06910464472015046,1.6135105896428945,1.6065864451548348,0.007253013080430637,1.5992946840052504,1.6277264952805386,0.063185984994834,0.06475817892891288,0.0032822249862972004,0.05675282402169148,0.06961914596797651,0.6779968983642327,0.6742544930931627,0.005976197854962031,0.6662835505685072,0.6897102461599582,0.6779573715869419,0.674214966315872,0.005976197854962031,0.6662440237912164,0.6896707193826674,0.6779707650209369,0.6743243609692655,0.005975490657146004,0.6662588033329307,0.689682726708943,-1.3393433993997119e-05,-2.2196064886769384e-05,1.1011031127689605e-05,-3.497505500426875e-05,8.188187016274508e-06
strong_low_noise,240,8.858667904100832e-10,169.98659146775984,4.1231566782776174e-05,0.9423297887807132,200,130.55701480199914,130.53124077708952,0.051466107663225034,130.45614123097923,130.65788837301906,1.5359462084616422,1.5327322190677628,0.005338088492667593,1.5254835550160137,1.5464088619072707,0.06935358244289862,0.07024003660103091,0.0020497112868778536,0.06533614832061803,0.0733710165651792,1.5303294164057124,1.5264736495594171,0.006565222576505171,1.5174615801557623,1.5431972526556625,0.06712148954032247,0.06955719034478626,0.0033242707199920606,0.06060591892913803,0.07363706015150691,0.5936576512477119,0.5904436618538326,0.005338088492667593,0.5831949978020834,0.6041203046933403,0.593616419680929,0.5904024302870498,0.005338088492667593,0.5831537662353006,0.6040790731265575,0.5936305211880104,0.5904918913809056,0.005337206722588005,0.5831695960117379,0.6040914463642829,-1.4101507079016762e-05,-2.3317479758143986e-05,1.1796741213020962e-05,-3.722311985653785e-05,9.020105698504323e-06
strong_low_noise,240,1.1288378916846883e-09,159.3892097778683,4.3373807967525546e-05,0.9423319310218978,200,122.98836939764891,122.95327498148366,0.05222108544189667,122.88601607018279,123.09072272511503,1.4612263602092048,1.4581830983739577,0.004769420431025337,1.4518782961643952,1.4705744242540144,0.07383138631752255,0.07342010501481325,0.002075022977518252,0.06976434128158678,0.07789843135345832,1.4565788647029763,1.4517630323995396,0.005972805019966868,1.4448721668638411,1.4682855625421114,0.07135263589399359,0.07452880977515797,0.0033690936562719184,0.06474921232770063,0.07795605946028654,0.5189378029952746,0.5158945411600273,0.004769420431025337,0.5095897389504649,0.5282858670400843,0.5188944291873071,0.5158511673520598,0.004769420431025337,0.5095463651424974,0.5282424932321168,0.5189091394948292,0.5159416657389119,0.004768365090951984,0.5095631439165633,0.5282551350730951,-1.4710307523882114e-05,-1.7901579082187147e-05,1.250232684553438e-05,-3.92148681411295e-05,9.794253093365272e-06
strong_low_noise,240,1.4384498882876659e-09,148.5742984112094,4.6005811810141684e-05,0.9423345630257405,200,115.37955089614756,115.35467105246465,0.0526957078019832,115.27626730885568,115.48283448343945,1.3950838343500178,1.3920692290910077,0.004262335302477183,1.3867296571571626,1.403438011542873,0.0785787074650261,0.07967628856661424,0.002102652744855174,0.07445750808510995,0.08269990684494224,1.3912438330364336,1.383984054630251,0.005462060855607312,1.3805381937594432,1.401949472313424,0.07590662757047276,0.07902700709479088,0.00341615013158275,0.06921097331257056,0.08260228182837495,0.4527952771360874,0.44978067187707726,0.004262335302477184,0.4444410999432321,0.4611494543289427,0.4527492713242773,0.44973466606526713,0.004262335302477184,0.444395094131422,0.4611034485171326,0.4527644964767137,0.44976226531621644,0.004261127405449736,0.4444126867620322,0.46111630619139515,-1.5225152436020477e-05,-1.9572673607664878e-05,1.3097586318474212e-05,-4.089642162022993e-05,1.0446116748188976e-05
strong_low_noise,240,1.8329807108324374e-09,137.69103220091984,4.9163220129884444e-05,0.9423377204340603,200,107.78173820200922,107.75793002762293,0.05286575220785292,107.67812132768184,107.88535507633661,1.3365960575198843,1.3327302794806637,0.003810444789241737,1.3291275857329705,1.344064529306798,0.08360754189554545,0.08577662110534717,0.002132391335915573,0.07942805487715093,0.08778702891393997,1.3334266522308025,1.3325656996063595,0.005018893621100886,1.3235896207334448,1.3432636837281602,0.08080660121449201,0.08336092365687846,0.0034646714684427944,0.07401584513634414,0.08759735729263989,0.3943075003059542,0.39044172226673324,0.003810444789241737,0.3868390285190404,0.401775972092868,0.39425833708582425,0.3903925590466033,0.003810444789241737,0.38678986529891046,0.40172680887273804,0.3942739911350678,0.3901354819586018,0.0038091255635912323,0.38680810503042895,0.4017398772397066,-1.5654049243461823e-05,-2.1840335855173602e-05,1.3550176473261853e-05,-4.2212395131055054e-05,1.0904296644131408e-05
strong_low_noise,240,2.335721469090121e-09,126.88107659543815,5.2855489724223936e-05,0.9423414127036546,200,100.24622286213082,100.22949486596396,0.05271349445373498,100.1429044130015,100.34954131126014,1.2849454584266247,1.2828853605672634,0.003408807947583076,1.2782641948493618,1.2916267220038875,0.08892777364265686,0.0917609327753805,0.0021637883556440184,0.08468674846559458,0.09316879881971914,1.282330332450403,1.2822772022891347,0.004630072325706706,1.2732553906920179,1.291405274208788,0.08606971065703267,0.08840105684687509,0.0035136685202754115,0.07918292035729287,0.09295650095677248,0.3426569012126942,0.3405968033533331,0.003408807947583076,0.33597563763543137,0.34933816478995705,0.34260404572297,0.34054394786360886,0.003408807947583076,0.33592278214570714,0.3492853093002328,0.34262004234241644,0.34054707489186686,0.0034074330923643003,0.3359414734813824,0.34929861120345046,-1.5996619445877927e-05,-2.2030977035497308e-05,1.383017169967298e-05,-4.310375597723697e-05,1.1110517085481113e-05
strong_low_noise,240,2.9763514416313133e-09,116.27295870467611,5.705750445861302e-05,0.942345614718389,200,92.82328826247783,92.81321965809266,0.052228613589089715,92.72092017984322,92.92565634511244,1.2394060882514546,1.2357121159569902,0.0030536550653458786,1.2334209243233767,1.2453912521795325,0.0945461282149658,0.09693304140958954,0.0021961444889741256,0.09024168501657652,0.09885057141335508,1.2372442875556873,1.2362973874547012,0.004284323345772216,1.2288470137979737,1.2456415613134009,0.09170571784309402,0.0945050284573026,0.0035619752995350003,0.08472424625600541,0.09868718943018262,0.2971175310375243,0.2934235587430599,0.0030536550653458786,0.2911323671094464,0.3031026949656022,0.29706047353306564,0.2933665012386013,0.0030536550653458786,0.29107530960498773,0.30304563746114355,0.2970767039765604,0.2934900584248413,0.0030522836697052464,0.2910942279839381,0.3030591799691827,-1.6230443494180218e-05,-1.1179816900603347e-05,1.3918080923296048e-05,-4.350988210384047e-05,1.1048995115480035e-05
strong_low_noise,240,3.792690190732238e-09,105.97833332667848,6.170537019634798e-05,0.9423502625841267,200,85.56117271034522,85.54393782222115,0.051408837765621475,85.4604113883246,85.66193403236583,1.1993313975241102,1.1965682833927695,0.002741862603878193,1.193957346820509,1.2047054482277115,0.10046518735973387,0.10304892512937289,0.002228529567808102,0.09609726940682999,0.10483310531263774,1.1975325620870165,1.1953586424989422,0.00397287511804015,1.189745726855658,1.2053193973183751,0.097716115378197,0.10159261989543272,0.003608327666736531,0.0906437931513934,0.10478843760500059,0.25704284031017993,0.2542797261788392,0.002741862603878193,0.2516687896065787,0.2624168910137812,0.25698113493998354,0.25421802080864286,0.002741862603878193,0.2516070842363823,0.2623551856435848,0.25699743445474577,0.2543244059797745,0.0027405430418524336,0.251625970092715,0.26236889881677655,-1.629951476226242e-05,-1.837468789308e-05,1.3815214150888196e-05,-4.3377334498003286e-05,1.0778304973478445e-05
strong_low_noise,240,4.832930238571752e-09,96.09012929401715,6.669936936162107e-05,0.942355256583292,200,78.50514287879273,78.49774146516616,0.050260353652791835,78.40663258563325,78.6036531719522,1.1641431408074725,1.1611313100191603,0.0024703112239383893,1.1593013308085534,1.1689849508063916,0.10668241747752395,0.10946553775392154,0.002259814039074705,0.10225318196093754,0.11111165299411037,1.1626241751054893,1.1596447139822392,0.003689387401024503,1.1553929757994812,1.1698553744114975,0.10409361996304822,0.10900985524670731,0.0036514507262302535,0.09693677653963692,0.11125046338645952,0.22185458359354235,0.2188427528052298,0.0024703112239383893,0.2170127735946231,0.2266963935924616,0.22178788422418066,0.21877605343586815,0.0024703112239383893,0.2169460742252614,0.22662969422309992,0.22180399372225115,0.21856801132871462,0.0024690672232182635,0.21696462196474336,0.22664336547975894,-1.6109498070230158e-05,-1.7407730042154487e-05,1.3554675987856014e-05,-4.2676663006427946e-05,1.045766686596763e-05
strong_low_noise,240,6.158482110660254e-09,86.68230537794,7.191552375973576e-05,0.9423604727376901,200,71.69667553205467,71.68229441958253,0.0487980683802586,71.60103131802936,71.79231974607998,1.1333214365237827,1.128777750574866,0.002235340636033869,1.1289401688771563,1.137702704170409,0.11318912954005345,0.11647280768401311,0.0022887039541039625,0.10870326979000967,0.11767498929009722,1.132005069977268,1.1284116636785608,0.0034294609292653514,1.125283326555908,1.138726813398628,0.11082179277053943,0.11565634015904445,0.0036901169833158157,0.10358916348324043,0.11805442205783842,0.19103287930985224,0.1864891933609356,0.002235340636033869,0.18665161166322586,0.19541414695647863,0.19096096378609254,0.18641727783717588,0.002235340636033869,0.18657969613946615,0.19534223143271892,0.19097649551499749,0.18626048585959895,0.002234160643176987,0.1865975406543706,0.19535545037562438,-1.5531728904949742e-05,-2.0287960182347698e-05,1.3211950181826349e-05,-4.1427151261329385e-05,1.03636934514299e-05
strong_low_noise,240,7.847599703514623e-09,77.81072833796223,7.72247380621538e-05,0.9423657819519925,200,65.17272946971248,65.157655104559,0.047045739153728006,65.08051982097118,65.26493911845378,1.1063962282583366,1.102070392718761,0.0020325161974046805,1.1024124965114235,1.1103799600052497,0.11996931939846206,0.12398446911726929,0.0023137763704778715,0.11543431771232543,0.12450432108459869,1.1052113557822147,1.1020224345154963,0.00319003062783478,1.0989588957516585,1.111463815812771,0.11787460441376922,0.12308754907970436,0.0037231510133823357,0.11057722842753984,0.1251719803999986,0.16410767104440643,0.1597818355048305,0.00203251619740468,0.16012393929749327,0.1680914027913196,0.1640304463063443,0.15970461076676834,0.0020325161974046805,0.16004671455943115,0.16801417805325747,0.1640448600088395,0.15972672847150915,0.0020313482222299507,0.1600634174932688,0.1680263025244102,-1.441370249494082e-05,-1.75068791780157e-05,1.2914835711402157e-05,-3.972678048928905e-05,1.0899375499407406e-05
strong_low_noise,240,1e-08,69.51460739770063,8.251645012032072e-05,0.9423710736640507,200,58.965098167592295,58.95984717675521,0.04503576182635247,58.87682807441264,59.05336826077195,1.0829406248953029,1.0789031757948386,0.0018568209890666271,1.0793012557567323,1.0865799940338734,0.12699839355337567,0.13103798373704034,0.002333517861422736,0.12242469854498711,0.13157208856176422,1.0818238705872576,1.0770418190291007,0.0029688921224164375,1.0760048420273214,1.0876428991471938,0.125215901616851,0.1300835458789928,0.0037493890392001094,0.11786709910001879,0.1325647041336832,0.14065206768137256,0.13661461858090818,0.0018568209890666271,0.13701269854280196,0.14429143681994316,0.14056955123125217,0.1365321021307878,0.001856820989066627,0.1369301820926816,0.14420892036982275,0.1405821419321889,0.1366642021287549,0.0018555734761759749,0.136945217918884,0.1442190659454938,-1.259070093679073e-05,-5.3333353670332675e-06,1.285001269895266e-05,-3.7776725826737945e-05,1.2595323953156483e-05
strong_low_noise,240,1.274274985703132e-08,61.81804615092294,8.772344311763769e-05,0.9423762806570479,200,53.099865691533694,53.091677269066416,0.0428081772128271,53.01596166419655,53.183769718870835,1.062566563568937,1.0590834095704418,0.0017032042276558155,1.0592282832827316,1.0659048438551424,0.13424180365923125,0.13875228347322224,0.0023463717779978414,0.12964291497435548,0.138840692344107,1.0614642771894838,1.0558759062188283,0.002764461933341964,1.0560459318001336,1.066882622578834,0.13279881703503213,0.1374004962328219,0.0037676292658959053,0.12541426367387615,0.1401833703961881,0.12027800635500657,0.11679485235651144,0.0017032042276558155,0.11693972606880118,0.12361628664121196,0.12019028291188899,0.11670712891339385,0.0017032042276558155,0.1168520026256836,0.12352856319809438,0.1202001759349449,0.1167182586008865,0.0017017515796906467,0.11686474283875124,0.12353560903113857,-9.893023055927464e-06,1.51107567999e-06,1.3255303176097214e-05,-3.5873417281078005e-05,1.6087371169223073e-05
strong_low_noise,240,1.623776739188721e-08,54.73154831810623,9.284633089087085e-05,0.9423814035448213,200,47.59702595795528,47.573212864991476,0.04040846151586247,47.51782537338419,47.67622654252637,1.0449227542052575,1.0421078325476754,0.001567242970171664,1.041850957983721,1.047994550426794,0.1416535877687683,0.14710917110237362,0.0023508032509839466,0.13704601339683975,0.14626116214069684,1.0437926710492607,1.039430701672374,0.0025757160944553394,1.0387442675041283,1.048841074594393,0.14056513505102486,0.14558277673700365,0.0037766137140536667,0.13316297217147968,0.14796729793057004,0.10263419699132709,0.09981927533374502,0.001567242970171664,0.09956240076979063,0.10570599321286354,0.10254135066043617,0.09972642900285411,0.001567242970171664,0.09946955443889971,0.10561314688197262,0.10254749652050711,0.09977903609839808,0.0015654329314750304,0.09947924797481605,0.10561574506619817,-6.145860070912517e-06,9.497442196185705e-06,1.4383363804651978e-05,-3.43372531280304e-05,2.204553298620536e-05
strong_low_noise,240,2.0691380811147902e-08,48.25357118960106,9.79795027331587e-05,0.9423865367166635,200,42.470339586540106,42.43587468631054,0.03788409327625404,42.39608676371865,42.54459240936156,1.029694053284889,1.027580919021127,0.00144562450855074,1.0268606292481297,1.0325274773216484,0.14917484930570415,0.15552041590837062,0.0023453976005670335,0.14457787000859276,0.15377182860281555,1.0285060832721657,1.0244811611390165,0.002402167925302999,1.0237978341385718,1.0332143324057597,0.1484446046547558,0.15463023213479365,0.0037750717063437895,0.14104546411032198,0.15584374519918964,0.08740549607095865,0.08529236180719657,0.00144562450855074,0.0845720720341992,0.09023892010771811,0.08730751656822548,0.08519438230446341,0.00144562450855074,0.08447409253146604,0.09014094060498493,0.08730867894600916,0.08497922342908355,0.0014432844130402639,0.08447984149645024,0.09013751639556808,-1.1623777837220908e-06,1.60991879687568e-05,1.6449422410798205e-05,-3.340324570888657e-05,3.107849014144239e-05
strong_low_noise,240,2.6366508987303555e-08,42.37229886364001,0.00010334403728871205,0.9423919012512191,200,37.727471833265746,37.69411066077622,0.03528062645658367,37.65832180541084,37.79662186112065,1.0166007495005522,1.014395816388637,0.001336268906399602,1.013981662444009,1.0192198365570955,0.15673244149423837,0.1627275935341721,0.002329011510876807,0.15216757893291982,0.16129730405555692,1.015336700033362,1.0127552099463242,0.0022437640666785395,1.010938922462672,1.019734477604052,0.15635437919962886,0.16434545138110074,0.003761847006527793,0.14898115906683437,0.16372759933242334,0.0743121922866218,0.07210725917470684,0.001336268906399602,0.07169310523007857,0.07693127934316502,0.07420884824933306,0.0720039151374181,0.001336268906399602,0.07158976119278984,0.07682793530587628,0.07420358119492106,0.07182563909979911,0.0013332086946716837,0.07159049215336456,0.07681667023647755,5.2670544120175625e-06,3.4926992637837565e-05,1.9611806923990248e-05,-3.317208715900332e-05,4.370619598303845e-05
strong_low_noise,240,3.3598182862837814e-08,37.067673861454125,0.00010933683822361706,0.942397894052154,200,33.370384572795246,33.34593056177779,0.03263859654521218,33.30641292356663,33.43435622202386,1.005396278831447,1.003286202437109,0.0012381054197898235,1.002969592208659,1.007822965454235,0.1642385739194378,0.1701109222103661,0.0023009836660785547,0.15972864593392383,0.16874850190495178,1.0040486261446124,1.0013620615900203,0.0021006675175465426,0.9999313178102212,1.0081659344790037,0.16419919050694087,0.17208145987856627,0.003736125276879608,0.15687638496425685,0.1715219960496249,0.06310772161751653,0.06099764522317852,0.0012381054197898235,0.060681034994728475,0.06553440824030458,0.06299838477929286,0.06088830838495485,0.0012381054197898235,0.0605716981565048,0.06542507140208091,0.06298499840283882,0.06083444085411674,0.0012341164703682235,0.0605661301209171,0.06540386668476053,1.3386376454140852e-05,2.6087473067528933e-05,2.4005436163303545e-05,-3.366427842593409e-05,6.04370313342158e-05
strong_low_noise,240,4.281332398719396e-08,32.313504288040306,0.00011660930478125942,0.9424051665187116,200,29.395882291530707,29.379226755151763,0.0299924943360187,29.33709700263211,29.454667580429305,0.9958628184923289,0.9926147931776164,0.001150669581980589,0.9936075061116469,0.9981181308730109,0.17159242553202192,0.1774704324165267,0.0022613788936601113,0.1671601229004481,0.17602472816359574,0.9944328318394886,0.9921224594106324,0.0019729892221295223,0.9905657729641147,0.9982998907148625,0.17187321273646688,0.18016001688733102,0.0036977543230937485,0.16462561426320313,0.17912081120973064,0.05357426127839858,0.05032623596368602,0.0011506695819805892,0.051318948897716626,0.055829573659080534,0.05345765197361728,0.050209626658904716,0.0011506695819805892,0.051202339592935325,0.05571296435429923,0.053434167292719756,0.0504366337268346,0.0011455189110309392,0.051188950227099114,0.0556793843583404,2.348468089758423e-05,4.2954305309653355e-05,2.9791058874210923e-05,-3.490579449586918e-05,8.187515629103763e-05
strong_low_noise,240,5.4555947811685146e-08,28.079341266948934,0.00012619394739685208,0.9424147511613272,200,25.796185563834197,25.779478842110983,0.02737207547597251,25.742536295901292,25.8498348317671,0.9878056008357126,0.9843630053410379,0.0010737239266709895,0.9857011019394374,0.9899100997319877,0.17868462774045,0.18409630192256,0.0022112050156309483,0.17435066590981332,0.18301858957108666,0.9863011731563518,0.9850892869147019,0.001860567808064677,0.982654460252545,0.9899478860601586,0.17926434412107498,0.18633486620058853,0.0036475928539571175,0.17211506212731903,0.18641362611483092,0.04551704362178228,0.04207444812710759,0.0010737239266709895,0.04341254472550714,0.04762154251805742,0.045390849674385406,0.04194825417971071,0.0010737239266709895,0.043286350778110265,0.047495348570660546,0.04535494247683311,0.04192363297477075,0.0010671428785088057,0.04326334243495585,0.04744654251871037,3.590719755226657e-05,6.130357387398615e-05,3.7186214237609125e-05,-3.697778235344731e-05,0.00010879217745798045
strong_low_noise,240,6.951927961775605e-08,24.331901394839903,0.0001397042477504079,0.9424282614616808,200,22.55944892580037,22.54052737455188,0.02480492691187254,22.5108312690531,22.608066582547643,0.9810477560393642,0.9785400541614162,0.0010070288103747244,0.9790739795710298,0.9830215325076986,0.18540440353408497,0.19078691756937755,0.0021525331548557197,0.18118543855056776,0.18962336851760217,0.9794812435650466,0.9785093740863382,0.0017628660589971614,0.9760260260894121,0.9829364610406811,0.18626064798455289,0.19142411219687336,0.00358776102745686,0.17922863637073744,0.19329265959836833,0.03875919882543391,0.036251496947485806,0.0010070288103747242,0.03678542235709945,0.04073297529376837,0.03861949457768346,0.03611179269973536,0.0010070288103747242,0.036645718109349,0.04059327104601792,0.03856842621019499,0.03562945750475884,0.0009986941788893058,0.03661098561957195,0.04052586680081803,5.106836748846317e-05,8.010196577100669e-05,4.64754746700884e-05,-4.0023562864910096e-05,0.00014216029784183643
strong_low_noise,240,8.858667904100815e-08,21.036030410013645,0.000159642179121032,0.9424481993930514,200,19.67022657374734,19.650884692310797,0.022318427587615364,19.626482455675614,19.713970691819064,0.9754273285467124,0.9732318657578183,0.000950265696376391,0.9735648077818148,0.9772898493116101,0.19164768140179406,0.19644731657471534,0.0020884813389225173,0.1875542579775059,0.1957411048260822,0.9738136106924458,0.9725257795078079,0.001678983980080431,0.9705228020914881,0.9771044192934034,0.19275746235824276,0.1964153549452278,0.003521654745410641,0.1858550190572379,0.19965990565924763,0.03313877133278207,0.030943308543887993,0.0009502656963763911,0.03127625056788434,0.0350012920976798,0.03297912915366106,0.03078366636476698,0.0009502656963763911,0.03111660838876333,0.03484164991855879,0.03290966137867255,0.03064103974552839,0.000939769644186552,0.03106771287606691,0.03475160988127819,6.946777498849223e-05,0.00010665737227372036,5.800824443877658e-05,-4.422838411150985e-05,0.00018316393408849432
strong_low_noise,240,1.1288378916846883e-07,18.15539710047631,0.00018985869251892523,0.9424784159064493,200,17.10995652180727,17.090311763312997,0.019939684755011688,17.070874739687447,17.149038303927092,0.9707968828611743,0.967900199499113,0.00090302884429327,0.9690269463263594,0.9725668193959891,0.1973237582823634,0.20286129015001456,0.002023060018238476,0.193358560646616,0.2012889559181108,0.9691517691138222,0.967519293142048,0.001607733641679845,0.9660006111761297,0.9723029270515147,0.19866319239856786,0.20081471869407969,0.0034536548264129216,0.19189402893879853,0.2054323558583372,0.028508325647243992,0.02561164228518259,0.0009030288442932699,0.026738389112429182,0.030278262182058802,0.028318466954725018,0.025421783592663616,0.0009030288442932699,0.026548530419910208,0.03008840348953983,0.028226761258255195,0.025107281783896925,0.0008898325180853096,0.026482689522807988,0.0299708329937024,9.170569646984109e-05,0.00011343060743382517,7.218796546268628e-05,-4.978271583702402e-05,0.0002331941087767062
strong_low_noise,240,1.438449888287663e-07,15.653137047933015,0.0002362226896743605,0.9425247799036047,200,14.857532289297456,14.846624822381687,0.017693464553394652,14.822853098772802,14.89221147982211,0.9670246904512578,0.9643562431494349,0.0008648047889556137,0.9653296730649048,0.9687197078376109,0.20235889576044916,0.20821190025770914,0.0019608814525266392,0.19851556811349694,0.20620222340740138,0.9653637402368531,0.9643582819040969,0.0015477154754761412,0.9623302179049199,0.9683972625687863,0.20390262939868065,0.2065420923085387,0.003388574340069726,0.197261023692144,0.2105442351052173,0.024736133237327484,0.022067685935504566,0.0008648047889556137,0.023041115850974483,0.026431150623680486,0.024499910547653103,0.021831463245830185,0.0008648047889556137,0.0228048931613001,0.026194927934006105,0.024381421968859823,0.02125649048326702,0.000848170335920708,0.022719008110455234,0.02604383582726441,0.00011848857879324472,0.00011811269446392923,8.945094850259859e-05,-5.68352802718485e-05,0.0002938124378583379
strong_low_noise,240,1.8329807108324338e-07,13.492542019275113,0.00030755731153178645,0.9425961145254621,200,12.889966132893067,12.88528698077089,0.01559953643062726,12.859391041489037,12.920541224297097,0.9639958981626368,0.9610618053610154,0.0008349312419761153,0.9623594329283636,0.9656323633969099,0.20669713912439355,0.21244896342407713,0.0019067097509270024,0.20295998801257664,0.21043429023621046,0.9623336754070809,0.9614030762799455,0.0014973727504841083,0.959398824816132,0.9652685259980298,0.20841823285407376,0.2110555675129362,0.0033309783710174135,0.20188951524687965,0.21494695046126788,0.02170734094870631,0.018773248147085086,0.0008349312419761153,0.020070875714433126,0.023343806182979494,0.02139978363717455,0.018465690835553328,0.0008349312419761153,0.019763318402901367,0.023036248871447736,0.021249176222493924,0.01802486257974671,0.0008138302966927002,0.019654068840976233,0.022844283604011615,0.0001506074146806231,0.00014852235924699546,0.00011022982844348065,-6.544304906859897e-05,0.0003666578784298452
strong_low_noise,240,2.3357214690901212e-07,11.637737050362711,0.00041688650307709907,0.9427054437170075,200,11.183075242525987,11.181554518489456,0.013671185405572333,11.156279719131065,11.20987076592091,0.9616126783449735,0.9583880680901653,0.0008125890303348194,0.9600200038455173,0.9632053528444298,0.210300022969256,0.2172256057444155,0.0018648589829696508,0.2066448993626355,0.21395514657587653,0.9599624178075261,0.9594378036957556,0.0014550407845287184,0.9571105378698498,0.9628142977452024,0.21217073476246903,0.21600498621975656,0.0032845555100606666,0.20573300596275013,0.21860846356218794,0.01932412113104331,0.016099510876234957,0.0008125890303348194,0.017731446631587065,0.020916795630499557,0.01890723462796617,0.015682624373157816,0.0008125890303348194,0.017314560128509925,0.020499909127422417,0.01871836804604938,0.015640841387162954,0.0007855952155775498,0.017178601423517383,0.020258134668581375,0.00018886658191682226,0.0001663821648486588,0.00013489555090317147,-7.55286978533938e-05,0.0004532618616870383
strong_low_noise,240,2.976351441631313e-07,10.054225560643511,0.0005829798403707356,0.942871537054301,200,9.712100661022806,9.711994280080964,0.011915711436625826,9.68874586660702,9.735455455438592,0.9597935624427579,0.9563801138091546,0.000796868162831647,0.9582317008436079,0.961355424041908,0.21314637224898672,0.21981621640773416,0.0018385831818974493,0.2095427492124677,0.21674999528550573,0.958167171509439,0.957795632654858,0.0014190146816785915,0.9553859027333489,0.9609484402855291,0.2151397177506862,0.21952509755521213,0.0032517232464917656,0.20876634018756232,0.22151309531381005,0.017505005228827628,0.014091556595224264,0.000796868162831647,0.015943143629677598,0.019066866827977657,0.016922025388456927,0.013508576754853563,0.000796868162831647,0.015360163789306899,0.018483886987606956,0.016688084362525498,0.01395456492229577,0.0007620575287573825,0.015194451606161029,0.018181717118889967,0.00023394102593136878,0.00023118509991099594,0.00016367277390235058,-8.685761091723835e-05,0.0005547396627799759
strong_low_noise,240,3.792690190732246e-07,8.709237375402362,0.0008320636053589306,0.9431206208192893,200,8.452210680212964,8.452832518218152,0.010336316362361054,8.431951500142736,8.472469860283192,0.9584729456637278,0.9552450600457656,0.0007868764677121859,0.9569306677870119,0.9600152235404437,0.21523159583945695,0.22216619099667848,0.001829727360479354,0.21164533021291743,0.21881786146599647,0.9568812125018136,0.9564204698023445,0.0013876342387105585,0.9541614493939409,0.9596009756096863,0.21732313320600993,0.21921430926361424,0.0032335904078062997,0.2109852960067096,0.22366097040531027,0.016184388449797523,0.012956502831835304,0.0007868764677121859,0.01464211057308164,0.01772666632651341,0.015352324844438598,0.01212443922647638,0.000786876467712186,0.013810046967722714,0.01689460272115448,0.015066175485277217,0.012154666970627986,0.0007417805254530525,0.013612285655389234,0.0165200653151652,0.0002861493591613976,0.00023894553349480428,0.00019652759393921714,-9.904472495946801e-05,0.0006713434432822631
strong_low_noise,240,4.832930238571752e-07,7.571915714296506,0.0011993592469317776,0.9434879164608622,200,7.378907698202056,7.381750361734815,0.008933966483146795,7.361397123895088,7.396418272509024,0.9576015126248635,0.9545098342659817,0.0007818014552791021,0.9560691817725164,0.9591338434772105,0.21656460600290997,0.22342498995311008,0.001838830980572409,0.21296049728098804,0.2201687147248319,0.9560543605605676,0.9554610203593896,0.0013593566733383097,0.9533900214808245,0.9587186996403106,0.21873384783226008,0.2216650854902228,0.0032302640554159757,0.21240253028364475,0.2250651653808754,0.015312955410933127,0.012221277052051338,0.0007818014552791021,0.013780624558586087,0.016845286263280166,0.014113596164001308,0.011021917805119519,0.0007818014552791021,0.012581265311654268,0.015645927016348347,0.013768444115743139,0.010947361003685693,0.0007234755959159559,0.012350431947747865,0.015186456283738412,0.00034515204825821626,0.00026558854444035226,0.00023303527644508108,-0.00011159709357414264,0.0008019011900905752
strong_low_noise,240,6.158482110660254e-07,6.6134408721159454,0.0017298239340581695,0.9440183811479885,200,6.468398099966136,6.469095992888343,0.00770807734963447,6.453290268360853,6.48350593157142,0.9571472839108114,0.9542381707903902,0.0007808494548037804,0.955616818979396,0.9586777488422268,0.21716118621214428,0.2250988573296125,0.001865598915085634,0.21350461233857643,0.22081776008571213,0.9556539197911406,0.954699208742763,0.0013327834595842647,0.9530416642103554,0.9582661753719257,0.21939234212809539,0.22260051503119654,0.0032413373541510756,0.21303932091395927,0.2257453633422315,0.014858726696880915,0.011949613576459905,0.0007808494548037804,0.013328261765465506,0.016389191628296326,0.013128902762822732,0.010219789642401722,0.0007808494548037804,0.011598437831407323,0.01465936769423814,0.012719284671267636,0.010032781645192886,0.0007061219491789819,0.011335285650876832,0.01410328369165844,0.000409618091555126,0.00035518203202932635,0.00027225031466589217,-0.00012399252519002267,0.0009432287083002747
strong_low_noise,240,7.847599703514607e-07,5.807176045052332,0.002477179458627611,0.9447657366725579,200,5.697975016007475,5.700953579872904,0.006655765676317688,5.684929715281892,5.711020316733058,0.9570958713780584,0.9544242409480987,0.000783062570707048,0.9555610687394726,0.9586306740166443,0.21703478908444335,0.2250261116270346,0.0019094281503418608,0.2132923099097733,0.2207772682591134,0.95566472419995,0.9547263539920463,0.0013066296265282727,0.9531037301319546,0.9582257182679453,0.2193169273859513,0.22356072852615522,0.003266330956124894,0.2129149187119465,0.22571893605995608,0.014807314164128046,0.012135683734168345,0.000783062570707048,0.013272511525542232,0.01634211680271386,0.01233013470550047,0.009658504275540769,0.000783062570707048,0.010795332066914656,0.013864937344086285,0.01185318714283746,0.009453192094700007,0.0006889976000888178,0.010502751846663378,0.013203622439011542,0.00047694756266296296,0.00045757881332974116,0.0003126198974664844,-0.0001357874363713465,0.0010896825616972725
strong_low_noise,240,1e-06,5.128859966545513,0.003500211694818324,0.9457887689087486,200,5.046419041311143,5.047782414158386,0.005770227974340483,5.035109394481436,5.05772868814085,0.9574480736482736,0.9551732545437129,0.0007871037363092718,0.9559053503251074,0.9589907969714397,0.21618767997167448,0.2242300291937868,0.001969694005762052,0.21232707972038087,0.2200482802229681,0.9560864956852211,0.9551354423511231,0.0012796579140018107,0.9535783661737776,0.9585946251966646,0.21851461477614875,0.22338604155164218,0.003304912825187588,0.21203698563878107,0.22499224391351644,0.015159516434343247,0.01288469732978259,0.000787103736309272,0.013616793111177073,0.01670223975750942,0.011659304739524957,0.009384485634964301,0.000787103736309272,0.010116581416358784,0.013202028062691131,0.01111612552709496,0.008755571919844966,0.0006716344203426441,0.009799722063223378,0.012432528990966543,0.0005431792124299552,0.0005248374184221187,0.000351997577709092,-0.0001467360398798651,0.0012330944647397754
strong_low_noise,240,1.2742749857031322e-06,4.556809444678336,0.0048556797110469035,0.9471442369249773,200,4.494375697739815,4.496761191748902,0.005039215244615559,4.484498835860369,4.504252559619261,0.9582134838705084,0.956090988077924,0.0007911500607489319,0.9566628297514406,0.9597641379895763,0.21460585446078256,0.2227357865493384,0.002045689642784737,0.21059630276092448,0.21861540616064065,0.9569272698012887,0.9559724027539716,0.0012506285850046547,0.9544760377746796,0.9593785018278979,0.2169760357422419,0.22164533079514367,0.0033568279927321015,0.21039665287648698,0.2235554186079968,0.015924926656578048,0.013802430863993742,0.0007911500607489318,0.014374272537510141,0.017475580775645955,0.011069246945531101,0.008946751152946797,0.0007911500607489318,0.009518592826463194,0.012619901064599008,0.010466022347932808,0.008150424649933664,0.0006537317331356207,0.009184708150986992,0.011747336544878624,0.0006032245975983434,0.0007099390850469149,0.00038781360693473113,-0.00015689007199372958,0.0013633392671904164
strong_low_noise,240,1.6237767391887209e-06,4.072064965495742,0.0065882086720570505,0.9488767658859873,200,4.024646423250858,4.0278060202409005,0.004444662335767007,4.015934885072754,4.033357961428962,0.9594002536008052,0.9571896432195124,0.0007930093931235927,0.9578459551902829,0.9609545520113274,0.21226028682035483,0.21983077456941436,0.0021363009951932835,0.208073136869776,0.21644743677093367,0.9581931028310464,0.9568587304724422,0.0012183224465365427,0.9558051908358348,0.960581014826258,0.2146767635850793,0.21909981081222812,0.0034215665809555337,0.20797049308640647,0.22138303408375215,0.017111696386874833,0.014901086005581987,0.0007930093931235927,0.015557397976352591,0.018665994797397074,0.010523487714817828,0.008312877333524982,0.0007930093931235927,0.008969189304295586,0.01207778612534007,0.00987197340362103,0.007536917828367663,0.0006350656063692079,0.008627244815137382,0.011116701992104678,0.0006515143111967604,0.0006987928621317665,0.0004174278954816036,-0.00016664436394718258,0.0014696729863407033
strong_low_noise,240,2.06913808111479e-06,3.658420133289792,0.008719127923436886,0.9510076851373672,200,3.6223391311382382,3.623333383400773,0.0039642694001820805,3.6145691631138814,3.630109099162595,0.9610031117474429,0.9586979635571435,0.0007904747559344046,0.9594537812258115,0.9625524422690743,0.20911542752013024,0.21565508517198634,0.002239605138589872,0.2047258014484941,0.21350505359176639,0.9598761955703015,0.9588648727635203,0.0011816675571561617,0.9575601271582754,0.9621922639823275,0.21158568992885896,0.2149351281910244,0.0034978797643035607,0.20472984559082397,0.21844153426689394,0.018714554533512534,0.01640940634321314,0.0007904747559344046,0.0171652240118811,0.020263885055143968,0.009995426610075657,0.007690278419776264,0.0007904747559344046,0.008446096088444224,0.011544757131707089,0.009312430216510705,0.007036568982733577,0.0006154249875387657,0.008106197240934724,0.010518663192086686,0.0006829963935649228,0.0005496241099589442,0.0004386264241439403,-0.0001767113977572002,0.0015427041848870458
strong_low_noise,240,2.6366508987303555e-06,3.3023092582021345,0.011237659986201316,0.9535262172001316,200,3.2748568074220383,3.2752829525330527,0.003574959387423715,3.2678498870226877,3.281863727821389,0.9629933290057308,0.9608874232578692,0.0007818030787449029,0.9614609949713907,0.9645256630400708,0.2051438449901123,0.2121093040378034,0.0023526141156572536,0.20053272132342406,0.20975496865680052,0.961945112779838,0.9611029201720707,0.001139942219160114,0.9597108260302841,0.9641793995293918,0.2076791566628405,0.20952365589482247,0.003583336531490397,0.20065581706111932,0.2147024962645617,0.020704771791800334,0.018598866043938844,0.000781803078744903,0.019172437757460324,0.022237105826140344,0.009467111805599036,0.007361206057737546,0.000781803078744903,0.007934777771259026,0.010999445839939045,0.008772879962511318,0.006429524171608348,0.0005945940534432083,0.00760747561776263,0.009938284307260006,0.0006942318430877005,0.00047316376690120256,0.0004501391541099571,-0.00018804089896781544,0.0015765045851432163
strong_low_noise,240,3.359818286283781e-06,2.9925694575914337,0.014098092659504458,0.9563866498734348,200,2.9717431395450955,2.974529819799584,0.0032568519155232547,2.96535970979067,2.978126569299521,0.9653145079903291,0.9633974144536086,0.0007661208318343972,0.9638129111599337,0.9668161048207246,0.20034365792098702,0.20677716494964948,0.0024713527102601038,0.19549980660887722,0.2051875092330968,0.9643409178838859,0.9636432782650999,0.0010929669403607915,0.9621987026807787,0.9664831330869931,0.20295749758329165,0.20394415562100734,0.0036741714625346867,0.19575612151672367,0.21015887364985963,0.02302595077639869,0.021108857239678314,0.0007661208318343972,0.02152435394600327,0.024527547606794108,0.008927858116894234,0.007010764580173856,0.0007661208318343972,0.007426261286498816,0.010429454947289652,0.008243656420908681,0.005848412157565194,0.000572380996750797,0.007121789667277119,0.009365523174540244,0.0006842016959855539,0.0006327300996806407,0.0004519964046312895,-0.00020171125709177358,0.0015701146490628812
strong_low_noise,240,4.281332398719387e-06,2.720127187685605,0.01722487497617823,0.9595134321901085,200,2.7044366182173145,2.705401460145957,0.002995714556108577,2.6985650176873417,2.7103082187472873,0.9678862874267001,0.9661045934102498,0.0007435712650507213,0.9664288877472007,0.9693436871061996,0.1947534672788429,0.20038953892108158,0.0025913351732839564,0.18967445033920635,0.19983248421847946,0.9669812205587425,0.9662148933374972,0.001041178700610226,0.9649405103055464,0.9690219308119385,0.19745899675560033,0.19534684936580704,0.003765622167884237,0.19007837730654722,0.20483961620465344,0.025597730212769666,0.023816036196319446,0.0007435712650507213,0.024140330533270252,0.02705512989226908,0.008372855236591474,0.006591161220141251,0.0007435712650507214,0.00691545555709206,0.009830254916090887,0.007718359235025869,0.005252112814548426,0.0005486703368291473,0.00664296537484074,0.008793753095210997,0.0006544960015655334,0.0007874960065481064,0.000445545775636614,-0.00021877371868223006,0.0015277657218132968
strong_low_noise,240,5.455594781168514e-06,2.4776712838792476,0.02052446565873472,0.962813022872665,200,2.4659963093434967,2.4666758713444454,0.002782579768498972,2.4605424529972386,2.4714501656897547,0.9706148564121904,0.9689686079008383,0.000715125568919432,0.9692132102971083,0.9720165025272725,0.18845907712718765,0.19373875634468452,0.00270830847936208,0.18315079250763797,0.19376736174673734,0.9697709465119492,0.9692061347172545,0.0009855250323591604,0.9678393174485252,0.9717025755753731,0.19126606160216,0.19121462246266335,0.0038527446371545227,0.18371468211333714,0.19881744109098287,0.02832629919825994,0.02668005068690793,0.000715125568919432,0.026924653083177853,0.029727945313342025,0.007801833539525267,0.0061555850281732605,0.000715125568919432,0.00640018742444318,0.009203479654607353,0.007193024591929391,0.004731285131629526,0.0005234599408326116,0.006167043107897473,0.00821900607596131,0.0006088089475958243,0.0004663052562759873,0.00043304721479875207,-0.00023996359340972982,0.0014575814886013784
strong_low_noise,240,6.951927961775606e-06,2.2593614271323856,0.02389990966536011,0.9661884668792905,200,2.2508497117508606,2.2498184872804083,0.0026109618392871118,2.245732226545858,2.2559671969558632,0.973406269982842,0.97206940621689,0.0006821336598646646,0.9720692880095072,0.9747432519561767,0.18158853928521976,0.18671591889798475,0.0028189610526792794,0.17606337562196836,0.18711370294847116,0.9726157690479224,0.9718996444554209,0.0009272031350221998,0.9707984509032789,0.9744330871925658,0.18450057811869516,0.18611549378289544,0.003931419997406702,0.17679499492377804,0.1922061613136123,0.0311177127689115,0.029780849002959686,0.0006821336598646646,0.029780730795576756,0.03245469474224624,0.00721780310355135,0.005880939337599533,0.0006821336598646646,0.005880821130216607,0.008554785076886092,0.006665830025628059,0.00432714707548134,0.0004968474185201905,0.005692009085328485,0.007639650965927633,0.0005519730779233127,0.0004846496376783698,0.00041693818227255604,-0.0002652257593308971,0.0013691719151775225
strong_low_noise,240,8.858667904100815e-06,2.0605907323996413,0.027263255909956985,0.9695518131238874,200,2.0545837805693,2.053609828739762,0.0024737046996395843,2.0497353193580063,2.0594322417805935,0.9761776602918711,0.9747028752083584,0.0006458153904064642,0.9749118621266745,0.9774434584570678,0.17429666378630654,0.17983532000508784,0.002921285892803938,0.16857094343641083,0.18002238413620225,0.9754332909501691,0.9747614260351728,0.0008673495626024901,0.9737332858074682,0.9771332960928699,0.1773096351173346,0.18131718952897363,0.003999132310023694,0.16947133578968818,0.18514793444498104,0.033889103077940824,0.032414317994428066,0.0006458153904064642,0.03262330491274416,0.03515490124313749,0.006625847167983787,0.005151062084471025,0.0006458153904064642,0.005360049002787117,0.007891645333180456,0.006136913541609167,0.003982671812625795,0.0004689570892460442,0.005217757646686921,0.007056069436531413,0.0004889336263746823,0.000501397138328392,0.00039905522292578503,-0.00029321461055985634,0.0012710818633092208
strong_low_noise,240,1.1288378916846883e-05,1.8777910814794638,0.03054251668727,0.9728310739012004,200,1.8737708192792042,1.874432690727721,0.0023617751169118972,1.869141740050057,1.8783998985083514,0.9788630344610033,0.9772304826154549,0.0006069227066034204,0.9776734659560606,0.980052602965946,0.1667447795500781,0.17246091235065455,0.0030144634692914995,0.16083643115026677,0.17265312794988943,0.9781586963721276,0.9775448576742456,0.0008068121887308534,0.9765773444822151,0.9797400482620401,0.1698469962627588,0.17338811802356252,0.004055215282371001,0.16189877430931163,0.17779521821620595,0.03657447724707302,0.03494192540152452,0.0006069227066034204,0.03538490874213032,0.037764045752015724,0.006031960559802987,0.004399408714254482,0.0006069227066034204,0.004842392054860283,0.007221529064745691,0.005607956516253637,0.0037029962080545277,0.00043983830238852537,0.004745873443572127,0.006470039588935147,0.000424004043549402,0.0004928453340723324,0.00038018897230531075,-0.0003211663421690071,0.0011691744292678112
strong_low_noise,240,1.43844988828766e-05,1.7082563105492263,0.03368279173763309,0.9759713489515635,200,1.7058072705167897,1.7051890942985732,0.0022658324251922535,1.701366238963413,1.7102483020701664,0.9814133580506933,0.9799782752192884,0.0005657117012204563,0.9803045631163012,0.9825221529850854,0.15908331660351818,0.1657519095901113,0.0030983743580550206,0.15301050286173035,0.16515613034530602,0.9807446139473052,0.9799370628992675,0.0007460932652031389,0.979282271147507,0.9822069567471033,0.16225727454305836,0.16708987776055725,0.004100531937434164,0.1542202319456874,0.1702943171404293,0.03912480083676296,0.03768971800535803,0.0005657117012204563,0.038016005902370864,0.040233595771155053,0.005442009099129849,0.0040069262677249196,0.0005657117012204563,0.004333214164737755,0.0065508040335219425,0.005081477100599001,0.0032680779916639067,0.00040939595393108214,0.0042790610308940805,0.005883893170303922,0.0003605319985308761,0.00041367467391260036,0.00036020138458207847,-0.0003454627152499977,0.0010665267123117499
strong_low_noise,240,1.8329807108324338e-05,1.5499669395977995,0.0366436545620701,0.9789322117760004,200,1.5487508966910282,1.5478772000508259,0.0021792122607626105,1.5444796406599335,1.5530221527221229,0.9837932194273796,0.9824509558965357,0.0005221960512841499,0.9827697151668627,0.9848167236878965,0.15144262623432536,0.15778562658428041,0.003173005781289692,0.14522353490299755,0.15766171756565317,0.9831575267165281,0.9821525114892937,0.0006854642223580187,0.9818140168407063,0.9845010365923499,0.15466774890114254,0.16004491667908807,0.004136782785297738,0.14655965464195897,0.16277584316032612,0.04150466221344918,0.040162398682605405,0.0005221960512841499,0.040481157952932244,0.042528166473966116,0.004861007651379103,0.003518744120535322,0.0005221960512841498,0.0038375033908621694,0.005884511911896036,0.004560111420995359,0.002887864198485743,0.00037741032415167437,0.003820387185658077,0.00529983565633264,0.00030089623038372917,0.00010782291801666967,0.0003385876691653556,-0.00036273560118036785,0.0009645280619478262
strong_low_noise,240,2.3357214690901213e-05,1.4014220498695682,0.0393957093747827,0.981684266588713,200,1.4011623040253576,1.3995469858076006,0.002099921346937537,1.39704645818536,1.405278149865355,0.9859772205612052,0.9847222910428315,0.0004765141526505348,0.9850432528220101,0.9869111883004003,0.14393287069816052,0.1508496433585719,0.00323801654967061,0.13758635826080612,0.15027938313551492,0.985373907391674,0.9843580267923262,0.0006251698182752163,0.9841485745478545,0.9865992402354934,0.14718852382404105,0.15102605038888584,0.004165744329326118,0.13902366493856186,0.15535338270952023,0.0436886633472749,0.04243373382890109,0.0004765141526505348,0.04275469560807985,0.044622631086469945,0.004292953972492245,0.0030380244541184376,0.0004765141526505348,0.003358986233297197,0.005226921711687293,0.004046294097912803,0.0023756619376220983,0.00034366028573862485,0.003372719937865098,0.0047198682579605074,0.00024665987457939695,3.3895364615180855e-06,0.00031510146360071996,-0.00037093899407801415,0.0008642587432368081
strong_low_noise,240,2.976351441631313e-05,1.2615020528390948,0.04191835734034953,0.9842069145542799,200,1.2619740146419272,1.2615372216600909,0.002029995392183623,1.2579952236732472,1.265952805610607,0.9879482290346318,0.9867530766888841,0.0004292157819838618,0.9871069661019434,0.9887894919673201,0.13664958648441644,0.14164545780329554,0.0032926297667218787,0.13019603214164155,0.14310314082719133,0.9873782402319702,0.986323670545264,0.0005656083649136896,0.9862696478367393,0.988486832627201,0.13991776377810047,0.14211328724316735,0.004188722025371711,0.13170786860837191,0.14812765894782903,0.045659671820701374,0.04446451947495372,0.00042921578198386177,0.04481840888801301,0.04650093475338974,0.0037413144803518307,0.0025461621346041796,0.0004292157819838618,0.0029000515476634613,0.0045825774130402,0.003542578886454761,0.001929045703577065,0.00030810632467439256,0.0029386904900929513,0.0041464672828165705,0.00019873559389707967,-0.00015286823281461813,0.000290097165309574,-0.0003698548501096853,0.0007673260379038446
strong_low_noise,240,3.792690190732246e-05,1.129386434272404,0.04419919853956761,0.9864877557534979,200,1.1304108344517478,1.1318209186985024,0.0019722937089559803,1.126545138782194,1.1342765301213016,0.9896977211631344,0.9885495698157802,0.0003813523028127446,0.9889502706496214,0.9904451716766474,0.12967983436453248,0.13317514436371497,0.0033358954111022327,0.12314147935877211,0.13621818937029287,0.9891631811089294,0.9884156873492917,0.0005074059228887425,0.9881686655000674,0.9901576967177914,0.13294707715452825,0.13569521575504145,0.004206387102012805,0.12470255843458315,0.14119159587447336,0.04740916394920406,0.04626101260184984,0.0003813523028127446,0.04666171343569108,0.04815661446271704,0.0032099654096365057,0.0020618140622822856,0.0003813523028127446,0.0024625148961235264,0.003957415923149485,0.003052459388931694,0.0015930042657439033,0.00027105522651095775,0.002521191144970217,0.003583727632893171,0.0001575060207047597,-3.4245081118886376e-05,0.00026448235642317284,-0.00036087939788465907,0.0006758914392941785
strong_low_noise,240,4.8329302385717524e-05,1.0045314359469182,0.04623425037702535,0.9885228075909557,200,1.0059671684361213,1.0051669117200503,0.0019265003316770533,1.0021912277860343,1.0097431090862083,0.9912269194078138,0.990297312288368,0.0003343596155752264,0.9905715745612864,0.9918822642543412,0.12310501660048452,0.126618216247271,0.0033671979208304897,0.11650530867565675,0.1297047245253123,0.9907305762586645,0.9900326374032824,0.0004513643559279929,0.9898459021210456,0.9916152503962833,0.1263632661151075,0.1298841112803643,0.004218981175275298,0.11809406301156793,0.1346324692186471,0.048938362193883436,0.04800875507443769,0.0003343596155752264,0.048283017347355996,0.04959370704041088,0.0027041118168581024,0.0017745046974123602,0.0003343596155752264,0.0020487669703306587,0.003359456663385546,0.0025811983027773356,0.0013499794591704055,0.0002332346572089368,0.0021240583746478196,0.0030383382309068516,0.00012291351408073322,-2.413893265669994e-05,0.000239389764841985,-0.00034629042500955735,0.0005921174531710238
strong_low_noise,240,6.158482110660255e-05,0.8866854044740867,0.04802785282632378,0.9903164100402542,200,0.8884207321123303,0.8882782942611752,0.0018868665577301737,0.8847224736591791,0.8921189905654815,0.9925470412633902,0.9917688727781122,0.0002897925565296721,0.991979047852592,0.9931150346741884,0.11699907541497946,0.11957408844650323,0.0033867307129131106,0.11036108321766977,0.12363706761228915,0.9920916693372258,0.9915523394753204,0.00039831713014785997,0.991310967762136,0.9928723709123156,0.1202453765241158,0.12479713943332124,0.004226689180483285,0.11196106573036856,0.12852968731786305,0.050258484049459755,0.049480315564181865,0.00028979255652967204,0.0496904906386616,0.05082647746025791,0.0022306312231359293,0.0014524627378580401,0.00028979255652967204,0.001662637812337772,0.0027986246339340866,0.002136078997958379,0.0010918010920950327,0.00019574235788692953,0.0017524239764999973,0.002519734019416761,9.455222517759082e-05,7.259964522673792e-07,0.00021577081728382645,-0.000328358576698709,0.0005174630270538906
strong_low_noise,240,7.847599703514606e-05,0.7759008110672175,0.04959160465759471,0.9918801618715251,200,0.7778436727674756,0.7777410512480677,0.001843215995555327,0.7742309694161871,0.7814563761187641,0.9936776694586701,0.9930383290881482,0.00024899878524821617,0.9931896318395835,0.9941657070777566,0.11142323964809872,0.11279677295501561,0.0033956711590692815,0.10476772417632293,0.1180787551198745,0.993265512298748,0.9927869265179365,0.0003489566370104113,0.9925815572902076,0.9939494673072885,0.11465853502340206,0.12024977646018221,0.004229929460036604,0.10636787328173032,0.1229491967650738,0.051389112244739694,0.050749771874217864,0.00024899878524821617,0.05090107462565319,0.051877149863826195,0.0017975075871449803,0.0011581672166231516,0.00024899878524821617,0.0013094699680584767,0.002285545206231484,0.001725730670089854,0.0008658159623756668,0.00015988005505208547,0.0014123657621877665,0.0020390955779919415,7.177691705512906e-05,1.961561298333465e-05,0.00019410523928353783,-0.0003086693519406051,0.0004522231860508632
strong_low_noise,240,0.0001,0.6725033669342569,0.05094239220652001,0.9932309494204503,200,0.6745728595886971,0.6750871281686703,0.0017844703572703596,0.6710752976884472,0.6780704214889469,0.9946433979743188,0.9942183291687334,0.00021283391716297062,0.9942262434966793,0.9950605524519582,0.10641988344305546,0.10563598615769655,0.0033959886920899747,0.09976374560655911,0.11307602127955181,0.9942757297464465,0.9940733604576268,0.00030370372229845754,0.9936804704507415,0.9948709890421515,0.1096473918525842,0.11502915572116883,0.004229429088610365,0.10135771083890788,0.11793707286626051,0.052354840760388294,0.05192977195480308,0.00021283391716297062,0.05193768628274887,0.05277199523802772,0.0014124485538683212,0.0009873797482831126,0.00021283391716297062,0.0009952940762288987,0.0018296030315077436,0.0013586301945606788,0.0006642615947658594,0.0001269209131966102,0.0011098652046953228,0.0016073951844260347,5.3818359307603404e-05,3.90183246820528e-05,0.0001743473941416161,-0.0002879025332099641,0.0003955392518251709
strong_low_noise,240,0.0001274274985703132,0.5770003387111425,0.052100056442899806,0.9943886136568302,200,0.5791214837189788,0.579660244528395,0.0017024833311508392,0.5757846163899231,0.5824583510480345,0.9954698035131885,0.9950024214273916,0.0001815208723627078,0.9951140226033576,0.9958255844230194,0.10200815862203384,0.1012276290280195,0.003390029795986282,0.09536370022190073,0.10865261702216696,0.9951466670054788,0.9950951885463573,0.0002626718478039949,0.994631830183783,0.9956615038271747,0.1052318588592468,0.11005750048832086,0.004226119479173268,0.09694866468006719,0.1135150530384264,0.053181246299258175,0.0527138642134613,0.0001815208723627078,0.05282546538942727,0.05353702720908908,0.0010811898563583384,0.0006138077705614697,0.0001815208723627078,0.0007254089465274312,0.0014369707661892456,0.0010413054219766823,0.0005022836864468933,9.788106946051456e-05,0.0008494585258340738,0.0012331523181192908,3.988443438167278e-05,3.596343716390433e-05,0.00015610470381246554,-0.0002660807850907597,0.00034584965385410526
strong_low_noise,240,0.00016237767391887175,0.4899408480802734,0.053085318279580504,0.9953738754935109,200,0.4920435600056477,0.49146238782213986,0.00159434119046633,0.4889186512723337,0.4951684687389617,0.9961800282282036,0.9958056523671501,0.00015471534799147538,0.9958767861461403,0.996483270310267,0.09818304038072569,0.09761910846754451,0.0033800907867352742,0.09155806243872455,0.10480801832272682,0.9959001739681697,0.9959168730514494,0.00022573293527754362,0.9954577374150256,0.9963426105213137,0.10140659515463732,0.10722598436104777,0.00422096728007248,0.09313349928569525,0.10967969102357938,0.053891471014273135,0.05351709515321973,0.00015471534799147538,0.053588228932209846,0.054194713096336423,0.0008061527346926123,0.00043177687363921136,0.00015471534799147538,0.0005029106526293205,0.001109394816755904,0.0007769215956446947,0.0003701772212907742,7.336236537198358e-05,0.0006331313595156068,0.0009207118317737825,2.9231139047927986e-05,-1.2470799146403292e-05,0.00013891977632604809,-0.00024305162255112628,0.00030151390064698223
strong_low_noise,240,0.00020691380811147902,0.4117645536368164,0.05391834427435395,0.9962069014882843,200,0.4137860454766286,0.4137084180438226,0.0014625788798780317,0.4109193908720677,0.41665270008118954,0.9967928460516694,0.9964762168915742,0.00013174280797014016,0.9965346301480479,0.9970510619552909,0.09491792351324575,0.09427399108591555,0.003368120647021563,0.08831640704508349,0.10151943998140801,0.9965538564688097,0.9966818468118093,0.0001926394039424514,0.9961762832370825,0.9969314297005368,0.09814412377062819,0.10470359089063391,0.0042148339914753145,0.08988304914733657,0.1064051983939198,0.0545042888377391,0.054187659677643885,0.00013174280797014016,0.05424607293411762,0.054762504741360574,0.0005859445633851634,0.0002693154032899492,0.00013174280797014016,0.0003277286597636887,0.000844160467006638,0.0005647444387074639,0.00027265349714044587,5.350436818354688e-05,0.00045987587706771197,0.0006696130003472157,2.1200124677689895e-05,-1.4020127830938918e-05,0.00012249450363392575,-0.0002188891024448046,0.00026128935180018436
strong_low_noise,240,0.00026366508987303556,0.3426803051322296,0.054618004377141594,0.9969065615910719,200,0.3445689584929708,0.34409394145752026,0.0013137924384201607,0.3419939253136673,0.34714399167227433,0.9973223599228679,0.9970357450388515,0.00011187902536520765,0.997103077033152,0.9975416428125837,0.0921697144591933,0.09107512634372875,0.0033555899991779205,0.08559275806080457,0.09874667085758201,0.9971209078513952,0.997277321362368,0.00016313437571223894,0.9968011644749992,0.9974406512277911,0.09540034270276992,0.10235097128704633,0.004208399875548589,0.08715187894669468,0.10364880645884517,0.05503380270893763,0.05474718782492116,0.00011187902536520765,0.05481451981922182,0.05525308559865344,0.00041579833179604067,0.00012918344777956836,0.00011187902536520765,0.0001965154420802337,0.0006350812215118476,0.0004005682121605428,0.00019357372046873594,3.8041989849785915e-05,0.0003260059120549624,0.00047513051226612317,1.5230119635489996e-05,-1.019440180098348e-05,0.00010676998163896275,-0.000194039044376877,0.00022449928364785699
strong_low_noise,240,0.0003359818286283774,0.28260290647035285,0.0552016375364756,0.9974901947504059,200,0.28432148469091634,0.283402476575955,0.0011565405544698287,0.28205466520415545,0.2865883041776772,0.9977788661660469,0.9975400041178519,9.45419093925743e-05,0.9975935640236375,0.9979641683084564,0.08988491145610043,0.08782101644647969,0.003343491233484249,0.0833316686384713,0.09643815427372956,0.9976110394438052,0.9978330301750691,0.00013700522049238468,0.9973425092116401,0.9978795696759704,0.09312085718719301,0.10078529798724369,0.004202146087397308,0.08488465085589429,0.10135706351849173,0.0554903089521166,0.055251446903921586,9.45419093925743e-05,0.05530500680970716,0.05567561109452605,0.0002886714156410447,4.980936744602982e-05,9.45419093925743e-05,0.0001033692732315991,0.0004739735580504903,0.00027781780927404245,0.00013427677902724136,2.643097474096901e-05,0.00022601309878174318,0.0003296225197663417,1.0853606366963203e-05,1.8039279957395795e-05,9.187953979890918e-05,-0.0001692302916388988,0.00019093750437282518
strong_low_noise,240,0.00042813323987193956,0.23115365526738332,0.05568507183263627,0.9979736290465666,200,0.2326805164339427,0.23172383370720545,0.0009993536819085057,0.23072178321740203,0.23463924965048336,0.9981701830280296,0.9980233312541349,7.934710819649778e-05,0.9980146626959645,0.9983257033600947,0.08800536773286045,0.08589470728756429,0.003332412843529751,0.08147383855954214,0.09453689690617877,0.9980318097706984,0.9982594399348207,0.0001140798186607692,0.9978082133261232,0.9982554062152735,0.09124684731796022,0.09908455147670489,0.004196373995509011,0.08302195428676255,0.09947174034915789,0.055881625814099396,0.05573477404020455,7.934710819649778e-05,0.05572610548203426,0.056037146146164535,0.00019655398146313063,4.97022075682807e-05,7.934710819649778e-05,4.1033649397994985e-05,0.00035207431352826625,0.00018886599908015381,9.12779620243346e-05,1.7991603950174198e-05,0.0001536024553378124,0.00022412954282249523,7.687982382976066e-06,2.3278666612619434e-05,7.804464965342216e-05,-0.0001452795309377314,0.0001606554957036835
strong_low_noise,240,0.0005455594781168515,0.18771085380638997,0.05608270521741203,0.9983712624313423,200,0.18903892067235328,0.18815502852053892,0.0008493433383307982,0.18737420772922492,0.19070363361548165,0.9985028603334001,0.9984133929291411,6.60664326975364e-05,0.9983733701253129,0.9986323505414872,0.08647294619143088,0.08460836571459662,0.0033226397523783424,0.07996057227676932,0.09298532010609244,0.9983897872930431,0.9985736061331958,9.419406364993297e-05,0.9982051669282892,0.9985744076577969,0.08971973139845456,0.09732342520083934,0.004191241692242504,0.08150489768165925,0.09793456511524987,0.05621430311946983,0.056124835715210764,6.60664326975364e-05,0.05608481291138266,0.056343793327557,0.0001315979020578434,4.213049779877576e-05,6.60664326975364e-05,2.1076939706720504e-06,0.0002610881101450147,0.00012617204088077657,6.0966298370834494e-05,1.20308457530282e-05,0.0001025915832048413,0.00014975249855671185,5.425861177018052e-06,3.1842265693836437e-05,6.547690725069152e-05,-0.00012290887703433732,0.00013376059938837343
strong_low_noise,240,0.0006951927961775591,0.1514871290681091,0.056407556545518704,0.998696113759449,200,0.15262120412448468,0.1518315184715481,0.0007115418737906715,0.15122658205185496,0.1540158261971144,0.9987829774388672,0.9987391245954267,5.4554852568992665e-05,0.998676049927832,0.9988899049499025,0.08523278668595097,0.08358333394279771,0.003314249784904103,0.07873685710753893,0.091728716264363,0.9986912771433873,0.9988662584340704,7.716062995724827e-05,0.9985400423086711,0.9988425119781036,0.08848439532361226,0.096678290615399,0.004186803892488373,0.08027825969433504,0.09669053095288947,0.05649442022493677,0.0564505673814964,5.455485256899267e-05,0.05638749271390154,0.056601347735971995,8.686367941810768e-05,4.301083597774147e-05,5.4554852568992665e-05,-2.0063831617117943e-05,0.0001937911904533333,8.303805322033158e-05,4.011356412758863e-05,7.923583657181202e-06,6.750782925225642e-05,9.856827718840674e-05,3.825626197723961e-06,3.156473434118067e-05,5.4317235576695136e-05,-0.0001026361555325985,0.00011028740792804643
strong_low_noise,240,0.0008858667904100832,0.12161127043331371,0.05667127816157233,0.9989598353755027,200,0.12256460245314248,0.12192223475071262,0.000588847440792205,0.12141046146918975,0.1237187434370952,0.9990165030260141,0.9990012197439285,4.4690792173022404e-05,0.998928909073355,0.9991040969786732,0.08423526360512555,0.08276917269567022,0.003307192601491619,0.07775316610620198,0.09071736110404913,0.9989426058276552,0.9990814634440122,6.275449575001994e-05,0.9988196070159852,0.9990656046393251,0.08749109877388957,0.0964122081708934,0.004183047538726332,0.07929232559798596,0.09568987194979317,0.05672794581208379,0.05671266252999818,4.469079217302241e-05,0.05664035185942467,0.05681553976474291,5.666765051142775e-05,4.138436842582305e-05,4.4690792173022404e-05,-3.092630214769616e-05,0.00014426160317055167,5.3965657766124766e-05,2.6062204514660133e-05,5.1522464042563585e-06,4.38672548137823e-05,6.406406071846723e-05,2.7019927453302873e-06,3.314879000223685e-05,4.461506361643738e-05,-8.474353194288697e-05,9.014751743354755e-05
strong_low_noise,240,0.0011288378916846883,0.09719915359832665,0.05688415808181591,0.9991727152957462,200,0.0979900568526787,0.09746568178254628,0.00048234355309422075,0.09704466348861403,0.09893545021674337,0.9992093379396221,0.9992060707416787,3.634406078768996e-05,0.9991381035804782,0.999280572298766,0.08343689074744272,0.08212415785327926,0.0033013478388813134,0.07696624898323534,0.0899075325116501,0.9991500984824279,0.9992743375294253,5.071598602985117e-05,0.9990506951498094,0.9992495018150463,0.08669633248173429,0.09570238730840756,0.004179919930363063,0.0785036894182227,0.09488897554524589,0.056920780725691796,0.05691751352774832,3.634406078768996e-05,0.056849546366547925,0.056992015084835666,3.662264387588987e-05,3.3355445932414796e-05,3.634406078768995e-05,-3.461171526798242e-05,0.00010785700301976217,3.470619711737772e-05,1.6756533816346477e-05,3.3148536096325756e-06,2.8209084042497873e-05,4.120331019225757e-05,1.916446758506783e-06,2.9880599917026926e-05,3.633580716231895e-05,-6.930173527963834e-05,7.313462879665192e-05
strong_low_noise,240,0.00143844988828766,0.07740642412046492,0.05705514133317371,0.999343698547104,200,0.07805545030188171,0.07760186227103982,0.0003917735117246503,0.0772875742189014,0.07882332638486203,0.9993671951229888,0.9993700747709056,2.9367091756630463e-05,0.9993096356231458,0.9994247546228318,0.08280047691256336,0.08161418200287751,0.0032965645238809647,0.07633921044575667,0.08926174337937004,0.9993199088050043,0.9994172655557174,4.0764603268953257e-05,0.9992400101825972,0.9993998074274114,0.08606293650255196,0.09509731878381242,0.00417734898628428,0.07787533248943478,0.09425054051566915,0.05707863790905847,0.05708151755697527,2.9367091756630463e-05,0.05702107840921547,0.05713619740890147,2.3496575884785487e-05,2.6376223801583e-05,2.9367091756630463e-05,-3.406292395821022e-05,8.105607572778119e-05,2.2128675969540432e-05,1.0681354649933622e-05,2.1142140061155973e-06,1.7984816517553863e-05,2.6272535421527002e-05,1.3678999152256827e-06,2.486135471324708e-05,2.9382333849611666e-05,-5.622147443001318e-05,5.895727426046454e-05
strong_low_noise,240,0.0018329807108324375,0.061461986420234115,0.05719188584408633,0.9994804430580166,200,0.061989844359052436,0.061618499284500514,0.0003160162410797966,0.061370452526536036,0.06260923619156884,0.9994954377652816,0.9994992728185556,2.3599519744049057e-05,0.9994491827065832,0.99954169282398,0.08229480638919369,0.08121161677892895,0.0032926857758303948,0.07584114226856611,0.08874847050982126,0.9994578234377964,0.9995409965650077,3.2616057832769695e-05,0.9993938959644442,0.9995217509111487,0.08555975436523383,0.09461636371214614,0.004175256679976614,0.07737625127247967,0.09374325745798799,0.05720688055135129,0.057210715604625206,2.3599519744049057e-05,0.05716062549265296,0.057253135610049626,1.4994707264995855e-05,1.8829760538907614e-05,2.3599519744049057e-05,-3.1260351433340296e-05,6.124976596333201e-05,1.4010592925298916e-05,6.758272989003934e-06,1.3389202497331882e-06,1.1386309235821868e-05,1.6634876614775964e-05,9.841143396585203e-07,1.7653609618497564e-05,2.3619454764226563e-05,-4.5310016998225545e-05,4.7278245677542583e-05
strong_low_noise,240,0.002335721469090121,0.04868505844455577,0.05730085328278702,0.9995894104967173,200,0.04911126228487714,0.0488024472676184,0.0002534827983693731,0.04861443600007317,0.04960808856968111,0.9995989453589325,0.9996028074926335,1.8877567756608036e-05,0.9995619453261295,0.9996359453917354,0.08189405853519859,0.08089423866983829,0.003289562944285389,0.07544651516439922,0.08834160190599795,0.9995691081669077,0.9996387314229234,2.599729309887655e-05,0.9995181534724339,0.9996200628613815,0.0851610355375144,0.09430628639542092,0.004173567195595953,0.07698084383414633,0.09334122724088248,0.05731038814500214,0.05731425027870324,1.8877567756608036e-05,0.05727338811219919,0.05734738817780509,9.534862215138107e-06,1.339699591623722e-05,1.8877567756608036e-05,-2.7465170587813646e-05,4.653489501808986e-05,8.820516968801913e-06,4.2517157292267694e-06,8.430882837648902e-07,7.168063932622728e-06,1.0472970004981097e-05,7.143452463189413e-07,1.265784215684041e-05,1.8895234474598135e-05,-3.63203143238934e-05,3.774900481653128e-05
strong_low_noise,240,0.002976351441631313,0.038489980258614366,0.0573874258814555,0.9996759830953859,200,0.03883209648451816,0.03857596235046636,0.00020240761235987783,0.0384353775642928,0.03922881540474352,0.9996820342910536,0.9996856158188862,1.504314101470986e-05,0.9996525497346648,0.9997115188474425,0.08157711718485386,0.0806442685375249,0.003287062674617767,0.07513447434260304,0.08801976002710468,0.9996584191276975,0.9997154026278077,2.0657155009576222e-05,0.9996179311038788,0.9996989071515162,0.08484573456696813,0.09399815695801708,0.004172211334843147,0.07666820035067556,0.0930232687832607,0.057393477077123264,0.05739705860495581,1.5043141014709856e-05,0.05736399252073443,0.0574229616335121,6.051195667752807e-06,9.63272350029687e-06,1.5043141014709856e-05,-2.343336072107851e-05,3.553575205658413e-05,5.527795990384679e-06,2.6630385492522262e-06,5.284375152872804e-07,4.49205846042161e-06,6.563533520347748e-06,5.233996773830333e-07,9.487254922857504e-06,1.5056741923692642e-05,-2.8987814493054547e-05,3.003461384782061e-05
strong_low_noise,240,0.003792690190732238,0.03038293117992556,0.057456037065360045,0.9997445942792904,200,0.030656262874152736,0.03044651942378646,0.00016104044176738815,0.030340623608288656,0.030971902140016817,0.9997484330077827,0.9997518471724438,1.1950452960231291e-05,0.9997250101199806,0.9997718558955848,0.08132686660050072,0.08044754266373222,0.0032850695358764056,0.07488813031018296,0.08776560289081847,0.9997297756963082,0.9997748040405525,1.6372418141012505e-05,0.9996976857567518,0.9997618656358646,0.08459680145335682,0.09375555656621326,0.004171128447485184,0.07642138969628587,0.09277221321042778,0.057459875793852457,0.05746328995851352,1.1950452960231291e-05,0.0574364529060504,0.05748329868165451,3.838728492390197e-06,7.252893153453233e-06,1.1950452960231291e-05,-1.9584159309663132e-05,2.7261616294443527e-05,3.4516526469595946e-06,1.6621072498878185e-06,3.3000261149839213e-07,2.804847528422746e-06,4.098457765496443e-06,3.870758454466118e-07,7.170236649633924e-06,1.1960189735002677e-05,-2.3054896035158634e-05,2.3829047726051855e-05
strong_low_noise,240,0.004832930238571752,0.02395397516105189,0.05751030461832256,0.9997988618322529,200,0.024171534563701025,0.024001430229442428,0.00012775882663285402,0.02392112726350063,0.024421941863901418,0.9998012996587119,0.9998043670573564,9.469804895561238e-06,0.9997827388411166,0.9998198604763072,0.08112953000330965,0.08029281450878761,0.0032834860546575987,0.07469389733618076,0.08756516267043854,0.9997865802191565,0.9998231258052054,1.2949953097421263e-05,0.9997611983110855,0.9998119621272274,0.08440051760480607,0.09356468361753983,0.004170266840059921,0.07622679459828863,0.09257424061132352,0.05751274244478151,0.057515809843426025,9.469804895561238e-06,0.05749418162718621,0.05753130326237681,2.437826458992487e-06,5.505225103508149e-06,9.469804895561238e-06,-1.612299113630754e-05,2.0998644054292514e-05,2.149024650271248e-06,1.034476431423014e-06,2.05480010325837e-07,1.7462838300326073e-06,2.551765470509888e-06,2.888018086749265e-07,5.453812968735774e-06,9.476476726667965e-06,-1.8285092575594284e-05,1.8862696192944138e-05
strong_low_noise,240,0.006158482110660254,0.01886692948367171,0.057553157925522076,0.9998417151394524,200,0.01903958102120905,0.01890263768536694,0.00010112342064405435,0.0188413791167467,0.019237782925671396,0.9998432672929457,0.9998459185232302,7.488980358021158e-06,0.999828588891444,0.9998579456944474,0.08097407864579081,0.08017117669529539,0.0032822313714991544,0.07454090515765247,0.08740725213392916,0.999831667632291,0.9998610303734234,1.0226160097237315e-05,0.9998116243585005,0.9998517109060816,0.08424590414441287,0.09341459167685595,0.004169583326821178,0.07607352082384336,0.09241828746498237,0.05755471007901541,0.05755736130929984,7.488980358021158e-06,0.05754003167751368,0.05756938848051713,1.5521534933415903e-06,4.203383777767744e-06,7.488980358021158e-06,-1.312624800837988e-05,1.623055499506306e-05,1.3349181512232612e-06,6.424116154038065e-07,1.2764751825483627e-07,1.084729015443782e-06,1.5851072870027403e-06,2.1723534211292574e-07,4.171472374112131e-06,7.4934225657795165e-06,-1.4469872886814927e-05,1.4904343571040778e-05
strong_low_noise,240,0.00784759970351459,0.014848707226422436,0.05758695398212731,0.9998755111960577,200,0.01498539690424662,0.0148757729312918,7.989578134912232e-05,0.014828801172802341,0.0151419926356909,0.9998765034905581,0.999878736864935,5.912961457309809e-06,0.9998649140861018,0.9998880928950145,0.08085172142289221,0.0800755885569733,0.003281239280533861,0.07442049243304584,0.08728295041273858,0.9998673704973858,0.9998907459999238,8.064726881062259e-06,0.999851563632699,0.9998831773620727,0.08412421176595725,0.09329661885248758,0.004169042357003828,0.07595288874622974,0.09229553478568475,0.05758794627662786,0.05759017965100466,5.912961457309809e-06,0.05757635687217153,0.05759953568108419,9.922945005352846e-07,3.225668877337995e-06,5.912961457309809e-06,-1.059710995579194e-05,1.258169895686251e-05,8.277038496208454e-07,3.9823444920270084e-07,7.915088907613256e-08,6.725681070316256e-07,9.828395922100652e-07,1.6459065092635355e-07,3.2058943704876917e-06,5.915860976584879e-06,-1.1430496863180008e-05,1.1759678165032716e-05
strong_low_noise,240,0.01,0.01167912193619627,0.057613579539778075,0.9999021367537084,200,0.0117871379190181,0.011699766590191396,6.303359928412855e-05,0.011663592064421208,0.011910683773614993,0.999902774715622,0.9999046227014232,4.6626279506217756e-06,0.9998936359648387,0.9999119134664052,0.0807554743898676,0.08000049360958086,0.003280456101697045,0.0743257804305414,0.0871851683491938,0.9998955889003586,0.9999141352918187,6.353538675518584e-06,0.9998831359645546,0.9999080418361626,0.08402849100127384,0.09320392334937627,0.004168614985727809,0.07585800562924733,0.09219897637330035,0.05761421750169161,0.057616065487492873,4.6626279506217756e-06,0.05760507875090839,0.057623356252474826,6.379619135254977e-07,2.4859477147920472e-06,4.6626279506217756e-06,-8.500788869693183e-06,9.776712696744178e-06,5.124700833609022e-07,2.465231273403596e-07,4.900804631308874e-08,4.1641431258724824e-07,6.085258541345561e-07,1.2549183017952619e-07,2.4737101453030137e-06,4.6644938048035945e-06,-9.01691602723552e-06,9.26789968759457e-06
strong_low_noise,360,1e-12,255.77539171533348,3.461474173207385e-05,0.9423231719556624,200,255.13544772186097,255.13503085682254,0.0014429864217830018,255.13261946847427,255.13827597524767,3.6197048450175555,3.54261971019994,0.03141299709219828,3.558135370716847,3.681274319318264,0.03315152089871351,0.03275061918464079,0.0015339887601554557,0.030144902928808816,0.036158138868618205,3.571538955437185,3.5088059176403776,0.03489837397852479,3.5031381424392762,3.6399397684350934,0.033104605576268424,0.03307561155094822,0.0030007651436205394,0.027223105894772167,0.03898610525776468,2.677416287803625,2.6003311529860094,0.03141299709219828,2.6158468135029165,2.7389857621043334,2.677381673061893,2.6002965382442778,0.03141299709219829,2.6158121987611844,2.7389511473626014,2.67738166016659,2.600296860544115,0.03141298957868112,2.6158122005923747,2.738951119740805,1.2895279065075998e-08,-3.545343714402273e-08,8.195217313526781e-08,-1.477309802800489e-07,1.735215384102009e-07
strong_low_noise,360,1.2742749857031321e-12,255.71393592241597,3.4614762585059855e-05,0.9423231719765154,200,254.90306884360012,254.9026058365999,0.0018173049204448818,254.89950692595605,254.9066307612442,3.6025327502264575,3.527811147396946,0.031067044853231533,3.5416413423141235,3.6634241581387914,0.033256512859917986,0.03281811600706806,0.0015339047554582801,0.03025005953921976,0.03626296618061622,3.55452720643177,3.4906273214153614,0.03453962798172795,3.4868295355875834,3.622224877275957,0.03322012954055856,0.03320120182990627,0.003001803895722561,0.027336593904942336,0.03910366517617478,2.660244193012527,2.585522590183016,0.03106704485323153,2.599352785100193,2.721135600924861,2.660209578249942,2.585487975420431,0.03106704485323153,2.5993181703376083,2.721100986162276,2.660209562319521,2.5854883927166448,0.03106703531020227,2.599318173111525,2.7211009515275175,1.5930414307822074e-08,-4.530766005850954e-08,1.0396934715695393e-07,-1.8784950611980763e-07,2.1971033473545178e-07
strong_low_noise,360,1.6237767391887243e-12,255.6357166767569,3.4614796393613034e-05,0.942323172010324,200,254.60979462617956,254.609158321939,0.002281933385607057,254.6053220367438,254.61426721561534,3.5811255057476323,3.5093350271323276,0.030639235517846745,3.5210726041326526,3.641178407362612,0.03338878965519955,0.03291439938493523,0.0015337940475627161,0.030382553321976626,0.03639502598842247,3.53332357086963,3.471363191967062,0.034095714912610084,3.4664959696409143,3.6001511720983457,0.03336559266616676,0.0333584233303002,0.0030031002149318907,0.027479516244900255,0.039251669087433265,2.638836948533702,2.567046469918397,0.030639235517846745,2.5787840469187224,2.698889850148682,2.6388023337373085,2.5670118551220034,0.030639235517846745,2.5787494321223288,2.6988552353522883,2.638802314228843,2.5670123972633,0.030639223406439604,2.578749436352221,2.698855192105465,1.950848361616021e-08,-6.153779160018777e-08,1.3175123231233572e-07,-2.387239317160178e-07,2.7774089894833817e-07
strong_low_noise,360,2.06913808111479e-12,255.5361933694386,3.461485118335522e-05,0.9423231720651137,200,254.24057428388932,254.23995217192834,0.002854925007507917,254.2349786308746,254.24616993690404,3.554586150992493,3.4839282528072233,0.030114188659615515,3.495562341219647,3.6136099607653396,0.033554964861924684,0.03313335691232172,0.0015336477362279696,0.030549015298917865,0.03656091442493151,3.50704241377182,3.447448287455755,0.033550468528604244,3.441283495455756,3.5728013320878844,0.033548202031792616,0.033554357167485865,0.0030047092187261747,0.027658971963089314,0.03943743210049592,2.612297593778562,2.5416396955932927,0.030114188659615515,2.553273784005716,2.6713214035514086,2.6122629789273795,2.5416050807421096,0.030114188659615515,2.553239169154533,2.671286788700226,2.612262955306586,2.5416066514082596,0.03011417330257786,2.5532391756335335,2.6712867349796388,2.3620836444234133e-08,-8.222189803739553e-08,1.6672096836408397e-07,-3.031522615493705e-07,3.503939344378387e-07
strong_low_noise,360,2.6366508987303555e-12,255.40961525486748,3.461493992819309e-05,0.9423231721538585,200,253.7771421835337,253.7767015787869,0.0035559992855536335,253.770172424934,253.7841119421334,3.5219073229126194,3.4535913560306652,0.02947575016297555,3.464134852593187,3.5796797932320517,0.033762993498966984,0.033399688803045724,0.0015334541349928813,0.030757423394380937,0.03676856360355303,3.474690390761084,3.4192492174822844,0.03288680683327248,3.41023224936787,3.5391485321542984,0.033776596331320505,0.03402719835962937,0.003006692921038122,0.027883478206085784,0.039669714456555226,2.5796187656986884,2.5113027988167347,0.02947575016297555,2.521846295379256,2.6373912360181206,2.5795841507587607,2.511268183876807,0.029475750162975555,2.5218116804393285,2.637356621078193,2.57958412257892,2.511268208298862,0.02947573071102969,2.521811690385302,2.637356554772538,2.8179841688376242e-08,-9.312885936724353e-08,2.106058970781439e-07,-3.846077165847858e-07,4.409673999615383e-07
strong_low_noise,360,3.359818286283788e-12,255.24871106543188,3.4615083573934224e-05,0.9423231722975043,200,253.1975980536067,253.19727276263347,0.004405706388185366,253.18896286908586,253.20623323812754,3.4819999119919873,3.4146724873199252,0.02870811808228963,3.4257320005506995,3.538267823433275,0.03402230890003335,0.03366951708934071,0.0015331983075093614,0.031017240217315,0.037027377582751694,3.435195535113246,3.392670373393407,0.03208786130045309,3.372303326964358,3.498087743262134,0.034060972560900224,0.034718744645084565,0.0030091183228972557,0.028163100648021605,0.03995884447377884,2.5397113547780577,2.472383930105995,0.028708118082289628,2.48344344333677,2.5959792662193455,2.5396767396944835,2.472349315022421,0.02870811808228963,2.4834088282531956,2.5959446511357713,2.5396767067260417,2.47234686099725,0.028708093472558757,2.4834088435198267,2.5959445699322568,3.296843861954501e-08,-9.956686355399334e-08,2.6547848522323186e-07,-4.873693924179894e-07,5.533062696570794e-07
strong_low_noise,360,4.281332398719396e-12,255.04430644497188,3.461531588545841e-05,0.9423231725298158,200,252.47606853751026,252.4753467186187,0.005424102296195745,252.46543729700971,252.4866997780108,3.4337464800246864,3.368459751315223,0.027797523122156827,3.379263334705259,3.488229625344114,0.03434390587199924,0.03396396154693222,0.0015328620012050084,0.031339496349637425,0.03734831539436105,3.3874610167768435,3.3611338570284266,0.031138683331329964,3.3264291974474367,3.4484928361062503,0.03441314314371555,0.03555208391188025,0.0030120537047596653,0.028509517882386603,0.04031676840504449,2.4914579228107554,2.4261711941012924,0.02779752312215682,2.436974777491328,2.545941068130183,2.49142330749487,2.4261365787854072,0.027797523122156827,2.4369401621754427,2.5459064528142976,2.4914232699220786,2.4261374123629977,0.02779749202633833,2.4369401855504553,2.545906354293702,3.757276789447878e-08,-8.067557606378243e-08,3.337911972214098e-07,-6.166579786594844e-07,6.91803514448442e-07
strong_low_noise,360,5.455594781168514e-12,254.7848569886404,3.461569118506924e-05,0.9423231729051154,200,251.58252639847052,251.58208056294222,0.006628933821527089,251.56953368818031,251.59551910876073,3.3760843514869054,3.315969540658511,0.02673444704854642,3.3236848352717545,3.4284838677020564,0.03474033628998047,0.03456537351585742,0.0015324245314298334,0.03173678420837799,0.03774388837158294,3.3304483494266863,3.307913123022363,0.030028524868227213,3.271592440684961,3.3893042581684116,0.034846483467314567,0.03596249408729929,0.00301556260368069,0.028935980764100415,0.04075698617052872,2.433795794272975,2.3736809834445802,0.02673444704854641,2.381396278057824,2.486195310488126,2.43376117858179,2.373646367753395,0.02673444704854642,2.381361662366639,2.486160694796941,2.433761137281124,2.373644866993094,0.02673440780705643,2.381361697979293,2.4861605765829546,4.130062431436773e-08,-1.1890230731539133e-07,4.183994309341337e-07,-7.787622603165343e-07,8.613635089452698e-07
strong_low_noise,360,6.951927961775591e-12,254.45588555899906,3.461629665342525e-05,0.9423231735105838,200,250.4828578440196,250.48250349544412,0.008033474547540666,250.46711223390642,250.4986034541328,3.3081188557428027,3.250741111522385,0.025516185268665042,3.258107132616219,3.3581305788693863,0.03522558233120292,0.0348998747052101,0.0015318655038603212,0.03222312594363669,0.03822803871876915,3.2632903237372557,3.234972416469483,0.028753514498065794,3.2069334353210466,3.319647212153465,0.03537572937140625,0.03622672306028481,0.003019695190593918,0.029457126797842167,0.04129433194497033,2.365830298528872,2.3084525543084546,0.025516185268665042,2.3158185754022886,2.4158420216554557,2.365795682232219,2.3084179380118015,0.025516185268665042,2.3157839591056355,2.4158074053588026,2.365795639135043,2.3084118799162248,0.025516135804629112,2.31578401295797,2.415807265312116,4.309715287412487e-08,-2.3026644181810483e-07,5.225658344473949e-07,-9.81131882642769e-07,1.0673261883910186e-06
strong_low_noise,360,8.858667904100833e-12,254.03931582015161,3.461727177030832e-05,0.9423231744857007,200,249.1392693188053,249.13806231346246,0.009644338405212642,249.1203664155311,249.15817222207951,3.2292592895942835,3.1767076732494512,0.02414931978516438,3.1819266228153613,3.2765919563732058,0.035814780732623765,0.03588648041622993,0.0015311705942780238,0.03281368636783884,0.03881587509740869,3.185425984393204,3.162573504499827,0.027319305461900582,3.1318801456878784,3.238971823098529,0.03601659483800303,0.037197758178401624,0.0030244773263301957,0.030088619278395845,0.04194457039761021,2.2869707323803525,2.2344191160355207,0.024149319785164377,2.2396380656014303,2.3343033991592748,2.2869361151085825,2.2343844987637507,0.02414931978516438,2.2396034483296603,2.3342687818875048,2.2869360736251965,2.234379770645008,0.02414925748865815,2.2396035289474265,2.3342686183029664,4.148334039702215e-08,-2.125582602781944e-07,6.499395227168647e-07,-1.2323981241280324e-06,1.3153648049220768e-06
strong_low_noise,360,1.1288378916846884e-11,253.51270112608827,3.46188388193544e-05,0.9423231760527497,200,247.5111040653896,247.5084545161685,0.011459762323167843,247.48864293123617,247.533565199543,3.1393596463789852,3.0881150540755273,0.02265143760256624,3.0949628286779554,3.183756464080015,0.03652379197976339,0.03648039198168557,0.0015303417259238381,0.033524322196952665,0.03952326176257411,3.096739439511231,3.0821316134703296,0.02574302343733649,3.0462831135740513,3.1471957654484104,0.036785205743022346,0.03773686634283607,0.0030298985562176545,0.030846604572835744,0.04272380691320895,2.197071089165055,2.1458264968615968,0.02265143760256624,2.1526742714640252,2.241467906866085,2.197036470326235,2.145791878022777,0.02265143760256624,2.152639652625205,2.241433288027265,2.1970364357642542,2.1457862515349113,0.022651359170898472,2.152639771789293,2.2414330997392153,3.456195227032581e-08,-1.6500975826352978e-07,8.045051543567529e-07,-1.5422681502689098e-06,1.6113920548095614e-06
strong_low_noise,360,1.4384498882876659e-11,252.84836111467573,3.4621350321943634e-05,0.9423231785642523,200,245.55609081320887,245.54664854550566,0.013468888311334052,245.52969179211865,245.58248983429908,3.0388361209750685,2.996491918851077,0.021051340330977854,2.9975754939263517,3.0800967480237853,0.037368640853381284,0.03744886250146387,0.0015294125645457987,0.03437099222687152,0.04036628947989105,2.99767434565781,2.994620857735219,0.02405371846006894,2.950529057476075,3.044819633839545,0.03769738538802193,0.03757186312839314,0.0030359016568076084,0.03174701814067901,0.04364775263536484,2.0965475637611384,2.0542033616371462,0.021051340330977848,2.055286936712422,2.1378081908098547,2.0965129424108166,2.0541687402868245,0.021051340330977848,2.0552523153621003,2.137773569459533,2.096512922255447,2.0541601363636053,0.021051241546966186,2.055252488823393,2.1377733556875005,2.015537568214725e-08,-2.507251997124442e-07,9.904991421806524e-07,-1.9212229429919314e-06,1.961533694356226e-06
strong_low_noise,360,1.8329807108324375e-11,252.0124602031819,3.462536196213728e-05,0.9423231825758924,200,243.23197618946782,243.228225065399,0.01565239476585343,243.20129749572675,243.26265488320888,2.928728942467801,2.8967586446128433,0.019387190640015553,2.8907300488133707,2.9667278361222316,0.03836489291985343,0.03854018001516879,0.0015284689524905416,0.03536909377297197,0.041360692066734886,2.8892916825761024,2.883419545031268,0.02229068107497302,2.8456019476691554,2.9329814174830493,0.038767873789406375,0.04027297816647599,0.003042377777880806,0.032804813344759993,0.044730934234052756,1.9864403852538701,1.9544700873989127,0.01938719064001555,1.9484414915994397,2.0244392789083006,1.9864057598919078,1.9544354620369506,0.019387190640015553,1.9484068662374774,2.0244046535463385,1.9864057637416324,1.954425208084485,0.01938706607128526,1.9484071142419133,2.0244044132413515,-3.849706415703626e-09,-6.087392396529011e-07,1.212292359983977e-06,-2.3799427319842984e-06,2.3722433191528908e-06
strong_low_noise,360,2.3357214690901212e-11,250.96409540799655,3.463174312878098e-05,0.9423231889570591,200,240.4984149863816,240.49826544271258,0.017984430162998763,240.4631655032621,240.53366446950108,2.8106821381831124,2.7805351309858097,0.017702586282068358,2.7759850690702583,2.8453792072959665,0.0395270628336337,0.03920395575462708,0.0015276716482173908,0.03653282640312761,0.042521299264139785,2.773244843388867,2.7690222894064194,0.020499501283300685,2.7330658208735974,2.813423865904136,0.040009600486739794,0.04195628034834352,0.0030491720960243228,0.03403322317853212,0.045985977794947466,1.8683935809691818,1.8382465737718794,0.017702586282068358,1.8336965118563278,1.903090650082036,1.8683589492260528,1.8382119420287506,0.017702586282068358,1.8336618801131987,1.903056018338907,1.8683589881163232,1.838194974690692,0.017702428898240783,1.8336622274757712,1.903055748756875,-3.8890224634914104e-08,-5.208019439910524e-07,1.4742391204341413e-06,-2.928398900685831e-06,2.850618451416003e-06
strong_low_noise,360,2.976351441631313e-11,249.65450748010358,3.4641841556035113e-05,0.9423231990554863,200,237.31893315594658,237.31659202149052,0.02043534281509762,237.27887988402898,237.35898642786418,2.6868325919401674,2.660791786020401,0.01604129595399957,2.655391651870328,2.7182735320100067,0.040868159957518954,0.040378992668982455,0.0015272760095207398,0.037874698978858305,0.0438616209361796,2.65166423005728,2.650596482548957,0.018726527606232772,2.614960235949064,2.6883682241654965,0.041433143068244555,0.04339151292222891,0.0030561042998439618,0.03544317864055039,0.04742310749593872,1.7445440347262364,1.7185032288064706,0.01604129595399957,1.7131030946563972,1.7759849747960756,1.7445093928846809,1.7184685869649146,0.01604129595399957,1.7130684528148417,1.77595033295452,1.7445094777263912,1.7184552365013621,0.016041096694859897,1.7130689282044658,1.7759500272483166,-8.48417247974864e-08,-1.1236705527899978e-06,1.780490273768936e-06,-3.5746026613846007e-06,3.404919211789628e-06
strong_low_noise,360,3.7926901907322536e-11,248.02658860827123,3.4657723270999086e-05,0.9423232149372014,200,233.66276035539212,233.66065982784767,0.022974416555677966,233.617730498943,233.70779021184126,2.5596241478855264,2.5383980973589573,0.0144419831291849,2.531317860952324,2.5879304348187286,0.04239945513887727,0.04238073893532898,0.0015276411714186596,0.0394052784428967,0.045393631834857846,2.5269682180218895,2.5211040473382056,0.017013097634135523,2.493622546658984,2.560313889384795,0.04304648020490984,0.04664049414755861,0.003063005305547508,0.03704298980603672,0.04904997060378295,1.6173355906715958,1.5961095401450267,0.0144419831291849,1.5890293037383934,1.6456418776047983,1.617300932948325,1.5960748824217557,0.0144419831291849,1.5889946460151225,1.6456072198815275,1.6173010719046044,1.5960158938461886,0.01444173051950214,1.5889952800863802,1.6456068637228285,-1.3895628303928193e-07,-1.1461677485927177e-06,2.1347653167772428e-06,-4.323096303922677e-06,4.045183737844114e-06
strong_low_noise,360,4.832930238571752e-11,246.01492578448696,3.4682513095990464e-05,0.9423232397270264,200,229.50636042651942,229.50120763058285,0.025571867867222233,229.45623956549966,229.55648128753919,2.431583567680655,2.4144645356588628,0.012934319277608578,2.4062323018965426,2.456934833464768,0.04413050220501513,0.04431558696797969,0.0015292212001704877,0.04113322865268097,0.04712777575734929,2.4016383932034757,2.403492037993873,0.015391148368049223,2.3714717424020995,2.431805044004852,0.04485509169582568,0.04627084161472374,0.0030697662599880504,0.038838349826249105,0.05087183356540226,1.489295010466725,1.4721759784449324,0.012934319277608576,1.4639437446826122,1.514646276250838,1.4892603279536292,1.4721412959318365,0.012934319277608578,1.4639090621695163,1.514611593737742,1.4892605228029683,1.472132446948515,0.012933999263614786,1.4639098842462832,1.5146111613596533,-1.948493227969972e-07,-1.048574855722877e-06,2.5400779232754196e-06,-5.1734020524168195e-06,4.783703406822825e-06
strong_low_noise,360,6.158482110660255e-11,243.54667632170757,3.4720862379190864e-05,0.9423232780763096,200,224.83455718306533,224.83067183606224,0.028199680114251086,224.7792858100414,224.88982855608927,2.305103557758205,2.296076438291791,0.011537351411976461,2.282490348990731,2.3277167665256786,0.04606938609779967,0.04563059349152562,0.0015325335945629332,0.04306562025245632,0.04907315194314302,2.2780049529808877,2.2744960499610554,0.01388135204288986,2.2507975029768237,2.3052124029849517,0.0468623864563844,0.04884556844846835,0.003076389609323211,0.040832662822110906,0.0528921100906579,1.362815000544274,1.3537878810778607,0.011537351411976461,1.3402017917768,1.385428209311748,1.3627802796818953,1.3537531602154815,0.011537351411976461,1.3401670709144213,1.3853934884493693,1.3627805215600268,1.353720257212473,0.011536947662058449,1.3401681041423923,1.3853929389776614,-2.418781420963308e-07,-1.1613650385268007e-06,2.9984155781180166e-06,-6.118772675207643e-06,5.6350163910149824e-06
strong_low_noise,360,7.847599703514623e-11,240.5435945427909,3.477956662389231e-05,0.9423233367805542,200,219.64123262874506,219.63808011516426,0.030831246950560613,219.58080338472195,219.70166187276817,2.1822710057766543,2.173499149202044,0.010260133855918434,2.162161143419054,2.2023808681342545,0.04822312179007703,0.048701080424053,0.0015381062174504576,0.04520843360387414,0.05123780997627993,2.158080332830994,2.144409609942414,0.012493944385321493,2.133592201835764,2.182568463826224,0.049070378313247634,0.05088838896963123,0.003083027964628207,0.043027643502576346,0.05511311312391892,1.239982448562724,1.2312105919881138,0.010260133855918434,1.2198725862051238,1.2600923109203241,1.2399476689961002,1.23117581242149,0.010260133855918436,1.2198378066385,1.2600575313537004,1.23994793430413,1.2311285738042521,0.010259628787990211,1.219839061879669,1.2600568067285909,-2.65308018696675e-07,-1.6759867915037502e-06,3.5103897243360966e-06,-7.1456718783954245e-06,6.615055841002074e-06
strong_low_noise,360,1e-10,236.92548021683263,3.486834305013037e-05,0.9423234255569805,200,213.92963822240424,213.9211355951993,0.03344011204241993,213.8640956028011,213.9951808420074,2.0647610116692743,2.0575700828343395,0.009103927977893916,2.046917312832602,2.0826047105059464,0.05059811301495801,0.05124146124773764,0.0015464108130534661,0.04756714782137322,0.0536290782085428,2.043460733515525,2.0241631824869186,0.01123142938486193,2.0214471319211955,2.065474335109854,0.05148050032347295,0.05359536451106128,0.003089998007956187,0.04542410422787882,0.05753689641906708,1.1224724544553437,1.1152815256204094,0.009103927977893915,1.1046287556186716,1.1403161532920159,1.1224375861122937,1.1152466572773594,0.009103927977893918,1.1045938872756216,1.1402812849489659,1.1224378337314795,1.1152892956600495,0.009103304720159954,1.104595356479966,1.140280310982993,-2.4761917842179866e-07,-3.62225019391148e-07,4.074896988801256e-06,-8.23441727647226e-06,7.739178919628662e-06
strong_low_noise,360,1.274274985703132e-10,232.61516401303626,3.500075451192547e-05,0.9423235579684422,200,207.71239205337662,207.7106342025887,0.03599829240941366,207.64183540025417,207.78294870649907,1.9537981286433725,1.947035692557912,0.008064996971908812,1.9379907345784313,1.9696055227083138,0.0532005960721316,0.052818442011517606,0.001557797156894303,0.05014731364461877,0.05625387849964444,1.9352954662673312,1.926727210176937,0.010091842583693623,1.9155154548032918,1.9550754777313706,0.0540944551952801,0.056012515090044124,0.003097764401748679,0.048022836967852686,0.06016607342270751,1.0115095714294422,1.0047471353439814,0.008064996971908812,0.995702177364501,1.0273169654943834,1.0114745706749304,1.0047121345894696,0.008064996971908813,0.9956671766099892,1.0272819647398717,1.0114747418426788,1.0046546243208383,0.008064242312002722,0.9956688269111535,1.027280656774204,-1.7116774344924e-07,2.1202893616922945e-06,4.688857934785505e-06,-9.36132929562883e-06,9.01899380873035e-06
strong_low_noise,360,1.6237767391887175e-10,227.5448673442849,3.5195232036148993e-05,0.9423237524459664,200,201.01123623300805,201.01288807704418,0.03847476651506981,200.93582569063852,201.08664677537757,1.8501725089837018,1.844502791805104,0.0071371331673519365,1.836183727975692,1.8641612899917115,0.05603702067412273,0.054686252960600916,0.0015724437216378573,0.05295503097971253,0.05911901036853293,1.8343102033738126,1.8251158369408431,0.009071375243680724,1.8165303078961983,1.8520900988514268,0.056915025496755034,0.05839590810915816,0.0031068988022985343,0.05082550384424991,0.06300454714926015,0.9078839517697717,0.9022142345911737,0.0071371331673519365,0.8938951707617618,0.9218727327777815,0.9078487565377356,0.9021790393591376,0.0071371331673519365,0.8938599755297257,0.9218375375457454,0.9078487787227997,0.9021668100151925,0.0071362412667687865,0.8938617458399328,0.9218358116056665,-2.2185063182914227e-08,4.023011138728774e-06,5.3471131257927e-06,-1.0502526789736606e-05,1.0458156663370779e-05
strong_low_noise,360,2.0691380811147902e-10,221.66340283061828,3.547610804970763e-05,0.94232403332198,200,193.85661034253405,193.86294507274332,0.040834667797105935,193.7765743936517,193.9366462914164,1.7542927126768324,1.7486998285133835,0.006313365022691468,1.741918517232357,1.7666669081213078,0.05911433544894268,0.05812199158907383,0.0015903366571505945,0.055997275600927515,0.06223139529695784,1.7408646649018216,1.7315220441428196,0.008165702965044295,1.7248598870903347,1.7568694427133085,0.05994678750076867,0.06109075860828551,0.003118025405950094,0.05383545770510649,0.06605811729643085,0.8120041554629023,0.8064112712994531,0.006313365022691469,0.799629960018427,0.8243783509073775,0.8119686793548526,0.8063757951914035,0.006313365022691469,0.7995944839103774,0.8243428747993279,0.8119684751339651,0.8063643210665771,0.00631234123958843,0.7995962863043717,0.8243406639635584,2.0422088976321457e-07,4.9817648871961e-06,6.042536533802434e-06,-1.1639150716489554e-05,1.2047592496015985e-05
strong_low_noise,360,2.6366508987303556e-10,214.9433066712101,3.58745336633548e-05,0.9423244317475937,200,186.28707190641572,186.3005815450019,0.04303952892353589,186.20271442972557,186.37142938310586,1.666257222534275,1.6628257132687558,0.005586669064096052,1.655307351168647,1.6772070938999033,0.06244014830505579,0.06258545657434877,0.0016112796428235383,0.05928204020512165,0.06559825640498992,1.6550262276666161,1.6455672439861595,0.0073700103490623725,1.6405810073824538,1.6694714479507784,0.06319667332510709,0.06353079518097543,0.0031317634243707843,0.05705841701334035,0.06933492963687382,0.723968665320345,0.7205371560548255,0.005586669064096052,0.7130187939547167,0.7349185366859733,0.7239327907866815,0.7205012815211621,0.005586669064096052,0.7129829194210532,0.7348826621523098,0.723932291971919,0.720426708059761,0.005585532698720747,0.7129846478824263,0.7348799360614117,4.988147593981467e-07,6.247424264181451e-06,6.766356435553332e-06,-1.2763243854286383e-05,1.3760873373082677e-05
strong_low_noise,360,3.3598182862837877e-10,207.38675093619725,3.642912200926829e-05,0.9423249863359396,200,178.3485739144209,178.3757749876729,0.045048626644390466,178.26027860619791,178.4368692226439,1.5859303126832014,1.5808556232847129,0.004949883806140643,1.5762285404231657,1.595632084943237,0.0660227364939287,0.06586774761733188,0.001634926701374664,0.06281828015923437,0.06922719282862304,1.5766452258521877,1.5655470301545495,0.0066782126951188325,1.5635559289697547,1.5897345227346207,0.06667431477011981,0.06777963756561017,0.0031486709035926067,0.060502919799078306,0.07284570974116132,0.643641755469271,0.6385670660707824,0.004949883806140643,0.6339399832092354,0.6533435277293067,0.6436053263472615,0.6385306369487731,0.004949883806140643,0.6339035540872259,0.6533070986072972,0.6436044923964807,0.6386719456286457,0.00494866823736242,0.6339051026512503,0.653303882141711,8.339507806360017e-07,-9.250451642531819e-07,7.5085583039313835e-06,-1.3882823495069509e-05,1.5550725056341513e-05
strong_low_noise,360,4.281332398719396e-10,199.02910235414777,3.7186133063291105e-05,0.9423257433469936,200,170.0935974538796,170.12525355141162,0.04682118985894757,170.00182792175605,170.18536698600315,1.5130124877092412,1.5064105748217642,0.004395282124922149,1.5043977347443938,1.5216272406740887,0.06987089745808048,0.06987126968697757,0.001660823437736577,0.06661568352011679,0.07312611139604416,1.505422769004604,1.4948326894023305,0.00608210275052199,1.4935018476135808,1.5173436903956272,0.07039209669336836,0.0725506370851271,0.0031691889899249405,0.06418048627311548,0.07660370711362124,0.5707239304953109,0.5641220176078339,0.004395282124922149,0.5621091775304635,0.5793386834601583,0.5706867443622476,0.5640848314747706,0.004395282124922149,0.5620719913974003,0.579301497327095,0.5706855825214309,0.5642211319339607,0.004394031119622351,0.5620732815269711,0.5792978835158906,1.161840813023866e-06,-9.10957756757097e-06,8.25812335491541e-06,-1.5024080962610338e-05,1.734776258865807e-05
strong_low_noise,360,5.455594781168515e-10,189.93932912890446,3.819898005653216e-05,0.9423267561939869,200,161.58013509420317,161.62492457643089,0.04831904572536946,161.48542976458145,161.6748404238249,1.4470999542250873,1.440708124616427,0.003914292261822388,1.4394279413919153,1.4547719670582593,0.07399365115583566,0.07394165476754075,0.0016884421148156594,0.07068430461079697,0.07730299770087434,1.4409663773001329,1.4322782490944297,0.005571046272520578,1.4300471266059926,1.4518856279942731,0.07436486192802352,0.07662963964652708,0.0031935840948561036,0.06810543710210556,0.08062428675394148,0.5048113970111568,0.4984195674024967,0.003914292261822389,0.497139384177985,0.5124834098443287,0.5047731980311003,0.4983813684224402,0.003914292261822389,0.49710118519792845,0.5124452108642722,0.5047717810492753,0.49852835237078214,0.003913052529896336,0.4971021980906785,0.5124413640078721,1.4169818220055824e-06,-7.917674091718836e-06,9.002803765024785e-06,-1.6228513557443e-05,1.9062477201454162e-05
strong_low_noise,360,6.951927961775591e-10,180.21703997963806,3.952677729067433e-05,0.942328083991221,200,152.87052596175886,152.91995282063056,0.04950923054809409,152.7734878698846,152.9675640536331,1.3877309822236645,1.3836835616227559,0.003497653735883703,1.3808755809013324,1.3945863835459966,0.07839981569896068,0.0793135784099969,0.0017172012735241313,0.07503410120285338,0.08176553019506798,1.3828321488957227,1.3761743538805415,0.005132486170463417,1.3727724760016145,1.392891821789831,0.07860925003594545,0.08017566002793838,0.003221886365823527,0.07229435275893134,0.08492414731295955,0.44544242500973447,0.4413950044088255,0.003497653735883703,0.43858702368740243,0.4522978263320665,0.4454028982324438,0.4413554776315348,0.003497653735883703,0.43854749691011174,0.4522582995547758,0.4454013744607497,0.4414287466712159,0.0034964656876867307,0.43854830171288367,0.4522544472086157,1.523771696388837e-06,-9.539583621318522e-06,9.728233262362094e-06,-1.7543565497840867e-05,2.059110889061854e-05
strong_low_noise,360,8.858667904100832e-10,169.98659146775984,4.1231566782776174e-05,0.9423297887807132,200,144.03015435227303,144.0649030810808,0.05036617072091801,143.93143665766004,144.12887204688602,1.3344194505335252,1.3314775756213022,0.0031359822378500086,1.328272925347339,1.3405659757197113,0.08309748246668419,0.08323833474419381,0.001746467720169956,0.07967440573515108,0.0865205591982173,1.3305544966495217,1.3231085167500545,0.0047530855982133085,1.3212384488770237,1.3398705444220198,0.08314271467839231,0.08506755037009286,0.0032538255293143013,0.07676521664093627,0.08952021271584834,0.39213089331959494,0.38918901840737197,0.003135982237850008,0.3859843681334089,0.39827741850578097,0.3920896617528122,0.38914778684058915,0.003135982237850008,0.38594313656662615,0.3982361869389982,0.39208825270418385,0.38903593612714815,0.0031348721933209863,0.3859439032052747,0.398232602203093,1.409048629530704e-06,-1.1541938734855832e-05,1.0416474500848442e-05,-1.900724139213224e-05,2.1825338651193648e-05
strong_low_noise,360,1.1288378916846883e-09,159.3892097778683,4.3373807967525546e-05,0.9423319310218978,200,135.12603902235665,135.16723284592823,0.05087318219375027,135.0263275852569,135.2257504594564,1.286677428912522,1.2841198116566797,0.002820483925784187,1.281149280417985,1.292205577407059,0.08809342214429598,0.08814435761902346,0.0017755445118726734,0.08461335490102555,0.09157348938756642,1.2836658544516053,1.2776331314791833,0.004420071069593203,1.2750025151552027,1.292329193748008,0.08798232509390778,0.09013819755908728,0.0032887710729663697,0.0815363337908937,0.09442831639692187,0.3443888716985917,0.3418312544427493,0.002820483925784187,0.3388607232040547,0.34991702019312876,0.34434549789062424,0.3417878806347818,0.002820483925784187,0.3388173493960872,0.3498736463851613,0.34434448033824516,0.3417113564463513,0.0028194605846739674,0.3388183375922842,0.34987062308420613,1.0175523788795957e-06,-1.1849191877190336e-05,1.1044590920511872e-05,-2.0629845825323672e-05,2.2664950583082865e-05
strong_low_noise,360,1.4384498882876659e-09,148.5742984112094,4.6005811810141684e-05,0.9423345630257405,200,126.22535923569376,126.26230378499655,0.05102316376167439,126.12535383472088,126.32536463666663,1.244029438823195,1.2427476290415251,0.0025435185884958907,1.239044142389743,1.249014735256647,0.09339245433039288,0.09367003531209916,0.0018036516792315138,0.08985729703909912,0.09692761162168664,1.2417092890448018,1.2365777212961082,0.0041223373791864845,1.2336295077815964,1.2497890703080072,0.09314347431805446,0.09495811334829637,0.0033256929073572365,0.08662511621963428,0.09966183241647464,0.3017408816092646,0.3004590718275948,0.0025435185884958907,0.29675558517581263,0.30672617804271657,0.30169487579745446,0.30041306601578466,0.0025435185884958907,0.2967095793640025,0.30668017223090643,0.3016945489597487,0.30053108924199384,0.002542574461160531,0.29671110301587406,0.3066779949036233,3.268377050306265e-07,-4.836240966662411e-06,1.1584337711410146e-05,-2.237846420933326e-05,2.3032139619394516e-05
strong_low_noise,360,1.8329807108324374e-09,137.69103220091984,4.9163220129884444e-05,0.9423377204340603,200,117.39398402067334,117.425017481226,0.050818431178763994,117.29437989556297,117.49358814578372,1.2060211199406934,1.2043304950727376,0.0022988378870091963,1.2015153976821553,1.2105268421992315,0.09899679327185104,0.10002183614238713,0.0018299070619072482,0.09541017543051283,0.10258341111318925,1.2042467457491448,1.1979993518765144,0.0038510753942011923,1.1966986379765105,1.211794853521779,0.09863856240593705,0.09951507558574968,0.00336316571287808,0.09204675760869602,0.10523036720317808,0.263732562726763,0.26204193785880725,0.0022988378870091963,0.259226840468225,0.268238284985301,0.2636833995066331,0.2619927746386773,0.0022988378870091963,0.2591776772480951,0.2681891217651711,0.263684041726374,0.262110461890392,0.002297954008298667,0.2591800518701086,0.2681880315826394,-6.422197409251964e-07,-6.238827505312068e-06,1.2004266007282125e-05,-2.417058111519816e-05,2.288614163334777e-05
strong_low_noise,360,2.335721469090121e-09,126.88107659543815,5.2855489724223936e-05,0.9423414127036546,200,108.69508700832208,108.7184937076446,0.05026970054349729,108.59655839525682,108.79361562138733,1.1722244991264061,1.1717886533634556,0.0020815020545279775,1.1681447550995312,1.176304243153281,0.10490533546068848,0.10662379243523147,0.001853313959248493,0.10127284010056142,0.10853783082081553,1.17086484578316,1.1655380869864338,0.0035999144926978067,1.1638090133774723,1.1779206781888478,0.10447561969511053,0.1042763829482549,0.0033994375262523645,0.0978127221436559,0.11113851724656516,0.22993594191247574,0.22950009614952527,0.0020815020545279775,0.2258561978856009,0.23401568593935057,0.22988308642275151,0.22944724065980104,0.0020815020545279775,0.22580334239587668,0.23396283044962635,0.22988490861406866,0.22940886973721944,0.002080653234456522,0.22580682827453388,0.23396298895360343,-1.8221913169381556e-06,-5.232742413993082e-06,1.2275083306211296e-05,-2.58813545971123e-05,2.2236971963235986e-05
strong_low_noise,360,2.9763514416313133e-09,116.27295870467611,5.705750445861302e-05,0.942345614718389,200,100.18793091834395,100.20503130471916,0.04939437004037476,100.09111795306482,100.28474388362308,1.142241156505078,1.142219155110301,0.0018875998761712603,1.1385414607477824,1.1459408522623737,0.11111280743939536,0.11311340688761731,0.00187276154425636,0.1074421948126529,0.11478342006613783,1.141179063183499,1.138113975264,0.0033647107589926607,1.1345842300958735,1.1477738962711246,0.11065675573507777,0.11078578569319825,0.0034325681462394225,0.1039289221684485,0.11738458930170705,0.19995259929114753,0.19993059789637058,0.0018875998761712601,0.19625290353385186,0.2036522950484432,0.1998955417866889,0.19987354039191196,0.0018875998761712603,0.19619584602939322,0.20359523754398456,0.19989864587815695,0.19986907270381604,0.0018867584508550402,0.19620059931448108,0.20359669244183282,-3.104091468876535e-06,-7.472571931172993e-06,1.23779899022806e-05,-2.7364951677346514e-05,2.115676873959344e-05
strong_low_noise,360,3.792690190732238e-09,105.97833332667848,6.170537019634798e-05,0.9423502625841267,200,91.92688409444455,91.94757585105711,0.048214490916254266,91.83238369224868,92.02138449664041,1.115703710720265,1.1146615710083898,0.0017139276582594876,1.1123444125100763,1.1190630089304536,0.11760869266101963,0.11920591514061984,0.0018870433979870003,0.1139100876009651,0.12130729772107415,1.1148362072115254,1.112350204777662,0.0031431410956701796,1.1086756506640119,1.120996763759039,0.11717634092923554,0.11652979410005185,0.003460620627770612,0.11039352449880514,0.12395915735966594,0.17341515350633452,0.17237301379445935,0.0017139276582594876,0.17005585529614592,0.17677445171652312,0.17335344813613815,0.172311308424263,0.0017139276582594876,0.16999414992594955,0.17671274634632675,0.1733577976774879,0.17228074084565434,0.001713065336581971,0.17000018961778723,0.17671540573718858,-4.349541349598877e-06,-8.992896789928914e-06,1.2314453129578425e-05,-2.848586948357259e-05,1.9786786784374834e-05
strong_low_noise,360,4.832930238571752e-09,96.09012929401715,6.669936936162107e-05,0.942355256583292,200,83.9606860777087,83.97706830560753,0.04675503304811277,83.86904621293439,84.05232594248301,1.0922755835854017,1.0909119940569325,0.0015577456548368437,1.0892224021019214,1.0953287650688819,0.12437593831221999,0.12571545492583436,0.0018948977735714825,0.12066193867601989,0.1280899379484201,1.091514800497858,1.0896675184479638,0.0029342294020941132,1.0857637108697535,1.0972658901259627,0.12401897754108018,0.12371503185767167,0.003481868172854772,0.11719451592228483,0.13084343915987554,0.14998702637147135,0.14862343684300228,0.0015577456548368437,0.14693384488799113,0.15304020785495157,0.1499203270021097,0.14855673747364062,0.0015577456548368437,0.14686714551862948,0.1529735084855899,0.14992573444493554,0.14841512771704451,0.0015568342746967137,0.14687433926652999,0.1529771296233411,-5.407442825760293e-06,-1.9065762355673958e-05,1.2115341281998504e-05,-2.9153511738477362e-05,1.8338626086956774e-05
strong_low_noise,360,6.158482110660254e-09,86.68230537794,7.191552375973576e-05,0.9423604727376901,200,76.33192487814921,76.34511094316971,0.04504302027250731,76.2436405584151,76.42020919788332,1.0716490968251575,1.0696876850336339,0.001416663743248426,1.0688724358883905,1.0744257577619245,0.1313895874116082,0.13274494231228287,0.0018950689101396208,0.12767525234773452,0.13510392247548186,1.0709232439516507,1.0696663831165283,0.0027378852989408285,1.0655569887657268,1.0762894991375747,0.1311575459615562,0.13287561859177616,0.003494967347233917,0.12430740996097774,0.1380076819621347,0.12936053961122712,0.12739912781970353,0.001416663743248426,0.1265838786744602,0.13213720054799405,0.12928862408746739,0.1273272122959438,0.001416663743248426,0.12651196315070046,0.1320652850242343,0.12929475554293515,0.12737871689229469,0.0014156758430744609,0.1265200308905092,0.1320694801953611,-6.131455467918808e-06,-1.4958391045547827e-05,1.1847934831307012e-05,-2.9353407737280552e-05,1.7090496801442935e-05
strong_low_noise,360,7.847599703514623e-09,77.81072833796223,7.72247380621538e-05,0.9423657819519925,200,69.0766526539624,69.09413373671691,0.0431077218837979,68.99216151907015,69.16114378885464,1.0535424284270392,1.0519527895810108,0.0012886439680416047,1.0510166862496777,1.0560681706044006,0.13861560570293835,0.14011108119722165,0.0018863836184515772,0.13491829381077325,0.14231291759510345,1.0527963307528063,1.0512928361279945,0.0025545028522841666,1.0477895051623294,1.0578031563432833,0.13855180098266445,0.14258954400453552,0.0034990534406536115,0.13169365623898338,0.14540994572634552,0.11125387121310881,0.10966423236708045,0.0012886439680416047,0.10872812903574727,0.11377961339047035,0.11117664647504664,0.1095870076290183,0.0012886439680416047,0.1086509042976851,0.11370238865240818,0.11118304070415491,0.1094881799993648,0.0012875533808081449,0.10865943607777095,0.11370664533053887,-6.3942291082868035e-06,3.415153846925095e-07,1.1620246021146318e-05,-2.9169911309733586e-05,1.638145309315998e-05
strong_low_noise,360,1e-08,69.51460739770063,8.251645012032072e-05,0.9423710736640507,200,62.224074071509506,62.2438251436285,0.040981481880213014,62.14375036702429,62.30439777599472,1.0376964335382117,1.0369170046011738,0.0011720661096682535,1.035399183963262,1.0399936831131615,0.14601016262171737,0.1475911780129528,0.0018678367077694783,0.1423492026744892,0.14967112256894555,1.036891276283744,1.0341198521275343,0.0023846459692937567,1.0322173701839281,1.0415651823835597,0.14614798399685341,0.14881474414462248,0.003493737888190265,0.1393002577360005,0.15299571025770634,0.09540787632428152,0.09462844738724341,0.0011720661096682535,0.09311062674933174,0.0977051258992313,0.09532535987416114,0.09454593093712305,0.0011720661096682535,0.09302811029921136,0.09762260944911093,0.09533145495022254,0.09442295447993711,0.001170848111916465,0.09303659265086626,0.0976263172495788,-6.0950760613431845e-06,1.1172453134288346e-07,1.1581229864630505e-05,-2.8794286596018973e-05,1.6604134473332608e-05
strong_low_noise,360,1.274274985703132e-08,61.81804615092294,8.772344311763769e-05,0.9423762806570479,200,55.79629616991184,55.814025842730715,0.03870029875547758,55.7204435843511,55.87214875547258,1.023872432890812,1.0226459400431938,0.0010657904129506937,1.0217834836814286,1.0259613821001954,0.15351941349465384,0.15601935096509822,0.0018386858549579441,0.14991558921893627,0.1571232377703714,1.0229845802972335,1.0209683302110382,0.0022288297260924755,1.0186160740340922,1.0273530865603748,0.15387960780176482,0.15584587551289875,0.003479025264719974,0.14706071828291367,0.16069849732061597,0.08158387567688165,0.0803573828292633,0.0010657904129506937,0.07949492646749828,0.08367282488626501,0.08149615223376407,0.08026965938614572,0.0010657904129506937,0.0794072030243807,0.08358510144314743,0.08150131188798207,0.08037215206971796,0.0010644207274458353,0.07941504726218823,0.08358757651377591,-5.159654217901774e-06,5.506861957447491e-06,1.1911872500496346e-05,-2.850692431887461e-05,1.818761588307106e-05
strong_low_noise,360,1.623776739188721e-08,54.73154831810623,9.284633089087085e-05,0.9423814035448213,200,49.80820168761989,49.8368371051838,0.03630327457004706,49.7370472694626,49.879356105777184,1.0118516013984276,1.0102877562866919,0.0009691630691177173,1.0099520417829568,1.0137511610138983,0.16107950507210944,0.16342020138940577,0.0017985656112455908,0.1575543164740681,0.1646046936701508,1.010870563042393,1.0081141622049348,0.002087388733492457,1.0067792811247478,1.0149618449600384,0.16166905811381177,0.16130890111931107,0.003455202667155947,0.15489686088618612,0.16844125534143742,0.06956304418449726,0.06799919907276142,0.0009691630691177171,0.06766348456902653,0.07146260379996798,0.06947019785360635,0.06790635274187051,0.0009691630691177171,0.06757063823813562,0.07136975746907707,0.06947373048893982,0.06796881800745908,0.0009676150418278011,0.06757720500695732,0.07137025597092231,-3.5326353333825434e-06,-6.174225846664231e-06,1.280173476634135e-05,-2.862403547541159e-05,2.1558764808646504e-05
strong_low_noise,360,2.0691380811147902e-08,48.25357118960106,9.79795027331587e-05,0.9423865367166635,200,44.26755006575171,44.2977235365272,0.033830626983896196,44.20124203686328,44.33385809464015,1.0014356804891185,1.0004124191219501,0.0008819341782716635,0.999707089499706,1.003164271478531,0.16861638544390567,0.1704363637256473,0.0017476278533661552,0.165191034851308,0.17204173603650333,1.000361466745976,0.9974434700724524,0.0019604085278268303,0.9965190660314354,1.0042038674605165,0.1694293057181282,0.17162804667134063,0.0034227679559603584,0.16272068052444588,0.17613793091181051,0.05914712327518819,0.05812386190801977,0.0008819341782716635,0.057418532285775724,0.06087571426460065,0.05904914377245503,0.05802588240528661,0.0008819341782716635,0.057320552783042565,0.06077773476186749,0.059050309933902305,0.05784019483314727,0.0008801734314324259,0.05732517000829475,0.06077544985950986,-1.1661614472479676e-06,1.3446310464670412e-06,1.4419351987584376e-05,-2.9428091342913343e-05,2.7095768448417407e-05
strong_low_noise,360,2.6366508987303555e-08,42.37229886364001,0.00010334403728871205,0.9423919012512191,200,39.17538208890875,39.19632857282081,0.031320848960010216,39.11399322494713,39.236770952870366,0.9924478439808867,0.9909921483965174,0.0008040885890375038,0.9908718303463732,0.9940238576154002,0.17604538696059968,0.17894812448289849,0.0016866923758408498,0.17273946990395161,0.17935130401724775,0.991288052148345,0.9896932885628593,0.0018476909202039327,0.9876665779447453,0.9949095263519447,0.17706527030462804,0.17771896459557107,0.0033824430031067702,0.17043568201853876,0.18369485859071732,0.05015928676695637,0.04870359118258705,0.0008040885890375038,0.048583273132442865,0.051735300401469876,0.05005594272966763,0.048600247145298314,0.0008040885890375038,0.048479929095154126,0.051631956364181136,0.05005395006390263,0.04851637049126495,0.0008020643659937022,0.04848190390655498,0.05162599622125029,1.9926657649806417e-06,1.5800984945017384e-06,1.6901627322896317e-05,-3.1134523787896144e-05,3.511985531785742e-05
strong_low_noise,360,3.3598182862837814e-08,37.067673861454125,0.00010933683822361706,0.942397894052154,200,34.52670873650856,34.541237139448555,0.02880828187220713,34.47024450403904,34.58317296897808,0.9847322553321237,0.9844531191525724,0.0007356261551475319,0.9832904280680346,0.9861740825962129,0.18327146433423336,0.18571623172159268,0.001617354696396767,0.18010144912929568,0.18644147953917103,0.9834992446123494,0.9833467845924504,0.0017487331875589076,0.9800717275647339,0.9869267616599648,0.1844752739593883,0.1855749120334923,0.0033352673090155625,0.1779381500337178,0.19101239788505878,0.04244369811819354,0.04216456193864204,0.0007356261551475318,0.04100187085410438,0.0438855253822827,0.04233436127996987,0.04205522510041837,0.0007356261551475318,0.04089253401588071,0.04377618854405903,0.04232834824742552,0.04179891135416826,0.0007332585239170692,0.04089116154054807,0.04376553495430297,6.013032544425641e-06,-1.7095274859463975e-06,2.0373601731127277e-05,-3.391922684858382e-05,4.5945291937435104e-05
strong_low_noise,360,4.281332398719396e-08,32.313504288040306,0.00011660930478125942,0.9424051665187116,200,30.31135723122769,30.32090146964756,0.026322312496710156,30.259765498734136,30.36294896372124,0.9781514950745887,0.9776710238809349,0.0006763624991404179,0.9768258245762734,0.9794771655729039,0.19019176332122348,0.19307374822023354,0.0015419772782437615,0.1871694878558657,0.19321403878658125,0.9768599462664573,0.9761345597046687,0.001662719993755861,0.9736010150786959,0.9801188774542188,0.1915539349304579,0.19277217070226768,0.003282709141000695,0.18511982501409652,0.19798804484681926,0.035862937860658375,0.03538246666700451,0.0006763624991404179,0.03453726736234316,0.03718860835897359,0.035746328555877074,0.03526585736222321,0.0006763624991404179,0.03442065805756186,0.03707199905419229,0.03573533854400022,0.035440756503994864,0.0006735245077863471,0.03441523050873898,0.03705544657926146,1.0990011876913872e-05,-1.054932189333531e-05,2.4980168617198395e-05,-3.797111861279498e-05,5.995114236662273e-05
strong_low_noise,360,5.4555947811685146e-08,28.079341266948934,0.00012619394739685208,0.9424147511613272,200,26.514801900753366,26.526514401448352,0.023888488713688216,26.467980462874536,26.561623338632195,0.9725823359745945,0.9724167986255228,0.0006258318179119732,0.9713557056114871,0.973808966337702,0.19670188318846152,0.20046205108803072,0.001463517905678923,0.19383338809333084,0.1995703782835922,0.9712473766559259,0.9714837479683402,0.0015885432831142783,0.9681338318210219,0.9743609214908299,0.19819778823472523,0.19998616180493517,0.003226701831728498,0.19187345264453737,0.20452212382491308,0.03029377876066419,0.03012824141159237,0.0006258318179119732,0.029067148397556725,0.03152040912377166,0.030167584813267312,0.03000204746419549,0.0006258318179119732,0.028940954450159845,0.03139421517637478,0.03015053100994744,0.030155574423106207,0.0006223253517044485,0.02893077332060672,0.03137028869928816,1.705380331984355e-05,7.00207409881337e-06,3.0909062188241026e-05,-4.352795856910886e-05,7.763556520879596e-05
strong_low_noise,360,6.951927961775605e-08,24.331901394839903,0.0001397042477504079,0.9424282614616808,200,23.118861609677868,23.132138604695033,0.021530592545545863,23.0766616482886,23.161061571067137,0.9679114706313322,0.9676834238704164,0.0005833346692375468,0.9667681346796266,0.9690548065830378,0.20270539244157326,0.20707159002898934,0.0013852296340910314,0.19999034235875485,0.20542044252439168,0.966547418226638,0.9671559143423559,0.0015248649498251327,0.9635586829249808,0.9695361535282953,0.20431344551555966,0.2035234319667922,0.0031695401192713716,0.19810114688178776,0.21052574414933156,0.025622913417402006,0.025394866656486104,0.0005833346692375469,0.024479577465696414,0.026766249369107598,0.025483209169651556,0.025255162408735654,0.0005833346692375469,0.024339873217945965,0.026626545121357148,0.02545882874463482,0.02503556246065149,0.0005788580089139938,0.02432426704716339,0.026593390442106245,2.4380425016746962e-05,2.1947630250881213e-05,3.840070527868238e-05,-5.08849573294705e-05,9.964580736296442e-05
strong_low_noise,360,8.858667904100815e-08,21.036030410013645,0.000159642179121032,0.9424481993930514,200,20.102263561123834,20.12216669363424,0.01927201815966339,20.064490405530893,20.140036716716775,0.9640329346682124,0.9630599601981301,0.0005480940990806736,0.9629586702340143,0.9651071991024105,0.20812383350042588,0.21242742974586615,0.0013103508135645806,0.2055555459058393,0.21069212109501245,0.962652604993009,0.9629977744913134,0.0014702175998800007,0.9597709784972441,0.9655342314887738,0.20982605848976107,0.20843294882377994,0.0031136475262303165,0.20372330933834965,0.2159288076411725,0.0217443774542821,0.02077140298419977,0.0005480940990806735,0.02067011302008398,0.02281864188848022,0.02158473527516109,0.02061176080507876,0.0005480940990806735,0.02051047084096297,0.02265899970935921,0.02155153084142059,0.020444935443960515,0.0005421983105360138,0.020488822152770002,0.022614239530071176,3.320443374046896e-05,3.1254940412739484e-05,4.774847638720174e-05,-6.0382579978446446e-05,0.00012679144745938436
strong_low_noise,360,1.1288378916846883e-07,18.15539710047631,0.00018985869251892523,0.9424784159064493,200,17.441169069132535,17.460525399293,0.017135271818112027,17.407583936369036,17.474754201896033,0.9608479900305303,0.9599804331120192,0.0005194186347022159,0.959829929506514,0.9618660505545467,0.21290347233355228,0.21724812358181833,0.0012419065008236634,0.2104693355919379,0.21533760907516666,0.9594624590241616,0.959562083357208,0.0014231154194355028,0.956673152802068,0.9622517652462552,0.21468491281465904,0.21292519123038323,0.0030612991897187415,0.2086847664028103,0.22068505922650777,0.01855943281660012,0.01769187589808885,0.0005194186347022159,0.01754137229258378,0.019577493340616463,0.018369574124081148,0.017502017205569875,0.0005194186347022159,0.017351513600064806,0.01938763464809749,0.018325742842147854,0.0173912717510993,0.000511449686691526,0.017323301456232464,0.019328184228063244,4.383128193332459e-05,3.288691450064054e-05,5.929129107188513e-05,-7.237964856757027e-05,0.00016004221243421944
strong_low_noise,360,1.438449888287663e-07,15.653137047933015,0.0002362226896743605,0.9425247799036047,200,15.109762316331453,15.127211913574376,0.015139770736650932,15.080088365687617,15.13943626697529,0.9582668574390826,0.9572326653381836,0.0004967786710616668,0.9572931712438018,0.9592405436343634,0.21701649958629632,0.2216388797842097,0.0011826327354487812,0.2146985394248167,0.21933445974777593,0.9568855492800958,0.956948774980924,0.00138214051209377,0.954176553876392,0.9595945446837997,0.21886417627035384,0.2174488009098082,0.0030143979580265533,0.2129559562726218,0.2247723962680859,0.015978300225152196,0.014944108124253286,0.0004967786710616668,0.015004614029871329,0.016951986420433062,0.015742077535477815,0.014707885434578905,0.0004967786710616668,0.014768391340196948,0.01671576373075868,0.015685434633262517,0.01484747734978024,0.00048580349348457003,0.01473325978603276,0.016637609480492276,5.664290221526555e-05,3.895622429080001e-05,7.339672844322658e-05,-8.721468553345854e-05,0.00020050048996398965
strong_low_noise,360,1.8329807108324338e-07,13.492542019275113,0.00030755731153178645,0.9425961145254621,200,13.08092401873966,13.096728642499265,0.013299375181809481,13.054857243383314,13.106990794096006,0.9562109134733154,0.9548411706623057,0.00047977946624265885,0.9552705457194798,0.9571512812271511,0.22045729199231232,0.2248662057731537,0.0011349097184542606,0.21823286894414196,0.22268171504048268,0.954841901983099,0.9550351636958074,0.0013459861610079138,0.9522037691075236,0.9574800348586745,0.22235933717939318,0.22068608434501266,0.002974352333919079,0.2165296066049118,0.22818906775387457,0.01392235625938512,0.012552613448375327,0.00047977946624265885,0.012981988505549508,0.01486272401322073,0.013614798947853361,0.012245056136843568,0.00047977946624265885,0.01267443119401775,0.014555166701688972,0.013542712739082701,0.012457459798106458,0.0004644979890216215,0.012632296680600324,0.014453128797565079,7.208620877066215e-05,3.1634724714462e-05,9.043056539157819e-05,-0.0001051576993968311,0.0002493301169381554
strong_low_noise,360,2.3357214690901212e-07,11.637737050362711,0.00041688650307709907,0.9427054437170075,200,11.32692024566802,11.339189308081586,0.011621292738606386,11.304142511900352,11.349697979435689,0.9546142551224832,0.9531167546629473,0.00046809019329153637,0.9536967983436317,0.9555317119013347,0.22323638804155965,0.22819720928794385,0.0011005985800666503,0.22107921482462903,0.22539356125849028,0.9532646839969072,0.9529373121075344,0.0013134633792254292,0.9506902957736254,0.955839072220189,0.2251816463815331,0.22406006008974372,0.002942050439162836,0.21941522752077394,0.23094806524229225,0.012325697908552828,0.010828197449016974,0.00046809019329153637,0.011408241129701418,0.01324315468740424,0.011908811405475688,0.010411310945939833,0.00046809019329153637,0.010991354626624277,0.012826268184327099,0.011818179572289887,0.010617779100354247,0.0004467433173985187,0.010942562670188791,0.012693796474390983,9.063183318584346e-05,4.4217871451712055e-05,0.00011070781387780598,-0.00012635548201465625,0.00030761914838634317
strong_low_noise,360,2.976351441631313e-07,10.054225560643511,0.0005829798403707356,0.942871537054301,200,9.820006197909828,9.826222538725629,0.01010700533432427,9.800196467454553,9.839815928365104,0.9534244714131956,0.9518969866663879,0.0004613969779152817,0.9525201333364817,0.9543288094899096,0.22537459093817275,0.23006105436797084,0.0010808346590469064,0.2232561550064408,0.2274930268699047,0.9521010073549496,0.9519089075584122,0.0012834911760392896,0.9495853646499126,0.9546166500599866,0.2273526233053189,0.22678707024413153,0.0029179105292243346,0.2216335186680392,0.23307172794259862,0.011135914199265405,0.009608429452457545,0.0004613969779152817,0.010231576122551453,0.012040252275979357,0.010552934358894704,0.009025449612086844,0.0004613969779152817,0.009648596282180752,0.011457272435608656,0.010440243386463963,0.0092657434793397,0.0004316947902634114,0.009594121597547677,0.01128636517538025,0.0001126909724306836,6.803317503035587e-05,0.00013442122281593095,-0.00015077462428854106,0.00037615656914990824
strong_low_noise,360,3.792690190732246e-07,8.709237375402362,0.0008320636053589306,0.9431206208192893,200,8.532891169439429,8.538602305796278,0.00875448557049012,8.515732377721267,8.55004996115759,0.9526031864989263,0.9509174402216545,0.0004593883077101884,0.9517027854158143,0.9535035875820382,0.22689781003065904,0.23146508654009046,0.0010759650291307713,0.22478891857356273,0.22900670148775534,0.951312418786886,0.9511812075207373,0.0012550867965284603,0.9488524486656902,0.9537723889080818,0.22889905978604935,0.22925017029640737,0.0029019994785232676,0.22321114080814375,0.23458697876395496,0.010314629284995911,0.00862888300772413,0.00045938830771018836,0.009414228201883942,0.01121503036810788,0.009482565679636987,0.007796819402365207,0.00045938830771018836,0.008582164596525018,0.010382966762748956,0.00934408270085112,0.00791746578704489,0.00041850403600389685,0.008523814790283482,0.010164350611418758,0.00013848297878589022,0.00010317777651664876,0.00016154647872872505,-0.0001781481195224109,0.00045511407709419133
strong_low_noise,360,4.832930238571752e-07,7.571915714296506,0.0011993592469317776,0.9434879164608622,200,7.439087881505255,7.444867760003331,0.007560249382016464,7.424269792716503,7.453905970294008,0.9521268733538136,0.9503588113824746,0.000461718317875181,0.9512219054507782,0.953031841256849,0.22783179085335198,0.23200126870937185,0.001085756910607088,0.2257037073085621,0.22995987439814186,0.9508755759990687,0.9512103682884541,0.0012273582081815725,0.9484699539110328,0.9532811980871045,0.22984769542086156,0.231393849318558,0.002894206689274286,0.22417505030988397,0.23552034053183915,0.00983831613988322,0.008070254168544289,0.000461718317875181,0.008933348236847865,0.010743284042918574,0.0086389568929514,0.006870894921612469,0.000461718317875181,0.007733988989916046,0.009543924795986754,0.008471100315742889,0.007071432689227246,0.0004064137318469063,0.0076745294013229525,0.009267671230162824,0.00016785657720856765,0.00012178387803589523,0.00019173045962221597,-0.00020793512365097566,0.000543648278068111
strong_low_noise,360,6.158482110660254e-07,6.6134408721159454,0.0017298239340581695,0.9440183811479885,200,6.513216006659203,6.515891293789361,0.006520148653527635,6.500436515298289,6.525995498020117,0.9519876742151563,0.950349471985011,0.00046789149839842383,0.9510706068782954,0.9529047415520172,0.22819592947975986,0.2324582457682275,0.0011097925098616567,0.226020736160431,0.23037112279908872,0.9507828639637401,0.9511205534314549,0.0011994907969994193,0.9484318620016212,0.953133865925859,0.23021889546098492,0.23264652182412793,0.0028944372126774713,0.22454579852413709,0.23589199239783276,0.009699117001225834,0.008060914771080563,0.0004678914983984237,0.008782049664364923,0.010616184338086745,0.00796929306716765,0.0063310908370223795,0.0004678914983984237,0.00705222573030674,0.008886360404028562,0.007769208091726971,0.006289563862892966,0.00039483888116802874,0.006995323884637635,0.008543092298816307,0.00020008497544070507,0.00015307573544319768,0.0002241809319078781,-0.00023930965109873598,0.0006394796019801462
strong_low_noise,360,7.847599703514607e-07,5.807176045052332,0.002477179458627611,0.9447657366725579,200,5.731319459073709,5.73327522978175,0.005628757009244226,5.72028709533559,5.742351822811828,0.9521930770599144,0.9506035904561292,0.0004770771163419574,0.9512580059118841,0.9531281482079447,0.22799656692885278,0.23231425443939613,0.0011478191824819605,0.22574684133118814,0.23024629252651743,0.9510418346536637,0.9516397312296542,0.0011707213041057814,0.9487472208976163,0.953336448409711,0.23001986373696812,0.23307070274976716,0.002902770134997485,0.22433043427237304,0.2357092932015632,0.00990451984598396,0.008315033242198844,0.0004770771163419574,0.008969448697953724,0.010839590994014197,0.007427340387356384,0.005837853783571267,0.0004770771163419574,0.006492269239326148,0.00836241153538662,0.0071936599307120186,0.0057957761772059364,0.0003833978585899048,0.006442200127875805,0.007945119733548231,0.00023368045664431912,0.000212936118656817,0.00025759174210605347,-0.0002711993578835457,0.000738560271172184
strong_low_noise,360,1e-06,5.128859966545513,0.003500211694818324,0.9457887689087486,200,5.071207942474421,5.072236494819971,0.004877990741380512,5.061647080621316,5.080768804327527,0.9527628986610793,0.9511740333036129,0.0004879426222497401,0.9518065311214698,0.9537192662006888,0.22722141294973433,0.23136841035306838,0.0011998602538181688,0.22486968685225073,0.22957313904721793,0.9516719667034161,0.9523998008135949,0.0011403041595823026,0.9494369705506348,0.9539069628561975,0.22923911405055705,0.23082911409724785,0.0029195312523151735,0.2235168327960193,0.2349613953050948,0.010474341447148948,0.008885476089682598,0.0004879426222497402,0.009517973907539458,0.011430708986758438,0.006974129752330658,0.005385264394864309,0.0004879426222497402,0.006017762212721167,0.007930497291940149,0.0067078265842836415,0.005300199952300366,0.00037188839808501023,0.0059789253240370216,0.0074367278445302614,0.0002663031680469796,0.00023925162427869,0.00029015102159468334,-0.0003023928342785997,0.000834999170372559
strong_low_noise,360,1.2742749857031322e-06,4.556809444678336,0.0048556797110469035,0.9471442369249773,200,4.512782834238325,4.513301296537703,0.004255905364285789,4.504441259724325,4.521124408752326,0.9537224740977907,0.9523325038902708,0.000498629342489732,0.9527451605865108,0.9546997876090705,0.22583730959547965,0.23024701265168257,0.0012660324316090316,0.22335588602952594,0.22831873316143336,0.9526976943410262,0.9531930780099133,0.0011074921835493975,0.9505270096612695,0.954868379020783,0.2278444120346581,0.2303355968831687,0.002945243116638345,0.22207173552604695,0.23361708854326926,0.011433916883860246,0.01004394667634051,0.000498629342489732,0.010456603372580371,0.01241123039514012,0.0065782371728133025,0.005188266965293564,0.0004986293424897319,0.005600923661533428,0.007555550684093177,0.006283380438003469,0.004912656410603469,0.0003602244686370328,0.005577340479474885,0.006989420396532053,0.00029485673480987855,0.00027329986599486264,0.00031968034630195616,-0.0003317167439419555,0.0009214302135617126
strong_low_noise,360,1.6237767391887209e-06,4.072064965495742,0.0065882086720570505,0.9488767658859873,200,4.038283455636409,4.038297791516767,0.003746528720706091,4.030940259343826,4.045626651928993,0.9550922811440379,0.9537490549007486,0.0005069498129537677,0.9540986595106485,0.9560859027774272,0.2237933231672724,0.22817354273147766,0.0013461411480084695,0.2211548865171758,0.22643175981736902,0.9541379776447516,0.9538165696136909,0.0010715634047992148,0.9520377133713451,0.9562382419181581,0.22578611777746224,0.22723944235631227,0.0029804308224245842,0.21994447336551007,0.23162776218941442,0.012803723930107456,0.011460497686818283,0.0005069498129537677,0.011810102296718071,0.01379734556349684,0.0062155152580504495,0.004872289014761277,0.0005069498129537677,0.005221893624661065,0.007209136891439834,0.005899671312466849,0.004503782438195811,0.0003483585737850386,0.0052168885078481735,0.006582454117085524,0.0003158439455835645,0.0002870726154406434,0.000343928102168356,-0.0003582551346664132,0.0009899430258335422
strong_low_noise,360,2.06913808111479e-06,3.658420133289792,0.008719127923436886,0.9510076851373672,200,3.6323987936324875,3.631940947997135,0.003331230638437696,3.6258695815811497,3.6389280056838254,0.9568760779854716,0.9557205938223404,0.0005107853270686234,0.9558749387444171,0.9578772172265261,0.2210302659687006,0.22496184209957648,0.0014392048951111477,0.21820942437428276,0.22385110756311843,0.9559945187466351,0.9554489434335376,0.001031914636633053,0.9539719660588343,0.9580170714344359,0.2230069202977213,0.22494474976093895,0.0030252899693567026,0.21707735195778216,0.22893648863766042,0.014587520771541303,0.01343203660841008,0.0005107853270686234,0.0135863815304868,0.015588660012595805,0.005868392848104427,0.004712908684973205,0.0005107853270686234,0.004867253607049925,0.006869532089158929,0.005542415356119037,0.004096824278935136,0.0003362167491950443,0.00488343052769675,0.006201400184541324,0.00032597749198536426,0.000328515857471365,0.00036098634931546695,-0.00038155575267295093,0.0010335107366436795
strong_low_noise,360,2.6366508987303555e-06,3.3023092582021345,0.011237659986201316,0.9535262172001316,200,3.2822226666392806,3.282691536348756,0.002991418802925511,3.2763594857855467,3.2880858474930146,0.9590511864379277,0.9580527511280497,0.0005085596476151351,0.9580544095286021,0.9600479633472534,0.2174961416436438,0.22101320945588315,0.001543111775758107,0.21447164256315793,0.2205206407241297,0.9582422524516006,0.9576518163492833,0.0009882060679261098,0.9563053685584654,0.9601791363447357,0.2194573058968978,0.22073800008242486,0.003079285828088772,0.2134219056738438,0.22549270611995179,0.016762629223997464,0.015764193914119262,0.0005085596476151351,0.0157658523146718,0.01775940613332313,0.005524969237796165,0.004526533927917964,0.0005085596476151351,0.0045281923284705,0.00652174614712183,0.005202052748534367,0.003771865940373826,0.0003236703042782444,0.004567658952149008,0.005836446544919726,0.0003229164892617854,0.0004119582862907583,0.00036973118263998537,-0.00040175662871258587,0.0010475896072361566
strong_low_noise,360,3.359818286283781e-06,2.9925694575914337,0.014098092659504458,0.9563866498734348,200,2.9770713533713815,2.977499117149999,0.0027114782995420602,2.971756855904279,2.982385850838484,0.9615647442391646,0.9607465092958217,0.0004996119043458616,0.9605855049066467,0.9625439835716825,0.21316468087626034,0.2161311609724701,0.0016546198098698524,0.20992162604891543,0.21640773570360525,0.9608258951737421,0.960466355867954,0.0009404971606895951,0.9589825207387904,0.9626692696086937,0.21511378349331953,0.21594061160659822,0.003140842661975063,0.2089577318758484,0.22126983511079065,0.01927618702523417,0.018457952081891382,0.0004996119043458616,0.01829694769271628,0.020255426357752057,0.0051780943657297115,0.004359859422386925,0.0004996119043458616,0.004198855033211823,0.0061573336982476004,0.00487220066272253,0.0033963583073887606,0.0003105545166096389,0.004263513810167638,0.005480887515277422,0.00030589370300718025,0.0006094510519135698,0.0003701350028157195,-0.00041957090251162996,0.0010313583085259904
strong_low_noise,360,4.281332398719387e-06,2.720127187685605,0.01722487497617823,0.9595134321901085,200,2.708215339274466,2.7077021705644055,0.002480478824125298,2.7033536007791805,2.7130770777697513,0.9643379579255748,0.9635502447168053,0.00048431402553555816,0.9633887024355251,0.9652872134156244,0.20805175596801115,0.20979929534501063,0.0017698218058927891,0.2045829052284613,0.211520606707561,0.963664516290879,0.9635763069147553,0.00088929686658241,0.9619214944323775,0.9654075381493805,0.2099946264536586,0.21120363937373346,0.0032073329928407443,0.20370825378769075,0.21628099911962645,0.022049400711644403,0.021261687502874937,0.00048431402553555816,0.02110014522159471,0.022998656201694098,0.004824525735466205,0.0040368125266967425,0.00048431402553555816,0.003875270245416511,0.005773781225515899,0.004548531044874064,0.0030377947897185726,0.0002967216593225508,0.003966956592601865,0.005130105497146264,0.00027599469059206845,0.000550353667729167,0.0003633023128151878,-0.0004360778425256996,0.0009880672237098365
strong_low_noise,360,5.455594781168514e-06,2.4776712838792476,0.02052446565873472,0.962813022872665,200,2.4685883823279897,2.4678066913029273,0.002291732605910586,2.464096586420405,2.4730801782355742,0.9672771820774761,0.966461063872136,0.0004638707686397523,0.9663679953709422,0.9681863687840101,0.2022235560698223,0.20342163178478534,0.0018849841924776932,0.19852898705256602,0.2059181250870786,0.9666628848837857,0.9667558609576945,0.0008354831805944794,0.9650253378498206,0.9683004319177508,0.20416720751678,0.204862001606548,0.003275496741492727,0.19774723390345425,0.21058718113010574,0.024988624863545698,0.02417250665820575,0.0004638707686397523,0.024079438157011784,0.025897811570079612,0.004464159204811029,0.0036480409994710805,0.0004638707686397523,0.0035549724982771144,0.005373345911344944,0.004228182034039648,0.0027078213124307137,0.00028209605573765024,0.003675273764793854,0.004781090303285443,0.00023597717077133152,0.0004660931792011791,0.00035115710746893116,-0.00045229075986777357,0.0009242451014104366
strong_low_noise,360,6.951927961775606e-06,2.2593614271323856,0.02389990966536011,0.9661884668792905,200,2.2525237947229964,2.251595902863766,0.002140539442787049,2.248328337415134,2.2567192520308588,0.9702877411889337,0.9694959016703273,0.0004398703627600208,0.969425595277924,0.9711498870999433,0.19579244433337897,0.19649194572657397,0.001997421315000295,0.19187749855597838,0.19970739011077956,0.9697254550535862,0.9698877536641914,0.0007801140578528786,0.9681964315001945,0.9712544786069779,0.1977432558697413,0.19955842305390897,0.003342197118830689,0.19119254951683318,0.20429396222264945,0.0279991839750034,0.027207344456396942,0.0004398703627600208,0.02713703806399376,0.028861329886013042,0.004099274309643245,0.0033074347910367896,0.0004398703627600208,0.003237128398633604,0.004961420220652886,0.003909566311801831,0.0023910889478267012,0.0002666962506909349,0.0033868416604475983,0.004432290963156063,0.0001897079978414351,0.00017432197654229577,0.00033584766893818025,-0.00046855343327739814,0.0008479694289602684
strong_low_noise,360,8.858667904100815e-06,2.0605907323996413,0.027263255909956985,0.9695518131238874,200,2.0555379078834664,2.055078995137685,0.002021640084900125,2.051575493317062,2.0595003224498707,0.9732855359982202,0.972435270475591,0.0004137677437531157,0.9724745512204641,0.9740965207759763,0.18890125234425273,0.1893433186091919,0.0021059573271841638,0.18477357598297176,0.1930289287055337,0.9727680122301683,0.972417505235724,0.0007242100482535237,0.9713485605355914,0.9741874639247452,0.19086320296283038,0.19256721575823,0.0034051863393270974,0.18418903773774928,0.19753736818791148,0.030996978784289853,0.030146713261660685,0.0004137677437531157,0.030185994006533746,0.03180796356204596,0.0037337228743328167,0.0028834573517036444,0.0004137677437531157,0.00292273809657671,0.004544707652088923,0.003592293840906322,0.002259604467477328,0.0002506077552828929,0.0031011026405518517,0.004083485041260792,0.0001414290334265541,-8.196001093342583e-05,0.0003190889836977892,-0.00048398537462111276,0.000766843441474221
strong_low_noise,360,1.1288378916846883e-05,1.8777910814794638,0.03054251668727,0.9728310739012004,200,1.874150973852957,1.8738418651368924,0.001928166234223724,1.8703717680338785,1.8779301796720353,0.9762031091787406,0.975543659853642,0.000386521566547672,0.9754455269083072,0.9769606914491741,0.18170197327992946,0.18232738338846521,0.002210696685262145,0.17736900777681566,0.18603493878304325,0.9757236668767635,0.9755716447198071,0.0006686002736215609,0.9744132103404652,0.9770341234130617,0.18367568622095626,0.18570247709876342,0.003463501309431599,0.17688722365447032,0.1904641487874422,0.033914551964810434,0.03325510263971165,0.000386521566547672,0.033156969694376995,0.03467213423524387,0.003372035277540393,0.002712585952441615,0.000386521566547672,0.0026144530071069557,0.00412961754797383,0.003276960268883026,0.0020431144421005393,0.00023391990874260492,0.00281847724774752,0.0037354432900185315,9.507500865740617e-05,-5.098359375673678e-05,0.0003017461560042772,-0.0004963474571109771,0.0006864974744257894
strong_low_noise,360,1.43844988828766e-05,1.7082563105492263,0.03368279173763309,0.9759713489515635,200,1.7057222078683074,1.7058220114594982,0.0018527784514527402,1.70209076210346,1.7093536536331548,0.978989873269943,0.978317396864211,0.0003585316941046637,0.9782871511494979,0.9796925953903881,0.17433716171120064,0.1745476802414229,0.002312220660094502,0.16980520921741543,0.17886911420498586,0.9785429279509097,0.9782925004540441,0.0006138824912588752,0.9773397182680423,0.979746137633777,0.1763201768373503,0.17809655902947508,0.003517309267626858,0.16942625067280165,0.18321410300189894,0.036701316056012734,0.0360288396502807,0.00035853169410466365,0.03599859393556759,0.03740403817645788,0.0030185243183796263,0.0023460479126475864,0.00035853169410466365,0.0023158021979344857,0.003721246438824767,0.002964740878571247,0.0017522384383983915,0.0002166651292881051,0.002540077225166561,0.003389404531975933,5.378343980840819e-05,-1.572919846946099e-05,0.0002838669543692666,-0.0005025957907553543,0.0006101626703721707
strong_low_noise,360,1.8329807108324338e-05,1.5499669395977995,0.0366436545620701,0.9789322117760004,200,1.548283671769509,1.5483532051599613,0.0017899350769951727,1.5447753990185984,1.5517919445204196,0.981608795269091,0.9810741701013368,0.000329860083294081,0.9809622695058345,0.9822553210323474,0.1669303247168608,0.16749965326023086,0.002410682190766203,0.16220538762295905,0.17165526181076257,0.9811901851896636,0.9811039687361918,0.000560483243644334,0.9800916380321207,0.9822887323472065,0.16891841348179593,0.17066333783358256,0.0035673390080446076,0.1619264290260285,0.17591039793756336,0.039320238055160606,0.038785612887406506,0.000329860083294081,0.03867371229190421,0.039966763818417,0.0026765834930905256,0.002141958325336424,0.000329860083294081,0.0020300577298341268,0.0033231092563469245,0.002656947857227928,0.001509272593944075,0.0001988019150000884,0.002267296103827755,0.0030465996106281016,1.9635635862586378e-05,-0.00019889555798093239,0.0002651040075314416,-0.0004999682188990391,0.0005392394906242119
strong_low_noise,360,2.3357214690901213e-05,1.4014220498695682,0.0393957093747827,0.981684266588713,200,1.400378808942405,1.4008098529688908,0.0017373495059637154,1.3969736039107161,1.4037840139740938,0.984032677173389,0.9835423871284612,0.00030056834593752036,0.9834435632153515,0.9846217911314266,0.159586581131314,0.16185227104819228,0.0025053016467925333,0.15467618990360063,0.16449697235902735,0.9836397722239361,0.9838271210843537,0.0005087560669753424,0.9826426103326644,0.9846369341152077,0.1615754424747513,0.1622694102762332,0.003614229808276807,0.15449155205052878,0.16865933289897383,0.04174411995945862,0.04125382991453086,0.00030056834593752036,0.04115500600142108,0.04233323391749616,0.002348410584675972,0.0018581205397482092,0.00030056834593752036,0.0017592966266384322,0.002937524542713512,0.0023548064742241613,0.0012784710164340392,0.0001802597227330284,0.0020014974176674255,0.002708115530780897,-6.395889548229126e-06,-0.0001926754771884924,0.00024523235129731086,-0.0004870512980909584,0.0004742595189945002
strong_low_noise,360,2.976351441631313e-05,1.2615020528390948,0.04191835734034953,0.9842069145542799,200,1.260929094300272,1.2618692054092837,0.0016953283288187605,1.2576062507757872,1.2642519378247568,0.9862421860944286,0.9857473783220498,0.0002709738946201833,0.9857110772609731,0.9867732949278841,0.1523999292390568,0.1536803159379621,0.002594457973686883,0.1473147916106305,0.1574850668674831,0.9858737924935511,0.9860277549071135,0.0004590509524406733,0.9849740526267674,0.9867735323603348,0.154386514747371,0.15570627512405452,0.0036580940073532645,0.1472166504929586,0.1615563790017834,0.04395362888049828,0.04345882110811955,0.0002709738946201833,0.04342252004704272,0.04448473771395384,0.0020352715401487386,0.0015404637677700062,0.0002709738946201833,0.0015041627066931793,0.0025663803736042977,0.00205961116764513,0.001099867290979289,0.00016102806209954465,0.0017439961659300222,0.0023752261693602375,-2.433962749638267e-05,-0.00014442313515800252,0.00022446585855943397,-0.0004642927102728732,0.0004156134552801079
strong_low_noise,360,3.792690190732246e-05,1.129386434272404,0.04419919853956761,0.9864877557534979,200,1.1291527711951141,1.1302216275012007,0.0016641949570103147,1.125890949079374,1.1324145933108543,0.9882259423332918,0.9877845961204541,0.00024171441392831783,0.9877521820819922,0.9886997025845913,0.14546109764128487,0.14640533138622067,0.0026761976643481277,0.14021575021916255,0.1507064450634072,0.9878820392922486,0.9881849304761217,0.0004117224150746182,0.9870750633587023,0.9886890152257949,0.14744409117480223,0.1492985284599046,0.0036984170387114306,0.14019519377892783,0.15469298857067662,0.045937385119361435,0.045496038906523706,0.00024171441392831783,0.04546362486806193,0.04641114537066094,0.001738186579793885,0.0012968403669561535,0.00024171441392831783,0.0012644263284943822,0.002211946831093388,0.0017731922843766106,0.0009247875497874524,0.00014124727041962953,0.0014963476343541368,0.0020500369343990845,-3.500570458277036e-05,-8.370494663768709e-05,0.00020346078957101575,-0.0004337888521419612,0.00036377744297642054
strong_low_noise,360,4.8329302385717524e-05,1.0045314359469182,0.04623425037702535,0.9885228075909557,200,1.0045411974957557,1.0059140332285774,0.0016414019290178882,1.0013240497148805,1.0077583452766308,0.9899815076939024,0.9896466629535912,0.00021362825013154728,0.9895627963236445,0.9904002190641602,0.13886084890742448,0.13954177603585421,0.0027488211230667307,0.1334731595062137,0.14424853830863527,0.9896628687206703,0.9899263338871007,0.0003670874985357388,0.9889433772235403,0.9903823602178004,0.14084028898327713,0.14323790843628517,0.0037342661820313526,0.13352112726649568,0.1481594507000586,0.047692950479972,0.04735810573966087,0.00021362825013154728,0.047274239109714164,0.04811166185022983,0.0014587001029466602,0.0011238553626355396,0.00021362825013154728,0.0010399887326888275,0.0018774114732044928,0.001498406500055306,0.000794855334314281,0.00012125803353841905,0.0012607407543200047,0.0017360722457906074,-3.9706397108670046e-05,-0.00011156726092494753,0.00018307920501308206,-0.0003985416389343109,0.0003191288447169708
strong_low_noise,360,6.158482110660255e-05,0.8866854044740867,0.04802785282632378,0.9903164100402542,200,0.8868717807037324,0.8875509489465209,0.0016203100701416913,0.8836959729662547,0.8900475884412101,0.99151573980697,0.9912590468431768,0.00018753130972321092,0.9911481784399125,0.9918833011740276,0.13268679651529233,0.13340725653228286,0.00281128724581304,0.12717667351349876,0.1381969195170859,0.9912235008030749,0.9915320317625742,0.00032537043897336467,0.990585774742687,0.9918612268634627,0.13466324455553338,0.1358458577277022,0.003764684031451483,0.12728446385388847,0.1420420252571783,0.04922718259303975,0.04897048962924644,0.00018753130972321092,0.04885962122598226,0.04959474396009724,0.0011993297667159248,0.000942636802922614,0.00018753130972321092,0.0008317683996584313,0.001566891133773418,0.0012392999778143758,0.0006524709496339564,0.0001015860577290724,0.0010401913046653938,0.0014384086509633578,-3.997021109840772e-05,-8.625520950200099e-05,0.00016406956589145742,-0.00036154656024566423,0.00028160613804884883
strong_low_noise,360,7.847599703514606e-05,0.7759008110672175,0.04959160465759471,0.9918801618715251,200,0.7762180141275019,0.7766169081979998,0.0015915017513487746,0.7730986706948583,0.7793373575601455,0.9928435956204628,0.9926009115445656,0.0001639914864233953,0.992522172307073,0.9931650189338526,0.12701541103047517,0.12738535810744828,0.002863352084985216,0.12140324094390414,0.1326275811170462,0.9925788342538098,0.9930874045859364,0.0002866698400901153,0.9920169613672332,0.9931407071403864,0.12898920306345663,0.12987550984562493,0.00378907984311908,0.12156260657094323,0.13641579955597002,0.050555038406532464,0.0503123543306353,0.0001639914864233953,0.05023361509314261,0.05087646171992232,0.0009634337489377487,0.0007207496730405882,0.0001639914864233953,0.0006420104355478939,0.0012848570623276035,0.0010007304856147286,0.0005164526021029694,8.286424436819289e-05,0.0008383165666530706,0.0011631444045763866,-3.7296736676973834e-05,-1.6155067457750554e-05,0.00014682199874248734,-0.000325067854212249,0.0002504743808583013
strong_low_noise,360,0.0001,0.6725033669342569,0.05094239220652001,0.9932309494204503,200,0.672918195695918,0.6730855169389606,0.001545749551304604,0.669888526575361,0.6759478648164751,0.9939854691936525,0.993733830244045,0.00014319261093175993,0.9937048116762263,0.9942661267110787,0.12190307111165204,0.12204778204132663,0.002905489084645162,0.11620831250574752,0.12759782971755657,0.9937488545516424,0.9942880500696252,0.000250966611033535,0.9932569599940166,0.9942407491092682,0.12387398844336499,0.12463543954207662,0.0038074439145066997,0.11641139837093185,0.1313365785157981,0.05169691197972213,0.05144527303011465,0.00014319261093175993,0.05141625446229588,0.05197756949714838,0.0007545197732021563,0.0005028808235946758,0.00014319261093175993,0.0004738622557759069,0.0010351772906284059,0.0007875024212297718,0.00039097818687956585,6.571698276057343e-05,0.0006586971350190479,0.0009163077074404957,-3.298264802765373e-05,4.1031408462147156e-05,0.00013130365533168214,-0.00029033781247775076,0.00022437251642244327
strong_low_noise,360,0.0001274274985703132,0.5770003387111425,0.052100056442899806,0.9943886136568302,200,0.5774852652320933,0.5765610823127336,0.001476917325544742,0.5745905072740256,0.580380023190161,0.9949639051970866,0.9947248054862811,0.00012494525568426912,0.9947190124959454,0.9952087978982277,0.11737990339678334,0.11728089435632967,0.002938689625384848,0.11162007173102903,0.12313973506253764,0.9947554622509575,0.9952952226034724,0.00021816851128870704,0.9943278519688316,0.9951830725330834,0.11934726353118737,0.12046725180896761,0.0038203249279395806,0.1118594266724258,0.12683510038994894,0.05267534798315628,0.052436248272350716,0.00012494525568426912,0.05243045528201511,0.05292024068429745,0.0005752915402564424,0.00033619182945088255,0.00012494525568426912,0.0003303988391152749,0.0008201842413976099,0.0006033200721144584,0.0002983687986077027,5.0643621530573694e-05,0.0005040585739145339,0.0007025815703143828,-2.802853185798984e-05,5.8438997780833276e-05,0.00011718453277323973,-0.0002577102160935397,0.00020165315237756002
strong_low_noise,360,0.00016237767391887175,0.4899408480802734,0.053085318279580504,0.9953738754935109,200,0.4904699529914626,0.4894327164021911,0.0013835260030932084,0.4877582420253999,0.49318166395752533,0.9958007161566563,0.9955518833684983,0.00010883302066554129,0.9955874034361518,0.9960140288771608,0.11344832796963146,0.11301918530445657,0.002964234290560224,0.10763842876013342,0.1192582271791295,0.9956197264742059,0.9961319446609804,0.0001881687564904501,0.9952509157114846,0.9959885372369273,0.11541128668896083,0.11540562311112404,0.0038286413823080115,0.10790714957963714,0.12291542379828453,0.05351215894272591,0.05326332615456797,0.00010883302066554129,0.053298846222221447,0.05372547166323037,0.0004268406631453936,0.0001780078749874514,0.00010883302066554129,0.00021352794264093265,0.0006401533836498545,0.0004499594239496948,0.0002181425191278651,3.793681298394295e-05,0.0003756032705011666,0.000524315577398223,-2.311876080429281e-05,6.461586262790188e-05,0.00010406044339090845,-0.00022707722985047338,0.00018083970824188777
strong_low_noise,360,0.00020691380811147902,0.4117645536368164,0.05391834427435395,0.9962069014882843,200,0.4123124886763364,0.4117160262466578,0.0012686727379725303,0.4098258901099103,0.41479908724276254,0.9965151957145983,0.9963504781185025,9.440924034907397e-05,0.9963301536035142,0.9967002378256825,0.11008607215335302,0.10928870941215804,0.0029834915799818494,0.1042384286565886,0.11593371565011744,0.9963602284054683,0.9968564544340699,0.00016089002041305432,0.9960448839654588,0.9966755728454779,0.11204391861174283,0.11329176888307765,0.003833448720490714,0.10453035911958103,0.11955747810390463,0.0542266385006679,0.05406192090457218,9.440924034907395e-05,0.05404159638958371,0.054411680611752083,0.00030829422631395653,0.00014357663021824507,9.440924034907395e-05,0.0001232521152297716,0.0004933363373981415,0.0003269495636785401,0.00015430472487695552,2.765638160647954e-05,0.0002727430557298402,0.00038115607162723995,-1.8655337364589163e-05,4.681130696468645e-05,9.164126673452634e-05,-0.00019827222016426078,0.00016096154543508245
strong_low_noise,360,0.00026366508987303556,0.3426803051322296,0.054618004377141594,0.9969065615910719,200,0.34322339437381705,0.3426708746829836,0.0011387213860696449,0.34099150045712057,0.34545528829051353,0.9971235567294907,0.9970339129434072,8.134194870353829e-05,0.9969641265100317,0.9972829869489497,0.10725205317394501,0.10648037684907699,0.0029977689921186204,0.10137642594939252,0.11312768039849751,0.9969925994530614,0.9974107029855712,0.00013629548774601893,0.9967254602970792,0.9972597386090436,0.10920438299325315,0.11089647478118914,0.0038357522107542795,0.10168630866017477,0.11672245732633153,0.054834999515560395,0.05474535572947675,8.134194870353829e-05,0.05467556929610146,0.05499442973501933,0.0002169951384188018,0.00012735135233515882,8.134194870353829e-05,5.756491895986677e-05,0.00037642535787773683,0.00023181694327833557,0.00010895856768501064,1.9657523733080577e-05,0.00019328819676149765,0.0002703456897951735,-1.4821804859535786e-05,6.25676097136716e-05,7.982670525934365e-05,-0.0001712821471678493,0.00014163853744877776
strong_low_noise,360,0.0003359818286283774,0.28260290647035285,0.0552016375364756,0.9974901947504059,200,0.28312102628193836,0.2827355409116457,0.001001481728626257,0.2811581220938309,0.2850839304700458,0.9976392631535252,0.997586055672716,6.945877649515114e-05,0.9975031239515948,0.9977754023554557,0.10489323820559938,0.103443028917417,0.0030082210410447394,0.0989971249651517,0.11078935144604707,0.9975299094167244,0.9978719909110126,0.00011436851345991331,0.9973057471303429,0.9977540717031058,0.10683999327535514,0.10877402279371862,0.0038363985450190433,0.09932065212711781,0.11435933442359246,0.055350705939594944,0.05529749845878562,6.945877649515114e-05,0.05521456673766445,0.05548684514152544,0.00014906840311938342,9.586092231006482e-05,6.945877649515114e-05,1.2929201188887203e-05,0.00028520760504987966,0.0001607230924462128,7.52428016868246e-05,1.3654250259511919e-05,0.00013396076193756943,0.00018748542295485618,-1.1654689326870203e-05,7.76860728830093e-05,6.867723425915046e-05,-0.0001462620684748051,0.00012295268982106467
strong_low_noise,360,0.00042813323987193956,0.23115365526738332,0.05568507183263627,0.9979736290465666,200,0.23163173999615744,0.2313452966832536,0.0008645341307112358,0.2299372530999634,0.23332622689235147,0.9980737506886966,0.9980363741341561,5.871181178476759e-05,0.9979586755375985,0.9981888258397947,0.10295101697237846,0.10099185894266732,0.003015807416801114,0.09704003443544827,0.10886199950930865,0.9979833993552826,0.9982615870232003,9.50778929198597e-05,0.9977970466851597,0.9981697520254055,0.1048924346504548,0.10627250884187739,0.0038360381803557004,0.09737379981695762,0.11241106948395196,0.05578519347476625,0.05574781692022579,5.871181178476759e-05,0.055670118323668104,0.0559002686258644,0.0001001216421299822,6.274508758952191e-05,5.871181178476759e-05,-1.495350896816227e-05,0.00021519679322812667,0.00010922790117980254,5.130682468229863e-05,9.292566980874444e-06,9.101446989728863e-05,0.00012744133246231644,-9.106259049829514e-06,5.6115879584693235e-05,5.8334863843176984e-05,-0.0001234425921824564,0.00010523007408279737
strong_low_noise,360,0.0005455594781168515,0.18771085380638997,0.05608270521741203,0.9983712624313423,200,0.18813945749970062,0.18787275529230987,0.0007340904829749415,0.18670064015306975,0.1895782748463315,0.9984371205170431,0.9984161152793594,4.911204635172046e-05,0.9983408609061938,0.9985333801278925,0.10136627982872859,0.09917804054971123,0.00302128867260181,0.09544455403042904,0.10728800562702814,0.9983631536438025,0.9985776114101417,7.834811541948678e-05,0.9982095913375802,0.9985167159500247,0.10330280278150143,0.105280036710316,0.0038351343100686388,0.0957859395337669,0.11081966602923596,0.05614856330311277,0.05612755806542907,4.911204635172046e-05,0.0560523036922634,0.05624482291396214,6.5858085700779e-05,4.485284801708511e-05,4.911204635172046e-05,-3.0401525148593105e-05,0.0001621176965501511,7.294886874127169e-05,3.400473679296233e-05,6.212838163276316e-06,6.077170594125011e-05,8.512603154129327e-05,-7.090783040538347e-06,3.631237975290615e-05,4.8945442867104364e-05,-0.0001030238510600629,8.88422849789862e-05
strong_low_noise,360,0.0006951927961775591,0.1514871290681091,0.056407556545518704,0.998696113759449,200,0.15186204135746562,0.1516373139919805,0.0006144828051745419,0.15065765505932352,0.1530664276556077,0.9987385981263978,0.9987247598401764,4.0672759462132315e-05,0.9986588795178519,0.9988183167349436,0.1000829615084946,0.09748964079199665,0.0030252452576237394,0.09415348080355207,0.10601244221343714,0.9986785180034048,0.9988564131761613,6.404585328230163e-05,0.9985529881309715,0.9988040478758381,0.10201514543015122,0.10416703101128001,0.003833994733693002,0.09450051575211293,0.10952977510818951,0.05645004091246731,0.056436202626246046,4.0672759462132315e-05,0.05637032230392153,0.05652975952101309,4.2484366948654095e-05,2.8646080727390277e-05,4.0672759462132315e-05,-3.7234241597125236e-05,0.00012220297549443343,4.799800938502021e-05,2.2217769216520708e-05,4.091259128871063e-06,3.997914149243293e-05,5.601687727760749e-05,-5.513642436417055e-06,2.6568968337779607e-05,4.060881649518785e-05,-8.510692276698523e-05,7.407963789415112e-05
strong_low_noise,360,0.0008858667904100832,0.12161127043331371,0.05667127816157233,0.9989598353755027,200,0.12193250890622903,0.12174459746597627,0.0005081609112854457,0.12093651352010956,0.1229285042923485,0.9989867353106994,0.99897940378129,3.33776429977407e-05,0.9989213151304238,0.9990521554909749,0.09905017236968065,0.09600447773665569,0.0030281074926531136,0.09311508168408054,0.10498526305528076,0.9989382553140129,0.9990900006825973,5.198357410169374e-05,0.9988363675087736,0.9990401431192523,0.10097861076857313,0.10298654457136416,0.0038328098795600597,0.09346630340463541,0.10849091813251086,0.056698178096768984,0.05669084656735973,3.33776429977407e-05,0.056632757916493415,0.05676359827704455,2.689993519662037e-05,1.956840578737351e-05,3.33776429977407e-05,-3.85202450789514e-05,9.232011547219214e-05,3.1186687648061576e-05,1.4301023456259434e-05,2.6600161048425567e-06,2.5973056082570164e-05,3.640031921355299e-05,-4.2867524514130384e-06,1.881765900090011e-05,3.336005508346208e-05,-6.967246041499871e-05,6.109895551217264e-05
strong_low_noise,360,0.0011288378916846883,0.09719915359832665,0.05688415808181591,0.9991727152957462,200,0.09746972047169646,0.09731396802450146,0.00041599757976491406,0.09665436521535722,0.09828507572803569,0.9991894333823794,0.999191155783433,2.7172044521836962e-05,0.9991361761751166,0.9992426905896422,0.09822320769666933,0.09496830423009542,0.0030301876524810503,0.09228403989780647,0.10416237549553219,0.9991505267983655,0.9992728013194209,4.1934613150911014e-05,0.9990683349565896,0.9992327186401413,0.10014847939143717,0.10202002612839484,0.0038316877035202332,0.09263837149253752,0.10765858729033682,0.05690087616844897,0.05690259856950258,2.7172044521836962e-05,0.056847618961186175,0.05695413337571177,1.6718086633065178e-05,1.8440487686677276e-05,2.7172044521836962e-05,-3.653912062973527e-05,6.997529389586562e-05,2.005297871409387e-05,9.143929823608105e-06,1.7112489580378242e-06,1.6698930756339733e-05,2.3407026671848007e-05,-3.3348920810288796e-06,1.4745684472069628e-05,2.717308428991407e-05,-5.659413728926045e-05,4.9924353127202696e-05
strong_low_noise,360,0.00143844988828766,0.07740642412046492,0.05705514133317371,0.999343698547104,200,0.07763112425060874,0.07750314575294928,0.000337713871108498,0.07696920506323608,0.0782930434379814,0.9993538854702725,0.9993585026830023,2.1968741196959603e-05,0.9993108267375265,0.9993969442030185,0.09756376133976666,0.09423133445462677,0.0030317090640246823,0.09162161157427828,0.10350591110525503,0.9993228012633176,0.999420042662748,3.3652507695754654e-05,0.999256842348234,0.9993887601784013,0.09948639880529626,0.10125068209147156,0.0038306817013175217,0.09197826267071392,0.10699453493987861,0.057065328256342064,0.0570699454690719,2.1968741196959603e-05,0.05702226952359602,0.05710838698908811,1.0186923168378215e-05,1.4804135898216497e-05,2.1968741196959603e-05,-3.28718095776626e-05,5.3245655914419034e-05,1.2783817090141205e-05,5.8023498026779e-06,1.0913557338732803e-06,1.0644759851749575e-05,1.4922874328532834e-05,-2.596893921786552e-06,1.2338908949528982e-05,2.197568191518133e-05,-4.566923047554196e-05,4.047544263196886e-05
strong_low_noise,360,0.0018329807108324375,0.061461986420234115,0.05719188584408633,0.9994804430580166,200,0.06164646789813056,0.06154036669941212,0.00027229624624618555,0.06111276725548804,0.06218016854077308,0.99948651159615,0.9994905787270747,1.765974441620925e-05,0.9994518984970943,0.9995211246952057,0.09703963339635399,0.09364949426030074,0.0030328300640810207,0.0910952864707552,0.10298398032195279,0.9994617671960045,0.9995403048049494,2.68890574433675e-05,0.9994090646434155,0.9995144697485936,0.09896010717638638,0.10064015989105672,0.003829811519219081,0.09145367659871699,0.10646653775405578,0.05719795438221964,0.0572020215131443,1.765974441620925e-05,0.05716334128316387,0.05723256748127541,6.0685381333375195e-06,1.0135669057997898e-05,1.7659744416209246e-05,-2.85445609224326e-05,4.068163718910764e-05,8.092944456973374e-06,3.6594150067812783e-06,6.911092455874552e-07,6.738370335621962e-06,9.447518578324785e-06,-2.0244063236734905e-06,9.306163387796802e-06,1.7667295615347893e-05,-3.665230572975536e-05,3.260349308240838e-05
strong_low_noise,360,0.002335721469090121,0.04868505844455577,0.05730085328278702,0.9995894104967173,200,0.048835123539512304,0.048736535505148434,0.0002183397333893406,0.048407177662069194,0.049263069416955414,0.999592925161624,0.9995970644543536,1.4128454092737837e-05,0.9995652333916022,0.9996206169316458,0.09662415701558831,0.09319072753505377,0.003033662511746418,0.09067817849256533,0.10257013553861129,0.9995732852462558,0.9996374777025115,2.1408185496143015e-05,0.9995313252026833,0.9996152452898283,0.09854287111710196,0.10001512263906806,0.00382907716689099,0.09103787986999562,0.1060478623642083,0.05730436794769377,0.057308507240423245,1.4128454092737839e-05,0.05727667617767201,0.05733205971771554,3.514664906769105e-06,7.653957636244435e-06,1.4128454092737839e-05,-2.417710511499706e-05,3.120643492853527e-05,5.0944709893857335e-06,2.2965700091725644e-06,4.351556521557495e-07,4.241565911160464e-06,5.947376067611003e-06,-1.5798060826332888e-06,7.609819317768635e-06,1.4134782004767389e-05,-2.9283978811977373e-05,2.6124366646710794e-05
strong_low_noise,360,0.002976351441631313,0.038489980258614366,0.0573874258814555,0.9996759830953859,200,0.038611145002500305,0.03852397715524599,0.0001742976467203272,0.03826952161492846,0.03895276839007215,0.9996779414700981,0.9996821776457039,1.1259387199429947e-05,0.9996558730711873,0.999700009869009,0.09629550282629473,0.09282937013608275,0.0030342854845371815,0.09034830327660186,0.1022427023759876,0.9996623896985456,0.9997143944704489,1.699484773264539e-05,0.9996290797969896,0.9996956996001016,0.09821279685600272,0.09951498407973826,0.0038284683021631446,0.09070899898376296,0.10571659472824248,0.057389384256167644,0.05739362043177354,1.1259387199429947e-05,0.05736731585725676,0.05741145265507853,1.958374712132671e-06,6.194550318028291e-06,1.1259387199429947e-05,-2.0110024198750024e-05,2.4026773623015367e-05,3.1924242713616536e-06,1.4356116715208312e-06,2.7274001855369935e-07,2.657853834996403e-06,3.7269947077269042e-06,-1.2340495592071066e-06,6.166924984597297e-06,1.1264132473962466e-05,-2.331174920817354e-05,2.0843650089759327e-05
strong_low_noise,360,0.003792690190732238,0.03038293117992556,0.057456037065360045,0.9997445942792904,200,0.03048018150672836,0.030405557940000008,0.0001386447971278935,0.030208437704357688,0.03075192530909903,0.9997456227642787,0.9997495146173229,8.944714871487879e-06,0.9997280911231305,0.9997631544054268,0.09603596316938243,0.09254496671454296,0.003034755112971164,0.09008784314795895,0.1019840831908059,0.9997333312995614,0.9997748087930391,1.3459537077594213e-05,0.9997069506068893,0.9997597119922336,0.09795211810991183,0.09912073140032837,0.0038279699942014504,0.090449296921277,0.10545493929854667,0.05745706555034836,0.05746095740339252,8.944714871487879e-06,0.057439533909200244,0.057474597191496474,1.0284849882952195e-06,4.92033803245473e-06,8.944714871487879e-06,-1.6503156159821024e-05,1.856012613641146e-05,1.993270940625111e-06,8.94606092793832e-07,1.7031760971462726e-07,1.6594484255844415e-06,2.3270934556657804e-06,-9.647859523111607e-07,4.751530449306159e-06,8.948062014406017e-06,-1.8502987500546954e-05,1.6573415595924633e-05
strong_low_noise,360,0.004832930238571752,0.02395397516105189,0.05751030461832256,0.9997988618322529,200,0.02403166251092503,0.023969180688729996,0.00010997216419096284,0.023816117069110743,0.024247207952739318,0.9997993479709733,0.9998025198533336,7.087906635171173e-06,0.9997854556739684,0.9998132402679781,0.0958312758676258,0.09232126948145877,0.0030351115033112486,0.08988245732113576,0.10178009441411584,0.9997896478363169,0.9998225958665004,1.063946085169803e-05,0.9997687944930476,0.9998105011795861,0.09774652142371806,0.0988102473802592,0.003827566106202866,0.09024449185556045,0.10524855099187568,0.057510790757042865,0.05751396263940317,7.087906635171173e-06,0.05749689846003793,0.0575246830540478,4.861387203475287e-07,3.6580210806547164e-06,7.087906635171173e-06,-1.3406158284587968e-05,1.4378435725283027e-05,1.24095818743358e-06,5.560899635723763e-07,1.0604773006457955e-07,1.033104636507004e-06,1.4488117383601559e-06,-7.548194671308295e-07,3.5529329982385422e-06,7.090179066913304e-06,-1.4651570438280905e-05,1.3141931504019247e-05
strong_low_noise,360,0.006158482110660254,0.01886692948367171,0.057553157925522076,0.9998417151394524,200,0.01892875644676588,0.01887726381102717,8.70327086797777e-05,0.018758172337753516,0.019099340555778242,0.9998418950540371,0.9998444585763442,5.605179116281795e-06,0.9998309089029692,0.999852881205105,0.09567001785654458,0.09214540702320674,0.0030353835516719278,0.0897206660952676,0.10161936961782156,0.9998342490153925,0.9998603545255587,8.397515379221929e-06,0.9998177898852493,0.9998507081455358,0.09758454009938282,0.09856591857883364,0.003827241141262081,0.09008314746250914,0.1050859327362565,0.057553337840106654,0.05755590136241384,5.605179116281795e-06,0.05754235168903874,0.05756432399117457,1.7991458457988774e-07,2.743436891772255e-06,5.605179116281795e-06,-1.0806236483332431e-05,1.1166065652492207e-05,7.708176533414149e-07,3.449861059906877e-07,6.58773224507018e-08,6.416981013380393e-07,8.999372053447905e-07,-5.909030687698297e-07,2.678165055535882e-06,5.606682873302805e-06,-1.1580001500443329e-05,1.0398195362903668e-05
strong_low_noise,360,0.00784759970351459,0.014848707226422436,0.05758695398212731,0.9998755111960577,200,0.014897765641991545,0.014855819411748654,6.875528714881808e-05,0.014763005279179862,0.015032526004803228,0.9998755263073797,0.999877584770452,4.42547724790921e-06,0.9998668523719738,0.9998842002427857,0.09554308006416207,0.09200720370996582,0.003035592271664195,0.08959331921170025,0.10149284091662389,0.9998695050490153,0.999890147062606,6.619996089175639e-06,0.9998565298566805,0.9998824802413501,0.09745702866142432,0.09837376349952903,0.0038269811377006774,0.089956145631531,0.10495791169131764,0.05758696909344943,0.057589027556521566,4.425477247909208e-06,0.05757829515804353,0.05759564302885533,1.511132211529098e-08,2.073574394245714e-06,4.42547724790921e-06,-8.658824083786761e-06,8.689046728017342e-06,4.779220832150576e-07,2.1368843352663287e-07,4.084819229907381e-08,3.9785962630887296e-07,5.579845401212423e-07,-4.628107610955688e-07,2.0331061438927554e-06,4.426454608867288e-06,-9.138661794475452e-06,8.213040272284315e-06
strong_low_noise,360,0.01,0.01167912193619627,0.057613579539778075,0.9999021367537084,200,0.011717957355557633,0.011684779111252486,5.423953579414299e-05,0.011611647865401113,0.011824266845714153,0.9999020700190338,0.9999037146401868,3.4895890176860237e-06,0.9998952304245591,0.9999089096135084,0.09544322363172546,0.09189862800835072,0.0030357530921237066,0.08949314757116299,0.10139329969228793,0.9998973317935906,0.9999136275245916,5.2137290525691076e-06,0.9998871128846476,0.9999075507025337,0.09735671831628659,0.09822271148388753,0.0038267740028806972,0.08985624127064042,0.10485719536193276,0.05761351280510329,0.05761515742625645,3.4895890176860237e-06,0.05760667321062862,0.057620352399577954,-6.673467478957029e-08,1.5778864783655422e-06,3.4895890176860237e-06,-6.9063291494541765e-06,6.772859799875036e-06,2.9589582567750274e-07,1.3219834297864466e-07,2.529177341326883e-08,2.463239497874958e-07,3.4546770156750965e-07,-3.6263050046551594e-07,1.5528321208860467e-06,3.4902160417721503e-06,-7.20345394233893e-06,6.478192941407899e-06
strong_low_noise,540,1e-12,255.77539171533348,3.461474173207385e-05,0.9423231719556624,200,255.54024187404005,255.5402189913607,0.0005669081807048623,255.53913073400588,255.54135301407422,1.8880233465131806,1.8879737932765819,0.007770047608303046,1.8727940532009066,1.9032526398254546,0.05607403137902686,0.056662828017560916,0.0014189596855601143,0.05329287039532904,0.058855192362724684,1.880270109426526,1.8818609979456213,0.009630028859023825,1.8613952528628392,1.8991449659902127,0.054613744289375016,0.052315437243912216,0.002897165855697677,0.04893529921220757,0.06029218936654246,0.9457347892992501,0.9456852360626514,0.007770047608303046,0.9305054959869762,0.9609640826115241,0.9457001745575181,0.9456506213209194,0.007770047608303046,0.9304708812452441,0.960929467869792,0.9457002002509918,0.9456501581683883,0.007770047610218672,0.9304709069349631,0.9609294935670204,-2.5693469210277164e-08,-3.933524443193086e-08,5.100816199609925e-08,-1.256694667226317e-07,7.428252830207737e-08
strong_low_noise,540,1.2742749857031321e-12,255.71393592241597,3.4614762585059855e-05,0.9423231719765154,200,255.41503794296517,255.41501041652356,0.0007199326271248525,255.413626875016,255.41644901091433,1.8861889321222645,1.8862020138411388,0.007747411164533429,1.871004006239779,1.90137385800475,0.05612652860844794,0.0567436356490973,0.0014190124708344622,0.053345264165612395,0.058907793051283484,1.8784464753015453,1.879773537544133,0.00960587916546063,1.8596189521372424,1.8972739984658482,0.05466943025127281,0.052304210130033585,0.002897182395766064,0.048990952755571325,0.0603479077469743,0.9439003749083344,0.9439134566272084,0.007747411164533429,0.9287154490258489,0.95908530079082,0.9438657601457495,0.9438788418646233,0.007747411164533432,0.928680834263264,0.9590506860282351,0.9438657927480955,0.9438782526071563,0.007747411165066774,0.9286808668645645,0.9590507186316264,-3.260233593162494e-08,-4.908181106403045e-08,6.48850199341701e-08,-1.5977697500259833e-07,9.457230313934847e-08
strong_low_noise,540,1.6237767391887243e-12,255.6357166767569,3.4614796393613034e-05,0.942323172010324,200,255.2560453234671,255.25601282450828,0.0009134249372628921,255.25425501059007,255.25783563634414,1.8838671792086277,1.8839578137858846,0.007718843855909832,1.8687382452510444,1.898996113166211,0.05619318930685198,0.0568461736052754,0.0014190809673826075,0.05341179061078207,0.058974588002921886,1.876138382315626,1.8771326576898484,0.009575404436146743,1.8573705896207784,1.8949061750104734,0.05474013227334247,0.05229013076592561,0.00289720492836385,0.04906161061374932,0.06041865393293562,0.9415786219946973,0.9416692565719542,0.007718843855909832,0.926449688037114,0.9567075559522806,0.9415440071983037,0.9416346417755606,0.007718843855909832,0.9264150732407204,0.956672941155887,0.9415440485192659,0.9416338923975585,0.007718843853441417,0.9264151145665207,0.956672982472011,-4.132095516444257e-08,-6.0863259673895e-08,8.249822754851553e-08,-2.03017481159533e-07,1.2037557083064786e-07
strong_low_noise,540,2.06913808111479e-12,255.5361933694386,3.461485118335522e-05,0.9423231720651137,200,255.05433293218346,255.05429555654007,0.001157582481738337,255.05206407051924,255.05660179384768,1.8809339399863776,1.8811198145345083,0.0076828845706459654,1.8658754862279114,1.8959923937448437,0.056277755012187514,0.0569761387251769,0.0014191702240804306,0.05349618137298987,0.059059328651385155,1.8732224261333297,1.8737980781481087,0.0095370479988528,1.8545298120555782,1.8919150402110811,0.054829812323622926,0.05227255388659684,0.0028972359706098496,0.04915122982122762,0.06050839482601823,0.9386453827724474,0.9388312573205779,0.0076828845706459654,0.9235869290139813,0.9537038365309134,0.9386107679212639,0.9387966424693945,0.0076828845706459654,0.9235523141627978,0.9536692216797299,0.9386108202149305,0.938795689977026,0.007682884562289558,0.9235523664728429,0.9536692739570181,-5.2293665903665716e-08,-7.48517560050883e-08,1.0483013953335838e-07,-2.5776073938904814e-07,1.531734075817167e-07
strong_low_noise,540,2.6366508987303555e-12,255.40961525486748,3.461493992819309e-05,0.9423231721538585,200,254.798721833754,254.79868046540426,0.0014648731733950646,254.79585068233413,254.80159298517387,1.877236608149945,1.8775382024542515,0.007637766936559252,1.8622665849542888,1.8922066313456012,0.05638490787171147,0.05714063334749253,0.0014192871052203695,0.05360310514547955,0.059166710597943394,1.8695469206414372,1.8697546143447195,0.009488929052212505,1.8509486196991007,1.8881452215837737,0.05494342539138691,0.05225073797976279,0.002897279239110437,0.04926475808273045,0.06062209270004337,0.9349480509360145,0.9352496452403213,0.007637766936559253,0.9199780277403584,0.9499180741316706,0.9349134359960862,0.9352150303003931,0.007637766936559253,0.9199434128004301,0.9498834591917423,0.9349135020514397,0.9352138204711287,0.007637766917244741,0.91994347889364,0.9498835252092395,-6.605538156399871e-08,-9.103867353590361e-08,1.331071728569813e-07,-3.2694544036368204e-07,1.9483467723568462e-07
strong_low_noise,540,3.359818286283788e-12,255.24871106543188,3.4615083573934224e-05,0.9423231722975043,200,254.47528632201738,254.47524318026626,0.0018503660356900286,254.47165960458744,254.47891303944732,1.8725894563511263,1.8732148037957694,0.007581387452288022,1.8577299369446418,1.8874489757576107,0.056520478981013825,0.057348460192716715,0.0014194410259506735,0.0537383745701505,0.05930258339187715,1.864927268701585,1.8649443985546774,0.009428809704664528,1.8464468016804425,1.8834077357227275,0.05508713751268545,0.052223864444323156,0.0028973402603530824,0.04940835060239341,0.06076592442297749,0.9303008991371962,0.9309262465818392,0.007581387452288022,0.9154413797307116,0.9451604185436807,0.9302662840536222,0.9308916314982653,0.007581387452288022,0.9154067646471377,0.9451258034601068,0.9302663672917366,0.9308916376798333,0.007581387413210666,0.9154068479618437,0.9451258866216296,-8.323813651919659e-08,-1.0905573986411162e-07,1.6885203333398784e-07,-4.1418812185381275e-07,2.477118488154196e-07
strong_low_noise,540,4.281332398719396e-12,255.04430644497188,3.461531588545841e-05,0.9423231725298158,200,254.06678335416888,254.0667427651561,0.0023320048170387643,254.0622126247275,254.07135408361026,1.86676932093154,1.8681795162627055,0.007511289930971399,1.852047192666836,1.8814914491962438,0.05669168660288406,0.057583724839134494,0.001419645007053219,0.05390918238905975,0.05947419081670837,1.8591416814730561,1.8596213911643062,0.009354080082349725,1.8408076845116508,1.8774756784344615,0.05526857374100578,0.052249292388802285,0.002897427288606243,0.049589616255337546,0.06094753122667401,0.9244807637176093,0.9258909590487752,0.007511289930971399,0.9097586354529054,0.9392028919823133,0.9244461484017239,0.9258563437328897,0.007511289930971399,0.9097240201370199,0.9391682766664279,0.9244462529709984,0.9258549302545771,0.007511289856925958,0.9097241248514235,0.9391683810905732,-1.0456927231994882e-07,-1.2787951823043479e-07,2.1394218565505077e-07,-5.238959562038483e-07,3.1475741156395064e-07
strong_low_noise,540,5.455594781168514e-12,254.7848569886404,3.461569118506924e-05,0.9423231729051154,200,253.5520235471255,253.5519929375713,0.0029307481640288313,253.54627928072398,253.557767813527,1.859512436963321,1.8613683276067217,0.007424679921509593,1.8449600643171622,1.8740648096094796,0.05690739896597275,0.057859061042648985,0.0014199171814446802,0.05412436129034118,0.059690436641604325,1.851928046346452,1.8519038226749722,0.00926177647245517,1.83377496446044,1.870081128232464,0.05549708948950081,0.05236229865702597,0.0028975526700023096,0.04981788625629628,0.06117629272270533,0.9172238797493903,0.9190797703927913,0.007424679921509593,0.9026715071032315,0.9317762523955492,0.9171892640582052,0.9190451547016063,0.007424679921509593,0.9026368914120464,0.931741636704364,0.9171893949121422,0.9190462553396261,0.007424679786339274,0.9026370225309173,0.9317417672933672,-1.3085393399882208e-07,-1.453573501550218e-07,2.706722816374713e-07,-6.613716060082658e-07,3.996637380106217e-07
strong_low_noise,540,6.951927961775591e-12,254.45588555899906,3.461629665342525e-05,0.9423231735105838,200,252.905214062182,252.9052050577356,0.003670466273366653,252.89801994828622,252.9124081760778,1.8505136321818083,1.8512186331089828,0.007318487222636474,1.836169397225441,1.8648578671381757,0.05717840957585134,0.05820407068724388,0.0014202829243428923,0.05439465504413927,0.05996216410756341,1.8429831473417306,1.8431150364910827,0.009148652384600126,1.8250517886679143,1.860914506015547,0.055784051049561946,0.05268580699319915,0.0028977348350801737,0.05010449077280481,0.061463611326319084,0.9082250749678781,0.9089300758950525,0.007318487222636474,0.8938808400115106,0.9225693099242456,0.9081904586712247,0.908895459598399,0.007318487222636475,0.8938462237148572,0.9225346936275922,0.9081906216018549,0.908901274879706,0.007318486981479894,0.8938463871181543,0.9225348560855555,-1.6293063861838826e-07,-1.574687261563701e-07,3.418160555203841e-07,-8.328901074383411e-07,5.070288302015646e-07
strong_low_noise,540,8.858667904100833e-12,254.03931582015161,3.461727177030832e-05,0.9423231744857007,200,252.0953282823805,252.09557727139241,0.004577450170211451,252.0863564800469,252.1043000847141,1.8394295396695883,1.8386001604214381,0.007189497634608753,1.8253381243057551,1.8535209550334215,0.057517703475488756,0.05860962142345283,0.0014207778129724958,0.05473297896206267,0.060302427988914845,1.831965891155467,1.830762574818925,0.009011325806562897,1.8143036925746037,1.8496280897363304,0.056143100444278386,0.05325636490322337,0.0028980011403415026,0.05046301820920904,0.061823182679347735,0.897140982455658,0.8963116032075078,0.007189497634608753,0.8830495670918248,0.9112323978194912,0.8971063651838875,0.8962769859357375,0.007189497634608755,0.8830149498200544,0.9111977805477207,0.8971065667675359,0.8962815919837691,0.007189497210756899,0.8830151522344524,0.9111979813006194,-2.0158366265653582e-07,-1.9178446868875901e-07,4.3068012851762986e-07,-1.0457167145510903e-06,6.425493892380187e-07
strong_low_noise,540,1.1288378916846884e-11,253.51270112608827,3.46188388193544e-05,0.9423231760527497,200,251.0855892697409,251.0865454658321,0.005679368088626373,251.07445770828718,251.0967208311946,1.8258878718780867,1.8237394628854813,0.0070345738381351434,1.8121001071553418,1.8396756366008316,0.057940680906789915,0.058889930086692105,0.001421451628205191,0.055154635715507744,0.06072672609807209,1.818506573009114,1.8175078745236442,0.008846524622214327,1.8011673847495737,1.835845761268654,0.056590366400394936,0.05400295881375304,0.002898391789711694,0.050909518492560014,0.06227121430822986,0.8835993146641563,0.881450905671551,0.0070345738381351434,0.8698115499414114,0.8973870793869012,0.8835646958253369,0.8814162868327317,0.0070345738381351434,0.869776931102592,0.8973524605480818,0.8835649432158033,0.8814220726379974,0.007034573101018611,0.8697771799378068,0.8973527064937997,-2.4739046349941796e-07,-2.680452653414864e-07,5.411382914288879e-07,-1.3080215147000383e-06,8.132405877012023e-07
strong_low_noise,540,1.4384498882876659e-11,252.84836111467573,3.4621350321943634e-05,0.9423231785642523,200,249.83319093384117,249.8353311249159,0.0070035143593857535,249.81946404569678,249.84691782198556,1.809504897733715,1.8058901325564247,0.006850975661326503,1.796076985437515,1.822932810029915,0.0584652917579195,0.059235426901699584,0.0014223735490185867,0.05567743960184307,0.06125314391399593,1.8022243147242865,1.8011119728984075,0.008651441516330646,1.7852674893522784,1.8191811400962945,0.057144568762913434,0.05492635017978115,0.0028989650084338464,0.051462597346383095,0.06282654017944378,0.8672163405197844,0.8636015753424943,0.006850975661326503,0.8537884282235844,0.8806442528159844,0.8671817191694625,0.8635669539921723,0.006850975661326503,0.8537538068732625,0.8806096314656625,0.867182019647473,0.8635639774536725,0.0068509743902936725,0.8537541098424974,0.8806099294524485,-3.0047801573684407e-07,-3.0331828762475353e-07,6.776305620765825e-07,-1.6286339174069456e-06,1.0276778859332576e-06
strong_low_noise,540,1.8329807108324375e-11,252.0124602031819,3.462536196213728e-05,0.9423231825758924,200,248.28941553380187,248.29252113694588,0.008574266096438847,248.27260997225287,248.30622109535088,1.7899127639794505,1.7861809658211416,0.006636767851602397,1.77690469899031,1.8029208289685912,0.059112023227078155,0.05967925682104981,0.0014236384966264727,0.05632169177369027,0.06190235468046604,1.7827543076825694,1.7809409749767222,0.008424184841467744,1.7662429053932927,1.799265709971846,0.057826951858331525,0.05606063180938842,0.0028998034539397034,0.05214333708860971,0.06351056662805335,0.8476242067655204,0.8438924086072114,0.006636767851602397,0.8346161417763798,0.8606322717546611,0.8475895814035583,0.8438577832452493,0.006636767851602397,0.8345815164144177,0.860597646392699,0.8475899415661985,0.8438517631829673,0.0066367656779195965,0.8345818808374761,0.8605980022949209,-3.6016264203010733e-07,-3.1117754089867213e-07,8.451076058417924e-07,-2.0165735494800203e-06,1.2962482654198057e-06
strong_low_noise,540,2.3357214690901212e-11,250.96409540799655,3.463174312878098e-05,0.9423231889570591,200,246.40032568581228,246.4028017080973,0.010409813794807835,246.37992245077444,246.4207289208501,1.766796859092832,1.7646641779147896,0.006391267650103479,1.7542699744986292,1.7793237436870348,0.059903679529887184,0.06063737824221241,0.0014253741748678189,0.05710994614714626,0.0626974129126281,1.7597850536169266,1.7564614835198462,0.008164271098609484,1.743783082263652,1.7757870249702012,0.05866097928701729,0.05708529974138448,0.0029010214601353237,0.052974977225152056,0.06434698134888252,0.8245083018789013,0.8223756207008592,0.006391267650103479,0.8119814172846985,0.8370351864731042,0.8244736701357727,0.8223409889577304,0.006391267650103479,0.8119467855415698,0.8370005547299755,0.8244740945960869,0.8223425235329513,0.006391263967642862,0.8119472172195069,0.8370009719726669,-4.244603096132092e-07,-3.966854039291117e-07,1.0488995961722048e-06,-2.4803035181107306e-06,1.6313828988843119e-06
strong_low_noise,540,2.976351441631313e-11,249.65450748010358,3.4641841556035113e-05,0.9423231990554863,200,244.10819562230856,244.1139485903488,0.012518461464508765,244.08365943783812,244.132731806779,1.739940858798501,1.7369762338346124,0.006115441553266019,1.7279545933540996,1.7519271242429024,0.060864902737233474,0.06188425060005203,0.0014277476527581167,0.05806651733782756,0.06366328813663938,1.733103241818851,1.7309712446223313,0.007873054761683056,1.7176720544859523,1.7485344291517497,0.059671736128345164,0.05809345886769364,0.002902772078907468,0.05398230285368653,0.0653611694030038,0.7976523015845706,0.7946876766206821,0.006115441553266019,0.7856660361401692,0.809638567028972,0.7976176597430146,0.7946530347791261,0.006115441553266019,0.7856313942986132,0.809603925187416,0.7976181492309018,0.794669444856996,0.006115435388470839,0.785631895869499,0.8096044025923046,-4.894878750089446e-07,-6.028715515766732e-08,1.2944914231595816e-06,-3.0266910644017244e-06,2.0477153143838353e-06
strong_low_noise,540,3.7926901907322536e-11,248.02658860827123,3.4657723270999086e-05,0.9423232149372014,200,241.35378221130853,241.35991471851307,0.014895050873255627,241.32458791159695,241.3829765110201,1.7092737066767985,1.7058672834527648,0.005812128946750551,1.6978819339411673,1.7206654794124296,0.062021413331739744,0.06306718907296621,0.0014309693497479882,0.05921671340623369,0.0648261132572458,1.7026405208255637,1.6994284455989244,0.007553952844566461,1.6878347732502135,1.717446268400914,0.0608850210682732,0.0598531624913749,0.00290525205566489,0.05519072703917001,0.06657931509737638,0.7669851494628681,0.7635787262388344,0.005812128946750551,0.755593376727237,0.7783769221984992,0.7669504917395968,0.7635440685155633,0.005812128946750551,0.7555587190039658,0.7783422644752279,0.7669510405794026,0.7635325512179032,0.005812118784121022,0.7555592877625253,0.7783427933962798,-5.48839800842329e-07,1.5663688874668908e-07,1.587195329801728e-06,-3.659742647253716e-06,2.562063045569058e-06
strong_low_noise,540,4.832930238571752e-11,246.01492578448696,3.4682513095990464e-05,0.9423232397270264,200,238.07941317608106,238.08110341245583,0.017518250482924002,238.04507740513452,238.1137489470276,1.6749095682310582,1.6698713837454435,0.005485977416754967,1.6641570524942184,1.685662083967898,0.06339899820079928,0.06432219512215567,0.0014352912154407178,0.06058582741853547,0.06621216898306309,1.668513210083737,1.666234262882246,0.007212327712525787,1.6543770477671864,1.6826493724002876,0.062326171043068486,0.062121064617679744,0.002908702084871236,0.056625114956720866,0.06802722712941611,0.7326210110171277,0.7275828265315131,0.005485977416754968,0.721868495280288,0.7433735267539675,0.7325863285040317,0.727548144018417,0.005485977416754968,0.7218338127671919,0.7433388442408715,0.7325869216256984,0.7275575021704983,0.005485960992438047,0.7218344380805198,0.7433394051708769,-5.931216743538996e-07,9.817541767848254e-08,1.93172821346848e-06,-4.379308972752121e-06,3.1930656240443216e-06
strong_low_noise,540,6.158482110660255e-11,243.54667632170757,3.4720862379190864e-05,0.9423232780763096,200,234.232701508074,234.2335868910434,0.020349441744052135,234.19281660225565,234.27258641389236,1.6371703453873345,1.6327437472729125,0.005143042754844359,1.6270899815878397,1.6472507091868294,0.06502233441876694,0.06615390002545046,0.001440995254176998,0.062197983720580025,0.06784668511695385,1.6310445453818507,1.6287137942339849,0.006854971026340468,1.6176088021702235,1.644480288593478,0.06401873465775075,0.06472923337360983,0.0029133993922553247,0.058308471848930316,0.06972899746657119,0.6948817881734043,0.6904551900589821,0.005143042754844359,0.6848014243739093,0.7049621519728992,0.6948470673110251,0.6904204691966029,0.005143042754844359,0.6847667035115301,0.70492743111052,0.694847677246068,0.6903794042033222,0.0051430168628121475,0.6847673641949562,0.7049279902971798,-6.099350445021841e-07,8.325160005700409e-07,2.3317218404871334e-06,-5.180109851856965e-06,3.960239762852597e-06
strong_low_noise,540,7.847599703514623e-11,240.5435945427909,3.477956662389231e-05,0.9423233367805542,200,229.77052181141838,229.76279846927122,0.023333669370243847,229.7247878194527,229.81625580338405,1.5965821499284676,1.593325804065697,0.004790128275950562,1.5871934985076044,1.6059708013493308,0.06691379253319703,0.06827348362424562,0.0014483691300351458,0.06407498903832815,0.06975259602806591,1.5907608647729767,1.5936723586721173,0.006489279144495594,1.5780418776497653,1.6034798518961881,0.06598317687934964,0.06760956795835874,0.002919640469043378,0.06026068156002462,0.07170567219867466,0.654293592714537,0.6510372468517667,0.004790128275950562,0.6449049412936739,0.6636822441354001,0.6542588131479131,0.6510024672851428,0.004790128275950562,0.64487016172705,0.6636474645687762,0.6542593978406666,0.6509834287488245,0.004790088678146371,0.6448708240314996,0.6636479716498335,-5.846927570546262e-07,2.2345086332272757e-06,2.7892145199051523e-06,-6.051553216068724e-06,4.8821677019594716e-06
strong_low_noise,540,1e-10,236.92548021683263,3.486834305013037e-05,0.9423234255569805,200,224.66276475783954,224.65409214497805,0.026402658955332538,224.6110155462871,224.714513969392,1.5538425408523044,1.551160588254985,0.004434058841063227,1.5451517855238206,1.5625332961807883,0.06909239294847107,0.07051361258045065,0.0014576681440467754,0.06623536338613939,0.07194942251080275,1.5483585600854852,1.5519093865247042,0.006122362683938147,1.5363587292249665,1.560358390946004,0.06823583076640263,0.06849796144500697,0.0029277140416389138,0.06249751124479036,0.0739741502880149,0.6115539836383739,0.6088720310410548,0.004434058841063227,0.6028632283098899,0.6202447389668578,0.6115191152953239,0.6088371626980047,0.004434058841063227,0.6028283599668399,0.6202098706238078,0.6115196179243495,0.60885111012067,0.004434000420913376,0.6028289770993592,0.6202102587493398,-5.02629020288407e-07,9.373319220770051e-07,3.3041846477941658e-06,-6.978830929964972e-06,5.973572889388158e-06
strong_low_noise,540,1.274274985703132e-10,232.61516401303626,3.500075451192547e-05,0.9423235579684422,200,218.89537124575182,218.89296830776468,0.029479420932440208,218.83759158072422,218.9531509107794,1.5097628021825944,1.5051288453230232,0.004081123047384162,1.5017638010097214,1.5177618033554674,0.07157307852852772,0.07343354540610536,0.0014690673996137504,0.06869370642528477,0.07445245063177067,1.504646117317763,1.5045824971936423,0.005760387354738608,1.4933557581024752,1.5159364765330507,0.07078829367839927,0.06961144670806836,0.0029378678146846793,0.06503007276161729,0.07654651459518125,0.5674742449686639,0.5628402881090928,0.004081123047384162,0.5594752437957909,0.5754732461415369,0.567439244214152,0.5628052873545809,0.004081123047384162,0.559440243041279,0.575438245387025,0.5674395963968835,0.5627850483603024,0.0040810403641446955,0.5594407572831599,0.575438435510607,-3.521827363109902e-07,-1.3572212571425284e-07,3.874183940406056e-06,-7.945583259506859e-06,7.2412177868848785e-06
strong_low_noise,540,1.6237767391887175e-10,227.5448673442849,3.5195232036148993e-05,0.9423237524459664,200,212.47225379848607,212.4712114618024,0.03248364330308707,212.40858585761202,212.5359217393601,1.465196158665683,1.4621095827504123,0.0037368239533076414,1.4578719837172,1.472520333614166,0.07436641336859828,0.07643123369352467,0.0014826130864435548,0.07146049171916892,0.07727233501802765,1.4604722194259052,1.4596637281439802,0.005408331642859429,1.4498718894059008,1.4710725494459096,0.07364739321499517,0.07247767437751487,0.002950275816850567,0.06786485261396806,0.07942993381602227,0.5229076014517525,0.5198210255364819,0.0037368239533076414,0.5155834265032695,0.5302317764002356,0.5228724062197165,0.5197858303044458,0.0037368239533076414,0.5155482312712335,0.5301965811681996,0.5228725357697585,0.5197991956571575,0.003736712302473372,0.5155485796569106,0.5301964918826063,-1.2955003908971426e-07,-1.4774009279038846e-06,4.494111632703613e-06,-8.938008839188795e-06,8.678908761009366e-06
strong_low_noise,540,2.0691380811147902e-10,221.66340283061828,3.547610804970763e-05,0.94232403332198,200,205.41590717319005,205.40982449715142,0.035337016090203996,205.34664662165326,205.48516772472684,1.4209658787745543,1.416408874324606,0.0034058986178959996,1.4142903174834782,1.4276414400656303,0.0774787334050867,0.07923651874194491,0.0014981849872858302,0.07454229083000646,0.08041517598016693,1.4166539399559646,1.4139309744404072,0.005070116800639387,1.4067165110267115,1.4265913688852176,0.07681573697752596,0.07533856937505165,0.002965014160597593,0.07100430922275468,0.08262716473229724,0.4786773215606236,0.4741203171106756,0.0034058986178959996,0.47200176026954743,0.48535288285169975,0.4786418454525739,0.47408484100262593,0.0034058986178959996,0.4719662841614977,0.48531740674365004,0.47864168913525873,0.47409755911542695,0.0034057555557087823,0.4719664082460695,0.48531697002444796,1.563173140234784e-07,-2.426743398839393e-06,5.156149009395698e-06,-9.94973474439209e-06,1.0262369372439046e-05
strong_low_noise,540,2.6366508987303556e-10,214.9433066712101,3.58745336633548e-05,0.9423244317475937,200,197.76672870464006,197.76445916697733,0.03796779251748539,197.6923118313058,197.84114557797432,1.3778057455025425,1.3745365966696892,0.0030924227052392104,1.3717445970002737,1.3838668940048113,0.0809126806164429,0.0824213667641614,0.0015154812620999621,0.07794233734272697,0.08388302389015882,1.3739175396926981,1.3720761947279616,0.004748870386559641,1.3646097537350412,1.383225325650355,0.08029273602328464,0.08022412591166983,0.002982050163080751,0.07444791770364637,0.08613755434292292,0.43551718828861213,0.43224803945575885,0.0030924227052392104,0.4294560397863433,0.441578336790881,0.43548131375494875,0.43221216492209547,0.0030924227052392104,0.4294201652526799,0.4415424622572176,0.4354808342610752,0.43223695636574777,0.0030922497723175455,0.4294200247073328,0.4415416438148176,4.79493879010516e-07,-1.0168003111443184e-06,5.849856481104692e-06,-1.098622482395468e-05,1.1945212581975713e-05
strong_low_noise,540,3.3598182862837877e-10,207.38675093619725,3.642912200926829e-05,0.9423249863359396,200,189.58124720201252,189.56779069586645,0.04031417473985275,189.50223141952242,189.66026298450262,1.3363205587519997,1.3332503404640645,0.002799811509312299,1.3308329281937477,1.3418081893102518,0.08466797363725977,0.08618200447775756,0.001534030926175116,0.08166127302195654,0.08767467425256299,1.3328594757468162,1.3296115789499567,0.004447065394431236,1.324143227573731,1.3415757239199013,0.08407588457838966,0.08542099531666095,0.0030012439423303785,0.07819344645142212,0.0899583227053572,0.3940320015380692,0.3909617832501342,0.0027998115093122986,0.3885443709798171,0.39951963209632135,0.3939955724160599,0.3909253541281249,0.0027998115093122986,0.3885079418578078,0.39948320297431206,0.39399477726715404,0.39094087371081776,0.0027996156668919927,0.3885075305600457,0.39948202397426236,7.95148904371642e-07,-2.4056844362462142e-06,6.562421911877094e-06,-1.2067198042907462e-05,1.3657495851650744e-05
strong_low_noise,540,4.281332398719396e-10,199.02910235414777,3.7186133063291105e-05,0.9423257433469936,200,180.92956026145868,180.93025156983333,0.04232641304532486,180.84660049188983,181.01252003102752,1.2969684910657935,1.2941824215204187,0.0025306537452332027,1.2920084097251363,1.3019285724064507,0.08874222431006785,0.08983901616217975,0.0015532312375023507,0.08569789108456324,0.09178655753557247,1.293929317284825,1.28895367172411,0.004166432020105971,1.2857631105254173,1.3020955240442327,0.08816201723493665,0.0893100702253736,0.003022356267708537,0.08223819895022792,0.09408583551964537,0.354679933851863,0.3518938643064884,0.0025306537452332023,0.34971985251120596,0.3596400151925201,0.35464274771879983,0.35185667817342514,0.0025306537452332027,0.34968266637814277,0.3596028290594569,0.35464170644319554,0.35177721898307035,0.0025304479373283928,0.3496820284860319,0.35960138440035916,1.0412756056036203e-06,-6.733932440110176e-07,7.279021080430104e-06,-1.3225605712039383e-05,1.5308156923246624e-05
strong_low_noise,540,5.455594781168515e-10,189.93932912890446,3.819898005653216e-05,0.9423267561939869,200,171.89230133641925,171.91314207718605,0.04396774644154786,171.80612455339383,171.97847811944467,1.2600623450980384,1.257188223157444,0.0022864623651450925,1.255580878862354,1.2645438113337228,0.09313161316577456,0.09387502680832281,0.0015723997698595688,0.09004970961684981,0.09621351671469931,1.257431482438816,1.251202196002986,0.00390773463161655,1.2497723225608475,1.2650906423167845,0.09254827104734399,0.09300180059648029,0.003045055019914245,0.08657996320831207,0.09851657888637591,0.3177737878841081,0.3148996659435137,0.0022864623651450925,0.3132923216484237,0.3222552541197925,0.3177355889040516,0.3148614669634572,0.002286462365145093,0.3132541226683672,0.32221705513973603,0.3177344440860951,0.31483268574587264,0.0022862647514147304,0.3132533651733222,0.32221552299886796,1.1448179574439764e-06,2.276200355245278e-06,7.98319248790837e-06,-1.450223931885643e-05,1.6791875233744382e-05
strong_low_noise,540,6.951927961775591e-10,180.21703997963806,3.952677729067433e-05,0.942328083991221,200,162.55742133233517,162.5959044575215,0.045214440200636766,162.4688010295419,162.64604163512843,1.225784114076039,1.224413185383745,0.0020674951988650632,1.2217318234862635,1.2298364046658146,0.09783128612525059,0.09848014021756643,0.0015908272537698534,0.09471326470786168,0.1009493075426395,1.2235401308317477,1.2183283742747921,0.0036706023666926344,1.2163457501930302,1.2307345114704653,0.09723255808290307,0.09698393774394443,0.0030689152203892305,0.09121748425094017,0.10324763191486597,0.28349555686210864,0.28212462816981476,0.002067495198865063,0.2794432662723331,0.28754784745188416,0.28345603008481796,0.2820851013925241,0.002067495198865063,0.27940373949504244,0.2875083206745935,0.2834549982352399,0.28214490142186716,0.002067326986057163,0.2794030373425679,0.2875069591279119,1.0318495791469687e-06,1.0099943414000733e-06,8.657063514598342e-06,-1.5935994909465782e-05,1.7999694067759722e-05
strong_low_noise,540,8.858667904100832e-10,169.98659146775984,4.1231566782776174e-05,0.9423297887807132,200,153.01700393795312,153.06009654036365,0.04605518692562504,152.9267357715789,153.10727210432734,1.194206740602351,1.1929387891938443,0.0018727659410336243,1.1905361193579251,1.197877361846777,0.10283541563840165,0.10349924609238012,0.0016078186806461148,0.09968409102433526,0.10598674025246804,1.192321129473521,1.1885011134112646,0.0034535601961411975,1.1855521514890843,1.1990901074579576,0.10221348323847951,0.1029933574238172,0.0030934111553901533,0.09615039737391481,0.1082765691030442,0.25191818338842076,0.250650231979914,0.0018727659410336243,0.24824756214399485,0.25558880463284667,0.25187695182163794,0.25060900041313117,0.0018727659410336243,0.24820633057721203,0.25554757306606385,0.2518763116350158,0.2506524256989783,0.001872648240742191,0.24820592108316109,0.2555467021868705,6.401866224721284e-07,5.55134177789091e-06,9.281281839377025e-06,-1.755112578270684e-05,1.8831499027651097e-05
strong_low_noise,540,1.1288378916846883e-09,159.3892097778683,4.3373807967525546e-05,0.9423319310218978,200,143.36426500673804,143.4207093687181,0.04649006888713586,143.27314447171926,143.4553855417568,1.1653179951166341,1.1640481240358413,0.0017002779346135827,1.1619854503647915,1.1686505398684768,0.10813695287122392,0.10899918345951881,0.0016227157384585424,0.10495643002384518,0.11131747571860266,1.1637560826034659,1.1606964097106112,0.0032542914389565767,1.157377671383111,1.1701344938238207,0.10748977606938998,0.10796903127634638,0.003117901342061217,0.10137868943895,0.11360086269982995,0.22302943790270396,0.221759566821911,0.001700277934613583,0.21969689315086133,0.2263619826545466,0.22298606409473648,0.22171619301394352,0.001700277934613583,0.21965351934289384,0.22631860884657912,0.2229861323152863,0.22188613402736695,0.0017002284275245232,0.21965368459733822,0.22631858003323438,-6.822055007869241e-08,4.915693837751135e-06,9.834714464220636e-06,-1.934426089995114e-05,1.9207819799793755e-05
strong_low_noise,540,1.4384498882876659e-09,148.5742984112094,4.6005811810141684e-05,0.9423345630257405,200,133.69083228028816,133.74488779473913,0.046529185617260535,133.59963507647834,133.782029484098,1.1390431376478785,1.1377093621589527,0.0015474229698323153,1.136010188627007,1.1420760866687498,0.11372714335139036,0.11433344128754869,0.0016349003925449589,0.11052273858200225,0.11693154812077848,1.1377651417386563,1.1351805206489205,0.003070059100736844,1.1317478259012121,1.1437824575761004,0.11305938364924112,0.11306975851218964,0.0031416095697695897,0.10690182889249272,0.11921693840598951,0.1967545804339482,0.19542080494502245,0.0015474229698323153,0.19372163141307686,0.19978752945481953,0.19670857462213806,0.19537479913321232,0.0015474229698323153,0.19367562560126672,0.1997415236430094,0.19670967272219733,0.1955436558830065,0.0015474531203582688,0.19367666460629512,0.19974268083809954,-1.0981000596426105e-06,3.2088865794097255e-06,1.0294385613503289e-05,-2.1275095862109055e-05,1.9078895742823833e-05
strong_low_noise,540,1.8329807108324374e-09,137.69103220091984,4.9163220129884444e-05,0.9423377204340603,200,124.08437181378649,124.13351964600886,0.04619098184688311,123.9938374893666,124.17490613820638,1.1152647367733104,1.1142007224146773,0.0014114283227127835,1.1124983372607933,1.1180311362858275,0.11959485545032092,0.12007196246873747,0.0016437840690892668,0.11637303867490596,0.12281667222573588,1.1142269774767726,1.112813271752097,0.0028981673652857904,1.1085465694408123,1.1199073855127328,0.11891834685533319,0.11849505583269926,0.003163611228467893,0.11271766884753612,0.12511902486313026,0.17297617955938016,0.1719121652007468,0.0014114283227127835,0.1702097800468631,0.17574257907189722,0.1729270163392502,0.17186300198061688,0.0014114283227127835,0.17016061682673314,0.17569341585176726,0.17292943354455328,0.17188872968001,0.0014115414494386476,0.17016281230365354,0.17569605478545303,-2.4172053027702006e-06,-6.509814506358588e-07,1.0636529323557819e-05,-2.3264802776943526e-05,1.8430392171403124e-05
strong_low_noise,540,2.335721469090121e-09,126.88107659543815,5.2855489724223936e-05,0.9423414127036546,200,114.62661894152676,114.65647875579464,0.045500307594436074,114.53743833864166,114.71579954441185,1.0938391923142488,1.0925531048042192,0.0012897255176797413,1.0913113302995965,1.096367054328901,0.1257256880005435,0.12559038554159252,0.0016487882697144994,0.12249406299190309,0.12895731300918392,1.0929954434889657,1.090339120733498,0.002736352708254047,1.0876321921807879,1.0983586947971435,0.12505945970906407,0.12487837541912189,0.003182842268468156,0.11882108886286648,0.13129783055526165,0.15155063510031844,0.15026454759028884,0.0012897255176797413,0.14902277308566614,0.15407849711497074,0.1514977796105942,0.15021169210056462,0.0012897255176797413,0.14896991759594191,0.1540256416252465,0.15150173867502148,0.15028348677840656,0.0012899154718232515,0.14897350435024792,0.15402997299979504,-3.959064427074377e-06,-4.44250320027487e-07,1.083966730964005e-05,-2.5204812353968874e-05,1.728668349982012e-05
strong_low_noise,540,2.9763514416313133e-09,116.27295870467611,5.705750445861302e-05,0.942345614718389,200,105.3918683558686,105.41007523285248,0.044486333324987304,105.30467514255162,105.47906156918557,1.0746099874475799,1.0741089931961696,0.0011801567602025183,1.072296880197583,1.0769230946975767,0.1321007466646627,0.13157127918519015,0.0016493220951589308,0.1288680753581512,0.1353334179711742,1.0739129536109735,1.0713793866193886,0.002583031781410099,1.0688502113194096,1.0789756959025374,0.13147057582085103,0.13169878956475414,0.003198150085524101,0.1252022016532238,0.13773894998847827,0.13232143023364962,0.13182043598223936,0.0011801567602025183,0.13000832298365267,0.13463453748364657,0.132264372729191,0.13176337847778075,0.0011801567602025183,0.12995126547919406,0.13457747997918795,0.132270004071688,0.1318800878367683,0.0011804067020231826,0.12995640693572258,0.13458360120765345,-5.631342496903525e-06,5.550106737706272e-06,1.0890052314116252e-05,-2.697584503257138e-05,1.571316003876433e-05
strong_low_noise,540,3.792690190732238e-09,105.97833332667848,6.170537019634798e-05,0.9423502625841267,200,96.44595660861692,96.46890954259717,0.043180613817163795,96.36132260553528,96.53059061169857,1.057417673049973,1.0570499437716676,0.001081008555653854,1.0552988962808914,1.0595364498190545,0.13869500971501167,0.1393039200154422,0.0016447622484616117,0.13547127570802692,0.14191874372199642,1.0568205858641269,1.0538563339711013,0.002437378661552508,1.052043323687484,1.0615978480407697,0.13813242231224904,0.13937887253498654,0.0032083931544938486,0.1318439717294411,0.14442087289505698,0.11512911583604239,0.11476138655773738,0.001081008555653854,0.11301033906696084,0.11724789260512394,0.11506741046584605,0.11469968118754104,0.001081008555653854,0.1129486336967645,0.1171861872349276,0.11507473832342771,0.1148543578245099,0.001081289558285382,0.11295541078918836,0.11719406585766706,-7.3278575816629675e-06,6.5958741978589474e-06,1.0788863632421376e-05,-2.8474030301208864e-05,1.381831513788293e-05
strong_low_noise,540,4.832930238571752e-09,96.09012929401715,6.669936936162107e-05,0.942355256583292,200,87.84571697255993,87.85715836140727,0.04161574156508983,87.76415011909235,87.9272838260275,1.0421064603317196,1.0416785289588444,0.0009909287482034873,1.0401642399852409,1.0440486806781983,0.1454754107436727,0.1467968358832985,0.0016344422502488183,0.14227190393318503,0.14867891755416038,1.0415647836172022,1.0402267748437792,0.0022992452881264555,1.0370582628524743,1.04607130438193,0.14501601991619115,0.14741973745017595,0.0032125724822748597,0.1387193778509324,0.15131266198144988,0.09981790311778915,0.09938997174491415,0.0009909287482034873,0.09787568277131031,0.10176012346426799,0.0997512037484275,0.0993232723755525,0.0009909287482034873,0.09780898340194866,0.10169342409490634,0.09976014567715616,0.09939600903836468,0.0009911985380599716,0.09781739654255861,0.10170289481175371,-8.941928728784473e-06,5.776284312530424e-06,1.0559865744583677e-05,-2.963926558816848e-05,1.1755408130599534e-05
strong_low_noise,540,6.158482110660254e-09,86.68230537794,7.191552375973576e-05,0.9423604727376901,200,79.63881282707058,79.66501618200522,0.039824980823046446,79.56075586465741,79.71686978948375,1.028527435246087,1.0280496985879508,0.0009088124256126436,1.0267461628918861,1.0303087076002877,0.15239909927676382,0.1542354702083429,0.0016176593097396565,0.1492284870296741,0.15556971152385354,1.0280006122289898,1.0274989261584868,0.00216897055834697,1.0237494299346297,1.0322517945233498,0.15208023880135704,0.15426529996130237,0.0032099589065410932,0.1457887193445365,0.1583717582581776,0.08623887803215657,0.08576114137402058,0.0009088124256126436,0.0844576056779558,0.08802015038635735,0.08616696250839684,0.08568922585026084,0.0009088124256126436,0.08438569015419606,0.08794823486259762,0.08617734149130181,0.08576376413506238,0.000909015031848318,0.08439567202887911,0.0879590109537245,-1.0378982905064993e-05,5.914318130882019e-06,1.0256393582560818e-05,-3.0481514326884198e-05,9.72354851675421e-06
strong_low_noise,540,7.847599703514623e-09,77.81072833796223,7.72247380621538e-05,0.9423657819519925,200,71.86379996317642,71.90447900226063,0.03784291443590578,71.78962785088204,71.9379720754708,1.016538920475972,1.0159195944370925,0.0008337274975804902,1.0149048145807142,1.0181730263712299,0.15941259985689293,0.16223084241369834,0.0015937087217933906,0.1562889307621779,0.16253626895160797,1.0159920033486014,1.0152726037198274,0.0020471419423794645,1.0119796051415377,1.020004401555665,0.15927038736342447,0.16075546273603147,0.0032001810817458933,0.1529980324432025,0.16554274228364643,0.07425036326204155,0.07363103722316211,0.0008337274975804902,0.07261625736678379,0.07588446915729932,0.0741731385239794,0.07355381248509996,0.0008337274975804902,0.07253903262872163,0.07580724441923717,0.074184705317659,0.07344812300240801,0.0008337944644133161,0.0725504681674089,0.0758189424679091,-1.1566793679560939e-05,-2.087006447528454e-06,9.967125491078161e-06,-3.110235964207413e-05,7.968772282952256e-06
strong_low_noise,540,1e-08,69.51460739770063,8.251645012032072e-05,0.9423710736640507,200,64.55027288939038,64.5704137354943,0.03570657310974249,64.4802880060953,64.62025777268548,1.0060051668916223,1.0050878725558081,0.0007649080927110948,1.0045059470299087,1.007504386753336,0.16645251253312587,0.170103556772092,0.0015619545537467242,0.1633910816077823,0.16951394345846946,1.0054100946066893,1.004351630408781,0.0019343743175542912,1.0016187209442828,1.0092014682690957,0.1665186984803247,0.1679966248305299,0.0031832589710272118,0.16027951089711134,0.17275788606353804,0.06371660967769203,0.06279931534187788,0.0007649080927110948,0.06221738981597829,0.06521582953940579,0.06363409322757167,0.06271679889175752,0.0007649080927110948,0.06213487336585793,0.06513331308928542,0.06364655536915373,0.06261007644236871,0.0007647611057848164,0.062147623601815485,0.06514548713649197,-1.2462141582166679e-05,1.054097510434385e-06,9.819353212269327e-06,-3.1708073878214556e-05,6.783790713881201e-06
strong_low_noise,540,1.274274985703132e-08,61.81804615092294,8.772344311763769e-05,0.9423762806570479,200,57.719027749938704,57.734500339531245,0.03345608120177028,57.653453830783235,57.78460166909417,0.9967949218021264,0.9951132712720263,0.0007017977771942824,0.9954193981588255,0.9981704454454272,0.17344786535964782,0.1774401706143995,0.001521938384750126,0.17046486612553757,0.17643086459375806,0.9961312199642844,0.9946461053978971,0.0018311518810669434,0.9925421622773932,0.9997202776511757,0.17374698697605745,0.1761901408973539,0.0031595913737494283,0.16755418788350857,0.17993978606860633,0.054506364588196014,0.05282471405809597,0.0007017977771942824,0.05313084094489522,0.055881888231496805,0.05441864114507843,0.052736990614978385,0.0007017977771942824,0.05304311750177764,0.05579416478837922,0.05443169432825016,0.05270401250862537,0.0007013515179074455,0.05305704535315157,0.05580634330334875,-1.3053183171798847e-05,-8.002703430432464e-06,9.974519510462574e-06,-3.260324141230549e-05,6.496875068707796e-06
strong_low_noise,540,1.623776739188721e-08,54.73154831810623,9.284633089087085e-05,0.9423814035448213,200,51.38228780564762,51.39465708004134,0.0311338986456265,51.32126536430219,51.44331024699305,0.9887811549228409,0.9877767149858165,0.0006440950890985645,0.9875187285482078,0.990043581297474,0.1803234654202884,0.18419311955636858,0.0014735149897361366,0.17743537604040557,0.18321155480017123,0.9880359387014905,0.9864809540756022,0.0017377464766236703,0.9846299556073081,0.9914419217956729,0.1808708423304837,0.18133643740506494,0.003129918521696367,0.1747362020279588,0.1870054826330086,0.04649259770891067,0.045488157771886195,0.0006440950890985645,0.04523017133427748,0.04775502408354386,0.04639975137801978,0.04539531144099529,0.0006440950890985645,0.04513732500338659,0.04766217775265297,0.0464131089737508,0.045393498114188954,0.0006432585626272884,0.045152322191001314,0.04767389575650028,-1.3357595730945552e-05,-1.3131388483224934e-05,1.0607849996627928e-05,-3.414898172433629e-05,7.433790262445186e-06
strong_low_noise,540,2.0691380811147902e-08,48.25357118960106,9.79795027331587e-05,0.9423865367166635,200,45.54411531721383,45.56417674459526,0.028782381194814768,45.48770185007199,45.60052878435567,0.9818423428990315,0.9809364257181055,0.0005917505956704874,0.9806825117315173,0.9830021740665457,0.18700313224726092,0.19094394087980698,0.001416991371256974,0.18422582915959726,0.18978043533492459,0.981009667354566,0.9805321889131815,0.001654194658060496,0.9777674458247674,0.9842518888843645,0.1878040807984972,0.1882763250836858,0.003095278690734242,0.18173733456465807,0.19387082703233632,0.039553785685101026,0.03864786850417512,0.0005917505956704874,0.03839395451758687,0.04071361685261518,0.03945580618236787,0.03854988900144196,0.0005917505956704874,0.03829597501485371,0.04061563734988202,0.03946922374124647,0.03861007078652118,0.0005904254076636352,0.038311989942225746,0.0406264575402672,-1.3417558878598787e-05,-7.450993110581518e-06,1.1875875077919365e-05,-3.6694274031320745e-05,9.859156274123169e-06
strong_low_noise,540,2.6366508987303555e-08,42.37229886364001,0.00010334403728871205,0.9423919012512191,200,40.201116485314884,40.2194577907923,0.026440362029091693,40.14929337573786,40.252939594891906,0.9758646519357882,0.9750163253038127,0.0005448877488657749,0.9747966719480112,0.9769326319235652,0.19341201463701957,0.19717983615206325,0.0013532406678397216,0.1907596629280537,0.19606436634598542,0.9749444012297568,0.9758610935715353,0.0015803021941237416,0.9718470089292742,0.9780417935302393,0.19446235817259278,0.1956553802777796,0.003056966506514164,0.188470703819825,0.20045401252536055,0.03357609472185785,0.03272776808988237,0.0005448877488657749,0.03250811473408093,0.03464407470963477,0.03347275068456912,0.03262442405259364,0.0005448877488657749,0.0324047706967922,0.03454073067234604,0.03348604406197173,0.03269468794406433,0.000542962446469746,0.03242183766689103,0.034550250457052435,-1.3293377402660614e-05,-5.498127212800839e-06,1.3898652643429534e-05,-4.05347365837825e-05,1.3947981778461272e-05
strong_low_noise,540,3.3598182862837814e-08,37.067673861454125,0.00010933683822361706,0.942397894052154,200,35.34343354637876,35.364931061909004,0.02414021503000111,35.29611872491996,35.39074836783757,0.9707437412256482,0.9699818640232438,0.0005036616135638703,0.969756564463063,0.9717309179882334,0.19947820616822745,0.20337898165152932,0.0012837655478833885,0.19696202569437601,0.2019943866420789,0.9697403204079319,0.9711834853806698,0.0015156530347266804,0.9667696404598676,0.9727110003559962,0.20076581977320015,0.2023309720562138,0.0030164867210805005,0.19485350579988236,0.20667813374651794,0.02845518401171785,0.027693306809313423,0.0005036616135638703,0.027468007249132665,0.029442360774303036,0.028345847173494178,0.02758396997108975,0.0005036616135638703,0.027358670410908992,0.029333023936079363,0.02835890463047124,0.027572733501212324,0.0005010014923909338,0.02737694170538501,0.029340867555557468,-1.3057456976989441e-05,-1.0972979928499194e-05,1.6775834738534304e-05,-4.593809306451668e-05,1.98231791105378e-05
strong_low_noise,540,4.281332398719396e-08,32.313504288040306,0.00011660930478125942,0.9424051665187116,200,30.95588097369294,30.98652099339214,0.0219068197660517,30.912943606951476,30.9988183404344,0.9663851490152005,0.9653592774268738,0.00046811208728307234,0.9654676493241257,0.9673026487062752,0.2051347903815625,0.2088106532682718,0.0012106911387177468,0.2027618357496757,0.20750774501344926,0.9653062224763551,0.9667038695871482,0.0014596192764696648,0.9624453686944746,0.9681670762582356,0.20664167577493675,0.20880647643350786,0.0029754866205648775,0.2008097219986296,0.2124736295512439,0.02409659180127007,0.02307072021294343,0.00046811208728307234,0.02317909211019525,0.025014091492344893,0.02397998249648877,0.02295411090816213,0.00046811208728307234,0.02306248280541395,0.02489748218756359,0.023992771713135363,0.023101122957971593,0.0004645433663406832,0.023082266715107623,0.024903276711163103,-1.278921664652662e-05,-2.4465374599652765e-06,2.0619384111341374e-05,-5.320320950475571e-05,2.762477621170247e-05
strong_low_noise,540,5.4555947811685146e-08,28.079341266948934,0.00012619394739685208,0.9424147511613272,200,27.019019358945446,27.047423096556045,0.01975885754390913,26.980291998159384,27.057746719731508,0.9627031753281272,0.9618083032980977,0.00043808355546744973,0.961844531559411,0.9635618190968435,0.21032331986299466,0.21417223369082172,0.0011366734437174677,0.20809543991330842,0.2125511998126809,0.9615586087243764,0.9629710675206475,0.0014113822809461501,0.9587922994537219,0.9643249179950308,0.2120276636052399,0.21392250600157148,0.0029356497900764147,0.2062737900166901,0.21778153719378968,0.020414618114196995,0.019519746084167455,0.00043808355546744973,0.019555974345480794,0.021273261882913196,0.020288424166800115,0.019393552136770575,0.00043808355546744973,0.019429780398083914,0.021147067935516316,0.020300994010984966,0.019446704799600832,0.0004333699025579834,0.019451589001971317,0.021150399019998614,-1.2569844184863926e-05,-1.1388075479081485e-05,2.5577838092725877e-05,-6.270240684660664e-05,3.756271847687879e-05
strong_low_noise,540,6.951927961775605e-08,24.331901394839903,0.0001397042477504079,0.9424282614616808,200,23.510022005101302,23.53656865667431,0.01771147132340372,23.475307521307432,23.544736488895172,0.9596191728026124,0.9591068509807787,0.00041325026788292465,0.958809202277562,0.9604291433276629,0.21499841827088453,0.21882662873132575,0.0010647211235766832,0.21291156486867424,0.21708527167309483,0.958420226928005,0.9599477102388285,0.0013699734033233671,0.9557350790574912,0.9611053747985188,0.2168762546201598,0.2163291384097416,0.0028985490628184196,0.2111950984570357,0.2225574107832839,0.01733061558868221,0.016818293766848402,0.00041325026788292465,0.01652064506363168,0.018140586113732742,0.01719091134093176,0.016678589519097953,0.00041325026788292465,0.01638094081588123,0.018000881865982293,0.017203385866268097,0.016385219826983356,0.0004070592188937997,0.01640554979723625,0.018001221935299943,-1.2474525336317798e-05,-1.2072569832208946e-05,3.184592878688919e-05,-7.489254575862062e-05,4.994349508598502e-05
strong_low_noise,540,8.858667904100815e-08,21.036030410013645,0.000159642179121032,0.9424481993930514,200,20.40333307241043,20.423653112759105,0.015778500377365563,20.372407211670794,20.434258933150065,0.9570604801028025,0.956318846883436,0.0003932205300754784,0.9562897678638546,0.9578311923417505,0.2191317135835667,0.22297394074089663,0.0009979480953153923,0.21717573531674852,0.22108769185038488,0.9558192215075999,0.9573092588760013,0.001334330455345095,0.9532039338151235,0.9584345092000763,0.22115809689964028,0.2200089008802733,0.00286548407313394,0.21554174811629775,0.2267744456829828,0.01477192288887207,0.014030289669505702,0.0003932205300754784,0.014001210649924132,0.015542635127820007,0.014612280709751058,0.013870647490384691,0.0003932205300754784,0.01384156847080312,0.015382992948698996,0.014624840430731862,0.01384237973839579,0.0003850779900164251,0.013870087570299668,0.015379593291164055,-1.2559720980830643e-05,-1.2811445945904607e-05,3.966404700198503e-05,-9.03012531047213e-05,6.518181114306001e-05
strong_low_noise,540,1.1288378916846883e-07,18.15539710047631,0.00018985869251892523,0.9424784159064493,200,17.671235588692255,17.690291744112493,0.013972910015174403,17.643848685062512,17.698622492322,0.9549606844312674,0.9541399793904966,0.0003776442958539475,0.9542205016113936,0.9557008672511411,0.2227130483559611,0.22658880459732259,0.0009392886031593539,0.22087204269376876,0.22455405401815343,0.9536895444366228,0.9545043896367068,0.0013033555517936192,0.9511349675551073,0.9562441213181383,0.22486288711437616,0.22544097603786753,0.002837352879833789,0.21930167546990192,0.2304240987588504,0.012672127217336945,0.011851422176566206,0.0003776442958539475,0.011931944397463208,0.013412310037210683,0.012482268524817972,0.011661563484047233,0.0003776442958539475,0.011742085704944234,0.013222451344691709,0.012495112924661827,0.01153457757993328,0.0003668768703360914,0.011776034258803088,0.013214191590520567,-1.2844399843834469e-05,-2.2408706810364346e-05,4.931070915431886e-05,-0.00010949338978629943,8.380459009863048e-05
strong_low_noise,540,1.438449888287663e-07,15.653137047933015,0.0002362226896743605,0.9425247799036047,200,15.284458510485228,15.302710266531811,0.01230540424286851,15.260339918169207,15.30857710280125,0.9532609696672418,0.9522237893742711,0.0003662601200534197,0.9525430998319371,0.9539788395025466,0.22574825163784845,0.2292768784876839,0.0008912041446702479,0.22400149151429477,0.22749501176140213,0.9519723981877888,0.952609264464646,0.0012759600205527874,0.9494715165475053,0.9544732798280723,0.22799703971480434,0.2286742762908951,0.002814605876453765,0.22248041219695497,0.2335136672326537,0.010972412453311476,0.009935232160340701,0.0003662601200534197,0.010254542618006773,0.01169028228861618,0.010736189763637095,0.00969900947066632,0.0003662601200534197,0.010018319928332391,0.011454059598941798,0.010749476127150834,0.009723824761153927,0.0003519271448286969,0.010059698923286588,0.01143925333101508,-1.328636351376458e-05,-3.698955001981573e-05,6.108733726923899e-05,-0.000133017544561473,0.00010644481753394385
strong_low_noise,540,1.8329807108324338e-07,13.492542019275113,0.00030755731153178645,0.9425961145254621,200,13.212860881501916,13.227480595880998,0.010782507407397812,13.191727166983416,13.233994596020416,0.9519117397762988,0.9506754306718266,0.00035887545000619754,0.9512083438942867,0.952615135658311,0.2282545969409586,0.23180955348152657,0.0008554136789715767,0.2265779861301743,0.2299312077517429,0.9506179372243085,0.950769961462698,0.0012510911866261635,0.9481657984985212,0.9530700759500959,0.2305791752030847,0.2308005536579002,0.002797297781705221,0.22509647155094248,0.23606187885522695,0.00962318256236863,0.008386873457896182,0.0003588754500061975,0.008919786680356484,0.010326578444380776,0.009315625250836871,0.008079316146364424,0.0003588754500061975,0.008612229368824725,0.010019021132849018,0.009329382405720626,0.008251667575239166,0.0003396957607090473,0.008663578714730894,0.009995186096710358,-1.375715488375555e-05,-4.129326212524454e-05,7.52922458542461e-05,-0.0001613299567580779,0.0001338156469905668
strong_low_noise,540,2.3357214690901212e-07,11.637737050362711,0.00041688650307709907,0.9427054437170075,200,11.426123497439344,11.43755331024053,0.009405675005979814,11.407688374427623,11.444558620451064,0.9508738675914654,0.9493544162275191,0.00035532262676924803,0.9501774352429977,0.9515702999399331,0.2302558636927293,0.23347487547361356,0.0008327167399485862,0.22862373888243007,0.23188798850302852,0.9495866052214064,0.9495966926837838,0.0012277458104252674,0.9471802234329728,0.9519929870098399,0.23263515926888412,0.2335373395492103,0.0027852129044817248,0.22717614197609995,0.23809417656166829,0.008585310377534999,0.007065859013588749,0.00035532262676924803,0.007888878029067273,0.009281742726002724,0.008168423874457858,0.006648972510511608,0.00035532262676924803,0.0074719915259901315,0.008864856222925583,0.008182444805619873,0.007213673355939378,0.0003296071592702318,0.007536414773450219,0.008828474837789528,-1.4020931161963512e-05,-5.0457448789255794e-05,9.217992330260316e-05,-0.0001946935808350657,0.00016665171851113866
strong_low_noise,540,2.976351441631313e-07,10.054225560643511,0.0005829798403707356,0.942871537054301,200,9.894340724871665,9.903310809982901,0.008172112917692462,9.878323383552987,9.910358066190343,0.9501195253036789,0.9486854643862432,0.0003554297497922077,0.9494228829940862,0.9508161676132717,0.23177816600249412,0.23529768483338362,0.000823020965321822,0.23016504491046336,0.2333912870945249,0.9488500627132638,0.9486413834377665,0.0012049786334660708,0.9464883045916703,0.9512118208348572,0.23419373623718998,0.23489728779366148,0.002778020100084533,0.2287488168410243,0.23963865563335565,0.007830968089748664,0.006396907172312949,0.0003554297497922077,0.007134325780155937,0.008527610399341391,0.007247988249377962,0.005813927331942248,0.0003554297497922077,0.006551345939785235,0.007944630558970689,0.007261712222599693,0.006365969207008021,0.00032104214862116513,0.00663246961130221,0.007890954833897177,-1.3723973221785356e-05,-5.647687083927729e-05,0.0001119023710342336,-0.0002330526204488832,0.0002056046740053125
strong_low_noise,540,3.792690190732246e-07,8.709237375402362,0.0008320636053589306,0.9431206208192893,200,8.588454917551791,8.59580624996427,0.007076710804322046,8.57458456437532,8.602325270728263,0.949632987355336,0.9480370713352011,0.00035900204148664683,0.9489293433540221,0.9503366313566498,0.23284632010478937,0.23639252239934783,0.0008256374829573894,0.2312280706381929,0.23446456957138584,0.948392068306606,0.9481291368725135,0.0011819111664568382,0.9460755224203506,0.9507086141928615,0.23528254825236655,0.2348895266712373,0.0027754214104219314,0.22984272228793956,0.24072237421679354,0.007344430141405594,0.005748514121270809,0.00035900204148664683,0.0066407861400917655,0.008048074142719422,0.00651236653604667,0.004916450515911885,0.00035900204148664683,0.005808722534732842,0.007216010537360498,0.006524769029301466,0.005493170653200459,0.0003133848216575661,0.005910534778852637,0.0071390032797502955,-1.2402493254779143e-05,-5.531884542473451e-05,0.00013443201544758245,-0.00027588924353204075,0.00025108425702248245
strong_low_noise,540,4.832930238571752e-07,7.571915714296506,0.0011993592469317776,0.9434879164608622,200,7.480560330261202,7.487176764080599,0.006113820392040027,7.468577242292803,7.492543418229601,0.9494116473872738,0.9478462538251062,0.00036577439787606524,0.9486947295674367,0.9501285652071109,0.2334797777888562,0.23732293077073235,0.0008397578815925181,0.23183385234093487,0.23512570323677753,0.9482095205006992,0.9479213321855597,0.0011577402331167212,0.9459403496437904,0.950478691357608,0.2359236904563622,0.23605724692215768,0.002777274510994889,0.23048023241481222,0.24136714849791216,0.007123090173343365,0.0055576966111758885,0.00036577439787606524,0.006406172353506277,0.007840007993180452,0.005923730926411546,0.004358337364244069,0.00036577439787606524,0.005206813106574458,0.006640648746248634,0.005933248198723868,0.004848263737396883,0.00030608980350747855,0.005333312183849211,0.006533184213598526,-9.517272312272504e-06,-2.696225670050538e-05,0.00015947169935062042,-0.0003220818030394885,0.0003030472584149435
strong_low_noise,540,6.158482110660254e-07,6.6134408721159454,0.0017298239340581695,0.9440183811479885,200,6.544154599119172,6.549595557219046,0.005277914031370932,6.533809887617685,6.554499310620659,0.9494668362836023,0.9479468822156241,0.0003753064866889129,0.948731235569692,0.9502024369975126,0.23368754481932474,0.23783039900001782,0.0008649079286374134,0.23199232527919542,0.23538276435945407,0.9483132265532742,0.9480194324024113,0.0011317430251207915,0.9460950102240374,0.950531442882511,0.2361283550489432,0.23675562320630145,0.002783680181100207,0.23067234189398678,0.2415843682038996,0.00717827906967196,0.005658325001693665,0.0003753064866889129,0.006442678355761691,0.007913879783582229,0.005448455135613777,0.0039285010676354815,0.0003753064866889129,0.004712854421703508,0.006184055849524046,0.005452978404816049,0.0043282566649425445,0.00029873329592413196,0.004867461144804751,0.006038495664827348,-4.523269202245366e-06,-2.2679229318184817e-05,0.00018636727653955842,-0.00036980313121977987,0.0003607565928152891
strong_low_noise,540,7.847599703514607e-07,5.807176045052332,0.002477179458627611,0.9447657366725579,200,5.754405074560423,5.760051676610981,0.004563002396282059,5.7454615898637105,5.763348559257135,0.9498233037425103,0.9481687087865982,0.0003868421482798245,0.9490650931318819,0.9505815143531388,0.2334625455264795,0.23742130587297602,0.0009011940886862638,0.2316962051126544,0.23522888594030458,0.9487272664147102,0.9484592986775542,0.0011032777255666024,0.9465648420725996,0.9508896907568207,0.2358911030833839,0.2357354409190241,0.002795030194191366,0.23041284390276884,0.24136936226399897,0.0075347465285799786,0.005880151572667858,0.0003868421482798245,0.006776535917951522,0.008292957139208435,0.005057567069952402,0.0034029721140402813,0.0003868421482798245,0.004299356459323946,0.0058157776805808584,0.005054544350902234,0.0039021046696432206,0.0002910278715068747,0.004484129722748759,0.005624958979055708,3.022719050122108e-06,3.555118974753234e-05,0.0002140511118464869,-0.0004165174601689922,0.0004225628982692364
strong_low_noise,540,1e-06,5.128859966545513,0.003500211694818324,0.9457887689087486,200,5.088444820998283,5.093178668998677,0.003961386169443912,5.080680504106173,5.096209137890392,0.9505159185283171,0.9489768304863486,0.00039920641627070886,0.9497334739524265,0.9512983631042077,0.23277684718785888,0.23675851886026156,0.0009492683931439671,0.2309162811372967,0.23463741323842105,0.9494855392473182,0.9491760907419746,0.001071785161571781,0.9473848403306374,0.9515862381639989,0.2351851889505967,0.233816871610737,0.0028120078455755224,0.2296736535732687,0.24069672432792472,0.008227361314386682,0.006688273272418277,0.00039920641627070886,0.0074449167384960935,0.009009805890277271,0.004727149619568393,0.0031880615775999877,0.00039920641627070886,0.003944705043677804,0.005509594195458982,0.004713822334287851,0.0034983312394045625,0.0002828018113715781,0.004159530783999558,0.005268113884576145,1.332728528050206e-05,0.00011440534977555697,0.0002410552713057136,-0.0004591410464786966,0.0004857956170397007
strong_low_noise,540,1.2742749857031322e-06,4.556809444678336,0.0048556797110469035,0.9471442369249773,200,4.525659469707033,4.530117457886344,0.0034625655952923487,4.5188728411402606,4.532446098273806,0.9515825874920754,0.9502673028775488,0.00041082645850723846,0.9507773676334011,0.9523878073507496,0.2315796706227968,0.23567739445382996,0.001010028207684069,0.229600015335736,0.2335593259098576,0.9506245436150113,0.9506632838924077,0.001036803881926572,0.9485924080064352,0.9526566792235873,0.2339608334640699,0.23305850233807726,0.0028355213288222387,0.2284032116595783,0.2395184552685615,0.009294030278144981,0.007978745663618392,0.00041082645850723846,0.008488810419470794,0.010099250136819168,0.004438350567098034,0.0031230659525714466,0.00041082645850723846,0.0036331307084238465,0.005243570425772222,0.0044121181626937175,0.003235773378114517,0.0002739564359379652,0.0038751635482553058,0.004949072777132129,2.6232404404361658e-05,0.00015265041470162438,0.00026563230270085,-0.0004944069088893043,0.0005468717176980275
strong_low_noise,540,1.6237767391887209e-06,4.072064965495742,0.0065882086720570505,0.9488767658859873,200,4.047900431471951,4.0510409101491085,0.0030530379147905014,4.041916477158962,4.05388438578494,0.9530536773660424,0.9519376835384151,0.00041992272025249554,0.9522306288343475,0.9538767258977373,0.22980019851746733,0.23344939020839528,0.0010841137445996231,0.22767533557805206,0.2319250614568826,0.9521727312742081,0.9524158668148432,0.0009980122650442857,0.9502166272347213,0.9541288353136949,0.23214840367535836,0.23126330032354767,0.0028665356168944534,0.22652999386624523,0.23776681348447148,0.010765120152112133,0.00964912632448478,0.00041992272025249554,0.009942071620417242,0.011588168683807024,0.004176911480055126,0.003060917652427775,0.0004199227202524955,0.003353862948360235,0.004999960011750017,0.004135762335706828,0.0030828176598539825,0.00026441970639364703,0.00361749971117528,0.004654024960238376,4.114914434826721e-05,5.2032867153116016e-05,0.00028599959000846087,-0.0005194100520683161,0.0006017083407648504
strong_low_noise,540,2.06913808111479e-06,3.658420133289792,0.008719127923436886,0.9510076851373672,200,3.63956867096624,3.6423035234523247,0.0027173818770306335,3.63424260248726,3.64489473944522,0.9549400497739977,0.9539027090257806,0.0004248415709933771,0.9541073602948507,0.9557727392531448,0.22735678180230035,0.2308324785640421,0.0011713126603947418,0.22506100898792666,0.22965255461667403,0.9541385883501718,0.9541206321654871,0.0009553001468594906,0.9522662000623272,0.9560109766380165,0.22966801833553074,0.2293008040127263,0.0029057729163229026,0.22397270341953784,0.23536333325152364,0.012651492560067265,0.011614151811850215,0.0004248415709933771,0.011818803080920245,0.013484182039214285,0.003932364636630391,0.0028950238884133395,0.0004248415709933771,0.0030996751574833715,0.00476505411577741,0.003875258159274284,0.0029289707387570823,0.00025411479212519156,0.0033771931667089085,0.00437332315183966,5.710647735607994e-05,2.3833806220826282e-05,0.0003006777181895084,-0.0005322218502953565,0.0006464348050075164
strong_low_noise,540,2.6366508987303555e-06,3.3023092582021345,0.011237659986201316,0.9535262172001316,200,3.2875464255715485,3.2895177807620732,0.002440431373440557,3.282763180079605,3.292329671063492,0.9572233828687194,0.9563553222908173,0.00042442739161830317,0.9563915051811476,0.9580552605562913,0.22417286494668517,0.22727662219189543,0.001270056996733491,0.22168355323308753,0.22666217666028282,0.9565011303649191,0.9559108605267596,0.0009088492269872492,0.9547197858800242,0.9582824748498141,0.22644577807219946,0.22609090749217858,0.002953306227134213,0.2206572978670164,0.2322342582773825,0.014934825654789192,0.014066765076886978,0.00042442739161830317,0.014102947967217318,0.015766703342361067,0.0036971656685878943,0.0028291050906856796,0.00042442739161830317,0.0028652879810160204,0.004529043356159768,0.003624236747254146,0.0027501541783990884,0.0002429578060043407,0.0031480394474856384,0.004100434047022654,7.292892133372523e-05,6.22032446897792e-05,0.0003088365925742835,-0.0005323908001118704,0.0006782486427793209
strong_low_noise,540,3.359818286283781e-06,2.9925694575914337,0.014098092659504458,0.9563866498734348,200,2.9809955728426223,2.9823478292953784,0.0022096416660361408,2.9766646751771915,2.985326470508053,0.9598526515068805,0.9590469737988381,0.0004182953674828853,0.959032792586614,0.960672510427147,0.22019749705027145,0.22290760014078537,0.0013772630027507882,0.2174980615648799,0.22289693253566298,0.9592066557003893,0.9589267375600685,0.000859179371629718,0.957522664131995,0.9608906472687836,0.2224343438848434,0.22324042287039417,0.003008184113777088,0.2165383030218403,0.2283303847478465,0.017564094292950132,0.016758416584907676,0.0004182953674828853,0.016744235372683675,0.018383953213216588,0.0034660016334456738,0.0026603239254032185,0.0004182953674828853,0.0026461427131792186,0.004285860553712129,0.0033785101765815184,0.0025366192717416617,0.00023088736807593823,0.0029259709351526796,0.0038310494180103572,8.749145686415242e-05,6.404218005775479e-05,0.00031052299546087885,-0.0005211336142391702,0.000696116527967475
strong_low_noise,540,4.281332398719387e-06,2.720127187685605,0.01722487497617823,0.9595134321901085,200,2.7110741115235193,2.712039487557852,0.0020164529934448908,2.707121863656367,2.7150263593906714,0.9627488154984803,0.9619880152105413,0.0004068869661801151,0.9619513170447673,0.9635463139521934,0.21542520498254905,0.21792239201129088,0.0014887255398753653,0.21250730292439335,0.21834310704070475,0.9621737450137294,0.9615670090464744,0.0008071173983448805,0.9605917949129734,0.9637556951144854,0.21763254867228027,0.2182529197185354,0.003068334197655264,0.21161861364487594,0.2236464836996846,0.020460258284549962,0.01969945799661099,0.0004068869661801151,0.019662759830836936,0.021257756738262988,0.0032353833083717683,0.0024745830204327968,0.0004068869661801151,0.0024378848546587426,0.004032881762084794,0.003135430669151249,0.0022640473306792244,0.0002179123991553755,0.002708322366806713,0.003562538971495785,9.995263922044809e-05,0.00020010304361343364,0.0003066505533613788,-0.0005010824453678544,0.0007009877238087506
strong_low_noise,540,5.455594781168514e-06,2.4776712838792476,0.02052446565873472,0.962813022872665,200,2.470633684176451,2.4732445169305004,0.001855907867573902,2.466996104756006,2.4742712635968958,0.9658164982707876,0.965062503813865,0.00039126728062067697,0.9650496144007711,0.9665833821408042,0.20990806188178449,0.21181245765770418,0.0016000693476068675,0.20677192596047503,0.21304419780309394,0.9653052141405979,0.9648844000423478,0.0007536756553813415,0.9638280098560504,0.9667824184251453,0.21209692518390072,0.21428245447632305,0.0031309616868026822,0.20596024027776746,0.21823361009003397,0.023527941056857342,0.022773946599934702,0.0003912672806206769,0.022761057186840815,0.02429482492687387,0.003003475398122672,0.0022494809412000327,0.00039126728062067697,0.002236591528106145,0.0037703592681391984,0.0028935974852793978,0.0021113518594766097,0.00020415172922429468,0.00249346009599978,0.0032937348745590155,0.00010987791284322861,0.00011343788589712025,0.0002987037343540424,-0.0004755814064906945,0.0006953372321771517
strong_low_noise,540,6.951927961775606e-06,2.2593614271323856,0.02389990966536011,0.9661884668792905,200,2.253947523736474,2.2551929430086695,0.0017247691193856907,2.250566976262478,2.2573280712104697,0.9689584777730375,0.9679397994917265,0.00037273180937037764,0.9682279234266715,0.9696890321194034,0.20375412495136203,0.20480072296691332,0.0017079394342262686,0.20040656366027854,0.20710168624244552,0.968502782107644,0.968406549508154,0.000699875078352015,0.967131026954074,0.9698745372612139,0.20593952522793846,0.2073849904192882,0.003193403100309922,0.199680455151331,0.2121985953045459,0.026669920559107014,0.025651242277796082,0.0003727318093703776,0.025939366212741073,0.027400474905472955,0.002770010893746864,0.0017513326124359296,0.0003727318093703776,0.002039456547380924,0.0035005652401128044,0.002652780460087725,0.0019003258871624872,0.00018983828252548712,0.00228069742633777,0.0030248634938376795,0.00011723043365916168,-4.349179987665695e-05,0.00028823125310511793,-0.00044770282242686946,0.0006821636897451929
strong_low_noise,540,8.858667904100815e-06,2.0605907323996413,0.027263255909956985,0.9695518131238874,200,2.0564880212325534,2.057547423800224,0.0016193415156290744,2.0533141118619205,2.0596619306031863,0.9720879273537884,0.9711753811875734,0.00035238435754824846,0.9713972540129938,0.9727786006945829,0.19711151607535038,0.19747835440820138,0.0018108875044789005,0.19356217656657174,0.20066085558412902,0.9716793643454747,0.9715783287899156,0.0006465807482481929,0.9704120660789083,0.9729466626120412,0.19931152486810538,0.20181605687521298,0.0032540453527176195,0.19293359597677884,0.20568945375943193,0.02979937013985801,0.028886823973643005,0.00035238435754824846,0.029108696799063444,0.030490043480652575,0.0025361142299009706,0.001623568063685965,0.00035238435754824846,0.0018454408891064036,0.0032267875706955378,0.0024138389458904434,0.001744941676872011,0.0001752746490684852,0.0020703006337162125,0.0027573772580646743,0.00012227528401058678,-0.0002483372988050221,0.0002763350635444522,-0.0004193414405365395,0.000663892008557713
strong_low_noise,540,1.1288378916846883e-05,1.8777910814794638,0.03054251668727,0.9728310739012004,200,1.8747433007353456,1.875795484089648,0.001534472025839509,1.8717357355647002,1.877750865905991,0.9751349986533141,0.9744037652517015,0.00033087338196337545,0.9744864868246659,0.9757835104819623,0.19014386644470072,0.19074012698400494,0.0019094904889881488,0.18640126508628393,0.1938864678031175,0.9747655892166864,0.9746475966829329,0.0005944141523986832,0.973600537477985,0.9759306409553878,0.1923784062995462,0.1929358249519289,0.003312780075356309,0.18588535735184783,0.19887145524724456,0.03284644143938376,0.03211520803777118,0.00033087338196337545,0.032197929610735546,0.03349495326803198,0.0023039247521137217,0.001572691350501143,0.00033087338196337545,0.0016554129234655059,0.002952436580761938,0.0021784600685439887,0.0015513142279791406,0.00016075133057570087,0.001863387460615615,0.002493532676472362,0.00012546468356977375,-0.0002531530378800265,0.00026340882532544684,-0.000390816614068102,0.0006417459812076495
strong_low_noise,540,1.43844988828766e-05,1.7082563105492263,0.03368279173763309,0.9759713489515635,200,1.7060488020781583,1.7075223825094432,0.0014643862266689582,1.7031786050738873,1.7089189990824294,0.9780473879149241,0.9769218892615052,0.0003083963119495907,0.9774429311435029,0.9786518446863453,0.1830066884047236,0.1848280674976171,0.0020056224052556913,0.17907566849042245,0.18693770831902473,0.9777102078518075,0.9776290396828824,0.0005437664900237783,0.9766444255313609,0.9787759901722541,0.18529617679400212,0.1856352879288275,0.003370709106809238,0.178689586944656,0.19190276664334824,0.03575883070099369,0.03463333204757485,0.0003083963119495907,0.03515437392957249,0.03636328747241489,0.0020760389633605785,0.0009505403099417387,0.0003083963119495907,0.0014715821919393808,0.002680495734781776,0.0019486970008364718,0.00138023823062696,0.0001464629011334628,0.0016616297146148848,0.002235764287058059,0.00012734196252413686,-0.00036096795617757696,0.00024926015919912107,-0.0003612079495061404,0.0006158918745544142
strong_low_noise,540,1.8329807108324338e-05,1.5499669395977995,0.0366436545620701,0.9789322117760004,200,1.5484182365051027,1.5499274615048337,0.001404585710412265,1.5456652485126947,1.5511712244975107,0.9807871308571245,0.9796759938958747,0.0002849306869088185,0.9802286667107832,0.9813455950034659,0.17583300530786203,0.17777327181108882,0.0021012413804872743,0.17171457220210698,0.17995143841361708,0.9804766799950909,0.9803124142716857,0.0004948851444117508,0.9795067051120439,0.981446654878138,0.178196843665319,0.17849868457379264,0.003429274330613697,0.17147546597731614,0.18491822135332184,0.03849857364319414,0.03738743668194433,0.0002849306869088185,0.03794010949685286,0.03905703778953542,0.0018549190811240574,0.0007437821198742478,0.0002849306869088185,0.0012964549347827732,0.0024133832274653415,0.001726460484406526,0.0011857012462137186,0.00013246551742203083,0.0014668280702593455,0.0019860928985537063,0.00012845859671751462,-0.0002890025573485551,0.00023351381442677683,-0.000329228479558968,0.0005861456729939973
strong_low_noise,540,2.3357214690901213e-05,1.4014220498695682,0.0393957093747827,0.981684266588713,200,1.400379781463022,1.4005814152656448,0.001353210486158456,1.3977274889101516,1.4030320740158926,0.9833267411267582,0.9822594086452736,0.0002605294069412479,0.9828161034891534,0.9838373787643631,0.1687311682977118,0.17068142968169464,0.0021972648120684663,0.1644245292660576,0.17303780732936597,0.983039088068021,0.9828420702077476,0.00044797227461090497,0.9821610624097836,0.9839171137262583,0.17118609972351176,0.1722019728434313,0.0034892918767728486,0.16434708764503697,0.17802511180198655,0.04103818391282802,0.039970851431343324,0.0002605294069412479,0.040527546275223175,0.041548821550432866,0.001642474538045372,0.0005751420565606735,0.0002605294069412479,0.0011318369004405262,0.002153112175650218,0.0015131923388473417,0.0010352768921592372,0.00011870113652900007,0.0012805381112505016,0.0017458465664441818,0.00012928219919798847,-0.0002656598426350595,0.00021603320886050202,-0.00029414289016859547,0.0005527072885645725
strong_low_noise,540,2.976351441631313e-05,1.2615020528390948,0.04191835734034953,0.9842069145542799,200,1.2608412326865328,1.260859000617465,0.001310699013775282,1.2582722626195333,1.2634102027535323,0.9856468815683449,0.9847883114891116,0.00023551183999371043,0.9851852783619572,0.9861084847747326,0.16179167838939107,0.1634965792243004,0.002293000828616001,0.15729739676530372,0.16628596001347842,0.9853796006911683,0.9850984916201306,0.0004032400375573992,0.9845892502175557,0.9861699511647808,0.16435017667084234,0.16561773746980066,0.0035503490407220615,0.1573914925510271,0.17130886079065757,0.043358324354414585,0.04249975427518132,0.00023551183999371043,0.04289672114802691,0.04381992756080226,0.0014399670140650479,0.0005813969348317793,0.00023551183999371043,0.0009783638076773754,0.0019015702204527203,0.0013098739596564752,0.000851677471731082,0.00010507723099946544,0.001103922586897523,0.0015158253324154274,0.00013009305440858855,-0.00015226405628037177,0.00019713986576270587,-0.00025630108248631494,0.0005164871913034921
strong_low_noise,540,3.792690190732246e-05,1.129386434272404,0.04419919853956761,0.9864877557534979,200,1.1290082513062736,1.1286864479469667,0.0012777844938215112,1.1265037936983835,1.1315127089141637,0.987735995239227,0.9869562076103471,0.00021047689564466962,0.9873234605237634,0.9881485299546905,0.1550964647052086,0.15577313690288178,0.002386298343692419,0.15041931995157146,0.15977360945884575,0.9874879368259016,0.9873692165802893,0.00036090472673976434,0.9867805635614917,0.9881953100903116,0.15776544867560238,0.160367972322782,0.0036107804037011633,0.1506883190843481,0.16484257826685667,0.045447438025296646,0.04466765039641668,0.0002104768956446696,0.04503490330983309,0.0458599727407602,0.001248239485729099,0.00046845185684912805,0.00021047689564466962,0.0008357047702655466,0.0016607742011926514,0.0011173406485279383,0.0007114968885417753,9.156101147302645e-05,0.0009378810660408064,0.0012968002310150702,0.00013089883720111297,-3.874036678442923e-05,0.0001775727165253826,-0.00021714368718863693,0.00047894136159086286
strong_low_noise,540,4.8329302385717524e-05,1.0045314359469182,0.04623425037702535,0.9885228075909557,200,1.0043610986824754,1.0038337283451209,0.0012530539914297608,1.001905112859273,1.0068170845056776,0.9895909170718484,0.9890114891004269,0.00018617069183074817,0.9892260225158601,0.9899558116278367,0.1487246969639058,0.14871343838257828,0.0024742494099157164,0.143875168120471,0.15357422580734062,0.9893618664484738,0.9893649861339675,0.00032114344976862336,0.9887324252869273,0.9899913076100203,0.15150489711963888,0.1524122615826501,0.0036681620532839658,0.1443152994952023,0.15869449474407546,0.047302359857918086,0.046722931886496566,0.00018617069183074817,0.04693746530192982,0.04766725441390635,0.0010681094808927532,0.0004886815094712338,0.00018617069183074817,0.0007032149249044867,0.0014330040368810196,0.0009366983911275986,0.0005539274861897996,7.824404624882793e-05,0.0007833400604798959,0.0010900567217753015,0.00013141108976512668,2.5271513271685522e-05,0.00015826444708780832,-0.00017878722652697762,0.00044160940605723095
strong_low_noise,540,6.158482110660255e-05,0.8866854044740867,0.04802785282632378,0.9903164100402542,200,0.886668402642313,0.8855623804210069,0.001231733493096363,0.8842542049958441,0.8890826002887818,0.9912171004014865,0.990743270479564,0.00016329596450750678,0.9908970403110517,0.9915371604919212,0.14275254470860058,0.14064453881715477,0.0025540746211711054,0.1377465584511052,0.14775853096609595,0.991007387786301,0.9910793073559987,0.00028405429500617883,0.9904506413680889,0.9915641342045132,0.14563875126584244,0.14731176464558493,0.0037200596583694175,0.1383474343354384,0.1529300681962465,0.04892854318755617,0.048454713265633664,0.00016329596450750678,0.04860848309712146,0.04924860327799088,0.0009006903612323463,0.00042686043930983963,0.00016329596450750678,0.0005806302707976331,0.0012207504516670597,0.000769579608441907,0.0004509764487795489,6.535315344132792e-05,0.0006414874276969043,0.0008976717891869098,0.0001311107527904844,4.128206379183244e-06,0.0001400617634218242,-0.00014341030351629105,0.00040563180909725983
strong_low_noise,540,7.847599703514606e-05,0.7759008110672175,0.04959160465759471,0.9918801618715251,200,0.775997893281112,0.7748159509776766,0.001206561298116359,0.773633033136804,0.77836275342542,0.9926276169570899,0.9922435012553826,0.00014234967280562624,0.9923486115983908,0.992906622315789,0.13724791189201155,0.1344015415498413,0.0026238209219885266,0.13210522288491403,0.14239060089910907,0.9924377375799004,0.9925900776023708,0.0002496486801638184,0.9919484261667794,0.9929270489930214,0.14023011325445942,0.14217652791076651,0.0037646978938510466,0.13285130538251136,0.14760892112640747,0.05033905974315961,0.04995494404145229,0.00014234967280562624,0.05006005438446058,0.050618065101858636,0.0007474550855648959,0.0003633393838575749,0.00014234967280562624,0.0004684497268658685,0.0010264604442639233,0.0006180612217578413,0.0003611228008207338,5.32089947585481e-05,0.000513771592031087,0.0007223508514845956,0.00012939386380705727,-4.603085903884452e-05,0.00012350542766184877,-0.00011267677441016631,0.0003714645020242808
strong_low_noise,540,0.0001,0.6725033669342569,0.05094239220652001,0.9932309494204503,200,0.6726852259942823,0.6724846204204075,0.001170133951965749,0.6703917634484294,0.6749786885401351,0.9938409514470931,0.9936298968399464,0.00012354540066719056,0.9935988024617853,0.9940831004324008,0.13226325744056955,0.12896801992501422,0.0026826688131722015,0.12700522656675203,0.13752128831438706,0.9936712466549632,0.993897305937351,0.0002178782346476407,0.9932442053150539,0.9940982879948725,0.13532840159853102,0.13891518095172123,0.00380130799779394,0.1278778379228549,0.14277896527420714,0.05155239423316269,0.051341339626016114,0.00012354540066719056,0.051310245247855,0.051794543218470386,0.0006100020266427147,0.0003989474194961429,0.00012354540066719056,0.00036785304133502125,0.0008521510119504082,0.00048424922398031115,0.000270160039165031,4.215221016685922e-05,0.00040163089205326707,0.0005668675559073553,0.00012575280266236607,-1.5073005390629467e-06,0.00010874709620178906,-8.739150589314048e-05,0.0003388971112178726
strong_low_noise,540,0.0001274274985703132,0.5770003387111425,0.052100056442899806,0.9943886136568302,200,0.57724317872849,0.5765974750954443,0.0011172953321554736,0.5750532798774652,0.5794330775795147,0.9948782514778219,0.9946678340795012,0.00010683680307603237,0.9946688513437929,0.995087651611851,0.1278297330781428,0.12322656269772175,0.0027308595838007967,0.12247724829389324,0.13318221786239237,0.9947286865640903,0.9950240670004035,0.00018867770959702466,0.9943588782532802,0.9950984948749004,0.1309636483289694,0.1346133075232447,0.0038300998390715566,0.12345665264438914,0.13847064401354964,0.05258969426389162,0.05237927686557092,0.00010683680307603237,0.0523802941298626,0.052799094397920646,0.0004896378209917924,0.00027922042267108926,0.00010683680307603237,0.0002802376869627689,0.0006990379550208158,0.00036970668371096445,0.00020553075689376852,3.246483404635725e-05,0.00030607560898010425,0.00043333775844182465,0.00011993113728085628,5.472382538147886e-05,9.56201062577305e-05,-6.748427098429549e-05,0.00030734654554600806
strong_low_noise,540,0.00016237767391887175,0.4899408480802734,0.053085318279580504,0.9953738754935109,200,0.4902236395528793,0.4894930812205518,0.0010464740574088142,0.488172550400358,0.49227472870540057,0.9957608493858545,0.9956205882000514,9.201607328113543e-05,0.9955804978822235,0.9959412008894856,0.1239546568466647,0.11853293478747229,0.0027693917043343204,0.11852664910616942,0.12938266458715997,0.9956309038550777,0.9959494531428108,0.00016199992124514854,0.9953133840094371,0.9959484237007182,0.12714367344306307,0.13118396106309635,0.0038519761611308647,0.11959380016724658,0.13469354671887956,0.053472292171924264,0.05333203098612105,9.201607328113543e-05,0.053291940668293236,0.05365264367555529,0.0003869738923437416,0.00024671270654053057,9.201607328113543e-05,0.00020662238871271615,0.000567325395974767,0.00027497388920389576,0.00015272850263778153,2.4312507011130644e-05,0.0002273213754620797,0.0003226264029457118,0.00011200000313985697,4.721565282761177e-05,8.380902882526867e-05,-5.226569335766962e-05,0.00027626569963738355
strong_low_noise,540,0.00020691380811147902,0.4117645536368164,0.05391834427435395,0.9962069014882843,200,0.4120680920355402,0.4113617397376232,0.0009596887649739693,0.4101871020561912,0.41394908201488917,0.9965086076716525,0.9964492006656773,7.883225233715546e-05,0.9963540964570716,0.9966631188862334,0.12062274186609187,0.1144027443671109,0.00279965896435013,0.11513541029596562,0.12611007343621813,0.996397271844799,0.9966989970273867,0.00013782713155675584,0.9961271306669477,0.9966674130226503,0.12385474939155522,0.12834640029326227,0.003868170699307163,0.11627313482091318,0.13143636396219727,0.05422005045772231,0.05416064345174698,7.883225233715546e-05,0.05406553924314149,0.05437456167230313,0.0003017061833683671,0.00024229917739304607,7.883225233715546e-05,0.0001471949687875424,0.0004562173979491918,0.00019936943996685531,0.0001090133358720588,1.772231892729678e-05,0.00016463369486935362,0.000234105185064357,0.0001023367434015035,7.392414624880563e-05,7.301982987903049e-05,-4.0782123161396246e-05,0.00024545560996440326
strong_low_noise,540,0.00026366508987303556,0.3426803051322296,0.054618004377141594,0.9969065615910719,200,0.3429875554736324,0.34213921896396143,0.0008615581649104437,0.3412989014704079,0.3446762094768569,0.9971392043224031,0.9970556535035893,6.707638279984073e-05,0.9970077346121154,0.9972706740326908,0.11780024923334632,0.11096307408590117,0.0028231488368404304,0.11226687751313907,0.12333362095355357,0.9970450578999835,0.9973276443466748,0.00011615775638538631,0.9968173886974682,0.9972727271024989,0.12106516860590923,0.1263267974132526,0.003879949804976663,0.11346046698815497,0.1286698702236635,0.05485064710847279,0.05476709628965898,6.707638279984073e-05,0.054719177398185104,0.054982116818760474,0.00023264273133120295,0.00014909191251738507,6.707638279984073e-05,0.00010117302104351513,0.00036411244161889075,0.00014111729211090554,7.700155835835246e-05,1.2596455272613833e-05,0.00011642823977658244,0.00016580634444522866,9.152543922029719e-05,6.295513173751994e-05,6.307500840522004e-05,-3.210157725393409e-05,0.00021515245569452847
strong_low_noise,540,0.0003359818286283774,0.28260290647035285,0.0552016375364756,0.9974901947504059,200,0.28289983894531356,0.28215936832715716,0.0007578934445350485,0.28141436779402484,0.2843853100966023,0.9976681257200213,0.9976154438988494,5.6611401585630896e-05,0.9975571673729134,0.9977790840671291,0.11544065502414382,0.10805976802747132,0.0028412471634166035,0.10987181058384728,0.12100949946444035,0.9975894640179948,0.9978402055547153,9.697914924583675e-05,0.9973993848854729,0.9977795431505166,0.1187304675509477,0.12438883583118934,0.003888433053479057,0.11110913876612874,0.12635179633576665,0.05537956850609103,0.05532688668491903,5.6611401585630896e-05,0.05526861015898319,0.055490526853198864,0.0001779309696154613,0.00012524914844347368,5.6611401585630896e-05,6.697262250762475e-05,0.00028888931672329783,9.770695455164673e-05,5.3590188284368735e-05,8.749787700481392e-06,8.05573706587032e-05,0.00011485653844459025,8.022401506377477e-05,3.371416193273868e-05,5.392120548694307e-05,-2.5461547690633642e-05,0.00018590957781818316
strong_low_noise,540,0.00042813323987193956,0.23115365526738332,0.05568507183263627,0.9979736290465666,200,0.23142989908923772,0.23078540635783884,0.0006543948615115861,0.230147285160675,0.23271251301780044,0.998109003621542,0.9980654211505742,4.7358340724700796e-05,0.9980161812737216,0.9982018259693624,0.11349046563389915,0.10582705222460365,0.0028551428745920825,0.10789438559969868,0.11908654566809963,0.9980439773119925,0.9982430797158945,8.024106828181165e-05,0.9978867048181601,0.9982012498058248,0.11679898734577879,0.12265260031769751,0.0038945222198297964,0.10916572379491239,0.12443225089664518,0.05582044640761153,0.05577686393664383,4.7358340724700796e-05,0.05572762405979112,0.05591326875543194,0.00013537457497526272,9.179210400755977e-05,4.7358340724700796e-05,4.2552227154849166e-05,0.00022819692279567628,6.63307125368029e-05,3.654257598564148e-05,5.954967303905079e-06,5.4658976621148946e-05,7.800244845245685e-05,6.904386243845558e-05,2.918801371941092e-05,4.558401931437808e-05,-2.0300815417725453e-05,0.00015838854029463662
strong_low_noise,540,0.0005455594781168515,0.18771085380638997,0.05608270521741203,0.9983712624313423,200,0.18795983768682986,0.1875112811454972,0.0005557605434718037,0.18687054702162512,0.1890491283520346,0.998473994888823,0.9984249555236913,3.926496971493479e-05,0.9983970355481818,0.9985509542294643,0.11189422677522164,0.10401276812163004,0.002865803408850636,0.10627725209387438,0.11751120145656889,0.9984207369462397,0.9985834169447272,6.584047895792785e-05,0.9982916896074822,0.9985497842849972,0.11521678305687645,0.12095138584193799,0.003898900587556124,0.10757493790526645,0.12285862820848645,0.05618543767489273,0.05613639830976086,3.926496971493479e-05,0.056108478334251456,0.056262397015534,0.00010273245748073644,5.3693092348872096e-05,3.926496971493479e-05,2.577311683946425e-05,0.00017969179812200864,4.4261852618660457e-05,2.4382798834039727e-05,3.981495696277892e-06,3.645812105395579e-05,5.2065584183365125e-05,5.8470604862034646e-05,1.9781922334927823e-05,3.811240398510864e-05,-1.6229706948778295e-05,0.0001331709166728476
strong_low_noise,540,0.0006951927961775591,0.1514871290681091,0.056407556545518704,0.998696113759449,200,0.15170570705107306,0.15138735084111224,0.0004652800471525428,0.15079375815865406,0.15261765594349205,0.9987740492456111,0.9987269077128852,3.227811074024043e-05,0.9987107841485602,0.998837314342662,0.11059827000236243,0.10254946552025967,0.0028739898390784916,0.10496524991776858,0.11623129008695628,0.9987307739833934,0.9988658053224924,5.362091726616214e-05,0.9986256769855517,0.998835870981235,0.11393136708507225,0.1197770495243404,0.003902065741985982,0.10628331823077972,0.12157941593936478,0.0564854920316807,0.05643835049895485,3.227811074024043e-05,0.056422226934629824,0.05654875712873157,7.793548616204738e-05,3.079395343619229e-05,3.227811074024043e-05,1.4670389111176135e-05,0.00014120058321291862,2.9103173784059763e-05,1.591942988352804e-05,2.6219380780472374e-06,2.396417515108718e-05,3.424217241703235e-05,4.883231237793948e-05,2.6133858228693155e-05,3.153831809595605e-05,-1.2982791090134384e-05,0.00011064741584601334
strong_low_noise,540,0.0008858667904100832,0.12161127043331371,0.05667127816157233,0.9989598353755027,200,0.12179901878844084,0.12151846666779051,0.0003848217525876255,0.12104476815336909,0.12255326942351258,0.9990190404301328,0.9989883855987993,2.6328664102418097e-05,0.998967436248492,0.9990706446117735,0.10955314252173505,0.10137617270097335,0.0028802887160118227,0.10390777663835188,0.11519850840511822,0.9989841098839534,0.9990886775129422,4.338343973697669e-05,0.9988990783420689,0.9990691414258378,0.11289418193133258,0.11884734471903852,0.0039043713518146783,0.1052416140817758,0.12054674978088935,0.05673048321620231,0.05669982838486892,2.6328664102418097e-05,0.05667887903456157,0.05678208739784305,5.920505462995773e-05,2.855022329656398e-05,2.6328664102418097e-05,7.600872989218263e-06,0.0001108092362706972,1.889961790069143e-05,1.0279676569960325e-05,1.7047300141158707e-06,1.555834707302432e-05,2.2240888728358535e-05,4.0305436729287704e-05,2.2859351052779002e-05,2.585821192368544e-05,-1.0376658641135755e-05,9.098753209971116e-05
strong_low_noise,540,0.0011288378916846883,0.09719915359832665,0.05688415808181591,0.9991727152957462,200,0.09735756058763947,0.09711331955465079,0.00031505888121679675,0.09674004518045455,0.0979750759948244,0.9992178051810844,0.9992003859001541,2.1328812627437366e-05,0.9991760007083346,0.9992596096538342,0.10871490617574768,0.1004397581838302,0.002885147008256509,0.10306001803956492,0.11436979431193044,0.9991897653445982,0.9992798091815349,3.49034588637755e-05,0.9991213545652252,0.9992581761239713,0.11206195589088852,0.11785386226145494,0.003906065584589847,0.10440606734509242,0.11971784443668462,0.056929247967154116,0.05691182868622385,2.1328812627437363e-05,0.05688744349440434,0.05697105243990389,4.5089885338210345e-05,2.7670604407947774e-05,2.1328812627437363e-05,3.285412588433111e-06,8.689435808798758e-05,1.214723796354007e-05,6.577125694951267e-06,1.0966997587110481e-06,9.997706436466415e-06,1.4296769490613725e-05,3.294264737465959e-05,2.1444990556108905e-05,2.10317887444823e-05,-8.279658564525721e-06,7.41649533138449e-05
strong_low_noise,540,0.00143844988828766,0.07740642412046492,0.05705514133317371,0.999343698547104,200,0.07753814030822223,0.07735502034936688,0.0002557898281446092,0.0770367922450588,0.07803948837138566,0.9993781480593518,0.9993670691500727,1.717678617611189e-05,0.9993444815584466,0.999411814560257,0.10804558667646741,0.09951694888857324,0.0028889036345293717,0.10238333555278983,0.11370783780014498,0.9993557411966316,0.9994303648372449,2.794812443583035e-05,0.9993009628727374,0.9994105195205258,0.11139720625571548,0.11705985941585426,0.003907321814520762,0.10373885549925478,0.11905555701217617,0.05708959084542137,0.05707851193614227,1.717678617611189e-05,0.05705592434451619,0.05712325734632655,3.4449512247681225e-05,2.3370602968586507e-05,1.717678617611189e-05,7.830113425019185e-07,6.811601315286054e-05,7.741274971409572e-06,4.176401884588498e-06,6.994266774063202e-07,6.370398683693184e-06,9.112151259125959e-06,2.670823727624639e-05,1.8827546800003223e-05,1.6990299735850833e-05,-6.592750206021241e-06,6.000922475851402e-05
strong_low_noise,540,0.0018329807108324375,0.061461986420234115,0.05719188584408633,0.9994804430580166,200,0.061570223843739134,0.06143125690453258,0.00020625390400735792,0.06116596619188471,0.06197448149559356,0.9995068540344016,0.999497329603986,1.376447103809623e-05,0.999479875671167,0.9995338323976363,0.10751305375131429,0.09865170454202551,0.0028918153806876162,0.10184509560516655,0.11318101189746202,0.9994890142422014,0.9995501361826964,2.229080300831967e-05,0.9994453242683051,0.9995327042160976,0.11086816435405387,0.11654596822665758,0.003908261376155645,0.1032079720567888,0.11852835665131894,0.057218296820471276,0.05720877239005562,1.376447103809623e-05,0.05719131845723661,0.057245275183705945,2.64109763849818e-05,1.6886545969319045e-05,1.376447103809623e-05,-5.673868496868089e-07,5.338933961965041e-05,4.8993944066021145e-06,2.6356328034613546e-06,4.429173109216252e-07,4.031276477195729e-06,5.7675123360085e-06,2.151158197834733e-05,1.5456900406711012e-05,1.3647888715639103e-05,-5.23827990430531e-06,4.8261443860999974e-05
strong_low_noise,540,0.002335721469090121,0.04868505844455577,0.05730085328278702,0.9995894104967173,200,0.04877316137449087,0.048664815271202956,0.00016539169447566602,0.04844899365331857,0.049097329095663174,0.999609728021452,0.9996012476419209,1.0984710118749034e-05,0.9995881979896193,0.9996312580532847,0.10709056512710764,0.09811785580173726,0.0028940771473300367,0.10141817391834076,0.11276295633587452,0.999595566502706,0.9996451712510115,1.7721235131795536e-05,0.9995608328818476,0.9996303001235644,0.11044835432927737,0.11619992474963747,0.003908969699211038,0.10278677371882373,0.118109934939731,0.0573211708075215,0.05731269042799059,1.0984710118749034e-05,0.05729964077568875,0.05734270083935425,2.0317524734492774e-05,1.183714520358592e-05,1.0984710118749034e-05,-1.212507098255332e-06,4.1847556567240884e-05,3.083494400483195e-06,1.654993759951216e-06,2.7888167516146175e-07,2.5368863171667296e-06,3.63010248379966e-06,1.7234030333991857e-05,1.0824758174879005e-05,1.0912070828600744e-05,-4.153628490065603e-06,3.862168915804932e-05
strong_low_noise,540,0.002976351441631313,0.038489980258614366,0.0573874258814555,0.9996759830953859,200,0.03856115071997383,0.03847566757595593,0.0001320347782826888,0.03830236255453976,0.038819938885407905,0.9996916631339481,0.9996844797497191,8.736808916956872e-06,0.9996745389884708,0.9997087872794254,0.10675614587002702,0.09775422096869829,0.0028958373327362973,0.10108030469786387,0.11243198704219017,0.9996804482227867,0.9997204165684048,1.4051404475701455e-05,0.9996529074700143,0.999707988975559,0.11011599839211794,0.11590116039229661,0.003909507466810688,0.102453363757169,0.11777863302706688,0.05740310592001778,0.05739592253578868,8.736808916956873e-06,0.057385981774540545,0.057420230065495015,1.5680038562271847e-05,8.496654333167708e-06,8.736808916956873e-06,-1.4441069149636225e-06,3.2804184039507314e-05,1.9319337139978432e-06,1.0350523445324047e-06,1.7479269335294666e-07,1.5893400350260677e-06,2.2745273929696188e-06,1.3748104848289987e-05,8.184029598577788e-06,8.69166592129364e-06,-3.287560357445545e-06,3.0783770054025516e-05
strong_low_noise,540,0.003792690190732238,0.03038293117992556,0.057456037065360045,0.9997445942792904,200,0.030440075699758106,0.030371527962595964,0.00010502985893215947,0.030234217176251073,0.03064593422326514,0.9997567301843416,0.9997510564703649,6.929924920532535e-06,0.9997431475314974,0.9997703128371859,0.10649191779929462,0.09746754339795326,0.002897209354729389,0.10081338746402502,0.11217044813456423,0.9997478656490327,0.9997799942682806,1.1117910046602123e-05,0.9997260745453413,0.9997696567527241,0.1098533651096587,0.1155683867678371,0.003909918234499781,0.10218992537003913,0.11751680484927826,0.05746817297041133,0.05746249925643454,6.929924920532535e-06,0.05745459031756709,0.057481755623255575,1.2135905051268159e-05,6.462191074474433e-06,6.929924920532535e-06,-1.446747792975609e-06,2.5718557895511926e-05,1.2060930411791835e-06,6.452560169237137e-07,1.0915230417198766e-07,9.921545250020876e-07,1.4200315573562794e-06,1.0929812010107213e-05,6.375910978844987e-06,6.901926051104347e-06,-2.5979630500573077e-06,2.4457587070271736e-05
strong_low_noise,540,0.004832930238571752,0.02395397516105189,0.05751030461832256,0.9997988618322529,200,0.023999637180272888,0.023944918365142013,8.331086386192156e-05,0.02383634788710352,0.024162926473442255,0.9998082782417064,0.9998038443599611,5.484623901785252e-06,0.9997975283788588,0.9998190281045539,0.10628344873673307,0.09724175955950318,0.0028982802318776803,0.10060281948225282,0.11196407799121331,0.9998012820947011,0.9998269865425351,8.781858270028606e-06,0.9997840696524919,0.9998184945369103,0.10964613225715823,0.11530486262045059,0.003910233610647311,0.1019820743802895,0.11731019013402696,0.05751972102777587,0.057515287146030714,5.484623901785253e-06,0.05750897116492837,0.05753047089062337,9.416409453351093e-06,4.982527708197182e-06,5.484623901785252e-06,-1.3334533941480014e-06,2.0166272300850186e-05,7.5080404101639e-07,4.0122639547928364e-07,6.796318070026226e-08,6.17596206843876e-07,8.84011875188904e-07,8.665605412293e-06,4.870956436358484e-06,5.467285229094902e-06,-2.050273636733009e-06,1.938148446131901e-05
strong_low_noise,540,0.006158482110660254,0.01886692948367171,0.057553157925522076,0.9998417151394524,200,0.018903277046067212,0.018859754283854814,6.593392120008237e-05,0.01877404656051505,0.019032507531619374,0.999849037059497,0.9998454937795254,4.333096685437957e-06,0.9998405441899936,0.9998575299290005,0.10611915918641295,0.09706407265971245,0.0028991169727769156,0.10043688991977019,0.1118014284530557,0.9998435221237695,0.999864001339249,6.9272127672647696e-06,0.9998299447867457,0.9998570994607933,0.10948280326904024,0.11509658046648494,0.003910476785104279,0.10181826877023585,0.11714733776784463,0.05756047984556673,0.05755693656559496,4.333096685437957e-06,0.05755198697606327,0.057568972715070194,7.321920044663921e-06,3.7786400728934133e-06,4.333096685437957e-06,-1.1709494587944751e-06,1.5814789548122318e-05,4.6632173330295425e-07,2.4897950590652854e-07,4.221893852328281e-08,3.8357261379731994e-07,5.490708528085886e-07,6.855598311356519e-06,3.6894273380735865e-06,4.322372452943404e-06,-1.6162516964125527e-06,1.5327448319125592e-05
strong_low_noise,540,0.00784759970351459,0.014848707226422436,0.05758695398212731,0.9998755111960577,200,0.014877552983548299,0.01484303404325166,5.2088085191015964e-05,0.014775460336573908,0.01497964563052269,0.9998812146711304,0.9998784724542316,3.4185226825161847e-06,0.9998745143666727,0.9998879149755882,0.10598980277880134,0.09692432197484405,0.0028997713474107844,0.1003062509378762,0.11167335461972647,0.9998768714770492,0.9998931344619099,5.4583354794875864e-06,0.9998661731395094,0.9998875698145889,0.10935419471618381,0.11493221072571635,0.003910664947501427,0.10168929141908101,0.11701909801328661,0.057592657457200234,0.05758991524030116,3.4185226825161847e-06,0.0575859571527425,0.05759935776165797,5.7034750729156866e-06,2.9612581738391874e-06,3.4185226825161847e-06,-9.968293848160351e-07,1.2403779530647409e-05,2.8911006462967894e-07,1.542545529549855e-07,2.6178417035854268e-08,2.3780036723940458e-07,3.404197620199533e-07,5.414365008287925e-06,2.906050882052285e-06,3.4118958261849643e-06,-1.2729508110346054e-06,1.2101680827610455e-05
strong_low_noise,540,0.01,0.01167912193619627,0.057613579539778075,0.9999021367537084,200,0.011701959575129223,0.011674643446799814,4.1091581698058635e-05,0.011621420075001028,0.011782499075257418,0.999906586070781,0.9999044580709517,2.6939694977407923e-06,0.9999013058905654,0.9999118662509966,0.10588802378350021,0.09681446051709772,0.0029002834672032154,0.1002034681877819,0.11157257937921851,0.9999031682294615,0.9999160500180055,4.297231114968039e-06,0.9998947456564761,0.9999115908024468,0.10925299890795084,0.11480265081673097,0.003910810959777826,0.1015878094267863,0.11691818838911539,0.057618028856850634,0.05761590085702145,2.6939694977407923e-06,0.05761274867663506,0.05762330903706621,4.449317072556247e-06,2.3213172433700358e-06,2.6939694977407923e-06,-8.308631430157055e-07,9.7294972881282e-06,1.7898762960637113e-07,9.544632671960457e-08,1.6208734746384702e-08,1.4721850950345712e-07,2.1075674970928514e-07,4.2703294429627295e-06,2.2871885556122303e-06,2.689877552806334e-06,-1.0018305605376849e-06,9.542489446463144e-06
strong_low_noise,720,1e-12,255.77539171533348,3.461474173207385e-05,0.9423231719556624,200,255.63218512142558,255.63227767666677,0.0004016281063884738,255.63139793033704,255.6329723125141,1.5086817223983338,1.5029545963008204,0.004493993549225996,1.4998734950418509,1.5174899497548167,0.07343249831121781,0.07468032698595176,0.0012889347498958724,0.0709061862014219,0.07595881042101373,1.5039595460218576,1.5032222099127748,0.005908910193658867,1.4923780820422863,1.5155410100014288,0.0716605854937328,0.07375772499856247,0.0030326684137311345,0.06571655540281979,0.07760461558464582,0.5663931651844032,0.5606660390868901,0.004493993549225996,0.5575849378279203,0.5752013925408861,0.5663585504426714,0.560631424345158,0.004493993549225996,0.5575503230861885,0.5751667777991543,0.5663585851766879,0.5606309508571439,0.004493993388332509,0.5575503581355562,0.5751668122178196,-3.4734009737887165e-08,-1.0741918036514043e-08,3.810334748662385e-08,-1.0941657081166991e-07,3.9948551335895576e-08
strong_low_noise,720,1.2742749857031321e-12,255.71393592241597,3.4614762585059855e-05,0.9423231719765154,200,255.53180976052994,255.5319287953798,0.0005105470886536642,255.53080908823617,255.5328104328237,1.5079616658524777,1.5021450432924561,0.004485305921616807,1.4991704662461087,1.5167528654588467,0.07347408454145946,0.07471894088958703,0.0012889764063667448,0.07094769078498063,0.07600047829793828,1.5032461303643914,1.5026639614846427,0.005901124039339742,1.4916799272472854,1.5148123334814974,0.07170279481942425,0.07380754519440036,0.0030327767407591568,0.06575855240753631,0.0776470372313122,0.5656731086385476,0.5598564860785258,0.004485305921616807,0.5568819090321786,0.5744643082449166,0.5656384938759625,0.5598218713159407,0.004485305921616807,0.5568472942695936,0.5744296934823315,0.5656385380340372,0.5598212683079432,0.004485305715712559,0.5568473388312406,0.5744297372368338,-4.415806807628457e-08,-1.3927820097520567e-08,4.848913853303473e-08,-1.3919677960103265e-07,5.0880643448463506e-08
strong_low_noise,720,1.6237767391887243e-12,255.6357166767569,3.4614796393613034e-05,0.942323172010324,200,255.40421735219127,255.4043707858118,0.000648579766688294,255.40294613584857,255.40548856853397,1.5070482445154973,1.501137062329763,0.0044743018636244775,1.4982786128627934,1.5158178761682013,0.0735269443235152,0.07476804156942582,0.001289029722186796,0.07100044606802908,0.07605344257900132,1.5023411456346714,1.5019556253725181,0.00589126298125542,1.4907942701914108,1.513888021077932,0.07175643838255294,0.07386894975580452,0.003032914311177554,0.06581192633264493,0.07770095043246095,0.5647596873015671,0.5588485051158326,0.0044743018636244775,0.5559900556488632,0.5735293189542711,0.5647250725051735,0.558813890319439,0.0044743018636244775,0.5559554408524695,0.5734947041578774,0.5647251286087378,0.5588141901845854,0.004474301599765479,0.5559554974731975,0.5734947597442781,-5.6103569826349517e-08,-1.813621341869253e-08,6.168339108698434e-08,-1.7700301635683883e-07,6.479587670413978e-08
strong_low_noise,720,2.06913808111479e-12,255.5361933694386,3.461485118335522e-05,0.9423231720651137,200,255.24213538891593,255.24233369497048,0.0008232496601935791,255.24052181958194,255.2437489582499,1.5058909395728575,1.4999524721299566,0.004460386275984362,1.4971485824719282,1.5146332966737868,0.07359408845941447,0.074830441380571,0.0012890980359940827,0.07106745630886606,0.07612072060996287,1.5011945497710468,1.5010119225971963,0.005878794663135591,1.489672112231301,1.5127169873107926,0.07182456485943106,0.07392791985614644,0.003033088861244365,0.0658797106913921,0.07776941902747002,0.5636023823589272,0.5576639149160263,0.0044603862759843614,0.5548600252579979,0.5723447394598565,0.5635677675077437,0.5576293000648429,0.004460386275984362,0.5548254104068144,0.572310124608673,0.5635678387310274,0.5576293078855472,0.004460385937250477,0.5548254822940165,0.5723101951680384,-7.122327708328143e-08,-2.3739391491387037e-08,7.843185172746748e-08,-2.2494970646911771e-07,8.250315230255484e-08
strong_low_noise,720,2.6366508987303555e-12,255.40961525486748,3.461493992819309e-05,0.9423231721538585,200,255.0364135528538,255.0366706710049,0.0010438687548691961,255.03436757009425,255.03845953561333,1.504426884368528,1.498539837962114,0.004442824740753406,1.4957189478766513,1.5131348208604047,0.07367930432523367,0.07490968522110536,0.0012891856845601143,0.07115250038349585,0.0762061082669715,1.4997440740780297,1.499674446787349,0.005863062507204707,1.4882524715639085,1.5112356765921509,0.07191100620272749,0.07400277085748466,0.003033310079368342,0.06596571844716553,0.07785629395828944,0.5621383271545978,0.5562512807481836,0.004442824740753406,0.5534303906627212,0.5708462636464744,0.5621037122146696,0.5562166658082555,0.004442824740753406,0.553395775722793,0.5708116487065462,0.5621038025401911,0.5562166737211671,0.0044428243048402595,0.5533958669027041,0.570811738177678,-9.032551951840694e-08,-3.126809851226755e-08,9.966998628127707e-08,-2.8567869262971e-07,1.0502765359289611e-07
strong_low_noise,720,3.359818286283788e-12,255.24871106543188,3.4615083573934224e-05,0.9423231722975043,200,254.7755782724166,254.77591287356623,0.0013218696152874855,254.77298740797062,254.77816913686257,1.5025783556018006,1.4965159810367772,0.0044207190028479155,1.4939137463562187,1.5112429648473826,0.07378733968387195,0.07501022832252746,0.0012892983225109443,0.0712603149717505,0.0763143643959934,1.4979127419989533,1.4979851462026301,0.005843264094454845,1.4864599443738218,1.5093655396240848,0.07202056117832388,0.07409768115398817,0.003033590043568471,0.06607472469292967,0.07796639766371809,0.5602897983878704,0.5542274238228468,0.0044207190028479155,0.5516251891422885,0.5689544076334523,0.5602551833042965,0.5541928087392729,0.0044207190028479155,0.5515905740587146,0.5689197925498783,0.5602552977072838,0.5541900959941619,0.004420718440030499,0.551590689564824,0.5689199058497435,-1.1440299298211054e-07,-4.1489062772205906e-08,1.2656627529363659e-07,-3.624728925576382e-07,1.3366690659341715e-07
strong_low_noise,720,4.281332398719396e-12,255.04430644497188,3.461531588545841e-05,0.9423231725298158,200,254.44530515923032,254.44574239936307,0.001671142814613388,254.44202971931367,254.44858059914696,1.5002500611216403,1.4938465062045094,0.004392983067516248,1.4916398143093084,1.5088603079339722,0.0739241202459619,0.07513764948158184,0.0012894433530210047,0.07139681127404073,0.07645142921788307,1.4956061888084526,1.4958564775720236,0.005818430257569015,1.4842020655036174,1.5070103121132878,0.07215921144095884,0.07421787020774687,0.0030339437256638544,0.06621268173865769,0.07810574114326,0.5579615039077097,0.5515579489905792,0.004392983067516248,0.5493512570953779,0.5665717507200415,0.5579268885918242,0.5515233336746937,0.004392983067516248,0.5493166417794924,0.566537135404156,0.5579270332534206,0.5515198838633641,0.004392982337605363,0.5493167878717141,0.5665372786351272,-1.4466158610698445e-07,-5.3801098674356134e-08,1.6057243966895618e-07,-4.5938356785813855e-07,1.7006039564416965e-07
strong_low_noise,720,5.455594781168514e-12,254.7848569886404,3.461569118506924e-05,0.9423231729051154,200,254.02780846316142,254.02838239678567,0.002108340051622181,254.02367611666025,254.0319408096626,1.4973264101764852,1.4905043127404167,0.004358323527551735,1.4887840960624839,1.5058687242904865,0.07409700134990466,0.07531953369964756,0.001289630509355044,0.07156932555156877,0.07662467714824055,1.4927099675365456,1.493182055856555,0.00578740816678567,1.4813666475296456,1.5040532875434456,0.07233436965955872,0.07436440854902958,0.0030343895547831896,0.06638696613218367,0.07828177318693377,0.5550378529625547,0.5482157555264864,0.004358323527551735,0.5464955388485533,0.5635801670765561,0.5550032372713697,0.5481811398353014,0.004358323527551735,0.5464609231573683,0.5635455513853711,0.5550034198164889,0.5481767552605857,0.004358322575215149,0.5464611075690672,0.5635457320639107,-1.8254512893374396e-07,-6.183806090894873e-08,2.0347991121119558e-07,-5.813657549076873e-07,2.1627549704019936e-07
strong_low_noise,720,6.951927961775591e-12,254.45588555899906,3.461629665342525e-05,0.9423231735105838,200,253.50115680251002,253.5019136522323,0.002653077873741694,253.4959567698775,253.50635683514255,1.4936690984612693,1.4862631187096333,0.004315229877264845,1.4852112479018302,1.5021269490207083,0.07431505011134157,0.07560206076244688,0.0012898726394947914,0.07178689973793177,0.07684320048475136,1.4890871719634386,1.48983430128819,0.005748853587574371,1.4778194189317928,1.5003549249950845,0.07255515477957636,0.07452239857338877,0.0030349500214118946,0.06660665273760905,0.07850365682154367,0.5513805412473389,0.543974561495703,0.004315229877264845,0.5429226906878998,0.5598383918067781,0.5513459249506855,0.5439399451990495,0.004315229877264845,0.5428880743912463,0.5598037755101246,0.551346154699689,0.543937774597623,0.00431522862464966,0.5428883065953756,0.5598040028040023,-2.297490010286139e-07,-6.823390033144543e-08,2.5748051944391306e-07,-7.344108191386835e-07,2.749128170814557e-07
strong_low_noise,720,8.858667904100833e-12,254.03931582015161,3.461727177030832e-05,0.9423231744857007,200,252.83854098325799,252.83954344830215,0.0033279441384511245,252.83201821274662,252.84506375376935,1.4891155410652395,1.4809866167291337,0.00426198324750394,1.4807620539001318,1.497469028230347,0.07458934793419361,0.07591264577898599,0.0012901867592679365,0.07206058188602846,0.07711811398235877,1.4845769068010888,1.485622787303079,0.005701239821486477,1.4734024767509752,1.4957513368512023,0.0728326825673261,0.07478385160437441,0.0030356522881875296,0.06688280408247854,0.07878256105217366,0.546826983851309,0.5386980595152033,0.00426198324750394,0.5384734966862013,0.5551804710164168,0.5467923665795387,0.538663442243433,0.00426198324750394,0.5384388794144309,0.5551458537446464,0.5467926547908795,0.5386663194842418,0.004261981582313763,0.5384391708895445,0.5551461386922144,-2.882113453014285e-07,-7.047891727000985e-08,3.252273296523808e-07,-9.256569114200948e-07,3.492342208172379e-07
strong_low_noise,720,1.1288378916846884e-11,253.51270112608827,3.46188388193544e-05,0.9423231760527497,200,252.00754456344126,252.0088339367344,0.0041581724509510195,251.99939454543738,252.01569458144513,1.4834789342074033,1.475159460870736,0.004196694858486733,1.4752534122847694,1.4917044561300372,0.07493329382096756,0.07616667382344389,0.001290595449957799,0.07240372673905027,0.07746286090288484,1.4789943808248465,1.480494171624412,0.005642893258666146,1.4679343100378608,1.4900544516118321,0.0731803496459088,0.07511005533501385,0.003036528756929784,0.06722875328232643,0.07913194600949118,0.5411903769934728,0.5328709036568057,0.004196694858486733,0.5329648550708388,0.5494158989161069,0.5411557581546534,0.5328362848179863,0.004196694858486733,0.5329302362320194,0.5493812800772875,0.5411561182197517,0.5328403582530954,0.0041966926144847766,0.5329306006953616,0.5493816357441419,-3.600651015694851e-07,-1.0456089267159393e-07,4.098887310949012e-07,-1.1634470145154914e-06,4.4331681137652113e-07
strong_low_noise,720,1.4384498882876659e-11,252.84836111467573,3.4621350321943634e-05,0.9423231785642523,200,250.9695019897216,250.97113011594985,0.005170817736761268,250.95936718695756,250.97963679248565,1.4765509858073722,1.4683381588833666,0.004117387677142141,1.4684809059601736,1.4846210656545709,0.07536287636464489,0.07656904223850286,0.0012911286771686442,0.07283226415739436,0.07789348857189543,1.4721336550498016,1.4740404476981852,0.0055720671566527585,1.4612124034227623,1.483054906676841,0.07361407640459382,0.07563653213086534,0.0030376175279181036,0.06766034604987434,0.0795678067593133,0.5342624285934419,0.5260496016694363,0.004117387677142141,0.5261923487462432,0.5423325084406405,0.5342278072431199,0.5260149803191143,0.004117387677142141,0.5261577273959213,0.5422978870903186,0.5342282547707551,0.5260088307404484,0.004117384602155281,0.5261581809505307,0.5422983285909795,-4.4752764208884413e-07,-1.8003232876593847e-07,5.151852997445611e-07,-1.4572908295881838e-06,5.622355454104956e-07
strong_low_noise,720,1.8329807108324375e-11,252.0124602031819,3.462536196213728e-05,0.9423231825758924,200,249.67907145764838,249.68017365594295,0.0063932560378046595,249.66654067581428,249.69160223948248,1.468108542869614,1.4601061449264157,0.004022134716947084,1.4602251588243975,1.4759919269148303,0.07589686758775269,0.07695939240597262,0.0012918260860537338,0.07336488845908737,0.078428846716418,1.4637742626319181,1.46459935789018,0.0054870647732697805,1.4530196156763093,1.474528909587527,0.0741524597731819,0.0762638639491216,0.0030389626858896937,0.0681960929088381,0.08010882663752569,0.5258199856556836,0.5178175877124853,0.004022134716947084,0.5179366016104673,0.5337033697008998,0.5257853602937215,0.5177829623505232,0.004022134716947084,0.5179019762485052,0.5336687443389377,0.5257859129926582,0.5177788505352804,0.004022130420888588,0.5179025373677165,0.5336692886175999,-5.526989394293757e-07,-2.744017866410092e-07,6.45395062764156e-07,-1.8176732624471216e-06,7.122753835883702e-07
strong_low_noise,720,2.3357214690901212e-11,250.96409540799655,3.463174312878098e-05,0.9423231889570591,200,248.0841946806573,248.0842955186438,0.007850869467679121,248.06880697650067,248.09958238481394,1.4579253170042412,1.4500150601155122,0.003909262862929867,1.4502631617928987,1.4655874722155837,0.07655687765793429,0.07773918254219092,0.0012927397641931426,0.07402310772011572,0.07909064759575285,1.4536928872260717,1.4533681229349573,0.005386418305147258,1.443135507347983,1.4642502671041604,0.07481677425096332,0.07706011246009759,0.003040614368071778,0.06885717008954263,0.08077637841238401,0.5156367597903108,0.5077265029015818,0.003909262862929867,0.5079746045789683,0.5232989150016533,0.515602128047182,0.507691871158453,0.003909262862929867,0.5079399728358395,0.5232642832585245,0.5156028052844556,0.5076794010899887,0.00390925673549095,0.5079406620828933,0.5232649484860178,-6.77237265649895e-07,-3.565957570298699e-07,8.053095085535547e-07,-2.255643902414862e-06,9.011693711150723e-07
strong_low_noise,720,2.976351441631313e-11,249.65450748010358,3.4641841556035113e-05,0.9423231990554863,200,246.1266516108304,246.12690682790824,0.009563892117194455,246.1079063822807,246.1453968393801,1.4457894744498254,1.438026569392028,0.0037776195969370014,1.438385340039829,1.4531936088598219,0.07736720110894488,0.07849626800010753,0.001293937331013173,0.07483108394015905,0.0799033182777307,1.441680849500859,1.4407519332142478,0.005269119177013912,1.4313533759139119,1.4520083230878063,0.07563075466255116,0.07800343023209089,0.0030426286169954663,0.06966720257324005,0.08159430675186227,0.5035009172358947,0.49573801217809765,0.0037776195969370014,0.4960967828258982,0.5109050516458913,0.5034662753943389,0.49570337033654166,0.0037776195969370014,0.4960621409843423,0.5108704098043354,0.5034670972837119,0.4956937845371445,0.003777610682877377,0.4960629803452722,0.5108712142221515,-8.218893710060741e-07,-4.528244635619689e-07,1.0001215798812493e-06,-2.7821276675733224e-06,1.1383489255611745e-06
strong_low_noise,720,3.7926901907322536e-11,248.02658860827123,3.4657723270999086e-05,0.9423232149372014,200,243.7434256446847,243.74389823413563,0.011543601303162954,243.7208001861305,243.76605110323888,1.431526832397281,1.424635694370422,0.003626880257029823,1.4244181470935025,1.4386355177010595,0.0783543898748875,0.07946361083832318,0.0012955049828104266,0.07581520010857908,0.08089357964119594,1.4275671279462916,1.4253583124737712,0.00513487731785269,1.4175027684033004,1.4376314874892828,0.0766201047492506,0.07849503885564055,0.0030450670763076553,0.0706517732796876,0.08258843621881361,0.4892382751833507,0.4823471371564916,0.003626880257029823,0.4821295898795723,0.4963469604871292,0.4892036174600797,0.48231247943322053,0.003626880257029823,0.4820949321563012,0.4963123027638581,0.48920460333872784,0.4823255482274851,0.003626867079980001,0.482095943861967,0.49631326281548865,-9.858786570590369e-07,-8.438549058468245e-07,1.2352298657201939e-06,-3.4069291938706167e-06,1.4351718797525432e-06
strong_low_noise,720,4.832930238571752e-11,246.01492578448696,3.4682513095990464e-05,0.9423232397270264,200,240.86905028752733,240.86995404927103,0.01378832034251637,240.842025179656,240.89607539539867,1.4150277538389533,1.4088221469662603,0.003457847454092877,1.4082503728289313,1.4218051348489753,0.07954651374192406,0.08061048401350314,0.0012975497747904938,0.0770033161833347,0.08208971130051343,1.4112449969605845,1.4101350559938277,0.004984364527108213,1.4014756424874524,1.4210143514337166,0.07781170903670974,0.07977220564357942,0.0030479965903846824,0.07183763571955576,0.08378578235386372,0.47273919662502295,0.46653358975233006,0.003457847454092877,0.4659618156150009,0.479516577635045,0.47270451411192693,0.46649890723923404,0.003457847454092877,0.46592713310190487,0.479481895121949,0.4727056803213688,0.46650606898112457,0.0034578277936752897,0.4659283378457652,0.47948302279697236,-1.1662094510923518e-06,-1.3789393620962334e-06,1.5159517172252073e-06,-4.137474816853758e-06,1.8050559146690544e-06
strong_low_noise,720,6.158482110660255e-11,243.54667632170757,3.4720862379190864e-05,0.9423232780763096,200,237.43899224079817,237.4396409821841,0.016279974088527063,237.40708349158467,237.47090099001167,1.3962738419009355,1.3920810594908757,0.0032726691114526156,1.3898594104424884,1.4026882733593826,0.08097211821418021,0.0821624789360013,0.001300199965821533,0.07842372628117,0.08352051014719042,1.3926983877861738,1.3908255201525455,0.004819376932204935,1.383252408999052,1.4021443665732956,0.07923258269991078,0.08154234266848866,0.0030514886166566613,0.07325166501126372,0.08521350038855784,0.45398528468700516,0.44979250227694534,0.0032726691114526156,0.44757085322855805,0.4603997161454523,0.453950563824626,0.4497577814145661,0.0032726691114526156,0.4475361323661789,0.4603649952830731,0.45395192085669395,0.4497757879558101,0.0032726397713936945,0.44753754690476233,0.46036629480862556,-1.3570320696945243e-06,-2.0891597666178464e-06,1.8471516410620796e-06,-4.9774492861762e-06,2.2633851467871514e-06
strong_low_noise,720,7.847599703514623e-11,240.5435945427909,3.477956662389231e-05,0.9423233367805542,200,233.39393756115925,233.38803059673336,0.018982073712989274,233.3567326966818,233.4311424256367,1.3753588971689439,1.3721123913423077,0.0030748895521445605,1.3693321136467405,1.3813856806911473,0.0826589573439545,0.083641123998557,0.0013036017642468812,0.0801038978860306,0.08521401680187839,1.3720224617088699,1.3689885087785205,0.004642845076753017,1.362922485358434,1.3811224380593057,0.08090866497383002,0.08209958809795984,0.0030556179772586183,0.07491965373840313,0.08689767620925691,0.43307033995501354,0.4298238341283773,0.0030748895521445605,0.4270435564328102,0.43909712347721686,0.4330355603883897,0.4297890545617534,0.0030748895521445605,0.4270087768661864,0.439062343910593,0.4330371097080107,0.4298181125169928,0.0030748462131936056,0.4270104111301512,0.43906380828587016,-1.5493196231904861e-06,-2.4068702297928416e-06,2.232806586852867e-06,-5.925620533422105e-06,2.8269812870411325e-06
strong_low_noise,720,1e-10,236.92548021683263,3.486834305013037e-05,0.9423234255569805,200,228.68461816808238,228.67548166380521,0.021839873086733786,228.64181201683238,228.72742431933239,1.3524982655577227,1.3486562084839506,0.0028692628766819814,1.346874510319426,1.3581220207960194,0.08463264658296125,0.08524158548844765,0.0013079104859837962,0.08206914203043301,0.0871961511354895,1.3494325735583026,1.3460250998780743,0.004458638701628756,1.3406936417031103,1.3581715054134949,0.08286362237546716,0.08432933393778543,0.0030604599648726702,0.07686512084431672,0.08886212390661759,0.4102097083437924,0.40636765127002017,0.0028692628766819814,0.4045859531054957,0.41583346358208906,0.41017484000074234,0.40633278292697006,0.0028692628766819814,0.40455108476244567,0.415798595239039,0.4101765711933764,0.40631557363031245,0.002869200196392,0.4045529388084481,0.4158002035783047,-1.731192630017424e-06,-2.2732389634477193e-06,2.6755404373464315e-06,-6.975251887216429e-06,3.5128666271815814e-06
strong_low_noise,720,1.274274985703132e-10,232.61516401303626,3.500075451192547e-05,0.9423235579684422,200,223.27661034431617,223.27353027768373,0.02478300254417439,223.22803565932958,223.32518502930276,1.3280223820166102,1.325060420399439,0.002661307382876421,1.3228062195461723,1.333238544487048,0.08691542184233886,0.08787146119757835,0.0013132743059745611,0.08434140420262871,0.089489439482049,1.3252574996120996,1.3239084513057615,0.004271161080069703,1.316886023895163,1.3336289753290362,0.08511784941345553,0.08735299722050408,0.0030660845914331648,0.07910832361424652,0.09112737521266454,0.38573382480268004,0.3827718631855085,0.002661307382876421,0.38051766233224227,0.3909499872731178,0.3856988240481682,0.3827368624309966,0.002661307382876421,0.3804826615777304,0.39091498651860596,0.38570071326897365,0.3827516389031572,0.0026612195438692893,0.38048472296298985,0.39091670357495745,-1.8892208101891164e-06,-1.8771770377538488e-06,3.17616049117281e-06,-8.114495372887823e-06,4.336053752509591e-06
strong_low_noise,720,1.6237767391887175e-10,227.5448673442849,3.5195232036148993e-05,0.9423237524459664,200,217.15443340302627,217.14896475297635,0.027730273452659725,217.10008206705905,217.2087847389935,1.3023538874832798,1.2983251257663686,0.0024566573006670313,1.2975388391739724,1.3071689357925873,0.08952518344280538,0.0903990469453552,0.0013198098631227268,0.08693835611108484,0.09211201077452592,1.2999163756757173,1.3001975340250238,0.00408479481934889,1.2919101778297934,1.307922573521641,0.08768781828292754,0.08949602500653946,0.0030725474165354903,0.08166562534651799,0.0937100112193371,0.36006533026934934,0.35603656855243837,0.0024566573006670313,0.35525028196004194,0.36488037857865674,0.36003013503731324,0.35600137332040227,0.0024566573006670313,0.35521508672800584,0.36484518334662064,0.36003214589435556,0.35599217776879544,0.002456539148750499,0.3552173291628046,0.36484696262590655,-2.0108570425740985e-06,-1.7627916591535726e-06,3.7332192607145567e-06,-9.32796679357463e-06,5.306252708426433e-06
strong_low_noise,720,2.0691380811147902e-10,221.66340283061828,3.547610804970763e-05,0.94232403332198,200,210.32433043973188,210.31360876754644,0.030595804794263437,210.26436266233512,210.38429821712865,1.2759719894316743,1.272524936710615,0.0022603477619344203,1.271541707818283,1.2804022710450658,0.09247494324905393,0.09324006806894658,0.0013275712038445088,0.0898729036895187,0.09507698280858917,1.2738830574470432,1.271412143917423,0.003903321323612284,1.2662325476527632,1.2815335672413233,0.09058584267792658,0.09201987899172723,0.003079878058797671,0.08454928168268314,0.09662240367317002,0.3336834322177438,0.33023637949668483,0.0022603477619344203,0.32925315060435234,0.3381137138311353,0.3336479561096942,0.33020090338863517,0.0022603477619344203,0.32921767449630274,0.3380782377230857,0.3336500439018014,0.33019614145974313,0.002260196452091203,0.32922005885570266,0.3380800289479002,-2.0877921033761017e-06,-2.2730848986783103e-06,4.3426145993054365e-06,-1.0599316718014758e-05,6.423732511262554e-06
strong_low_noise,720,2.6366508987303556e-10,214.9433066712101,3.58745336633548e-05,0.9423244317475937,200,202.8153227547205,202.80171717590258,0.033295375630773325,202.7500638184842,202.88058169095683,1.2493710161330298,1.2464297737224825,0.002076211491124382,1.2453016416104261,1.2534403906556335,0.09577269873785356,0.09619644782226466,0.0013365165934617262,0.09315312621466858,0.09839227126103854,1.247644850131889,1.244977614179926,0.003729457453387546,1.2403351135232494,1.2549545867405287,0.0938202165955135,0.09445738432439703,0.0030880691514808996,0.08776760105861094,0.09987283213241606,0.30708245891909947,0.3041412165085522,0.002076211491124382,0.30301308439649566,0.3111518334417033,0.307046584385436,0.3041053419748888,0.002076211491124382,0.3029772098628322,0.31111595890803984,0.30704870393312,0.3041570413274638,0.00207602819799884,0.30297968866504227,0.31111771920119774,-2.119547684420994e-06,-3.3282586967869945e-06,4.99724238586261e-06,-1.191414276071171e-05,7.67504739186972e-06
strong_low_noise,720,3.3598182862837877e-10,207.38675093619725,3.642912200926829e-05,0.9423249863359396,200,194.6784326721989,194.65079702991062,0.035752021976464834,194.60835870912504,194.74850663527278,1.2230210620750979,1.2207192797628128,0.0019065392886582452,1.2192842450693278,1.226757879080868,0.09942166129796391,0.09988004454322377,0.0013464804366695668,0.09678255964209156,0.10206076295383626,1.221663462576029,1.2187099743105851,0.003564618030948449,1.21467681123537,1.2286501139166879,0.09739560543593344,0.09880400851389184,0.003097068192242775,0.0913253517791376,0.10346585909272928,0.28073250486116746,0.27843072254888246,0.0019065392886582452,0.2769956878553973,0.28446932186693763,0.2806960757391581,0.27839429342687316,0.0019065392886582452,0.27695925873338795,0.2844328927449283,0.2806981919916345,0.27844153568168484,0.0019063302181186483,0.2769617847641219,0.28443459921914704,-2.116252475894215e-06,-5.377169057595825e-06,5.686729874228756e-06,-1.3262243029382578e-05,9.029738077594147e-06
strong_low_noise,720,4.281332398719396e-10,199.02910235414777,3.7186133063291105e-05,0.9423257433469936,200,185.98427160167907,185.94043151285078,0.03790026142765449,185.90998708928086,186.05855611407728,1.1973370736528235,1.1960149592255775,0.0017520638673684183,1.1939030284727814,1.2007711188328656,0.10342069669345808,0.10373449257799319,0.0013571581859649219,0.10076066664896682,0.10608072673794933,1.1963444843349254,1.1933741006992045,0.003408937188659701,1.1896629674451524,1.2030260012246983,0.10131352762764706,0.10339061549075948,0.0031067714134975165,0.09522425565719193,0.10740279959810219,0.25504851643889315,0.2537264020116473,0.0017520638673684183,0.25161447125885106,0.25848256161893524,0.25501133030582995,0.25368921587858406,0.0017520638673684183,0.25157728512578786,0.25844537548587204,0.25501342980566855,0.2537392222723679,0.0017518398040851466,0.25157982378966165,0.25844703582167544,-2.0994998362516435e-06,-4.61293931139932e-06,6.39728386447106e-06,-1.4638176210614921e-05,1.0439176538111633e-05
strong_low_noise,720,5.455594781168515e-10,189.93932912890446,3.819898005653216e-05,0.9423267561939869,200,176.8194085489794,176.77971259011787,0.03968875040482814,176.74161859818594,176.89719849977286,1.1726596393748159,1.1718414710558678,0.0016122152580516165,1.1694996974690348,1.175819581280597,0.10776480840613056,0.10821431355821785,0.0013681092805056143,0.10508331421633955,0.11044630259592157,1.1720186228646197,1.1693876484053787,0.0032615066140422194,1.165626069901097,1.1784111758281424,0.105572773226073,0.10989368628170545,0.003117014443868357,0.09946342491609102,0.11168212153605499,0.23037108216088534,0.22955291384193754,0.0016122152580516165,0.22721114025510417,0.2335310240666665,0.2303328831808288,0.22951471486188102,0.0016122152580516165,0.22717294127504764,0.23349282508660998,0.2303349837558857,0.22959046545953532,0.0016119893643853557,0.2271754846016904,0.233494482910081,-2.100575056711919e-06,-1.657115295726295e-06,7.111658662310934e-06,-1.603942603484135e-05,1.1838275921417512e-05
strong_low_noise,720,6.951927961775591e-10,180.21703997963806,3.952677729067433e-05,0.942328083991221,200,167.28202886854567,167.23812710967206,0.04108150115144265,167.20150912628884,167.3625486108025,1.1492475226385803,1.1483044821678596,0.0014855278476624276,1.146335888057162,1.1521591572199987,0.11244551155036377,0.11309493028849646,0.0013787771681909576,0.10974310830070949,0.11514791480001804,1.1489347403191363,1.1461078929880917,0.0031207493372174947,1.1428180716181902,1.1550514090200825,0.11016965094128818,0.11489161219573285,0.003127553631094836,0.1040396458243423,0.11629965605823406,0.2069589654246499,0.20601592495392929,0.0014855278476624276,0.20404733084323154,0.20987060000606825,0.20691943864735926,0.2059763981766386,0.0014855278476624276,0.2040078040659409,0.20983107322877761,0.20692159471602767,0.2059802960081723,0.0014853122317961202,0.20401038274170727,0.20983280669034807,-2.1560686686288655e-06,1.5034277491730387e-06,7.809193376491063e-06,-1.746208768655135e-05,1.3149950349293617e-05
strong_low_noise,720,8.858667904100832e-10,169.98659146775984,4.1231566782776174e-05,0.9423297887807132,200,157.47737120522987,157.43032877393836,0.042057945879570034,157.3949376313059,157.55980477915384,1.1272796830587484,1.1265532330464176,0.0013700802508813642,1.124594325767021,1.1299650403504757,0.1174509993943971,0.11819769911123333,0.0013885191344948948,0.11472950189078711,0.12017249689800709,1.1272624379981837,1.1241605027398274,0.0029848451557071025,1.1214121414929978,1.1331127345033696,0.1150980192049863,0.11885423110638227,0.0031380374862205918,0.10894746573199394,0.12124857267797866,0.18499112584481792,0.1842646758324874,0.0013700802508813642,0.18230576855309044,0.1876764831365454,0.1849498942780351,0.18422344426570458,0.0013700802508813642,0.18226453698630762,0.18763525156976257,0.18495219597027124,0.18413774911996494,0.0013698824873490513,0.1822672262950671,0.1876371656454754,-2.301692237234723e-06,3.519468019469392e-06,8.465864688974142e-06,-1.889478702762404e-05,1.4291402553154596e-05
strong_low_noise,720,1.1288378916846883e-09,159.3892097778683,4.3373807967525546e-05,0.9423319310218978,200,147.5133317824932,147.473998862878,0.042612150119172666,147.42981196825963,147.59685159672676,1.1068635709329127,1.106148409674252,0.0012638911349619514,1.1043863443083872,1.109340797557438,0.12276607779346711,0.1235260590954887,0.0013966359968600166,0.12002867123962148,0.12550348434731273,1.1071009416543942,1.1042132142530448,0.002852135099748167,1.1015107568588878,1.1126911264499006,0.12034911326700247,0.12480822709973044,0.0031479775239987664,0.11417907731996489,0.12651914921404006,0.1645750137189823,0.16385985246032153,0.0012638911349619514,0.16209778709445688,0.16705224034350774,0.16453163991101483,0.16381647865235405,0.0012638911349619514,0.1620544132864894,0.16700886653554026,0.16453420557513232,0.16379517229116564,0.0012637119865137286,0.16205733008156542,0.16701108106869922,-2.5656641172532273e-06,-4.771546828700512e-06,9.054457045561386e-06,-2.031239992655354e-05,1.5181071692047089e-05
strong_low_noise,720,1.4384498882876659e-09,148.5742984112094,4.6005811810141684e-05,0.9423345630257405,200,137.49650005007413,137.4571392121336,0.042751402125306884,137.41270730190854,137.58029279823973,1.088046647661909,1.0872368148845608,0.0011652301132969447,1.085762796639847,1.090330498683971,0.1283719004687893,0.12908231408351376,0.0014023946500318445,0.12562320695472687,0.13112059398285172,1.0884911691545285,1.0851842484599143,0.0027214418759032113,1.0831571430777582,1.0938251952312987,0.12591119385493763,0.1294096420771197,0.0031567351380737286,0.11972399298431312,0.13209839472556215,0.1457580904479788,0.14494825767063046,0.0011652301132969445,0.14347423942591678,0.14804194147004082,0.14571208463616867,0.14490225185882033,0.0011652301132969445,0.14342823361410664,0.1479959356582307,0.1457150477309673,0.14492691934152374,0.0011650630606810796,0.1434315241320324,0.1479985713299022,-2.9630947987297363e-06,-3.092819302323583e-06,9.545278285269372e-06,-2.1671840237857705e-05,1.574565064039823e-05
strong_low_noise,720,1.8329807108324374e-09,137.69103220091984,4.9163220129884444e-05,0.9423377204340603,200,127.52878153042457,127.49899170662196,0.042494305873189905,127.44549269091311,127.61207036993602,1.070828873265723,1.0692296103687564,0.0010728157407510527,1.0687261544138509,1.072931592117595,0.13424554191849836,0.1349553824505129,0.0014050426614572134,0.1314916583020422,0.1369994255349545,1.0714286396949004,1.0682459599535528,0.0025922565794130573,1.0663478167992508,1.07650946259055,0.13176898973262832,0.13546386874298086,0.0031635402845249807,0.12556845077495937,0.13796952869029727,0.12854031605179275,0.12694105315482596,0.0010728157407510527,0.12643759719992068,0.13064303490366483,0.12849115283166282,0.12689188993469602,0.0010728157407510527,0.12638843397979074,0.1305938716835349,0.12849464518340473,0.12679623895775793,0.0010726479481294826,0.12639225520507094,0.1305970351617385,-3.4923517420053286e-06,-1.4235316426081512e-06,9.908149418249956e-06,-2.291232460177524e-05,1.5927621117764587e-05
strong_low_noise,720,2.335721469090121e-09,126.88107659543815,5.2855489724223936e-05,0.9423414127036546,200,117.70469426786195,117.67912385649176,0.04186845027500194,117.62263210532295,117.78675643040096,1.0551747754822471,1.0538054884608419,0.000985880369993566,1.0532424499570598,1.0571071010074344,0.14035938981819956,0.1410609394361737,0.0014038190122820592,0.13760790455412672,0.1431108750822724,1.0558757873606368,1.0535457421287653,0.002464769653989952,1.0510448388388165,1.0607067358824571,0.1379028084712868,0.14248299316968982,0.003167548197713895,0.13169441400376758,0.14411120293880603,0.11288621826831674,0.11151693124691153,0.000985880369993566,0.11095389274312935,0.11481854379350413,0.11283336277859252,0.11146407575718731,0.000985880369993566,0.11090103725340512,0.11476568830377991,0.11283749648003984,0.11163337769998877,0.0009856940112256045,0.11090553621803766,0.11476945674204202,-4.1337014477296865e-06,1.7810054591069785e-07,1.0116336001207883e-05,-2.3961720010097137e-05,1.5694317114637764e-05
strong_low_noise,720,2.9763514416313133e-09,116.27295870467611,5.705750445861302e-05,0.942345614718389,200,108.10938726697073,108.10427052274727,0.040907780797892146,108.02920801660686,108.1895665173346,1.0410243148783633,1.039777129676383,0.0009041045528717695,1.0392522699547346,1.042796359801992,0.1466802858088013,0.1470977791029091,0.0013979660507627196,0.14394027234930637,0.14942029926829622,1.0417728908606896,1.0385478186328931,0.002339762007537781,1.0371869573259156,1.0463588243954636,0.1442871361880573,0.14851920526005302,0.003167926676881501,0.13807799990136957,0.15049627247474504,0.09873575766443299,0.09748857246245268,0.0009041045528717695,0.09696371274080431,0.10050780258806166,0.09867870015997436,0.09743151495799407,0.0009041045528717694,0.09690665523634569,0.10045074508360304,0.09868355022588578,0.09746572645304574,0.0009038774089660886,0.09691195050431224,0.10045514994745931,-4.8500659110153305e-06,6.427739057430644e-06,1.0152477012184268e-05,-2.4748920854896494e-05,1.5048789032865834e-05
strong_low_noise,720,3.792690190732238e-09,105.97833332667848,6.170537019634798e-05,0.9423502625841267,200,98.81739291458064,98.8140180557478,0.0396499749060004,98.73967896376487,98.8951068653964,1.0283020113290349,1.0274253795477097,0.0008274590621515537,1.026680191567218,1.0299238310908518,0.15316839973409585,0.15429547360135326,0.001386746136996535,0.15045037730558264,0.15588642216260906,1.0290471148832112,1.0261902929254936,0.0022184034788298016,1.0246990440647048,1.0333951857017176,0.1508886626845103,0.15368937374228203,0.0031639548523960774,0.14468731117381398,0.1570900141952066,0.08601345411510451,0.0851368223337795,0.0008274590621515538,0.08439163435328746,0.08763527387692156,0.08595174874490816,0.08507511696358316,0.0008274590621515537,0.08432992898309111,0.08757356850672521,0.0859573384826782,0.08514819717124814,0.0008271639004062977,0.08433609723788185,0.08757857972747454,-5.5897377699349975e-06,1.0241184137648406e-05,1.0015668997176556e-05,-2.522044900440105e-05,1.4040973464531052e-05
strong_low_noise,720,4.832930238571752e-09,96.09012929401715,6.669936936162107e-05,0.942355256583292,200,89.8920623690322,89.88557889856955,0.038134313223836994,89.81731911511348,89.96680562295093,1.0169238819914879,1.0161443995711907,0.0007560199553498036,1.0154420828790023,1.0184056811039734,0.1597760531499892,0.16095882182987353,0.0013694657005224983,0.1570919003769651,0.16246020592301327,1.0176192409974143,1.0144931116709626,0.0021020175809087415,1.0134992865388333,1.0217391954559953,0.1576640154735652,0.16050528750658272,0.003155109916302622,0.15148000003761206,0.16384803090951836,0.07463532477755758,0.07385584235726039,0.0007560199553498036,0.07315352566507197,0.07611712389004319,0.07456862540819592,0.07378914298789874,0.0007560199553498036,0.07308682629571031,0.07605042452068153,0.07457491651366527,0.07387085255613818,0.0007556229534764904,0.07309389552485135,0.07605593750247919,-6.29110546922681e-06,2.0154119271756856e-06,9.728360936573153e-06,-2.535869290491019e-05,1.2776481966456568e-05
strong_low_noise,720,6.158482110660254e-09,86.68230537794,7.191552375973576e-05,0.9423604727376901,200,81.38554535330718,81.39011960767002,0.03640053139816429,81.31420031176678,81.45689039484758,1.0068019342782153,1.0055899631177796,0.0006898241301840485,1.0054498789830546,1.008153989573376,0.16644703317406428,0.16779117966495374,0.0013455114459288168,0.1638098307400438,0.16908423560808478,1.0074078346876234,1.004347849472806,0.0019918646633378246,1.0035037799474813,1.0113118894277655,0.16455795342163815,0.1684141419387888,0.003141123811481676,0.15840135075113407,0.17071455609214223,0.06451337706428488,0.06330140590384925,0.0006898241301840485,0.06316132176912415,0.06586543235944561,0.06444146154052514,0.06322949038008951,0.0006898241301840485,0.06308940624536441,0.06579351683568588,0.06444835080591949,0.06337262671454874,0.0006892830068139438,0.06309735611256416,0.06579934549927481,-6.8892653943347736e-06,-1.3124664983350703e-06,9.342176616807543e-06,-2.519993156327756e-05,1.1421400774608012e-05
strong_low_noise,720,7.847599703514623e-09,77.81072833796223,7.72247380621538e-05,0.9423657819519925,200,73.3391048046561,73.33821612444316,0.034488781296182096,73.27150679331558,73.40670281599662,0.9978464000716278,0.9964912302234139,0.0006288081878673341,0.9966139360234079,0.9990788641198478,0.17311711483050388,0.1748285156526398,0.0013144064456564188,0.1705408781970173,0.17569335146399045,0.9983310224001072,0.9959719601700028,0.0018889797992892885,0.9946286219935002,1.0020334228067143,0.1715030576222255,0.17441432017846875,0.0031220057493088842,0.1653839263535801,0.17762218889087092,0.055557842857697395,0.054202673009483504,0.0006288081878673341,0.05432537880947742,0.05679030690591737,0.05548061811963525,0.05412544827142135,0.000628808187867334,0.054248154071415276,0.05671308216785522,0.0554879417047388,0.0542447334249998,0.0006280705208822154,0.05425692348380966,0.056718959925667944,-7.323585103601569e-06,8.823126052442033e-07,8.942834085615762e-06,-2.4851539911408465e-05,1.0204369704205325e-05
strong_low_noise,720,1e-08,69.51460739770063,8.251645012032072e-05,0.9423710736640507,200,65.78355644339426,65.77770253768216,0.032440232352130935,65.71997358798409,65.84713929880444,0.989966464236774,0.9884407638172086,0.0005728346607633214,0.9888437083016779,0.9910892201718702,0.17971627394480727,0.18191285265306678,0.0012758928932853333,0.17721552387396802,0.18221702401564652,0.9903066362647927,0.9878564315926477,0.0017940838257937202,0.9867902319662369,0.9938230405633484,0.17842173046104598,0.18118494497164384,0.003098041209162382,0.17234956969108772,0.18449389123100424,0.04767790702284369,0.04615220660327829,0.0005728346607633214,0.04655515108774758,0.0488006629579398,0.04759539057272333,0.04606969015315793,0.0005728346607633214,0.04647263463762722,0.048718146507819436,0.04760293488013603,0.04618521779891116,0.000571836298387493,0.04648213573529655,0.04872373402497552,-7.544307412673282e-06,1.3694895471814256e-06,8.653969526491603e-06,-2.4506087684596826e-05,9.41747285925026e-06
strong_low_noise,720,1.274274985703132e-08,61.81804615092294,8.772344311763769e-05,0.9423762806570479,200,58.73971448791509,58.73614839288825,0.030297375060595922,58.68033163279632,58.79909734303386,0.9830706085460779,0.9815797416131992,0.0005217737282857339,0.9820479320386378,0.9840932850535179,0.1861723804728869,0.1890608244639208,0.0012300389602592859,0.18376150411077868,0.1885832568349951,0.9832518966016557,0.980784458098273,0.0017075673488662242,0.9799050645978779,0.9865987286054335,0.1852304873931674,0.18828972333060623,0.0030697833250012277,0.179213712076165,0.19124726271016979,0.04078205133214745,0.03929118439926882,0.0005217737282857339,0.03975937482470741,0.04180472783958749,0.040694327889029866,0.03920346095615124,0.0005217737282857339,0.039671651381589824,0.04171700439646991,0.04070184389759873,0.03913739222698236,0.0005204366703240157,0.03968178802376366,0.041721899771433806,-7.5160085688676805e-06,8.835177874239144e-06,8.634910120785103e-06,-2.4440432405606482e-05,9.40841526787112e-06
strong_low_noise,720,1.623776739188721e-08,54.73154831810623,9.284633089087085e-05,0.9423814035448213,200,52.21886641279973,52.210400911919685,0.028103130781600757,52.16378427646779,52.27394854913167,0.97706757173308,0.9757630229728365,0.0004755880249744305,0.9761354192041302,0.9779997242620299,0.19241535519167946,0.1958759171248564,0.0011773505763538479,0.1901077480620259,0.19472296232133302,0.9770837256711546,0.9747517238370459,0.001629529070201016,0.9738898486935607,0.9802776026487486,0.19184546394136784,0.19424193203253626,0.003038043204261451,0.1858908992610154,0.19780002862172028,0.034779014519149734,0.03347446575890611,0.0004755880249744305,0.03384686199019985,0.03571116704809962,0.03468616818825883,0.03338161942801521,0.0004755880249744305,0.033754015659308946,0.03561832071720871,0.03469338476748289,0.03334646740970766,0.00047381706545281994,0.033764703319195365,0.035622066215770416,-7.216579223949152e-06,2.4196912739761105e-06,9.060907338427907e-06,-2.497595760726785e-05,1.0542799159369544e-05
strong_low_noise,720,2.0691380811147902e-08,48.25357118960106,9.79795027331587e-05,0.9423865367166635,200,46.22340535212584,46.206347489020075,0.025898520394823227,46.17264425215198,46.27416645209969,0.9718682937044184,0.9706367399659507,0.00043436814528233496,0.971016932139665,0.9727196552691718,0.19838044820852865,0.20125486876497628,0.001118853339638508,0.1961874956628372,0.20057340075422012,0.9717201680458625,0.96882583280239,0.0015598369341361382,0.9686628876549557,0.9747774484367693,0.19818746467901938,0.19971275430314772,0.0030038684918805105,0.19229988243493357,0.20407504692310519,0.029579736490488253,0.028348182752020334,0.000434368145282335,0.028728374925734875,0.03043109805524163,0.029481756987755094,0.028250203249287176,0.000434368145282335,0.028630395423001716,0.030333118552508472,0.029488388955895603,0.028279877586024516,0.00043204596504891474,0.02864157886439973,0.030335199047391476,-6.631968140524973e-06,-5.04914809597072e-06,1.008482368183617e-05,-2.6398222556923866e-05,1.3134286275873922e-05
strong_low_noise,720,2.6366508987303555e-08,42.37229886364001,0.00010334403728871205,0.9423919012512191,200,40.747743479875474,40.72906445929318,0.023719595643515824,40.70125307241418,40.794233887336766,0.9673883832062558,0.9663294964172627,0.00039828744311675015,0.966607739817747,0.9681690265947646,0.20400986038540483,0.2069940202000315,0.0010561058727843978,0.20193989287474742,0.20607982789606225,0.9670825394541286,0.9641815305710206,0.001498180861528895,0.964146104965532,0.9700189739427252,0.20418529822572126,0.205729133993919,0.002968489060224165,0.1983670596676819,0.21000353678376063,0.02509982599232536,0.02404093920333239,0.0003982874431167501,0.02431918260381653,0.02588046938083419,0.024996481955036627,0.023937595166043657,0.0003982874431167501,0.024215838566527797,0.025777125343545457,0.025002230246750804,0.02389119444831024,0.0003952683194348243,0.024227504340658547,0.02577695615284306,-5.7482917141739246e-06,6.989710887837746e-09,1.1812194243683395e-05,-2.8900192431793378e-05,1.740360900344553e-05
strong_low_noise,720,3.3598182862837814e-08,37.067673861454125,0.00010933683822361706,0.942397894052154,200,35.7795090779618,35.762653369250884,0.0215950200612609,35.73718283864173,35.82183531728187,0.9635501273198159,0.9623849816442935,0.0003674842980290205,0.962829858095679,0.9642703965439529,0.20925312108126368,0.21265833512110466,0.0009911186728191184,0.2073105284825382,0.21119571367998916,0.9630973512119332,0.9610456427299492,0.001444100993433072,0.9602669132648044,0.965927789159062,0.20977740075820442,0.2107902501114014,0.0029332158504580485,0.20402829769130665,0.2155265038251022,0.02126157010588568,0.020096424430363136,0.0003674842980290204,0.020541300881748797,0.02198183933002256,0.021152233267662007,0.019987087592139463,0.0003674842980290204,0.020431964043525125,0.02187250249179889,0.021156776599211603,0.019915213187803593,0.0003635865049752674,0.020444147049460078,0.021869406148963128,-4.543331549500318e-06,1.135387576533662e-06,1.4319028196446213e-05,-3.26086268145349e-05,2.352196371553426e-05
strong_low_noise,720,4.281332398719396e-08,32.313504288040306,0.00011660930478125942,0.9424051665187116,200,31.30087490719865,31.28410978990766,0.0195455762647212,31.262565577719798,31.339184236677504,0.9602832142818079,0.9592081136791294,0.0003419263031220513,0.9596130387276887,0.960953389835927,0.21406754914395165,0.21732410332908964,0.0009261788465141408,0.21225223860478393,0.21588285968311938,0.9596971497291724,0.9577636779032873,0.0013969967049065708,0.9569590361875555,0.9624352632707893,0.21491289839172545,0.21713829161721054,0.0028993021196623238,0.2092302662371873,0.2205955305462636,0.017994657067877496,0.016919556465199048,0.0003419263031220513,0.017324481513758275,0.018664832621996717,0.017878047763096195,0.016802947160417747,0.0003419263031220513,0.017207872208976974,0.018548223317215416,0.017881026574403852,0.01697062172231669,0.0003369222129136323,0.017220659037093133,0.01854139411171457,-2.9788113075943416e-06,1.172976382361778e-08,1.7691276024193828e-05,-3.7653712315014244e-05,3.1696089699825566e-05
strong_low_noise,720,5.4555947811685146e-08,28.079341266948934,0.00012619394739685208,0.9424147511613272,200,27.28979055036504,27.283244070514467,0.017585884282766653,27.255322217170818,27.324258883559263,0.9575240941308926,0.9566587080767024,0.0003213351591887311,0.9568942772188826,0.9581539110429025,0.21841989392387148,0.22177313344094485,0.0008636150000098546,0.21672720852385216,0.2201125793238908,0.9568201190341434,0.9546863397139371,0.0013561349890711522,0.954162094455564,0.9594781436127229,0.21955328425075918,0.22159937490957846,0.0028678026365519752,0.21393239108311732,0.22517417741840104,0.015235536916962182,0.014370150862772102,0.0003213351591887311,0.01460572000495227,0.015865353828972095,0.015109342969565303,0.014243956915375222,0.0003213351591887311,0.01447952605755539,0.015739159881575215,0.015110336629349607,0.014324731911315548,0.0003149365038812017,0.014493061081742451,0.015727612176956764,-9.936597843270802e-07,1.8880580404739158e-06,2.2052206484941648e-05,-4.4215984494812715e-05,4.222866492615855e-05
strong_low_noise,720,6.951927961775605e-08,24.331901394839903,0.0001397042477504079,0.9424282614616808,200,23.720957307293073,23.713777870608627,0.01572730020312232,23.690131798894953,23.751782815691193,0.9552147278953302,0.9543628235215935,0.0003052230255268713,0.9546164907652975,0.955812965025363,0.22228892621889734,0.22525341420244674,0.0008055671570927208,0.22071001459099562,0.22386783784679906,0.9544091076661365,0.953113747434176,0.0013206739336650973,0.9518205867561529,0.9569976285761201,0.22367469813761431,0.22599751985669675,0.002839477815034202,0.2181093216201473,0.22924007465508134,0.012926170681399736,0.012074266307663173,0.0003052230255268713,0.012327933551367068,0.013524407811432404,0.012786466433649286,0.011934562059912723,0.0003052230255268713,0.012188229303616618,0.013384703563681955,0.012784963923350793,0.011914372627304461,0.0002970580544647869,0.012202730136599811,0.013367197710101775,1.5025102985099722e-06,1.3121175001472046e-05,2.7571282153664647e-05,-5.253720272267274e-05,5.554222331969268e-05
strong_low_noise,720,8.858667904100815e-08,21.036030410013645,0.000159642179121032,0.9424481993930514,200,20.566544488889072,20.562638743678313,0.013980250592861267,20.539143197727064,20.59394578005108,0.9533017714947414,0.952422027413091,0.0002930187757219593,0.9527274546943263,0.9538760882951565,0.22566742504518117,0.22846056799168923,0.0007538313777683597,0.22418991554475518,0.22714493454560716,0.952411057288556,0.9516790788968531,0.0012897025286060884,0.949883240332488,0.954938874244624,0.22726946247730648,0.22840037545158393,0.002814774416182929,0.22175250462158794,0.23278642033302502,0.011013214280810901,0.010133470199160721,0.0002930187757219593,0.010438897480395861,0.01158753108122594,0.01085357210168989,0.00997382802003971,0.0002930187757219593,0.01027925530127485,0.01142788890210493,0.01084893547975853,0.010074153397784292,0.0002825989345424641,0.0102950415680553,0.01140282939146176,4.636621931333661e-06,1.9275309583459733e-05,3.446211154052813e-05,-6.290911668810147e-05,7.21823605507688e-05
strong_low_noise,720,1.1288378916846883e-07,18.15539710047631,0.00018985869251892523,0.9424784159064493,200,17.796780770530304,17.791412849969714,0.01235472191492093,17.77256551557706,17.82099602548355,0.9517368165281723,0.9508008355549689,0.00028420495810574294,0.951179774810285,0.9522938582460596,0.22856190715304936,0.23095551984684434,0.0007098080632611719,0.22717068334905746,0.22995313095704126,0.9507774265573775,0.9499863708130307,0.0012622847194550173,0.9483033485072456,0.9532515046075094,0.23034533938057725,0.2308442877426395,0.002793878572844506,0.22486933737780201,0.23582134138335248,0.009448259314241973,0.00851227834103846,0.00028420495810574294,0.008891217596354717,0.01000530103212923,0.009258400621723,0.008322419648519486,0.00028420495810574294,0.008701358903835743,0.009815442339610255,0.009249820590429475,0.008392465527115332,0.00027088040340608483,0.008718894999753549,0.009780746181105401,8.580031293549474e-06,2.6240154386878112e-05,4.297432948407422e-05,-7.5649654495236e-05,9.280971708233494e-05
strong_low_noise,720,1.438449888287663e-07,15.653137047933015,0.0002362226896743605,0.9425247799036047,200,15.38056894663631,15.37709269265642,0.010858956156649604,15.359285392569276,15.401852500703342,0.9504775518400765,0.9494378718620295,0.0002783949304785282,0.9499318977763386,0.9510232059038145,0.23098971709082666,0.23351166962425476,0.0006745174860319348,0.22966766281820408,0.23231177136344924,0.9494654829853597,0.9486085480246811,0.0012374931091146048,0.9470399964914951,0.9518909694792244,0.23292216376813257,0.2329345835942743,0.002776805308301877,0.2274796253638609,0.23836470217240424,0.008188994626146166,0.007149314648099203,0.0002783949304785282,0.00764334056240825,0.008734648689884082,0.007952771936471785,0.006913091958424822,0.0002783949304785282,0.007407117872733869,0.0084984260002097,0.007939216693204666,0.007154768322623084,0.0002612996708837826,0.007427069338272452,0.00845136404813688,1.3555243267084075e-05,4.272521773918658e-05,5.337928116995602e-05,-9.106814782602973e-05,0.00011817863436019788
strong_low_noise,720,1.8329807108324338e-07,13.492542019275113,0.00030755731153178645,0.9425961145254621,200,13.286173755752992,13.28147195245569,0.009497617610564906,13.267558425236285,13.3047890862697,0.9494892288794038,0.9484052805546439,0.0002753381246411493,0.9489495661551072,0.9500288916037004,0.2329746107567948,0.23554706474030002,0.0006486188938802744,0.23170331772478944,0.23424590378880014,0.9484398712870146,0.9481934558131353,0.0012144256584426748,0.9460595969964669,0.9508201455775622,0.23502698872204306,0.23449332802945877,0.0027634840415764754,0.22961056000055316,0.24044341744353295,0.0072006716654734945,0.0061167233407135035,0.0002753381246411493,0.006661008941176842,0.007740334389770147,0.006893114353941736,0.005809166029181745,0.0002753381246411493,0.006353451629645083,0.007432777078238389,0.006873277021302034,0.005961895165784091,0.00025332795278992304,0.006376754233833784,0.007369799808770283,1.9837332639714642e-05,5.1244534331213904e-05,6.594669561992121e-05,-0.00010941819077533093,0.0001490928560547602
strong_low_noise,720,2.3357214690901212e-07,11.637737050362711,0.00041688650307709907,0.9427054437170075,200,11.481914362039634,11.477529947986945,0.00827091880746612,11.465703361177,11.498125362902266,0.9487459157741549,0.9475732929406145,0.0002748881089393102,0.9482071350806338,0.949284696467676,0.234542432610361,0.23712591666419378,0.0006324168051048401,0.23330289567235551,0.2357819695483665,0.9476739608716417,0.9473882923200113,0.0011922093192359357,0.9453372306059392,0.9500106911373442,0.23668934657150104,0.23665413478030206,0.0027538200158649284,0.23129185934040578,0.2420868338025963,0.0064573585602244864,0.005284735726684198,0.0002748881089393102,0.005918577866703439,0.006996139253745534,0.006040472057147346,0.004867849223607057,0.0002748881089393102,0.005501691363626298,0.006579252750668394,0.006012728099144196,0.004990310936524504,0.00024648074011270147,0.005529625848523301,0.00649583034976509,2.774395800320012e-05,5.7097066669066195e-05,8.090869807434795e-05,-0.00013083709022252186,0.0001863250062289221
strong_low_noise,720,2.976351441631313e-07,10.054225560643511,0.0005829798403707356,0.942871537054301,200,9.936749941840203,9.93225509077603,0.007175343352148243,9.922686268869992,9.950813614810414,0.9482314856897274,0.947063779401337,0.0002769661472582777,0.9476886320411011,0.9487743393383536,0.23571767491640078,0.23831406749843892,0.0006259083806006307,0.23449089449042354,0.236944455342378,0.9471509152320988,0.946957086854883,0.001170000079879279,0.9448577150755354,0.9494441153886622,0.23793742799506123,0.237327945811465,0.0027477349955373973,0.23255186740380793,0.24332298858631454,0.0059429284757970356,0.004775222187406669,0.0002769661472582777,0.005400074827170811,0.00648578212442326,0.005359948635426335,0.004192242347035968,0.0002769661472582777,0.0048170949868001104,0.005902802284052559,0.00532234185619429,0.004369000869373576,0.00024030498951338198,0.0048513440767480615,0.005793339635640519,3.760677923199544e-05,5.361827828988143e-05,9.840806549171541e-05,-0.00015527302913176676,0.00023048658759575766
strong_low_noise,720,3.792690190732246e-07,8.709237375402362,0.0008320636053589306,0.9431206208192893,200,8.620697938485627,8.617136740060129,0.006205412072560646,8.608535330823408,8.632860546147846,0.9479406048997976,0.9464837715265226,0.00028151892230910856,0.9473888278120718,0.9484923819875234,0.23652051733869045,0.23905992853880687,0.0006289293810135336,0.2352878157519039,0.237753218925477,0.9468647291969665,0.9467617684924905,0.0011469873672013348,0.9446166339572519,0.9491128244366811,0.2387948000005184,0.2379218963335955,0.002745198921706218,0.2334142101139742,0.24417538988706258,0.005652047685867157,0.0041952143125923436,0.00028151892230910856,0.005100270598141304,0.006203824773593009,0.004819984080508232,0.00336315070723342,0.00028151892230910856,0.00426820699278238,0.005371761168234085,0.00477026656415889,0.00374174837433285,0.00023439700281433878,0.004310848438642786,0.005229684689674994,4.971751634935514e-05,6.989408858624045e-05,0.00011843001519137193,-0.00018240531342573384,0.0002818403461244441
strong_low_noise,720,4.832930238571752e-07,7.571915714296506,0.0011993592469317776,0.9434879164608622,200,7.505113298305824,7.503435892199715,0.0053553197022616445,7.4946168716893915,7.515609724922257,0.9478798321993719,0.9464131017284182,0.00028844535469317015,0.9473144793041732,0.9484451850945705,0.2369634161883755,0.2395964646710756,0.000641378786409204,0.23570631376701345,0.23822051860973753,0.9468213241042587,0.9463634847381605,0.0011224054711806506,0.9446214093807446,0.9490212388277728,0.23927675635141277,0.24022267184314147,0.002746258059233484,0.23389409055531513,0.2446594221475104,0.005591274985441568,0.004124544514487849,0.00028844535469317015,0.005025922090242954,0.006156627880640182,0.004391915738509749,0.0029251852675560297,0.00028844535469317015,0.0038265628433111353,0.004957268633708363,0.004327671207680083,0.00334993993064436,0.00022843500139279113,0.0038799386049502126,0.004775403810409954,6.424453082971641e-05,7.847284275509549e-05,0.000140722064767182,-0.0002115707161139603,0.00034005977777339314
strong_low_noise,720,6.158482110660254e-07,6.6134408721159454,0.0017298239340581695,0.9440183811479885,200,6.562911147060463,6.562736819353657,0.004619554091854209,6.553856821040429,6.571965473080497,0.9480683769796395,0.9467058685105256,0.0002974798812709508,0.9474853164123485,0.9486514375469306,0.2370467335230603,0.2397828909389902,0.0006634240712325048,0.2357464223434446,0.238347044702676,0.9470392389601291,0.9468739845257863,0.0010955503553944468,0.9448919602635559,0.9491865176567023,0.2393858081666426,0.24028640909694887,0.002751055693587282,0.23399373900721152,0.24477787732607367,0.0057798197657091864,0.004417311296595339,0.0002974798812709508,0.005196759198418123,0.00636288033300025,0.004049995831651002,0.0026874873625371554,0.0002974798812709508,0.0034669352643599384,0.004633056398942066,0.003968873746348456,0.002992030761887197,0.00022220309678006747,0.0035333556766595233,0.0044043918160373875,8.112208530257448e-05,9.875411546983131e-05,0.00016471533330819076,-0.0002417199679814794,0.0004039641385866283
strong_low_noise,720,7.847599703514607e-07,5.807176045052332,0.002477179458627611,0.9447657366725579,200,5.768804691227904,5.7693643716112035,0.003992378366068362,5.76097962963041,5.776629752825397,0.9485374465163425,0.9473396716440242,0.00030805961476598417,0.9479336496714011,0.9491412433612839,0.2367538180497469,0.23966396477747598,0.0006955805491539684,0.23539048017340514,0.23811715592608867,0.9475488585311921,0.948144800464896,0.0010657995168511917,0.9454598914781638,0.9496378255842204,0.23910673386694625,0.23886338066137847,0.0027598357812086494,0.2336974557357773,0.2445160119981152,0.006248889302412186,0.005051114430093873,0.00030805961476598417,0.005645092457470857,0.006852686147353515,0.00377170984378461,0.0025739349714662962,0.00030805961476598417,0.0031679129988432812,0.0043755066887259395,0.0036717833989987412,0.002739383377126951,0.00021559352655944658,0.003249220086942226,0.004094346711055257,9.992644478581914e-05,0.00012565524524524134,0.00018947200853479038,-0.00027143869194237,0.00047129158151400826
strong_low_noise,720,1e-06,5.128859966545513,0.003500211694818324,0.9457887689087486,200,5.099575931460991,5.100896109313059,0.0034666826123023204,5.092781233540879,5.106370629381103,0.9493268609526052,0.9484213988257345,0.00031923931404756695,0.9487011518970719,0.9499525700081385,0.23604681010060952,0.23905309251160733,0.0007386068638110823,0.23459914064753978,0.23749447955367925,0.9483888865310474,0.9493534260171947,0.0010326352749152974,0.9463649213922134,0.9504128516698813,0.23840246358532646,0.2376872058428725,0.00277291726438383,0.23296754574713416,0.24383738142351877,0.007038303738674816,0.006132841611804163,0.00031923931404756695,0.006412594683141585,0.007664012794208047,0.0035380920438565274,0.0026326299169858736,0.00031923931404756695,0.0029123829883232963,0.0041638010993897585,0.0034183207032505115,0.0024633085339938526,0.0002085865708784194,0.0030094910243288094,0.0038271503821722137,0.00011977134060598221,0.00015703089281176902,0.00021369319887428386,-0.0002990673291876142,0.0005386100103995786
strong_low_noise,720,1.2742749857031322e-06,4.556809444678336,0.0048556797110469035,0.9471442369249773,200,4.534341267458342,4.5355139140342775,0.003032938871685436,4.528396707269839,4.540285827646845,0.9504780411114393,0.9497148364950677,0.0003297217483738144,0.9498317864846266,0.951124295738252,0.23486501164112383,0.23781978198743145,0.0007932174265449389,0.23331030548509576,0.2364197177971519,0.9495992122463872,0.9502431301125527,0.000995675602415559,0.9476476880656527,0.9515507364271217,0.23721264736972827,0.2375976365089798,0.002790624829923233,0.23174302270307873,0.24268227203637782,0.008189483897509075,0.007426279281137371,0.0003297217483738144,0.007543229270696399,0.008835738524321752,0.0033338041864621297,0.002570599570090426,0.0003297217483738144,0.0026875495596494535,0.003980058813274806,0.0031945295787347066,0.0022897309877257634,0.00020121476901547233,0.002800148631464381,0.0035889105260050323,0.0001392746077274679,0.00017227181601157764,0.00023582107118579623,-0.0003229346917966927,0.0006014839072516285
strong_low_noise,720,1.6237767391887209e-06,4.072064965495742,0.0065882086720570505,0.9488767658859873,200,4.054747255410256,4.056071184845972,0.0026789278315715427,4.049496556860376,4.059997953960137,0.9520236884191366,0.9513645438924878,0.0003380340892005631,0.9513611416043035,0.9526862352339698,0.23312792886529782,0.23596183093565887,0.0008596654312262959,0.23144298462009427,0.23481287311050136,0.9512105366710912,0.9516852358573045,0.0009547172676102044,0.9493392908265752,0.9530817825156073,0.23545702764834822,0.23597666209055213,0.002813164105597444,0.22994322600137723,0.2409708292953192,0.009735131205206455,0.009075986678557468,0.0003380340892005631,0.009072584390373352,0.010397678020039559,0.00314692253314945,0.002487778006500463,0.0003380340892005631,0.002484375718316346,0.0038094693479825536,0.0029902692245352457,0.002160244004502783,0.000193521504262799,0.00261096707618016,0.0033695713728903315,0.00015665330861416795,0.0002531556224497543,0.0002542504406110817,-0.00034167755498355225,0.0006549841722118881
strong_low_noise,720,2.06913808111479e-06,3.658420133289792,0.008719127923436886,0.9510076851373672,200,3.6450400849048306,3.6449624824238573,0.0023906309957263424,3.640354448153207,3.6497257216564543,0.9539762192664827,0.9532792694509337,0.0003428197870499074,0.9533042924838648,0.9546481460491005,0.2307448696804888,0.23366010125722575,0.0009373086724970307,0.2289077446823946,0.23258199467858298,0.9532328567908567,0.9535681654546051,0.0009097895101445037,0.9514496693509734,0.9550160442307399,0.2330454910123072,0.2341519666573948,0.0028404456196429563,0.227478217597807,0.2386127644268074,0.011687662052552424,0.01099071223700332,0.0003428197870499074,0.011015735269934605,0.012359588835170243,0.002968534129115549,0.0022715843135664437,0.0003428197870499074,0.0022966073464977307,0.0036404609117333675,0.002798556352423711,0.002053235622995561,0.00018552662349670987,0.0024349241703701596,0.0031621885344772626,0.00016997777669180698,0.0002542476474062643,0.0002676253124590289,-0.00035456783572788964,0.0006945233891115036
strong_low_noise,720,2.6366508987303555e-06,3.3023092582021345,0.011237659986201316,0.9535262172001316,200,3.2919855442503603,3.29145264867823,0.002154141479722728,3.2877634269501037,3.296207661550617,0.9563185176586372,0.9556286910695602,0.0003431574122123155,0.955645929130701,0.9569911061865733,0.22763172822593267,0.23041839176011225,0.001024332100699451,0.22562403730856173,0.2296394191433036,0.9556463822340808,0.9555162246354745,0.0008612028949018926,0.9539584245600731,0.9573343399080886,0.22989536075469974,0.2300502742800874,0.0028719021378575816,0.22426643256449888,0.2355242889449006,0.014029960444706786,0.013340133855629766,0.0003431574122123154,0.013357371916770649,0.014702548972642924,0.0027923004585054885,0.0021024738694284673,0.0003431574122123154,0.0021197119305693506,0.0034648889864416265,0.0026147494612674214,0.0019285076755003508,0.0001772119905876442,0.002267413959715639,0.002962084962819204,0.00017755099723804958,0.00012095668101991936,0.00027514608633832097,-0.0003617353319850595,0.0007168373264611587
strong_low_noise,720,3.359818286283781e-06,2.9925694575914337,0.014098092659504458,0.9563866498734348,200,2.984657736452493,2.9853746271805406,0.001957785956233595,2.980820475978275,2.988494996926711,0.9590007543248259,0.9583105422085022,0.000338788591115862,0.9583367286862388,0.959664779963413,0.22373286142264767,0.2266351712125651,0.0011178254948325992,0.2215419234527758,0.22592379939251955,0.9583986072257236,0.9585873723032695,0.0008095656592153017,0.9568118585336616,0.9599853559177856,0.22595367480459402,0.2252216928658973,0.002906401305710336,0.22025712824540178,0.23165022136378627,0.01671219711089555,0.01602198499457186,0.000338788591115862,0.016048171472308463,0.01737622274948264,0.002614104451391093,0.0019238923350674009,0.000338788591115862,0.0019500788128040034,0.003278130089978182,0.0024357988859928046,0.0017254289439017395,0.00016853371362434468,0.002105472807289089,0.00276612496469652,0.00017830556539829293,0.00011994955853571085,0.0002767777639768028,-0.0003641788519962406,0.0007207899827928264
strong_low_noise,720,4.281332398719387e-06,2.720127187685605,0.01722487497617823,0.9595134321901085,200,2.7141477748224094,2.7146967058277953,0.0017933646796877843,2.7106327800502212,2.7176627695945976,0.9619452378968745,0.961394506735815,0.00033015367848355885,0.9612981366870467,0.9625923391067023,0.21904230629405103,0.2218091889584909,0.0012143388181193417,0.2166622022105371,0.22142241037756494,0.9614094468279609,0.9619038148403942,0.0007557416941677181,0.9599281931073922,0.9628907005485297,0.22121849166378468,0.22157346664543962,0.0029423871640974603,0.21545141282215366,0.2269855705054157,0.019656680682944138,0.019105949521884547,0.00033015367848355885,0.019009579473116364,0.020303781892771912,0.002431805706765943,0.0018810745457063516,0.00033015367848355885,0.0017847044969381677,0.0030789069165937186,0.0022597284484645237,0.0015270590324038122,0.000159455138906274,0.0019471963762082267,0.002572260520720821,0.00017207725830135668,-2.5623968303471573e-05,0.00027325568631375574,-0.0003635038868736046,0.000707658403476318
strong_low_noise,720,5.455594781168514e-06,2.4776712838792476,0.02052446565873472,0.962813022872665,200,2.473255322292689,2.4736553474948906,0.0016558494963140082,2.4700098572799134,2.4765007873054645,0.965058071366293,0.9645551021834384,0.00031819926683909137,0.9644344008032883,0.9656817419292976,0.2136161445728613,0.21586225458525435,0.001310831109663341,0.21104691559792116,0.21618537354780143,0.9645831419091868,0.9651819258068854,0.0007007460422136047,0.9632096796664481,0.9659566041519255,0.215750905343676,0.21509050459928872,0.0029783237689424602,0.20991339075654877,0.22158841993080322,0.022769514152362773,0.02226654496950814,0.00031819926683909137,0.022145843589358154,0.02339318471536739,0.0022450484936281045,0.00174207931077347,0.00031819926683909137,0.0016213779306234854,0.0028687190566327233,0.002085392286664472,0.0014113849092733544,0.00014998241330326393,0.0017914267565900745,0.002379357816738869,0.0001596562069635871,-0.00015277271763229709,0.0002658461462126874,-0.0003614022396132802,0.0006807146535404544
strong_low_noise,720,6.951927961775606e-06,2.2593614271323856,0.02389990966536011,0.9661884668792905,200,2.2562123572490886,2.2566163415518554,0.0015418015402970356,2.2531904262301063,2.259234288268071,0.968243497942659,0.9678371238532226,0.0003040187121940281,0.9676476212667586,0.9688393746185593,0.20756934959978537,0.20897841802804717,0.0014056649505785831,0.20481424629665135,0.2103244529029194,0.9678227612240937,0.9684551806001922,0.0006456051492680498,0.9665573751315284,0.969088147316659,0.2096711846005423,0.2078946190345728,0.003013343734809563,0.20376503088031556,0.21557733832076903,0.025954940728728712,0.025548566639292336,0.0003040187121940281,0.025359064052828416,0.026550817404629008,0.002055031063368561,0.0016486569739321832,0.0003040187121940281,0.0014591543874682659,0.0026509077392688563,0.0019124185280170718,0.0012847258851724308,0.00014018133701252264,0.0016376631074725275,0.002187173948561616,0.00014261253535151499,-0.00015541145189383728,0.0002559233370488261,-0.0003589972052641842,0.0006442222759672142
strong_low_noise,720,8.858667904100815e-06,2.0605907323996413,0.027263255909956985,0.9695518131238874,200,2.0584582736475263,2.05765650616328,0.001447599928074922,2.0556209777884993,2.0612955695065533,0.9714159687205555,0.9709741123411034,0.0002884758257301563,0.9708505561021243,0.9719813813389866,0.20105667407019248,0.20145966388811754,0.001499160246000991,0.19811831998803053,0.20399502815235443,0.9710423078915353,0.971798700063812,0.000591229570186704,0.9698834979339694,0.9722011178491012,0.20313887281909337,0.20199839299211556,0.0030478223397853404,0.1971651410331141,0.20911260460507264,0.02912741150662506,0.02868555512717308,0.0002884758257301563,0.028561998888193954,0.029692824125056166,0.0018641555966680218,0.0014222992172160387,0.0002884758257301563,0.0012987429782369154,0.002429568215099128,0.0017411766550207513,0.0011436314315362865,0.000130163611123176,0.0014860559772193263,0.0019962973328221762,0.00012297894164733044,-5.487374081333739e-05,0.0002445314658180802,-0.0003563027313561068,0.0006022606146507676
strong_low_noise,720,1.1288378916846883e-05,1.8777910814794638,0.03054251668727,0.9728310739012004,200,1.8764553948605152,1.8760183974004434,0.001368733127575826,1.8737726779304666,1.8791381117905637,0.9745066014363728,0.9739682803776586,0.0002719873258521609,0.9739735062777025,0.9750396965950431,0.19424488972166562,0.19515914085749608,0.0015933609666164384,0.1911219022270974,0.19736787721623383,0.9741731074656411,0.9746146355034652,0.0005383420721607997,0.973117957004206,0.9752282579270762,0.19632445286565614,0.1950275450547001,0.003083551922551026,0.19028069109745613,0.20236821463385615,0.03221804422244262,0.03167972316372819,0.0002719873258521609,0.03168494906377239,0.032751139381112855,0.0016755275351725846,0.0011372064764581524,0.00027198732585216096,0.0011424323765023491,0.0022086226938428204,0.0015726297204517769,0.0009816378778369985,0.00012004777353090679,0.0013373360843311995,0.0018079233565723542,0.00010289781472084977,-0.00020406630131565622,0.00023214136830666162,-0.00035209926716020697,0.0005578948966019065
strong_low_noise,720,1.43844988828766e-05,1.7082563105492263,0.03368279173763309,0.9759713489515635,200,1.7075203586289427,1.707032791542812,0.0013006365500602356,1.7049711109908245,1.7100696062670608,0.9774637005641725,0.97695352687225,0.00025456202067684815,0.9769647590036459,0.9779626421246992,0.18728772963595003,0.18835033451133332,0.0016910372106348844,0.18397329670310567,0.1906021625687944,0.9771641787745989,0.9775004424162703,0.0004874763683224797,0.9762087250926869,0.978119632456511,0.189384005732406,0.18952580090068022,0.0031233209820254212,0.18326229660763615,0.19550571485717583,0.035175143350241994,0.034664969658319666,0.00025456202067684815,0.03467620178971537,0.035674084910768615,0.001492351612608887,0.0009821779206865555,0.00025456202067684815,0.0009934100520822648,0.0019912931731355093,0.0014080421925510471,0.000865991884003032,0.00010991576887665674,0.0011926072855528,0.0016234770995492943,8.430942005786257e-05,-0.00020955478589521445,0.00021872037393952834,-0.00034438251286361297,0.0005130013529793382
strong_low_noise,720,1.8329807108324338e-05,1.5499669395977995,0.0366436545620701,0.9789322117760004,200,1.549655081695339,1.5492398123129947,0.0012403487945607252,1.5472239980579998,1.552086165332678,0.9802495663210681,0.9798062074038295,0.00023604608322245473,0.9797869159979521,0.9807122166441841,0.18031239051189762,0.18025412558856885,0.0017943199775939235,0.17679552335581353,0.18382925766798172,0.979978854915299,0.9803767448644942,0.0004390267687812856,0.9791183624484877,0.9808393473821103,0.18244552661118563,0.18263218787214394,0.0031699383286123268,0.17623244748710545,0.1886586057352658,0.037961009107137726,0.037517650189899165,0.00023604608322245473,0.03749835878402172,0.038423659430253734,0.0013173545450676438,0.0008739956278290828,0.00023604608322245473,0.0008547042219516325,0.0017800048681836551,0.001248641043063498,0.0007600448374739356,9.979071012665521e-05,0.0010530512512152538,0.0014442308349117423,6.871350200413294e-05,-0.00022157525574689112,0.0002040455751707072,-0.00033121582533045317,0.0004686428293387191
strong_low_noise,720,2.3357214690901213e-05,1.4014220498695682,0.0393957093747827,0.981684266588713,200,1.4013826176937931,1.4005124027411504,0.001187591130547903,1.3990549390779192,1.403710296309667,0.9828366699253646,0.9824423414590162,0.0002164113949539366,0.9824125035912549,0.9832608362594742,0.17341951459507648,0.1733727743042117,0.0019035540090637459,0.16968854873731154,0.17715048045284143,0.9825907688862549,0.9827079021852035,0.0003933064230886166,0.9818198882970012,0.9833616494755085,0.17560860690448188,0.17670135539335374,0.0032250365419211106,0.1692875352823165,0.18192967852664726,0.04054811271143416,0.04015378424508592,0.0002164113949539366,0.04012394637732444,0.040972279045543875,0.0011524033366515057,0.0007580748703032714,0.0002164113949539366,0.00072823700254179,0.0015765696707612214,0.0010953890351271917,0.0006616283719286753,8.965061780057614e-05,0.0009196738242380625,0.001271104246016321,5.701430152427446e-05,-9.363246389099975e-05,0.00018805213941614182,-0.0003115678917313635,0.0004255964947799124
strong_low_noise,720,2.976351441631313e-05,1.2615020528390948,0.04191835734034953,0.9842069145542799,200,1.2616113645447136,1.2612140721868834,0.00114422091200087,1.2593686915571918,1.2638540375322354,0.985205355752763,0.9848248971000914,0.00019592971981632115,0.984821333501923,0.985589378003603,0.16669202799669466,0.1680437304748478,0.002016869876859955,0.16273896303804916,0.17064509295534017,0.9849813921399907,0.9850183240906856,0.0003505748933837767,0.9842942653489585,0.9856685189310229,0.16895298292627486,0.1699269249181976,0.0032882236838664065,0.16250806450589672,0.175397901346653,0.042916798538832665,0.04253633988616101,0.00019592971981632115,0.04253277628799267,0.04330082078967266,0.0009984411984831254,0.0006179825458114685,0.00019592971981632115,0.000614418947643136,0.0013824634493231147,0.0009489825553146526,0.0005655455912562821,7.947249753405157e-05,0.0007932164601479115,0.0011047486504813936,4.945864316848114e-05,-0.0001268427865867988,0.0001710282413472005,-0.0002857567098720318,0.0003846739962089941
strong_low_noise,720,3.792690190732246e-05,1.129386434272404,0.04419919853956761,0.9864877557534979,200,1.129551823133453,1.1293094589887291,0.00111205867871341,1.1273721881231746,1.1317314581437312,0.9873434926282825,0.9871037774083083,0.00017517186348058465,0.9870001557758605,0.9876868294807044,0.16020553751700795,0.16061184205295714,0.002130623462839021,0.15602951552984345,0.16438155950417244,0.9871395639934123,0.9869531117712504,0.00031102257597977027,0.986529959744492,0.9877491682423326,0.16254907700784632,0.16180772745556632,0.0033570506125750075,0.1559692578071993,0.16912889620849333,0.04505493541435206,0.044815220194378,0.00017517186348058465,0.04471159856193011,0.045398272266774,0.0008557368747845035,0.0006160216548104502,0.00017517186348058465,0.0005124000223625575,0.0011990737272064493,0.0008100602572087051,0.00048270697812827223,6.928444308462592e-05,0.0006742627487628383,0.0009458577656545719,4.567661757573978e-05,-8.555389271353624e-05,0.00015359598846378266,-0.00025537151981327424,0.00034672475496475377
strong_low_noise,720,4.8329302385717524e-05,1.0045314359469182,0.04623425037702535,0.9885228075909557,200,1.00469156126942,1.0047008740034873,0.0010902912039834351,1.0025545905096125,1.0068285320292276,0.9892471113395694,0.9890652051115192,0.00015486924567253272,0.9889435676180512,0.9895506550610876,0.15403442041207946,0.15395651980437258,0.0022404136043758993,0.1496432097475027,0.15842563107665622,0.9890620539017305,0.9887931519038422,0.0002747316156544849,0.9885235799350477,0.9896005278684133,0.15646491358396386,0.1546837959945475,0.003427776724557929,0.14974647120383033,0.1631833559640974,0.04695855412563917,0.046776647897588786,0.00015486924567253272,0.04665501040412101,0.04726209784715733,0.0007243037486138348,0.0005423975205634535,0.00015486924567253272,0.0004207600270956707,0.001027847470131999,0.0006794837406829135,0.0003993085731518837,5.920055742105223e-05,0.0005634506481376511,0.0007955168332281758,4.482000793089155e-05,-5.699505013465964e-05,0.00013653419696285098,-0.00022278701811629634,0.00031242703397807946
strong_low_noise,720,6.158482110660255e-05,0.8866854044740867,0.04802785282632378,0.9903164100402542,200,0.8868072055795106,0.8868470255227663,0.0010742300005464095,0.8847017147784397,0.8889126963805816,0.9909206856641045,0.9907986937813225,0.0001357211753715553,0.9906546721603763,0.9911866991678328,0.14825137492693868,0.1466433060227647,0.002342171686071876,0.14366071842223782,0.15284203143163955,0.9907538115429191,0.9906662436402179,0.0002416486357174222,0.9902801802169129,0.9912274428689253,0.1507669311464778,0.1516541046865746,0.0034964653341038924,0.14391385909163418,0.1576200032013214,0.04863212845017404,0.048510136567392115,0.0001357211753715553,0.04836611494644579,0.04889814195390229,0.0006042756238502244,0.0004822837410682901,0.0001357211753715553,0.00033826212012197604,0.0008702891275784729,0.0005585052059840384,0.00031632941495252765,4.942333035759778e-05,0.0004616354784831467,0.00065537493348493,4.577041786623388e-05,-1.3070130626045952e-05,0.00012054724544241724,-0.0001905021832009039,0.0002820430189333717
strong_low_noise,720,7.847599703514606e-05,0.7759008110672175,0.04959160465759471,0.9918801618715251,200,0.7759735985082881,0.7757143793548722,0.0010563655931521106,0.77390312194571,0.7780440750708661,0.9923762292635128,0.9922749246011295,0.00011822873114859456,0.9921445009504615,0.9926079575765641,0.14292178643747022,0.13960087493958329,0.002432926923688319,0.13815324966704112,0.14769032320789932,0.9922270712384238,0.9922334863731932,0.00021159544191171753,0.9918123441722768,0.9926417983045708,0.145515502578126,0.14664271339912155,0.003559887540490375,0.13853812299876486,0.15249288215748716,0.050087672049582393,0.04998636738719919,0.00011822873114859456,0.04985594373653115,0.05031940036263364,0.0004960673919876879,0.0003947627296044809,0.00011822873114859453,0.0002643390789364426,0.0007277957050389331,0.0004486960630674641,0.00025646016466574157,4.0212719021968674e-05,0.0003698791337844055,0.0005275129923505227,4.737132892022121e-05,-8.563857118064977e-06,0.00010607933271514305,-0.00016054416320145917,0.0002552868210419016
strong_low_noise,720,0.0001,0.6725033669342569,0.05094239220652001,0.9932309494204503,200,0.6725313743533816,0.6716141156993068,0.001028957038248951,0.6705146185584137,0.6745481301483496,0.9936312226062115,0.9936291806280593,0.00010261077682372477,0.993430105483637,0.993832339728786,0.1380962646789325,0.13325330916849565,0.002511112370825171,0.13317448443211516,0.14301804492574982,0.9934993175553896,0.9936192964804239,0.00018431915905283374,0.993138052003646,0.9938605831071331,0.14075809776429865,0.1406001722285428,0.0036159745934212515,0.133670787561193,0.1478454079674043,0.0513426653922812,0.05134062341412898,0.00010261077682372477,0.0511415482697067,0.0515437825148557,0.0004002731857612313,0.0003982312076090122,0.00010261077682372474,0.0001991560631867308,0.0006013903083357318,0.00035163894689245543,0.00019883996445071045,3.1833637014882776e-05,0.0002892450183432852,0.00041403287544162565,4.8634238868742686e-05,6.751258351249284e-05,9.324243595502893e-05,-0.000134120935603114,0.00023138941334059938
strong_low_noise,720,0.0001274274985703132,0.5770003387111425,0.052100056442899806,0.9943886136568302,200,0.5769953684170213,0.576192037572396,0.0009865383679587504,0.5750617532158221,0.5789289836182204,0.9947060019831412,0.9947230158421426,8.882217843450067e-05,0.9945319105134096,0.9948800934528728,0.1338047035687634,0.12792552720200348,0.002576482313776932,0.1287547982337606,0.1388546089037662,0.9945907351543991,0.9947885724615064,0.0001595603325886139,0.9942779969025254,0.9949034734062728,0.13652335764577633,0.1362398752904826,0.003663841690361295,0.1293422279326682,0.14370448735888447,0.0524174447692107,0.05243445862821228,8.882217843450067e-05,0.05224335329947908,0.052591536238942325,0.00031738832631087344,0.0003344021853124435,8.882217843450067e-05,0.00014329685657925214,0.0004914797960424947,0.00026851001727359755,0.0001505191377060808,2.450037219382296e-05,0.00022048928777370453,0.00031653074677349057,4.887830903730078e-05,0.0001062282179344373,8.187560306037392e-05,-0.00011159787296103211,0.00020935449103563365
strong_low_noise,720,0.00016237767391887175,0.4899408480802734,0.053085318279580504,0.9953738754935109,200,0.4899163891380074,0.4895149392389515,0.0009272336678114363,0.488099011149097,0.4917337671269178,0.995621388393988,0.9956238356419661,7.665202177468471e-05,0.9954711504313095,0.9957716263566664,0.13005383213529226,0.12280446246290858,0.0026297977487578653,0.12489942854772684,0.13520823572285767,0.9955219092220304,0.9957282479074425,0.0001371093786463921,0.9952531748398835,0.9957906436041774,0.13281823881864852,0.13164425288133436,0.0037035483678664947,0.1255592840176302,0.14007719361966683,0.05333283118005761,0.05333527842803576,7.665202177468469e-05,0.05318259321737923,0.05348306914273599,0.0002475129004771004,0.0002499601484552416,7.665202177468471e-05,9.727493779871838e-05,0.0003977508631554824,0.0001997307034617994,0.00011280622496599745,1.833605949472271e-05,0.0001637920268521429,0.0002356693800714559,4.7782197015306946e-05,6.040491035807321e-05,7.169031979032355e-05,-9.27308297737272e-05,0.00018829522380434108
strong_low_noise,720,0.00020691380811147902,0.4117645536368164,0.05391834427435395,0.9962069014882843,200,0.4117320877352188,0.41130993229698565,0.0008527047204619332,0.4100607864831134,0.4134033889873242,0.996397077809572,0.9963888065996884,6.584597849771587e-05,0.9962680196917164,0.9965261359274276,0.126828525656928,0.11848121861561041,0.002672436122089067,0.12159055085763344,0.1320665004562226,0.9963122849217146,0.9965749422599406,0.00011683067180776434,0.9960832968049714,0.9965412730384579,0.12962876853793676,0.12938004423984162,0.0037357688470412522,0.1223066615977359,0.1369508754781376,0.05410852059564155,0.05410024938575814,6.584597849771588e-05,0.053979462477786025,0.054237578713497075,0.00019017632128761675,0.0001819051114042014,6.584597849771587e-05,6.111820343209366e-05,0.0003192344391431399,0.00014482496523977046,8.06625659127308e-05,1.3358103276277712e-05,0.00011864308281826614,0.00017100684766127477,4.535135604783917e-05,6.749367149304911e-05,6.241782908587387e-05,-7.698758896047361e-05,0.00016769030105615195
strong_low_noise,720,0.00026366508987303556,0.3426803051322296,0.054618004377141594,0.9969065615910719,200,0.3426477563647635,0.34230828881893716,0.0007671465710132307,0.3411441490855776,0.34415136364394944,0.9970509020033356,0.997029129802089,5.6195882805189634e-05,0.9969407580730374,0.9971610459336337,0.12409592913940605,0.11518982365467227,0.0027060381085049754,0.1187920944467363,0.1293997638320758,0.9969794832353943,0.9972117447946315,9.865170441176159e-05,0.9967861258947472,0.9971728405760414,0.12692366505064487,0.12715778309633347,0.003761488938051958,0.11955114673206303,0.13429618336922672,0.054762344789405226,0.05474057258815862,5.6195882805189634e-05,0.054652200859107054,0.0548724887197034,0.00014434041226363603,0.00012256821101702675,5.6195882805189634e-05,3.419648196546435e-05,0.0002544843425618077,0.00010251396993732654,5.6595616096217774e-05,9.489739243150132e-06,8.391408102075228e-05,0.0001211138588539008,4.182644232630616e-05,7.543368679982317e-05,5.389223811894303e-05,-6.380234438682218e-05,0.0001474552290394345
strong_low_noise,720,0.0003359818286283774,0.28260290647035285,0.0552016375364756,0.9974901947504059,200,0.28257465360331535,0.2821586910491152,0.000675918111158378,0.28124985410544495,0.28389945310118575,0.997598744783672,0.9975611842403795,4.757168066062436e-05,0.9975055042895772,0.9976919852777669,0.1218109679074347,0.11231484520723721,0.0027322484190752984,0.11645576100604711,0.12716617480882228,0.9975392508399316,0.9977703293040503,8.253040309563384e-05,0.9973774912498641,0.997701010429999,0.12465948921369513,0.12418234532670122,0.003781781516648167,0.11724719744106472,0.13207178098632555,0.05531018756974177,0.05527262702644925,4.757168066062436e-05,0.05521694707564695,0.05540342806383659,0.00010855003326621648,7.098948997369403e-05,4.757168066062436e-05,1.5309539171392726e-05,0.00020179052736104023,7.098015781008526e-05,3.930336124419132e-05,6.58897804262087e-06,5.8065760846548356e-05,8.389455477362216e-05,3.756987545609607e-05,4.924172963515064e-05,4.605768361211933e-05,-5.2703184423657816e-05,0.00012784293533584995
strong_low_noise,720,0.00042813323987193956,0.23115365526738332,0.05568507183263627,0.9979736290465666,200,0.2311313562777371,0.23074134451098005,0.0005843002585290629,0.22998612777102012,0.23227658478445407,0.998054780164284,0.9980333925930789,3.9907419434983154e-05,0.9979765616221914,0.9981329987063765,0.1199219384048628,0.10979203703832106,0.002752560397429466,0.11452692002590105,0.12531695678382457,0.9980057096668423,0.9982187739481987,6.841913317310243e-05,0.997871608165823,0.9981398111678617,0.12278602706072522,0.12183730430511784,0.003797667038867481,0.11534259966454496,0.13022945445690548,0.055766222950353696,0.05574483537914854,3.990741943498316e-05,0.055688004408261126,0.055844441492446266,8.115111771742679e-05,5.976354651227034e-05,3.990741943498316e-05,2.9325756248597945e-06,0.00015936965980999378,4.818687090792991e-05,2.664069355675247e-05,4.482754198396839e-06,3.940067267907211e-05,5.697306913678771e-05,3.2964246809493366e-05,3.832999972740858e-05,3.892930987198048e-05,-4.3337200539588376e-05,0.00010926569415857511
strong_low_noise,720,0.0005455594781168515,0.18771085380638997,0.05608270521741203,0.9983712624313423,200,0.1876944663940953,0.18727527254977777,0.0004966578269928216,0.18672101705318936,0.18866791573500122,0.9984317593589259,0.9984210910392534,3.3168662223405966e-05,0.9983667487809681,0.9984967699368837,0.11837529635885531,0.10789178968552034,0.0027682459833776396,0.11294953423143514,0.12380105848627548,0.9983916374800097,0.9985581249438118,5.623938632975535e-05,0.9982814082828034,0.998501866677216,0.12125098663910254,0.12054493103922614,0.0038100430171403095,0.11378330232550754,0.12871867095269754,0.05614320214499555,0.05613253382532302,3.3168662223405966e-05,0.05607819156703768,0.05620821272295343,6.0496927583559846e-05,4.982860791102883e-05,3.3168662223405966e-05,-4.513650374315847e-06,0.00012550750554143555,3.215455611726595e-05,1.779499088768591e-05,2.996289588949857e-06,2.628182852292423e-05,3.802728371160767e-05,2.8342371466251026e-05,3.592978772341455e-05,3.254486448242983e-05,-3.544556291931145e-05,9.21303058518135e-05
strong_low_noise,720,0.0006951927961775591,0.1514871290681091,0.056407556545518704,0.998696113759449,200,0.1514757713581968,0.15109713176154954,0.0004160605918286738,0.1506602925982126,0.15229125011818098,0.9987412088899993,0.9987301554057872,2.7323381901906802e-05,0.9986876550614715,0.9987947627185271,0.11711923205247902,0.10636274207262149,0.0027803430642465163,0.11166975964655586,0.12256870445840219,0.9987086488402794,0.9988442435114631,4.5872297179194695e-05,0.9986187391378082,0.9987985585427507,0.1200035567280801,0.11896549503009538,0.003819660349788557,0.11251702244249452,0.12749009101366565,0.056452651676068825,0.056441598191856845,2.7323381901906802e-05,0.05639909784754109,0.05650620550459656,4.5095130550164565e-05,3.4041646338189846e-05,2.7323381901906802e-05,-8.458697977572765e-06,9.86489590779019e-05,2.1142196795637893e-05,1.1714592130070951e-05,1.9726738479937635e-06,1.7275756053570115e-05,2.500863753770567e-05,2.3952933754476413e-05,3.304754305848091e-05,2.6929327270830335e-05,-2.8828547696351043e-05,7.673441520530387e-05
strong_low_noise,720,0.0008858667904100832,0.12161127043331371,0.05667127816157233,0.9989598353755027,200,0.12160380063699332,0.1212333262373122,0.00034427147797090195,0.12092902854017035,0.12227857273381629,0.998993519712614,0.9989895257985724,2.2325607594501124e-05,0.9989497615217288,0.9990372779034992,0.11610599202132502,0.10513899980553645,0.0027896746267289875,0.1106382297529362,0.12157375428971383,0.9989672632753652,0.999075736324252,3.7162720790330905e-05,0.9988944243426162,0.9990401022081142,0.11899675170515177,0.11768518038391204,0.0038271269315229457,0.1114955829193668,0.12649792049093675,0.05670496249868357,0.056700968584641964,2.2325607594501124e-05,0.05666120430779835,0.05674872068956879,3.3684337111213325e-05,2.969042306960601e-05,2.2325607594501124e-05,-1.0073853774008878e-05,7.744252799643552e-05,1.3729625333123465e-05,7.6094011162328085e-06,1.2823410607092885e-06,1.121623685413326e-05,1.624301381211367e-05,1.9954711778117666e-05,2.7340398359356992e-05,2.207840902774496e-05,-2.3318969916262454e-05,6.322839347249779e-05
strong_low_noise,720,0.0011288378916846883,0.09719915359832665,0.05688415808181591,0.9991727152957462,200,0.09719448948945136,0.096850260488144,0.00028195476162900374,0.09664185815665852,0.09774712082224421,0.9991979678373716,0.9991998396731383,1.8111333214227755e-05,0.9991624696242717,0.9992334660504715,0.11529312536252075,0.10415719876095528,0.002796881315310355,0.10981123798451245,0.12077501274052904,0.9991769061715662,0.9992645554832128,2.9931178472764655e-05,0.9991182410617596,0.9992355712813727,0.11818869692040587,0.11695803778405656,0.003832924408641921,0.1106761650794677,0.12570122876134404,0.056909410623441056,0.05691128245920796,1.8111333214227755e-05,0.05687391241034117,0.05694490883654094,2.525254162515811e-05,2.7124377392051535e-05,1.8111333214227755e-05,-1.0245671474728292e-05,6.075075472504451e-05,8.824271942113268e-06,4.893169067133681e-06,8.248353268490005e-07,7.207594701489227e-06,1.0440949182737308e-05,1.6428269683037094e-05,2.2446512635032725e-05,1.795703937664787e-05,-1.876752749519273e-05,5.162406686126692e-05
strong_low_noise,720,0.00143844988828766,0.07740642412046492,0.05705514133317371,0.999343698547104,200,0.077403677780424,0.07712413753239766,0.00022897020125716572,0.07695489618595995,0.07785245937488804,0.9993627170979136,0.9993656875891048,1.4602134552172084e-05,0.9993340969141913,0.9993913372816359,0.11464391986897125,0.10335756531196964,0.0028024563460089177,0.10915110543079377,0.12013673430714873,0.9993458957435953,0.9994173321629622,2.3988045134921525e-05,0.9992988791751309,0.9993929123120597,0.11754310597999564,0.11660261978929182,0.0038374292626804124,0.11002174462514203,0.12506446733484924,0.05707415988398326,0.05707713037517448,1.4602134552172084e-05,0.057045539700261,0.05710278006770552,1.9018550809571934e-05,2.198904200079177e-05,1.4602134552172084e-05,-9.60163291268535e-06,4.763873453182922e-05,5.623538951877601e-06,3.1184651933901588e-06,5.259770979885556e-07,4.592623839820032e-06,6.65445406393517e-06,1.3395011857675196e-05,1.9512355849650103e-05,1.4506177583362386e-05,-1.503709620571508e-05,4.1827119921065473e-05
strong_low_noise,720,0.0018329807108324375,0.061461986420234115,0.05719188584408633,0.9994804430580166,200,0.0614604909083915,0.06122757164994609,0.00018466225310421469,0.06109855289230724,0.06182242892447576,0.9994948388515253,0.9994981877747102,1.1711867413344137e-05,0.9994718835913952,0.9995177941116555,0.11412729304020726,0.1027166047582357,0.0028067772576317977,0.10862600961524893,0.11962857646516559,0.9994814516731922,0.9995395086681431,1.9146161451418894e-05,0.9994439251967475,0.999518978149637,0.11702920832759144,0.11631844583951434,0.0038409334550226224,0.1095009787557471,0.12455743789943577,0.05720628163759499,0.057209630560779934,1.1711867413344138e-05,0.05718332637746484,0.05722923689772514,1.4395793508688026e-05,1.7744716693635088e-05,1.1711867413344137e-05,-8.559466621466481e-06,3.7351053638842536e-05,3.5590647054831448e-06,1.973284579251306e-06,3.3304544726973175e-07,2.9062956288344704e-06,4.211833782131819e-06,1.0836728803173506e-05,1.6972938133034953e-05,1.1652346191481528e-05,-1.200186973213029e-05,3.36753273384773e-05
strong_low_noise,720,0.002335721469090121,0.04868505844455577,0.05730085328278702,0.9995894104967173,200,0.04868434295695681,0.0484913652801557,0.00014809817745423175,0.048394070529146516,0.048974615384767106,0.9996003624953412,0.9996042844417823,9.353346637475607e-06,0.9995820299359318,0.9996186950547507,0.11371735899486074,0.10220508066666383,0.0028101324497110023,0.10820949939342718,0.1192252185962943,0.9995897389130417,0.9996365802171059,1.5230093381264525e-05,0.9995598879300144,0.999619589896069,0.11662134585736396,0.11591668547777148,0.003843662503006427,0.10908776735147137,0.12415492436325655,0.05731180528141093,0.057315727227852,9.353346637475607e-06,0.05729347272200148,0.05733013784082038,1.0951998623927595e-05,1.4873945064997063e-05,9.353346637475607e-06,-7.380560785524593e-06,2.9284558033379786e-05,2.2399245885755324e-06,1.2417058222404808e-06,2.0968433512895363e-07,1.8289432917227834e-06,2.6509058854282814e-06,8.71207403533242e-06,1.438765544132518e-05,9.316495495991577e-06,-9.548257136811068e-06,2.697240520747591e-05
strong_low_noise,720,0.002976351441631313,0.038489980258614366,0.0573874258814555,0.9996759830953859,200,0.03848972805931922,0.03833179113294426,0.00011824141547621658,0.038257974884985835,0.0387214812336526,0.9996843553036728,0.9996882596422372,7.443518459844237e-06,0.9996697660074916,0.9996989445998541,0.11339283503215906,0.10179828421125281,0.002812742312319531,0.10787986010001278,0.11890580996430535,0.9996759442388472,0.9997135178060481,1.2081765516021429e-05,0.9996522639784358,0.9996996244992586,0.11629840231241637,0.11551802996333642,0.0038457903676272502,0.10876065319186695,0.12383615143296578,0.05739579808974248,0.05739970242830689,7.443518459844237e-06,0.057381208793561185,0.05741038738592378,8.372208286965277e-06,1.2276546851375247e-05,7.443518459844237e-06,-6.217087894329427e-06,2.296150446825998e-05,1.4033942698896758e-06,7.778685906917661e-07,1.3141400358092463e-07,1.1458228228710636e-06,1.660965716908288e-06,6.968814017091277e-06,1.1971581518721548e-05,7.420733970968587e-06,-7.575824566007155e-06,2.151345260018971e-05
strong_low_noise,720,0.003792690190732238,0.03038293117992556,0.057456037065360045,0.9997445942792904,200,0.03038293771062988,0.030254884635912978,9.406507120362476e-05,0.030198570171070777,0.030567305250188984,0.9997510224622809,0.9997542865024429,5.906757351905159e-06,0.9997394452178712,0.9997625997066906,0.1131363980894675,0.10147567653633462,0.0028147755759634465,0.10761943796057914,0.11865335821835586,0.9997443754048148,0.9997743761136264,9.563014134226856e-06,0.9997256318971117,0.9997631189125178,0.11604317670394547,0.11508891125408835,0.0038474512836529093,0.10850217218798577,0.12358418121990516,0.057462465248350615,0.05746572928851251,5.906757351905159e-06,0.05745088800394088,0.05747404249276035,6.428182990555476e-06,9.692223152446555e-06,5.906757351905159e-06,-5.149061419178635e-06,1.8005427400289586e-05,8.761248430423006e-07,4.855603445802893e-07,8.205960189759382e-08,7.152880233230167e-07,1.0369616627615845e-06,5.552058147534377e-06,9.61872922070207e-06,5.8926840047889124e-06,-5.997602501851892e-06,1.7101718796920644e-05
strong_low_noise,720,0.004832930238571752,0.02395397516105189,0.05751030461832256,0.9997988618322529,200,0.023954113289818224,0.02385103604552532,7.461796975025141e-05,0.023807862069107733,0.024100364510528716,0.9998038164804538,0.9998064550632408,4.676504823699104e-06,0.9997946505309994,0.9998129824299082,0.11293405862445396,0.10122040124004254,0.0028163617601602983,0.10741398957453978,0.11845412767436815,0.9997985711936213,0.9998222493024989,7.555893981663883e-06,0.9997837616414172,0.9998133807458253,0.11584176952282639,0.11472370645843875,0.003848748965022704,0.10829822155138188,0.1233853174942709,0.057515259266523434,0.057517897849310495,4.676504823699104e-06,0.05750609331706898,0.057524425215977885,4.954648200919398e-06,7.593230987978927e-06,4.676504823699104e-06,-4.2113012535308466e-06,1.4120597655369642e-05,5.453934289745979e-07,3.0223614143110823e-07,5.109200085516454e-08,4.452531072984754e-07,6.455337506507204e-07,4.409254771896533e-06,7.5475149105279635e-06,4.66781842290987e-06,-4.739669337006812e-06,1.3558178880799878e-05
strong_low_noise,720,0.006158482110660254,0.01886692948367171,0.057553157925522076,0.9998417151394524,200,0.018867123357019216,0.018784612506804292,5.905691675314088e-05,0.018751371800183058,0.018982874913855374,0.9998455467294599,0.9998476661059785,3.695678370766483e-06,0.9998383031998532,0.9998527902590666,0.11277458864069462,0.1010187597525868,0.0028176005758971355,0.10725209151193624,0.118297085769453,0.9998414124310314,0.9998600715492926,5.961549340030247e-06,0.999829727794325,0.9998530970677378,0.11568301961849879,0.11443551856364514,0.003849763685428222,0.10813748279505947,0.12322855644193811,0.05755698951552962,0.05755910889204818,3.695678370766483e-06,0.05754974598592292,0.057564233045136325,3.831590007557506e-06,5.95096652611371e-06,3.695678370766483e-06,-3.4119395991448e-06,1.1075119614259812e-05,3.387407349202292e-07,1.8770277675355114e-07,3.173751282205139e-08,2.765352097890085e-07,4.009462600514499e-07,3.492849272627222e-06,5.922589195727577e-06,3.6903198007537046e-06,-3.740177536850039e-06,1.0725876082104482e-05
strong_low_noise,720,0.00784759970351459,0.014848707226422436,0.05758695398212731,0.9998755111960577,200,0.014848913786928602,0.01478315153856157,4.66568822149539e-05,0.014757466297787292,0.014940361276069913,0.9998784825959888,0.9998801764185615,2.916283072807146e-06,0.9998727666811661,0.9998841985108115,0.11264902006510136,0.10085970453048831,0.0028185690084920893,0.10712462480845686,0.11817341532174586,0.9998752269845224,0.9998899177851722,4.698300579442083e-06,0.9998660183153867,0.999884435653658,0.11555800889972773,0.11427290058666206,0.00385055769474072,0.10801091581803592,0.12310510198141954,0.057589925382058385,0.057591619204631184,2.916283072807146e-06,0.057584209467235685,0.057595641296881085,2.9713999310604365e-06,4.665222503863475e-06,2.916283072807146e-06,-2.7445148916415695e-06,8.687314753762442e-06,2.1001182323442826e-07,1.163644047490909e-07,1.967878202934423e-08,1.7144141045691356e-07,2.4858223601194293e-07,2.7613881078294626e-06,4.64763725381807e-06,2.9129787386661987e-06,-2.9480502199562864e-06,8.470826435615212e-06
strong_low_noise,720,0.01,0.01167912193619627,0.057613579539778075,0.9999021367537084,200,0.011679318428374063,0.011627081633483551,3.6807991923184034e-05,0.011607174764204623,0.011751462092543503,0.999904446440564,0.9999057948451802,2.298576319792119e-06,0.9998999412309771,0.9999089516501508,0.1125502170252777,0.10073437885718847,0.002819326657286515,0.10702433677699613,0.11807609727355928,0.9999018846382296,0.9999134429442644,3.699409196620679e-06,0.9998946337962042,0.999909135480255,0.11545963912750577,0.11415669811196728,0.003851179355867248,0.10791132759000596,0.12300795066500558,0.057615889226633715,0.05761723763124976,2.298576319792119e-06,0.05761138401704692,0.05762039443622051,2.3096868556360395e-06,3.6580914716810575e-06,2.298576319792119e-06,-2.1955227311565134e-06,6.814896442428592e-06,1.3001772475906304e-07,7.203729417859872e-08,1.2184157023997585e-08,1.0613677699202777e-07,1.538986725260983e-07,2.1796691308900136e-06,3.6472084013928334e-06,2.296539332562149e-06,-2.3215479609317985e-06,6.680886222711825e-06
strong_low_noise,1080,1e-12,255.77539171533348,3.461474173207385e-05,0.9423231719556624,200,255.69591155274867,255.69589487394694,0.00026473027215044413,255.69539268141526,255.69643042408208,1.2493290360565044,1.247139332013174,0.0020888553478989142,1.2452348795746224,1.2534231925383863,0.0966719406250666,0.0971666517230608,0.0012099785594229368,0.09430038264859764,0.09904349860153555,1.247177031639935,1.2452106259008797,0.003631048418990442,1.2400601767387138,1.2542938865411564,0.09448050591144884,0.09125598550116049,0.0027907066290915627,0.08901072091842938,0.0999502909044683,0.30704047884257407,0.30485077479924383,0.0020888553478989142,0.3029463223606922,0.31113463532445595,0.307005864100842,0.3048161600575118,0.0020888553478989142,0.30291170761896014,0.3111000205827239,0.3070059116876689,0.3048166337505591,0.002088856912576629,0.3029117521390187,0.31110007123631905,-4.758682698804703e-08,-2.163680814956767e-08,2.8514438788223837e-08,-1.0347512701296575e-07,8.301473036871686e-09
strong_low_noise,1080,1.2742749857031321e-12,255.71393592241597,3.4614762585059855e-05,0.9423231719765154,200,255.61282190692887,255.6127984615718,0.0003367623336096618,255.612161852755,255.61348196110274,1.2490621009309557,1.2469152259291816,0.0020866237471115854,1.244972318386617,1.2531518834752944,0.09670692568431778,0.0972019016611394,0.001210013588658177,0.09433529905054776,0.0990785523180878,1.2469145347687505,1.2449719205666971,0.0036292085413435716,1.239801286027717,1.254027783509784,0.09451587025941936,0.09128798357930865,0.002790895112651393,0.08904571583862263,0.0999860246802161,0.30677354371702537,0.30462666871525124,0.0020866237471115854,0.30268376117268664,0.3108633262613641,0.3067389289544403,0.3045920539526662,0.0020866237471115854,0.3026491464101016,0.31082871149877905,0.30673898946950123,0.30459222549088194,0.002086625735398676,0.3026492030281198,0.31082877591088265,-6.051506567544389e-08,-2.7340121816373366e-08,3.62931344600655e-08,-1.3164960921717226e-07,1.0619477866284478e-08
strong_low_noise,1080,1.6237767391887243e-12,255.6357166767569,3.4614796393613034e-05,0.942323172010324,200,255.50713753360992,255.50710412432463,0.00042819509069164915,255.50629827123217,255.50797679598767,1.2487230106819336,1.2466053347799377,0.0020837922822108993,1.2446387778088002,1.252807243555067,0.09675142322100755,0.09724673389211769,0.0012100580956289962,0.09437970935357472,0.09912313708844038,1.246581081181745,1.2446686562070242,0.0036268738516630804,1.2394724084324853,1.2536897539310048,0.09456084935682332,0.09132866913260482,0.0027911348673255463,0.08909022501686525,0.10003147369678139,0.30643445346800335,0.3043167775660073,0.0020837922822108993,0.30235022059487,0.3105186863411367,0.3063998386716097,0.3042821627696136,0.0020837922822108993,0.30231560579847633,0.31048407154474306,0.3063999155844097,0.30428260547259744,0.0020837948068673203,0.30231567776294976,0.31048415340586966,-7.691279115606397e-08,-3.4465536314119664e-08,4.617929581494151e-08,-1.6742421095334932e-07,1.3598628641221373e-08
strong_low_noise,1080,2.06913808111479e-12,255.5361933694386,3.461485118335522e-05,0.9423231720651137,200,255.3727813148247,255.37274174952694,0.0005441317936350686,255.37171481650915,255.37384781314023,1.248292624583251,1.2461950046304828,0.002080203877838797,1.2442154249826871,1.252369824183815,0.09680799111436528,0.09730372367032478,0.0012101145984796545,0.09443616650134515,0.0991798157273854,1.2461578472500394,1.2442836858575785,0.0036239146269290323,1.2390549745812585,1.2532607199188204,0.09461802805833316,0.09138037031032854,0.002791439692360282,0.08914680626130701,0.10008924985535932,0.3060040673693208,0.3039064474165526,0.002080203877838797,0.30192686776875677,0.3100812669698848,0.3059694525181374,0.3038718325653692,0.002080203877838797,0.3018922529175734,0.3100466521187014,0.3059695502028297,0.30387239578121705,0.002080207080445455,0.3018923443251566,0.31004675608050275,-9.76846948154305e-08,-4.331649598650118e-08,5.8734946135736704e-08,-2.1280518924147443e-07,1.7435799610613436e-08
strong_low_noise,1080,2.6366508987303555e-12,255.40961525486748,3.461493992819309e-05,0.9423231721538585,200,255.20208275407992,255.20204253540268,0.0006909437917730062,255.20072850424805,255.2034370039118,1.2477469461417694,1.245674411990378,0.0020756628557410395,1.243678646944517,1.2518152453390219,0.09687985757827264,0.09737612023869635,0.00121018625496006,0.09450789251855092,0.09925182263799436,1.2456212335156547,1.2437954995835092,0.0036201691619247257,1.2385257019582823,1.252716765073027,0.09469066830318511,0.09144602057243673,0.002791827009868409,0.08921868736384303,0.10016264924252719,0.30545838892783905,0.30338585477644764,0.0020756628557410395,0.3013900897305866,0.3095266881250915,0.3054237739879109,0.30335123983651946,0.0020756628557410395,0.30135547479065844,0.3094920731851633,0.3054238979430506,0.3033519560602006,0.0020756669133293044,0.3013555907929251,0.30949220509317604,-1.2395514208225877e-07,-5.422786284470835e-08,7.466652630273433e-08,-2.7030153363561806e-07,2.2391249471100517e-08
strong_low_noise,1080,3.359818286283788e-12,255.24871106543188,3.4615083573934224e-05,0.9423231722975043,200,254.98538522573145,254.9853502793678,0.0008765407061912461,254.9836672059473,254.98710324551558,1.2470560255110033,1.2449672759328516,0.0020699269663918577,1.2429989686568752,1.2511130823651313,0.09697108624849118,0.09746801222043999,0.0012102770057454478,0.09459894331723011,0.09934322917975226,1.2449417848491193,1.24317723028474,0.0036154370977413875,1.2378555281375463,1.2520280415606924,0.09478287567158906,0.09152930482831173,0.00279231875981735,0.08930993090234705,0.10025582044083108,0.30476746829707296,0.30267871871892116,0.0020699269663918577,0.3007104114429449,0.308824525151201,0.30473285321349897,0.3026441036353472,0.0020699269663918577,0.3006757963593709,0.308789910067627,0.3047330103250022,0.3026439346655673,0.002069932099128773,0.3006759434107098,0.30879007723929464,-1.5711150199781725e-07,-6.754445065660343e-08,9.485869527592812e-08,-3.430345447386364e-07,2.8811540743001875e-08
strong_low_noise,1080,4.281332398719396e-12,255.04430644497188,3.461531588545841e-05,0.9423231725298158,200,254.7105715457715,254.71055296784556,0.001110670786819652,254.70839463102934,254.71274846051367,1.2461826951651889,1.2440533687401376,0.002062698693472649,1.2421398057259825,1.2502255846043953,0.0970867755713049,0.09758452695747763,0.0012103917368659106,0.09471440776704772,0.0994591433755621,1.2440829463374203,1.2423112720841,0.003609472086132494,1.2370083810486006,1.2511575116262401,0.09489980042982893,0.09163483412879309,0.002792942481362846,0.08942563316635775,0.1003739676933001,0.30389413795125847,0.30176481152620716,0.0020626986934726495,0.2998512485120521,0.30793702739046486,0.30385952263537297,0.3017301962103217,0.002062698693472649,0.2998166331961666,0.30790241207457936,0.30385972148502755,0.301729982839324,0.0020627051732534317,0.2998168193454508,0.3079026236246043,-1.9884965733286622e-07,-8.357728512304692e-08,1.2041404253627742e-07,-4.3486118070397e-07,3.716186603823752e-08
strong_low_noise,1080,5.455594781168514e-12,254.7848569886404,3.461569118506924e-05,0.9423231729051154,200,254.36250011570658,254.36251753896323,0.0014052367766963598,254.35974585162427,254.3652543797889,1.2450811651357514,1.2429002205624071,0.00205361637048336,1.241056077049604,1.2491062532218988,0.09723329578750059,0.09773013523559376,0.0012105364538599868,0.09486064433793502,0.09960594723706616,1.2429996805968548,1.2411552398796943,0.0036019741940959173,1.2359398111764268,1.2500595500172829,0.09504787629693205,0.09173476933957714,0.0027937325972429415,0.0895721604063359,0.10052359218752821,0.3027926079218211,0.30061166334847667,0.00205361637048336,0.29876751983567373,0.3068176960079685,0.3027579922306361,0.30057704765729165,0.00205361637048336,0.2987329041444887,0.3067830803167835,0.30275824344773794,0.30057682962006194,0.002053624530016828,0.29873313936890494,0.30678334752657094,-2.512171030973781e-07,-1.0252340369265071e-07,1.5269850583992514e-07,-5.505061745436314e-07,4.807196834887516e-08
strong_low_noise,1080,6.951927961775591e-12,254.45588555899906,3.461629665342525e-05,0.9423231735105838,200,253.92234934644756,253.92243619040917,0.0017745984309584892,253.91887113352288,253.92582755937224,1.2436955450478835,1.2414269684481307,0.0020422460996798314,1.239692742692511,1.247698347403256,0.09741856460849985,0.09789852531433046,0.001210718450560478,0.09504555644540132,0.09979157277159838,1.2416370123742215,1.2397013466720774,0.003592582800301194,1.2345955500856312,1.248678474662812,0.09523509790229039,0.09194206468773637,0.002794731903574002,0.08975742337128534,0.10071277243329543,0.3014069878339532,0.2991384112342004,0.0020422460996798314,0.2974041854785807,0.3054097901893257,0.3013723715372998,0.2991037949375469,0.0020422460996798314,0.2973695691819273,0.30537517389267227,0.30137268818267565,0.2991078268983358,0.0020422563411837723,0.29736986575395546,0.30537551061139584,-3.1664537036575836e-07,-1.2432850831239167e-07,1.9339134414332596e-07,-6.956924048866772e-07,6.240166415516053e-08
strong_low_noise,1080,8.858667904100833e-12,254.03931582015161,3.461727177030832e-05,0.9423231744857007,200,253.3668782911318,253.3670897800592,0.002235812070735917,253.36249609947316,253.37126048279043,1.241958423369893,1.2396020869896154,0.0020280760939749144,1.2379833942257021,1.245933452514084,0.09765235860477056,0.098107037915793,0.0012109464387574922,0.09527890358480588,0.10002581362473524,1.2399286283040218,1.2380663715087312,0.0035808712160067657,1.2329101207206485,1.2469471358873951,0.09547133372870227,0.09220415507721147,0.002795993239681506,0.08999118697892652,0.10095148047847802,0.29966986615596286,0.29731352977568504,0.0020280760939749144,0.295694837011772,0.3036448953001537,0.29963524888419246,0.2972789125039147,0.0020280760939749144,0.2956602197400016,0.3036102780283833,0.29963564684230937,0.297281244085855,0.002028088895885618,0.29566059260637356,0.30361070107824517,-3.979581172852165e-07,-1.4846326552507814e-07,2.445369934157427e-07,-8.772506243800721e-07,8.133438980963918e-08
strong_low_noise,1080,1.1288378916846884e-11,253.51270112608827,3.46188388193544e-05,0.9423231760527497,200,252.6676284957113,252.66797965780353,0.0028087294428265504,252.66212338600337,252.67313360541925,1.2397897246922882,1.237521866194761,0.00201051586194548,1.235849113602875,1.2437303357817013,0.09794665061080146,0.0983655860563324,0.00121123057764284,0.0955726386786215,0.10032066254298143,1.2377957484316102,1.2361157995306287,0.003566344861887702,1.2308057125023104,1.24478578436091,0.09576866448469414,0.09253486259603277,0.0027975812642905226,0.09028540520668471,0.10125192376270356,0.29750116747835786,0.29523330898083056,0.00201051586194548,0.29356055638894474,0.301441778567771,0.2974665486395385,0.29519869014201117,0.00201051586194548,0.29352593755012535,0.3014071597289516,0.29746704697332865,0.29520291280752436,0.0020105317809687743,0.29352640468262986,0.30140768926402745,-4.983337918905166e-07,-1.7112649615805123e-07,3.0859385968963253e-07,-1.1031777568821963e-06,1.0651017310116317e-07
strong_low_noise,1080,1.4384498882876659e-11,252.84836111467573,3.4621350321943634e-05,0.9423231785642523,200,251.79011823340574,251.79048361806025,0.0035158439370736763,251.78322717928907,251.7970092875224,1.2370961841482937,1.2349974412877667,0.001988903530191459,1.2331979332291185,1.2409944350674689,0.0983159533675518,0.0986819297216279,0.0012115822992647487,0.0959412520609929,0.10069065467411072,1.2351466022490056,1.2336947406582766,0.0035484454609475305,1.2281916491455485,1.2421015553524628,0.0961417265979898,0.09295112436824803,0.002799574185924508,0.09065456119357776,0.10162889200240183,0.29480762693436324,0.2927088840738362,0.001988903530191459,0.29090937601518796,0.2987058778535385,0.2947730055840413,0.29267426272351427,0.001988903530191459,0.290874754664866,0.2986712565032166,0.2947736267765503,0.29267495029508106,0.001988923194522215,0.29087533731528675,0.2986719162378138,-6.211925082913427e-07,-1.6748164646953617e-07,3.8847197543012693e-07,-1.3825975801343915e-06,1.402125635517061e-07
strong_low_noise,1080,1.8329807108324375e-11,252.0124602031819,3.462536196213728e-05,0.9423231825758924,200,250.6931171330432,250.69346092500518,0.004381737141367066,250.6845289282461,250.70170533784028,1.233771914504629,1.2314945436920244,0.001962525304860437,1.2299253649071027,1.2376184641021555,0.09877763581435157,0.09908832992597885,0.0012120137637077046,0.09640208883748447,0.10115318279121868,1.2318769759458612,1.2306479220050788,0.003526564156042368,1.2249649102000182,1.2387890416917042,0.09660802652751263,0.09347349661481205,0.0028020651754863198,0.09111597878355944,0.10210007427146582,0.2914833572906986,0.28920598647809403,0.001962525304860437,0.2876368076931721,0.295329906888225,0.29144873192873644,0.28917136111613195,0.001962525304860437,0.28760218233121,0.2952952815262629,0.29144950189569907,0.2891718921333248,0.0019625493924942867,0.2876029050864103,0.29529609870498785,-7.699669628574251e-07,-1.7494306932065734e-07,4.875475653317728e-07,-1.7255601909076998e-06,1.8562626519284945e-07
strong_low_noise,1080,2.3357214690901212e-11,250.96409540799655,3.463174312878098e-05,0.9423231889570591,200,249.32813631234094,249.32839796229968,0.005431954589301059,249.3174896813459,249.33878294333599,1.2297006670375177,1.2274185027220135,0.0019306511712172468,1.2259165907419318,1.2334847433331035,0.09935216151785291,0.09959672927268193,0.001212536694249457,0.09697558959712398,0.10172873343858184,1.2278724209536103,1.2263650883507826,0.0035000663534607407,1.2210122909008272,1.2347325510063933,0.09718817450269877,0.09406414541431965,0.002805163017294777,0.091690054988801,0.10268629401659654,0.2874121098235873,0.2851299455080831,0.0019306511712172468,0.2836280335280015,0.2911961861191731,0.2873774780804585,0.28509531376495434,0.0019306511712172468,0.2835934017848727,0.2911615543760443,0.287378425790813,0.2850936191171392,0.00193068036518664,0.2835942922750472,0.29116255930657886,-9.477103590039372e-07,-2.1787990226703206e-07,6.096384505686439e-07,-2.1426017221184793e-06,2.471810041106049e-07
strong_low_noise,1080,2.976351441631313e-11,249.65450748010358,3.4641841556035113e-05,0.9423231990554863,200,247.6393217883485,247.63890244494218,0.006691146501588315,247.62620714120538,247.6524364354916,1.2247604448951959,1.222618419457568,0.0018925897819890326,1.2210509689224973,1.2284699208678944,0.10006318110142745,0.10032804317562938,0.0012131602473201292,0.09768538701668,0.1024409751861749,1.2230127705743827,1.2209839404372758,0.003468329912734743,1.2162148439454226,1.229810697203343,0.0979059685929615,0.0949249396693283,0.0028089913277161314,0.09240034559063788,0.10341159159528511,0.28247188768126563,0.28032986224363776,0.0018925897819890326,0.27876241170856714,0.2861813636539641,0.28243724583970964,0.28029522040208177,0.0018925897819890326,0.27872776986701114,0.28614672181240813,0.28243840233694806,0.2802861715781245,0.0018926246927635846,0.27872885793913144,0.2861479467347647,-1.1564972384692196e-06,-2.98542797725572e-07,7.589210455014936e-07,-2.643982487652147e-06,3.3098801071370785e-07
strong_low_noise,1080,3.7926901907322536e-11,248.02658860827123,3.4657723270999086e-05,0.9423232149372014,200,245.5639855207438,245.56230822243424,0.008180374187597381,245.54795198733612,245.5800190541515,1.218831029478023,1.2166657307080122,0.0018477624461603903,1.2152094150835486,1.2224526438724972,0.10093739725819365,0.10131013240661305,0.0012138874948456444,0.09855817776829619,0.1033166167480911,1.217179515444038,1.2157266759362177,0.0034307955576664073,1.2104551561510117,1.223903874737064,0.09878824680505993,0.0959780307920613,0.002813685403111559,0.09327342341496128,0.10430307019515858,0.27654247226409273,0.27437717349408186,0.0018477624461603903,0.2729208578696184,0.28016408665856707,0.27650781454082163,0.2743425157708108,0.0018477624461603903,0.27288620014634724,0.280129428935296,0.276509211137808,0.27433336337948455,0.0018478034916703113,0.2728875162941342,0.2801309059814818,-1.3965969864345918e-06,-4.08620412861107e-07,9.397694551042748e-07,-3.2385451184389706e-06,4.453511455697867e-07
strong_low_noise,1080,4.832930238571752e-11,246.01492578448696,3.4682513095990464e-05,0.9423232397270264,200,243.03402855148005,243.0305415506797,0.00991363047306613,243.01459783575285,243.05345926720724,1.2118046247319672,1.2095502283995765,0.0017957909756281107,1.208284874419736,1.2153243750441982,0.10200411982739004,0.10247429154242473,0.0012147101011481215,0.09962328802913972,0.10438495162564035,1.2102662399799287,1.2085618018817161,0.003387024014780674,1.2036276729109585,1.2169048070488988,0.09986442410228057,0.0969838870646918,0.002819385505148951,0.09433842851218863,0.1053904196923725,0.2695160675180369,0.26726167118564614,0.0017957909756281107,0.2659963172058058,0.27303581783026803,0.2694813850049409,0.2672269886725501,0.0017957909756281107,0.2659616346927098,0.273001135317172,0.2694830504637073,0.26721569477776186,0.0017958382136196603,0.26596320756501274,0.27300289336240186,-1.665458766243841e-06,-5.56335831526456e-07,1.1565024553678679e-06,-3.9322035787648626e-06,6.012860462771802e-07
strong_low_noise,1080,6.158482110660255e-11,243.54667632170757,3.4720862379190864e-05,0.9423232780763096,200,239.97847673577158,239.9749190109412,0.011893858163397733,239.95516477377132,240.00178869777184,1.203599144256672,1.2016583894036066,0.0017365876806873868,1.2001954324025248,1.2070028561108193,0.1032944485943468,0.10388594881678331,0.0012156009627343311,0.10091187070738751,0.1056770264813061,1.2021916551024985,1.1999525145439125,0.0033367493261284723,1.1956516264232866,1.2087316837817104,0.1011656520014101,0.09831448427495205,0.0028262252717856902,0.09562625046871015,0.10670505353411006,0.2613105870427417,0.25936983218967624,0.0017365876806873868,0.2579068751885944,0.26471429889688897,0.26127586618036247,0.25933511132729703,0.0017365876806873868,0.2578721543262152,0.26467957803450975,0.26127782283240986,0.2593104654145594,0.0017366405991088127,0.25787400725815657,0.26468163840666314,-1.956652044293953e-06,-1.0001586824921583e-06,1.413037162387934e-06,-4.726204882574304e-06,8.129007939863979e-07
strong_low_noise,1080,7.847599703514623e-11,240.5435945427909,3.477956662389231e-05,0.9423233367805542,200,236.32723469195028,236.3241241326047,0.014109036787446985,236.2995809798469,236.35488840405367,1.1941727098132775,1.1924005097765844,0.001670430213390661,1.1908986665950319,1.1974467530315231,0.10484006929172857,0.10529360176650278,0.001216505053967839,0.1024557193859516,0.10722441919750553,1.192913824315936,1.1900906766448887,0.0032799143020190383,1.1864851922839788,1.1993424563478934,0.10272358720375628,0.10037633857025183,0.002834314165694781,0.0971683314389945,0.10827884296851806,0.2518841525993472,0.25011195256265406,0.0016704302133906605,0.2486101093811015,0.2551581958175929,0.25184937303272337,0.25007717299603016,0.0016704302133906605,0.24857532981447766,0.25512341625096907,0.25185163208664174,0.25006065311329295,0.001670487504170334,0.24857747657846788,0.2551257875948156,-2.259053917662444e-06,-1.5431747989668588e-06,1.7124690439847518e-06,-5.6154932438725574e-06,1.0973854085476698e-06
strong_low_noise,1080,1e-10,236.92548021683263,3.486834305013037e-05,0.9423234255569805,200,232.0159572623462,232.01363183567986,0.016529152671194966,231.98356012311066,232.04835440158175,1.1835369358529695,1.1817755030315407,0.0015980022267198034,1.1804048514885987,1.1866690202173402,0.10667172133620062,0.10707342135233588,0.001217329517250467,0.1042857554823897,0.10905768719001153,1.1824432044918725,1.1802551875014997,0.0032166752268856886,1.1761385210471764,1.1887478879365685,0.10456883052333549,0.10264144057978433,0.0028437137227900716,0.09899515162666694,0.11014250942000403,0.24124837863903925,0.23948694581761032,0.0015980022267198034,0.23811629427466843,0.24438046300341007,0.24121351029598911,0.2394520774745602,0.0015980022267198034,0.2380814259316183,0.24434559466035993,0.241216067019118,0.23945905232400205,0.001598061595120767,0.2380838662926813,0.24434826774555468,-2.556723129031455e-06,-1.5116619846375687e-06,2.0566223289557298e-06,-6.587702893784685e-06,1.474256635721775e-06
strong_low_noise,1080,1.274274985703132e-10,232.61516401303626,3.500075451192547e-05,0.9423235579684422,200,226.9916639512382,226.98786933572953,0.019104943495844788,226.95421826198634,227.02910964049005,1.1717659678383152,1.1693868986916032,0.0015203849276675685,1.1687860133800867,1.1747459222965437,0.10881747815306475,0.10936057783346882,0.0012179349874901536,0.10643032557758406,0.11120463072854544,1.1708515258877812,1.1694745749440925,0.0031473706705294697,1.1646826793735434,1.177020372402019,0.10672918298054544,0.10522714084160256,0.002854409093024585,0.10113454115821725,0.11232382480287363,0.2294774106243849,0.22709834147767283,0.0015203849276675685,0.22649745616615646,0.23245736508261333,0.22944240986987302,0.22706334072316092,0.0015203849276675685,0.2264624554116446,0.23242236432810146,0.2294452398321799,0.2270703489578353,0.0015204430152162098,0.22646517152235612,0.23242530814200368,-2.829962306619268e-06,-1.7222328985279225e-06,2.4456333747134864e-06,-7.6234037210577016e-06,1.9634791078191648e-06
strong_low_noise,1080,1.6237767391887175e-10,227.5448673442849,3.5195232036148993e-05,0.9423237524459664,200,221.21844807270384,221.21013442763305,0.021769112697050674,221.17578061181763,221.26111553359004,1.1589984770131705,1.1567467221586818,0.0014389936217383515,1.1561780495145633,1.1618189045117777,0.11130104442046752,0.11159075911375363,0.0012181308035854389,0.10891350804544006,0.11368858079549499,1.1582737644866858,1.1569150680200642,0.0030724620567698095,1.152251738855417,1.1642957901179547,0.10922793507650726,0.10880362633358501,0.0028662799430221987,0.10361002638818374,0.11484584376483077,0.21670991979924012,0.21445816494475134,0.0014389936217383515,0.21388949230063295,0.2195303472978473,0.216674724567204,0.21442296971271524,0.0014389936217383515,0.21385429706859682,0.21949515206581116,0.21667778249063005,0.2144029803824689,0.0014390461305463418,0.21385725207475922,0.21949831290650088,-3.0579234251719233e-06,-1.2411112610205795e-06,2.877630215928099e-06,-8.698078648390997e-06,2.5822317980471505e-06
strong_low_noise,1080,2.0691380811147902e-10,221.66340283061828,3.547610804970763e-05,0.94232403332198,200,214.68245584646007,214.67109884495778,0.024440235657196458,214.63455298457197,214.73035870834818,1.1454310923806397,1.1424747540462001,0.0013554636982166816,1.142774383532135,1.1480878012291444,0.11414028995924662,0.11476172340125887,0.0012176765243738792,0.11175364397147382,0.11652693594701942,1.1449017129645318,1.1427720462097524,0.0029924657538243733,1.139036480087036,1.1507669458420275,0.11208242830986556,0.11239211574695998,0.0028790775687703735,0.10643943627507563,0.1177254203446555,0.2031425351667094,0.2001861968322699,0.0013554636982166816,0.20048582631820472,0.2057992440152141,0.20310705905865978,0.20015072072422024,0.0013554636982166816,0.2004503502101551,0.20576376790716447,0.20311028173102938,0.20015070538675067,0.0013555057828777194,0.20045349039658905,0.2057670730654697,-3.222672369505777e-06,-3.026539438479456e-07,3.3485470507362148e-06,-9.785824588948758e-06,3.340479849937204e-06
strong_low_noise,1080,2.6366508987303556e-10,214.9433066712101,3.58745336633548e-05,0.9423244317475937,200,207.39531819998135,207.37539045631422,0.027028953950792887,207.3423414502378,207.4482949497249,1.1313037854416832,1.1285492078450317,0.0012714991467009462,1.1288116471141494,1.133795923769217,0.1173461936639515,0.11736575381007519,0.0012162906511312668,0.11496226398773422,0.11973012334016879,1.130969655533668,1.1281647721424342,0.002907900712630578,1.1252701701369119,1.136669140930424,0.11530308772410573,0.11610583132587404,0.002892416627504428,0.10963395113419705,0.12097222431401441,0.189015228227753,0.1862606506311013,0.0012714991467009462,0.18652308990021912,0.19150736655528686,0.18897935369408964,0.18622477609743793,0.0012714991467009462,0.18648721536655577,0.1914714920216235,0.18898266765191452,0.18619711483509105,0.0012715260836864346,0.1864904765278891,0.19147485877593992,-3.3139578244295815e-06,-1.0650793733123063e-06,3.852068456527603e-06,-1.0864011999223683e-05,4.23609635036452e-06
strong_low_noise,1080,3.3598182862837877e-10,207.38675093619725,3.642912200926829e-05,0.9423249863359396,200,199.39543825558445,199.36070991986335,0.029445487774181163,199.33772509954704,199.45315141162186,1.1168797785950695,1.1150381600829289,0.0011887038942947484,1.1145499189622519,1.119209638227887,0.12092227613320353,0.12123303654103976,0.0012136650171139444,0.11854349269966019,0.12330105956674686,1.1167346747214097,1.1141542963958582,0.002819268622662355,1.1112089082209915,1.122260441221828,0.11889302674042627,0.11957839666598898,0.0029057884743912605,0.1131976813306194,0.12458837215023315,0.1745912213811391,0.17274960286899843,0.0011887038942947484,0.1722613617483214,0.17692108101395682,0.17455479225912982,0.17271317374698913,0.0011887038942947484,0.1722249326263121,0.17688465189194752,0.17455812556126063,0.17266430214826403,0.0011887119652849718,0.1722282501093021,0.17688800101321916,-3.3333021276793654e-06,-1.4637149200757664e-06,4.379654749340952e-06,-1.1917425436387631e-05,5.250821181028899e-06
strong_low_noise,1080,4.281332398719396e-10,199.02910235414777,3.7186133063291105e-05,0.9423257433469936,200,190.7469167736949,190.7003484409504,0.03160718782197326,190.68496668556384,190.80886686182595,1.1024238032180311,1.1008039419987539,0.0011084235662981803,1.1002512930280868,1.1045963134079755,0.12486449233209092,0.12550617618092735,0.001209481166174608,0.12249390924638869,0.12723507541779314,1.1024553559193697,1.0996068019439715,0.00272706859681525,1.0971103014696117,1.1078004103691277,0.12284819927388262,0.12374787403379975,0.0029185977399398344,0.11712774770360054,0.1285686508441647,0.16013524600410073,0.15851538478482352,0.0011084235662981803,0.1579627358141563,0.16230775619404517,0.16009805987103745,0.15847819865176027,0.0011084235662981803,0.157925549681093,0.1622705700609819,0.16010135572210474,0.15857574121450074,0.0011084110284785558,0.15792887010628676,0.16227384133792272,-3.295851066828484e-06,-2.5128443520839645e-06,4.920580535548041e-06,-1.2940188916502645e-05,6.348486782845676e-06
strong_low_noise,1080,5.455594781168515e-10,189.93932912890446,3.819898005653216e-05,0.9423267561939869,200,181.53631959545325,181.48974496566782,0.03344489130679451,181.47076760849194,181.60187158241456,1.0881825433437122,1.0868031863430412,0.0010316303055183528,1.0861605479448964,1.090204538742528,0.12916147495128605,0.12927317979400182,0.0012034246469786562,0.1268027626432079,0.1315201872593642,1.0883726654522343,1.0851295558682794,0.0026318339073432995,1.0832142709938415,1.0935310599106272,0.1271579585533582,0.1287099749715816,0.0029302157496684527,0.12141473568400804,0.13290118142270838,0.14589398612978194,0.14451462912911095,0.001031630305518353,0.14387199073096596,0.14791598152859792,0.1458557871497254,0.14447643014905442,0.001031630305518353,0.14383379175090943,0.1478777825485414,0.14585901611093469,0.14454239627074583,0.001031598280715826,0.14383708348073165,0.14788094874113772,-3.2289612101886347e-06,-8.922076891372608e-07,5.461932999775026e-06,-1.3934349889747686e-05,7.4764274693704165e-06
strong_low_noise,1080,6.951927961775591e-10,180.21703997963806,3.952677729067433e-05,0.942328083991221,200,171.86782875695855,171.81768224183315,0.0349072082610632,171.79941062876685,171.93624688515024,1.074370014195098,1.072483199944509,0.0009588790175557323,1.072490611320689,1.0762494170695072,0.13379498799980677,0.13379850277998157,0.0011951949184133197,0.13145240595971666,0.13613757003989688,1.074695702306799,1.0707879285035027,0.002534171850983862,1.0697287254788705,1.0796626791347272,0.13180581287367205,0.13463917873748937,0.0029400373690747616,0.12604333963028552,0.13756828611705857,0.13208145698116783,0.13019464273057857,0.0009588790175557323,0.13020205410675859,0.13396085985557707,0.13204193020387714,0.13015511595328788,0.0009588790175557323,0.1301625273294679,0.13392133307828638,0.1320450978502039,0.1302401339623991,0.0009588321005914732,0.13016578693304462,0.1339244087673632,-3.167646326954363e-06,-2.4409717092739065e-06,5.988557667713196e-06,-1.4905219355672227e-05,8.569926701763502e-06
strong_low_noise,1080,8.858667904100832e-10,169.98659146775984,4.1231566782776174e-05,0.9423297887807132,200,161.85748977670045,161.81490308662202,0.0359624074048717,161.7870034581869,161.927976095214,1.0611590242552373,1.0594800215151194,0.0008903454288777159,1.059413947214637,1.0629041012958376,0.13874046816746013,0.13874609215235437,0.0011845112013197704,0.13641882621287338,0.1410621101220469,1.0615934378434082,1.0580834492794033,0.0024347912314533157,1.0568212470297598,1.0663656286570566,0.13677016593922214,0.13985881691088559,0.0029475262247273585,0.13099301453875653,0.14254731733968776,0.118870467041307,0.1171914643011891,0.0008903454288777159,0.11712539000070668,0.12061554408190733,0.11882923547452418,0.11715023273440628,0.0008903454288777159,0.11708415843392385,0.1205743125151245,0.11883238368037911,0.11716963624449639,0.000890291784729471,0.11708741178230934,0.12057735557844888,-3.1482058545848636e-06,5.403101416084075e-07,6.4830023030394955e-06,-1.5854890368542276e-05,9.558478659372547e-06
strong_low_noise,1080,1.1288378916846883e-09,159.3892097778683,4.3373807967525546e-05,0.9423319310218978,200,151.6272593508664,151.587113268908,0.03659810710652295,151.55552706093764,151.69899164079519,1.0486784038955936,1.0474686874549968,0.0008259300997020656,1.0470595809001775,1.0502972268910098,0.14396758011508917,0.14399403274977596,0.0011711159598392154,0.1416721928338043,0.14626296739637404,1.049192107858739,1.0457063899109853,0.0023345108240322636,1.0446164666436357,1.0537677490738422,0.14202488901033244,0.14556923436699917,0.002952238896242156,0.1362385007736978,0.14781127724696708,0.10638984668166324,0.10518013024106643,0.0008259300997020656,0.10477102368624719,0.10800866967707928,0.10634647287369575,0.10513675643309894,0.0008259300997020656,0.1047276498782797,0.1079652958691118,0.10634967483364682,0.10516315822426692,0.0008258808208560329,0.104730948424769,0.10796840124252464,-3.2019599505558817e-06,-1.3987899519639228e-06,6.9256099525625e-06,-1.6776155457578383e-05,1.0372235556466619e-05
strong_low_noise,1080,1.4384498882876659e-09,148.5742984112094,4.6005811810141684e-05,0.9423345630257405,200,141.29942027577408,141.24838215324155,0.03681932869484511,141.2272543915322,141.37158616001597,1.0370147665668248,1.0364011446008234,0.0007653911635968164,1.035514599886175,1.0385149332474746,0.14944076094260278,0.14940089029323414,0.0011547767101273193,0.14717739859075324,0.15170412329445232,1.0375770219778888,1.0335865031318274,0.00223425011870476,1.0331978917452276,1.04195615221055,0.14753965914117267,0.15130437817136536,0.0029538290366341083,0.14175015422936982,0.15332916405297553,0.09472620935289446,0.0941125873868931,0.0007653911635968164,0.0932260426722447,0.09622637603354421,0.09468020354108432,0.09406658157508296,0.0007653911635968164,0.09318003686043456,0.09618037022173408,0.09468355422863532,0.09410076011918722,0.0007653587559439235,0.09318345106698524,0.09618365739028541,-3.3506875511667937e-06,-3.8860920854785024e-07,7.295065322677591e-06,-1.764901558361487e-05,1.0947640481281284e-05
strong_low_noise,1080,1.8329807108324374e-09,137.69103220091984,4.9163220129884444e-05,0.9423377204340603,200,130.99174407896334,130.94179371487957,0.03664554841539732,130.91991880406917,131.0635693538575,1.0262172803004301,1.0256660249758816,0.0007084631204984449,1.0248286925842531,1.0276058680166071,0.15511974384815505,0.15501067250496556,0.0011352849139247322,0.15289458541686257,0.15734490227944753,1.0267972867359823,1.0229921657770489,0.0021350070871453326,1.0226126728451774,1.030981900626787,0.15328005798504787,0.15660648918978026,0.0029520418181603132,0.14749405602145366,0.1590660599486421,0.08392872308649978,0.08337746776195121,0.0007084631204984449,0.08254013537032283,0.08531731080267672,0.08387955986636986,0.08332830454182127,0.0007084631204984449,0.08249097215019291,0.0852681475825468,0.08388316422353213,0.08341305120502798,0.0007084592086496202,0.08249458417457887,0.08527174427248539,-3.604357162290509e-06,-8.47111511734634e-07,7.569855696152955e-06,-1.84412743267503e-05,1.1232560002169282e-05
strong_low_noise,1080,2.335721469090121e-09,126.88107659543815,5.2855489724223936e-05,0.9423414127036546,200,120.81361685635522,120.761465867335,0.03610725227574005,120.74284664189477,120.88438707081568,1.0163040832991956,1.0162957199468026,0.0006549309860945624,1.0150204185664502,1.017587748031941,0.16096001431514825,0.16112659408099977,0.0011124506994879106,0.15877961094415194,0.16314041768614457,1.0168721119591544,1.013428710858971,0.002037827215681288,1.012877970616419,1.0208662533018897,0.15920742285047504,0.16168069176015398,0.0029467126290797447,0.15343186609747875,0.16498297960347133,0.07401552608526524,0.07400716273287222,0.0006549309860945624,0.0727318613525199,0.07529919081801058,0.07396267059554101,0.073954307243148,0.0006549309860945624,0.07267900586279567,0.07524633532828635,0.07396663133703182,0.07394492813769035,0.0006549636192931721,0.07268290264321721,0.07525036003084644,-3.960741490561289e-06,1.5396239362474141e-06,7.731115595368097e-06,-1.911372805748276e-05,1.119224507636018e-05
strong_low_noise,1080,2.9763514416313133e-09,116.27295870467611,5.705750445861302e-05,0.942345614718389,200,110.86322846371195,110.81634661972421,0.03524234146884334,110.79415347443302,110.93230345299088,1.0072692830041103,1.0068250213687544,0.000604650781087321,1.006084167473179,1.0084543985350416,0.166913100978135,0.167515596884274,0.0010860956788756552,0.16478435344753872,0.16904184850873127,1.0077976820856094,1.0040955529974942,0.001943765643647565,1.0039879014240602,1.0116074627471585,0.16527840831141863,0.16893536285855285,0.002937780003171591,0.1595203595052023,0.17103645711763496,0.06498072579018004,0.06453646415482406,0.000604650781087321,0.06379561025924889,0.06616584132111118,0.06492366828572141,0.06447940665036545,0.000604650781087321,0.06373855275479026,0.06610878381665256,0.06492807443882631,0.06451210861160286,0.0006047219425485329,0.06374281943143119,0.06611332944622143,-4.4061531049198875e-06,2.3101810264640046e-06,7.767015875700098e-06,-1.9629504221292077e-05,1.0817198011452304e-05
strong_low_noise,1080,3.792690190732238e-09,105.97833332667848,6.170537019634798e-05,0.9423502625841267,200,101.22583968968956,101.18171652271066,0.034092725671361845,101.1590179473737,101.29266143200543,0.9990897079050896,0.9985906997583869,0.00055752777233145,0.9979969534713199,1.000182462338859,0.17292663352276358,0.17371505263450182,0.0010560512625682513,0.1708567730481298,0.17499649399739736,0.9995537924736952,0.9958972780041058,0.0018538415798377156,0.9959202629772134,1.0031873219701772,0.17144425959795342,0.17660822378082985,0.0029253132496018623,0.16571064562873378,0.17717787356717307,0.05680115069115933,0.056302142544456535,0.00055752777233145,0.05570839625738969,0.05789390512492897,0.05673944532096299,0.056240437174260194,0.00055752777233145,0.05564669088719335,0.05783219975473263,0.056744362239010436,0.05627490498114322,0.0005576317102880224,0.055651404086845914,0.05783732039117496,-4.916918047493733e-06,-1.7935701888734391e-06,7.678275923991412e-06,-1.99663388585169e-05,1.0132502763529434e-05
strong_low_noise,1080,4.832930238571752e-09,96.09012929401715,6.669936936162107e-05,0.942355256583292,200,91.97304716054674,91.93337473003322,0.03270156132666629,91.90895210034648,92.037142220747,0.9917307063630284,0.9912218032862241,0.0005134755754243653,0.9907242942351967,0.9927371184908601,0.17894429148020208,0.17933517267231266,0.0010221719400510918,0.17694083447770192,0.18094774848270223,0.9921095476187313,0.9891379107498619,0.001768983300006578,0.9886423403507184,0.9955767548867441,0.17765001351499443,0.18145938623173113,0.002909544243551726,0.17194730679763304,0.18335272023235583,0.04944214914909814,0.04893324607229377,0.0005134755754243653,0.048435737021266384,0.0504485612769299,0.049375449779736486,0.04886654670293211,0.0005134755754243653,0.04836903765190473,0.05038186190756824,0.049380911558381584,0.04880955340165262,0.0005135983395703426,0.048374258812823714,0.05038756430393945,-5.4617786450425756e-06,-2.2128030417772583e-06,7.483912452187237e-06,-2.013024705132956e-05,9.206689761244408e-06
strong_low_noise,1080,6.158482110660254e-09,86.68230537794,7.191552375973576e-05,0.9423604727376901,200,83.16284961175279,83.12864225649791,0.03111161478063624,83.10187084678275,83.22382837672284,0.9851504526136625,0.9845995804893641,0.0004723809275700095,0.9842245859956253,0.9860763192316997,0.18490606491246844,0.18543452435759653,0.000984368751890216,0.18297670215876363,0.18683542766617325,0.985427552189091,0.9825481728020684,0.001689965569943935,0.9821152196720009,0.988739884706181,0.18383417669392357,0.1875473728518861,0.0028908856008913165,0.1781680409161766,0.18950031247167054,0.04286189539973208,0.042311023275433846,0.0004723809275700094,0.04193602878169486,0.043787762017769294,0.04278997987597235,0.04223910775167411,0.0004723809275700094,0.04186411325793513,0.043715846494009565,0.042795985380156304,0.042217411517590425,0.0004725010913412835,0.041869883241127386,0.04372208751918522,-6.005504183928373e-06,-3.4690284510869675e-06,7.226447102245009e-06,-2.016934050432859e-05,8.158332136471845e-06
strong_low_noise,1080,7.847599703514623e-09,77.81072833796223,7.72247380621538e-05,0.9423657819519925,200,74.84022221605329,74.80489520458255,0.0293649239913482,74.78266696503024,74.89777746707634,0.9793025735604278,0.9788576813797232,0.0004340928384645029,0.9784517515970373,0.9801533955238183,0.1907494227162047,0.1916018503543228,0.0009426596363927451,0.18890180982887492,0.1925970356035345,0.9794663628720364,0.976832809634192,0.001617349158376478,0.9762963585216184,0.9826363672224543,0.18992963711534883,0.19383850454748328,0.0028699189396940374,0.1843045959935485,0.19555467823714914,0.037014016346497536,0.03656912416579278,0.0004340928384645029,0.03616319438310711,0.03786483830988796,0.03693679160843538,0.03649189942773062,0.0004340928384645029,0.03608596964504496,0.03778761357182581,0.0369433050215948,0.0364903124150643,0.0004341829566015425,0.03609230642665578,0.03779430361653382,-6.513413159406839e-06,-2.6447795168709086e-06,6.976260001460306e-06,-2.0186882762269038e-05,7.16005644345536e-06
strong_low_noise,1080,1e-08,69.51460739770063,8.251645012032072e-05,0.9423710736640507,200,67.03789483632102,67.00471866308055,0.027503335901162395,66.98398829795474,67.0918013746873,0.9741374155947804,0.9739222386678964,0.0003984430830409032,0.9733564671520202,0.9749183640375406,0.19641177777071786,0.19724988718790581,0.0008972266017751825,0.1946532136312385,0.19817034191019722,0.9741814874849652,0.9722223575983308,0.001551438807377454,0.9711406674225055,0.977222307547425,0.19586634593943045,0.20019564679636176,0.002847348435133894,0.19028554300656803,0.20144714887229287,0.03184885838085008,0.031633681453966056,0.0003984430830409032,0.031067909938089912,0.032629806823610254,0.03176634193072972,0.031551165003845694,0.0003984430830409032,0.03098539348796955,0.03254729037348989,0.03177329769935742,0.03159900119933022,0.0003984710943289294,0.030992294354472715,0.03255430104424212,-6.955768627680915e-06,-5.102168420228139e-06,6.834026466221407e-06,-2.0350460501474874e-05,6.4389232461130435e-06
strong_low_noise,1080,1.274274985703132e-08,61.81804615092294,8.772344311763769e-05,0.9423762806570479,200,59.777137791665936,59.75185670780786,0.02556896930929174,59.72702261181973,59.827252971512145,0.9696026921856649,0.9692961632388273,0.00036529033472676735,0.9688867231296004,0.9703186612417293,0.20183401213397847,0.20228496093513665,0.0008484688211551343,0.20017101324451442,0.20349701102344253,0.9695256785606845,0.9679119682677804,0.001492274538525816,0.9666008204651739,0.9724505366561951,0.20157559200292205,0.20519527766533002,0.0028239308172857743,0.19604068760104193,0.20711049640480217,0.027314134971734395,0.02700760602489688,0.00036529033472676735,0.026598165915669932,0.028030104027798857,0.027226411528616812,0.026919882581779297,0.00036529033472676735,0.02651044247255235,0.027942380584681275,0.027233722295546624,0.026909821938144368,0.000365219962872992,0.026517891168315558,0.02794955342277769,-7.310766929802366e-06,-5.216167699504955e-06,6.9263600905665974e-06,-2.0886432707312895e-05,6.264898847708166e-06
strong_low_noise,1080,1.623776739188721e-08,54.73154831810623,9.284633089087085e-05,0.9423814035448213,200,53.06853907489913,53.044922871175444,0.023603615312470353,53.02227598888668,53.11480216091157,0.9656443220218206,0.9653138417968832,0.00033456772709684174,0.9649885692767108,0.9663000747669304,0.2069641087823847,0.20782073962727468,0.0007970429196618895,0.2054019046598474,0.208526312904922,0.9654493841295542,0.9635607084288281,0.0014396597496211224,0.9626276510202968,0.9682711172388115,0.20699481794239197,0.21129419301084323,0.002800402628844466,0.20150602878985682,0.2124836070949271,0.023355764807890148,0.023025284582952832,0.00033456772709684174,0.02270001206278034,0.024011517552999958,0.023262918476999243,0.022932438252061926,0.00033456772709684174,0.022607165731889433,0.023918671222109052,0.023270483796410068,0.022970571453387354,0.00033435703230013134,0.02261514401310181,0.023925823579718324,-7.5653194107149755e-06,-1.1981212497775928e-05,7.387030908084249e-06,-2.2043899990560103e-05,6.913261169130152e-06
strong_low_noise,1080,2.0691380811147902e-08,48.25357118960106,9.79795027331587e-05,0.9423865367166635,200,46.91290257947621,46.892843749942834,0.021646680626988893,46.87047508544731,46.95533007350511,0.9622078990914928,0.9618395049781752,0.00030630889092538255,0.9616075336652791,0.9628082645177066,0.21175967468733195,0.21300122960213524,0.0007438800728677313,0.2103016697445112,0.2132176796301527,0.9619018794865465,0.9605130933418378,0.00139321448266371,0.9591711791005256,0.9646325798725673,0.2120715047320018,0.21640465876125597,0.002777421747034138,0.20662775810781486,0.2175152513561887,0.01991934187756248,0.019550947764244764,0.00030630889092538255,0.01931897645134873,0.02051970730377623,0.019821362374829322,0.019452968261511605,0.00030630889092538255,0.019220996948615572,0.020421727801043073,0.019829076048038397,0.01949946144050111,0.0003059064703275075,0.019229499366196483,0.02042865272988031,-7.713673209080601e-06,-8.21824732105221e-06,8.328499432356495e-06,-2.403753209649933e-05,8.610185678338128e-06
strong_low_noise,1080,2.6366508987303555e-08,42.37229886364001,0.00010334403728871205,0.9423919012512191,200,41.30241093888399,41.28952035523736,0.01973223220969711,41.26373576375298,41.34108611401499,0.9592406258599651,0.9589054508368409,0.0002806337509739924,0.958690583708056,0.9597906680118741,0.2161886689836311,0.21739977750024592,0.000690162806634109,0.21483594988262825,0.21754138808463394,0.9588329907459314,0.9570952340442418,0.0013524332713499099,0.9561822215340856,0.9614837599577772,0.2167651049208655,0.22089020804456155,0.0027555274047469706,0.21136427120756146,0.22216593863416956,0.016952068646034636,0.016616893622910578,0.0002806337509739924,0.016402026494125612,0.01750211079794366,0.016848724608745903,0.016513549585621845,0.0002806337509739924,0.01629868245683688,0.017398766760654927,0.016856479187637965,0.01654308172070597,0.0002799725066964635,0.016307733074512897,0.017405225300763032,-7.754578892071182e-06,-1.3374496435778491e-05,9.829851537713562e-06,-2.7021087905989763e-05,1.15119301218474e-05
strong_low_noise,1080,3.3598182862837814e-08,37.067673861454125,0.00010933683822361706,0.942397894052154,200,36.22206812186307,36.21136980292005,0.017886458654716584,36.18701066289982,36.25712558082631,0.9566930720963371,0.9563750758546283,0.0002576927925519483,0.9561879942229353,0.957198149969739,0.22022870290436417,0.2217309768105828,0.0006372428853156303,0.21897970684914553,0.2214776989595828,0.9561948183231347,0.9540328679430765,0.0013167298490744197,0.9536140278189488,0.9587756088273206,0.22104711622675247,0.22419546476861635,0.0027351142739087636,0.21568629224989128,0.22640794020361366,0.014404514882406745,0.014086518640697931,0.00025769279255194834,0.013899437009004926,0.014909592755808564,0.014295178044183073,0.013977181802474259,0.00025769279255194834,0.013790100170781253,0.014800255917584892,0.014302865892281344,0.014072146423280904,0.00025668138181851786,0.013799770383917049,0.01480596140064564,-7.68784809819664e-06,-8.020416881534724e-06,1.1955093438022324e-05,-3.111983123672039e-05,1.5744135040327113e-05
strong_low_noise,1080,4.281332398719396e-08,32.313504288040306,0.00011660930478125942,0.9424051665187116,200,31.651259550987856,31.644703073864836,0.016126884295090505,31.61965085776948,31.682868244206233,0.9545201202104107,0.954116306470302,0.0002375926970841585,0.9540544385241257,0.9549858018966956,0.22386605817347455,0.22561577160616852,0.0005864998156508211,0.22271651853479893,0.22501559781215016,0.9539428161825986,0.9524903600382446,0.0012854631032545977,0.9514233085002196,0.9564623238649775,0.22490032862273715,0.22660997624452794,0.0027164193804437653,0.21957614663706737,0.23022451060840693,0.012231562996480377,0.011827749256371645,0.00023759269708415847,0.011765881310195427,0.012697244682765327,0.012114953691699076,0.011711139951590344,0.00023759269708415847,0.011649272005414126,0.012580635377984026,0.012122464449645279,0.011754017348359822,0.0002361044376997858,0.011659699751753698,0.01258522914753686,-7.510757946151835e-06,-5.488159822630138e-06,1.4781735120607829e-05,-3.648295878254318e-05,2.1461442890239507e-05
strong_low_noise,1080,5.4555947811685146e-08,28.079341266948934,0.00012619394739685208,0.9424147511613272,200,27.565176965631018,27.55742281472442,0.014463805048181786,27.536827907736583,27.593526023525452,0.9526809361530735,0.9522077243415584,0.0002203440804934192,0.9522490617553063,0.9531128105508406,0.22709539187760747,0.2288375949781981,0.0005391776872733832,0.22603860361055164,0.2281521801446633,0.9520360143166077,0.9508175017127516,0.0012579509833618209,0.9495704303892185,0.9545015982439968,0.2283182776672878,0.23023266641032847,0.0026995293037812666,0.2230272002318765,0.2336093551026991,0.010392378939143205,0.009919167127628081,0.0002203440804934192,0.009960504541376104,0.010824253336910306,0.010266184991746325,0.009792973180231201,0.0002203440804934192,0.009834310593979224,0.010698059389513426,0.010273399104422013,0.009799986622044506,0.00021820203537286617,0.009845723115091196,0.010701075093752831,-7.214112675714506e-06,-5.359136483443619e-06,1.8418832697154182e-05,-4.33150247621367e-05,2.888679941070769e-05
strong_low_noise,1080,6.951927961775605e-08,24.331901394839903,0.0001397042477504079,0.9424282614616808,200,23.93592517628875,23.925115939189592,0.012903139906095259,23.910635022072807,23.961215330504697,0.9511384129870362,0.9506580846670805,0.00020586537493711655,0.9507349168521594,0.9515419091219129,0.22992007442445433,0.23141685345497187,0.0004962701640050453,0.22894738490300445,0.23089276394590422,0.9504367551110948,0.9490387138981258,0.0012334831600098897,0.9480191281174755,0.9528543821047142,0.2313050317760929,0.23362952393864944,0.0026844158170891506,0.22604357677459816,0.23656648677758765,0.008849855773105729,0.008369527453150116,0.00020586537493711655,0.00844635963822898,0.009253351907982477,0.00871015152535528,0.008229823205399667,0.00020586537493711655,0.008306655390478531,0.009113647660232028,0.008716928746968975,0.008200991170208833,0.00020282077138992116,0.00831940003504473,0.00911445745889322,-6.777221613682399e-06,-6.021865548460279e-06,2.3012602150363357e-05,-5.188192182839458e-05,3.832747860102978e-05
strong_low_noise,1080,8.858667904100815e-08,21.036030410013645,0.000159642179121032,0.9424481993930514,200,20.733307578339623,20.72953576308211,0.011449098562745761,20.710867345156643,20.755747811522603,0.9498588134345478,0.9492322942975773,0.000194041456061508,0.9494784921806673,0.9502391346884284,0.2323521543726843,0.23359120448349874,0.00045851023619173097,0.23145347430974852,0.23325083443562009,0.9491105979384948,0.947469577785055,0.0012113377915601077,0.9467363758670371,0.9514848200099526,0.2338745134707019,0.2362655891535272,0.0026709957006070344,0.2286393618975121,0.2391096650438917,0.007570256220617451,0.006943737083646928,0.000194041456061508,0.007189934966736896,0.007950577474498007,0.00741061404149644,0.006784094904525917,0.000194041456061508,0.0070302927876158845,0.007790935295376996,0.007416774934065542,0.006837309430684427,0.00018974119888186594,0.007044882184257085,0.007788667683873999,-6.1608925691306915e-06,-8.083718122982077e-06,2.8744779891143434e-05,-6.250066115577181e-05,5.017887601751044e-05
strong_low_noise,1080,1.1288378916846883e-07,18.15539710047631,0.00018985869251892523,0.9424784159064493,200,17.925441324997973,17.92176738595336,0.010105365084366671,17.905634809432613,17.945247840563333,0.948812100237208,0.9482558294241418,0.00018479659415417113,0.9484498989126658,0.9491743015617501,0.23441093803135865,0.23544271384093085,0.00042645359824768184,0.2335750889787932,0.2352467870839241,0.9480268369316781,0.9466894666745247,0.0011907991136376414,0.9456928706689484,0.9503608031944079,0.2360485006433191,0.2388921692009735,0.002659194565114272,0.23083647929569512,0.24126052199094306,0.0065235430232775775,0.005967272210211427,0.00018479659415417113,0.006161341698735402,0.006885744347819753,0.006333684330758604,0.0057774135176924535,0.00018479659415417113,0.005971483006216428,0.006695885655300779,0.006338982258147976,0.005764828234713049,0.00017873541049642422,0.005988660853574985,0.006689303662720967,-5.297927389348815e-06,-1.9023479038975632e-05,3.5826351860582756e-05,-7.551757703609102e-05,6.492172225739339e-05
strong_low_noise,1080,1.438449888287663e-07,15.653137047933015,0.0002362226896743605,0.9425247799036047,200,15.479373803348071,15.477539506312128,0.008874653421336948,15.461979482642251,15.496768124053892,0.9479729286762005,0.9474717992746687,0.00017813450578877898,0.9476237850448546,0.9483220723075465,0.23612009618615915,0.23708565900904255,0.00040057361023055087,0.23533497191010727,0.23690522046221102,0.9471595978590446,0.9460950696619672,0.0011711686537675269,0.9448641072976602,0.9494550884204289,0.23785329768096283,0.2409073909376281,0.0026489901145408516,0.23266127705646275,0.24304531830546292,0.005684371462270401,0.005183242060738391,0.00017813450578877898,0.005335227830924395,0.006033515093616408,0.00544814877259602,0.00494701937106401,0.00017813450578877898,0.005099005141250014,0.005797292403942026,0.005452230326756385,0.004868933741513419,0.00016958931195032597,0.005119835275333746,0.0057846253781790235,-4.0815541603925716e-06,-2.7125977340459284e-05,4.4485945453382656e-05,-9.127400724902257e-05,8.311089892823743e-05
strong_low_noise,1080,1.8329807108324338e-07,13.492542019275113,0.00030755731153178645,0.9425961145254621,200,13.361765794727077,13.363469765796584,0.007757595824587934,13.346560906910884,13.37697068254327,0.94732192193102,0.946854076423559,0.00017412982300769208,0.946980627477925,0.9476632163841151,0.23750417809469332,0.23844257470150715,0.00038128592509403033,0.23675685768150903,0.2382514985078776,0.9464891517515707,0.9457760459330322,0.001151766466635399,0.9442316894769653,0.948746614026176,0.23931596200669142,0.24155929888864758,0.0026404225110684847,0.23414073388499718,0.24449119012838566,0.005033364717089655,0.004565519209628666,0.00017412982300769208,0.004692070263994579,0.005374659170184731,0.0047258074055578966,0.004257961898096907,0.00017412982300769208,0.0043845129524628206,0.005067101858652973,0.004728161033608052,0.004186953842886044,0.00016207960915616388,0.0044104849996619705,0.005045837067554133,-2.3536280501535757e-06,-2.983723751505013e-05,5.495038835505988e-05,-0.00011005638922607095,0.0001053491331257638
strong_low_noise,1080,2.3357214690901212e-07,11.637737050362711,0.00041688650307709907,0.9427054437170075,200,11.539576759653762,11.542713893464219,0.006752178101436083,11.526342490574947,11.552811028732577,0.946846895920183,0.9462963629170134,0.0001728916459780706,0.946508028294066,0.9471857635463,0.2385855626414685,0.2396651135619435,0.00036890540337962017,0.23786250805084444,0.23930861723209254,0.9460031358336916,0.9453420706000192,0.0011319261035785094,0.9437845606706777,0.9482217109967054,0.2404610832272219,0.24293332539685417,0.0026335791432509437,0.23529926810645005,0.24562289834799375,0.004558338706252642,0.004007805703082956,0.0001728916459780706,0.004219471080135624,0.00489720633236966,0.004141452203175501,0.0035909192000058154,0.0001728916459780706,0.003802584577058483,0.004480319829292519,0.004141348275983859,0.003606306175239306,0.0001559371470834821,0.003835711467700234,0.004446985084267483,1.0392719167580215e-07,-3.355786705118526e-05,6.741438873927561e-05,-0.00013202827473730438,0.000132236129120656
strong_low_noise,1080,2.976351441631313e-07,10.054225560643511,0.0005829798403707356,0.942871537054301,200,9.980637723156114,9.983828604769421,0.005854270047301439,9.969163353863404,9.992112092448824,0.9465439988648677,0.9459828021655134,0.00017452390890801094,0.9462019320034081,0.9468860657263274,0.2393821722607024,0.2407474328341667,0.0003636284398587381,0.2386694605185793,0.24009488400282553,0.9456976633018942,0.9446941771550175,0.0011109919771103585,0.9435201190267579,0.9478752075770305,0.24130840452026894,0.2433778845879639,0.0026285739179427317,0.2361563996411012,0.2464604093994367,0.0042554416509373565,0.0036942449515830478,0.00017452390890801094,0.003913374789477655,0.004597508512397058,0.0036724618105666556,0.003111265111212347,0.00017452390890801094,0.003330394949106954,0.004014528672026357,0.003668892505666528,0.0031008809939178537,0.0001508376843778177,0.0033732506442860056,0.003964534367047051,3.5693049000655627e-06,-3.3220458912288206e-05,8.199680256356603e-05,-0.00015714442812452383,0.00016428303792465497
strong_low_noise,1080,3.792690190732246e-07,8.709237375402362,0.0008320636053589306,0.9431206208192893,200,8.65404881444913,8.65593694106975,0.005058855044956874,8.644133458561015,8.663964170337245,0.9464189196640672,0.9457384810606265,0.00017907962378721363,0.9460679236014443,0.9467699157266901,0.2399054213003054,0.24147767288406352,0.0003656317055205969,0.23918878315748504,0.24062205944312576,0.9455784808633422,0.9448076783703837,0.0010883271106608885,0.9434453597264468,0.9477116020002375,0.2418707356546412,0.24493457626854231,0.0026255401855283926,0.23672467689100557,0.24701679441827684,0.004130362450136832,0.003449923846696179,0.00017907962378721363,0.003779366387513893,0.004481358512759771,0.0032982988447779076,0.0026178602413372554,0.00017907962378721363,0.002947302782154969,0.0036492949074008463,0.003289932857808802,0.0027198079189947235,0.00014643373235867575,0.0030029227423857977,0.0035769429732318064,8.36598696912199e-06,-4.23029346696155e-05,9.868297127998724e-05,-0.000185052636739653,0.000201784610677897
strong_low_noise,1080,4.832930238571752e-07,7.571915714296506,0.0011993592469317776,0.9434879164608622,200,7.530431188976338,7.531773406883204,0.004361089971640229,7.521883452631923,7.538978925320753,0.9464881465274493,0.9457879207095077,0.00018648526366675378,0.9461226354106624,0.9468536576442361,0.24015757390078085,0.2418911636333006,0.00037527538355364143,0.23942203414901572,0.24089311365254598,0.9456621537481351,0.9447633441363006,0.0010633342264657407,0.9435780186642623,0.947746288832008,0.24215132228870742,0.24539767838205576,0.00262464538851181,0.23700701732722426,0.24729562725019058,0.004199589313519041,0.003499363495577279,0.00018648526366675378,0.0038340781967322033,0.0045651004303058785,0.003000230066587221,0.0023000042486454597,0.00018648526366675376,0.0026347189498003836,0.0033657411833740583,0.0029854047832480056,0.0024129332187912455,0.00014240726847754222,0.002706286537032023,0.003264523029463988,1.4825283339267858e-05,-4.049834374004961e-05,0.00011725701622604722,-0.00021499846846378468,0.0002446490351423204
strong_low_noise,1080,6.158482110660254e-07,6.6134408721159454,0.0017298239340581695,0.9440183811479885,200,6.582119965128831,6.583606583957101,0.0037565649086554035,6.574757097907866,6.589482832349796,0.9467797652339768,0.9461802223188693,0.00019642974623765535,0.9463947629313509,0.9471647675366026,0.2401280953384837,0.2420556034081755,0.0003932936100538409,0.23935723986277818,0.24089895081418922,0.9459767668132892,0.9451327414184446,0.001035487332882853,0.9439472116408388,0.9480063219857396,0.242140249466136,0.24493280096825523,0.002626123211531433,0.2369930479715344,0.2472874509607376,0.004491208020046494,0.003891665104939046,0.00019642974623765535,0.00410620571742069,0.004876210322672298,0.002761384085988311,0.0021618411708808627,0.00019642974623765535,0.0023763817833625067,0.0031463863886141154,0.002738164563904759,0.00215691267008111,0.00013851267446962805,0.0024666797219442876,0.00300964940586523,2.3219522083577324e-05,-6.887949798855575e-06,0.00013723538974583146,-0.0002457618418182523,0.00029220088598540695
strong_low_noise,1080,7.847599703514607e-07,5.807176045052332,0.002477179458627611,0.9447657366725579,200,5.78337402310415,5.783599949316394,0.003240725037673272,5.77702220203031,5.7897258441779895,0.9473327551144942,0.9468332433593103,0.0002082561317528701,0.9469245730962585,0.9477409371327299,0.23978935943534285,0.24164116578868797,0.00042083574370093427,0.23896452137768903,0.24061419749299667,0.9465611056634642,0.9457816745070742,0.0010043674716219832,0.9445925454190851,0.9485296659078433,0.24181023912016747,0.24421423606750792,0.002630310698050827,0.23665483015198785,0.2469656480883471,0.005044197900563901,0.00454468614537995,0.00020825613175287007,0.004636015882328275,0.005452379918799526,0.0025670184419363234,0.002067506686752374,0.0002082561317528701,0.002158836423700698,0.0029752004601719486,0.002533353626211956,0.0019860867574868924,0.00013459246182132654,0.002269552401042156,0.002797154851381756,3.366481572430998e-05,1.653803940838748e-05,0.0001578225526744213,-0.00027566738751755575,0.0003429970189661757
strong_low_noise,1080,1e-06,5.128859966545513,0.003500211694818324,0.9457887689087486,200,5.110622442541575,5.110379067663311,0.002807876021165588,5.10511900554009,5.11612587954306,0.9481935279765947,0.9477554193951065,0.00022092008519703903,0.9477605246096086,0.9486265313435809,0.23909284840613354,0.24106155918358046,0.0004592819406547711,0.2381926558024502,0.2399930410098169,0.9474610780488112,0.946684156094314,0.0009696962458411226,0.9455604734069626,0.9493616826906598,0.2411129836866236,0.24249220217994133,0.00263767232570385,0.23594314592824406,0.24628282144500313,0.0059049707626643725,0.005466862181176146,0.00022092008519703903,0.005471967395678176,0.006337974129650569,0.0024047590678460827,0.001966650486357857,0.00022092008519703903,0.001971755700859886,0.0028377624348322793,0.0023587531794895876,0.0018223319385002818,0.0001305663533679672,0.002102843126888372,0.0026146632320908033,4.6005888356457946e-05,4.9870785595227375e-05,0.00017791770461182926,-0.0003027128126827274,0.0003947245893956433
strong_low_noise,1080,1.2742749857031322e-06,4.556809444678336,0.0048556797110469035,0.9471442369249773,200,4.542709983102824,4.543225675585955,0.002450339169769677,4.537907318330076,4.547512647875573,0.9494088688897144,0.9490033384343899,0.00023306414335433584,0.9489520631687399,0.9498656746106889,0.23796760534705874,0.23968561578344846,0.0005098414593331761,0.23696831608676572,0.23896689460735177,0.9487225587136118,0.94856888962129,0.0009313634671475633,0.9468970863180025,0.950548031109221,0.23997779279741074,0.24108135481580373,0.0026487867474421483,0.23478617077242414,0.24516941482239735,0.00712031167578424,0.006714781220459598,0.00023306414335433584,0.006663505954809742,0.007577117396758738,0.002264631964737295,0.0018591015094126528,0.00023306414335433584,0.0018078262437627966,0.002721437685711793,0.0022049156677815974,0.001655356580975639,0.00012640414056964703,0.001957163552265089,0.0024526677832981056,5.971629695574035e-05,9.368811852997159e-05,0.00019620130424287215,-0.00032483825936028903,0.00044427085327176973
strong_low_noise,1080,1.6237767391887209e-06,4.072064965495742,0.0065882086720570505,0.9488767658859873,200,4.061076234095257,4.061991595045367,0.0021582546666938773,4.056846054948537,4.065306413241977,0.9510156177572465,0.950672783572593,0.00024321455089131768,0.9505389172374995,0.9514923182769935,0.23632311825972643,0.23802382603969213,0.0005730197976909317,0.2351999994562522,0.23744623706320067,0.9503810266424998,0.950008144410155,0.0008894482606928804,0.9486377080515418,0.9521243452334578,0.23831474946097572,0.24062135177847255,0.0026642658840342736,0.23309278832826855,0.2435367105936829,0.00872706054331614,0.008384226358662594,0.00024321455089131768,0.008250360023569157,0.009203761063063124,0.002138851871259136,0.0017960176866055888,0.00024321455089131773,0.001662151351512153,0.0026155523910061187,0.0020649858852360976,0.001529730020645272,0.0001220946490680507,0.0018256803730627182,0.002304291397409477,7.38659860230086e-05,0.0001790409230147239,0.00021131435855660592,-0.000340310156747939,0.00048804212879395624
strong_low_noise,1080,2.06913808111479e-06,3.658420133289792,0.008719127923436886,0.9510076851373672,200,3.649811229723559,3.649752516171252,0.001920319567160959,3.6460474033719237,3.6535750560751943,0.9530291497752382,0.9527760468058877,0.00025006118305956413,0.9525390298564415,0.953519269694035,0.23405873485486317,0.23555910830651772,0.0006481029348634547,0.2327884531025308,0.23532901660719555,0.9524500802575023,0.9521677046984056,0.0008442328067665971,0.9507953839562397,0.9541047765587649,0.2360244661310687,0.23869552409884318,0.0026845820900415645,0.23076268523458723,0.24128624702755017,0.010740592561307948,0.010487489591957277,0.00025006118305956413,0.010250472642511202,0.011230712480104694,0.002021464637871074,0.0017683616685204018,0.00025006118305956413,0.001531344719074328,0.0025115845566678193,0.0019342583113110495,0.0014139725639166429,0.00011762176134922347,0.0017037196590665715,0.0021647969635555275,8.72063265599906e-05,0.0001723665334829912,0.00022210999472901553,-0.0003481292631088798,0.0005225419162288611
strong_low_noise,1080,2.6366508987303555e-06,3.3023092582021345,0.011237659986201316,0.9535262172001316,200,3.2955637784113243,3.2955156748953964,0.0017253367357454204,3.2921821184092632,3.2989454384133854,0.9554342103920029,0.9552546100863157,0.00025274357478881175,0.9549388329854168,0.955929587798589,0.2310804992196721,0.23270487901761683,0.0007328544974590391,0.22964410440465238,0.23251689403469183,0.9549123987855626,0.9547613548666571,0.0007962031410528396,0.953351840629099,0.9564729569420262,0.23301526159655123,0.23401306143270778,0.002709818093177446,0.22770401813392344,0.23832650505917902,0.013145653178072687,0.012966052872385392,0.00025274357478881175,0.012650275771486617,0.013641030584658757,0.0019079931918713883,0.0017283928861840936,0.00025274357478881175,0.0014126157852853173,0.002403370598457459,0.0018096070746927793,0.001329593403535383,0.00011295532845153484,0.001588214630927771,0.0020309995184577875,9.838611717859176e-05,0.00021649187740504366,0.0002279148892570491,-0.00034832706576522443,0.0005450993001224079
strong_low_noise,1080,3.359818286283781e-06,2.9925694575914337,0.014098092659504458,0.9563866498734348,200,2.987320539447183,2.9873005396778023,0.0015639349155144883,2.9842552270127745,2.9903858518815913,0.9581818499352718,0.958067328927573,0.00025104725336423135,0.9576897973186779,0.9586739025518657,0.22732345685122632,0.22866377986181058,0.0008236419507396528,0.2257091186277766,0.22893779507467604,0.9577168818591556,0.9574949317121177,0.0007460262097766579,0.9562546704879934,0.9591790932303178,0.22922565983033627,0.23028370968824266,0.0027394353293850714,0.22385636658474153,0.234594953075931,0.01589329272134151,0.015778771713642614,0.00025104725336423135,0.015401240104747617,0.016385345337935404,0.0017952000618370518,0.0016806790541381567,0.00025104725336423135,0.0013031474452431585,0.002287252678430945,0.0016889508911830714,0.001212566636985374,0.00010805892177319735,0.0014771554045076047,0.0019007463778585381,0.0001062491706539778,0.00016644364036128234,0.00022870850231255602,-0.000342019493878632,0.0005545178351865876
strong_low_noise,1080,4.281332398719387e-06,2.720127187685605,0.01722487497617823,0.9595134321901085,200,2.716107017560313,2.7160343778520404,0.0014295793487291415,2.713305042036804,2.7189089930838217,0.9611944211883596,0.9610774566233515,0.00024542777958901833,0.9607133827403651,0.9616754596363541,0.22277356371460208,0.22409966622283564,0.0009161419945988121,0.2209779254051884,0.22456920202401576,0.9607838900401632,0.9603491005678081,0.0006944948629265421,0.9594226801088271,0.9621450999714992,0.22464617199172066,0.2248659873734786,0.0027722367301202255,0.21921258800068502,0.2300797559827563,0.01890586397442923,0.01878889940942119,0.00024542777958901833,0.018424825526434756,0.019386902422423705,0.0016809889982510368,0.0015640244332429942,0.00024542777958901833,0.0011999505502565608,0.0021620274462455127,0.0015708765373669492,0.0010777093251026222,0.00010290836897058282,0.001369176134184607,0.0017725769405492915,0.00011011246088401317,0.000166458429395564,0.00022513322834244437,-0.00033114866666717776,0.0005513735884352041
strong_low_noise,1080,5.455594781168514e-06,2.4776712838792476,0.02052446565873472,0.962813022872665,200,2.474673280881607,2.4736424021487458,0.0013183180976462196,2.4720893774102204,2.4772571843529936,0.964377405393268,0.964283692401599,0.00023683178180846262,0.9639132151009234,0.9648415956856126,0.21748062888237432,0.21906868910648591,0.0010065547838885712,0.21550778150595273,0.2194534762587959,0.9640172949626943,0.9641524412648617,0.0006424462787586777,0.9627581002563272,0.9652764896690613,0.21933169864437033,0.21998520030068366,0.0028066788192085616,0.21383060815872154,0.2248327891300191,0.022088848179337487,0.021995135187668546,0.0002368317818084626,0.0216246578869929,0.022553038471682073,0.001564382520602814,0.0014706695289338767,0.0002368317818084626,0.0011001922282582273,0.0020285728129474006,0.001454458916116147,0.000978489612774526,9.7508835297243e-05,0.0012633415989335506,0.0016455762332987433,0.00010992360448661847,0.00035275117074024453,0.0002182985045260534,-0.00031794146438444623,0.0005377886733576832
strong_low_noise,1080,6.951927961775606e-06,2.2593614271323856,0.02389990966536011,0.9661884668792905,200,2.257213584381526,2.2562758399831404,0.0012274516150066832,2.254807779216113,2.259619389546939,0.9676339410935688,0.9676031984633278,0.00022636418137311965,0.9671902672980776,0.9680776148890601,0.21155516041558373,0.21328574309725304,0.0010929262698266622,0.20941302492672348,0.21369729590444397,0.9673191606698418,0.9672880366262901,0.0005906764010491077,0.9661614349237856,0.968476886415898,0.21339751661702222,0.2157911710153797,0.002841500312710897,0.20782817600410886,0.21896685722993559,0.025345383879638615,0.025314641249397363,0.00022636418137311965,0.0249017100841473,0.02578905767512993,0.0014454742142784593,0.0014147315840372099,0.00022636418137311965,0.001001800418787145,0.0018891480097697737,0.0013392223027396297,0.0009184623596557879,9.189822642520822e-05,0.0011591017789462216,0.0015193428265330379,0.00010625191153885133,0.0003095033477063899,0.00020942665179325603,-0.0003042243259759305,0.0005167281490536332
strong_low_noise,1080,8.858667904100815e-06,2.0605907323996413,0.027263255909956985,0.9695518131238874,200,2.059138623551649,2.058580735413009,0.001154019988062287,2.056876744375047,2.061400502728251,0.970877084683716,0.9709019023305265,0.0002149294398051629,0.9704558229816979,0.9712983463857342,0.20514840489247171,0.2060901959481417,0.001175950109181935,0.20284354267847512,0.2074532671064683,0.9706020547469436,0.9705965402695473,0.0005398789906660448,0.9695438919252382,0.9716602175686491,0.20699841894363893,0.20952213562411826,0.002876384086195589,0.2013607061346956,0.21263613175258228,0.028588527469785706,0.028613345116596245,0.00021492943980516287,0.028167265767767586,0.029009789171803826,0.0013252715598286652,0.0013500892066392045,0.00021492943980516287,0.000904009857810546,0.0017465332618467845,0.0012251329707155204,0.0008610168045956815,8.613193987692635e-05,0.0010563143685567448,0.001393951572874296,0.00010013858911320513,0.00021330311196132273,0.00019947677656023197,-0.0002908358929448495,0.0004911130711712598
strong_low_noise,1080,1.1288378916846883e-05,1.8777910814794638,0.03054251668727,0.9728310739012004,200,1.8768890197786232,1.876527534436151,0.0010941746188632953,1.8747444375256512,1.8790336020315952,0.97403647302965,0.9740018374849242,0.00020300614776713348,0.9736385809800264,0.9744343650792736,0.19842305361875265,0.19764356258272958,0.0012587313794237295,0.19595594011508213,0.20089016712242316,0.9737956600558948,0.9738810720839435,0.0004906261456954986,0.9728340328103317,0.9747572873014579,0.20029880608249137,0.20223537648855716,0.002912281109206555,0.19459073510844652,0.20600687705653623,0.03174791581571954,0.031713280270993904,0.00020300614776713348,0.03135002376609596,0.03214580786534312,0.0012053991284495036,0.0011707635837238661,0.00020300614776713348,0.000807507078825922,0.0016032911780730853,0.0011125272435185195,0.000769283815738208,8.025523413068775e-05,0.0009552269846223715,0.0012698275024146674,9.287188493102661e-05,0.00014696341973063375,0.000188921389325281,-0.00027741403814652416,0.0004631578080085773
strong_low_noise,1080,1.43844988828766e-05,1.7082563105492263,0.03368279173763309,0.9759713489515635,200,1.707765082928336,1.7081464076079507,0.0010438680312157523,1.7057191015871531,1.7098110642695188,0.9770590493657817,0.9770140880830576,0.00019065547945999744,0.97668536462604,0.9774327341055233,0.1915266212589907,0.1908482165072183,0.001345473548090782,0.18888949310473277,0.19416374941324863,0.9768473750386345,0.9769149148946754,0.0004433850362486423,0.9759783403675871,0.9777164097096819,0.19344592985568834,0.19560078324834274,0.002951192570893147,0.18766159241673777,0.1992302672946389,0.0347704921518513,0.034725530869127164,0.00019065547945999744,0.03439680741210971,0.035144176891592896,0.0010877004142181928,0.0010427391314940526,0.00019065547945999744,0.0007140156744765978,0.0014613851539597878,0.0010019512911018994,0.0006779694142844505,7.427860873289928e-05,0.0008563652179854168,0.001147537364218382,8.574912311631952e-05,6.516621923250455e-05,0.0001777834763444486,-0.0002627064905187997,0.00043420473675143877
strong_low_noise,1080,1.8329807108324338e-05,1.5499669395977995,0.0366436545620701,0.9789322117760004,200,1.5497563471550984,1.5511877871690367,0.0010002525335622528,1.5477958521893163,1.5517168421208805,0.9799060482853312,0.9798404033535619,0.00017772968823910002,0.9795576980963826,0.9802543984742799,0.1845773192370119,0.18503253903835776,0.0014396312254446807,0.18175564203514033,0.18739899643888347,0.9797191388755898,0.9796265915580449,0.00039854737593076033,0.9789379860187655,0.9805002917324142,0.18655607449956413,0.18680635274082785,0.002995470881005645,0.18068495157279307,0.19242719742633518,0.037617491071400916,0.037551846139631584,0.00017772968823910002,0.03726914088245228,0.037965841260349555,0.0009738365093308321,0.0009081915775615013,0.00017772968823910002,0.0006254863203821961,0.001322186698279468,0.0008939731130010553,0.0005736875628243326,6.81723046933103e-05,0.0007603553958021671,0.0010275908301999434,7.986339632976326e-05,7.338258888070346e-05,0.00016588695598252723,-0.00024527503739599015,0.0004050018300555166
strong_low_noise,1080,2.3357214690901213e-05,1.4014220498695682,0.0393957093747827,0.981684266588713,200,1.401376202286683,1.4029895418788065,0.0009626089498071832,1.3994894887450609,1.403262915828305,0.9825492706718276,0.9824705158277797,0.00016413391127036414,0.9822275682057378,0.9828709731379175,0.17766510481158018,0.17873976900976868,0.00154235621607338,0.17464208662807637,0.180688122995084,0.9823835519582339,0.9824129028506192,0.00035644433476624205,0.981684921062092,0.9830821828543758,0.1797161116307139,0.17859675037819014,0.0030468653488200997,0.17374425554702652,0.1856879677144013,0.0402607134578972,0.04018195861384932,0.00016413391127036414,0.039939010991807286,0.04058241592398712,0.00086500408311456,0.000786249239066672,0.00016413391127036414,0.0005433016170246463,0.0011867065492044736,0.0007890674784371557,0.0004884509688455543,6.188632270133909e-05,0.0006677702859425311,0.0009103646709317804,7.593660467736463e-05,9.820013274557517e-05,0.00015314973035314777,-0.000224236866814805,0.00037611007616953425
strong_low_noise,1080,2.976351441631313e-05,1.2615020528390948,0.04191835734034953,0.9842069145542799,200,1.261525206140063,1.2623253913611765,0.0009319486399975056,1.2596985868056678,1.2633518254744582,0.9849687765188248,0.9848429207826074,0.00014999210064792722,0.9846747920015548,0.9852627610360947,0.17086320270785052,0.17258940686891996,0.0016518725602969594,0.16762553248966847,0.17410087292603257,0.9848214471493532,0.984906610274972,0.0003173322684831167,0.9841994759031263,0.98544341839558,0.1729954428676409,0.17375808030209003,0.003105617387676134,0.16690843278779569,0.17908245294748612,0.042680219304894386,0.042554363568677034,0.00014999210064792722,0.04238623478762445,0.042974203822164325,0.0007618619645448388,0.0006360062283274903,0.00014999210064792722,0.0004678774472749015,0.001055846481814776,0.0006876430677371917,0.00042694837191714836,5.538790846924542e-05,0.0005790827671374706,0.0007962033683369127,7.421889680766131e-05,0.00016843186453312068,0.00013975611435941763,-0.0001997030873367972,0.00034814088095211983
strong_low_noise,1080,3.792690190732246e-05,1.129386434272404,0.04419919853956761,0.9864877557534979,200,1.1294073731836693,1.1300069715249181,0.0009093266142386077,1.1276250930197618,1.131189653347577,0.987152426887674,0.9870454036711868,0.00013565735324507132,0.9868865384753137,0.9874183153000343,0.16424175231609922,0.1661940173286539,0.00176394383155631,0.16078442240624885,0.1676990822259496,0.9870213538986108,0.9871969326686008,0.00028135684169529394,0.986469894488888,0.9875728133083336,0.16645988673223053,0.1673059604512185,0.00316998811787269,0.16024671002120006,0.172673063443261,0.04486386967374384,0.044756846457256416,0.00013565735324507132,0.0445979812613835,0.04512975808610418,0.0006646711341762839,0.0005576479176888638,0.00013565735324507132,0.0003987827218159442,0.0009305595465366238,0.0005901970686417847,0.00035631918929801814,4.869908530080717e-05,0.0004947468614522027,0.0006856472758313668,7.447406553445318e-05,0.00017680017338136538,0.00012615088888086383,-0.0001727816766720399,0.00032172980774094627
strong_low_noise,1080,4.8329302385717524e-05,1.0045314359469182,0.04623425037702535,0.9885228075909557,200,1.0045050432158684,1.0045436929416116,0.0008938481370015447,1.0027531008673454,1.0062569855643915,0.9890963662715937,0.9890691346147797,0.00012160133002853903,0.9888580276647377,0.9893347048784497,0.1578763285847922,0.16012373753322406,0.0018731360517710279,0.154204981923321,0.1615476752462634,0.9889799430845774,0.9892309280111793,0.0002485211023846585,0.9884928417239034,0.9894670444452514,0.1601804207439464,0.16135598288936798,0.0032365345657105926,0.15383681299515364,0.16652402849273915,0.04680780905766337,0.046780577400849344,0.00012160133002853903,0.046569470450807435,0.04704614766451931,0.0005735586806380388,0.0005463270238240114,0.00012160133002853903,0.0003352200737821023,0.0008118972874939754,0.0004974999406834578,0.00029819083116369564,4.191769036251393e-05,0.00041534126757293045,0.0005796586137939851,7.60587399545537e-05,0.0001623860320132745,0.00011289886519124858,-0.0001452230358202935,0.0002973405157294009
strong_low_noise,1080,6.158482110660255e-05,0.8866854044740867,0.04802785282632378,0.9903164100402542,200,0.8865909593097614,0.8867698691118446,0.0008817367050957438,0.8848627553677737,0.8883191632517491,0.9908051757276393,0.9907843298912388,0.0001082616596661863,0.9905929828746936,0.991017368580585,0.1518481473312313,0.15394166161626077,0.001974296999063734,0.1479785252130664,0.15571776944939622,0.99070217229598,0.9910051739672797,0.0002186842752191681,0.9902735511165505,0.9911307934754096,0.15423380037598144,0.1563475003846012,0.003301075995862594,0.14776369142409077,0.16070390932787212,0.048516618513708885,0.048495772677308424,0.00010826165966618629,0.04830442566076316,0.04872881136665461,0.0004887656873850554,0.00046791985098459943,0.00010826165966618629,0.0002765728344393303,0.0007009585403307806,0.00041068421967372813,0.0002416882882951983,3.521361389822315e-05,0.00034166553643321073,0.0004797029029142455,7.808146771137516e-05,0.00019030191558106472,0.00010049890818880904,-0.00011889639233869054,0.00027505932776144084
strong_low_noise,1080,7.847599703514606e-05,0.7759008110672175,0.04959160465759471,0.9918801618715251,200,0.775737450682447,0.7757664373462414,0.0008671472340672752,0.7740378421036752,0.7774370592612189,0.9922909222411558,0.9923392497982575,9.592215347669458e-05,0.9921029148203414,0.9924789296619702,0.14623710336535858,0.14720552603237058,0.002063676204511119,0.1421922980045168,0.15028190872620037,0.9922003461255601,0.9925548374277584,0.00019160121935478467,0.9918248077356246,0.9925758845154955,0.14869619211506016,0.15047457749692533,0.0033598663887218104,0.14211085399316542,0.1552815302369549,0.0500023650272254,0.05005069258432715,9.592215347669458e-05,0.04981435760641108,0.05019037244803973,0.0004107603696306905,0.0004590879267324377,9.592215347669458e-05,0.00022275294881636914,0.0005987677904450119,0.00033115448033983524,0.0001881179397793912,2.8801699697407026e-05,0.0002747031489329175,0.000387605811746753,7.960588929085711e-05,0.00024920743090790407,8.923922922177786e-05,-9.53029999838275e-05,0.00025451477856554175
strong_low_noise,1080,0.0001,0.6725033669342569,0.05094239220652001,0.9932309494204503,200,0.6722838072966068,0.6715218932112368,0.0008441387215285648,0.6706292954024108,0.6739383191908027,0.9935711253918698,0.9936574541505094,8.467054336940264e-05,0.9934051711268658,0.9937370796568737,0.14111150202802378,0.141380739263773,0.002139389257203807,0.13691829908390432,0.14530470497214323,0.9934921050568478,0.99382791376419,0.0001669894131740451,0.9931648058070267,0.9938194043066689,0.1436334387266472,0.14513135276022326,0.003410424392458471,0.1369490069174286,0.1503178705358658,0.051282568177939435,0.05136889693657909,8.467054336940264e-05,0.051116613912935406,0.05144852244294346,0.0003401759714194541,0.0004265047300591185,8.467054336940264e-05,0.00017422170641542495,0.0005061302364234833,0.0002603269209844186,0.00014486825871936148,2.2900402262148824e-05,0.00021544213255060693,0.0003052117094182303,7.984905043499716e-05,0.00026462492034074413,7.915188242058703e-05,-7.52886391093534e-05,0.00023498673997934772
strong_low_noise,1080,0.0001274274985703132,0.5770003387111425,0.052100056442899806,0.9943886136568302,200,0.5767442479188238,0.5763098297826178,0.0008085914963199464,0.5751594085860368,0.5783290872516109,0.9946662355248528,0.9947297691020813,7.443772476330736e-05,0.9945203375843167,0.9948121334653889,0.13651882737170049,0.13573432039157962,0.0022012787414250816,0.13220432103850732,0.14083333370489365,0.9945979328103918,0.9949458398055009,0.00014459625264179405,0.9943145241552138,0.9948813414655697,0.13909205086311238,0.13882150448549396,0.003451774972416604,0.13232657191717584,0.14585752980904892,0.05237767831092237,0.052441211888150985,7.443772476330737e-05,0.05223178037038628,0.052523576251458454,0.00027762186802253675,0.00034115544525115116,7.443772476330737e-05,0.0001317239274864543,0.00042351980855861917,0.00019929549867813063,0.00010908494813112026,1.7689380101003426e-05,0.00016462431368016392,0.00023396668367609735,7.832636934442788e-05,0.000248480800200092,7.007527225397544e-05,-5.9021164273363985e-05,0.00021567390296221975
strong_low_noise,1080,0.00016237767391887175,0.4899408480802734,0.053085318279580504,0.9953738754935109,200,0.48966914937004247,0.4895318169646806,0.0007592202604415998,0.4881810776595769,0.491157221080508,0.995597344322783,0.9956690785245675,6.508444956493053e-05,0.9954697788016358,0.9957249098439303,0.13248057115023554,0.13044864831512934,0.0022504286933924455,0.12806973091118634,0.13689141138928473,0.9955388996618258,0.9958495880006553,0.00012424162445509154,0.9952953860778939,0.9957824132457578,0.1350938825158732,0.13332332802462504,0.003484205496510926,0.1282648397427118,0.1419229252890346,0.05330878710885271,0.0533805213106372,6.508444956493053e-05,0.05318122158770545,0.05343635262999997,0.00022346882927219035,0.0002952030310566789,6.508444956493053e-05,9.590330812492653e-05,0.00035103435041945416,0.0001485582346081548,8.007594550689348e-05,1.3278782549846401e-05,0.00012253182081045587,0.00017458464840585376,7.491059466404702e-05,0.00020151512763898362,6.177812644437726e-05,-4.6174533166932406e-05,0.00019599572249502645
strong_low_noise,1080,0.00020691380811147902,0.4117645536368164,0.05391834427435395,0.9962069014882843,200,0.41149547180895996,0.4114231800993645,0.0006975270456853805,0.41012831879941664,0.4128626248185033,0.9963846057131025,0.9964361619096351,5.6484938168852145e-05,0.9962738952342916,0.9964953161919134,0.12899204535817035,0.12604398829945274,0.0022886025712903673,0.12450638431844123,0.13347770639789946,0.9963351155883851,0.9965904186509473,0.00010582504960535288,0.9961276984911586,0.9965425326856115,0.13163553421903226,0.13020805315088385,0.003508799141355161,0.12475828790197614,0.13851278053608837,0.05409604849917228,0.05414760469570479,5.648493816885215e-05,0.05398533802036133,0.05420675897798323,0.00017770422481834912,0.000229260421350852,5.6484938168852145e-05,6.699374600739892e-05,0.0002884147036292993,0.00010790444510578455,5.735567055306054e-05,9.697949827225981e-06,8.889646344442163e-05,0.00012691242676714747,6.979977971255384e-05,0.00017815309558207403,5.407263604729349e-05,-3.61825869401414e-05,0.00017578214636524908
strong_low_noise,1080,0.00026366508987303556,0.3426803051322296,0.054618004377141594,0.9969065615910719,200,0.3424273561035831,0.3424025829524869,0.0006270022740156827,0.34119843164651237,0.34365628056065384,0.9970464653137128,0.9970954041391713,4.857147989495162e-05,0.9969512652131187,0.9971416654143068,0.12602628494415644,0.12235596634471455,0.0023177777923344875,0.12148344047118084,0.13056912941713203,0.9970049868500362,0.9972231675212232,8.930315171196497e-05,0.9968299526726808,0.9971800210273917,0.1286917821445649,0.1278766001534317,0.0035269771431966183,0.12177890694389952,0.13560465734523025,0.05475790809978252,0.054806846925240904,4.857147989495162e-05,0.05466270799918841,0.05485310820037662,0.00013990372264092443,0.00018884254809931056,4.857147989495162e-05,4.4703622046819255e-05,0.00023510382323502959,7.648554899956561e-05,4.0150330504728606e-05,6.903641203612706e-06,6.295441224048472e-05,9.001668575864651e-05,6.341817364135914e-05,0.00016753794866037873,4.6868340572839643e-05,-2.844377388140656e-05,0.00015528012116412484
strong_low_noise,1080,0.0003359818286283774,0.28260290647035285,0.0552016375364756,0.9974901947504059,200,0.282374510440423,0.2822317354378191,0.0005520328990640909,0.2812925259582574,0.2834564949225886,0.9975995025235724,0.9976393245992147,4.133500402355504e-05,0.9975184859156863,0.9976805191314586,0.12354023343637692,0.11918385426770137,0.002339839399591309,0.11895414821317796,0.12812631865957588,0.9975650764798507,0.9977387690503268,7.465322610786596e-05,0.9974187561566793,0.9977113968030221,0.1262213737798279,0.1261719281775876,0.003540168991710457,0.1192826425560754,0.1331601050035804,0.05531094530964208,0.05535076738528433,4.133500402355504e-05,0.055229928701755915,0.05539196191752825,0.00010930777316652374,0.00014912984880877111,4.133500402355504e-05,2.8291165280355866e-05,0.00019032438105269161,5.301695349460978e-05,2.752692734298859e-05,4.801392884715082e-06,4.360622344056822e-05,6.242768354865135e-05,5.629081967186992e-05,0.00014475091843138966,4.016513253911099e-05,-2.243284010478762e-05,0.00013501447944852746
strong_low_noise,1080,0.00042813323987193956,0.23115365526738332,0.05568507183263627,0.9979736290465666,200,0.23095379122920717,0.2308384046324764,0.00047691135923635204,0.23001904496510392,0.23188853749331043,0.9980585840416688,0.9980940312137704,3.479933558672252e-05,0.9979903773439188,0.9981267907394188,0.12148140212935221,0.11671482477378521,0.0023564219581930935,0.11686281509129375,0.12609998916741066,0.9980302661727201,0.9981761826813143,6.183934671771932e-05,0.9979090610531534,0.9981514712922868,0.12417344172513387,0.12462850989022928,0.003549630083645431,0.11721616676118882,0.1311307166890789,0.05577002682773858,0.05580547399984004,3.479933558672252e-05,0.0557018201299886,0.055838233525488556,8.495499510231263e-05,0.00012040216720377028,3.479933558672252e-05,1.6748297352336502e-05,0.00015316169285228875,3.60238871524053e-05,1.8527556985170545e-05,3.271014217353427e-06,2.9612699286392582e-05,4.2435075018418014e-05,4.893110794990566e-05,0.00011458729050645378,3.401362803759789e-05,-1.7735603003786205e-05,0.00011559781890359752
strong_low_noise,1080,0.0005455594781168515,0.18771085380638997,0.05608270521741203,0.9983712624313423,200,0.18754017400188286,0.1873713209088278,0.00040516836744244086,0.18674604400169567,0.18833430400207005,0.9984370827023463,0.9984710207934698,2.8990977574631418e-05,0.9983802603863,0.9984939050183926,0.11979372966562776,0.11484014092364454,0.002368858164286947,0.11515076766362535,0.12443669166763018,0.9984139747256566,0.9985450539163959,5.0791310821632635e-05,0.9983144237564462,0.9985135256948671,0.1224932533915257,0.12230645774392838,0.0035563740358644865,0.1155227602812313,0.1294637465018201,0.05614852548841604,0.05618246357953949,2.8990977574631418e-05,0.056091703172369764,0.05620534780446232,6.582027100405064e-05,9.97583621275e-05,2.8990977574631418e-05,8.997954957773057e-06,0.00012264258705032823,2.405522310916324e-05,1.2272673606426718e-05,2.188748594565194e-06,1.976527586381546e-05,2.8345170354511023e-05,4.176504789484176e-05,9.468474903372487e-05,2.847277015604028e-05,-1.4041581610997187e-05,9.75716774006807e-05
strong_low_noise,1080,0.0006951927961775591,0.1514871290681091,0.056407556545518704,0.998696113759449,200,0.15134411153255983,0.1511509820239917,0.0003392747887878568,0.15067913294653562,0.15200909011858404,0.9987470365417611,0.9987699730452644,2.3918059847031384e-05,0.9987001571444609,0.9987939159390613,0.11842202586558827,0.11332192756213816,0.002378190390836312,0.1137607726995491,0.12308327903162744,0.9987283108588844,0.9988409562995502,4.139878522300686e-05,0.9986471692398473,0.9988094524779214,0.12112663931877844,0.12089726697505995,0.0035611745693117335,0.11414673716292745,0.12810654147462944,0.05645847932783084,0.05648141583133398,2.3918059847031384e-05,0.05641159993053066,0.056505358725131016,5.0922782312182724e-05,7.38592858153253e-05,2.3918059847031384e-05,4.043385012001212e-06,9.780217961236423e-05,1.582553648307632e-05,8.019666744757896e-06,1.4422757767718594e-06,1.2998675960603473e-05,1.8652397005549163e-05,3.509724582905622e-05,7.093327658215469e-05,2.3581201023626832e-05,-1.1121908177252366e-05,8.13163998353648e-05
strong_low_noise,1080,0.0008858667904100832,0.12161127043331371,0.05667127816157233,0.9989598353755027,200,0.12149318288918547,0.12130064361082782,0.00028063831348745376,0.12094313179475005,0.12204323398362088,0.998999227157654,0.9990147429901484,1.9561986359964217e-05,0.9989608856643885,0.9990375686509195,0.11731490267515127,0.1121006072374762,0.002385211593251498,0.11263988795237834,0.1219899173979242,0.9989841427327519,0.9990745290240473,3.3517277909935175e-05,0.9989184488680485,0.9990498365974554,0.12002295951834008,0.11979444139870142,0.0035646000802018922,0.11303634336114438,0.12700957567553578,0.05671066994372364,0.05672618577621796,1.9561986359964217e-05,0.05667232845045811,0.05674901143698917,3.9391782151280696e-05,5.490761464560512e-05,1.9561986359964217e-05,1.0502888857508296e-06,7.773327541681056e-05,1.0281528402664325e-05,5.181163222559227e-06,9.382120327878881e-07,8.442632818400064e-06,1.2120423986928585e-05,2.9110253748644524e-05,5.405979111340965e-05,1.9345519892519685e-05,-8.806965240694058e-06,6.702747273798311e-05
strong_low_noise,1080,0.0011288378916846883,0.09719915359832665,0.05688415808181591,0.9991727152957462,200,0.09710275536947471,0.0969359468131553,0.0002297761056522117,0.09665239420239638,0.09755311653655305,0.9992032095811985,0.9992168766076863,1.5879032023793934e-05,0.9991720866784318,0.9992343324839651,0.11642639747040291,0.11112330892095823,0.00239051441190007,0.11174098922307878,0.12111180571772705,0.9991911189774995,0.999257141796815,2.6980370463027753e-05,0.999138237451392,0.999244000503607,0.11913678102567905,0.11857410151645438,0.0035670574984934303,0.11214534832863193,0.12612821372272617,0.05691465236726824,0.05692831939375603,1.5879032023793934e-05,0.056883529464501606,0.056945775270034873,3.049428545232602e-05,4.41613119401274e-05,1.5879032023793934e-05,-6.286173143100904e-07,6.161718821896212e-05,6.610406278977381e-06,3.315942012369127e-06,6.038194664838432e-07,5.426920124669048e-06,7.793892433285713e-06,2.388387917333767e-05,4.294962624724521e-05,1.5741190805443755e-05,-6.968854805332093e-06,5.473661315200743e-05
strong_low_noise,1080,0.00143844988828766,0.07740642412046492,0.05705514133317371,0.999343698547104,200,0.07732842227997114,0.07720274537934044,0.00018655528740528314,0.07696277391665678,0.0776940706432855,0.9993673346132601,0.9993790548522784,1.2807239225449521e-05,0.9993422324243783,0.999392436802142,0.1157166112485141,0.11034461609920243,0.002394537345020614,0.1110233180522737,0.1204099044447545,0.9993576837366053,0.9994076696471768,2.1613217531920484e-05,0.9993153218302427,0.9994000456429678,0.11842857055811976,0.11718188885139119,0.003568833414762998,0.11143365706518428,0.12542348405105525,0.05707877739932989,0.05709049763834806,1.2807239225449521e-05,0.05705367521044801,0.057103879588211774,2.3636066156210723e-05,3.535630517437216e-05,1.2807239225449521e-05,-1.4661227256703372e-06,4.873825503809178e-05,4.2138324387746814e-06,2.1058996120699568e-06,3.8521140568075515e-07,3.4588180836404013e-06,4.968846793908962e-06,1.942223371741844e-05,3.4587457520716624e-05,1.272009256509782e-05,-5.509147710173287e-06,4.4353615145010166e-05
strong_low_noise,1080,0.0018329807108324375,0.061461986420234115,0.05719188584408633,0.9994804430580166,200,0.06139929925234093,0.061304339465248,0.00015042819884132476,0.061104459982611936,0.061694138522069925,0.9994987907771338,0.9995086413901837,1.0274690741409902e-05,0.9994786523832806,0.999518929170987,0.11515168435192338,0.10973379800855089,0.002397603457918436,0.11045238157440325,0.11985098712944352,0.9994911134618019,0.9995276618324433,1.7244122318595705e-05,0.9994573149820574,0.9995249119415464,0.11786471651953075,0.11639827749231951,0.0035701278338028664,0.11086726596527713,0.12486216707378436,0.057210233563203435,0.057220084176253405,1.0274690741409902e-05,0.05719009516935027,0.057230371957056596,1.8347719117137727e-05,2.8198332167106432e-05,1.0274690741409902e-05,-1.7906747360256798e-06,3.8486112970301134e-05,2.667451042678592e-06,1.3290778622124724e-06,2.439990960603143e-07,2.189212814400376e-06,3.145689270956808e-06,1.5680268074422838e-05,2.7713425066226985e-05,1.0219904627728022e-05,-4.350744995924086e-06,3.571128114476976e-05
strong_low_noise,1080,0.002335721469090121,0.04868505844455577,0.05730085328278702,0.9995894104967173,200,0.048634944364271925,0.048562775010906147,0.00012062549040118357,0.04839851840308561,0.04887137032545824,0.9996036751831199,0.999611692571587,8.206804437490146e-06,0.9995875898464224,0.9996197605198174,0.11470337667285399,0.10924959320131565,0.002399950770319024,0.1099994731630287,0.11940728018267928,0.9995975846897929,0.9996257051393911,1.3712822049324188e-05,0.9995707075585762,0.9996244618210095,0.11741714505294688,0.1160992208996145,0.003571079866300827,0.11041782851499726,0.1244164615908965,0.05731511796918959,0.057323135357656596,8.206804437490146e-06,0.05729903263249211,0.05733120330588707,1.4264686402581938e-05,2.2282074869595103e-05,8.206804437490146e-06,-1.8206502948987482e-06,3.0350023100062627e-05,1.6790633153513064e-06,8.345885368683798e-07,1.5366366162219494e-07,1.3778825385718044e-06,1.9802440921308085e-06,1.258562308721385e-05,2.211371712567175e-05,8.172514723764166e-06,-3.4325057713639146e-06,2.8603751945791613e-05
strong_low_noise,1080,0.002976351441631313,0.038489980258614366,0.0573874258814555,0.9996759830953859,200,0.03845008105345995,0.038391304589073805,9.629637406898591e-05,0.038261340160284735,0.03863882194663516,0.9996870898148589,0.9996934936765187,6.5316876448914955e-06,0.9996742877070749,0.9996998919226429,0.11434844837034286,0.10886658854105216,0.0024017551701525654,0.10964100823684383,0.11905588850384188,0.9996822689181559,0.9997039760704189,1.087539908148953e-05,0.9996609531359562,0.9997035847003557,0.11706272694290626,0.11587726781408622,0.0035717863871616413,0.11006202562406944,0.12406342826174308,0.05739853260092845,0.057404936462588374,6.5316876448914955e-06,0.05738573049314446,0.05741133470871244,1.1106719472943616e-05,1.7510581132862413e-05,6.5316876448914955e-06,-1.695388311043715e-06,2.390882725693095e-05,1.0521333805314715e-06,5.219613285207888e-07,9.632564369512016e-08,8.63335118889036e-07,1.240931642173907e-06,1.0054586092430287e-05,1.7126116918288444e-05,6.510300889632043e-06,-2.7056036512485167e-06,2.281477583610909e-05
strong_low_noise,1080,0.003792690190732238,0.03038293117992556,0.057456037065360045,0.9997445942792904,200,0.030351265410969445,0.030302734362789026,7.660018448379062e-05,0.030201129049381215,0.030501401772557675,0.9997532537898763,0.9997585163622883,5.183477041161663e-06,0.9997430941748756,0.9997634134048771,0.114067972153316,0.10856414855322472,0.002403147273042243,0.1093578034981532,0.1187781408084788,0.9997494446500182,0.9997662498820014,8.606399922961279e-06,0.9997325761061693,0.9997663131938672,0.11678260828321506,0.11570276408834278,0.0035723151829442873,0.10978087052464426,0.12378434604178586,0.05746469657594588,0.05746995914835795,5.183477041161663e-06,0.0574545369609452,0.057474856190946555,8.659510585820595e-06,1.3922082997885887e-05,5.183477041161663e-06,-1.5001044148562635e-06,1.8819125586497453e-05,6.569044307096797e-07,3.253889613195391e-07,6.015955709632732e-08,5.389916988008781e-07,7.748171626184812e-07,8.002606155131675e-06,1.3679204027139632e-05,5.1701743594104e-06,-2.130935589312708e-06,1.813614789957606e-05
strong_low_noise,1080,0.004832930238571752,0.02395397516105189,0.05751030461832256,0.9997988618322529,200,0.023928905737410675,0.023889306567222282,6.075948662262005e-05,0.02380981714363034,0.02404799433119101,0.9998056212962331,0.9998099004060952,4.104014759265778e-06,0.9997975774273049,0.9998136651651612,0.11384665711476359,0.10832564566673454,0.0024042246561438558,0.10913437678872163,0.11855893744080555,0.999802615869167,0.9998162703060263,6.798954142351996e-06,0.9997892899190479,0.999815941819286,0.11656154686945279,0.11556562073413121,0.0035727140411230215,0.10955902734885167,0.1235640663900539,0.05751706408230261,0.05752134319216479,4.104014759265778e-06,0.05750902021337445,0.05752510795123077,6.759463980086644e-06,1.103857384227025e-05,4.104014759265778e-06,-1.2844049480742802e-06,1.480333290824757e-05,4.0896063182186764e-07,2.0232653424098078e-07,3.746167232103791e-08,3.3553575407263334e-07,4.823855095711019e-07,6.350503348222784e-06,1.0887427304080465e-05,4.095758135965345e-06,-1.6771825982692917e-06,1.437818929471486e-05
strong_low_noise,1080,0.006158482110660254,0.01886692948367171,0.057553157925522076,0.9998417151394524,200,0.018847120385761248,0.01881509611140275,4.808583324430223e-05,0.018752872152602417,0.01894136861892008,0.9998469967637088,0.9998504483641713,3.243331331404414e-06,0.9998406398342993,0.9998533536931183,0.11367222772734507,0.10813776059347999,0.002405060679890686,0.10895830879475933,0.11838614665993082,0.9998446281602077,0.9998556405695262,5.36363549584132e-06,0.9998341154346359,0.9998551408857795,0.11638729961089649,0.1154578728766785,0.003573016964595793,0.10938418636028874,0.12339041286150423,0.05755843954977845,0.05756189115024096,3.243331331404414e-06,0.05755208262036889,0.057564796479188,5.28162425637857e-06,8.733224718893151e-06,3.243331331404414e-06,-1.0753051531740814e-06,1.163855366593122e-05,2.5401936261311756e-07,1.2555068558145615e-07,2.3273065291120976e-08,2.0840415464252044e-07,2.9963457058371465e-07,5.027604893755483e-06,8.639371393188423e-06,3.2382152742227145e-06,-1.3192970437210374e-06,1.1374506831232002e-05
strong_low_noise,1080,0.00784759970351459,0.014848707226422436,0.05758695398212731,0.9998755111960577,200,0.01483307808680807,0.01480735471026867,3.79876941940332e-05,0.014758622206187766,0.014907533967428376,0.9998796415564903,0.9998824086247606,2.5593684600161016e-06,0.9998746251943087,0.999884657918672,0.11353487761948694,0.10798987249829975,0.0024057108443900892,0.10881968436448236,0.11825007087449152,0.9998777765197836,0.9998865871319096,4.22665042597407e-06,0.9998694922849487,0.9998860607546185,0.11625008187459782,0.11537324068199999,0.003573248399499493,0.10924651501157881,0.12325364873761682,0.057591084342559974,0.05759385141083034,2.5593684600161016e-06,0.057586067980378346,0.0575961007047416,4.130360432649249e-06,6.897428703023234e-06,2.5593684600161016e-06,-8.860017489823105e-07,9.146722614280808e-06,1.5749434302256945e-07,7.778324169062578e-08,1.4431631925135008e-08,1.2920834444930485e-07,1.8578034159583406e-07,3.972866089632708e-06,6.8392528206817026e-06,2.5562025731143733e-06,-1.0372909536714632e-06,8.98302313293688e-06
strong_low_noise,1080,0.01,0.01167912193619627,0.057613579539778075,0.9999021367537084,200,0.011666805126053505,0.011646249976824626,2.996775784169646e-05,0.01160806832068378,0.01172554193142323,0.9999053690387992,0.9999075768715437,2.0172782059300737e-06,0.9999014151735156,0.9999093229040829,0.11342680303106042,0.10787354203984148,0.0024062173838730163,0.1087106169586693,0.11814298910345154,0.9999039015566697,0.9999108457181329,3.3277645767030894e-06,0.9998973791380994,0.9999104239752401,0.11614210459468101,0.11530677788186575,0.003573426110880138,0.10913818941735594,0.12314601977200608,0.05761681182486887,0.05761901965761346,2.0172782059300737e-06,0.05761285795958525,0.057620765690152495,3.23228509079454e-06,5.440117835375791e-06,2.0172782059300737e-06,-7.215801928284043e-07,7.1861503744174844e-06,9.750814623933555e-08,4.812831272928163e-08,8.935964436498153e-09,7.999365594379917e-08,1.1502263653487194e-07,3.134776944563149e-06,5.404106701821652e-06,2.015321137641786e-06,-8.15252485214752e-07,7.084806374341049e-06
strong_low_noise,1440,1e-12,255.77539171533348,3.461474173207385e-05,0.9423231719556624,200,255.72132713293038,255.7212684143417,0.00021200403758841338,255.7209116050167,255.72174266084406,1.151631307773239,1.1510497941626499,0.0014011700861791207,1.1488850144043279,1.15437760114215,0.11354656443305551,0.11391124098500116,0.0011104907785450214,0.11137000250710727,0.11572312635900375,1.151061004858085,1.1496840554677836,0.0029663259912735425,1.1452470059151887,1.1568750038009812,0.11116131518070416,0.11397104024941015,0.002803481420475179,0.1056664915965728,0.1166561387648355,0.2093427505593085,0.2087612369487194,0.0014011700861791205,0.20659645719039743,0.2120890439282196,0.20930813581757643,0.20872662220698734,0.0014011700861791207,0.20656184244866535,0.2120544291864875,0.20930817228860846,0.20872638996670884,0.0014011706258628153,0.20656187786191735,0.21205446671529957,-3.6471033235197415e-08,-1.4084134294881486e-08,2.4143796795301785e-08,-8.379287495398892e-08,1.0850808483594086e-08
strong_low_noise,1440,1.2742749857031321e-12,255.71393592241597,3.4614762585059855e-05,0.9423231719765154,200,255.64514700209665,255.64507199333195,0.0002697503267739111,255.64461829145617,255.64567571273713,1.151477093417132,1.1509104256721705,0.0013996688421116568,1.148733742486593,1.1542204443476707,0.11357889524278532,0.11394404526211883,0.0011103961066298489,0.11140251887379081,0.11575527161177983,1.1509094904593808,1.1495218697029062,0.00296505097939541,1.1450979905397658,1.156720990378996,0.11119313912920994,0.11400678148275128,0.0028035456653352233,0.10569818962515291,0.11668808863326698,0.2091885362032017,0.20862186845824016,0.0013996688421116568,0.20644518527266287,0.21193188713374056,0.2091539214406167,0.20858725369565512,0.0013996688421116568,0.20641057051007786,0.21189727237115555,0.2091539678120811,0.20858695800587873,0.0013996695215286981,0.20641061554988485,0.21189732007427733,-4.637146600324289e-08,-1.7794818769091725e-08,3.073322767830024e-08,-1.0660859225271137e-07,1.3865660246225593e-08
strong_low_noise,1440,1.6237767391887243e-12,255.6357166767569,3.4614796393613034e-05,0.942323172010324,200,255.54822938037637,255.54813350270803,0.0003430871192051869,255.54755692962271,255.54890183113002,1.1512811040659385,1.1507332445336493,0.0013977632594465589,1.1485414880774232,1.1540207200544539,0.11362002544838959,0.11398577753261502,0.0011102758158674172,0.11144388484928945,0.11579616604748973,1.1507169296373183,1.149315834593348,0.0029634319218567453,1.1449086030704791,1.1565252562041575,0.11123362640035164,0.11405227229654619,0.0028036273246628217,0.10573851684401252,0.11672873595669077,0.20899254685200824,0.208444687319719,0.0013977632594465589,0.206252930863493,0.21173216284052349,0.20895793205561458,0.20841007252332533,0.0013977632594465589,0.20621831606709934,0.21169754804412982,0.20895799097948725,0.20840969613571797,0.0013977641118053583,0.20621837332034876,0.21169760863862574,-5.892387409827602e-08,-2.2430250437873993e-08,3.910979123765493e-08,-1.355790649240797e-07,1.773131672752764e-08
strong_low_noise,1440,2.06913808111479e-12,255.5361933694386,3.461485118335522e-05,0.9423231720651137,200,255.42498333604345,255.42486069079087,0.0004361383680138713,255.42412850484214,255.42583816724476,1.1510322030623734,1.1504965295701868,0.001395346980535166,1.1482973229805244,1.1537670831442224,0.11367232646775999,0.11403583074084053,0.001110123092166829,0.111496485207113,0.11584816772840698,1.1504723782168114,1.1490543126542923,0.002961377920181199,1.1446680774932563,1.1562766789403665,0.11128511290199,0.11411010379969247,0.002803731047077705,0.1057898000497177,0.1167804257542623,0.20874364584844302,0.20820797235625632,0.001395346980535166,0.2060087657665941,0.21147852593029193,0.2087090309972596,0.20817335750507293,0.001395346980535166,0.20597415091541066,0.21144391107910854,0.20870910581390426,0.2081730837654162,0.0013953480450158017,0.20597422364567328,0.21144398798213523,-7.481664350064048e-08,-2.8188109138739304e-08,4.975122947085041e-08,-1.723290532635073e-07,2.269576626222633e-08
strong_low_noise,1440,2.6366508987303555e-12,255.40961525486748,3.461493992819309e-05,0.9423231721538585,200,255.26834386662603,255.2681868382361,0.0005540668236299331,255.2672578956517,255.26942983760034,1.15071639483373,1.150195453794221,0.0013922872229474041,1.147987511876753,1.153445277790707,0.11373879440858578,0.11408688844506246,0.0011099293807643085,0.11156333282228774,0.11591425599488382,1.1501620814363078,1.1487227107782978,0.0029587752380905133,1.1443628819696505,1.1559612809029651,0.11135055059458476,0.11418357701820978,0.0028038626775323135,0.10585497974662143,0.11684612144254809,0.20842783761979955,0.2079068965802907,0.0013922872229474041,0.20569895466282265,0.21115672057677645,0.20839322267987137,0.20787228164036253,0.0013922872229474041,0.20566433972289447,0.21112210563684827,0.2083933175831566,0.2078719339055901,0.0013922885444422935,0.2056644320360497,0.2111222031302635,-9.490328501424537e-08,-3.528755073255315e-08,6.325874190091762e-08,-2.1889041914004394e-07,2.9083849111553173e-08
strong_low_noise,1440,3.359818286283788e-12,255.24871106543188,3.4615083573934224e-05,0.9423231722975043,200,255.06940356407597,255.06920229774303,0.0007033040687080899,255.0680250881013,255.07078204005063,1.150316157819554,1.1498135999068873,0.0013884191550160288,1.1475948562757226,1.1530374593633854,0.11382320586730234,0.1141517506013067,0.0011096839843593622,0.11164822525795799,0.11599818647664668,1.1497688174698082,1.1483028101117738,0.0029554822733953894,1.1439760722139531,1.1555615627256632,0.11143366157995434,0.11427684751366093,0.0028040295374406883,0.10593776368657058,0.1169295594733381,0.20802760060562359,0.2075250426929568,0.0013884191550160288,0.20530629906179218,0.210748902149455,0.20799298552204967,0.20749042760938285,0.0013884191550160288,0.20527168397821827,0.21071428706588108,0.20799310575566302,0.20748998624739162,0.0013884207826773973,0.20527180102161532,0.2107144104897107,-1.2023361524346172e-07,-4.395685912847649e-08,8.03863038399252e-08,-2.7779077076971513e-07,3.7323540282791687e-08
strong_low_noise,1440,4.281332398719396e-12,255.04430644497188,3.461531588545841e-05,0.9423231725298158,200,254.816964575807,254.8167062899262,0.0008918121612310407,254.81521662397097,254.81871252764302,1.1498096623754719,1.1493299079474233,0.0013835396497406994,1.1470979246619801,1.1525214000889636,0.11393030729658349,0.11423408180815833,0.0011093735936490575,0.11175593505303133,0.11610467954013565,1.1492711272975882,1.1477719928044026,0.0029513238504896232,1.1434865325506285,1.1550557220445479,0.11153912567078132,0.11439512945433691,0.0028042407528447995,0.10604281379520551,0.11703543754635713,0.20752110516154154,0.20704135073349295,0.0013835396497406994,0.20480936744804978,0.2102328428750333,0.2074864898456561,0.2070067354176075,0.0013835396497406994,0.20477475213216434,0.21019822755914785,0.2074866419310281,0.2070061758108918,0.0013835416333699026,0.2047749003296231,0.2101983835324331,-1.520853704770034e-07,-5.4408574876823974e-08,1.0207537844663739e-07,-3.5215311223241266e-07,4.7982371278405894e-08
strong_low_noise,1440,5.455594781168514e-12,254.7848569886404,3.461569118506924e-05,0.9423231729051154,200,254.4970011657739,254.49666925004647,0.0011293686520243422,254.49478760321594,254.49921472833185,1.149169879381462,1.1487181970521472,0.0013774007304569365,1.1464701739497665,1.1518695848131575,0.11406604196832232,0.11433847877440326,0.0011089817538506258,0.11189243773077509,0.11623964620586955,1.1486424362010466,1.147102380695834,0.0029460850133619615,1.1428681095748572,1.154416762827236,0.11167280565164543,0.1145449381920472,0.002804507627041414,0.10617597070264426,0.11716964060064661,0.20688132216753177,0.20642963983821694,0.0013774007304569365,0.20418161673583618,0.20958102759922737,0.20684670647634676,0.20639502414703192,0.0013774007304569365,0.20414700104465117,0.20954641190804235,0.2068468984683497,0.20639431555972565,0.0013774031131749828,0.20414718836652673,0.20954660857017265,-1.919920016882881e-07,-6.679510241425843e-08,1.2949503942399562e-07,-4.458022789593195e-07,6.181827558274331e-08
strong_low_noise,1440,6.951927961775591e-12,254.45588555899906,3.461629665342525e-05,0.9423231735105838,200,254.09202698320735,254.0915998260022,0.001427856557965236,254.08922838435373,254.09482558206096,1.1483636051572557,1.1479400940384008,0.0013697033236351678,1.1456789866429307,1.1510482236715807,0.11423781695926874,0.1144706833609183,0.0011084882813972292,0.11206517992773017,0.11641045399080731,1.1478500915131054,1.1462599254866905,0.002939504710649881,1.1420886622802315,1.1536115207459792,0.1118420129934787,0.1147944712290532,0.0028048440439306294,0.10634451866737467,0.11733950731958274,0.20607504794332546,0.20565153682447057,0.0013697033236351678,0.20339042942900054,0.20875966645765037,0.20604043164667196,0.2056169205278171,0.0013697033236351678,0.20335581313234705,0.20872505016099688,0.20604067340584098,0.2056178724047968,0.0013697061283649765,0.20335604939424562,0.20872529741743634,-2.4175916980099365e-07,-7.696060128625901e-08,1.6408679473955879e-07,-5.633692874905289e-07,7.985094788854154e-08
strong_low_noise,1440,8.858667904100833e-12,254.03931582015161,3.461727177030832e-05,0.9423231744857007,200,253.58036895359925,253.5798207551117,0.0018015252954234214,253.57683796402023,253.58389994317827,1.1473504604911215,1.146919274316997,0.001360092377919989,1.1446846794303984,1.1500162415518447,0.11445480935547449,0.1146378303797645,0.001107868660827996,0.11228338678025161,0.11662623193069736,1.1468543726648943,1.1452035278082429,0.0029312700772111547,1.1411090833135604,1.1525996620162282,0.11205581378024893,0.1151475545403505,0.002805266870978277,0.1065574907131315,0.11755413684736635,0.20506190327719126,0.20463071710306657,0.001360092377919989,0.20239612221646808,0.20772768433791444,0.20502728600542092,0.20459609983129623,0.001360092377919989,0.20236150494469773,0.2076930670661441,0.20502758946313018,0.2045973029032273,0.0013600955838792474,0.20236180211872687,0.2076933768075335,-3.034577073437614e-07,-7.788035075428312e-08,2.0761219057030892e-07,-7.103776008615668e-07,1.0346218617404403e-07
strong_low_noise,1440,1.1288378916846884e-11,253.51270112608827,3.46188388193544e-05,0.9423231760527497,200,252.93536351025688,252.93470260051353,0.0022671663864302053,252.93091986413947,252.9398071563743,1.1460819700100056,1.1456396383985556,0.0013481550109826139,1.1434395861884796,1.1487243538315315,0.11472830524747486,0.1149004119049998,0.0011070934730774342,0.11255840204024309,0.11689820845470664,1.145607576855069,1.1439108494603631,0.002921012441609584,1.1398823924695143,1.151332761240624,0.11232536930783567,0.11557092070740597,0.002805796302681312,0.1068260085545803,0.11782473006109104,0.20379341279607527,0.2033510811846253,0.0013481550109826139,0.20115102897454934,0.2064357966176012,0.2037587939572559,0.20331646234580592,0.001348155010982614,0.20111641013572998,0.20640117777878184,0.20375917333145388,0.20331797968762694,0.001348158514503797,0.20111678264302643,0.20640156401988133,-3.7937419788271783e-07,-8.655835184075728e-08,2.6219940592055055e-07,-8.932850334869969e-07,1.3453663772156128e-07
strong_low_noise,1440,1.4384498882876659e-11,252.84836111467573,3.4621350321943634e-05,0.9423231785642523,200,252.12451303467017,252.1237293062706,0.002844118733657769,252.1189385619522,252.13008750738814,1.144500895412652,1.144042284719187,0.0013334240803313086,1.1418873842152026,1.1471144066101016,0.11507205622699272,0.11527264035115412,0.0011061279307114642,0.11290404548279825,0.11724006697118719,1.144053349468325,1.1422725571372232,0.00290830670373014,1.138353068329014,1.149753630607636,0.1126642973860411,0.11591165411531838,0.0028064560427349355,0.10716364354228063,0.11816495122980157,0.20221233819872175,0.20175372750525655,0.0013334240803313086,0.19959882700127238,0.20482584939617113,0.2021777168483998,0.2017191061549346,0.0013334240803313086,0.19956420565095043,0.20479122804584918,0.20217818874035076,0.20172101484271285,0.0013334276318250277,0.19956467058197372,0.2047917068987278,-4.7189195405263655e-07,-1.1471572739707117e-07,3.3038238049677585e-07,-1.1194414198263173e-06,1.756575117210441e-07
strong_low_noise,1440,1.8329807108324375e-11,252.0124602031819,3.462536196213728e-05,0.9423231825758924,200,251.10867309782458,251.10758926107707,0.0035539846890690332,251.101707287834,251.11563890781517,1.1425410808026013,1.1420796228031436,0.001315390323330287,1.139962915768874,1.1451192458363286,0.11550262530721397,0.11573785739653492,0.001104931616476751,0.11333695933891955,0.1176682912755084,1.1421265113485788,1.1400446241249655,0.0028926762433180778,1.1364568659116754,1.1477961567854822,0.11308902810223938,0.11661911811624143,0.0028072731620593402,0.10758677270460307,0.11859128349987569,0.20025252358867104,0.1997910655892131,0.001315390323330287,0.19767435855494367,0.20283068862239842,0.20021789822670896,0.19975644022725103,0.001315390323330287,0.1976397331929816,0.20279606326043634,0.20021848149268667,0.19976215674906833,0.00131539342917958,0.1976403103714947,0.20279665261387864,-5.832659755678976e-07,-1.8073930243666152e-07,4.151225375312555e-07,-1.3969061491291584e-06,2.3037419799336313e-07
strong_low_noise,1440,2.3357214690901212e-11,250.96409540799655,3.463174312878098e-05,0.9423231889570591,200,249.84138542621292,249.83986934028252,0.0044199069061267564,249.83272240867691,249.85004844374893,1.1401281602189517,1.1396442345795257,0.001293526705027298,1.1375928478770982,1.1426634725608051,0.11603967740682145,0.11631653560881808,0.0011034585252440478,0.11387689869734312,0.11820245611629977,1.139753725284133,1.1374609735610912,0.0028736058438604242,1.1341214578301666,1.1453859927380994,0.11361911153425827,0.11741668204444512,0.0028082773897502816,0.10811488785034772,0.11912333521816883,0.19783960300502115,0.19735567736559545,0.001293526705027298,0.19530429066316765,0.20037491534687465,0.1978049712618924,0.19732104562246666,0.001293526705027298,0.1952696589200389,0.2003402836037459,0.19780568651015426,0.19731340140413978,0.0012935284800919063,0.19527037068917413,0.2003410023311344,-7.152482626904659e-07,-2.649662743835466e-07,5.197991553234425e-07,-1.7340546071244133e-06,3.035580817434814e-07
strong_low_noise,1440,2.976351441631313e-11,249.65450748010358,3.4641841556035113e-05,0.9423231990554863,200,248.26852539848983,248.26657797439665,0.005465240895006966,248.2578135263356,248.27923727064405,1.1371815512280259,1.1367324793323488,0.0012673283763914973,1.1346975876102985,1.1396655148457533,0.11670615007948212,0.11703221792089562,0.00110165747449985,0.11454690142946242,0.11886539872950183,1.1368554171190093,1.1345497556180897,0.0028505649203024886,1.1312683098752163,1.1424425243628022,0.11427741574372821,0.11835587692914443,0.002809499502333777,0.108770796719154,0.11978403476830242,0.1948929940140955,0.19444392211841843,0.0012673283763914973,0.19240903039636814,0.19737695763182284,0.1948583521725395,0.19440928027686244,0.0012673283763914973,0.19237438855481215,0.19734231579026684,0.19485922069287334,0.1944124489416053,0.001267327330800798,0.1923752591245038,0.1973431822612429,-8.685203371775439e-07,-3.0946789987311953e-07,6.481507195027947e-07,-2.1388957474030216e-06,4.018550730479336e-07
strong_low_noise,1440,3.7926901907322536e-11,248.02658860827123,3.4657723270999086e-05,0.9423232149372014,200,246.32848846929133,246.32613197822974,0.006711480984791096,246.31533396656113,246.34164297202153,1.1336181688374678,1.133209712900884,0.0012363700268050793,1.13119488358493,1.1360414540900057,0.11752822167534205,0.11791127530203083,0.0010994728495077302,0.11537325489030689,0.1196831884603772,1.1333493787651658,1.1311047872027444,0.0028230422040030757,1.1278162160453198,1.138882541485012,0.1150901346182479,0.11946761333664266,0.0028109683977031023,0.10958063655874982,0.12059963267774597,0.19132961162353745,0.19092115568695378,0.0012363700268050793,0.1889063263709995,0.19375289687607541,0.1912949539002664,0.19088649796368273,0.0012363700268050793,0.18887166864772845,0.19371823915280437,0.19129599580795165,0.19088252164311387,0.0012363637721060057,0.18887272281462386,0.19371926880127943,-1.0419076855320266e-06,-3.080825692408452e-07,8.04147704933348e-07,-2.6180371872013885e-06,5.342218161373354e-07
strong_low_noise,1440,4.832930238571752e-11,246.01492578448696,3.4682513095990464e-05,0.9423232397270264,200,243.95318082490493,243.94973609132182,0.008175384243013504,243.93715707178862,243.96920457802125,1.1293581776076809,1.1291288344657837,0.0012003787757751026,1.1270054352071617,1.1317109200082,0.11853498325843759,0.11896696482337042,0.0010968454710448988,0.11638516613518958,0.1206848003816856,1.1291563692540603,1.1269297635474151,0.002790590623628162,1.123686811631749,1.1346259268763714,0.11608651291728943,0.1207533763667557,0.002812706425981569,0.11057360832236555,0.1215994175122133,0.18706962039375058,0.18684027725185337,0.0012003787757751026,0.1847168779932314,0.18942236279426977,0.1870349378806545,0.18680559473875735,0.0012003787757751026,0.1846821954801353,0.1893876802811737,0.18703616927984548,0.1868063783811746,0.0012003636441271866,0.18468345653735618,0.18938888202233478,-1.2313991906119665e-06,-4.211606564313836e-07,9.91779476626055e-07,-3.175286964799034e-06,7.124885835751012e-07
strong_low_noise,1440,6.158482110660255e-11,243.54667632170757,3.4720862379190864e-05,0.9423232780763096,200,241.0700799581226,241.06416305348245,0.00986540764933025,241.05074375912992,241.08941615711527,1.124332792762801,1.1237291567113807,0.0011593149186039475,1.1220605355223374,1.1266050500032647,0.11975772669672238,0.1202033219281356,0.0010937131386958893,0.11761404894487844,0.12190140444856633,1.1242077332498364,1.122081923117524,0.002752877508329147,1.1188120933335113,1.1296033731661614,0.11729819900389286,0.12166840171633099,0.0028147226878609388,0.11178134253568542,0.12281505547210031,0.18204423554887064,0.18144059949745028,0.0011593149186039475,0.1797719783084069,0.18431649278933437,0.18200951468649143,0.18140587863507107,0.0011593149186039475,0.1797372574460277,0.18428177192695516,0.18201094377237698,0.18139487196749104,0.001159285509818098,0.1797387441731335,0.18428314337162044,-1.4290858849559587e-06,-6.70527902028614e-07,1.2147468219131637e-06,-3.8099896559057597e-06,9.518178859938421e-07
strong_low_noise,1440,7.847599703514623e-11,240.5435945427909,3.477956662389231e-05,0.9423233367805542,200,237.60555950947492,237.59680480043664,0.011777823034288934,237.58247497632772,237.6286440426221,1.118493619011262,1.1175996170703242,0.0011134457479627575,1.116311265345255,1.120675972677269,0.12122879385531832,0.12210942084086646,0.0010900102022329303,0.11909237385894178,0.12336521385169485,1.118454549533673,1.1170120929112999,0.002709731344102802,1.1131434760992316,1.1237656229681146,0.11875816347366772,0.12283323218430835,0.002817004413899213,0.11323683482242526,0.12427949212491017,0.17620506179733159,0.17531105985639384,0.0011134457479627575,0.1740227081313246,0.17838741546333858,0.17617028223070771,0.17527628028976994,0.0011134457479627575,0.17398792856470072,0.1783526358967147,0.17617190449970038,0.1752744079213191,0.0011133944581847007,0.17398965136165837,0.1783541576377424,-1.6222689895438542e-06,-7.739838149215463e-07,1.4760683331063657e-06,-4.515362922432331e-06,1.2708249433446227e-06
strong_low_noise,1440,1e-10,236.92548021683263,3.486834305013037e-05,0.9423234255569805,200,233.48950512442497,233.47713625605246,0.013893151426379901,233.46227454762925,233.51673570122068,1.1118223490446786,1.1112162292963061,0.0010633917888088567,1.1097381011386132,1.113906596950744,0.12297999529601376,0.12375068242707618,0.0010856655122056568,0.12085209089209067,0.12510789969993685,1.111877171729691,1.1107669948857666,0.002661174011585963,1.1066612706669825,1.1170930727923993,0.12049917944078455,0.12448366613221808,0.0028195072914045,0.11497294514963173,0.12602541373193737,0.16953379183074824,0.1689276720823757,0.0010633917888088567,0.16744954392468286,0.1716180397368136,0.16949892348769813,0.16889280373932558,0.0010633917888088567,0.16741467558163275,0.1715831713937635,0.16950071662920926,0.16889613575921353,0.0010633084338425595,0.16741663209887786,0.17158480115954067,-1.7931415104293827e-06,-7.098561951367215e-07,1.7776316196357655e-06,-5.277299484915483e-06,1.6910164640567175e-06
strong_low_noise,1440,1.274274985703132e-10,232.61516401303626,3.500075451192547e-05,0.9423235579684422,200,228.66098553719883,228.64683280235715,0.016173763340774163,228.6292849610509,228.69268611334675,1.1043390344644632,1.1035155414786126,0.0010101237345983818,1.1023591919446505,1.106318876984276,0.1250406948037701,0.12549503437607182,0.0010805984695228105,0.1229227218035054,0.12715866780403481,1.104493424738711,1.1040602310680394,0.0026074289216761245,1.0993828640522258,1.1096039854251962,0.12255194316241028,0.12633963636953055,0.0028221466622663895,0.11702053570436816,0.1280833506204524,0.16205047725053284,0.1612269842646823,0.0010101237345983818,0.16007063473072,0.16403031977034568,0.16201547649602094,0.1611919835101704,0.0010101237345983818,0.1600356339762081,0.16399531901583378,0.1620173960493522,0.1611611215085207,0.0010099954538740834,0.160037804959759,0.1639969871389454,-1.919553331160231e-06,-8.408012445480707e-07,2.1197427771267973e-06,-6.074249174328754e-06,2.2351425120082917e-06
strong_low_noise,1440,1.6237767391887175e-10,227.5448673442849,3.5195232036148993e-05,0.9423237524459664,200,223.07443091217138,223.05762313170808,0.01856350242736664,223.03804644741373,223.11081537692903,1.0961068905974565,1.0949247118983254,0.0009548953129649031,1.0942352957840453,1.0979784854108676,0.12743574768742522,0.12794026444776666,0.0010747136547534098,0.12532930892410854,0.1295421864507419,1.0963634641098512,1.0962306845577174,0.002548901723757956,1.0913676167312856,1.1013593114884168,0.12494300457148504,0.1287138188069683,0.002824792565970075,0.11940641114218369,0.13047959800078637,0.1538183333835261,0.15263615468439518,0.0009548953129649031,0.1519467385701149,0.1556899281969373,0.15378313815149,0.15260095945235908,0.0009548953129649031,0.1519115433380788,0.1556547329649012,0.15378511547375562,0.15257289683702094,0.000954707005056388,0.1519138897438451,0.15565634120366614,-1.9773222653749305e-06,-1.5449342674675763e-08,2.500739845419482e-06,-6.878772362397115e-06,2.9241278316472542e-06
strong_low_noise,1440,2.0691380811147902e-10,221.66340283061828,3.547610804970763e-05,0.94232403332198,200,216.70549987393323,216.68097201981558,0.020989923497909124,216.66435962387735,216.74664012398912,1.0872319670971673,1.086260953705387,0.0008991125787435611,1.0854697064428298,1.0889942277515048,0.130183545502517,0.13092444099083703,0.0010678953809312441,0.12809047055589176,0.13227662044914226,1.0875896500447115,1.0877015761781923,0.0024861394458903525,1.0827168167307664,1.0924624833586567,0.1276927487164298,0.13087354839319237,0.0028272720245394833,0.12215129554833241,0.1332342018845272,0.14494340988323692,0.14397239649145666,0.0008991125787435611,0.14318114922889955,0.1467056705375743,0.14490793377518726,0.143936920383407,0.0008991125787435611,0.1431456731208499,0.14667019442952464,0.14490987802964653,0.14396936524137433,0.0008988481342455532,0.14314813568652524,0.14667162037276782,-1.9442544596277025e-06,-3.095070432875175e-07,2.9167297678682075e-06,-7.661044804649389e-06,3.772535885393984e-06
strong_low_noise,1440,2.6366508987303556e-10,214.9433066712101,3.58745336633548e-05,0.9423244317475937,200,209.55569787929704,209.52356504637623,0.023369209566648272,209.50989422854641,209.60150153004767,1.0778570482716077,1.0764951871324393,0.0008441597639509655,1.0762024951342637,1.0795116014089516,0.13329442960029347,0.13399505796193648,0.0010600038935294654,0.13121682196897572,0.13537203723161123,1.078310777079674,1.0774281567277633,0.002419781377619647,1.0735680055795396,1.0830535485798085,0.1308136936258266,0.13298888375197485,0.0028293810077132248,0.12526810685070866,0.13635928040094453,0.1355684910576772,0.13420662991850885,0.0008441597639509655,0.13391393792033332,0.1372230441950211,0.1355326165240138,0.13417075538484546,0.0008441597639509655,0.1338780633866699,0.1371871696613577,0.13553442199883373,0.1341560321479533,0.000843804269745564,0.13388056563013243,0.13718827836753503,-1.8054748196893327e-06,-1.2420383781810408e-07,3.361483451996142e-06,-8.393982385601772e-06,4.783032746223106e-06
strong_low_noise,1440,3.3598182862837877e-10,207.38675093619725,3.642912200926829e-05,0.9423249863359396,200,201.65492068356605,201.6151388643339,0.025613183595833634,201.60471884371822,201.70512252341388,1.0681505505808615,1.067038648128238,0.0007912183925726124,1.0665997625314192,1.0697013386303038,0.13676967987361854,0.13730621365301496,0.001050874314761765,0.1347099662166855,0.1388293935305516,1.0686913604441346,1.0667079641427968,0.002350515911143845,1.0640843492582928,1.0732983716299764,0.13430933271643802,0.1365100471098819,0.0028309057747036488,0.12876075739801887,0.13985790803485718,0.12586199336693105,0.12475009091430755,0.0007912183925726124,0.12431120531748872,0.12741278141637336,0.12582556424492175,0.12471366179229826,0.0007912183925726124,0.12427477619547943,0.12737635229436406,0.12582712323496983,0.12474418049169674,0.0007907612365829393,0.12427723121126727,0.1273770152586724,-1.5589900475709206e-06,-8.65171048562071e-07,3.826490339075301e-06,-9.05891111215851e-06,5.940931017016669e-06
strong_low_noise,1440,4.281332398719396e-10,199.02910235414777,3.7186133063291105e-05,0.9423257433469936,200,193.0614351781649,193.0223277064954,0.027637272243680157,193.0072661245673,193.11560423176252,1.058292435217442,1.057113642867665,0.0007411222709221076,1.0568398355664348,1.0597450348684494,0.14060117657468865,0.14092975625209558,0.0010403179114042416,0.13856215346833634,0.14264019968104097,1.058907906694078,1.0568867494818788,0.0022790508944328493,1.0544409669409898,1.0633748464471664,0.13817365562626172,0.13994266656280255,0.002831649290668272,0.1326236230165519,0.14372368823597154,0.11600387800351179,0.11482508565373484,0.0007411222709221076,0.11455127835250446,0.11745647765451912,0.11596669187044856,0.11478789952067159,0.0007411222709221076,0.11451409221944123,0.11741929152145589,0.1159679117848464,0.11476948512991977,0.000740560691319398,0.11451641282986039,0.11741941073983242,-1.2199143971526252e-06,1.2218246560858057e-07,4.3011458520430616e-06,-9.650160267157026e-06,7.210331472851775e-06
strong_low_noise,1440,5.455594781168515e-10,189.93932912890446,3.819898005653216e-05,0.9423267561939869,200,183.85928150758707,183.8229182282915,0.029368013687359945,183.80172020075983,183.9168428144143,1.0484597645281732,1.0475948727320534,0.0006942823840192152,1.0470989710554957,1.0498205580008508,0.14477170436324693,0.1453431320400178,0.001028123896822919,0.14275658152547402,0.14678682720101985,1.0491347160468822,1.047721867132696,0.0022060953266308113,1.044810769206686,1.0534586628870786,0.14239135441414916,0.1444877464257638,0.0028314548353670158,0.13684170293682982,0.1479410058914685,0.10617120731424279,0.10530631551812297,0.0006942823840192152,0.10481041384156513,0.10753200078692045,0.10613300833418628,0.10526811653806645,0.0006942823840192152,0.10477221486150862,0.10749380180686394,0.10613383013625848,0.10529164320031069,0.0006936246032965413,0.10477432591379725,0.1074933343587197,-8.218020731038628e-07,-2.6978323099471917e-06,4.773026480344767e-06,-1.0176933974579607e-05,8.53332982837188e-06
strong_low_noise,1440,6.951927961775591e-10,180.21703997963806,3.952677729067433e-05,0.942328083991221,200,174.15353741757423,174.1175143120443,0.030748837522833892,174.09326969602947,174.213805139119,1.038814317991213,1.0382374043247709,0.0006506952833769661,1.037538955235794,1.040089680746632,0.14925575705949365,0.14980532481188186,0.0010140601604151326,0.14726819914508,0.1512433149739073,1.0395315901201747,1.0384844189699376,0.0021323445664769313,1.0353521947698798,1.0437109854704696,0.14693859800602635,0.1492027897492958,0.00283021801310981,0.14139137070033111,0.15248582531172158,0.09652576077728266,0.09594884711084051,0.0006506952833769661,0.0952503980218638,0.09780112353270151,0.09648623399999197,0.09590932033354982,0.0006506952833769661,0.09521087124457311,0.09776159675541082,0.09648664818240787,0.09588423676623278,0.0006499621642169428,0.09521272234054266,0.09776057402427309,-4.1418241521006035e-07,-2.7863982774279195e-06,5.228194004149455e-06,-1.0661442663342991e-05,9.833077832922872e-06
strong_low_noise,1440,8.858667904100832e-10,169.98659146775984,4.1231566782776174e-05,0.9423297887807132,200,164.0641940861039,164.0200014173967,0.031743342554915614,164.00197713469626,164.12641103751153,1.0294938342177726,1.0289097257729627,0.0006100247513588601,1.0282981857051092,1.030689482730436,0.154020640607576,0.15459399639871443,0.0009978734936556567,0.15206480856001092,0.15597647265514109,1.0302350224879342,1.0284663147609077,0.002058463655943583,1.0262004337222848,1.0342696112535836,0.15178417311463258,0.15402369352112552,0.00282788169097531,0.14624152500032098,0.15732682122894417,0.08720527700384231,0.08662116855903224,0.0006100247513588601,0.08600962849117895,0.08840092551650568,0.08716404543705948,0.08657993699224942,0.0006100247513588601,0.08596839692439612,0.08835969394972285,0.087164101921584,0.08657394532649462,0.0006092491036113407,0.08596997367850577,0.08835823016466222,-5.6484523877633425e-08,-4.518659440887758e-07,5.651472927279157e-06,-1.113337146134478e-05,1.1020402413589514e-05
strong_low_noise,1440,1.1288378916846883e-09,159.3892097778683,4.3373807967525546e-05,0.9423319310218978,200,153.7194876738586,153.67682483194397,0.032335966524499875,153.65610917947058,153.7828661682466,1.0206073716165482,1.020108637817319,0.0005717295210887107,1.0194867817552145,1.021727961477882,0.15902767523305283,0.15943534255661782,0.000979292631960232,0.15710826167441078,0.1609470887916949,1.0213534205300228,1.0195876714690297,0.0019850713371028935,1.017462680709301,1.0252441603507445,0.1568907684173537,0.15960735108850288,0.0028244154874107062,0.15135491406202872,0.16242662277267866,0.07831881440261791,0.07782008060338874,0.0005717295210887107,0.07719822454128404,0.07943940426395178,0.07827544059465043,0.07777670679542126,0.0005717295210887107,0.07715485073331656,0.0793960304559843,0.078275250189854,0.07778843667519958,0.0005709527886226665,0.07715618272415357,0.07939431765555442,1.9040479614463116e-07,3.7311106654647515e-07,6.026707541304157e-06,-1.1621941984811516e-05,1.2002751577100778e-05
strong_low_noise,1440,1.4384498882876659e-09,148.5742984112094,4.6005811810141684e-05,0.9423345630257405,200,143.24943470516493,143.20664465491248,0.03253050419662771,143.18567491693955,143.3131944933903,1.012234385813806,1.0120083368081751,0.0005352051893348168,1.0111853836427098,1.0132833879849024,0.16423335286349516,0.1642992198993204,0.0009580383305607296,0.16235559773559613,0.1661111079913942,1.0129660329775172,1.009848395349266,0.001912733725672213,1.0092170748751996,1.0167149910798348,0.1622162149979961,0.16610503908702817,0.002819789469914041,0.15668942763696458,0.16774300235902762,0.06994582859987576,0.0697197795942448,0.0005352051893348168,0.06889682642877952,0.070994830770972,0.06989982278806563,0.06967377378243467,0.0005352051893348168,0.06885082061696939,0.07094882495916187,0.06989954964531554,0.06976480709856656,0.000534472029265273,0.06885198446795561,0.07094711482267547,2.731427501203725e-07,-5.839023189925357e-07,6.337172167169882e-06,-1.2147714697532597e-05,1.2694000197773342e-05
strong_low_noise,1440,1.8329807108324374e-09,137.69103220091984,4.9163220129884444e-05,0.9423377204340603,200,132.78011648846535,132.74436557179445,0.03234717223915568,132.7167160308766,132.8435169460541,1.0044266309460945,1.0041646610264896,0.0004999136943464863,1.0034468001051755,1.0054064617870135,0.16959036969629984,0.17012596998688895,0.0009338425926370373,0.16776003821473126,0.17142070117786842,1.0051247577057902,1.001692533354713,0.001841975339524841,1.0015144860403216,1.008735029371259,0.16771454952545561,0.17311705951831446,0.002813956539879626,0.16219919470729155,0.17322990434361968,0.06213807373216416,0.06187610381255926,0.0004999136943464864,0.061158242891245045,0.06311790457308328,0.06208891051203423,0.061826940592429325,0.0004999136943464863,0.06110907967111512,0.06306874135295334,0.06208875676757758,0.06182971550086383,0.0004992656011251536,0.06111019618937228,0.06306731734578289,1.5374445668945344e-07,7.301048179851552e-07,6.566537758169624e-06,-1.271666954932301e-05,1.3024158462701917e-05
strong_low_noise,1440,2.335721469090121e-09,126.88107659543815,5.2855489724223936e-05,0.9423414127036546,200,122.42904404886387,122.40243225425905,0.0318188382842199,122.3666791258268,122.49140897190094,0.9972118945771935,0.996876672353552,0.0004654816378585814,0.9962995505669907,0.9981242385873963,0.17504848038447077,0.1755919247819458,0.0009064755855287114,0.1732717882368345,0.17682517253210703,0.9978578753670273,0.9946524361531045,0.001773305922722696,0.9943821957584908,1.0013335549755638,0.17333679215266515,0.17813835141257234,0.0028068562510544606,0.1678353539005984,0.1788382304047319,0.05492333736326318,0.05458811513962164,0.0004654816378585814,0.05401099335306036,0.055835681373466,0.054870481873538955,0.054535259649897416,0.0004654816378585814,0.053958137863336135,0.055782825883741775,0.05487066699702689,0.0545701695090325,0.00046495101674913546,0.05395936300419858,0.0557819709898552,-1.851234879969159e-07,-3.379669294408096e-06,6.700906368385193e-06,-1.3318899970031895e-05,1.2948652994038062e-05
strong_low_noise,1440,2.9763514416313133e-09,116.27295870467611,5.705750445861302e-05,0.942345614718389,200,112.30176728950157,112.26920697843569,0.03098684746568614,112.24103306846882,112.36250151053432,0.9905986900258074,0.9904498427558952,0.0004317547264636687,0.9897524507619385,0.9914449292896762,0.18055511542943642,0.18112830549559983,0.0008757765655326174,0.17883859336099248,0.18227163749788036,0.991174827684503,0.9878930715835978,0.0017072498584832947,0.9878286179618758,0.9945210374071303,0.17903133894700413,0.1839679219057485,0.00279844406467532,0.1735463885802405,0.18451628931376776,0.048310132811877154,0.048161285541964916,0.0004317547264636686,0.04746389354800836,0.04915637207574595,0.048253075307418535,0.0481042280375063,0.00043175472646366864,0.04740683604354974,0.04909931457128733,0.048253813595755354,0.04801176144582304,0.0004313606254019719,0.04740834676996749,0.04909928042154322,-7.382883367367313e-07,-3.4485937586834776e-06,6.7321930272854636e-06,-1.393338667021624e-05,1.2456809996742777e-05
strong_low_noise,1440,3.792690190732238e-09,105.97833332667848,6.170537019634798e-05,0.9423502625841267,200,102.48976637049334,102.4592936040093,0.029896843839800402,102.43116855656733,102.54836418441936,0.984581152907958,0.984326481858542,0.0003988010341432046,0.9837995028810373,0.9853628029348787,0.18605574806718939,0.18654583207847442,0.0008416855124381484,0.18440604446281061,0.18770545167156816,0.9850712463849755,0.9822052373839124,0.0016443585945297482,0.9818483035396971,0.9882941892302538,0.1847439479492392,0.1895447445427973,0.0027887374496435324,0.17927802254793787,0.19020987335054054,0.04229259569402769,0.042037924644611646,0.00039880103414320465,0.04151094566710701,0.043074245720948375,0.04223089032383135,0.041976219274415305,0.00039880103414320465,0.04144924029691067,0.04301254035075203,0.04223237054553252,0.04201756826079846,0.0003985472149385107,0.04145121800425304,0.043013523086812,-1.4802217012847884e-06,-5.139530979096285e-06,6.662565912433029e-06,-1.4538850889653525e-05,1.1578407487083948e-05
strong_low_noise,1440,4.832930238571752e-09,96.09012929401715,6.669936936162107e-05,0.942355256583292,200,93.06954012776892,93.03938992592967,0.028595127623835433,93.0134936776262,93.12558657791163,0.9791434551208886,0.9786768525456513,0.0003668643369128265,0.9784244010205395,0.9798625092212377,0.19149417304395958,0.19204939222553236,0.0008042733076709279,0.18991779736092457,0.19307054872699458,0.9795334843449385,0.9768727085426587,0.0015851903864084484,0.976426511187578,0.982640457502299,0.19041753334258982,0.1957094359984797,0.0027778595680036117,0.18497292858930273,0.1958621380958769,0.0368548979069583,0.03638829533172089,0.0003668643369128265,0.036135843806609155,0.03757395200730744,0.03678819853759664,0.03632159596235923,0.0003668643369128265,0.0360691444372475,0.037507252637945784,0.036790569755733214,0.03639194427152869,0.00036673972907683096,0.036071759886742626,0.0375093796247238,-2.371218136554684e-06,-3.7016496165227517e-06,6.509127032368545e-06,-1.5129107119997031e-05,1.0386670846887664e-05
strong_low_noise,1440,6.158482110660254e-09,86.68230537794,7.191552375973576e-05,0.9423604727376901,200,84.10266676790368,84.08112007166085,0.027126166627467033,84.04949948131384,84.15583405449352,0.9742631633895207,0.9736943017049968,0.0003362811776767265,0.9736040522812743,0.974922274497767,0.19681311547150165,0.19771453423139024,0.0007637672907254257,0.19531613158167982,0.1983100993613235,0.9745420130340448,0.9726172694449677,0.0015302553179389574,0.9715427126108844,0.9775413134572051,0.19599230846997734,0.20002020967705317,0.00276605841846431,0.1905708339697873,0.20141378297016738,0.031974606175590274,0.031405744491066534,0.0003362811776767265,0.03131549506734389,0.032633717283836655,0.03190269065183053,0.0313338289673068,0.0003362811776767265,0.031243579543584147,0.03256180176007691,0.03190605737119038,0.031345724587258705,0.00033626223964112204,0.03124698338149378,0.03256513136088698,-3.366719359789963e-06,1.855763703538963e-06,6.308002901575894e-06,-1.5730405046878715e-05,8.99696632729879e-06
strong_low_noise,1440,7.847599703514623e-09,77.81072833796223,7.72247380621538e-05,0.9423657819519925,200,75.63649486648433,75.61152953348665,0.0255316075247143,75.58645291573589,75.68653681723276,0.9699132668972461,0.9694909498742156,0.0003073874119398136,0.9693107875698441,0.9705157462246481,0.20195569918288533,0.20274031485246743,0.0007205659299752195,0.2005433899601339,0.20336800840563676,0.9700733654396234,0.9688135807249602,0.0014799408880443348,0.9671726812990565,0.9729740495801903,0.20140697906378788,0.20427246601380267,0.0027536870579996315,0.1960097524301086,0.20680420569746716,0.027624709683315807,0.027202392660285235,0.0003073874119398136,0.027022230355913772,0.028227189010717843,0.027547484945253654,0.02712516792222308,0.0003073874119398136,0.026945005617851618,0.02814996427265569,0.02755191283962331,0.02716408828381811,0.00030744163794439586,0.026949327229252293,0.028154498449994327,-4.427894369720608e-06,2.2531194194035755e-06,6.117422573330417e-06,-1.6418042613448226e-05,7.562253874007009e-06
strong_low_noise,1440,1e-08,69.51460739770063,8.251645012032072e-05,0.9423710736640507,200,67.70510177870543,67.68240288866966,0.0238505132048588,67.6583547728239,67.75184878458695,0.9660630630919275,0.9655414076002105,0.0002804446432022151,0.9655133915912512,0.9666127345926038,0.2068680366579999,0.2082913437995244,0.0006752354049013198,0.20554457526439332,0.2081914980516065,0.966100801281313,0.9647051581668205,0.0014344451729155624,0.9632892887423985,0.9689123138202276,0.20660141046646013,0.20827704341341594,0.0027411465057270022,0.2012287633152352,0.21197405761768506,0.023774505877997214,0.023252850386280166,0.0002804446432022151,0.023224834377320872,0.024324177378673557,0.023691989427876852,0.023170333936159804,0.0002804446432022151,0.02314231792720051,0.024241660928553194,0.02369752046996825,0.023190702833125895,0.00028053434485265623,0.023147673154057045,0.024247367785879458,-5.531042091412531e-06,-6.528302388877355e-07,6.019026085137995e-06,-1.7328333218283e-05,6.266249035457939e-06
strong_low_noise,1440,1.274274985703132e-08,61.81804615092294,8.772344311763769e-05,0.9423762806570479,200,60.33027151271131,60.30663810226739,0.022119954506649997,60.28691640187828,60.37362662354435,0.9626785093133745,0.9623676641209261,0.00025560870220166064,0.9621775162570593,0.9631795023696897,0.21150257228206498,0.2127033186751712,0.0006284861671929544,0.2102707393943668,0.21273440516976316,0.9625943307586792,0.9611297318699131,0.0013937432699189026,0.9598625939496381,0.9653260675677202,0.21152047225539086,0.21383417871485755,0.0027288098320156235,0.20617200498464025,0.21686893952614147,0.02038995209944408,0.02007910690699577,0.00025560870220166064,0.019888959043128825,0.020890945155759337,0.0203022286563265,0.019991383463878187,0.00025560870220166064,0.019801235600011242,0.020803221712641755,0.02030890235560629,0.019993356504815527,0.000255694140647556,0.019807741839937082,0.0208100628712755,-6.673699279795508e-06,-9.570703638470044e-07,6.114289764084952e-06,-1.8657707217402012e-05,5.310308657810998e-06
strong_low_noise,1440,1.623776739188721e-08,54.73154831810623,9.284633089087085e-05,0.9423814035448213,200,53.522446563141145,53.499610034207535,0.0203749618720972,53.48251163787184,53.56238148841045,0.9597227593681273,0.9594451792642608,0.00023294247637057906,0.959266192114441,0.9601793266218137,0.21582118467498393,0.21684491902064512,0.0005811363024034465,0.21468215752227318,0.21696021182769468,0.95952088099067,0.9583498882834318,0.0013575983032948443,0.9568599883162121,0.9621817736651279,0.21611799002477497,0.2180622922500833,0.0027169545144377174,0.21079275917647705,0.2214432208730729,0.017434202154196898,0.017156622050330417,0.00023294247637057906,0.016977634900510564,0.01789076940788323,0.017341355823305992,0.01706377571943951,0.00023294247637057906,0.01688478856961966,0.017797923076992326,0.01734923224109865,0.017020387981270948,0.00023298339373886595,0.016892584789370474,0.017805879692826827,-7.876417792546802e-06,-6.348690650091248e-06,6.511341040070228e-06,-2.0638646231084447e-05,4.885810645990845e-06
strong_low_noise,1440,2.0691380811147902e-08,48.25357118960106,9.79795027331587e-05,0.9423865367166635,200,47.28177832340241,47.26432709840515,0.01864735515797934,47.24522950729278,47.31832713951205,0.9571573122431388,0.9569569542664906,0.00021245384367758247,0.9567409027095307,0.9575737217767469,0.21979693456266752,0.22081275893129926,0.0005340714726675845,0.21875015447623905,0.220843714649096,0.9568451151445366,0.9559593246337252,0.0013256089609966245,0.9542469215809832,0.95944330870809,0.22035947660387628,0.2222804304121842,0.002705724995753255,0.2150562556121999,0.22566269759555266,0.014868755029208498,0.014668397052560345,0.00021245384367758245,0.014452345495600436,0.01528516456281656,0.014770775526475339,0.014570417549827186,0.00021245384367758245,0.014354365992867277,0.0151871850600834,0.01477995606738705,0.014589333565544014,0.00021240850201082582,0.01436363540344583,0.015196276731328269,-9.180540911712507e-06,-1.097242209783994e-05,7.305335148782415e-06,-2.349899780332604e-05,5.137915979901025e-06
strong_low_noise,1440,2.6366508987303555e-08,42.37229886364001,0.00010334403728871205,0.9423919012512191,200,41.59942832530038,41.58830113489779,0.016963840912781362,41.56617919711133,41.63267745348943,0.9549436726080935,0.9549193671867693,0.00019412971592845218,0.9545631783648738,0.9553241668513133,0.2234139486367656,0.22435024362050832,0.00048820312664053247,0.22245707050855018,0.22437082676498105,0.9545308769217936,0.9537281966144129,0.001297272402008922,0.9519882230138561,0.9570735308297311,0.22422286676855577,0.22582817600043623,0.0026951322846085683,0.21894040749072297,0.22950532604638857,0.012655115394163197,0.012630809972838941,0.00019412971592845218,0.01227462115094343,0.013035609637382962,0.012551771356874464,0.012527465935550208,0.00019412971592845218,0.012171277113654698,0.01293226560009423,0.012562414769435275,0.012486196205088595,0.00019395068939562115,0.012182271418219858,0.012942558120650692,-1.06434125608283e-05,-1.4024951545864789e-05,8.569309551380965e-06,-2.743925928153499e-05,6.152434159878389e-06
strong_low_noise,1440,3.3598182862837814e-08,37.067673861454125,0.00010933683822361706,0.942397894052154,200,36.45914239909058,36.452907374315664,0.015344447896894337,36.42906728121267,36.489217516968495,0.9530449999394375,0.9528652125176769,0.00017794669358247304,0.9526962244200158,0.9533937754588592,0.2266659098719481,0.22730640605383207,0.0004444163863341822,0.2257948537547331,0.2275369659891631,0.9525427756632547,0.9516719443916499,0.0012720405267049853,0.950049576230913,0.9550359750955965,0.22769752355598485,0.2294733058780502,0.0026850833411750305,0.22243476020728178,0.23296028690468792,0.010756442725507156,0.010576655303746518,0.00017794669358247304,0.010407667206085509,0.011105218244928803,0.010647105887283483,0.010467318465522846,0.00017794669358247304,0.010298330367861836,0.01099588140670513,0.010659438801382613,0.01051804341217438,0.0001775727090182732,0.010311396291706798,0.011007481311058429,-1.2332914099054254e-05,-1.4595110092296245e-05,1.0365889659168036e-05,-3.26500578310236e-05,7.984229632915095e-06
strong_low_noise,1440,4.281332398719396e-08,32.313504288040306,0.00011660930478125942,0.9424051665187116,200,31.838932190293953,31.837370995850875,0.013802375632761855,31.81187953405374,31.865984846534165,0.9514271895313827,0.9510772146926114,0.00016386174331584804,0.9511060205144837,0.9517483585482818,0.2295542564474408,0.23023813603045967,0.00040350339388738965,0.22876338979542152,0.23034512309946006,0.9508473483741332,0.9494850911462982,0.001249356813096868,0.9483986090204634,0.953296087727803,0.23078255411379986,0.23261636682040826,0.0026754277672992504,0.22553871568989334,0.23602639253770638,0.009138632317452329,0.008788657478681128,0.00016386174331584806,0.008817463300553267,0.00945980133435139,0.009022023012671028,0.008672048173899827,0.00016386174331584806,0.008700853995771966,0.00934319202957009,0.009036345911669786,0.00879342411451706,0.00016320461321547101,0.008716464869767463,0.009356226953572109,-1.4322898998704523e-05,-1.5361185079232773e-05,1.2767879585345152e-05,-3.934794298598102e-05,1.0702144988571974e-05
strong_low_noise,1440,5.4555947811685146e-08,28.079341266948934,0.00012619394739685208,0.9424147511613272,200,27.712600360771486,27.711313448207044,0.012345564818819169,27.6884030537266,27.736797667816372,0.9500591985871801,0.9496885868183569,0.0001518054030945649,0.9497616599971148,0.9503567371772454,0.23208696916476845,0.2328849878863215,0.00036610083859934725,0.23136941152111373,0.23280452680842317,0.9494135668658689,0.948150914966207,0.001228672736482599,0.9470053683023629,0.9518217654293748,0.23348538309828684,0.235675835685429,0.002666010808244291,0.22826000191412804,0.23871076428244564,0.007770641373249638,0.007400029604426539,0.0001518054030945649,0.0074731027831842906,0.008068179963314985,0.007644447425852758,0.007273835657029659,0.0001518054030945649,0.007346908835787411,0.007941986015918105,0.007661137531229729,0.007469307927776449,0.00015073044691722674,0.0073657058552719645,0.007956569207187493,-1.6690105376985967e-05,-1.701857105449737e-05,1.5872716407785268e-05,-4.78006295362451e-05,1.442041878227316e-05
strong_low_noise,1440,6.951927961775605e-08,24.331901394839903,0.0001397042477504079,0.9424282614616808,200,24.050917643838915,24.05544111737865,0.010979222038741304,24.029398368642983,24.072436919034846,0.9489129197513807,0.9486088539555899,0.00014169875836067924,0.9486351901849938,0.9491906493177676,0.2342779567746095,0.23509397215447908,0.0003326703879226143,0.23362592281428118,0.2349299907349378,0.9482129302363809,0.9470374801697848,0.0012094503687680117,0.9458424075135956,0.9505834529591661,0.23582073063086967,0.23781682421374167,0.002656722897508752,0.23061355375175252,0.24102790750998682,0.0066243625374503845,0.00632029674165957,0.00014169875836067924,0.006346632971063453,0.006902092103837316,0.006484658289699935,0.006180592493909121,0.00014169875836067924,0.006206928723313004,0.006762387856086866,0.006504170124072639,0.006158860362776198,0.00013999617613971878,0.006229777618838791,0.006778562629306488,-1.9511834372692692e-05,-1.7272551852497367e-05,1.9807866214674755e-05,-5.833525215345521e-05,1.9311583408069825e-05
strong_low_noise,1440,8.858667904100815e-08,21.036030410013645,0.000159642179121032,0.9424481993930514,200,20.822448813350558,20.831190939049044,0.009707914414601736,20.803421301097938,20.84147632560318,0.9479631451646958,0.9476442043401517,0.00013349346531394988,0.9477014979726804,0.9482247923567112,0.2361463071363057,0.23694276676048567,0.0003035475249988603,0.23555135398730792,0.23674126028530346,0.9472196305446069,0.9461738789142081,0.0011911587623226639,0.9448849593704545,0.9495543017187593,0.2378094007642581,0.2388600284302029,0.002647534988760141,0.23262023218628822,0.242998569342228,0.005674587950765523,0.005355647126221386,0.00013349346531394988,0.005412940758750181,0.005936235142780864,0.005514945771644512,0.005196004947100374,0.00013349346531394988,0.00525329857962917,0.005776592963659853,0.0055378083608518935,0.0052180279052064914,0.00013083736226770308,0.005281367130807195,0.005794249590896592,-2.2862589207407442e-05,-1.8068846779729625e-05,2.473024280396032e-05,-7.133386510316967e-05,2.5608686688354785e-05
strong_low_noise,1440,1.1288378916846883e-07,18.15539710047631,0.00018985869251892523,0.9424784159064493,200,17.994187228564883,18.003625276284843,0.008536180817651125,17.977456314162286,18.01091814296748,0.9471880052526419,0.9468803504143266,0.00012721110630141357,0.9469386714842911,0.9474373390209927,0.23771469703501036,0.2384466677011181,0.00027903569235055955,0.23716778707800326,0.23826160699201746,0.9464111440379961,0.9454401869512497,0.001173268457016582,0.9441115378622436,0.9487107502137486,0.23947626995345292,0.24042736236533402,0.002638510191669396,0.2343047899777809,0.24464774992912494,0.004899448038711523,0.004591793200396266,0.00012721110630141357,0.004650114270360753,0.005148781807062294,0.00470958934619255,0.004401934507877292,0.00012721110630141357,0.004460255577841779,0.00495892311454332,0.004736396760752451,0.004400702778878895,0.0001231032295083875,0.004495114430916012,0.00497767909058889,-2.6807414559868902e-05,-1.971357121278451e-05,3.082156966802011e-05,-8.721769110918831e-05,3.3602861989450515e-05
strong_low_noise,1440,1.438449888287663e-07,15.653137047933015,0.0002362226896743605,0.9425247799036047,200,15.532180300295131,15.540348478864647,0.007467648723125787,15.517543708797804,15.546816891792458,0.9465698900450046,0.9462287473973786,0.00012295620544530727,0.9463288958823318,0.9468108842076773,0.23900694565360348,0.2398443718530231,0.00025948048336221476,0.23849836390621354,0.2395155274009934,0.9457692500790279,0.9452300402884171,0.0011552451453298947,0.9435049695941813,0.9480335305638745,0.24084750539666339,0.24091244008333773,0.0026297893298821173,0.23569311831009443,0.24600189248323234,0.004281332831074314,0.003940190183448267,0.00012295620544530727,0.004040338668401512,0.004522326993747116,0.004045110141399933,0.0037039674937738853,0.00012295620544530727,0.0038041159787271304,0.004286104304072735,0.004076500189774136,0.0037065779895117295,0.00011665437682233775,0.003847857611202354,0.004305142768345918,-3.139004837422942e-05,-2.4668954517459358e-05,3.8279162439351674e-05,-0.0001064172067553587,4.363711000689986e-05
strong_low_noise,1440,1.8329807108324338e-07,13.492542019275113,0.00030755731153178645,0.9425961145254621,200,13.402217613767652,13.409770366130672,0.006503617990964375,13.389470522505363,13.414964705029941,0.946096600700705,0.9456939901609465,0.00012089719693831592,0.9458596421947059,0.9463335592067041,0.2400453521764598,0.24099912086258296,0.00024527265120557784,0.23956461778009688,0.24052608657282273,0.9452812366454626,0.9445312513293618,0.0011365430794121473,0.9430536122098148,0.9475088610811104,0.24194765762891923,0.24297646578391915,0.002621558278698926,0.23680940340266934,0.24708591185516912,0.0038080434867748,0.003405432947016118,0.0001208971969383159,0.0035710849807757006,0.004045001992773899,0.003500486175243041,0.0030978756354843595,0.0001208971969383159,0.003263527669243942,0.0037374446812421403,0.0035371012565653306,0.0032126516509538346,0.00011133533084760276,0.003318884008104029,0.003755318505026632,-3.6615081322294236e-05,-3.290663248885614e-05,4.730008875996863e-05,-0.00012932325529183274,5.609309264724428e-05
strong_low_noise,1440,2.3357214690901212e-07,11.637737050362711,0.00041688650307709907,0.9427054437170075,200,11.570517807634516,11.578826915004425,0.005642288816457322,11.55945892155426,11.581576693714773,0.945762514432227,0.9453561552614194,0.00012122938078441028,0.9455249048458896,0.9460001240185645,0.24084847763649728,0.24185325506391517,0.0002367998439422075,0.24038434994237054,0.241312605330624,0.9449410897054995,0.9441089140314581,0.0011166010292447115,0.9427525516881798,0.9471296277228192,0.2427972709151105,0.24393236786736985,0.002614012043223051,0.2376738073103933,0.24792073451982768,0.003473957218296736,0.0030675980474890174,0.0001212293807844103,0.003236347631959292,0.00371156680463418,0.003057070715219595,0.0026507115444118767,0.0001212293807844103,0.002819461128882151,0.0032946803015570392,0.003099495548343747,0.002723368365209639,0.0001069474458606119,0.0028898785544569476,0.0033091125422305464,-4.242483312410874e-05,-4.743026403814734e-05,5.805610736067751e-05,-0.00015621480355103667,7.136513730281917e-05
strong_low_noise,1440,2.976351441631313e-07,10.054225560643511,0.0005829798403707356,0.942871537054301,200,10.004297685729439,10.01227512871074,0.004879194898991497,9.994734463727415,10.013860907731463,0.9455697596701491,0.9451130488574631,0.00012413199590442027,0.9453264609581764,0.9458130583821218,0.2414294571347469,0.24233640182168223,0.00023443236355506728,0.24096996970217896,0.24188894456731483,0.9447506703769329,0.9437305927624463,0.0010948460342599825,0.9426047721497833,0.9468965686040826,0.24341107968010578,0.24450933007244502,0.0026073306730774607,0.23830071156087396,0.2485214477993376,0.0032812024562186904,0.002824491643532767,0.00012413199590442027,0.0030379037442460266,0.0035245011681913543,0.0026982226158479895,0.0022415118031620662,0.00012413199590442027,0.0024549239038753256,0.0029415213278206533,0.002746896078877514,0.0023664063058988476,0.00010324867432743155,0.002544528677195748,0.0029492634805592796,-4.867346302957742e-05,-4.848332471025783e-05,7.06571223872776e-05,-0.00018716142290864152,8.981449684948666e-05
strong_low_noise,1440,3.792690190732246e-07,8.709237375402362,0.0008320636053589306,0.9431206208192893,200,8.672159633436342,8.679154123538241,0.004208492912059961,8.663910987328705,8.680408279543979,0.9455295073228791,0.9449934049850568,0.00012971298328237488,0.9452752698756457,0.9457837447701125,0.24179431084792896,0.24276121382501148,0.00023861245921303421,0.24132663042787142,0.2422619912679865,0.9447209840410565,0.9435121757388494,0.001070710368725456,0.9426223917183546,0.9468195763637585,0.24379624985644618,0.24545757342132746,0.0026016764603663265,0.23869696399412818,0.2488955357187642,0.0032409501089489413,0.002704847771126506,0.00012971298328237486,0.0029867126617154865,0.003495187556182396,0.0024088865035900176,0.0018727841657675826,0.00012971298328237486,0.002154649056356563,0.0026631239508234724,0.002463989674432052,0.002109190667116055,9.998444429183041e-05,0.0022680201636200645,0.0026599591852440397,-5.510317084201029e-05,-4.832132444548568e-05,8.510249744469848e-05,-0.0002219040658336193,0.00011169772414959874
strong_low_noise,1440,4.832930238571752e-07,7.571915714296506,0.0011993592469317776,0.9434879164608622,200,7.544328518462441,7.548964396683009,0.0036242453363565783,7.537224997603182,7.5514320393217,0.9456632921587064,0.9451447199895324,0.00013792844371530918,0.9453929524090243,0.9459336319083884,0.24193956229970306,0.24304417816320215,0.00025001736898771425,0.24144952825648713,0.242429596342919,0.9448734498652098,0.943868955434368,0.0010436643778045857,0.9428278676847128,0.9469190320457068,0.2439499722115435,0.24639695624080687,0.0025972146029531952,0.23885943158975523,0.24904051283333176,0.0033747349447760693,0.0028561627756021335,0.00013792844371530918,0.0031043951950940635,0.003645074694458075,0.00217537569784425,0.0016568035286703142,0.00013792844371530918,0.001905035948162244,0.002445715447526256,0.0022367062693336237,0.0019390373644732446,9.693093310398817e-05,0.002046721640449807,0.0024266908982174405,-6.133057148931306e-05,-7.557707679932863e-05,0.00010122321923543944,-0.00025972808119077435,0.00013706693821214825
strong_low_noise,1440,6.158482110660254e-07,6.6134408721159454,0.0017298239340581695,0.9440183811479885,200,6.592827636027007,6.595751782542056,0.003120997172032371,6.586710481569823,6.5989447904841905,0.9460038218536286,0.9455290992630607,0.00014848529791641188,0.9457127906697125,0.9462948530375448,0.24184884893850986,0.2429233310706383,0.00026967636284136134,0.24132028326734078,0.24237741460967893,0.9452406256354657,0.9441932966937745,0.001013263241560476,0.9432546296820072,0.9472266215889242,0.24385609615863266,0.24595702450428586,0.002594154054475131,0.23877155421186141,0.2489406381054039,0.003715264639698405,0.003240542049130324,0.00014848529791641188,0.003424233455782238,0.004006295823614572,0.001985440705640222,0.0015107181150721405,0.00014848529791641188,0.0016944095217240546,0.002276471889556389,0.0020522956521613757,0.001786846242141319,9.392760886540557e-05,0.0018681975387851808,0.0022363937655375705,-6.685494652112106e-05,-7.44590942055659e-05,0.00011862416471036222,-0.000299358309353431,0.00016564841631118887
strong_low_noise,1440,7.847599703514607e-07,5.807176045052332,0.002477179458627611,0.9447657366725579,200,5.791672266733867,5.793959773163998,0.0026935049911791715,5.786392996951156,5.796951536516579,0.9465942456059997,0.9461521054691645,0.00016076472094123117,0.9462791467529549,0.9469093444590445,0.2414888723900874,0.24250827273643769,0.0002989271814604113,0.240902975114425,0.2420747696657498,0.9458653652872347,0.9449600796219342,0.0009792010375992404,0.9439461312535402,0.9477845993209293,0.24348116039517875,0.24516402763936623,0.0025928017522927685,0.23839926896068492,0.2485630518296726,0.0043056883920694865,0.0038635482552341616,0.00016076472094123117,0.003990589539024673,0.0046207872451143,0.0018285089334419097,0.0013863687966065852,0.00016076472094123117,0.0015134100803970965,0.0021436077864867226,0.0018996105028084684,0.0016424454996298474,9.08873941068805e-05,0.0017214712103589826,0.0020777497952579544,-7.110156936660705e-05,-7.840361141916351e-05,0.00013664396938755388,-0.00033892374936621267,0.0001967206106329986
strong_low_noise,1440,1e-06,5.128859966545513,0.003500211694818324,0.9457887689087486,200,5.117102167263069,5.119327271794011,0.0023359592666143854,5.112523687100505,5.121680647425634,0.9474846597567662,0.9471383918089554,0.000173810785948832,0.9471439906163065,0.9478253288972259,0.24080573279921896,0.24202912790037298,0.000339180428047497,0.24014093916024587,0.24147052643819206,0.9467972027085433,0.9461235628242078,0.0009413621487587999,0.944952132896976,0.9486422725201106,0.2427708836480194,0.24454192629966864,0.002593618675697296,0.23768739104365272,0.2478543762523861,0.005196102542835872,0.004849834595025082,0.000173810785948832,0.004855433402376161,0.005536771683295583,0.0016958908480175822,0.0013496229002067928,0.000173810785948832,0.0013552217075578714,0.002036559988477293,0.0017693990188601782,0.0015314252264605462,8.778578762784713e-05,0.0015973388751095979,0.0019414591626107586,-7.350817084263395e-05,-6.65166132406254e-05,0.00015435719693250845,-0.0003760482768303505,0.0002290319351450826
strong_low_noise,1440,1.2742749857031322e-06,4.556809444678336,0.0048556797110469035,0.9471442369249773,200,4.547815781276127,4.55051915002312,0.0020412307496822683,4.54381496900675,4.551816593545505,0.9487250281776453,0.9485000584880583,0.00018641099267342572,0.9483596626320053,0.9490903937232852,0.23972333651835662,0.2408202424082218,0.0003915397398347757,0.23895591862828044,0.2404907544084328,0.9480851661708658,0.9473013491056601,0.0008998589693048926,0.9463214425910282,0.9498488897507034,0.24164883402390847,0.2431994015722993,0.002597256273773599,0.2365582117273122,0.24673945632050473,0.006436470963714986,0.006211501274128006,0.00018641099267342572,0.006071105418075071,0.006801836509354901,0.0015807912526680412,0.001355821563081061,0.00018641099267342572,0.0012154257070281268,0.0019461567983079556,0.001654438472766895,0.0014390856965008807,8.463666952444242e-05,0.0014885506004989877,0.001820326345034802,-7.36472200988067e-05,-6.960472394275293e-05,0.00017064395761247258,-0.000408109377019253,0.0002608149368216395
strong_low_noise,1440,1.6237767391887209e-06,4.072064965495742,0.0065882086720570505,0.9488767658859873,200,4.065140512468094,4.067335381981576,0.001800631782320278,4.061611274174746,4.068669750761442,0.950354850693979,0.9501795200827192,0.0001972686492231397,0.9499682041415016,0.9507414972464563,0.2381460829756147,0.23930976936219595,0.0004563526470938073,0.23725163178731085,0.23904053416391857,0.9497673898946382,0.9491581141542702,0.0008550461687782364,0.9480914994038329,0.9514432803854435,0.24001950845741465,0.24103125098228145,0.0026045365290798747,0.2349146168604181,0.24512440005441122,0.008066293480048614,0.007890962868788931,0.0001972686492231397,0.00767964692757126,0.008452940032525967,0.001478084807991608,0.0013027541967319256,0.0001972686492231397,0.0010914382555142542,0.0018647313604689619,0.0015494384092537825,0.0013664455651616458,8.146387829936644e-05,0.0013897692077870242,0.0017091076107205408,-7.135360126221381e-05,-2.0546518126144825e-05,0.0001843393545867235,-0.00043265873625219185,0.00028995153372776423
strong_low_noise,1440,2.06913808111479e-06,3.658420133289792,0.008719127923436886,0.9510076851373672,200,3.653081349933476,3.6556153468323567,0.001604483815950323,3.6499365616542137,3.656226138212739,0.9523916203606766,0.9522508311113906,0.00020523856555443778,0.9519893527721899,0.9527938879491633,0.23596807145021145,0.23667556761054576,0.0005327741511479121,0.23492383411396153,0.23701230878646137,0.9518595946648659,0.9515911983009736,0.0008075048513831498,0.9502768851561549,0.9534423041735769,0.23777804968157384,0.23897700857718368,0.0026163288634918555,0.23265004510912982,0.24290605425401787,0.010103063146746196,0.009962273897460294,0.00020523856555443778,0.009700795558259498,0.010505330735232894,0.001383935223309321,0.0012431459740234185,0.00020523856555443778,0.0009816676348226232,0.001786202811796019,0.0014507440237737563,0.001251294130020926,7.827761039617041e-05,0.0012973199073972623,0.0016041681401502503,-6.680880046447277e-05,-2.8301647641215002e-05,0.00019444678956942327,-0.0004479245080205424,0.00031430690709159686
strong_low_noise,1440,2.6366508987303555e-06,3.3023092582021345,0.011237659986201316,0.9535262172001316,200,3.298223593273777,3.3003119488818866,0.0014433975115599692,3.2953945341511193,3.3010526523964345,0.9548216192405047,0.9547379092496315,0.00020956786747829018,0.9544108662202472,0.9552323722607622,0.2330899204848299,0.23329858103765028,0.0006184735249848289,0.23187771237585963,0.23430212859380017,0.9543460032085196,0.9540388742659727,0.0007579940466015741,0.9528603348771805,0.9558316715398587,0.23482759199728087,0.23626838727681204,0.0026332982767250422,0.22966632737489978,0.23998885661966196,0.012533062026574435,0.012449352035701133,0.00020956786747829018,0.012122309006316986,0.012943815046831883,0.0012954020403731386,0.0012116920494998351,0.00020956786747829018,0.0008846490201156899,0.0017061550606305874,0.0013559380151841063,0.0011448365962468522,7.506342337856995e-05,0.0012088137053621092,0.0015030623250061033,-6.053597481098589e-05,-6.432757497981563e-05,0.00020036252957517691,-0.00045324653277833266,0.00033217458315636084
strong_low_noise,1440,3.359818286283781e-06,2.9925694575914337,0.014098092659504458,0.9563866498734348,200,2.989507303559387,2.9908780841074023,0.0013097038115590439,2.9869402840887314,2.992074323030043,0.9575968167957789,0.9575759901195116,0.00021006270420105948,0.9571850938955448,0.958008539696013,0.22944138648274212,0.2291826077088449,0.0007096935690296992,0.2280503870874439,0.23083238587804034,0.957176443749245,0.9570979345463586,0.0007073725312612026,0.9557899935879731,0.958562893910517,0.23110220660368838,0.23134993057474856,0.002655578562809014,0.2258972726205827,0.23630714058679406,0.0153082595818486,0.015287432905581155,0.00021006270420105948,0.014896536681614524,0.015719982482082676,0.0012101669223441413,0.0011893402460766977,0.00021006270420105948,0.0007984440221100648,0.0016218898225782178,0.0012634592228742635,0.0010347458309725123,7.178710669683398e-05,0.001122756493748469,0.0014041619520000581,-5.3292300530126505e-05,-5.303890140156738e-05,0.00020203185902602645,-0.0004492747442211383,0.00034269014316088537
strong_low_noise,1440,4.281332398719387e-06,2.720127187685605,0.01722487497617823,0.9595134321901085,200,2.717924382083274,2.7192974621775776,0.0011982595231546835,2.715575793417891,2.720272970748657,0.9606398703176464,0.9605881502066098,0.00020710706975815695,0.9602339404609205,0.9610458001743724,0.2250038528975638,0.22474020433883687,0.0008018700026614234,0.2234321876923474,0.2265755181027802,0.9602716009624146,0.9603508854754805,0.0006565023605215105,0.9589848563357924,0.9615583455890367,0.22658924594744065,0.22582757165101858,0.002682542421027263,0.2213314628022272,0.2318470290926541,0.018351313103716193,0.018299592992679525,0.00020710706975815695,0.017945383246990205,0.01875724296044218,0.0011264381275379958,0.0010747180165013304,0.00020710706975815695,0.0007205082708120081,0.0015323679842639834,0.0011723288550515181,0.0009640838021813268,6.841120601755807e-05,0.0010382428912571043,0.001306414818845932,-4.589072751359042e-05,2.613062595201601e-05,0.00019996016515776496,-0.00043781265122280977,0.0003460311961956289
strong_low_noise,1440,5.455594781168514e-06,2.4776712838792476,0.02052446565873472,0.962813022872665,200,2.4762009651946366,2.4770029821903345,0.0011061347536591524,2.4740329410774646,2.4783689893118086,0.9638560222487976,0.963760894387551,0.0002015029502113423,0.9634610764663833,0.9642509680312119,0.21982380018825012,0.2191476635038781,0.0008908234506486215,0.21807778622497884,0.2215698141515214,0.963535150189582,0.9633652946178045,0.0006061554327191188,0.9623470855414525,0.9647232148377115,0.22134203858713092,0.22160765622719492,0.0027128910861317253,0.21602477205831275,0.2266593051159491,0.0215674650348672,0.021472337173620626,0.00020150295021134225,0.02117251925245297,0.02196241081728143,0.0010429993761325268,0.0009478715148859562,0.0002015029502113423,0.0006480535937182959,0.0014379451585467577,0.0010820128162497308,0.0008602573160427698,6.4912744566749e-05,0.0009547838368989028,0.0012092417956005587,-3.901344011725483e-05,9.075041574557461e-05,0.00019504596088903785,-0.000421303523459769,0.00034327664322525935
strong_low_noise,1440,6.951927961775606e-06,2.2593614271323856,0.02389990966536011,0.9661884668792905,200,2.258514307860819,2.2597708046177427,0.0010313461280678123,2.256492869449806,2.260535746271832,0.9671477704327927,0.9670796665209156,0.0001941743565026022,0.9667671886940475,0.9675283521715378,0.2140097004939624,0.21337514738981672,0.0009741787851528235,0.21210031007506286,0.21591909091286193,0.9668685935973482,0.9666411984053609,0.0005569494175058295,0.9657769727390368,0.9679602144556596,0.2154755190161785,0.21470988024957838,0.002745150197446519,0.21009502462918334,0.22085601340317368,0.024859213218862263,0.024791109306985193,0.00019417435650260223,0.024478631480117162,0.025239794957607364,0.000959303553502111,0.0008911996416250401,0.00019417435650260223,0.0005787218147570107,0.0013398852922472113,0.0009923793814196951,0.0007708104289600693,6.129125664591487e-05,0.000872248518393702,0.0011125102444456882,-3.307582791756523e-05,0.00018550336332609035,0.0001882789288108292,-0.0004021025283867904,0.00033595087255166
strong_low_noise,1440,8.858667904100815e-06,2.0605907323996413,0.027263255909956985,0.9695518131238874,200,2.0602628900094206,2.0610673961432786,0.0009714482225357555,2.0583588514932507,2.0621669285255906,0.9704273122755879,0.9702961590514594,0.0001858528791989887,0.9700630406323578,0.9707915839188179,0.20771140352220008,0.20704187247504363,0.0010523711357217679,0.2056487560961854,0.20977405094821475,0.9701837635129407,0.9701134828311,0.00050933194318415,0.9691854729042997,0.9711820541215817,0.20914430628885294,0.20928931683360963,0.0027783757046792525,0.2036986899076816,0.21458992267002427,0.02813875506165756,0.028007601837529095,0.0001858528791989887,0.02777448341842754,0.028503026704887576,0.0008754991517005162,0.0007443459275720543,0.0001858528791989887,0.0005112275084704983,0.001239770794930534,0.0009036706274778518,0.0006795465541082407,5.756232303378022e-05,0.0007908484743316426,0.001016492780624061,-2.8171475777277414e-05,0.0001782712904868526,0.00018042434891443385,-0.0003818031996495677,0.0003254602480950129
strong_low_noise,1440,1.1288378916846883e-05,1.8777910814794638,0.03054251668727,0.9728310739012004,200,1.8778782980984536,1.8782152692478087,0.0009229735597903814,1.8760692699212644,1.8796873262756428,0.9736233917600685,0.9735299457569941,0.00017689107489752043,0.9732766852532694,0.9739700982668676,0.20108970565124218,0.19989866876591028,0.0011286257530894643,0.19887759917518683,0.20330181212729753,0.9734096177779229,0.9731034019368752,0.00046361237622949094,0.9725009375205131,0.9743182980353327,0.20251142496794405,0.2035683490987794,0.0028126745006435555,0.19699858294668268,0.20802426698920543,0.03133483454613826,0.03124138854306374,0.00017689107489752043,0.03098812803933912,0.0316815410529374,0.0007923178588682223,0.0006988718557937035,0.00017689107489752043,0.0004456113520690822,0.0011390243656673623,0.0008164170217602654,0.0005733501675365374,5.374082394930903e-05,0.0007110850068196197,0.0009217490367009111,-2.4099162891999122e-05,8.371020160569176e-05,0.0001718443100094223,-0.00036091401051046684,0.0003127156847264686
strong_low_noise,1440,1.43844988828766e-05,1.7082563105492263,0.03368279173763309,0.9759713489515635,200,1.7086538070482717,1.7087500364994748,0.0008821258554026042,1.7069248403716826,1.710382773724861,0.9766821740924908,0.9765372087321247,0.00016728973885807768,0.976354286204329,0.9770100619806527,0.19428871447397078,0.19276683838292502,0.001207716188437432,0.1919215907446334,0.19665583820330815,0.9764929768954462,0.9760862359743552,0.00042001924142330815,0.9756697391822565,0.9773162146086359,0.19572052130422846,0.19713969329165854,0.0028492135043651843,0.1901360628356727,0.20130497977278422,0.034393616878560455,0.034248651518194284,0.00016728973885807768,0.03406572899039862,0.03472150476672229,0.0007108251409273464,0.0005658597805611731,0.00016728973885807768,0.00038293725276551416,0.0010387130290891787,0.0007312810274016357,0.0005079210189434665,4.982487771071589e-05,0.0006336242670886326,0.0008289377877146388,-2.0455886474263556e-05,1.2536921557361099e-05,0.00016254081904225822,-0.0003390358917970897,0.00029812411884856254
strong_low_noise,1440,1.8329807108324338e-05,1.5499669395977995,0.0366436545620701,0.9789322117760004,200,1.5505730194081861,1.5505229605393827,0.0008461480195603126,1.5489145692898478,1.5522314695265245,0.9795643216511744,0.979464361860686,0.0001568973721764204,0.9792568028017086,0.9798718405006401,0.18742148923003607,0.18579654218182395,0.001293926262933647,0.18488539375468613,0.189957584705386,0.9793954190357604,0.979313136888403,0.0003787508854635671,0.9786530673002518,0.9801377707712691,0.18888194464018881,0.19204092380042237,0.002889664972967049,0.1832182012931734,0.19454568798720423,0.037275764437243925,0.03717580464675563,0.0001568973721764204,0.03696824558777814,0.03758328328670971,0.0006321098751738408,0.0005321500846855454,0.0001568973721764204,0.00032459102570805683,0.0009396287246396248,0.000648881472129056,0.0004265464376520602,4.579171056766521e-05,0.0005591297194164322,0.0007386332248416798,-1.6771596955230466e-05,-0.00010303033212447691,0.00015237155350915414,-0.0003154198418331726,0.00028187664792271165
strong_low_noise,1440,2.3357214690901213e-05,1.4014220498695682,0.0393957093747827,0.981684266588713,200,1.4021437986521068,1.4019242766464775,0.0008142672160920731,1.4005478349085663,1.4037397623956474,0.9822412946433877,0.9822039316310294,0.00014564276197873879,0.9819558348299094,0.982526754456866,0.18057197963223764,0.1794706250426305,0.001389127927559172,0.17784928889422166,0.18329467037025363,0.9820894009896182,0.9819788849324291,0.0003399932536782143,0.9814230142124089,0.9827557877668275,0.1820754205521958,0.1850699074826602,0.0029353163324016434,0.1763222005406886,0.18782864056370302,0.03995273742945738,0.03991537441709908,0.00014564276197873879,0.03966727761597905,0.04023819724293571,0.0005570280546747297,0.0005196650423164306,0.00014564276197873879,0.0002715682411964017,0.0008424878681530577,0.0005696816092418033,0.00036359285603634916,4.1609884139924096e-05,0.0004881262363275521,0.0006512369821560545,-1.2653554567106008e-05,-0.00014593771029833345,0.00014129093910900142,-0.0002895837952207488,0.0002642766860865368
strong_low_noise,1440,2.976351441631313e-05,1.2615020528390948,0.04191835734034953,0.9842069145542799,200,1.262261087293935,1.2625317092742916,0.0007874345238636318,1.2607177156271623,1.2638044589607078,0.9846930099222806,0.9846445724734165,0.00013367041105998308,0.984431015916603,0.9849550039279582,0.17380836339878464,0.17387671466546883,0.0014918852629293962,0.17088426828344302,0.17673245851412625,0.984555772356487,0.9846832687648437,0.00030389859882468833,0.9839601311027906,0.9851514136101833,0.17536414316654825,0.17602968001688113,0.0029862328339698018,0.16951112681196745,0.18121715952112905,0.04240445270835013,0.042356015259486235,0.0001336704110599831,0.04214245870267257,0.042666446714027695,0.00048609536800058804,0.0004376579191366914,0.0001336704110599831,0.00022410136232302118,0.0007480893736781549,0.0004939980101220204,0.00030520820822479955,3.7262688530191165e-05,0.00042096314060284567,0.000567032879641195,-7.902642121417656e-06,-7.205109213570106e-05,0.00012948373891120843,-0.0002616907703873862,0.0002458854861445508
strong_low_noise,1440,3.792690190732246e-05,1.129386434272404,0.04419919853956761,0.9864877557534979,200,1.130122977722654,1.1300046868224032,0.0007668738815385245,1.1286199049148384,1.1316260505304696,0.986907306864361,0.9868886119730935,0.00012133467742986036,0.9866694908965985,0.9871451228321235,0.1671986613742513,0.16810534986914233,0.0015979234942732144,0.1640667313254758,0.17033059142302678,0.9867831478801125,0.9868872014170087,0.0002705424708204851,0.9862528846373043,0.9873134111229206,0.16881101703911142,0.16816269352948932,0.003040862078798261,0.16285092736466683,0.174771106713556,0.04461874965043066,0.04460005475916318,0.00012133467742986036,0.044380933682668135,0.044856565618193185,0.00041955111086310336,0.00040085621959562445,0.00012133467742986036,0.00018173514310057705,0.0006573670786256297,0.0004221204362120928,0.00025140057376622023,3.277147381405707e-05,0.000357888347536541,0.00048635252488764464,-2.569325349037789e-06,-7.709943183631645e-05,0.00011734975505180961,-0.00023257484525058463,0.00022743619455250905
strong_low_noise,1440,4.8329302385717524e-05,1.0045314359469182,0.04623425037702535,0.9885228075909557,200,1.0052057100935123,1.0048162062496957,0.0007522729003014324,1.0037312552089215,1.0066801649781032,0.9888803390137741,0.9888349877904321,0.00010909094344533634,0.9886665207646212,0.989094157262927,0.16082032506462315,0.16245276335180986,0.0017015687517239724,0.15748525031124416,0.16415539981800215,0.9887682557493533,0.9889607531752297,0.0002398899875681707,0.9882980713737197,0.989238440124987,0.1624887274432397,0.16189299423334513,0.003096290695877084,0.1564199976793206,0.16855745720715878,0.04659178179984378,0.04654643057650171,0.00010909094344533634,0.04637796355069092,0.04680560004899664,0.00035753142281845117,0.0003121801994763751,0.00010909094344533634,0.00014371317366559196,0.0005713496719713104,0.00035446747006895015,0.0002064710396463918,2.8208294779275742e-05,0.00029917921230156967,0.00040975572783633063,3.0639527494708345e-06,-2.9235080969045186e-05,0.00010538211296769927,-0.00020348498866721974,0.00020961289416616139
strong_low_noise,1440,6.158482110660255e-05,0.8866854044740867,0.04802785282632378,0.9903164100402542,200,0.8872762195300459,0.8866754197211895,0.0007408224593676308,0.8858242075096853,0.8887282315504065,0.990616652180087,0.9905619198631,9.735669195990835e-05,0.9904258330638456,0.9908074712963284,0.1547599651874949,0.15631060122503443,0.0017973968592645754,0.15123706734333633,0.15828286303165348,0.9905160115474558,0.990880428976628,0.00021179701635713988,0.9901008893953959,0.9909311336995158,0.1564798700655852,0.15657830113501703,0.0031490486566722177,0.15030773469850764,0.16265200543266276,0.04832809496615658,0.048273362649169704,9.735669195990835e-05,0.04813727584991516,0.048518914082398,0.00030024213983275707,0.00024550982284587963,9.735669195990835e-05,0.00010942302359133671,0.0004910612560741774,0.0002916793993877132,0.00016873001341848574,2.3692509562592286e-05,0.0002452420806450323,0.0003381167181303941,8.562740445086508e-06,3.93119214199486e-05,9.401600718493807e-05,-0.00017570863363739213,0.00019283411452756513
strong_low_noise,1440,7.847599703514606e-05,0.7759008110672175,0.04959160465759471,0.9918801618715251,200,0.7764019999325626,0.7760128204817021,0.0007277839285744628,0.7749755434325567,0.7778284564325686,0.9921281974797006,0.9920873665760312,8.640764114901244e-05,0.9919588385030486,0.9922975564563526,0.14910466680539666,0.14976223003779526,0.0018814496000434965,0.1454170255893114,0.15279230802148192,0.9920385531014769,0.9924410867409137,0.00018605065191158162,0.9916738938237303,0.9924032123792236,0.1508686196836518,0.15018279203113927,0.0031960785217743323,0.1446043057809741,0.15713293358632952,0.04983964026577025,0.04979880936210085,8.640764114901244e-05,0.049670281289118184,0.05000899924242232,0.00024803560817554526,0.00020720470450613648,8.640764114901244e-05,7.867663152348088e-05,0.00041739458482760965,0.0002345818411088411,0.00013397631116912953,1.937223935500593e-05,0.00019661225197302947,0.00027255143024465273,1.3453767066707009e-05,4.249084943715187e-05,8.351765562925163e-05,-0.0001502408379666262,0.0001771483721000402
strong_low_noise,1440,0.0001,0.6725033669342569,0.05094239220652001,0.9932309494204503,200,0.6729191383714643,0.6728035855551551,0.0007081488607195523,0.671531166604454,0.6743071101384747,0.9934323076375781,0.9933731681633798,7.634481094270902e-05,0.9932826718081303,0.9935819434670258,0.1439297345512828,0.14298866524228265,0.0019517429264638176,0.1401043184154137,0.1477551506871519,0.9933532538435381,0.9937839417846146,0.00016243069939537118,0.9930348896727232,0.993671618014353,0.14572871245624167,0.14390593856520217,0.003235439317966499,0.13938725139302732,0.152070173519456,0.051143750423647695,0.051084610949449494,7.634481094270902e-05,0.05099411459419999,0.0512933862530954,0.00020135821712772783,0.00014221874292952297,7.634481094270902e-05,5.1722387680018164e-05,0.0003509940465754375,0.00018402170949681628,0.00010391302705618294,1.5396607393860864e-05,0.000153844359004849,0.00021419905998878357,1.7336507630875548e-05,3.680551819095752e-05,7.395373180507342e-05,-0.00012761280670706834,0.00016228582196881945
strong_low_noise,1440,0.0001274274985703132,0.5770003387111425,0.052100056442899806,0.9943886136568302,200,0.5773406681481034,0.577325469717131,0.0006783290203027359,0.57601114326831,0.5786701930278967,0.9945492202986244,0.9944843361236022,6.71319214010985e-05,0.9944176417326782,0.9946807988645705,0.13928810230394448,0.13719725038716965,0.002008136766172467,0.13535215424224645,0.1432240503656425,0.994480290866481,0.9948851825356859,0.00014076418247939423,0.9942043930688215,0.9947561886641406,0.14111285974787058,0.13923649062261156,0.0032665191446866453,0.13471048222428475,0.1475152372714564,0.052260663084694015,0.05219577890967192,6.71319214010985e-05,0.05212908451874786,0.052392241650640166,0.00016060664179418148,9.572246677208573e-05,6.71319214010985e-05,2.9028075848028413e-05,0.0002921852077403345,0.0001406430086377087,7.861525438810076e-05,1.1887448845065187e-05,0.00011734360890138093,0.00016394240837403645,1.9963633156499136e-05,6.170664420432131e-05,6.524104509581781e-05,-0.00010790881523130375,0.00014783608154430203
strong_low_noise,1440,0.00016237767391887175,0.4899408480802734,0.053085318279580504,0.9953738754935109,200,0.49021774991918854,0.4904223793292878,0.0006370910705629683,0.48896905142088515,0.49146644841749193,0.9954998470402253,0.9954702609168391,5.867109143830948e-05,0.9953848517010062,0.9956148423794444,0.13520471934296846,0.13218973888763036,0.002051825509768734,0.13118314134382175,0.13922629734211517,0.9954404602881456,0.9957646335169446,0.00012095183410066676,0.9952033946933083,0.9956775258829829,0.1370468710225563,0.13652089374273046,0.0032898125899137338,0.13059883834632538,0.14349490369878723,0.053211289826295076,0.0531817037029087,5.867109143830948e-05,0.053096294487075986,0.053326285165514166,0.00012597154671455558,9.638542332818245e-05,5.867109143830948e-05,1.0976207495468993e-05,0.00024096688593364216,0.00010469792824403871,5.855412167151341e-05,8.91896991341253e-06,8.721674721375016e-05,0.00012217910927432728,2.127361847053364e-05,3.375926534471974e-05,5.723839295254309e-05,-9.091363171645081e-05,0.0001334608686575181
strong_low_noise,1440,0.00020691380811147902,0.4117645536368164,0.05391834427435395,0.9962069014882843,200,0.41198963141555967,0.4121861170530942,0.0005855683514188045,0.4108419174467788,0.41313734538434055,0.9963042427529792,0.996272374989653,5.0873450743303066e-05,0.9962045307895223,0.9964039547164362,0.1316765987896735,0.1279761901365849,0.002084729176331422,0.12759052960406392,0.13576266797528308,0.9962536887426183,0.9965438494443583,0.00010296162789309335,0.9960518839519479,0.9964554935332888,0.1335292703406839,0.1341507402679477,0.0033064855923328664,0.12704855857971148,0.14000998210165633,0.054015685539048945,0.0539838177757227,5.0873450743303066e-05,0.05391597357559207,0.05411539750250582,9.73412646950067e-05,6.54735013687624e-05,5.0873450743303066e-05,-2.3706987618673034e-06,0.00019705322815188073,7.59663501154056e-05,4.311167940877238e-05,6.510487990739891e-06,6.320579365355542e-05,8.872690657725579e-05,2.137491457958482e-05,3.024017610300583e-05,4.9828737368827975e-05,-7.628941066331801e-05,0.00011903923982248766
strong_low_noise,1440,0.00026366508987303556,0.3426803051322296,0.054618004377141594,0.9969065615910719,200,0.34286353669943215,0.343042151420149,0.0005266082910790574,0.3418313844489172,0.3438956889499471,0.9969808589073617,0.9969514457167861,4.3695593010361323e-05,0.9968952155450613,0.997066502269662,0.1286772378889435,0.12432031926649184,0.002108978772937503,0.124543639493986,0.132810836283901,0.9969383192843314,0.9971654595382031,8.679902729040035e-05,0.9967681931908422,0.9971084453778206,0.13053527680466132,0.13154484984743692,0.0033179470655761065,0.12403210055613215,0.13703845305319048,0.0546923016934314,0.05466288850285572,4.3695593010361323e-05,0.05460665833113109,0.05477794505573171,7.42973162898114e-05,4.4884125714128587e-05,4.3695593010361323e-05,-1.13460460104968e-05,0.0001599406785901196,5.380180350659078e-05,3.0298022196592878e-05,4.63227758454766e-06,4.472253944087737e-05,6.28810675723042e-05,2.0495512783211027e-05,2.4800044974428437e-05,4.295850073956458e-05,-6.370314866633553e-05,0.0001046941742327576
strong_low_noise,1440,0.0003359818286283774,0.28260290647035285,0.0552016375364756,0.9974901947504059,200,0.2827523379955493,0.28284725907921593,0.00046385327082535744,0.2818431855847316,0.28366149040636696,0.9975463825409279,0.9975235933894973,3.713907757130109e-05,0.9974735899488881,0.9976191751329676,0.12616331254637422,0.12153828653691917,0.0021265757675241765,0.12199522404202684,0.1303314010507216,0.9975109703386664,0.9977220091482615,7.247018154709721e-05,0.9973689287828341,0.9976530118944987,0.12802317274354105,0.1288876618037892,0.0033255471004812764,0.12150510042659775,0.13454124506048434,0.05525782532699746,0.055235036175566965,3.713907757130109e-05,0.05518503273495771,0.05533061791903721,5.6187790521904924e-05,3.339863909140872e-05,3.713907757130109e-05,-1.6604801517845217e-05,0.00012898038256165507,3.726857493831679e-05,2.0830899269127353e-05,3.2201707926888907e-06,3.095704018464657e-05,4.358010969198702e-05,1.8919215583549127e-05,1.8871931840483346e-05,3.6633140423862635e-05,-5.288173964722164e-05,9.07201708143199e-05
strong_low_noise,1440,0.00042813323987193956,0.23115365526738332,0.05568507183263627,0.9979736290465666,200,0.23127560015740406,0.23131048793802436,0.00040089715836647547,0.23048984172700576,0.23206135858780236,0.9980158672070314,0.9980147627796958,3.122855423105454e-05,0.9979546592407386,0.9980770751733242,0.12408171379037954,0.11923202556643375,0.002139220317261963,0.11988884196854609,0.12827458561221297,0.9979866737659492,0.9981626077260242,5.995228356751775e-05,0.9978691672901568,0.9981041802417415,0.1259411657463943,0.12622667234085352,0.0033304213194973696,0.11941353996017946,0.13246879153260915,0.05572730999310108,0.05572620556576541,3.122855423105454e-05,0.05566610202680822,0.05578851795939395,4.2238160464820316e-05,4.113373312913948e-05,3.122855423105454e-05,-1.896980582804657e-05,0.0001034461267576872,2.5309791824318127e-05,1.4176213567266436e-05,2.1928396113640495e-06,2.1011826186044592e-05,2.9607757462591662e-05,1.692836864050575e-05,2.543250655542749e-05,3.088900389020054e-05,-4.361407898428731e-05,7.74708162652988e-05
strong_low_noise,1440,0.0005455594781168515,0.18771085380638997,0.05608270521741203,0.9983712624313423,200,0.18781026896445416,0.18781577312901637,0.00034071234040404074,0.18714247277726223,0.18847806515164608,0.9984029209235422,0.9983968365305544,2.598686334392788e-05,0.9983519866713881,0.9984538551756963,0.12237564259266182,0.11734012150649648,0.0021482624647475835,0.11816504816175655,0.12658623702356708,0.9983790596475418,0.9985200308562991,4.917839112719099e-05,0.9982826700009325,0.9984754492941511,0.12423343561738757,0.12449102767670947,0.0033334461211765617,0.11769988121988151,0.13076699001489364,0.05611436370961182,0.05610827931662404,2.598686334392788e-05,0.05606342945745772,0.05616529796176592,3.165849219983974e-05,2.5574099212055668e-05,2.598686334392788e-05,-1.9275759954258906e-05,8.259274435393839e-05,1.6893690361390446e-05,9.497565169667516e-06,1.466741129825588e-06,1.4018877746932294e-05,1.9768502975848597e-05,1.476480183840737e-05,1.8148811298936614e-05,2.5763071976809492e-05,-3.573081923613924e-05,6.526042291295397e-05
strong_low_noise,1440,0.0006951927961775591,0.1514871290681091,0.056407556545518704,0.998696113759449,200,0.15156797610455225,0.1515553630492339,0.000285389091876989,0.15100861348447336,0.15212733872463113,0.9987198355532391,0.9987085545894571,2.141827718600051e-05,0.9986778557299545,0.9987618153765236,0.12098918140289366,0.1158025638088325,0.0021547248259607787,0.11676592074401054,0.12521244206177679,0.9987004762274421,0.9988229144754674,4.0036809249383875e-05,0.9986220040813133,0.9987789483735708,0.12284473544570307,0.1231162775547818,0.0033352575142262444,0.11630763071781963,0.1293818401735865,0.05643127833930874,0.05641999737552672,2.141827718600051e-05,0.05638929851602418,0.056473258162593305,2.3721793790093537e-05,1.244083000806473e-05,2.141827718600051e-05,-1.8258029494467456e-05,6.570161707465453e-05,1.1110363266231749e-05,6.264665445444473e-06,9.661855210195303e-07,9.21663964503347e-06,1.3004086887430029e-05,1.2611430523811502e-05,1.1423183774226443e-05,2.1272896714812127e-05,-2.9083447037220266e-05,5.430630808484327e-05
strong_low_noise,1440,0.0008858667904100832,0.12161127043331371,0.05667127816157233,0.9989598353755027,200,0.12167678768539517,0.12165696960498229,0.00023612607441674747,0.12121398057953835,0.12213959479125198,0.9989776421069039,0.9989675130498079,1.7502536588855227e-05,0.9989433371351897,0.9990119470786181,0.11987028459179712,0.11456223331282986,0.0021593567274715616,0.11563794540595286,0.12410262377764138,0.998962033444539,0.9990648940747826,3.238063390323503e-05,0.9988985674020887,0.9990254994869894,0.12172344479204728,0.1220113190041054,0.003336296250911328,0.11518430414026107,0.12826258544383348,0.05668908489297337,0.05667895583587751,1.7502536588855227e-05,0.05665477992125921,0.05672338986468753,1.7806731401012744e-05,7.677674305150983e-06,1.7502536588855227e-05,-1.64982403131435e-05,5.211170311516899e-05,7.216258781236651e-06,4.078460351924936e-06,6.283316807892983e-07,5.9847286868896266e-06,8.447788875583676e-06,1.059047261980854e-05,7.01533028607692e-06,1.7409169049402683e-05,-2.3531498717020713e-05,4.47124439566378e-05
strong_low_noise,1440,0.0011288378916846883,0.09719915359832665,0.05688415808181591,0.9991727152957462,200,0.09725203572133441,0.09722907595585285,0.00019337182874931905,0.09687302693698574,0.09763104450568308,0.9991861257119534,0.9991773313933501,1.419715238013477e-05,0.9991582992932884,0.9992139521306185,0.11897242275082624,0.11355520460607482,0.002162694912099024,0.11473354072311215,0.12321130477854034,0.9991736067107339,0.9992552606966353,2.6041857461770136e-05,0.9991225646701087,0.999224648751359,0.12082328133858564,0.12112772852287083,0.003336856937037117,0.11428304174199289,0.1273635209351784,0.05689756849802313,0.05688877417941968,1.419715238013477e-05,0.05686974207935807,0.056925394916688195,1.3410416207226272e-05,4.616097603771241e-06,1.419715238013477e-05,-1.4416002457837877e-05,4.1236834872290424e-05,4.638643986147259e-06,2.626495670108314e-06,4.0428773662680975e-07,3.846240022358712e-06,5.431047949935807e-06,8.771772221079107e-06,4.189407073413616e-06,1.4137728177539153e-05,-1.8938175006897633e-05,3.6481719449055844e-05
strong_low_noise,1440,0.00143844988828766,0.07740642412046492,0.05705514133317371,0.999343698547104,200,0.07744893397141951,0.0774293431595885,0.00015702549063776995,0.07714116400976949,0.07775670393306953,0.9993538402564153,0.9993469240700268,1.1443953309010754e-05,0.9993314101079296,0.999376270404901,0.11825522216053845,0.11266350527045553,0.0021651183022137915,0.11401159028819942,0.12249885403287748,0.9993438425462017,0.9994082294077777,2.084549328486268e-05,0.9993029853793634,0.99938469971304,0.12010399831809208,0.12032190469830953,0.0033371307279617952,0.11356322209128697,0.1266447745448972,0.05706528304248508,0.0570583668560965,1.1443953309010754e-05,0.05704285289399942,0.05708771319097074,1.0141709311386472e-05,3.225522922811752e-06,1.1443953309010754e-05,-1.2288439174274606e-05,3.257185779704755e-05,2.956430328792485e-06,1.6764307089722705e-06,2.5786706870515193e-07,2.4510108741303874e-06,3.4618497834545826e-06,7.1852789825741035e-06,3.216137838462678e-06,1.1406400187171855e-05,-1.5171265384282733e-05,2.954182334943094e-05
strong_low_noise,1440,0.0018329807108324375,0.061461986420234115,0.05719188584408633,0.9994804430580166,200,0.061496026413840124,0.061483765827595654,0.00012663440979186608,0.06124782297064807,0.06174422985703218,0.9994881479280354,0.9994831758323834,9.176558740056855e-06,0.9994701618729049,0.9995061339831659,0.11768443278176538,0.11195587419778288,0.002166892282720646,0.11343732390763292,0.12193154165589784,0.9994801917946858,0.9995325174547505,1.662106237012976e-05,0.9994476145124404,0.9995127690769313,0.1195313967357068,0.11963991744383339,0.0033372384679199022,0.11299040933858379,0.1260723841328298,0.05719959071410522,0.05719461861845315,9.176558740056855e-06,0.05718160465897471,0.05721757676923573,7.70487001892084e-06,2.7327743668537074e-06,9.176558740056855e-06,-1.0281185111590594e-05,2.5690925149432275e-05,1.8712399891553186e-06,1.0622964342220867e-06,1.6331038560161938e-07,1.5511516333761447e-06,2.1913283449344925e-06,5.833630029728236e-06,2.6888165601727053e-06,9.152959006290043e-06,-1.2106169622600248e-05,2.3773429682056717e-05
strong_low_noise,1440,0.002335721469090121,0.04868505844455577,0.05730085328278702,0.9995894104967173,200,0.048712221092452074,0.04870367780077569,0.00010155692864380319,0.04851316951231022,0.04891127267259393,0.9995952909893429,0.9995917232000984,7.3268236925712795e-06,0.9995809304149054,0.9996096515637803,0.11723149740005599,0.11139566143932372,0.0021682022317499406,0.11298182102582612,0.12148117377428587,0.9995889775657831,0.9996311940228012,1.3210491765180812e-05,0.9995630850019234,0.9996148701296429,0.11907692566456465,0.11909964167048648,0.003337254684036855,0.11253590648385242,0.12561794484527689,0.05730673377541251,0.05730316598616797,7.3268236925712795e-06,0.05729237320097507,0.05732109434984995,5.880492625511269e-06,2.3127033809688946e-06,7.3268236925712795e-06,-8.48008181192844e-06,2.0241067062950975e-05,1.1777545561028134e-06,6.692113977796545e-07,1.0283451245978129e-07,9.76198911681642e-07,1.3793102005239848e-06,4.702738069389537e-06,2.2851479964979956e-06,7.312057480757455e-06,-9.628894592895076e-06,1.9034370731674148e-05
strong_low_noise,1440,0.002976351441631313,0.038489980258614366,0.0573874258814555,0.9996759830953859,200,0.03851158912784556,0.038503147735143226,8.108092318205305e-05,0.03835267051840874,0.03867050773728238,0.9996804907546416,0.9996779053563496,5.829495067612668e-06,0.9996690649443091,0.9996919165649741,0.11687292078853809,0.11095299136754094,0.002169177855461961,0.11262133219183264,0.12112450938524354,0.9996754923534116,0.9997092639504318,1.0472592280297158e-05,0.9996549660725422,0.9996960186342809,0.11871707203863532,0.11867250015307212,0.003337224159335687,0.11217611268633737,0.12525803139093328,0.05739193354071137,0.057389348142419305,5.829495067612668e-06,0.05738050773037885,0.05740335935104389,4.5076592558657144e-06,1.922260963793665e-06,5.829495067612669e-06,-6.9181510766551165e-06,1.5933469588386545e-05,7.379429041507997e-07,4.196043181948708e-07,6.445593509539948e-08,6.116092713638167e-07,8.642765369377826e-07,3.7697163517338624e-06,1.9050506047751408e-06,5.820287549144768e-06,-7.638047244589882e-06,1.5177479948057607e-05
strong_low_noise,1440,0.003792690190732238,0.03038293117992556,0.057456037065360045,0.9997445942792904,200,0.030400077373951864,0.030392350377077673,6.450137850484416e-05,0.03027365467208237,0.030526500075821358,0.999748063271544,0.999746170815036,4.6250657865378864e-06,0.9997389981426024,0.9997571284004856,0.1165895712444149,0.1106037190347845,0.0021699103638053584,0.11233654693135639,0.1208425955574734,0.9997441132499341,0.9997707957635695,8.284816563328689e-06,0.9997278750094699,0.9997603514903982,0.11843267513154528,0.11833534093563886,0.003337172995616356,0.11189181606013722,0.12497353420295333,0.05745950605761366,0.057457613601105684,4.6250657865378864e-06,0.05745044092867204,0.057468571186555274,3.4689922535907635e-06,1.5765357456176687e-06,4.6250657865378864e-06,-5.596136688023495e-06,1.253412119520502e-05,4.6070822187758247e-07,2.621113666756658e-07,4.0252061095733435e-08,3.8181418212994494e-07,5.3960226162522e-07,3.008284031734903e-06,1.5658180324027077e-06,4.619339808672781e-06,-6.045621993263747e-06,1.2062190056733554e-05
strong_low_noise,1440,0.004832930238571752,0.02395397516105189,0.05751030461832256,0.9997988618322529,200,0.023967550966822734,0.023960791745214358,5.11655205168801e-05,0.023867266546609648,0.02406783538703582,0.9998015407751788,0.9998001418821265,3.661162835741886e-06,0.9997943648960207,0.9998087166543369,0.11636599499342214,0.11032845893938392,0.0021704643796750596,0.11211188480925902,0.12062010517758526,0.9997984238109089,0.9998194761511787,6.54312468899855e-06,0.9997855992865184,0.9998112483352993,0.11820824864032181,0.11806954129432366,0.003337115806974915,0.11166750165865098,0.12474899562199264,0.0575129835612484,0.057511584668196225,3.6611628357418867e-06,0.05750580768209034,0.057520159440406456,2.6789429258844422e-06,1.2800498737086663e-06,3.6611628357418867e-06,-4.496936232169655e-06,9.85482208393854e-06,2.868025910300751e-07,1.6324268422004547e-07,2.5063441002400133e-08,2.3767824666537083e-07,3.3592693539477936e-07,2.3921403348099608e-06,1.273391006684922e-06,3.6576094474553166e-06,-4.776774182202459e-06,9.561054851822381e-06
strong_low_noise,1440,0.006158482110660254,0.01886692948367171,0.057553157925522076,0.9998417151394524,200,0.018877659296364504,0.01887191854886608,4.049482475152788e-05,0.01879828943985151,0.0189570291528775,0.9998437901355576,0.9998427465334039,2.892895361580194e-06,0.9998381200606489,0.9998494602104663,0.11618978718640559,0.11011172549239934,0.0021708861116781085,0.1119348504075165,0.12044472396529468,0.999841333397539,0.9998579052013551,5.160692508727992e-06,0.9998312184402219,0.9998514483548561,0.11803135593497116,0.11786020384453666,0.0033370602981585896,0.11149071775058032,0.124571994119362,0.057555232921627064,0.05755418931947348,2.8928953615801946e-06,0.05754956284671837,0.05756090299653576,2.0749961049987275e-06,1.0313939514117187e-06,2.892895361580194e-06,-3.5950788036984528e-06,7.745071013695908e-06,1.781356785098777e-07,1.0142650454974806e-07,1.5569808818055922e-08,1.476188532264881e-07,2.086525037932673e-07,1.8968604264897485e-06,1.0272644987550457e-06,2.890693858487911e-06,-3.7688995361465566e-06,7.562620389126053e-06
strong_low_noise,1440,0.00784759970351459,0.014848707226422436,0.05758695398212731,0.9998755111960577,200,0.014857175423418786,0.014852397559933467,3.199192503559416e-05,0.014794471250349021,0.014919879596488552,0.9998771224352843,0.99987633736969,2.282547472548399e-06,0.999872648642238,0.9998815962283305,0.11605103903429718,0.10994119679012404,0.002171208937623372,0.11179546951655538,0.120306608552039,0.9998751878609735,0.9998881972386731,4.066025103497476e-06,0.9998672184517706,0.9998831572701764,0.11789205931270215,0.11773073052416744,0.0033370101242020285,0.11135151946926618,0.12443259915613812,0.057588565221353874,0.057587780155759605,2.2825474725483988e-06,0.05758409142830768,0.05759303901440007,1.6112392265421605e-06,8.261736322845437e-07,2.282547472548399e-06,-2.8625538196527018e-06,6.085032272737022e-06,1.1044226415624135e-07,6.290042635443765e-08,9.654420613210347e-09,9.151959975434907e-08,1.2936492855813364e-07,1.5007969623964113e-06,8.23616544715009e-07,2.2811852928036516e-06,-2.9703262114987454e-06,5.971920136291568e-06
strong_low_noise,1440,0.01,0.01167912193619627,0.057613579539778075,0.9999021367537084,200,0.011685797425331877,0.011681878004331871,2.523850163217185e-05,0.01163632996213282,0.011735264888530933,0.9999033904885699,0.9999027955486877,1.798911579138077e-06,0.9998998646218747,0.9999069163552651,0.11594186582957244,0.10980709800648264,0.0021714572196740918,0.11168580967901122,0.12019792198013367,0.9999018682059085,0.9999120802265552,3.200861399585333e-06,0.9998955945175654,0.9999081418942517,0.11778244886873683,0.11764257195611036,0.0033369666447295152,0.11124199424506698,0.12432290349240668,0.05761483327463972,0.05761423833475726,1.798911579138077e-06,0.05761130740794461,0.05761835914133483,1.2537348616353805e-06,6.587949791803105e-07,1.798911579138077e-06,-2.2721318334752503e-06,4.779601556746012e-06,6.837548703256684e-08,3.895033430799732e-08,5.977742806612748e-09,5.665911113160585e-08,8.009186293352782e-08,1.1853593746098615e-06,6.572133918644411e-07,1.7980695844978137e-06,-2.338857011005853e-06,4.709575760225577e-06
