environment,T,replication,lambda,complexity,regret,sharpe,pathwise_oracle_lambda,ensemble_oracle_complexity
strong_low_noise,60,0,0.0001,0.6911824871937875,0.0519394901201331,0.07765099630411633,1e-06,3.4572886955983475
strong_low_noise,60,1,0.0001274274985703132,0.66389402139988,0.05274846773937669,0.07098838447034657,6.158482110660254e-07,3.543477703674536
strong_low_noise,60,2,1.43844988828766e-05,1.7020521576694305,0.03761593777590766,0.14814083731528366,1.2742749857031322e-06,3.4448667614638544
strong_low_noise,60,3,0.01,0.010560156866373358,0.05755320814841547,0.13912606090332916,3.359818286283781e-06,3.65233477683604
strong_low_noise,60,4,0.01,0.008782158094932801,0.05772280885358305,-0.024203657200217905,1e-06,3.4283384354493553
strong_low_noise,60,5,1.274274985703132e-08,35.881024427416804,0.48822369774124175,0.023435259654304035,0.01,3.541680309952638
strong_low_noise,60,6,1.6237767391887209e-06,3.847644447744666,0.02462538475222953,0.20712198206492763,2.6366508987303555e-06,3.476369617937563
strong_low_noise,60,7,7.847599703514607e-07,5.428467126172383,0.011637669598671518,0.2331479825936437,1.6237767391887209e-06,3.5515734042058087
strong_low_noise,60,8,4.281332398719387e-06,2.7347618742003146,0.06475428055444299,0.07763125121698225,2.976351441631313e-05,3.6156793881403804
strong_low_noise,60,9,0.0003359818286283774,0.338364478153013,0.05583222348428063,0.13960954662831895,7.847599703514607e-07,3.5562004667989324
strong_low_noise,60,10,2.976351441631313e-05,1.2856715337608935,0.04254951172807786,0.12410568342100298,1.6237767391887209e-06,3.760864132291797
strong_low_noise,60,11,0.01,0.012782169594279226,0.05776565079197904,-0.03647637655810205,1.6237767391887209e-06,3.3828714881772175
strong_low_noise,60,12,4.281332398719387e-06,2.6224620640272445,0.059449223799338036,0.10458019288257875,6.158482110660254e-07,3.4862718049846553
strong_low_noise,60,13,8.858667904100815e-08,16.364881972569158,0.26704689795483305,-0.11173625314786559,0.01,3.5269499020365735
strong_low_noise,60,14,0.01,0.012366881075443809,0.057611939137172,0.2005411987263888,2.06913808111479e-06,3.7373464306158217
strong_low_noise,60,15,0.01,0.009206984272602836,0.057603196898788234,0.08687965587318262,1e-06,3.5674352728003638
strong_low_noise,60,16,4.832930238571752e-07,6.797658840269282,0.07777353577722468,0.16465030827607932,2.6366508987303555e-06,3.498571310459329
strong_low_noise,60,17,6.158482110660254e-07,6.098853437739375,0.05146932903735013,0.1170953873767771,1.2742749857031322e-06,3.5174829102007474
strong_low_noise,60,18,2.3357214690901212e-07,10.273791698997305,0.07204267531790798,0.22499227482890763,5.455594781168514e-06,3.687540557779396
strong_low_noise,60,19,0.01,0.013138223784909125,0.057817058118913245,-0.04418999241025952,0.01,3.390840654771
strong_low_noise,60,20,1.6237767391887209e-06,3.8867413228360816,0.15891539508714447,0.019249229928707038,0.01,3.513545693635893
strong_low_noise,60,21,0.00026366508987303556,0.31955537649680066,0.055373314177351474,0.12303942728492322,7.847599703514607e-07,3.4740557441855797
strong_low_noise,60,22,0.01,0.013272425228664897,0.05757839926711772,0.04325057505584849,7.847599703514607e-07,3.590029611644253
strong_low_noise,60,23,2.976351441631313e-07,9.062233862221193,0.11206920636213269,0.2142190727649703,1.43844988828766e-05,3.604535316210182
strong_low_noise,60,24,1.438449888287663e-07,13.110830410908948,0.08249165167399819,0.11148788595506869,1.2742749857031322e-06,3.5573117909373684
strong_low_noise,60,25,8.858667904100815e-06,2.0538332590398527,0.09857012032363976,0.06534313467411768,0.01,3.6290945194574764
strong_low_noise,60,26,4.281332398719396e-08,22.35196511545402,0.1292799580391475,0.18714597230980032,1e-06,3.352739616153737
strong_low_noise,60,27,0.01,0.010702101197191352,0.05748523516195392,0.07369603611332924,1e-06,3.5522864759294093
strong_low_noise,60,28,2.06913808111479e-06,3.5352612111659383,0.030097289762970103,0.19897670494196296,2.6366508987303555e-06,3.5352612111659383
strong_low_noise,60,29,0.01,0.014753366624810945,0.05775792194874363,-0.057811099505094804,0.01,3.610482875791658
strong_low_noise,60,30,1.1288378916846883e-05,1.797291452576959,0.0528356167775107,0.11966945736903327,1.6237767391887209e-06,3.339290772469737
strong_low_noise,60,31,1.1288378916846883e-07,14.498915335294841,0.2060093540445933,0.1550336806303474,3.792690190732246e-05,3.4856091311135255
strong_low_noise,60,32,0.01,0.015245371228137232,0.057887323812291225,-0.04262951073112085,0.01,3.612981502429737
strong_low_noise,60,33,0.01,0.017379724862014605,0.057728431814531245,-0.009921342045626707,6.158482110660254e-07,3.5711970094252745
strong_low_noise,60,34,6.158482110660255e-05,0.8876217716955115,0.04057879022284927,0.16521029479226365,1.6237767391887209e-06,3.5941820624388012
strong_low_noise,60,35,0.01,0.009234703366004252,0.05756719815207256,0.13235051615444027,1e-06,3.472372587416651
strong_low_noise,60,36,5.4555947811685146e-08,19.772396113603495,0.2517082812637983,0.20411981922127823,2.06913808111479e-06,3.3063431151222513
strong_low_noise,60,37,0.01,0.011430183215023277,0.05770876231059263,0.004159629845915217,7.847599703514607e-07,3.356697861921901
strong_low_noise,60,38,7.847599703514606e-05,0.7496313039357352,0.0568231722799839,0.03164546347104744,1.6237767391887209e-06,3.5428232375943107
strong_low_noise,60,39,0.00016237767391887175,0.5040680260298975,0.052966604517987737,0.06946403407105477,6.158482110660254e-07,3.51825386694576
strong_low_noise,60,40,3.359818286283781e-06,2.9849438472150758,0.010946935085058507,0.2217024613127089,3.359818286283781e-06,3.58563988484412
strong_low_noise,60,41,4.281332398719396e-08,22.854582920172724,0.2767067157555785,0.10258043247625366,0.01,3.4826856462531603
strong_low_noise,60,42,6.158482110660255e-05,0.8047082810552247,0.04658782274932782,0.10626813926917483,2.976351441631313e-05,3.3370162275799955
strong_low_noise,60,43,4.832930238571752e-07,7.129523306612568,0.03529266361320227,0.21104172678960215,4.281332398719387e-06,3.6828797247661362
strong_low_noise,60,44,3.3598182862837814e-08,25.827476925961214,0.2690056589075114,0.009499284633371331,1.2742749857031322e-06,3.615464281481452
strong_low_noise,60,45,2.3357214690901212e-07,9.891478059570241,0.06339305689862984,0.22141248233435049,4.281332398719387e-06,3.474819533782997
strong_low_noise,60,46,1e-06,4.903433710339824,0.0025472555194412383,0.2423982828251892,1.2742749857031322e-06,3.5577418409222337
strong_low_noise,60,47,6.951927961775605e-08,18.395155674537005,0.12022408105410087,0.20845582682969663,1.6237767391887209e-06,3.542991757120131
strong_low_noise,60,48,4.832930238571752e-09,44.81537435768604,0.6564551466209128,0.08012005264455199,0.01,3.349927874600973
strong_low_noise,60,49,0.01,0.00952038439053814,0.05764949264265129,0.11367475750848194,1e-06,3.324763408251368
strong_low_noise,60,50,2.06913808111479e-06,3.3981230274968373,0.011911596791247092,0.2206131993493445,2.06913808111479e-06,3.3981230274968373
strong_low_noise,60,51,1.43844988828766e-05,1.6396568141409587,0.022221578073001735,0.1975027449368373,3.359818286283781e-06,3.499989468725701
strong_low_noise,60,52,5.455594781168514e-06,2.45078860732048,0.0693251633018046,0.08591328938285644,6.158482110660254e-07,3.5845599277254077
strong_low_noise,60,53,1e-06,4.735215324002124,0.0530865110500407,0.12902979052560556,2.6366508987303555e-06,3.431988941438144
strong_low_noise,60,54,2.6366508987303555e-06,3.1936190489386624,0.013876286654692094,0.21535442809530594,1.2742749857031322e-06,3.5198696158972633
strong_low_noise,60,55,8.858667904100815e-06,1.9406684216832017,0.04505881438758841,0.1334169591915603,2.6366508987303555e-06,3.4381522107190183
strong_low_noise,60,56,2.0691380811147902e-08,31.288678903036136,0.332533554254993,0.1344322657973264,1.6237767391887209e-06,3.7033141397255984
strong_low_noise,60,57,0.0001,0.6955686161889612,0.049084229679850155,0.09339661702905107,8.858667904100815e-06,3.5491696592330344
strong_low_noise,60,58,1.43844988828766e-05,1.754791502125971,0.043531116705483264,0.12468156491072394,1.2742749857031322e-06,3.5895901389015825
strong_low_noise,60,59,7.847599703514607e-07,4.901217148944687,0.017807501924184677,0.20973696794784946,6.158482110660254e-07,3.165313076987457
strong_low_noise,60,60,4.281332398719396e-08,22.47484053797461,0.3924467026409597,-0.02777766264246262,0.01,3.472749399010332
strong_low_noise,60,61,5.455594781168514e-06,2.5386479115872027,0.03260700360251534,0.16199665239761635,7.847599703514607e-07,3.6336902643783073
strong_low_noise,60,62,2.976351441631313e-07,8.650536526719286,0.06862559204166452,0.15776685480618285,1.1288378916846883e-05,3.4725599937153517
strong_low_noise,60,63,0.01,0.012249126051179051,0.0576826843228363,0.11784026612995022,1e-06,3.411140937099319
strong_low_noise,60,64,0.01,0.011045988688704296,0.05771240447619297,-0.0009762814227110927,2.6366508987303555e-06,3.6992332902801675
strong_low_noise,60,65,3.792690190732246e-07,7.37509178679008,0.06578984364856577,0.18149471723398963,2.06913808111479e-06,3.3381654740854643
strong_low_noise,60,66,0.01,0.010253277062243446,0.05772239789612188,-0.02697404871593161,2.6366508987303555e-06,3.563405567399197
strong_low_noise,60,67,0.01,0.013826074949142677,0.057716593956232964,-0.012190317777668663,0.01,3.51872803161054
strong_low_noise,60,68,1e-06,4.650487486236833,0.10785086669306287,0.18597320943229775,1.8329807108324338e-05,3.3935516789009794
strong_low_noise,60,69,0.01,0.01404753888189084,0.05760586190230155,0.11635536155317813,2.6366508987303555e-06,3.652346393646473
strong_low_noise,60,70,0.01,0.010695538127500355,0.057533123174442924,0.07644912700877247,1e-06,3.481584158323803
strong_low_noise,60,71,0.01,0.012353008286686076,0.05765439028171082,0.0733403486199343,1.6237767391887209e-06,3.49334064595223
strong_low_noise,60,72,0.01,0.014248438819433445,0.05758106914389538,0.06795726761311807,1e-06,3.5273979219243543
strong_low_noise,60,73,0.01,0.010477032274888597,0.057599628918543755,0.09073260184454184,1e-06,3.439453044617294
strong_low_noise,60,74,5.455594781168514e-06,2.4080884439848385,0.05639556202566487,0.10062770731631329,2.976351441631313e-05,3.4787787301903164
strong_low_noise,60,75,2.3357214690901213e-05,1.2850265862122776,0.06953530677272646,0.07688777693004757,1e-06,3.373203042241533
strong_low_noise,60,76,2.6366508987303555e-06,3.124879179713536,0.01933615410772871,0.20098417036067376,1e-06,3.435057694649389
strong_low_noise,60,77,0.0001,0.7716266258459853,0.07101375410669997,-0.043942173738794985,0.01,3.489633242679392
strong_low_noise,60,78,0.01,0.009780446900726871,0.05778631431915349,-0.021374848737229335,0.01,3.382285618298486
strong_low_noise,60,79,4.8329302385717524e-05,1.0578428907527004,0.048287724376505525,0.09789541784064498,7.847599703514607e-07,3.5787704687697888
strong_low_noise,60,80,8.858667904100815e-06,1.9891803311490328,0.0481362268096015,0.12323261024624697,2.3357214690901213e-05,3.4414000729451057
strong_low_noise,60,81,4.832930238571752e-07,6.682238189083781,0.1531390985187535,0.16621136471273765,6.951927961775606e-06,3.418144189207732
strong_low_noise,60,82,5.4555947811685146e-08,20.223504673779313,0.1367555396206115,0.14275417056060974,1.2742749857031322e-06,3.502887420013909
strong_low_noise,60,83,0.01,0.013600200243359757,0.05764731518403032,0.07692637217197695,1e-06,3.5693230029635465
strong_low_noise,60,84,7.847599703514606e-05,0.7459846727376618,0.07378272777613915,0.057424844328208734,0.0005455594781168515,3.360902596106933
strong_low_noise,60,85,4.281332398719387e-06,2.699442247460353,0.04349006738801986,0.14075463115734846,7.847599703514607e-07,3.559208728941508
strong_low_noise,60,86,0.0001274274985703132,0.5766847545744757,0.05555377614924528,0.051550823391303374,0.00020691380811147902,3.7109238931233337
strong_low_noise,60,87,8.858667904100815e-08,15.87202625716904,0.08105371685788909,0.19218321224022342,2.06913808111479e-06,3.4247249439889265
strong_low_noise,60,88,1e-06,4.693090938632312,0.09314455175142888,0.11492789861545467,0.01,3.4213394398105303
strong_low_noise,60,89,0.01,0.012398098108838518,0.057578026717191366,0.10301689925377759,8.858667904100815e-06,3.29736643535862
strong_low_noise,60,90,2.976351441631313e-05,1.309328817351972,0.06295338558207231,0.03188898650820463,1e-06,3.5696460298997446
strong_low_noise,60,91,8.858667904100815e-06,2.0582899358901194,0.040872168293021316,0.13290305857522422,7.847599703514607e-07,3.544293033266125
strong_low_noise,60,92,1.2742749857031322e-06,4.425663481810378,0.0290108101064519,0.20253095606092045,2.6366508987303555e-06,3.595613023065137
strong_low_noise,60,93,3.3598182862837814e-08,24.47336260814042,0.29451266714431745,0.1699863051082558,4.281332398719387e-06,3.2980726384449257
strong_low_noise,60,94,1.438449888287663e-07,12.9813607331554,0.07636904379270626,0.2160257053996056,2.06913808111479e-06,3.5788475832872226
strong_low_noise,60,95,0.01,0.01054760997560798,0.05777094408678418,-0.02611708345571718,3.792690190732246e-07,3.5409157561098814
strong_low_noise,60,96,0.00016237767391887175,0.5161917499757607,0.06334936023870807,-0.0376076722769222,0.01,3.50797322079712
strong_low_noise,60,97,1.1288378916846883e-07,14.91054872834595,0.0975161811281482,0.1982351773515943,3.359818286283781e-06,3.6132009782342616
strong_low_noise,60,98,6.951927961775606e-06,2.2127122556194316,0.1629311356738381,-0.06413238875617731,0.01,3.5048160360094136
strong_low_noise,60,99,6.158482110660254e-07,5.965961623221976,0.024378231696554176,0.224735965679149,2.06913808111479e-06,3.4434788107937377
strong_low_noise,60,100,1.438449888287663e-07,12.659411992661553,0.06599890066398029,0.12454963698552679,7.847599703514607e-07,3.4085882667421745
strong_low_noise,60,101,2.06913808111479e-06,3.5769701064123827,0.028249199330766195,0.17573472580381647,1.2742749857031322e-06,3.5769701064123827
strong_low_noise,60,102,0.00042813323987193956,0.2418194361668343,0.055211145324390976,0.060225115818158086,7.847599703514607e-07,3.5849636177103834
strong_low_noise,60,103,7.847599703514607e-07,5.179691873133548,0.10045604339070424,0.20708062219792964,0.00020691380811147902,3.378473365245275
strong_low_noise,60,104,2.335721469090121e-09,51.02198202932096,0.793933789642034,0.10030254249333413,4.8329302385717524e-05,3.5142157489101913
strong_low_noise,60,105,1.2742749857031322e-06,4.178530874820906,0.061153835719220284,0.1835029501031253,2.3357214690901213e-05,3.4270378645276236
strong_low_noise,60,106,0.0001,0.6812781523359646,0.059194501675234434,0.038283423875908135,0.00042813323987193956,3.356311530737449
strong_low_noise,60,107,2.6366508987303555e-06,3.076291742087587,0.0886027736511823,-0.02152885773403187,0.00020691380811147902,3.3896344436575214
strong_low_noise,60,108,3.359818286283781e-06,2.8647565391317595,0.043755337141790585,0.14612773437020127,1.2742749857031322e-06,3.470011272586138
strong_low_noise,60,109,1.2742749857031322e-06,4.236224317072363,0.046246134075485834,0.22702666511867675,5.455594781168514e-06,3.454878883997597
strong_low_noise,60,110,0.01,0.009613031736781269,0.05753340946802055,0.04661075529675868,0.0003359818286283774,3.298604857494443
strong_low_noise,60,111,0.01,0.009605801482897572,0.05766446949755111,0.05591471435627396,1e-06,3.4164130682218454
strong_low_noise,60,112,6.158482110660254e-07,5.861522177945261,0.13075197813339523,0.09350407791680725,0.00020691380811147902,3.401282933801591
strong_low_noise,60,113,1e-08,38.63667909507022,0.9196756706001563,-0.08924934147745688,0.01,3.5447679219299255
strong_low_noise,60,114,1.2742749857031322e-06,4.413179970260212,0.008550771260963597,0.22831433155228065,1.6237767391887209e-06,3.5653291359484616
strong_low_noise,60,115,8.858667904100815e-08,16.06624679011542,0.14077578484954123,0.042288326877720175,1.2742749857031322e-06,3.4464964671939144
strong_low_noise,60,116,0.01,0.012509368577330732,0.05775844539676234,-0.016763514244627412,7.847599703514607e-07,3.5192072956076546
strong_low_noise,60,117,6.951927961775605e-08,18.471428147035873,0.09090124618618267,0.16189578039501734,3.359818286283781e-06,3.4914384946712977
strong_low_noise,60,118,2.3357214690901212e-07,9.45733006962672,0.10283338757127325,0.1719562271762642,0.00026366508987303556,3.3512142586212423
strong_low_noise,60,119,4.281332398719387e-06,2.643253526156348,0.05197546056001945,0.14044807011067698,6.951927961775606e-06,3.5020491280180073
strong_low_noise,60,120,3.359818286283781e-06,2.949677063510327,0.022330998453546025,0.19876583013577676,1.6237767391887209e-06,3.567504332711442
strong_low_noise,60,121,0.0001274274985703132,0.5776097620515663,0.05854220302797697,0.01074573888196559,0.01,3.5409620276028253
strong_low_noise,60,122,7.847599703514607e-07,5.359493782902231,0.03201828190472522,0.21056894002337148,8.858667904100815e-06,3.499075329285741
strong_low_noise,60,123,4.281332398719396e-08,22.938002935228617,0.2833992840364059,0.02320192544161303,6.951927961775606e-06,3.4508576720591817
strong_low_noise,60,124,4.281332398719396e-08,22.117804611599823,0.2060951578708783,0.1986530040841708,1.1288378916846883e-05,3.3148322766229947
strong_low_noise,60,125,0.01,0.010723758438651709,0.057651523105284874,0.11155428762183882,1e-06,3.3935934600464583
strong_low_noise,60,126,0.01,0.011642445382764884,0.05762534116472717,0.10057413393278967,1.6237767391887209e-06,3.491021262230012
strong_low_noise,60,127,4.832930238571752e-07,6.861100882829144,0.13303148801163345,0.1293209672513237,0.0003359818286283774,3.525757111130696
strong_low_noise,60,128,2.06913808111479e-06,3.6049281495524887,0.030069478699130903,0.17294074836794124,1e-06,3.6049281495524887
strong_low_noise,60,129,1.43844988828766e-05,1.6352996252844163,0.08200367082601678,0.06980005795409144,0.0003359818286283774,3.4090444289390236
strong_low_noise,60,130,0.01,0.00904032702489057,0.05773512556081739,-0.1245407893944799,0.01,3.3594374062328116
strong_low_noise,60,131,3.3598182862837814e-08,24.786715938434902,0.15813155856813998,0.14998029397814897,1e-06,3.4288348320262303
strong_low_noise,60,132,6.951927961775605e-08,17.549383601047676,0.12010694893358376,0.14497508439704637,1.2742749857031322e-06,3.3494204325468004
strong_low_noise,60,133,1.8329807108324338e-07,11.060659299151022,0.09870445301222386,0.22317680222642275,2.6366508987303555e-06,3.4575619226017933
strong_low_noise,60,134,0.01,0.01071631069742966,0.057546288650291655,0.042508083164937045,0.00042813323987193956,3.635627050900508
strong_low_noise,60,135,7.847599703514607e-07,5.1007080797839395,0.00438892327358309,0.23805186953079588,1.2742749857031322e-06,3.3314230213928644
strong_low_noise,60,136,1e-06,4.710538708990452,0.059991582315590986,0.19852360300430807,0.00026366508987303556,3.4641077398347035
strong_low_noise,60,137,7.847599703514606e-05,0.6884396486560246,0.061200072848083265,-0.028520448603950976,0.01,3.546910608522001
strong_low_noise,60,138,0.01,0.010982548149744848,0.0576604477153998,0.19767935479836932,1e-06,3.6930312708982025
strong_low_noise,60,139,0.01,0.010801810879918515,0.05765902314108917,0.13477177109483893,1.2742749857031322e-06,3.5318930707119924
strong_low_noise,60,140,0.01,0.01034733820740685,0.05758272705408585,0.0959987157307405,1e-06,3.586028052422827
strong_low_noise,60,141,0.01,0.015186922918559673,0.05766737003668798,0.04926425002910361,6.158482110660254e-07,3.5767832867523364
strong_low_noise,60,142,0.01,0.011289312019515007,0.057734466267777895,-0.021246065839993965,7.847599703514607e-07,3.4534629499053344
strong_low_noise,60,143,1.8329807108324338e-05,1.5286222495622765,0.0441684053974567,0.11717699106905137,1.8329807108324338e-05,3.4719096292156144
strong_low_noise,60,144,6.951927961775605e-08,18.437164807002738,0.13809730187966784,0.11233909867318805,1.2742749857031322e-06,3.588287705007903
strong_low_noise,60,145,2.06913808111479e-06,3.531672438610002,0.002740778268371047,0.24126645555700713,1.6237767391887209e-06,3.531672438610002
strong_low_noise,60,146,8.858667904100815e-08,16.426632055686277,0.09936784644980556,0.20330224014900553,1.2742749857031322e-06,3.5286900296053956
strong_low_noise,60,147,1.6237767391887209e-06,3.955864849421771,0.03700052667433207,0.1767409765460038,6.158482110660254e-07,3.5712373697375472
strong_low_noise,60,148,1.1288378916846883e-05,1.7090410836102712,0.08328063383116313,-0.006131901057380141,0.0003359818286283774,3.3966529996043
strong_low_noise,60,149,0.01,0.011405993543175112,0.05749663164196228,0.08145302299400994,2.06913808111479e-06,3.5626063988041716
strong_low_noise,60,150,6.158482110660254e-07,6.011242281695264,0.020149505641991805,0.20126767768291337,1.2742749857031322e-06,3.5061035183488682
strong_low_noise,60,151,1.43844988828766e-05,1.6062399387929083,0.07812447386621768,0.040756138933135636,0.0003359818286283774,3.3761226701725082
strong_low_noise,60,152,3.359818286283781e-06,2.875406544504587,0.0804882941374816,0.1352242897423209,0.00042813323987193956,3.4882164970437204
strong_low_noise,60,153,4.281332398719387e-06,2.7003445893240032,0.011811437606544906,0.22003877447892775,3.359818286283781e-06,3.606767734203153
strong_low_noise,60,154,5.4555947811685146e-08,20.406013575667345,0.11087547755235128,0.16958928477626653,7.847599703514607e-07,3.4298566517856846
strong_low_noise,60,155,2.06913808111479e-06,3.5184870144496454,0.025596186002977417,0.18230416067481206,1e-06,3.5184870144496454
strong_low_noise,60,156,2.976351441631313e-07,8.040503783677318,0.12961714960845128,0.15352227574964877,0.01,3.2363191268292146
strong_low_noise,60,157,1.2742749857031322e-06,4.372828847377327,0.05219726117853407,0.1741454419162688,1.8329807108324338e-05,3.5543308406398664
strong_low_noise,60,158,5.4555947811685146e-08,20.203682059888877,0.2653479920829047,0.15883053376844358,1.2742749857031322e-06,3.423428086639868
strong_low_noise,60,159,0.01,0.012583401256591051,0.05772365100069643,-0.026273106886139475,1.2742749857031322e-06,3.5575025999431396
strong_low_noise,60,160,0.01,0.011807853013742573,0.057712754701230384,-0.0067323631409884135,7.847599703514607e-07,3.3302934788202916
strong_low_noise,60,161,0.01,0.007936081670965855,0.05781138272978548,-0.029723893123392627,0.01,3.3569416454717187
strong_low_noise,60,162,1.6237767391887209e-06,3.947991275765559,0.032682578076032365,0.16390009736000802,1.2742749857031322e-06,3.5710437645801947
strong_low_noise,60,163,1.2742749857031322e-06,4.417122014261227,0.028604106664667506,0.18324217665076462,6.158482110660254e-07,3.601899095986937
strong_low_noise,60,164,1.8329807108324338e-05,1.5872574932813572,0.08960480866390741,0.06156998204131255,0.0005455594781168515,3.4924788071620467
strong_low_noise,60,165,6.951927961775605e-08,18.354205163081122,0.21503455230259516,0.11702470127902033,0.01,3.524568042211465
strong_low_noise,60,166,6.158482110660254e-07,6.038750499763606,0.0384513419337823,0.17003630875551481,2.6366508987303555e-06,3.48873138247929
strong_low_noise,60,167,4.8329302385717524e-05,1.0223023418295711,0.062152873386075,0.05354728687078883,1.2742749857031322e-06,3.6117300004119457
strong_low_noise,60,168,6.158482110660254e-07,6.125951028939291,0.060549815225486414,0.22897390093391803,3.359818286283781e-06,3.567558304054816
strong_low_noise,60,169,1.6237767391887209e-06,3.7647856787128218,0.02528948514393059,0.1895986509950887,1e-06,3.404849150318506
strong_low_noise,60,170,0.01,0.013944386220005978,0.057604632960177704,0.145712686586974,1e-06,3.4117359508931946
strong_low_noise,60,171,2.3357214690901212e-07,10.42445520678276,0.14077091850873602,0.20321100121744984,0.00020691380811147902,3.6359890157296375
strong_low_noise,60,172,4.8329302385717524e-05,1.0263543793918253,0.052117309241549226,0.08049881486477994,1.2742749857031322e-06,3.6153988908942334
strong_low_noise,60,173,0.01,0.010644628458756866,0.057631246769618394,0.04753174397690197,3.359818286283781e-06,3.6828923955134445
strong_low_noise,60,174,8.858667904100815e-06,2.0226648741488895,0.038653975253635675,0.15714540605796562,4.281332398719387e-06,3.5241367617707744
strong_low_noise,60,175,0.00016237767391887175,0.4463169834470988,0.054912549037241076,0.07718333545487223,1e-06,3.5723561520202813
strong_low_noise,60,176,6.951927961775605e-08,18.07826781494826,0.20021064582631354,0.1022984957283601,0.01,3.4136517797883696
strong_low_noise,60,177,2.3357214690901212e-07,10.054252927074586,0.057143737999405975,0.16565801093640076,1.6237767391887209e-06,3.524137627099893
strong_low_noise,60,178,0.01,0.010832491679509223,0.057607102248242725,0.09605278602932832,1e-06,3.483203481392769
strong_low_noise,60,179,1.6237767391887209e-06,3.936026766564078,0.03674504815560309,0.15075861553069192,6.158482110660254e-07,3.5616920995361117
strong_low_noise,60,180,4.281332398719396e-08,22.475873670536547,0.26207330067975887,0.09174367344358579,0.00042813323987193956,3.452444928656486
strong_low_noise,60,181,5.4555947811685146e-08,21.087203494692993,0.22920305337871372,0.12755851475097651,0.0003359818286283774,3.658591348071769
strong_low_noise,60,182,1.8329807108324338e-05,1.5419848379163525,0.08100677255922006,0.08021364640894083,0.00042813323987193956,3.4019596406779415
strong_low_noise,60,183,6.158482110660255e-05,0.8868684294959213,0.05764085101499905,0.0406831149556248,6.158482110660254e-07,3.481707353291652
strong_low_noise,60,184,0.01,0.011114894801939803,0.05768418378347984,0.035206870127770955,2.6366508987303555e-06,3.4890321357443743
strong_low_noise,60,185,0.01,0.014322528016710174,0.05751878611959904,0.07222581907883142,1e-06,3.690310269101129
strong_low_noise,60,186,3.359818286283781e-06,2.9079895706758387,0.00991986857599847,0.22843722876467693,1.2742749857031322e-06,3.5292805841144212
strong_low_noise,60,187,0.01,0.010653820154360595,0.057564150395073344,0.09538471209190888,2.06913808111479e-06,3.638645640906018
strong_low_noise,60,188,0.0001,0.6641749239519118,0.0671886000573596,-0.03492625664741343,0.01,3.472365365835626
strong_low_noise,60,189,1e-06,4.6754667714319815,0.026262168610589165,0.21537971364212755,1.6237767391887209e-06,3.463654069048808
strong_low_noise,60,190,6.951927961775606e-06,2.319093484599007,0.0203529336092646,0.23725887228961895,1e-06,3.6554369104636044
strong_low_noise,60,191,0.01,0.013534476998485628,0.05740523473686232,0.08739337347946848,1.8329807108324338e-05,3.6892106019057853
strong_low_noise,60,192,1.8329807108324338e-07,11.616732122131447,0.04512222741378802,0.20486300428218146,2.06913808111479e-06,3.5623951881493885
strong_low_noise,60,193,0.01,0.013708616318890091,0.057769152455057426,-0.03157627256735764,3.792690190732246e-07,3.5999645427205897
strong_low_noise,60,194,2.06913808111479e-06,3.5963352989902995,0.025569652384794583,0.20318021929019742,2.6366508987303555e-06,3.5963352989902995
strong_low_noise,60,195,2.6366508987303555e-06,3.3114688888769757,0.022061574475742307,0.19228023064215982,1e-06,3.6485381752179653
strong_low_noise,60,196,0.0008858667904100832,0.11687809794774214,0.058728097075884556,-0.0831845941099959,0.01,3.552544383899741
strong_low_noise,60,197,2.6366508987303555e-08,28.153561648583178,0.2193813426838962,0.15139777304128768,1.6237767391887209e-06,3.6174054080017264
strong_low_noise,60,198,0.01,0.013914794129286572,0.05762294040620086,0.10922829486071026,1.6237767391887209e-06,3.4180574928005476
strong_low_noise,60,199,0.01,0.007519260266791325,0.057596896442934864,0.08130448366759889,7.847599703514607e-07,3.3481185071893504
strong_low_noise,90,0,3.792690190732246e-07,8.079966481787357,0.051664016753395825,0.1852807310530372,1.2742749857031322e-06,4.41637972333213
strong_low_noise,90,1,0.01,0.014079654486114049,0.0576623487475848,0.10117697749802496,6.158482110660254e-07,4.413948371639966
strong_low_noise,90,2,0.01,0.011983978358416551,0.057638010820868835,0.11906483567224818,1e-06,4.263035713089
strong_low_noise,90,3,1.6237767391887209e-06,4.008084221188887,0.02008388313334253,0.21183006739444335,2.6366508987303555e-06,4.466631487293709
strong_low_noise,90,4,6.951927961775605e-08,19.873807195012667,0.11965472563915003,0.036627230922473976,1.2742749857031322e-06,4.395871442036857
strong_low_noise,90,5,1.623776739188721e-08,38.58871348836581,0.28292844777258463,0.07643397562449765,1.6237767391887209e-06,4.419823294356931
strong_low_noise,90,6,3.359818286283781e-06,2.9282200823879503,0.038042241583173375,0.1609908032421899,1e-06,4.40894343209206
strong_low_noise,90,7,2.06913808111479e-06,3.634692675907816,0.0015630535056467831,0.24416197184538596,1.6237767391887209e-06,4.480086565756909
strong_low_noise,90,8,2.976351441631313e-05,1.3425981397222615,0.04495245185123342,0.12439482461924976,1.43844988828766e-05,4.568290777855326
strong_low_noise,90,9,0.01,0.01285394042229707,0.05767497634231855,0.07116304752297178,7.847599703514607e-07,4.388215649268054
strong_low_noise,90,10,4.832930238571752e-07,7.5169843884307355,0.017218191029242935,0.2068010413228546,1e-06,4.680594560107818
strong_low_noise,90,11,2.6366508987303555e-06,3.307628298075298,0.044381589616636075,0.12198904679300585,1e-06,4.515795039008706
strong_low_noise,90,12,2.3357214690901213e-05,1.3647740570759441,0.07592827370642397,0.018105067501255154,4.832930238571752e-07,4.346628568040054
strong_low_noise,90,13,0.01,0.010257789717723148,0.05772905597611633,-0.039606791500107465,0.01,4.441286398612588
strong_low_noise,90,14,6.951927961775605e-08,20.74276843385819,0.1318870351890189,0.14669868743380227,2.06913808111479e-06,4.586835440611777
strong_low_noise,90,15,0.01,0.010722152541646759,0.05759427004265005,0.0723118813230795,1e-06,4.425055075298729
strong_low_noise,90,16,1.623776739188721e-08,38.59826126660978,0.368842122267363,0.05425284013460561,1.2742749857031322e-06,4.413859615228608
strong_low_noise,90,17,5.455594781168514e-06,2.42565600970558,0.043513646042643295,0.12173508987883877,1e-06,4.389735926000844
strong_low_noise,90,18,1.274274985703132e-08,42.93582803688968,0.32371628609208547,0.13938403915008918,1.8329807108324338e-05,4.536515829514049
strong_low_noise,90,19,4.281332398719396e-08,25.4780689356729,0.273202549527896,-0.03491902205788895,2.06913808111479e-06,4.4008746505865055
strong_low_noise,90,20,0.01,0.013396145190694427,0.05771633032062806,-0.0016361587356566942,1.8329807108324338e-05,4.479198207159808
strong_low_noise,90,21,3.792690190732246e-07,8.08422686949985,0.011797759584105671,0.21937554000400408,1e-06,4.411232477490915
strong_low_noise,90,22,1e-06,4.969105869880782,0.035963396773413314,0.15092122796276505,1e-06,4.44615527787093
strong_low_noise,90,23,0.01,0.012316292160012121,0.057593967366877497,0.1129489552192857,2.6366508987303555e-06,4.471510851947564
strong_low_noise,90,24,2.3357214690901212e-07,10.261213489105156,0.029677617900225717,0.19432764997373325,1e-06,4.301074879212604
strong_low_noise,90,25,0.01,0.010899250463938462,0.057698409385194216,0.006416154996445386,0.00042813323987193956,4.476480973134034
strong_low_noise,90,26,2.6366508987303555e-08,31.15270007540451,0.13337697459542608,0.1495204405759556,1e-06,4.256902731565126
strong_low_noise,90,27,2.3357214690901212e-07,10.372389937407748,0.04852477315082959,0.1967656027206797,1.6237767391887209e-06,4.346636350052466
strong_low_noise,90,28,1.1288378916846883e-07,15.473905717324707,0.07057320247837406,0.20894178201057917,2.06913808111479e-06,4.350295613553502
strong_low_noise,90,29,0.01,0.014093712817554244,0.05776315280261346,-0.031004922647678155,7.847599703514607e-07,4.494869105557147
strong_low_noise,90,30,2.976351441631313e-07,8.698147613628226,0.0539257389164004,0.21819757140810928,1.2742749857031322e-06,4.148730460540785
strong_low_noise,90,31,1.43844988828766e-05,1.6536325485618817,0.04400388040458969,0.14982542390054526,2.976351441631313e-05,4.347945379199894
strong_low_noise,90,32,0.0003359818286283774,0.33464895179247683,0.062037657778742705,-0.036747561762867885,0.01,4.4663742133553805
strong_low_noise,90,33,1.1288378916846883e-05,1.8901321313917727,0.0380339610142556,0.16872665989269828,6.158482110660254e-07,4.3622363299454125
strong_low_noise,90,34,2.976351441631313e-07,9.359880633623513,0.023110081535913096,0.21660829865945505,1.2742749857031322e-06,4.457030395748978
strong_low_noise,90,35,1.2742749857031322e-06,4.330666386358741,0.007876897332034671,0.22918691412928915,7.847599703514607e-07,4.330666386358741
strong_low_noise,90,36,1.1288378916846883e-05,1.8311636079250917,0.05004073845248247,0.1391472909479345,3.792690190732246e-05,4.280089463331007
strong_low_noise,90,37,1.438449888287663e-07,13.255370060041356,0.058357791402580794,0.12989809843878486,7.847599703514607e-07,4.257497597948252
strong_low_noise,90,38,8.858667904100815e-06,1.9858709141793,0.03661199023602846,0.17066685050177596,7.847599703514607e-07,4.376798460060167
strong_low_noise,90,39,4.281332398719396e-08,24.621189831761598,0.10500854683765648,0.09878274382858222,7.847599703514607e-07,4.259636209425604
strong_low_noise,90,40,1.6237767391887209e-06,3.972057565681043,0.025376552626311222,0.21928470205831663,4.281332398719387e-06,4.411601724856905
strong_low_noise,90,41,2.06913808111479e-06,3.545966927152856,0.0838436461617873,0.10509744712347295,0.01,4.334528736330213
strong_low_noise,90,42,1.6237767391887209e-06,3.7583923564479083,0.09129304545664407,0.13270157394183174,3.792690190732246e-05,4.17863846338262
strong_low_noise,90,43,6.951927961775606e-06,2.3375806061116826,0.02603962106188562,0.1813925614119544,1.6237767391887209e-06,4.56692474798039
strong_low_noise,90,44,0.01,0.011726026002811285,0.05774739727328204,-0.020768149586654266,1.2742749857031322e-06,4.3844132322463665
strong_low_noise,90,45,5.4555947811685146e-08,22.583205948994255,0.15300776340941358,0.17533530487477336,2.06913808111479e-06,4.411389910256747
strong_low_noise,90,46,1.438449888287663e-07,13.415913149464837,0.043916825655919145,0.2215461179364554,1.6237767391887209e-06,4.306684772143316
strong_low_noise,90,47,7.847599703514607e-07,5.613093582443102,0.010743663499998668,0.24126732598341025,1.6237767391887209e-06,4.461819973198298
strong_low_noise,90,48,2.6366508987303555e-08,30.845299243365908,0.21957317015148936,0.08635929374616913,6.158482110660254e-07,4.178109411255804
strong_low_noise,90,49,0.01,0.011933811191369608,0.05763676488739766,0.12740789389786342,2.06913808111479e-06,4.262756673224066
strong_low_noise,90,50,1.2742749857031322e-06,4.271289571463529,0.015155023226393616,0.2189888496836456,2.06913808111479e-06,4.271289571463529
strong_low_noise,90,51,0.0001,0.6232716301265409,0.05007086841180408,0.10003276777746622,1.2742749857031322e-06,4.284780812828801
strong_low_noise,90,52,3.792690190732246e-07,8.288223150356197,0.04280537386006367,0.18867550716019846,1e-06,4.4917102621031875
strong_low_noise,90,53,1.1288378916846883e-07,15.716705940989918,0.08466827672738186,0.16184148420018904,1.6237767391887209e-06,4.394869172866081
strong_low_noise,90,54,3.792690190732246e-05,1.073298629103665,0.0555072366887035,0.05847024807223795,1e-06,4.367659216547057
strong_low_noise,90,55,4.281332398719387e-06,2.620312080868743,0.02790571376576323,0.1850202525190995,1.6237767391887209e-06,4.328496233018982
strong_low_noise,90,56,4.281332398719387e-06,2.7785131468696767,0.027478799479702443,0.18339574398435127,2.06913808111479e-06,4.55426271269851
strong_low_noise,90,57,3.792690190732246e-07,7.994733026364546,0.050829368402422914,0.1671953963975242,1e-06,4.375019705822199
strong_low_noise,90,58,1.438449888287663e-07,13.760824438810108,0.05467103110861227,0.19803934189712144,1.6237767391887209e-06,4.455733666664517
strong_low_noise,90,59,1.8329807108324338e-07,11.014603117797556,0.03489250860494886,0.1764099489299858,6.158482110660254e-07,4.044623255393074
strong_low_noise,90,60,1.6237767391887209e-06,3.79807922701079,0.09787192301650083,-0.01403149643482859,0.01,4.227007620223911
strong_low_noise,90,61,1.6237767391887209e-06,3.995809663877171,0.020740954607817774,0.19721139957644312,7.847599703514607e-07,4.449676325481849
strong_low_noise,90,62,8.858667904100815e-08,17.62092414605027,0.1308919934923165,0.11939168800777487,2.06913808111479e-06,4.4001313999827225
strong_low_noise,90,63,6.951927961775605e-08,19.808926795070565,0.07986530895957555,0.13069809915522976,1.2742749857031322e-06,4.3449042650222935
strong_low_noise,90,64,4.832930238571752e-07,7.5415320468330105,0.082593486583171,0.12096543566598471,0.01,4.6584876408866345
strong_low_noise,90,65,0.0001,0.6818338399596389,0.05473708999862026,0.08216267568226679,1.2742749857031322e-06,4.30614993914722
strong_low_noise,90,66,1.6237767391887209e-06,4.038760589665536,0.03158600891193797,0.16421947557372357,1.6237767391887209e-06,4.497307296353578
strong_low_noise,90,67,0.00042813323987193956,0.26187183875270553,0.05642431313731322,0.044646063600264796,7.847599703514607e-07,4.361717393088584
strong_low_noise,90,68,2.3357214690901212e-07,10.168090519886755,0.06673998907022294,0.20820962357684125,3.359818286283781e-06,4.270613259210791
strong_low_noise,90,69,0.01,0.013247032733385414,0.05759368771957618,0.12637903670734182,1e-06,4.477904388210928
strong_low_noise,90,70,3.359818286283781e-06,2.9433245398360004,0.024473316147647806,0.18684422056208258,6.158482110660254e-07,4.397845262332468
strong_low_noise,90,71,6.158482110660254e-07,6.299140238961235,0.03682971746685659,0.17003121791427803,1.6237767391887209e-06,4.414938461282626
strong_low_noise,90,72,2.3357214690901212e-07,10.483632911380603,0.03635448213347392,0.1529327832392269,1e-06,4.356717147520773
strong_low_noise,90,73,2.3357214690901213e-05,1.356187282557186,0.051581655121859304,0.08835142787185217,2.06913808111479e-06,4.398137030795192
strong_low_noise,90,74,2.976351441631313e-07,8.981241978583483,0.08139511577958625,0.12133267276798117,2.3357214690901213e-05,4.287525263999433
strong_low_noise,90,75,4.281332398719387e-06,2.6382727068471157,0.08577970028875503,0.1058609952850341,0.00042813323987193956,4.386972250083978
strong_low_noise,90,76,0.01,0.010800906368652169,0.0576550827165353,0.09722282524654142,1e-06,4.252557787901068
strong_low_noise,90,77,3.792690190732246e-07,8.290069534796421,0.07120058564986542,0.1307247902974951,0.01,4.50937828170432
strong_low_noise,90,78,2.06913808111479e-06,3.448488803323653,0.015846723617710334,0.20943655451260731,1.6237767391887209e-06,4.256294241103351
strong_low_noise,90,79,0.01,0.016280282990456533,0.05763566800272979,0.14932701316222693,6.158482110660254e-07,4.452514151272992
strong_low_noise,90,80,8.858667904100815e-06,2.010925697024367,0.03926231547906045,0.1396190419832342,1.1288378916846883e-05,4.298666743053434
strong_low_noise,90,81,0.01,0.01350232674094477,0.057749224135275945,-0.027383689283418434,2.06913808111479e-06,4.316924192836577
strong_low_noise,90,82,0.01,0.009904527634370337,0.0576512854948078,0.06774211320223468,7.847599703514607e-07,4.328490236971092
strong_low_noise,90,83,1.2742749857031322e-06,4.471710653916581,0.024582768828508295,0.21288046322870066,7.847599703514607e-07,4.471710653916581
strong_low_noise,90,84,8.858667904100815e-08,17.53224092980372,0.1568141636721685,0.12580142481060785,0.0006951927961775591,4.307275007737443
strong_low_noise,90,85,0.01,0.013977054631095939,0.05764361511034255,0.07863732852144076,1e-06,4.472750666368036
strong_low_noise,90,86,0.0001274274985703132,0.59590824426297,0.05338618149602359,0.06596309041265627,7.847599703514606e-05,4.607456262664702
strong_low_noise,90,87,4.8329302385717524e-05,0.9283949139308513,0.046822788173984664,0.10667883739409725,1.2742749857031322e-06,4.279040059859473
strong_low_noise,90,88,0.01,0.010369127350870965,0.05776352202684687,-0.020796263214340457,1e-06,4.193635840968773
strong_low_noise,90,89,4.832930238571752e-07,6.764085523491035,0.05423300329090408,0.1437107456316127,1.1288378916846883e-05,4.193925489423268
strong_low_noise,90,90,2.06913808111479e-06,3.596444042242141,0.02498056254380643,0.18434976551207466,1e-06,4.4239379727277095
strong_low_noise,90,91,0.0008858667904100832,0.13012985919625586,0.05658087787957777,0.0712605335109447,1e-06,4.527834340270422
strong_low_noise,90,92,1e-08,45.812650366861014,0.2916382100351633,0.10006347718555904,1e-06,4.481773182709677
strong_low_noise,90,93,3.359818286283781e-06,2.828531649633418,0.011107729636676722,0.22152521540978026,2.06913808111479e-06,4.220198331145062
strong_low_noise,90,94,4.281332398719387e-06,2.7974444239577845,0.012042991097187428,0.22597287291144966,1.2742749857031322e-06,4.592900493425603
strong_low_noise,90,95,2.0691380811147902e-08,35.29549129896609,0.1957901062354268,0.09686131986395,6.158482110660254e-07,4.397799167609028
strong_low_noise,90,96,2.06913808111479e-06,3.660440388148277,0.07420202574139267,0.06886443487631919,0.01,4.511456284030438
strong_low_noise,90,97,1.2742749857031322e-06,4.405449528760437,0.0053753283060467005,0.2355600004601147,1.6237767391887209e-06,4.405449528760437
strong_low_noise,90,98,0.01,0.013009943292476399,0.05777334648358834,-0.08301040740441756,0.01,4.451849208605576
strong_low_noise,90,99,4.832930238571752e-07,6.8155480886073025,0.03879840048303118,0.23230384014538555,2.6366508987303555e-06,4.241609565151514
strong_low_noise,90,100,0.01,0.011779739672305488,0.057705990561265685,0.016663138122820057,3.792690190732246e-07,4.273553427578411
strong_low_noise,90,101,1.8329807108324338e-07,12.137942997056811,0.03509171616280715,0.1811083263013106,1e-06,4.480915449720203
strong_low_noise,90,102,2.06913808111479e-06,3.577851623439115,0.02957746343994161,0.17522888628241692,6.158482110660254e-07,4.399431651106669
strong_low_noise,90,103,8.858667904100815e-06,1.963135483748831,0.035413451568444665,0.1650028051433593,3.359818286283781e-06,4.283091421691493
strong_low_noise,90,104,1.8329807108324338e-05,1.4938954728305125,0.037890756179977836,0.15105742896263094,2.976351441631313e-05,4.412762037058917
strong_low_noise,90,105,8.858667904100815e-08,17.514596019808565,0.12538545485907138,0.14179330754315936,1.43844988828766e-05,4.34617592076538
strong_low_noise,90,106,0.00016237767391887175,0.4877443874396106,0.055557500511692615,0.05047526591162933,4.832930238571752e-07,4.365724070116361
strong_low_noise,90,107,6.951927961775606e-06,2.172466735635747,0.05307615528453291,0.09432469589853114,8.858667904100815e-06,4.273754674457284
strong_low_noise,90,108,0.01,0.011203412135584666,0.05768615490288398,0.012495851463986263,1.6237767391887209e-06,4.461998050893409
strong_low_noise,90,109,2.6366508987303555e-06,3.1269165918897066,0.021393941361903757,0.2157190876105918,3.359818286283781e-06,4.249071770280622
strong_low_noise,90,110,0.00020691380811147902,0.375726103170575,0.05530377142248499,0.049207228581281404,1.2742749857031322e-06,4.199749849179901
strong_low_noise,90,111,0.01,0.010919165644931454,0.057637214849772356,0.11397246120878785,7.847599703514607e-07,4.283026594431073
strong_low_noise,90,112,0.01,0.00982417707298952,0.057622354372147466,0.08959367147557054,2.6366508987303555e-06,4.227008336442555
strong_low_noise,90,113,2.976351441631313e-07,9.03721480733063,0.08476211755701124,0.0391016314272938,0.01,4.349440132229626
strong_low_noise,90,114,1.6237767391887209e-06,4.018075385950903,0.01355513281507259,0.22020403979240655,1.2742749857031322e-06,4.48158199202694
strong_low_noise,90,115,2.6366508987303555e-06,3.1572797258735505,0.02808559002836908,0.182499116017921,1e-06,4.2798939275625525
strong_low_noise,90,116,0.01,0.011103069166410143,0.057744316903711734,-0.026020211069714968,1e-06,4.301955172357186
strong_low_noise,90,117,2.976351441631313e-07,9.010646801914667,0.0535338529311411,0.20345212356330852,2.6366508987303555e-06,4.303699409761411
strong_low_noise,90,118,1.2742749857031322e-06,4.165941286058152,0.06178175864744784,0.18417156410859517,0.0001274274985703132,4.165941286058152
strong_low_noise,90,119,0.01,0.01002843798225883,0.057664789250759574,0.06455893070450168,6.158482110660254e-07,4.34240245302788
strong_low_noise,90,120,0.01,0.011180249750592279,0.057603171023086985,0.1558341900357304,1.2742749857031322e-06,4.549118449258485
strong_low_noise,90,121,6.951927961775605e-08,20.534736440243908,0.09692908045421289,0.11185488869138135,7.847599703514607e-07,4.444645567758083
strong_low_noise,90,122,2.6366508987303555e-06,3.1941679808718826,0.018428958915640004,0.2115976403503257,2.6366508987303555e-06,4.336670120509223
strong_low_noise,90,123,4.281332398719387e-06,2.63348407880043,0.033124490109319726,0.16551358110195133,1e-06,4.296337205930266
strong_low_noise,90,124,5.455594781168514e-06,2.411783364143158,0.030789863463449474,0.17038471720195558,7.847599703514607e-07,4.340034179734411
strong_low_noise,90,125,2.3357214690901212e-07,10.055635335376278,0.047464821002582536,0.1720236882158826,1.2742749857031322e-06,4.226192330940682
strong_low_noise,90,126,1e-06,4.89887622836838,0.016956566020641883,0.2150306480836799,1e-06,4.373900451944467
strong_low_noise,90,127,0.01,0.010385394535725807,0.057430999154919116,0.08497340221047962,4.8329302385717524e-05,4.3698905556385315
strong_low_noise,90,128,4.832930238571752e-09,57.09925784890022,0.4965641485857073,0.07850101130867682,1e-06,4.397987819101936
strong_low_noise,90,129,0.00143844988828766,0.06412113681326151,0.05651999197265989,0.05613215429499074,6.158482110660254e-07,4.357927408502596
strong_low_noise,90,130,1.2742749857031322e-06,4.2157306105193175,0.061502723304474705,0.05579471961461052,0.01,4.2157306105193175
strong_low_noise,90,131,7.847599703514607e-07,5.395128358182285,0.005732470817406021,0.2393447613175548,1.6237767391887209e-06,4.296911958367675
strong_low_noise,90,132,0.01,0.00950366646194435,0.05759582915253758,0.1236932912446666,1e-06,4.18323423453135
strong_low_noise,90,133,8.858667904100815e-06,1.9935576004059183,0.02906900296318915,0.17437426793688068,1.6237767391887209e-06,4.289046770778715
strong_low_noise,90,134,1.6237767391887209e-06,3.9999504920281233,0.06025537783159529,0.07943835516108541,0.00026366508987303556,4.446753119328083
strong_low_noise,90,135,0.01,0.010610213254279716,0.05764558674849285,0.10733133203324577,1.2742749857031322e-06,4.095946805365159
strong_low_noise,90,136,6.158482110660254e-07,6.24567397396574,0.06480777535304005,0.18097823244434613,0.00026366508987303556,4.3991709846351075
strong_low_noise,90,137,0.01,0.009571366037637094,0.05770233794578927,0.23097121899564632,1e-06,4.360401538301965
strong_low_noise,90,138,6.951927961775605e-08,20.52938295000717,0.05221132803331274,0.16649134408080452,6.158482110660254e-07,4.632091347653406
strong_low_noise,90,139,1e-06,4.950468983959608,0.07156216908821644,0.10932307149683189,0.01,4.426673693545715
strong_low_noise,90,140,0.01,0.01009434416319547,0.057634133601675464,0.10911567120073404,7.847599703514607e-07,4.435366027557954
strong_low_noise,90,141,0.0005455594781168515,0.2074007138778011,0.05687916209064925,0.05587149577072903,7.847599703514607e-07,4.420455497105673
strong_low_noise,90,142,1.438449888287663e-07,13.524153582705356,0.05245556551894959,0.19378012380185733,2.06913808111479e-06,4.374369000750478
strong_low_noise,90,143,2.6366508987303555e-08,31.91579370246725,0.21905933242336517,0.14429274870385297,1.8329807108324338e-05,4.445701175045325
strong_low_noise,90,144,2.3357214690901213e-05,1.4142695402068797,0.07033905296828458,0.021262211879947847,0.01,4.49362376879462
strong_low_noise,90,145,1.1288378916846883e-07,15.84163972839393,0.04731843420639881,0.21867452896698633,1.6237767391887209e-06,4.427283478886144
strong_low_noise,90,146,2.06913808111479e-06,3.570545913847838,0.03605734607364908,0.17060671431035845,1e-06,4.404753063991228
strong_low_noise,90,147,0.01,0.01114175867891256,0.05760539971212353,0.14143167587900998,1.6237767391887209e-06,4.38915201627265
strong_low_noise,90,148,0.01,0.009024867164879085,0.05767621168488157,0.0974833730026716,4.832930238571752e-07,4.278378669533105
strong_low_noise,90,149,7.847599703514607e-07,5.430995529878068,0.014378904593034814,0.23899033003510425,2.06913808111479e-06,4.330434667880108
strong_low_noise,90,150,2.6366508987303555e-06,3.178618402911509,0.025257529473706852,0.18485565003708504,7.847599703514607e-07,4.310848808484086
strong_low_noise,90,151,3.359818286283781e-06,2.766563943440577,0.1120986806338018,0.04688122846219937,0.0005455594781168515,4.156209693757575
strong_low_noise,90,152,0.01,0.012515908557059384,0.057460234190860326,0.07052394544578997,1.43844988828766e-05,4.2349275686760395
strong_low_noise,90,153,1e-06,4.916515992532839,0.006219310612831874,0.24347383744934203,2.06913808111479e-06,4.393164734921098
strong_low_noise,90,154,0.01,0.012117831215562475,0.05762237942094106,0.07171471427547889,7.847599703514607e-07,4.4747769512110285
strong_low_noise,90,155,3.792690190732246e-07,7.949049185718361,0.04225495797416057,0.17760987373336604,2.06913808111479e-06,4.333253432515971
strong_low_noise,90,156,0.01,0.011153736911035248,0.0577226594988729,-0.003807185209909937,1.6237767391887209e-06,4.149682727836259
strong_low_noise,90,157,2.06913808111479e-06,3.62558986844842,0.03658171692996037,0.18762627343406074,1.1288378916846883e-05,4.475771471505512
strong_low_noise,90,158,4.832930238571752e-07,7.284254410880541,0.030800550312715225,0.22365536437141711,1.6237767391887209e-06,4.517394889286885
strong_low_noise,90,159,3.3598182862837814e-08,27.8850848688951,0.2132909605537776,0.06409531336660786,7.847599703514607e-07,4.307497857556302
strong_low_noise,90,160,1.1288378916846883e-07,15.404586094310682,0.047354604213799334,0.16957333038865,7.847599703514607e-07,4.309275471798147
strong_low_noise,90,161,2.3357214690901212e-07,10.19383261678261,0.10552234990445664,0.06790979673303713,0.01,4.295185110631797
strong_low_noise,90,162,1.1288378916846883e-07,16.039058206819814,0.0793166257810114,0.15807545256887126,1.2742749857031322e-06,4.472058113275759
strong_low_noise,90,163,1.1288378916846883e-07,16.01587154206126,0.05626317235748357,0.14751965831831917,7.847599703514607e-07,4.479613492965942
strong_low_noise,90,164,2.06913808111479e-06,3.5738820773481548,0.12149319161409733,0.06180744124561312,0.0006951927961775591,4.399636838737365
strong_low_noise,90,165,0.01,0.013221108158010527,0.057686202423384514,0.04672336836064504,1e-06,4.43921069818124
strong_low_noise,90,166,2.0691380811147902e-08,35.194981261126934,0.16707793430233098,0.1004548332917904,3.359818286283781e-06,4.435397544129936
strong_low_noise,90,167,3.792690190732246e-07,8.318808773413915,0.044528243416304125,0.19442032349632749,1.6237767391887209e-06,4.531721214226986
strong_low_noise,90,168,3.359818286283781e-06,2.9726520776158,0.005903193423145492,0.23453262863594285,2.06913808111479e-06,4.405462895932674
strong_low_noise,90,169,4.281332398719387e-06,2.5784759170982285,0.02570774653805985,0.194246194923757,7.847599703514607e-07,4.2248129685293705
strong_low_noise,90,170,0.01,0.013553473500261329,0.05760912409849828,0.14130092458929333,1e-06,4.379336256630506
strong_low_noise,90,171,6.951927961775605e-08,21.01670876097314,0.19458222243556644,0.1897015023628372,1.43844988828766e-05,4.582992057890115
strong_low_noise,90,172,1.438449888287663e-07,13.812677640096819,0.08478183067572065,0.09915525556554873,1e-06,4.413608939948063
strong_low_noise,90,173,7.847599703514606e-05,0.776224357860074,0.05590899781653991,0.04467717616104202,0.0001274274985703132,4.3903447099345865
strong_low_noise,90,174,1.1288378916846883e-07,15.724599655987205,0.08308132690475234,0.1890756772355645,1.6237767391887209e-06,4.408799161084308
strong_low_noise,90,175,1.2742749857031322e-06,4.461377159069836,0.01405629443843337,0.22165372062854316,7.847599703514607e-07,4.461377159069836
strong_low_noise,90,176,0.01,0.009413020637403633,0.057721187199573754,-0.005998507220594187,1.2742749857031322e-06,4.2803711658608545
strong_low_noise,90,177,3.3598182862837814e-08,28.27513696286361,0.18311924241232913,0.1195883167767613,1.6237767391887209e-06,4.42393585164235
strong_low_noise,90,178,1.623776739188721e-08,37.523597323864564,0.17150224241830658,0.1393037942137917,1e-06,4.191985972134681
strong_low_noise,90,179,1.6237767391887209e-06,3.88310429166183,0.031130339898954418,0.1677401347016245,3.792690190732246e-07,4.320104302456889
strong_low_noise,90,180,3.359818286283781e-06,2.882214147876995,0.12489109055196312,0.05554479419009806,0.0005455594781168515,4.281787711666318
strong_low_noise,90,181,0.00020691380811147902,0.4000077286037386,0.054828155331324235,0.056681735888781996,1e-06,4.551947543264414
strong_low_noise,90,182,0.01,0.01333963659966102,0.057557203737592766,0.08092279504506683,6.158482110660254e-07,4.238761000920412
strong_low_noise,90,183,1.438449888287663e-07,13.472672747495228,0.04958270446660573,0.18585042151466566,1e-06,4.354962105108467
strong_low_noise,90,184,4.281332398719387e-06,2.685130771531008,0.014460070109903023,0.24489940750258216,1.2742749857031322e-06,4.37191362322987
strong_low_noise,90,185,0.01,0.014983660514920043,0.057628607688669176,0.10128198048694165,1.2742749857031322e-06,4.513662032944819
strong_low_noise,90,186,0.01,0.012484080322984476,0.05764204837893094,0.18613328766503823,1e-06,4.356937560803547
strong_low_noise,90,187,2.3357214690901212e-07,10.47954023821005,0.043997627459187005,0.22214319656279832,2.06913808111479e-06,4.452140712913556
strong_low_noise,90,188,1.438449888287663e-07,13.333164215517884,0.046560858432196484,0.15312206118903704,7.847599703514607e-07,4.323217949882094
strong_low_noise,90,189,1.274274985703132e-08,42.01506628873054,0.36103459779007996,0.157418636234841,2.06913808111479e-06,4.374201190860692
strong_low_noise,90,190,5.4555947811685146e-08,22.514778675297357,0.08918419753114604,0.1503410995092949,7.847599703514607e-07,4.427447644321735
strong_low_noise,90,191,0.01,0.01390156439578942,0.057486522329014744,0.10352808287746307,1.8329807108324338e-05,4.535223775228974
strong_low_noise,90,192,0.01,0.012626620696626224,0.0575887239215489,0.08524581956691335,1.2742749857031322e-06,4.4809691846941435
strong_low_noise,90,193,1.8329807108324338e-07,12.193168840185775,0.031541558963848026,0.17229536904153042,3.792690190732246e-07,4.4332447921647145
strong_low_noise,90,194,1.1288378916846883e-05,1.9047061020263107,0.03578649663230149,0.15042191689162057,1.6237767391887209e-06,4.483360092647027
strong_low_noise,90,195,1.1288378916846883e-07,16.021480595445066,0.09896195977709765,0.07638205651369527,1.43844988828766e-05,4.545328000340327
strong_low_noise,90,196,0.01,0.0121814683618388,0.057743307265008426,-0.030158438193664098,0.01,4.418466732101058
strong_low_noise,90,197,1.6237767391887209e-06,4.008173100985659,0.03273494919612141,0.1659893636293962,1.6237767391887209e-06,4.4780735194127566
strong_low_noise,90,198,0.01,0.01467089762100954,0.057658990354453654,0.14015662606728554,1e-06,4.403450862307955
strong_low_noise,90,199,1.6237767391887209e-06,3.877148095608013,0.010402642348730673,0.2379351527172945,7.847599703514607e-07,4.312111962084156
strong_low_noise,120,0,2.3357214690901213e-05,1.399837340815545,0.05980501542267236,0.09268328215553545,7.847599703514607e-07,5.0156838036421805
strong_low_noise,120,1,5.4555947811685146e-08,23.830945261752216,0.08124720071178726,0.17758434104102663,7.847599703514607e-07,4.945652209287469
strong_low_noise,120,2,0.01,0.011835191347540741,0.05769670511482927,0.01890088394983668,7.847599703514607e-07,4.982619589730418
strong_low_noise,120,3,2.06913808111479e-06,3.638407235891081,0.02430190965502599,0.19566027035349443,1.6237767391887209e-06,5.0511193830479595
strong_low_noise,120,4,8.858667904100815e-08,18.08080032438587,0.07667731520165888,0.0808041716925688,1e-06,4.899799155177912
strong_low_noise,120,5,1e-06,4.8573443113155825,0.023455951485338966,0.18922898317398587,1.2742749857031322e-06,4.8573443113155825
strong_low_noise,120,6,0.01,0.011230943576566323,0.05756732688465738,0.05515534893106159,6.158482110660254e-07,4.998496514814791
strong_low_noise,120,7,2.3357214690901212e-07,11.153363234524122,0.019219722347205592,0.2346122986076055,1.2742749857031322e-06,5.139143367277852
strong_low_noise,120,8,1.623776739188721e-08,43.138457520752965,0.21037223882988787,0.056333563591480354,2.6366508987303555e-06,5.154710541614986
strong_low_noise,120,9,1.8329807108324338e-05,1.546544406574667,0.05274282182501089,0.07104916142399585,4.832930238571752e-07,5.01146317882211
strong_low_noise,120,10,1e-06,5.260359189439168,0.012481660844110065,0.21767221938572356,7.847599703514607e-07,5.260359189439168
strong_low_noise,120,11,1.2742749857031322e-06,4.521344745795274,0.020174440809910266,0.19748997186922213,7.847599703514607e-07,5.069522310654722
strong_low_noise,120,12,0.01,0.01070367918327196,0.05773506344779111,-0.01228493716213887,4.832930238571752e-07,4.858924328621198
strong_low_noise,120,13,0.01,0.009653535905842742,0.057684561732969764,0.04428549224925547,2.06913808111479e-06,4.96441768733588
strong_low_noise,120,14,0.01,0.011693881255649028,0.057680731082675574,0.12194202300906327,1.2742749857031322e-06,5.0545859672900395
strong_low_noise,120,15,4.281332398719387e-06,2.6696872864071444,0.020454502929816765,0.218660223044701,6.158482110660254e-07,4.913114556959073
strong_low_noise,120,16,0.0001274274985703132,0.6334478773029305,0.062072190895218426,-0.019687515035035675,7.847599703514607e-07,4.9859459814873475
strong_low_noise,120,17,4.832930238571752e-07,7.085455142582738,0.017993495869118803,0.20629865843491824,1e-06,4.877484673783114
strong_low_noise,120,18,7.847599703514606e-05,0.7769307498366192,0.04471719424772713,0.1514756806354913,8.858667904100815e-06,4.990724052723537
strong_low_noise,120,19,7.847599703514607e-07,5.696538064674422,0.040569667848835755,0.14110380345664938,2.06913808111479e-06,5.052400437639081
strong_low_noise,120,20,0.01,0.012577843704169636,0.05767110906434991,0.10243591709401734,7.847599703514607e-07,4.999319020294655
strong_low_noise,120,21,1.8329807108324338e-07,12.614076439602487,0.03381760226059438,0.1795268204024251,1e-06,5.070005954277491
strong_low_noise,120,22,1.2742749857031322e-06,4.522035175407047,0.04929771161455865,0.12419943129359212,1e-06,5.062285603741442
strong_low_noise,120,23,2.06913808111479e-06,3.6095717037293427,0.011314066209010432,0.22627250380999356,2.06913808111479e-06,5.0197829814719475
strong_low_noise,120,24,0.01,0.011623404997337486,0.05759665402901293,0.08168462247627653,7.847599703514607e-07,4.840836250727481
strong_low_noise,120,25,0.0001,0.681440364558136,0.06235280929255893,0.0063122632562665195,0.01,5.107530085883639
strong_low_noise,120,26,4.281332398719387e-06,2.593825641207025,0.017451182042644287,0.220813518196697,7.847599703514607e-07,4.792055329265304
strong_low_noise,120,27,0.0001,0.6489171180023077,0.05165525774022828,0.07806727005798869,6.158482110660254e-07,4.87098666979528
strong_low_noise,120,28,6.158482110660254e-07,6.259685194417974,0.022936527794596984,0.2284770122790686,1.6237767391887209e-06,4.907924039378882
strong_low_noise,120,29,1.6237767391887209e-06,4.092071866956652,0.035458969317520794,0.1509024128090707,7.847599703514607e-07,5.11225476714833
strong_low_noise,120,30,1.6237767391887209e-06,3.817692848607895,0.015360001358822317,0.21822969296754072,1e-06,4.7612626603741575
strong_low_noise,120,31,1.1288378916846883e-05,1.8356862759645218,0.04791549739785195,0.1378293100218547,2.976351441631313e-05,4.892640623249216
strong_low_noise,120,32,0.01,0.014878928916944204,0.05776829624352442,-0.04568968839195863,0.01,5.029497906977358
strong_low_noise,120,33,3.792690190732246e-07,8.405458545278172,0.014416499045121434,0.21277556646921686,6.158482110660254e-07,5.050229835657603
strong_low_noise,120,34,7.847599703514607e-07,5.699182503319603,0.018050517199878935,0.21441512849028466,1.2742749857031322e-06,5.061147394790061
strong_low_noise,120,35,4.8329302385717524e-05,0.9988817543139986,0.0485503824437864,0.09618793637201023,7.847599703514607e-07,4.892016133142291
strong_low_noise,120,36,7.847599703514606e-05,0.7641482735896512,0.04690591545352907,0.10703156493408893,6.158482110660254e-07,4.896602366962526
strong_low_noise,120,37,1.438449888287663e-07,13.974524226239211,0.04994202706692752,0.13966794233409882,7.847599703514607e-07,4.923367808049512
strong_low_noise,120,38,3.359818286283781e-06,2.9327143682632952,0.028271068921371545,0.18096733169916052,6.158482110660254e-07,4.9755590255880024
strong_low_noise,120,39,1.1288378916846883e-07,16.05712403399692,0.033624257865295215,0.1744278220219096,4.832930238571752e-07,4.909812671783718
strong_low_noise,120,40,3.3598182862837814e-08,30.071310797722788,0.14129390129673602,0.1951142177605195,2.6366508987303555e-06,4.977804050344014
strong_low_noise,120,41,4.832930238571752e-07,7.180348221299333,0.04290148856858722,0.18206075654891343,7.847599703514607e-07,4.986794369204631
strong_low_noise,120,42,8.858667904100815e-08,17.849298662390357,0.13839860150543992,0.12879213835927641,3.792690190732246e-05,4.791303211657362
strong_low_noise,120,43,1.2742749857031322e-06,4.563387354685805,0.008776670850906165,0.22766624527021462,1e-06,5.10233626504543
strong_low_noise,120,44,6.158482110660254e-07,6.405435005481724,0.02803037651500384,0.1762756514331907,7.847599703514607e-07,5.036767726152365
strong_low_noise,120,45,0.01,0.011906669479589606,0.05765268844613369,0.20754198376997765,1.2742749857031322e-06,5.049903525444768
strong_low_noise,120,46,1.8329807108324338e-05,1.5012977098537685,0.04652683477421249,0.11936319955942315,7.847599703514607e-07,4.893589722887895
strong_low_noise,120,47,2.976351441631313e-05,1.2821246042393593,0.04586516013237529,0.11604179857249468,6.158482110660254e-07,5.014903481710625
strong_low_noise,120,48,0.01,0.01141448700426675,0.05769219876162923,0.02930403718624093,4.832930238571752e-07,4.8901406651863315
strong_low_noise,120,49,1.1288378916846883e-05,1.835222808362811,0.04340859482823234,0.12050998201458105,7.847599703514607e-07,4.879575372778843
strong_low_noise,120,50,0.01,0.011395150825292136,0.057606654307913896,0.09058283345935275,1e-06,4.948187541525252
strong_low_noise,120,51,1.8329807108324338e-05,1.4636983667590173,0.037939992598919225,0.15766086900459458,7.847599703514607e-07,4.820892706806443
strong_low_noise,120,52,2.0691380811147902e-08,37.4343991695931,0.1568413274412208,0.14223671720937972,7.847599703514607e-07,5.003535855461526
strong_low_noise,120,53,1e-06,5.024784258042727,0.010502511333207565,0.22274012069457488,1e-06,5.024784258042727
strong_low_noise,120,54,6.158482110660254e-07,6.198986341451353,0.0328119911792536,0.19932115793644262,2.6366508987303555e-06,4.88021344441277
strong_low_noise,120,55,1.1288378916846883e-07,15.700171666376248,0.05501535522904921,0.2291107390808204,2.06913808111479e-06,4.795732309625032
strong_low_noise,120,56,4.8329302385717524e-05,1.0494706181984386,0.04740689197970083,0.10227931308403122,1e-06,5.132843465264432
strong_low_noise,120,57,0.01,0.01285542995878296,0.057557843556302446,0.07502277762759396,1.2742749857031322e-06,5.003755746504211
strong_low_noise,120,58,0.0001,0.6828920922773862,0.052563385875641466,0.07268445960354633,7.847599703514607e-07,4.963411288623204
strong_low_noise,120,59,1.6237767391887209e-06,3.8346511440362754,0.023660365658356275,0.19515259956036643,7.847599703514607e-07,4.7878084167518855
strong_low_noise,120,60,1.2742749857031322e-06,4.357743922115864,0.07652586706410491,0.03475730731926292,0.01,4.87677073369045
strong_low_noise,120,61,8.858667904100815e-08,18.537898141005925,0.0627637537042689,0.16710628181944032,7.847599703514607e-07,4.975128812847138
strong_low_noise,120,62,1.2742749857031322e-06,4.497070492972151,0.02470124226176995,0.1949946800922429,2.06913808111479e-06,5.035844954696192
strong_low_noise,120,63,1.438449888287663e-07,14.140912239641246,0.03121391960846054,0.19929392080932562,1.2742749857031322e-06,4.969472427383501
strong_low_noise,120,64,2.06913808111479e-06,3.7821088312931357,0.042337885516682605,0.1373511235591557,2.06913808111479e-06,5.249452899665522
strong_low_noise,120,65,0.01,0.012589253470604241,0.057678515245231265,0.1575333717150635,1e-06,4.902470240001387
strong_low_noise,120,66,1.1288378916846883e-07,16.406922354726742,0.06322115469909861,0.1380516947139644,1.6237767391887209e-06,5.029281493550857
strong_low_noise,120,67,2.6366508987303555e-08,34.01588706929733,0.13756538147595587,0.0949537759247814,7.847599703514607e-07,4.913740292797575
strong_low_noise,120,68,0.0006951927961775591,0.1470664988996359,0.057755530064784066,0.00411870108050326,1.6237767391887209e-06,4.906221025575166
strong_low_noise,120,69,6.158482110660255e-05,0.9448452312834571,0.048116936490260276,0.14705024748216225,6.158482110660254e-07,5.080132150819169
strong_low_noise,120,70,0.01,0.01207283818538602,0.057640529700208276,0.07268232189847168,6.158482110660254e-07,5.021801391528025
strong_low_noise,120,71,2.6366508987303555e-08,34.30253490780968,0.24459132724008303,0.09516951809411811,1.2742749857031322e-06,5.011946860151272
strong_low_noise,120,72,4.281332398719387e-06,2.738964339002578,0.03451733304493221,0.1550256010049609,7.847599703514607e-07,5.083154240879205
strong_low_noise,120,73,2.6366508987303555e-06,3.2651249736545083,0.045845930020380954,0.12232968813436718,6.951927961775606e-06,4.992707764703231
strong_low_noise,120,74,0.01,0.014588661015066545,0.05756614972416474,0.09519621228379008,1.6237767391887209e-06,5.014924993541308
strong_low_noise,120,75,0.01,0.01048512277273159,0.05756625372577695,0.05667550727696516,4.832930238571752e-07,4.970367394814237
strong_low_noise,120,76,3.792690190732246e-07,7.939830695791861,0.02173708360191362,0.21868655746893922,1.2742749857031322e-06,4.815314237788652
strong_low_noise,120,77,0.01,0.013575381254567441,0.057817186206837734,-0.03433448924886606,6.158482110660254e-07,5.026966757860702
strong_low_noise,120,78,6.158482110660254e-07,6.133379273326371,0.017394775168256382,0.2287242972887115,1.2742749857031322e-06,4.806307934620526
strong_low_noise,120,79,6.158482110660254e-07,6.427821159262035,0.022791129583870195,0.20329123540943317,7.847599703514607e-07,5.0320050404110885
strong_low_noise,120,80,7.847599703514607e-07,5.508127111379498,0.042193874296528766,0.16226828567349008,8.858667904100815e-06,4.886739630831501
strong_low_noise,120,81,7.847599703514607e-07,5.505681921238907,0.0247438825203119,0.2107744335443594,2.6366508987303555e-06,4.889808642595405
strong_low_noise,120,82,8.858667904100815e-06,1.9970089142422651,0.04102057018989447,0.13180133439830893,7.847599703514607e-07,4.875119233719366
strong_low_noise,120,83,1.1288378916846883e-05,1.9380538619620107,0.0431950634642837,0.2168659737283528,6.158482110660254e-07,5.077129174186222
strong_low_noise,120,84,0.01,0.011447574086488783,0.05745623623202556,0.0563225040281083,1.2742749857031322e-06,4.843269981459005
strong_low_noise,120,85,1.2742749857031322e-06,4.6242470349220275,0.028331044712320508,0.17403472220571012,1e-06,5.178457998250706
strong_low_noise,120,86,2.06913808111479e-06,3.712760545166444,0.044145199940699875,0.13455487786104048,1.6237767391887209e-06,5.153628857494769
strong_low_noise,120,87,1.438449888287663e-07,13.672112356693608,0.03847524481503306,0.22318221230246077,1.6237767391887209e-06,4.843691779789411
strong_low_noise,120,88,7.847599703514607e-07,5.336346456100393,0.02037933198545583,0.2249185878659619,1.6237767391887209e-06,4.738348263173151
strong_low_noise,120,89,0.01,0.012310833139032334,0.05762182919047243,0.10096364129282945,1e-06,4.735077835821463
strong_low_noise,120,90,3.359818286283781e-06,2.9134403558466726,0.02683121736281935,0.17852364803801068,7.847599703514607e-07,4.872981436003086
strong_low_noise,120,91,7.847599703514607e-07,5.687180203783135,0.008066797397493053,0.23586137603388402,7.847599703514607e-07,5.050824764891041
strong_low_noise,120,92,2.06913808111479e-06,3.648440917953985,0.006519950556476917,0.24035110458675202,7.847599703514607e-07,5.069556278506134
strong_low_noise,120,93,5.455594781168514e-06,2.392884270998265,0.025119436567550113,0.1852079653250802,1.2742749857031322e-06,4.786014465257673
strong_low_noise,120,94,2.6366508987303555e-06,3.286294086408494,0.0100191946133108,0.22426473874686723,1.2742749857031322e-06,5.027723021870765
strong_low_noise,120,95,5.4555947811685146e-08,24.046368954690866,0.09502667352357475,0.12748533087376454,7.847599703514607e-07,4.958573745592848
strong_low_noise,120,96,1e-06,5.047495767958798,0.0470077523846828,0.14211597704381917,1.6237767391887209e-06,5.047495767958798
strong_low_noise,120,97,1.8329807108324338e-05,1.5511815956833308,0.04058907210452389,0.18731427053612676,1e-06,4.94374628792698
strong_low_noise,120,98,0.01,0.013067793913276525,0.05771156128483046,-0.00021323725146034207,7.847599703514607e-07,5.046383468669001
strong_low_noise,120,99,2.06913808111479e-06,3.4971775461572285,0.02600378715775109,0.20996847821720133,3.359818286283781e-06,4.838377117731831
strong_low_noise,120,100,1.2742749857031322e-06,4.391461918381118,0.026114868281052916,0.19584181594333352,3.792690190732246e-07,4.922416829016722
strong_low_noise,120,101,0.01,0.013028858736260647,0.05758162928975574,0.05151222941112888,6.158482110660254e-07,4.968273840150993
strong_low_noise,120,102,8.858667904100815e-08,18.428648251588307,0.062076319742131014,0.14620256174480725,6.158482110660254e-07,5.014981305535766
strong_low_noise,120,103,2.976351441631313e-07,9.248661037898906,0.0657292290764615,0.20595958146112295,3.359818286283781e-06,4.891966262913634
strong_low_noise,120,104,5.455594781168514e-06,2.4585696132347685,0.055514794761399755,0.15646421635324806,2.976351441631313e-05,5.032122123562285
strong_low_noise,120,105,4.8329302385717524e-05,1.0069701934884037,0.04246142371671191,0.13922301602899573,8.858667904100815e-06,4.89878654007704
strong_low_noise,120,106,8.858667904100815e-08,18.439111448840826,0.06068682590110086,0.18337044865583557,7.847599703514607e-07,4.939879380123698
strong_low_noise,120,107,3.792690190732246e-07,8.145812669465503,0.0324933017834087,0.16804394715058782,4.832930238571752e-07,4.897337381714037
strong_low_noise,120,108,7.847599703514607e-07,5.7483137011767464,0.014147156019332918,0.22250199903026088,1.2742749857031322e-06,5.101955195661012
strong_low_noise,120,109,3.792690190732246e-07,8.039568027065888,0.025212119076452932,0.23782237604444006,2.06913808111479e-06,4.857311830748628
strong_low_noise,120,110,1.1288378916846883e-05,1.7159037176697884,0.052208909172898554,0.09874315842257064,6.158482110660254e-07,4.719822141383371
strong_low_noise,120,111,2.3357214690901212e-07,10.472076217642586,0.015844913013272066,0.21851112836809888,7.847599703514607e-07,4.824090853952635
strong_low_noise,120,112,4.281332398719387e-06,2.557561237197119,0.021839751951494457,0.20190595482660378,1.6237767391887209e-06,4.763716789344665
strong_low_noise,120,113,2.335721469090121e-09,78.26863941307774,0.7220826627818593,0.015740717250043532,7.847599703514607e-07,4.83224657181364
strong_low_noise,120,114,0.01,0.013864481522254411,0.05760310524594381,0.1445179651116708,7.847599703514607e-07,5.04881694889583
strong_low_noise,120,115,3.359818286283781e-06,2.8664310763992358,0.03376775334645565,0.15664148216829946,7.847599703514607e-07,4.804496629831496
strong_low_noise,120,116,3.792690190732246e-07,7.9356207922188435,0.019044035898002853,0.20318597778878983,1e-06,4.8223471261643756
strong_low_noise,120,117,0.01,0.012873840312589844,0.05766215632802385,0.05248721826799393,7.847599703514607e-07,4.929785162586979
strong_low_noise,120,118,1.6237767391887209e-06,3.757556167344339,0.0670496520816537,0.1694857821077802,6.158482110660255e-05,4.6717535661494605
strong_low_noise,120,119,1.8329807108324338e-07,12.125882775338004,0.03047804190934167,0.19322306209202167,7.847599703514607e-07,4.88534508706863
strong_low_noise,120,120,6.951927961775605e-08,20.67905061818112,0.060144959427686384,0.21522139940997903,1.6237767391887209e-06,4.972774335738634
strong_low_noise,120,121,0.01,0.010987516826226373,0.057691536550567135,0.027812448874116505,7.847599703514607e-07,4.984950387920942
strong_low_noise,120,122,5.455594781168514e-06,2.4101847371239513,0.018082556262785987,0.20352517345747537,1e-06,4.8943932829758605
strong_low_noise,120,123,2.976351441631313e-05,1.2671616627145132,0.058323997569728725,0.08652679347343027,6.158482110660254e-07,4.967285506221578
strong_low_noise,120,124,0.01,0.010759787896121649,0.057618938118135676,0.14832330743906028,6.158482110660254e-07,4.868261269617027
strong_low_noise,120,125,1e-06,4.7833954458956125,0.008487690771322498,0.22753503215131426,7.847599703514607e-07,4.7833954458956125
strong_low_noise,120,126,1.8329807108324338e-07,12.358360175529642,0.021701393218034215,0.22471540173538987,1e-06,4.9744467830630335
strong_low_noise,120,127,0.01,0.009749559854088099,0.057511502132308046,0.09196121147777002,1.2742749857031322e-06,4.842401339404881
strong_low_noise,120,128,0.01,0.011433750878876766,0.0577443909133204,-0.046823344810591576,1e-06,4.899602516107267
strong_low_noise,120,129,7.847599703514607e-07,5.612742888592176,0.028094541416632368,0.18641142219797352,7.847599703514607e-07,4.988022008740612
strong_low_noise,120,130,1.8329807108324338e-07,11.681014667618536,0.06753381546996051,0.09063616059507996,7.847599703514607e-07,4.738073225037929
strong_low_noise,120,131,1.274274985703132e-08,45.947224360504,0.2729085700769207,0.15020011413327333,1.2742749857031322e-06,4.8934991484593295
strong_low_noise,120,132,6.951927961775605e-08,20.613692954070544,0.07115349030541651,0.1616919645927291,7.847599703514607e-07,4.837711238792388
strong_low_noise,120,133,4.832930238571752e-07,7.001318502504425,0.0222403354649785,0.2382323417907928,1.6237767391887209e-06,4.838518766149161
strong_low_noise,120,134,0.01,0.012505179922345433,0.05762924081472731,0.048086628405131275,1e-06,5.060058274797731
strong_low_noise,120,135,3.359818286283781e-06,2.7631056319758995,0.021561964677381473,0.23548558342367915,1e-06,4.654607060503902
strong_low_noise,120,136,7.847599703514607e-07,5.607341619903219,0.04579608803740798,0.1946601952554064,1e-06,4.977457921679331
strong_low_noise,120,137,7.847599703514607e-07,5.524499402428775,0.011847448446337672,0.236014555232291,6.158482110660254e-07,4.910927434590961
strong_low_noise,120,138,1.438449888287663e-07,14.29539541351902,0.02323353415816276,0.21124197010527862,7.847599703514607e-07,5.101202199941163
strong_low_noise,120,139,0.01,0.011826974807148243,0.05772781297265728,-0.01169680824634575,1.6237767391887209e-06,4.998071418562849
strong_low_noise,120,140,2.976351441631313e-07,9.412835848065845,0.015868879462601293,0.21124073023260662,7.847599703514607e-07,4.987821575934331
strong_low_noise,120,141,2.976351441631313e-07,9.65901497632442,0.055650579608359174,0.10339982357416802,1e-06,5.127077601856939
strong_low_noise,120,142,0.01,0.011012051574189868,0.05761495803600303,0.08787239360292586,1e-06,4.797768315778006
strong_low_noise,120,143,7.847599703514607e-07,5.784635509058044,0.03692132954186145,0.1884795785258991,1e-06,5.135052395115549
strong_low_noise,120,144,2.6366508987303555e-06,3.284005085168795,0.07400600450504813,0.06987735704931072,0.01,5.008971938936764
strong_low_noise,120,145,6.951927961775606e-06,2.2470976900855932,0.031439527371332265,0.16986134366705594,1e-06,4.944934009964948
strong_low_noise,120,146,6.158482110660255e-05,0.9659037319443082,0.06454447515832684,0.00942187010927253,6.158482110660254e-07,5.077705343704574
strong_low_noise,120,147,4.8329302385717524e-05,0.9902355436403624,0.04884907280626116,0.0962152374152197,1e-06,5.053370513121588
strong_low_noise,120,148,8.858667904100815e-08,18.155286814242697,0.05718052860623146,0.11777592289856006,6.158482110660254e-07,4.926479909770278
strong_low_noise,120,149,2.6366508987303555e-06,3.2725175480522357,0.021717647860495792,0.20814606534377572,2.06913808111479e-06,4.999727177351849
strong_low_noise,120,150,1e-06,4.856598716363943,0.011757872818873638,0.22336386040602005,6.158482110660254e-07,4.856598716363943
strong_low_noise,120,151,1e-06,4.789439448428523,0.11319938183800948,0.08084732318675045,0.0005455594781168515,4.789439448428523
strong_low_noise,120,152,3.792690190732246e-05,1.1552507266751797,0.045429533348871565,0.11233748891552632,7.847599703514607e-07,4.859032392360717
strong_low_noise,120,153,1.1288378916846883e-07,16.18281708871553,0.04680870819972205,0.23030155356148402,2.6366508987303555e-06,4.98775532182781
strong_low_noise,120,154,1.6237767391887209e-06,4.063075468041413,0.02586247902588823,0.18138959649445993,6.158482110660254e-07,5.0867222146373265
strong_low_noise,120,155,2.976351441631313e-05,1.2247074162014455,0.045672923815407995,0.12845292672879352,7.847599703514607e-07,4.914674871569836
strong_low_noise,120,156,4.281332398719396e-08,26.45312801299912,0.17976618389235455,0.14806843430967095,1.2742749857031322e-06,4.770068824719606
strong_low_noise,120,157,5.4555947811685146e-08,23.955181933186143,0.08946773132574681,0.16739571567285824,4.281332398719387e-06,5.0204433691961095
strong_low_noise,120,158,1.2742749857031322e-06,4.603757804095016,0.013646669613512463,0.21975158076447396,1.2742749857031322e-06,5.160314937131592
strong_low_noise,120,159,3.359818286283781e-06,2.903156040702691,0.058114874911014525,0.055430947978813656,4.832930238571752e-07,4.886698055457463
strong_low_noise,120,160,3.792690190732246e-07,8.145826324496042,0.010050495002705162,0.22608462782683134,7.847599703514607e-07,4.927017304927559
strong_low_noise,120,161,0.01,0.011308434436413242,0.05766052657145515,0.09860211197752237,1e-06,5.038310643474551
strong_low_noise,120,162,1.6237767391887209e-06,4.033068510593901,0.006793057302870165,0.236776944803891,7.847599703514607e-07,5.0358767391101855
strong_low_noise,120,163,2.6366508987303555e-06,3.2853610950743914,0.03396064528377696,0.16525259257816646,6.158482110660254e-07,5.027071327089435
strong_low_noise,120,164,0.01,0.011557944387388162,0.05750505521824223,0.04577602105511028,0.00042813323987193956,5.016669375977667
strong_low_noise,120,165,1.6237767391887209e-06,3.9926875599210954,0.019291603097933985,0.2029885931767729,7.847599703514607e-07,4.9793383370195485
strong_low_noise,120,166,2.06913808111479e-06,3.5693731294984965,0.0525638896124333,0.11525196499594141,2.6366508987303555e-06,4.921742312436152
strong_low_noise,120,167,6.951927961775605e-08,21.46459368975192,0.08028923605710925,0.18506170185842813,1.6237767391887209e-06,5.065750984444251
strong_low_noise,120,168,0.01,0.012430076684586965,0.05760502663655165,0.11708058166190548,1.2742749857031322e-06,5.0087535646007115
strong_low_noise,120,169,6.158482110660254e-09,58.790710569025315,0.6033420543792574,0.03604919045810755,1e-06,4.798050369859719
strong_low_noise,120,170,8.858667904100815e-06,2.0483547671629045,0.03168508602105269,0.1696085246043181,7.847599703514607e-07,4.991565829151713
strong_low_noise,120,171,3.792690190732246e-05,1.181841958421899,0.039127079460991365,0.14434126485608031,2.06913808111479e-06,5.1402085019015695
strong_low_noise,120,172,0.00042813323987193956,0.2142367508094554,0.055475992019694,0.06241467995441138,4.832930238571752e-07,4.972273833625311
strong_low_noise,120,173,0.01,0.012575503077632446,0.05768864327845258,0.030779822612396045,0.00016237767391887175,4.9549540343939125
strong_low_noise,120,174,2.06913808111479e-06,3.606395706077482,0.02385087333400826,0.1991641104082105,1.2742749857031322e-06,5.002411974623865
strong_low_noise,120,175,2.6366508987303555e-06,3.285919405878646,0.019353175271564882,0.21716840802466778,6.158482110660254e-07,5.0203838152096685
strong_low_noise,120,176,6.158482110660254e-07,6.129427359329558,0.013598615279730386,0.21807941516827328,1.2742749857031322e-06,4.830227796292649
strong_low_noise,120,177,6.951927961775605e-08,21.169943114573226,0.10453478250886472,0.14362959200705563,2.06913808111479e-06,5.029737131540723
strong_low_noise,120,178,6.158482110660254e-07,6.166081881263973,0.0033392129998339737,0.24161736468357276,1e-06,4.859682753321399
strong_low_noise,120,179,0.01,0.0110137136271708,0.05757260915214035,0.09850312263248932,6.158482110660254e-07,4.871756615115831
strong_low_noise,120,180,1.438449888287663e-07,13.730194243384698,0.09924271110685745,0.10542340265091692,0.00042813323987193956,4.816545481222822
strong_low_noise,120,181,0.01,0.011139554418344771,0.05753464810914832,0.054797304514236825,6.158482110660254e-07,4.990414065134132
strong_low_noise,120,182,1.1288378916846883e-07,16.160663531254503,0.03644475833161176,0.20451874571165615,1e-06,4.883698433487048
strong_low_noise,120,183,4.281332398719387e-06,2.6847087361163275,0.028274636391024677,0.1823937947371773,1e-06,4.9142053353514195
strong_low_noise,120,184,4.832930238571752e-09,64.540842184729,0.4330970147412383,0.13261381727848612,7.847599703514607e-07,4.87653378112628
strong_low_noise,120,185,5.455594781168514e-06,2.5480815617906427,0.032035884872693154,0.17114341891885645,7.847599703514607e-07,5.155105784103448
strong_low_noise,120,186,7.847599703514607e-07,5.614049508546839,0.013680168953336236,0.2146867646668081,1.2742749857031322e-06,4.981608927984003
strong_low_noise,120,187,0.01,0.012541119082627441,0.057731610722382865,-0.010543942857125278,1.6237767391887209e-06,4.981834826497935
strong_low_noise,120,188,7.847599703514607e-07,5.598051516596936,0.011371539666098052,0.22770546900107655,7.847599703514607e-07,4.975931104301633
strong_low_noise,120,189,1.43844988828766e-05,1.7150235120171708,0.032834529311448035,0.16951863074151535,1e-06,4.9156120984188005
strong_low_noise,120,190,6.158482110660254e-07,6.356782086473818,0.025525065909729472,0.1992442431098251,1.2742749857031322e-06,4.9960128297392945
strong_low_noise,120,191,0.0001274274985703132,0.6246303763573022,0.04924018212785586,0.1027307984760561,7.847599703514607e-07,5.062427273004056
strong_low_noise,120,192,2.6366508987303555e-06,3.3068139586502308,0.015928777706232022,0.21426313315265294,1.2742749857031322e-06,5.089287633155251
strong_low_noise,120,193,8.858667904100815e-08,19.008229537607523,0.05869254919939526,0.13719690600860837,4.832930238571752e-07,5.09154662527581
strong_low_noise,120,194,0.0001274274985703132,0.587842107552543,0.05802309425443086,0.01588776703984208,1e-06,5.019174701919177
strong_low_noise,120,195,1.438449888287663e-07,14.147481607163488,0.05065464983001711,0.1612823075944716,1e-06,4.9946224975161
strong_low_noise,120,196,0.00016237767391887175,0.4827309608956516,0.06011782450321301,-0.03496455239261887,0.01,4.98770190752408
strong_low_noise,120,197,0.01,0.013452411456930012,0.05769078596275379,0.0567775514472713,1e-06,5.1566239818052555
strong_low_noise,120,198,6.951927961775606e-06,2.2467808187585216,0.034801422816825855,0.1787535454745725,7.847599703514607e-07,5.00245974409925
strong_low_noise,120,199,2.3357214690901212e-07,10.642630187753788,0.02471996095336748,0.20935380557587463,1e-06,4.8949946746238036
strong_low_noise,180,0,2.976351441631313e-07,9.50848295894842,0.04837547948115939,0.16659138316404482,7.847599703514607e-07,5.607688877318582
strong_low_noise,180,1,3.359818286283781e-06,2.9729648764391374,0.022826082434897366,0.22003974053279443,6.158482110660254e-07,5.654808821327485
strong_low_noise,180,2,5.4555947811685146e-08,24.987820655473975,0.07674057100678322,0.11547202765989073,7.847599703514607e-07,5.644130868234874
strong_low_noise,180,3,6.158482110660254e-07,6.462492247217096,0.008033230268687852,0.23792485148690284,1.6237767391887209e-06,5.699656958220065
strong_low_noise,180,4,1.1288378916846883e-07,16.987760862670232,0.03852536312845256,0.15611966092080679,7.847599703514607e-07,5.7742095449962525
strong_low_noise,180,5,4.281332398719396e-08,28.819560111323355,0.07525139497442579,0.13959814467566845,7.847599703514607e-07,5.668796306768334
strong_low_noise,180,6,2.6366508987303555e-06,3.239433130366776,0.037677776110734196,0.1458761616053325,4.832930238571752e-07,5.6535899791302135
strong_low_noise,180,7,3.359818286283781e-06,3.067841732365733,0.011336237566834328,0.2265314745983284,1e-06,5.878357480590158
strong_low_noise,180,8,0.01,0.013272633673617931,0.0576324448018396,0.13823539458900402,6.158482110660254e-07,5.805590657262363
strong_low_noise,180,9,1e-06,5.113973247428088,0.009185268403027913,0.23022808714764129,2.976351441631313e-07,5.772200782696142
strong_low_noise,180,10,1.1288378916846883e-05,1.8823727790993683,0.029679340982516123,0.18801922249479627,7.847599703514607e-07,5.820618423265211
strong_low_noise,180,11,0.01,0.011988160317636014,0.0576845390768187,0.0616595101601741,7.847599703514607e-07,5.7361211017737945
strong_low_noise,180,12,0.01,0.010363405396663026,0.05770451538385846,0.010160209970769078,4.832930238571752e-07,5.601085689640239
strong_low_noise,180,13,2.06913808111479e-06,3.6034278710551564,0.025748437271124525,0.23788310863041487,7.847599703514607e-07,5.652517374605654
strong_low_noise,180,14,6.951927961775606e-06,2.256409937406123,0.032109986913515076,0.20305941686925252,6.158482110660254e-07,5.741462389809978
strong_low_noise,180,15,2.976351441631313e-07,9.574106367660109,0.021898484772010507,0.19973862477295198,1e-06,5.640918353110078
strong_low_noise,180,16,7.847599703514607e-07,5.6170181473281335,0.03247928172972658,0.16900226066940155,7.847599703514607e-07,5.6170181473281335
strong_low_noise,180,17,2.6366508987303555e-08,35.960423165367644,0.10174342966858796,0.15765056262213853,7.847599703514607e-07,5.604423288332225
strong_low_noise,180,18,1.6237767391887209e-06,4.063750502370033,0.039447251137483375,0.18094826385753884,1.43844988828766e-05,5.730583152774132
strong_low_noise,180,19,4.281332398719387e-06,2.699035541623987,0.03660424151579644,0.1571472925953025,1e-06,5.704800754779155
strong_low_noise,180,20,6.951927961775606e-06,2.283619206767787,0.03847502572737782,0.14784893896737508,1e-06,5.754806632158029
strong_low_noise,180,21,1.1288378916846883e-05,1.8757714909758614,0.032127353684253124,0.22125952055118475,1e-06,5.7196950834769575
strong_low_noise,180,22,0.01,0.012031223034048279,0.05755824135733645,0.050109183744299846,6.158482110660254e-07,5.846955493431501
strong_low_noise,180,23,1.8329807108324338e-05,1.5802174057168759,0.03717163617174246,0.15050470448353062,7.847599703514607e-07,5.70756899590267
strong_low_noise,180,24,1.1288378916846883e-05,1.8305643748073481,0.03351977051986499,0.18259480560387426,6.158482110660254e-07,5.490171656348733
strong_low_noise,180,25,0.01,0.011302846956850078,0.057700225268053185,0.008524442961837934,4.832930238571752e-07,5.678451432771741
strong_low_noise,180,26,6.158482110660254e-07,6.146968365044007,0.001764207883089619,0.24346087577635425,7.847599703514607e-07,5.421590416379439
strong_low_noise,180,27,6.158482110660254e-07,6.466062825577395,0.014904723487201288,0.22368426287460155,7.847599703514607e-07,5.697271650308008
strong_low_noise,180,28,1.2742749857031322e-06,4.542230602004583,0.007191265461684915,0.23291708289488028,1.2742749857031322e-06,5.7509075047750216
strong_low_noise,180,29,1.1288378916846883e-07,17.042386293369773,0.040275369286998486,0.14455483292277557,6.158482110660254e-07,5.73007678495675
strong_low_noise,180,30,3.792690190732246e-07,8.171228134117982,0.015212556040972935,0.23153363132759958,1.2742749857031322e-06,5.5371065020518975
strong_low_noise,180,31,0.01,0.010394056138128055,0.05756313322629658,0.1347357661967577,6.158482110660254e-07,5.587683373462526
strong_low_noise,180,32,0.01,0.013727781372659766,0.05775231059585928,-0.04458615639650438,6.158482110660254e-07,5.740312716830204
strong_low_noise,180,33,0.0001274274985703132,0.6118378735780594,0.05345331716389068,0.07708396391179896,4.832930238571752e-07,5.675712201558731
strong_low_noise,180,34,0.01,0.012380879654514105,0.057651623893523074,0.09186437314343744,1e-06,5.716315044542339
strong_low_noise,180,35,2.976351441631313e-05,1.2793495271573572,0.05001243275792,0.09069543387263053,6.158482110660254e-07,5.694425535511677
strong_low_noise,180,36,6.158482110660254e-07,6.450342535651761,0.015378222606475922,0.224226305747876,6.158482110660254e-07,5.687038309664947
strong_low_noise,180,37,1.438449888287663e-07,14.439969961555674,0.04226766409382887,0.15416827213099416,6.158482110660254e-07,5.623929706435852
strong_low_noise,180,38,3.3598182862837814e-08,31.868323520841837,0.09321137217648867,0.09789413811313977,6.158482110660254e-07,5.632641811353486
strong_low_noise,180,39,8.858667904100815e-08,18.751586095746674,0.03391854913204517,0.18079932637771615,4.832930238571752e-07,5.52821661950709
strong_low_noise,180,40,0.01,0.01117557600019931,0.05762851876049868,0.119169881992339,1e-06,5.712959441732233
strong_low_noise,180,41,0.01,0.010268073633058972,0.05769708208871238,0.009546724314694027,6.158482110660254e-07,5.641669913256962
strong_low_noise,180,42,1.1288378916846883e-05,1.8381967276319977,0.04190223957046546,0.12822798395857052,1.43844988828766e-05,5.439706020982813
strong_low_noise,180,43,3.792690190732246e-07,8.43865382360607,0.007796166856278486,0.23390082075461238,7.847599703514607e-07,5.72554005670657
strong_low_noise,180,44,1.1288378916846883e-07,17.089113580863582,0.03427769018868698,0.19000163052603,1e-06,5.784981715849612
strong_low_noise,180,45,2.3357214690901212e-07,11.15993680068696,0.03023497921355911,0.22226286078746788,1.6237767391887209e-06,5.7370692064006095
strong_low_noise,180,46,3.792690190732246e-05,1.110576103873236,0.048745516986491655,0.09586956816479887,4.832930238571752e-07,5.700117208124862
strong_low_noise,180,47,6.158482110660254e-07,6.515471057342072,0.011713126258078632,0.2322916519072065,1e-06,5.743654695022024
strong_low_noise,180,48,3.359818286283781e-06,2.9134735228385367,0.03170322513436308,0.16373106893922956,7.847599703514607e-07,5.588442231223354
strong_low_noise,180,49,3.359818286283781e-06,2.88202448262149,0.03568616614117115,0.15370406995520997,4.832930238571752e-07,5.499295301669084
strong_low_noise,180,50,4.281332398719387e-06,2.6804817362392255,0.02028708199271978,0.21620201314246495,7.847599703514607e-07,5.632979508389643
strong_low_noise,180,51,3.792690190732246e-07,8.3362874379285,0.005512585991623853,0.24211545306785262,1e-06,5.6561262230014036
strong_low_noise,180,52,2.976351441631313e-05,1.236375798411311,0.06338074051949949,0.041085758537579835,6.158482110660254e-07,5.6592340189228505
strong_low_noise,180,53,0.01,0.011690381762889982,0.057664911374912364,0.2161963293891437,7.847599703514607e-07,5.7420938153863
strong_low_noise,180,54,4.281332398719387e-06,2.6696774906521368,0.018286347942126135,0.20297483802468097,1.2742749857031322e-06,5.586587228264797
strong_low_noise,180,55,1.438449888287663e-07,14.307078628209364,0.057033735441615274,0.23294568103672222,3.359818286283781e-06,5.520554012112448
strong_low_noise,180,56,0.01,0.012339598600977055,0.05755528879643035,0.07425725555961939,6.158482110660254e-07,5.8464437696954334
strong_low_noise,180,57,2.06913808111479e-06,3.573839179245125,0.04360572028990595,0.15397100511217937,1e-06,5.5912309763503805
strong_low_noise,180,58,6.951927961775606e-06,2.2951635820931227,0.04552585029026435,0.12423978047921586,6.158482110660254e-07,5.816548469636209
strong_low_noise,180,59,0.00020691380811147902,0.39264034441123685,0.054303451169439354,0.058719803901691424,6.158482110660254e-07,5.462823334320476
strong_low_noise,180,60,0.01,0.01021375445304595,0.057730241702846685,-0.017761815927218455,3.792690190732246e-07,5.584147901822711
strong_low_noise,180,61,0.01,0.0137762184006773,0.05768765787390606,0.018417570405475394,4.832930238571752e-07,5.647989938996144
strong_low_noise,180,62,2.976351441631313e-05,1.2685589964401927,0.04329760687155759,0.12093782509207304,7.847599703514607e-07,5.744661668440811
strong_low_noise,180,63,3.3598182862837814e-08,31.896018943613594,0.07983293886617226,0.15855980767484254,1.2742749857031322e-06,5.591162702799666
strong_low_noise,180,64,8.858667904100815e-08,20.036736993175662,0.07937410170700376,0.13258909606610964,1.2742749857031322e-06,5.844865119843774
strong_low_noise,180,65,3.3598182862837814e-08,31.99830265070321,0.12875520169260835,0.11118912160030706,1e-06,5.604890491020016
strong_low_noise,180,66,1.1288378916846883e-05,1.9223268140447995,0.0331414818495499,0.23563504627272727,7.847599703514607e-07,5.714143457030878
strong_low_noise,180,67,0.01,0.012117769537686323,0.05772361577786311,-0.01635535162126198,6.158482110660254e-07,5.520881872071711
strong_low_noise,180,68,7.847599703514607e-07,5.543502350880719,0.03280858376156215,0.19099869077153034,1.2742749857031322e-06,5.543502350880719
strong_low_noise,180,69,2.3357214690901212e-07,11.336405214127643,0.01328404911374148,0.22349349483689923,6.158482110660254e-07,5.758293921951329
strong_low_noise,180,70,0.0005455594781168515,0.1812072697161544,0.057139713052430596,0.03927679047237351,7.847599703514607e-07,5.761191278540841
strong_low_noise,180,71,8.858667904100815e-08,19.60269725319175,0.06890518595881434,0.16731211812626123,1e-06,5.730470076351856
strong_low_noise,180,72,7.847599703514623e-09,62.37357973928582,0.20982042299888182,0.06402074135718279,4.832930238571752e-07,5.766736773437443
strong_low_noise,180,73,1.8329807108324338e-07,12.792323878815454,0.038946640575721614,0.16108443353039165,7.847599703514607e-07,5.749546204760452
strong_low_noise,180,74,0.01,0.013588104814544023,0.057636570047636226,0.0929132198663293,6.158482110660254e-07,5.64330683296339
strong_low_noise,180,75,4.281332398719387e-06,2.6207873783172144,0.05478166364973691,0.1033500531127893,3.792690190732246e-07,5.517524872210532
strong_low_noise,180,76,7.847599703514607e-07,5.56189371998747,0.006566681369387206,0.24030217452805078,1.6237767391887209e-06,5.56189371998747
strong_low_noise,180,77,4.832930238571752e-07,7.442368307371943,0.01733587055705732,0.20945653356228344,3.792690190732246e-07,5.753561555979575
strong_low_noise,180,78,6.158482110660254e-09,67.25764752080377,0.3155530703143403,0.14036297640831452,2.06913808111479e-06,5.596289680527309
strong_low_noise,180,79,8.858667904100815e-06,2.104515566176416,0.029411715764260604,0.17273815794985273,4.832930238571752e-07,5.886828122852497
strong_low_noise,180,80,3.359818286283781e-06,2.899137156439257,0.03255668964917491,0.16501518701937345,4.832930238571752e-07,5.572838711482747
strong_low_noise,180,81,2.6366508987303555e-06,3.2052031847778846,0.0066657744731135615,0.24351273743086227,1.2742749857031322e-06,5.546276504543949
strong_low_noise,180,82,7.847599703514607e-07,5.540731282608253,0.021502886820021327,0.19413711399701056,6.158482110660254e-07,5.540731282608253
strong_low_noise,180,83,6.158482110660254e-07,6.48759725033173,0.01141672590243048,0.23583357774235067,4.832930238571752e-07,5.715812685660658
strong_low_noise,180,84,7.847599703514607e-07,5.650818413603924,0.03880560813771661,0.20283310325200102,1.2742749857031322e-06,5.650818413603924
strong_low_noise,180,85,0.0001274274985703132,0.6163414684462136,0.05532720416297465,0.05341818649990817,6.158482110660254e-07,5.8479360050841045
strong_low_noise,180,86,2.976351441631313e-07,9.921116564615005,0.03461835008334979,0.17773639839548852,6.158482110660254e-07,5.838012193338229
strong_low_noise,180,87,4.832930238571752e-07,7.22889365228222,0.006494920383423364,0.24217889087530167,1.2742749857031322e-06,5.603266062224582
strong_low_noise,180,88,1.438449888287663e-07,13.945505387484157,0.025908367812925936,0.2233703045075651,1.2742749857031322e-06,5.38829813642039
strong_low_noise,180,89,4.832930238571752e-07,7.141255965149919,0.006180246200929496,0.233490040009613,7.847599703514607e-07,5.524761747160908
strong_low_noise,180,90,7.847599703514607e-07,5.566616730495819,0.015204975295223577,0.21072739058742437,4.832930238571752e-07,5.566616730495819
strong_low_noise,180,91,0.0001274274985703132,0.5711600244823966,0.053789392910372213,0.087157728198475,6.158482110660254e-07,5.675461160256564
strong_low_noise,180,92,4.832930238571752e-07,7.4757498186226155,0.002729668816596642,0.24143031214998842,7.847599703514607e-07,5.791823385608291
strong_low_noise,180,93,4.281332398719396e-08,28.2081821576853,0.12103847526176681,0.1425682025696794,1.2742749857031322e-06,5.563477712008048
strong_low_noise,180,94,4.832930238571752e-07,7.4808433831747,0.004846788970057192,0.24052520502342178,1e-06,5.798276223227924
strong_low_noise,180,95,6.951927961775606e-06,2.2884106690512684,0.04134039210610252,0.13190514560613428,6.158482110660254e-07,5.6985985269092065
strong_low_noise,180,96,4.281332398719387e-06,2.7051094927447763,0.03642741701980723,0.14807977741595968,7.847599703514607e-07,5.6336246646297505
strong_low_noise,180,97,2.6366508987303555e-06,3.2516100674758626,0.02192959639094616,0.21815137573792015,6.158482110660254e-07,5.618533021075399
strong_low_noise,180,98,1.438449888287663e-07,15.120267113568174,0.05575354816655875,0.12007913571589003,1e-06,5.808536551179836
strong_low_noise,180,99,6.951927961775606e-06,2.2104088105795254,0.0352697597250764,0.15847577117465178,1.2742749857031322e-06,5.577861930908878
strong_low_noise,180,100,2.0691380811147902e-08,40.671206706605254,0.10626189823226673,0.122446847736706,2.976351441631313e-07,5.630943185869983
strong_low_noise,180,101,6.158482110660254e-07,6.420954501951434,0.017710142409054552,0.20421410426586084,1e-06,5.66623959131074
strong_low_noise,180,102,1e-06,5.081099006752934,0.022771358351260762,0.20125049447336868,7.847599703514607e-07,5.7265209841400475
strong_low_noise,180,103,1.8329807108324338e-07,12.405270916413528,0.04899454426497363,0.2118119109157779,1.6237767391887209e-06,5.545132414468234
strong_low_noise,180,104,2.3357214690901212e-07,11.22238339349057,0.04799468539212848,0.18640333382882776,2.06913808111479e-06,5.749148209278494
strong_low_noise,180,105,1e-06,4.992102033034597,0.035193467181602545,0.18286526413906493,1.1288378916846883e-05,5.635684113157234
strong_low_noise,180,106,3.359818286283781e-06,2.9480779085359665,0.024180301770526325,0.18626566626668745,6.158482110660254e-07,5.633746871434416
strong_low_noise,180,107,0.0003359818286283774,0.3271494555876312,0.05489196849400424,0.062036510648342175,6.158482110660254e-07,5.725384273329938
strong_low_noise,180,108,4.281332398719396e-08,28.82916364309884,0.07098816366267924,0.1782857007188605,1e-06,5.776665708125823
strong_low_noise,180,109,6.951927961775605e-08,21.868312049625512,0.07058756041323777,0.22189064995756475,2.06913808111479e-06,5.6120524070312205
strong_low_noise,180,110,5.4555947811685146e-08,24.516358470046463,0.07063084955222787,0.15271312343979027,6.158482110660254e-07,5.4780752449230015
strong_low_noise,180,111,0.0001,0.6562838224967648,0.05113275949949103,0.12218760638419274,1e-06,5.5482427456187065
strong_low_noise,180,112,1e-06,4.912484262344231,0.0017167706723529852,0.2449889286439313,1.6237767391887209e-06,5.536395543066716
strong_low_noise,180,113,1.438449888287663e-07,14.458349141068078,0.04312751305775664,0.15383679718910828,1e-06,5.607043349839078
strong_low_noise,180,114,2.6366508987303555e-08,37.21290883617271,0.0824014079223574,0.17758511581600592,1e-06,5.796390271810597
strong_low_noise,180,115,8.858667904100815e-08,18.99515448818563,0.04854311708853554,0.13371765541905611,6.158482110660254e-07,5.554818116956886
strong_low_noise,180,116,1.2742749857031322e-06,4.3783855029733125,0.005910868097602662,0.24053208705726037,1e-06,5.531085560374038
strong_low_noise,180,117,1.438449888287663e-07,14.530487717265625,0.016655281720850956,0.21688808365149972,7.847599703514607e-07,5.610617828639908
strong_low_noise,180,118,1.8329807108324338e-07,12.135518707140848,0.09401461354576712,0.1773782488424984,0.0001274274985703132,5.401097010160093
strong_low_noise,180,119,4.832930238571752e-07,7.179065028807118,0.0542447806507651,0.16629329415695476,1.1288378916846883e-05,5.566001669440677
strong_low_noise,180,120,4.8329302385717524e-05,0.9784204058762391,0.046952510446175655,0.12478699230405735,1e-06,5.684554712627268
strong_low_noise,180,121,6.158482110660254e-07,6.50126979021388,0.011854919907721362,0.22351146777804246,7.847599703514607e-07,5.734808251933556
strong_low_noise,180,122,1.274274985703132e-08,49.48903179565783,0.18126097377692063,0.12562225195496884,1.2742749857031322e-06,5.539921204260571
strong_low_noise,180,123,3.359818286283781e-06,2.945438329215613,0.06846143414756023,0.11840745251029408,0.0003359818286283774,5.598117086773335
strong_low_noise,180,124,4.281332398719387e-06,2.667800600647618,0.039837525020327336,0.13880211679056506,4.832930238571752e-07,5.602667422227227
strong_low_noise,180,125,7.847599703514607e-07,5.5401054826708584,0.014422756212598808,0.2263007676456974,7.847599703514607e-07,5.5401054826708584
strong_low_noise,180,126,3.792690190732246e-07,8.389736713842208,0.013745027118177378,0.22969212398197048,1e-06,5.674941942109409
strong_low_noise,180,127,0.0006951927961775591,0.1374626116087707,0.05592529577194716,0.09582650679503522,6.158482110660254e-07,5.664276060135923
strong_low_noise,180,128,0.01,0.011247804891103438,0.05764842294601735,0.14375206112721084,6.158482110660254e-07,5.668402081120172
strong_low_noise,180,129,1.2742749857031322e-06,4.47544055997361,0.03438729650328609,0.15980556987125294,4.832930238571752e-07,5.6488721634681704
strong_low_noise,180,130,2.976351441631313e-07,9.181906424429432,0.052413359748025745,0.12664805325125303,7.847599703514607e-07,5.417804346871609
strong_low_noise,180,131,2.0691380811147902e-08,41.07520604809069,0.14968858340640945,0.1473978395365885,1e-06,5.706660879325712
strong_low_noise,180,132,1.8329807108324338e-07,12.415487056610353,0.03196795877843206,0.18744629757605308,1e-06,5.552213240936443
strong_low_noise,180,133,2.3357214690901212e-07,10.813181631943815,0.024394831977389897,0.2404223296271661,1.6237767391887209e-06,5.545718878701694
strong_low_noise,180,134,2.06913808111479e-06,3.6331130253340485,0.022334100701601023,0.1950187423934179,6.158482110660254e-07,5.694212233327226
strong_low_noise,180,135,1e-06,4.681033950626688,0.0034789288098445725,0.23980719647376442,1e-06,5.275648114221716
strong_low_noise,180,136,1.8329807108324338e-07,12.969627273871987,0.031072338569914315,0.22475512683477217,1.6237767391887209e-06,5.756965575436112
strong_low_noise,180,137,3.792690190732246e-07,8.363088519769036,0.005132782487561105,0.2366485455946854,6.158482110660254e-07,5.667269332879316
strong_low_noise,180,138,1.1288378916846883e-05,1.9147456728179175,0.0262586209046205,0.19269200305805045,1e-06,5.7673328263686106
strong_low_noise,180,139,1.2742749857031322e-06,4.50301754684048,0.023725277553610313,0.18787551120651913,4.832930238571752e-07,5.699785458003668
strong_low_noise,180,140,6.951927961775605e-08,21.882088721087374,0.046707678186998614,0.1817137897479468,1e-06,5.637301353151521
strong_low_noise,180,141,8.858667904100815e-08,19.292838287421333,0.037491758480190485,0.1627857526588432,7.847599703514607e-07,5.733056627864519
strong_low_noise,180,142,2.6366508987303555e-06,3.158222028999297,0.019341450078575906,0.20097395476164254,7.847599703514607e-07,5.48221286465906
strong_low_noise,180,143,0.01,0.01207623695477232,0.05757167735079938,0.08229253492121882,6.158482110660254e-07,5.770425158219068
strong_low_noise,180,144,1e-08,56.52034150000329,0.20773897562517463,0.038185102810656686,2.06913808111479e-06,5.709006834163434
strong_low_noise,180,145,1.438449888287663e-07,14.425424623926617,0.035267218442987525,0.20831426285812144,1.2742749857031322e-06,5.553718134864271
strong_low_noise,180,146,6.158482110660254e-07,6.538352906062767,0.016162116903501222,0.21042737358089358,6.158482110660254e-07,5.759890634054427
strong_low_noise,180,147,3.359818286283781e-06,2.9716263444111304,0.02206601648715867,0.20890282167283458,4.832930238571752e-07,5.730669107100321
strong_low_noise,180,148,2.3357214690901212e-07,11.188379568228015,0.01694000803476714,0.21469485134932326,4.832930238571752e-07,5.763395466587642
strong_low_noise,180,149,1e-06,5.066395745548904,0.012629447789587966,0.2238906014017837,7.847599703514607e-07,5.712424891842848
strong_low_noise,180,150,6.158482110660254e-07,6.405107202458253,0.0034581176844173944,0.23976173620615326,1e-06,5.655112083066922
strong_low_noise,180,151,3.792690190732246e-07,8.047072227448869,0.10078129854419138,0.13124353534940586,0.00042813323987193956,5.455812356552045
strong_low_noise,180,152,1.438449888287663e-07,14.238215725750841,0.019007861984039698,0.22032373352376491,6.158482110660254e-07,5.49797859873575
strong_low_noise,180,153,6.951927961775606e-06,2.226688933195553,0.016049007079181887,0.2265548334781123,1.2742749857031322e-06,5.6290290523029896
strong_low_noise,180,154,0.01,0.013424446966004198,0.0576447624615789,0.13049452144896714,7.847599703514607e-07,5.789245378179696
strong_low_noise,180,155,2.976351441631313e-07,9.571157091078499,0.010290118340658072,0.22679435665431527,7.847599703514607e-07,5.6277259270314435
strong_low_noise,180,156,1.6237767391887209e-06,3.911616217278381,0.023558705834963556,0.18805212403365512,7.847599703514607e-07,5.517040099684264
strong_low_noise,180,157,0.01,0.013504849066813887,0.057646689034908105,0.08786772054477135,1.2742749857031322e-06,5.6939974806192
strong_low_noise,180,158,7.847599703514607e-07,5.908563128624716,0.009478357740215326,0.2325447834250492,1.2742749857031322e-06,5.908563128624716
strong_low_noise,180,159,8.858667904100815e-06,2.0097115167678483,0.07119399485992495,-0.0041789808378401025,6.158482110660254e-07,5.586550354571189
strong_low_noise,180,160,2.3357214690901212e-07,11.142916602564743,0.016188688783541183,0.22378593311519326,1e-06,5.69267774262908
strong_low_noise,180,161,2.3357214690901212e-07,11.13338362367762,0.036309551844388444,0.14952112119151195,6.158482110660254e-07,5.73833321789561
strong_low_noise,180,162,7.847599703514607e-07,5.672413932517335,0.005008813590879901,0.23650791694371756,1.2742749857031322e-06,5.672413932517335
strong_low_noise,180,163,5.4555947811685146e-08,25.24299545949885,0.06642326942830334,0.16290080403555876,7.847599703514607e-07,5.634860708944346
strong_low_noise,180,164,2.6366508987303555e-06,3.2519004967562095,0.04752807948607152,0.11887843086211052,6.158482110660254e-07,5.613523079714562
strong_low_noise,180,165,2.3357214690901212e-07,10.807664274687971,0.01526585253763646,0.21227938753218809,6.158482110660254e-07,5.535959199870506
strong_low_noise,180,166,4.832930238571752e-07,7.249637713687035,0.09176617268788045,0.11096962101376734,0.01,5.620518252873089
strong_low_noise,180,167,3.359818286283781e-06,3.0394204464319645,0.022189170725430807,0.19215680259049947,7.847599703514607e-07,5.778767627769601
strong_low_noise,180,168,1e-06,5.034864004216567,0.0009307428328949596,0.24542954745361154,1e-06,5.6781058881075355
strong_low_noise,180,169,7.847599703514607e-07,5.535056852885523,0.012962330883106943,0.21645109439530263,7.847599703514607e-07,5.535056852885523
strong_low_noise,180,170,1.2742749857031322e-06,4.5464586245811125,0.00803062365756757,0.2322413931661125,6.158482110660254e-07,5.770437257830371
strong_low_noise,180,171,6.158482110660255e-05,0.9099185069649562,0.04565605764850211,0.1272312189010688,7.847599703514607e-07,5.774367542922364
strong_low_noise,180,172,1.8329807108324338e-07,12.754447100388147,0.027798493165389293,0.19964498918007142,7.847599703514607e-07,5.659233645657023
strong_low_noise,180,173,5.455594781168514e-06,2.5241423858642,0.058250604943952844,0.03821045401315437,2.3357214690901212e-07,5.769584419289216
strong_low_noise,180,174,2.06913808111479e-06,3.54597379975258,0.030251228224083437,0.19357617347723993,1.2742749857031322e-06,5.5550340157403015
strong_low_noise,180,175,4.281332398719396e-08,28.459323188420857,0.07358551761530863,0.13668548717987575,7.847599703514607e-07,5.704227327833827
strong_low_noise,180,176,5.4555947811685146e-08,24.27847687288448,0.0763838342576233,0.1690561899108475,1e-06,5.438409385824885
strong_low_noise,180,177,3.792690190732246e-07,8.416488840308288,0.013558382082512921,0.22980999410166839,1.6237767391887209e-06,5.693238582146612
strong_low_noise,180,178,2.6366508987303555e-08,35.27857509649203,0.0796723719634338,0.15599890200270308,6.158482110660254e-07,5.449501226063226
strong_low_noise,180,179,2.06913808111479e-06,3.5877950284359303,0.017394608447885984,0.20540176437760527,4.832930238571752e-07,5.606538277975791
strong_low_noise,180,180,0.01,0.009067642383241658,0.057565129935099546,0.053364311473313594,4.832930238571752e-07,5.510829829382467
strong_low_noise,180,181,1.6237767391887209e-06,4.076667236135997,0.016578330591748403,0.20805190513000837,3.792690190732246e-07,5.740188700430591
strong_low_noise,180,182,8.858667904100815e-06,2.004950293285688,0.03083469734045885,0.20399040638499172,4.832930238571752e-07,5.5093650642072785
strong_low_noise,180,183,3.359818286283781e-06,2.92482118908984,0.01950553708474445,0.2208161114556256,6.158482110660254e-07,5.529461512752336
strong_low_noise,180,184,6.951927961775606e-06,2.2345763744172404,0.0273905112523527,0.1806082318871983,4.832930238571752e-07,5.549614105222262
strong_low_noise,180,185,1.438449888287663e-07,15.024193456676388,0.03681295565444942,0.16128733338120757,6.158482110660254e-07,5.7732364712571815
strong_low_noise,180,186,3.359818286283781e-06,2.9991017933224295,0.014550636742552858,0.23052353377725268,1e-06,5.785263166595426
strong_low_noise,180,187,3.359818286283781e-06,2.961591002989965,0.008461953233768638,0.2416345943413854,1e-06,5.6292682496396775
strong_low_noise,180,188,4.832930238571752e-07,7.389035420296288,0.008787033027609081,0.22797892501054504,4.832930238571752e-07,5.718039292147319
strong_low_noise,180,189,1.8329807108324338e-07,12.66367193220727,0.014874822378071473,0.22160041257599986,1e-06,5.6449824410419565
strong_low_noise,180,190,2.976351441631313e-07,9.733083994260326,0.028828260462474775,0.21605076493149303,1.6237767391887209e-06,5.749734041877569
strong_low_noise,180,191,0.00042813323987193956,0.24377498044176715,0.05458273524032364,0.08071923023669941,7.847599703514607e-07,5.7518698039436655
strong_low_noise,180,192,4.281332398719387e-06,2.732244977863309,0.02601059689511742,0.18112310293032038,6.158482110660254e-07,5.789093319762487
strong_low_noise,180,193,0.01,0.011968979890801382,0.05765319855854967,0.06913188274680646,4.832930238571752e-07,5.745569733579643
strong_low_noise,180,194,1.1288378916846883e-07,16.746734680464307,0.04669533465292153,0.1900399892671489,1e-06,5.700027559965047
strong_low_noise,180,195,1.8329807108324338e-07,12.521295614701945,0.024798678304916222,0.19877868490518683,6.158482110660254e-07,5.5986810265933595
strong_low_noise,180,196,1.1288378916846883e-05,1.9022400427014547,0.0804349617245439,-0.050367839457325106,0.01,5.697523116287915
strong_low_noise,180,197,6.951927961775606e-06,2.3006888817943394,0.028342001324419996,0.2337096796782255,6.158482110660254e-07,5.825766906213497
strong_low_noise,180,198,1.8329807108324338e-07,12.619488156942786,0.008425059749545993,0.23076405340869233,7.847599703514607e-07,5.63757830276188
strong_low_noise,180,199,1e-06,4.904470631662665,0.008602402592373437,0.22744553423742123,7.847599703514607e-07,5.52698218061747
strong_low_noise,240,0,4.832930238571752e-07,7.286632643194136,0.022855578278676125,0.21586956438553673,1e-06,5.632258269169242
strong_low_noise,240,1,3.792690190732246e-07,8.418319034126144,0.005344644891717376,0.235143246497403,6.158482110660254e-07,5.692361955634086
strong_low_noise,240,2,1e-06,5.014768914537786,0.012957433384861328,0.23286950036341375,6.158482110660254e-07,5.668514135034516
strong_low_noise,240,3,4.281332398719387e-06,2.688882171616523,0.015372412939995583,0.21611755475782202,1e-06,5.678588655825381
strong_low_noise,240,4,2.3357214690901212e-07,11.3843653341253,0.021626139887902296,0.19425029596978988,1e-06,5.813830537590133
strong_low_noise,240,5,6.158482110660254e-07,6.496740101851375,0.005983600131285627,0.23693736094132506,6.158482110660254e-07,5.712288858324097
strong_low_noise,240,6,2.3357214690901212e-07,11.200618058454442,0.017182569284189375,0.20997476291293724,6.158482110660254e-07,5.707438068463282
strong_low_noise,240,7,4.832930238571752e-07,7.62547222183715,0.004628551813486426,0.24271547000035024,1e-06,5.8756804050531715
strong_low_noise,240,8,1e-06,5.098745374017063,0.017750209576709808,0.2083403820701313,4.832930238571752e-07,5.763037422173803
strong_low_noise,240,9,6.158482110660254e-07,6.5712809159128645,0.01320848749949255,0.21607069131664272,2.976351441631313e-07,5.784421960731476
strong_low_noise,240,10,0.01,0.010475608880342966,0.05766710408358522,0.10476259567696167,6.158482110660254e-07,5.815644372793255
strong_low_noise,240,11,1.2742749857031322e-06,4.590438172936508,0.021871315740126462,0.20267071563794573,6.158482110660254e-07,5.826953795162186
strong_low_noise,240,12,2.976351441631313e-07,9.55399192550671,0.023656831517006593,0.18833099169930392,3.792690190732246e-07,5.610801082331064
strong_low_noise,240,13,1.2742749857031322e-06,4.535702864462132,0.020788141801165172,0.20049566840261288,4.832930238571752e-07,5.755850463596813
strong_low_noise,240,14,2.06913808111479e-06,3.634580375726805,0.02145052964773586,0.20569349936576034,6.158482110660254e-07,5.738940428723232
strong_low_noise,240,15,0.01,0.012156031536575943,0.057607622079607346,0.08158869167930374,4.832930238571752e-07,5.799237491869894
strong_low_noise,240,16,0.0001,0.6966273394762873,0.06389693314742839,-0.03240919944969798,4.832930238571752e-07,5.6930844889565835
strong_low_noise,240,17,0.01,0.011934660421886624,0.05766604876689441,0.1344793887887094,6.158482110660254e-07,5.680509170879568
strong_low_noise,240,18,2.3357214690901212e-07,11.355544671761791,0.031695863126865786,0.21224966231960937,1e-06,5.785528553793802
strong_low_noise,240,19,0.01,0.013809253790271,0.05763097920853222,0.06135685912556664,7.847599703514607e-07,5.685759047626104
strong_low_noise,240,20,1.2742749857031322e-06,4.569961571311107,0.027582046911174052,0.1834163138566409,4.832930238571752e-07,5.788637568002233
strong_low_noise,240,21,8.858667904100815e-06,2.0475366968972564,0.03103823318137644,0.2039486150775509,7.847599703514607e-07,5.742419104017323
strong_low_noise,240,22,4.832930238571752e-07,7.520969548355813,0.013887323160646892,0.21463064480363528,4.832930238571752e-07,5.803732328553301
strong_low_noise,240,23,4.281332398719396e-08,29.397468934358134,0.05473782832773155,0.1695508682028,4.832930238571752e-07,5.692243246374533
strong_low_noise,240,24,1e-08,58.61377414720227,0.13132658329989177,0.11151487340093096,6.158482110660254e-07,5.537688035128494
strong_low_noise,240,25,2.976351441631313e-07,9.633416495686548,0.015793433162943016,0.20975354399589652,4.832930238571752e-07,5.647567033444155
strong_low_noise,240,26,4.832930238571752e-07,7.211499814861316,0.002439519656584066,0.24397648761747145,7.847599703514607e-07,5.565292445352612
strong_low_noise,240,27,0.01,0.01294890231383004,0.057554603873332555,0.0659926839101314,6.158482110660254e-07,5.653314575541989
strong_low_noise,240,28,6.158482110660254e-09,71.98985983151596,0.18887966225666153,0.14813570041537602,1.2742749857031322e-06,5.7427643272830755
strong_low_noise,240,29,8.858667904100815e-08,19.940246755940933,0.03321266144047552,0.16798970450388384,4.832930238571752e-07,5.772793322297801
strong_low_noise,240,30,0.01,0.011150158606238109,0.05758766602523846,0.07958554393010077,7.847599703514607e-07,5.551357861292945
strong_low_noise,240,31,2.976351441631313e-07,9.564952931907197,0.00994496029605585,0.23096057600109376,7.847599703514607e-07,5.617967577497186
strong_low_noise,240,32,0.01,0.013371240471598057,0.05770411524091057,0.016657885850698953,6.158482110660254e-07,5.758447450301882
strong_low_noise,240,33,2.976351441631313e-07,9.762537148227327,0.00958477468819452,0.22497090797773514,4.832930238571752e-07,5.701694222929482
strong_low_noise,240,34,4.8329302385717524e-05,1.0260215500538965,0.04779782056051474,0.1698886367017448,7.847599703514607e-07,5.788299674097975
strong_low_noise,240,35,1.2742749857031322e-06,4.5228996192605315,0.031561517836066866,0.16547368982900065,4.832930238571752e-07,5.728925971164231
strong_low_noise,240,36,5.4555947811685146e-08,26.014569559781627,0.03373129193509794,0.20061602050556301,6.158482110660254e-07,5.755151115006476
strong_low_noise,240,37,1e-06,5.075272715763315,0.019753165139851814,0.19869792405919467,6.158482110660254e-07,5.727675450685097
strong_low_noise,240,38,2.976351441631313e-07,9.588729609055902,0.02854262658732143,0.17902377424987576,3.792690190732246e-07,5.629169749958901
strong_low_noise,240,39,6.158482110660254e-07,6.338641903963097,0.004154041203105363,0.24018432620577676,6.158482110660254e-07,5.584654879661442
strong_low_noise,240,40,1.438449888287663e-07,14.778429918249126,0.014258343317705036,0.23216119375510155,1e-06,5.704986089995094
strong_low_noise,240,41,1.438449888287663e-07,14.723365547709077,0.013859061378314386,0.22106329074177142,7.847599703514607e-07,5.688078578173499
strong_low_noise,240,42,0.0008858667904100832,0.11333846529386497,0.05671784197866092,0.10891926149752777,4.281332398719387e-06,5.492224636364095
strong_low_noise,240,43,2.6366508987303555e-06,3.2849193291516303,0.01062282177249918,0.2230404023705583,4.832930238571752e-07,5.686393026963067
strong_low_noise,240,44,1.1288378916846883e-07,17.3827803341206,0.031790947111835055,0.1904327748845744,1e-06,5.824120788377244
strong_low_noise,240,45,1.6237767391887209e-06,4.08901303267544,0.00406955834795153,0.2381559541303337,1.6237767391887209e-06,5.7809624784129685
strong_low_noise,240,46,2.976351441631313e-07,9.712759842026967,0.024090791746578355,0.1926513112588539,7.847599703514607e-07,5.720278176912659
strong_low_noise,240,47,6.951927961775606e-06,2.2926901238652833,0.033727763727234183,0.16307054444358507,6.158482110660254e-07,5.786929528842733
strong_low_noise,240,48,7.847599703514607e-07,5.6248978420687115,0.007786899958587723,0.2315013672571158,4.832930238571752e-07,5.6248978420687115
strong_low_noise,240,49,1e-06,4.925395229431282,0.023379751420775752,0.1898423421915304,6.158482110660254e-07,5.558236637183001
strong_low_noise,240,50,6.951927961775606e-06,2.2343023068911547,0.029742869490189672,0.2057099152337067,6.158482110660254e-07,5.685492619945502
strong_low_noise,240,51,2.6366508987303555e-06,3.3126813357711566,0.009241892208515678,0.23602969322825415,7.847599703514607e-07,5.763954540186407
strong_low_noise,240,52,3.792690190732238e-09,84.94357874683176,0.28275844387346694,0.08182256359613016,4.832930238571752e-07,5.700314913066962
strong_low_noise,240,53,4.281332398719387e-06,2.7262825240526114,0.024280148658838985,0.230383611142365,6.158482110660254e-07,5.780356327845458
strong_low_noise,240,54,1.2742749857031322e-06,4.474692565103617,0.005673339845439718,0.2342984330628072,7.847599703514607e-07,5.66446422313672
strong_low_noise,240,55,1.43844988828766e-05,1.6880986723831473,0.026320117241873997,0.1942934907005543,1.6237767391887209e-06,5.66725594999546
strong_low_noise,240,56,1e-06,5.204761430451805,0.005419174586680953,0.2355069641489422,6.158482110660254e-07,5.8807438299095995
strong_low_noise,240,57,0.01,0.012805721116521711,0.05757027792302172,0.07880722182615246,6.158482110660254e-07,5.680865535564716
strong_low_noise,240,58,0.00143844988828766,0.08655759737024504,0.056735196558314605,0.05393757033462403,3.792690190732246e-07,5.834565686361386
strong_low_noise,240,59,4.832930238571752e-07,7.203436164423421,0.013801582520804212,0.2147476271070916,4.832930238571752e-07,5.571133155271108
strong_low_noise,240,60,1.623776739188721e-08,46.825918037498084,0.11349013375878392,0.12198574543071049,3.792690190732246e-07,5.59335051363264
strong_low_noise,240,61,0.01,0.013452492484783396,0.05764937711586726,0.13958403692052154,4.832930238571752e-07,5.67977940955979
strong_low_noise,240,62,1e-06,5.218917177244579,0.0061835050262316615,0.23368106119798665,6.158482110660254e-07,5.891698614081384
strong_low_noise,240,63,2.06913808111479e-06,3.5743321652345,0.008148700415047783,0.23540221891024246,7.847599703514607e-07,5.643139946885695
strong_low_noise,240,64,1e-06,5.151098459202764,0.02837670365866496,0.1748531269124981,1e-06,5.821863121643917
strong_low_noise,240,65,1.6237767391887209e-06,4.010408164832624,0.016962861101514903,0.2107194505454246,1e-06,5.694513595298141
strong_low_noise,240,66,3.792690190732246e-07,8.51953379339154,0.004888364659869859,0.23617803110072064,7.847599703514607e-07,5.728602332919195
strong_low_noise,240,67,8.858667904100815e-08,19.668932202631098,0.04618337496652791,0.14699537426131987,7.847599703514607e-07,5.655420789131699
strong_low_noise,240,68,1.6237767391887209e-06,4.029751606771115,0.04041856126210985,0.1604752236213526,7.847599703514607e-07,5.706725788567401
strong_low_noise,240,69,3.792690190732246e-07,8.563352294575356,0.005142716467382069,0.2371329038968693,7.847599703514607e-07,5.750762184882346
strong_low_noise,240,70,3.792690190732246e-07,8.527213076162719,0.019871418414364572,0.2030301863762075,6.158482110660254e-07,5.758653481638855
strong_low_noise,240,71,0.01,0.01169816108942555,0.057600503094976996,0.07130495807462951,6.158482110660254e-07,5.769017483495715
strong_low_noise,240,72,3.792690190732246e-07,8.66180307462331,0.013240057776503611,0.21925541380215688,4.832930238571752e-07,5.814377108906159
strong_low_noise,240,73,0.0001274274985703132,0.5776862534420845,0.052168382366742816,0.07921434063885655,7.847599703514607e-07,5.8130370592492495
strong_low_noise,240,74,7.847599703514607e-07,5.770763713574047,0.00907008345145599,0.22983262583156808,6.158482110660254e-07,5.770763713574047
strong_low_noise,240,75,0.01,0.0098380718356918,0.057636918736041265,0.06253638270649182,3.792690190732246e-07,5.504732644190382
strong_low_noise,240,76,1.623776739188721e-08,46.755029154506786,0.08500464765356974,0.181691436646032,1e-06,5.538389759792973
strong_low_noise,240,77,6.158482110660254e-07,6.566903269850987,0.0116542833490203,0.2206256968245376,4.832930238571752e-07,5.781554314748518
strong_low_noise,240,78,7.847599703514623e-09,65.11411020781581,0.21105421878612307,0.1406262911020135,1.2742749857031322e-06,5.643269938474789
strong_low_noise,240,79,4.281332398719387e-06,2.7668027320593334,0.028691427215783993,0.17287960325555524,2.976351441631313e-07,5.882622319968932
strong_low_noise,240,80,3.3598182862837814e-08,33.15288544015118,0.0512829251725766,0.18867211082602733,6.158482110660254e-07,5.653047136292637
strong_low_noise,240,81,3.792690190732246e-07,8.343931832014665,0.017413058639013435,0.22589262689553813,1.6237767391887209e-06,5.621529320474953
strong_low_noise,240,82,1.6237767391887209e-06,3.9667210366786527,0.022304090734467152,0.19161337308410342,4.832930238571752e-07,5.621153414314181
strong_low_noise,240,83,1e-06,5.096888295506591,0.010263365440881023,0.23951928209291218,4.832930238571752e-07,5.756169942102112
strong_low_noise,240,84,6.951927961775606e-06,2.2840677511819374,0.04413541720600744,0.14761277567352354,4.832930238571752e-07,5.804579609405955
strong_low_noise,240,85,7.847599703514607e-07,5.799506526741383,0.028821175462138582,0.18371524655506632,4.832930238571752e-07,5.799506526741383
strong_low_noise,240,86,0.01,0.010914666115012059,0.05757297677602857,0.08388650992866718,4.832930238571752e-07,5.790461155326055
strong_low_noise,240,87,2.3357214690901212e-07,11.09274669938858,0.014265406227458644,0.2401662545280445,1.6237767391887209e-06,5.668733646176583
strong_low_noise,240,88,1.8329807108324338e-07,12.450276192905312,0.02490385373203219,0.23077200223082903,1.6237767391887209e-06,5.485598950494985
strong_low_noise,240,89,2.3357214690901212e-07,10.892697806319523,0.01595379129526353,0.22906086772536008,1e-06,5.5433154868997665
strong_low_noise,240,90,1.1288378916846883e-07,16.95039392753874,0.021006105995153623,0.21032572959568405,6.158482110660254e-07,5.641019127105458
strong_low_noise,240,91,6.951927961775606e-06,2.233306125247177,0.02869885059484567,0.1951619537838407,4.832930238571752e-07,5.659207497011551
strong_low_noise,240,92,1e-06,5.148565828006347,0.003182623495826098,0.24015520235471788,1e-06,5.809447178588485
strong_low_noise,240,93,2.6366508987303555e-06,3.244917667093951,0.01782353498804512,0.20496257517633654,7.847599703514607e-07,5.637623563119988
strong_low_noise,240,94,1.6237767391887209e-06,4.087381091146988,0.0039657994531696605,0.24525435020047712,7.847599703514607e-07,5.767292638610049
strong_low_noise,240,95,2.6366508987303555e-06,3.317164240531387,0.025065548918991154,0.20461853191112286,4.832930238571752e-07,5.760288420507542
strong_low_noise,240,96,0.01,0.011635006065903557,0.05770996144525187,0.0028911525307457322,1e-06,5.703260180906178
strong_low_noise,240,97,6.158482110660254e-07,6.409653873882197,0.012057774293313894,0.2217619417804137,4.832930238571752e-07,5.645382340972218
strong_low_noise,240,98,3.359818286283781e-06,3.025151460860652,0.035445163847264594,0.1807950590254541,7.847599703514607e-07,5.7962012613206255
strong_low_noise,240,99,3.792690190732246e-07,8.292119436377739,0.029970399957381266,0.21144448559488976,1e-06,5.584712643642541
strong_low_noise,240,100,4.832930238571752e-07,7.3991974973907775,0.024815930512376738,0.1945653364618945,3.792690190732246e-07,5.703980585998464
strong_low_noise,240,101,3.792690190732246e-07,8.452095565114938,0.012637381078686838,0.2174178180272706,1e-06,5.705182820265069
strong_low_noise,240,102,1.1288378916846883e-07,17.078492887168753,0.026512126563271732,0.20208111219471228,7.847599703514607e-07,5.71990737778107
strong_low_noise,240,103,0.00784759970351459,0.014665326138981302,0.057484951949983265,0.07071794523357093,7.847599703514607e-07,5.575979653594241
strong_low_noise,240,104,7.847599703514607e-07,5.724220238618981,0.017866841402596756,0.22085509021854471,1.2742749857031322e-06,5.724220238618981
strong_low_noise,240,105,0.01,0.012714675436131641,0.05759528433855576,0.1361820896557808,6.158482110660254e-07,5.642542192433751
strong_low_noise,240,106,2.06913808111479e-06,3.6121536603529356,0.022657825073581384,0.19188461416408187,4.832930238571752e-07,5.6900640328181735
strong_low_noise,240,107,2.6366508987303555e-06,3.251675376503557,0.03499065863441786,0.15330446660182037,2.976351441631313e-07,5.6915210719274745
strong_low_noise,240,108,8.858667904100815e-06,2.051824670357338,0.03018404325959312,0.17381802428743082,6.158482110660254e-07,5.74983540109346
strong_low_noise,240,109,3.359818286283781e-06,2.9479362257337285,0.008906825970014576,0.2381228540128893,1.2742749857031322e-06,5.659268724096037
strong_low_noise,240,110,2.3357214690901212e-07,10.750750319444172,0.04489362281724496,0.19161282517989545,7.847599703514607e-07,5.487557821985732
strong_low_noise,240,111,2.3357214690901212e-07,11.102521912618078,0.01072033008459461,0.23051543113992948,7.847599703514607e-07,5.655610038128019
strong_low_noise,240,112,1.6237767391887209e-06,3.9540469331268695,0.0016203916185287826,0.24387120937999113,1.2742749857031322e-06,5.579009561733432
strong_low_noise,240,113,1e-06,5.0364138063713195,0.010525875459401424,0.2266467794090312,6.158482110660254e-07,5.681403349618411
strong_low_noise,240,114,1.1288378916846883e-07,17.742358003671146,0.021790198094796542,0.22813175145803727,1.6237767391887209e-06,5.905453224911632
strong_low_noise,240,115,2.6366508987303555e-06,3.1803864155487536,0.023296483268124613,0.21109239131201638,3.792690190732246e-07,5.544974727660318
strong_low_noise,240,116,1.2742749857031322e-06,4.415608134305598,0.004199161145119978,0.24068211404370948,6.158482110660254e-07,5.590270230586527
strong_low_noise,240,117,0.00042813323987193956,0.22880042668599637,0.05617140017662503,0.1306150172018057,4.832930238571752e-07,5.553861003271051
strong_low_noise,240,118,6.951927961775605e-08,21.91448410857461,0.08693903611398945,0.18261656041490046,1e-06,5.508230507815136
strong_low_noise,240,119,0.0001,0.6456643075587581,0.054038119622971226,0.0682379018361345,1e-06,5.625562477760014
strong_low_noise,240,120,4.832930238571752e-07,7.397714406566632,0.0030501478315401176,0.2432815969886051,1e-06,5.715922299819315
strong_low_noise,240,121,6.951927961775605e-08,22.532446805762994,0.04295360829859407,0.16878411935766638,6.158482110660254e-07,5.710159859935743
strong_low_noise,240,122,1.2742749857031322e-06,4.450367235805854,0.014676054287979245,0.22251489273725017,1e-06,5.632229540709983
strong_low_noise,240,123,1.1288378916846883e-07,17.115568644818,0.028712213854449775,0.1963368926138676,3.792690190732246e-07,5.701592246678846
strong_low_noise,240,124,4.832930238571752e-07,7.2907065774051425,0.019977738918036114,0.20115757929378625,4.832930238571752e-07,5.627730320182994
strong_low_noise,240,125,1.623776739188721e-08,47.313409971539514,0.11169261092784111,0.16988609330200596,7.847599703514607e-07,5.597925655444389
strong_low_noise,240,126,2.06913808111479e-06,3.594967627926733,0.011382493914494196,0.22061722732039407,7.847599703514607e-07,5.641327638598712
strong_low_noise,240,127,4.281332398719396e-08,29.223444228562666,0.0521180077717045,0.1528840641784195,6.158482110660254e-07,5.680739485693616
strong_low_noise,240,128,8.858667904100815e-08,19.822280968000015,0.04894295788632075,0.14266393378788284,6.158482110660254e-07,5.757346896332535
strong_low_noise,240,129,8.858667904100815e-08,19.450815237711723,0.03992080200264392,0.16435032664302757,4.832930238571752e-07,5.684777978594474
strong_low_noise,240,130,1.1288378916846883e-07,16.646749779270944,0.0685622245435955,0.13831235166920522,1e-06,5.522502525199433
strong_low_noise,240,131,2.6366508987303555e-06,3.3074422627765236,0.025204451070494405,0.1834317607660531,7.847599703514607e-07,5.73926504439045
strong_low_noise,240,132,1.2742749857031322e-06,4.357138750044011,0.008488912144990701,0.22802948495618544,7.847599703514607e-07,5.506534384823458
strong_low_noise,240,133,3.3598182862837814e-08,33.158818852909945,0.07224806188103416,0.21215492332720268,1.6237767391887209e-06,5.640023214649831
strong_low_noise,240,134,4.8329302385717524e-05,1.0418608411439076,0.05570460014939782,0.06525453006940805,4.832930238571752e-07,5.75467547626599
strong_low_noise,240,135,2.06913808111479e-06,3.467763447471493,0.008225090332437679,0.2330451529055648,6.158482110660254e-07,5.432463487700885
strong_low_noise,240,136,3.359818286283781e-06,3.039359992386131,0.02809332714004631,0.19054522609202695,1e-06,5.786268051770192
strong_low_noise,240,137,5.455594781168514e-06,2.4033877791622635,0.024089571208298244,0.2169529808215842,4.832930238571752e-07,5.561237825365097
strong_low_noise,240,138,8.858667904100815e-06,2.120799340452658,0.026499803906064212,0.19898049587281494,6.158482110660254e-07,5.870707472099595
strong_low_noise,240,139,1.438449888287663e-07,14.769761098541673,0.016554066283097635,0.21010171981231096,4.832930238571752e-07,5.673859670719633
strong_low_noise,240,140,3.359818286283781e-06,2.9754989372393106,0.01493829803596447,0.2369976307785967,7.847599703514607e-07,5.725939639703845
strong_low_noise,240,141,1.1288378916846883e-07,17.528164247201456,0.03327963132747813,0.167723180328576,6.158482110660254e-07,5.850422189621155
strong_low_noise,240,142,6.158482110660254e-07,6.3034400040002,0.009538075000612989,0.22540361222726266,6.158482110660254e-07,5.553790668793711
strong_low_noise,240,143,6.951927961775605e-08,22.586375349684797,0.05218763459618536,0.16119200035420295,6.158482110660254e-07,5.723547657637454
strong_low_noise,240,144,1.438449888287663e-07,14.939463202565612,0.06188389411323114,0.10551205508280907,7.847599703514607e-07,5.724843739800855
strong_low_noise,240,145,0.01,0.012739529877827366,0.05761163878034248,0.08535450213187326,6.158482110660254e-07,5.618313804766987
strong_low_noise,240,146,0.01,0.012818524749576355,0.05770308937409885,0.007598665442754019,3.792690190732246e-07,5.754720577278937
strong_low_noise,240,147,6.158482110660254e-07,6.437802793245961,0.014954630379897638,0.21154006151977403,4.832930238571752e-07,5.6729421853911
strong_low_noise,240,148,1.2742749857031322e-06,4.543185857977969,0.01697638950574487,0.22046737429417373,3.792690190732246e-07,5.760919903908592
strong_low_noise,240,149,7.847599703514607e-07,5.735099240008869,0.014425544143745861,0.226723202134743,1e-06,5.735099240008869
strong_low_noise,240,150,2.976351441631313e-05,1.2420497814724545,0.04797418365871231,0.13559164651879496,4.832930238571752e-07,5.692942580725426
strong_low_noise,240,151,5.4555947811685146e-08,25.347842503038287,0.0831831994912775,0.16369514573484517,7.847599703514607e-07,5.601022752151615
strong_low_noise,240,152,1.8329807108324338e-07,12.630202861604129,0.019584154689218036,0.22510431693567182,7.847599703514607e-07,5.578266899284694
strong_low_noise,240,153,1.6237767391887209e-06,4.015959919353174,0.01347628426962244,0.22125630988909206,1.2742749857031322e-06,5.671458692821986
strong_low_noise,240,154,6.158482110660254e-07,6.506738706241802,0.002351449495970881,0.24261873969631143,6.158482110660254e-07,5.7262344213360805
strong_low_noise,240,155,1e-06,5.018247775932503,0.009694876167633981,0.22459152683603734,7.847599703514607e-07,5.669374120395405
strong_low_noise,240,156,7.847599703514607e-07,5.596023610161581,0.014150145045759066,0.21827081467959786,1e-06,5.596023610161581
strong_low_noise,240,157,6.158482110660254e-07,6.515054668015845,0.017118603087654116,0.22941188238868512,1.6237767391887209e-06,5.738613757263477
strong_low_noise,240,158,3.792690190732246e-05,1.1563546208485016,0.04307416551925691,0.12813755413968592,7.847599703514607e-07,5.966166921103304
strong_low_noise,240,159,0.01,0.013254852232157412,0.057730951602434466,-0.021923756922764954,3.792690190732246e-07,5.740744594112708
strong_low_noise,240,160,0.0001,0.6923502071774289,0.05254250825818829,0.09091175858825558,4.832930238571752e-07,5.709856815187019
strong_low_noise,240,161,8.858667904100815e-08,19.94264421333275,0.029056882589050925,0.1785361700863585,4.832930238571752e-07,5.848518173579449
strong_low_noise,240,162,6.158482110660254e-07,6.526193182879024,0.011293513420866153,0.22468403808463291,1.6237767391887209e-06,5.751297616621856
strong_low_noise,240,163,1e-06,4.993387995611913,0.01726334250739814,0.211462095456058,7.847599703514607e-07,5.6373715802764135
strong_low_noise,240,164,2.06913808111479e-06,3.6050807992589897,0.033506586869475385,0.16061936521896286,3.792690190732246e-07,5.663387881766037
strong_low_noise,240,165,0.01,0.012355719886300937,0.05765349764850081,0.16829002100393198,4.832930238571752e-07,5.616210311967472
strong_low_noise,240,166,7.847599703514607e-07,5.737408771150588,0.06674738732751906,0.12174289983269433,3.359818286283781e-06,5.737408771150588
strong_low_noise,240,167,1.6237767391887209e-06,4.097050970658743,0.01424411065213338,0.21457192729139546,6.158482110660254e-07,5.794589667570754
strong_low_noise,240,168,2.6366508987303555e-08,38.01957335579551,0.06684687769875164,0.20682002835269836,1.2742749857031322e-06,5.7254574784118955
strong_low_noise,240,169,3.792690190732246e-07,8.383684890120993,0.007078733450046837,0.23269492199547204,1e-06,5.657952467988963
strong_low_noise,240,170,4.832930238571752e-07,7.552098902088591,0.007902404081444936,0.22985203409027458,6.158482110660254e-07,5.817875240149015
strong_low_noise,240,171,2.3357214690901212e-07,11.36008684137585,0.015350440555134348,0.23136997816183374,1e-06,5.766613430610279
strong_low_noise,240,172,1.6237767391887209e-06,4.010388133221103,0.018065573190544026,0.20638116562876926,6.158482110660254e-07,5.695623135758758
strong_low_noise,240,173,0.01,0.01119758660624805,0.05766880887969905,0.05887067818850389,2.976351441631313e-07,5.875176084713556
strong_low_noise,240,174,2.3357214690901212e-07,10.91037372870402,0.030040333637946892,0.2200752677707053,1.2742749857031322e-06,5.553411510107372
strong_low_noise,240,175,1.2742749857031322e-06,4.575809833727195,0.01285804914898414,0.23417732939143174,6.158482110660254e-07,5.798801075413564
strong_low_noise,240,176,2.976351441631313e-07,9.446207872689069,0.015467351254139339,0.2248593950413558,1.2742749857031322e-06,5.557345883881951
strong_low_noise,240,177,7.847599703514607e-07,5.741718231723694,0.005501477789315201,0.23947991149570164,1.6237767391887209e-06,5.741718231723694
strong_low_noise,240,178,1.438449888287663e-07,14.594260833207747,0.017068437572600237,0.2140856816223116,7.847599703514607e-07,5.601387726627893
strong_low_noise,240,179,5.4555947811685146e-08,25.570520980796818,0.038102863846315005,0.18951010139946026,6.158482110660254e-07,5.654869563707472
strong_low_noise,240,180,0.01,0.01097786283569668,0.05758587401347015,0.07012650737232858,6.158482110660254e-07,5.660013407862958
strong_low_noise,240,181,2.06913808111479e-06,3.676321009540152,0.020619515619801243,0.19691713552176998,3.792690190732246e-07,5.764169136702005
strong_low_noise,240,182,1.8329807108324338e-07,12.839718409091452,0.0124799203674536,0.23396398836306598,1e-06,5.63624928658275
strong_low_noise,240,183,4.281332398719396e-08,28.84894938195431,0.04472943502923066,0.1576346723570059,4.832930238571752e-07,5.58255789945075
strong_low_noise,240,184,6.158482110660254e-07,6.320475225406891,0.006538814040221608,0.23230375948315587,4.832930238571752e-07,5.57510395758181
strong_low_noise,240,185,7.847599703514607e-07,5.760110384187232,0.010763820291183168,0.2346492843447545,4.832930238571752e-07,5.760110384187232
strong_low_noise,240,186,2.976351441631313e-05,1.2995934863821665,0.04701267867229342,0.1115645113206205,6.158482110660254e-07,5.755294330572556
strong_low_noise,240,187,7.847599703514607e-07,5.661320279407357,0.0011946732570690122,0.24481194056273098,1e-06,5.661320279407357
strong_low_noise,240,188,1e-06,5.1141533532112575,0.007780382970667077,0.2333888575194276,4.832930238571752e-07,5.773113655714507
strong_low_noise,240,189,8.858667904100815e-06,2.0691348173596995,0.027633612861043155,0.20344244584203836,6.158482110660254e-07,5.648468534576783
strong_low_noise,240,190,4.832930238571752e-07,7.459564659216473,0.013367414776034092,0.2346523912308269,1.6237767391887209e-06,5.762732320617057
strong_low_noise,240,191,6.158482110660255e-05,0.9103026676785788,0.05033291976608423,0.08639446615445961,3.792690190732246e-07,5.805776581167346
strong_low_noise,240,192,1.623776739188721e-08,48.06140223327864,0.10103663518001094,0.15827722540463268,6.158482110660254e-07,5.859054046838686
strong_low_noise,240,193,1.6237767391887209e-06,4.05114644004626,0.017178077302483885,0.23553522596975,4.832930238571752e-07,5.7427479732489255
strong_low_noise,240,194,1e-06,5.058002994013293,0.03382382020345953,0.1820683565181242,7.847599703514607e-07,5.710340501755624
strong_low_noise,240,195,1.438449888287663e-07,14.615503582515148,0.02501614373809735,0.21236192719536712,7.847599703514607e-07,5.627404934832911
strong_low_noise,240,196,0.01,0.01149671694823848,0.057778279808665234,-0.04737445776091773,0.01,5.7079297942840785
strong_low_noise,240,197,5.4555947811685146e-08,26.45270618666563,0.04020007125948344,0.18339033095166893,7.847599703514607e-07,5.870253969392768
strong_low_noise,240,198,6.158482110660254e-07,6.453780361738088,0.006997335123741122,0.23140562627387934,1e-06,5.6807676877445115
strong_low_noise,240,199,4.832930238571752e-07,7.340688212969283,0.005408974251487897,0.24098285365155306,1e-06,5.6760259708662
strong_low_noise,360,0,6.158482110660254e-07,6.354851500304661,0.01075906917354863,0.2373112424706091,1.2742749857031322e-06,6.354851500304661
strong_low_noise,360,1,4.832930238571752e-07,7.474017276885689,0.002804800329725965,0.24133312267258905,6.158482110660254e-07,6.549542890238169
strong_low_noise,360,2,2.3357214690901212e-07,11.593889204091074,0.012862056890906026,0.21716162278260226,6.158482110660254e-07,6.663323317370529
strong_low_noise,360,3,6.158482110660254e-07,6.492430582565007,0.005213363951058869,0.23838533035810128,7.847599703514607e-07,6.492430582565007
strong_low_noise,360,4,1.6237767391887209e-06,4.0993559793316035,0.006992081249805326,0.2449819033538076,6.158482110660254e-07,6.602937474383612
strong_low_noise,360,5,1.8329807108324338e-07,13.28242143883777,0.01054637176621831,0.22522418077874806,7.847599703514607e-07,6.575310815647679
strong_low_noise,360,6,2.06913808111479e-06,3.629237959303449,0.023407048012736964,0.1933479716054961,4.832930238571752e-07,6.521684693784524
strong_low_noise,360,7,2.06913808111479e-06,3.698514385162187,0.004623984303272266,0.24385094542036168,7.847599703514607e-07,6.672525302920377
strong_low_noise,360,8,1e-06,5.206076860335508,0.007773989479660681,0.22962593168825862,6.158482110660254e-07,6.696530017893479
strong_low_noise,360,9,6.951927961775605e-08,23.407384886500292,0.012497931841955578,0.2248728543441195,3.792690190732246e-07,6.599812301592443
strong_low_noise,360,10,7.847599703514607e-07,5.774785988447629,0.012701179860169831,0.218741286594826,4.832930238571752e-07,6.5587440287536545
strong_low_noise,360,11,1.2742749857031322e-06,4.620445000097958,0.016673239669506845,0.2217395647786355,4.832930238571752e-07,6.671594778764426
strong_low_noise,360,12,2.976351441631313e-07,9.749417037543695,0.023390653151294072,0.18864388488773756,3.792690190732246e-07,6.469088018100037
strong_low_noise,360,13,3.792690190732246e-07,8.568893021371256,0.007274554894271756,0.23060546847464009,3.792690190732246e-07,6.537458236041762
strong_low_noise,360,14,1e-06,5.135797396266092,0.008992789676399937,0.2267661268456701,4.832930238571752e-07,6.599129024060222
strong_low_noise,360,15,1e-06,5.119399740001588,0.0076266113540355285,0.24135055653582121,3.792690190732246e-07,6.57893586246582
strong_low_noise,360,16,0.01,0.01244668825854918,0.057719038568204706,-0.010124248914788834,4.832930238571752e-07,6.552986523391415
strong_low_noise,360,17,3.792690190732246e-07,8.468610759218711,0.0038307550858812656,0.2392068905416087,7.847599703514607e-07,6.456541775288842
strong_low_noise,360,18,4.832930238571752e-07,7.427694683327768,0.009899332038007858,0.23263461141574243,7.847599703514607e-07,6.500531110269553
strong_low_noise,360,19,1.1288378916846883e-07,17.55832226273936,0.027224783539802844,0.17847208531659878,6.158482110660254e-07,6.524631436104613
strong_low_noise,360,20,1.438449888287663e-07,15.186849499208089,0.034427925862958286,0.1581263522550856,6.158482110660254e-07,6.557185366171945
strong_low_noise,360,21,4.832930238571752e-07,7.5231851187942596,0.005662363528085468,0.23449532411054183,4.832930238571752e-07,6.588616846899952
strong_low_noise,360,22,6.951927961775605e-08,23.271419584779107,0.03251941702922223,0.18055005237135413,4.832930238571752e-07,6.515048898444933
strong_low_noise,360,23,1.6237767391887209e-06,4.068575033043803,0.022505245794800843,0.1953391572067368,4.832930238571752e-07,6.561087572857462
strong_low_noise,360,24,4.832930238571752e-07,7.333546181659528,0.0038525674263922838,0.23867377659497996,6.158482110660254e-07,6.420842759816919
strong_low_noise,360,25,8.858667904100815e-08,19.912799258420367,0.015068140637724103,0.21738955783480235,4.832930238571752e-07,6.449096525810964
strong_low_noise,360,26,2.0691380811147902e-08,43.388011619812495,0.07188327830908392,0.17332383595343825,6.158482110660254e-07,6.378206689454382
strong_low_noise,360,27,3.792690190732246e-07,8.563767629898415,0.012974964363664965,0.2167616124789362,4.832930238571752e-07,6.526863595564019
strong_low_noise,360,28,2.6366508987303555e-06,3.321872164595451,0.011512185165645339,0.22008587386190476,1e-06,6.569255180089908
strong_low_noise,360,29,4.281332398719387e-06,2.7371555804325896,0.022408391314298393,0.21080174001268387,3.792690190732246e-07,6.602469659441677
strong_low_noise,360,30,1.1288378916846883e-07,16.963261885542416,0.018969709080027597,0.21646821302782324,7.847599703514607e-07,6.337971591919286
strong_low_noise,360,31,5.455594781168514e-06,2.432298088820223,0.02114746619811969,0.19728005093557396,3.792690190732246e-07,6.374972495109292
strong_low_noise,360,32,4.281332398719396e-08,30.198115592803696,0.05107029581738354,0.11962628756518201,4.832930238571752e-07,6.493175512580073
strong_low_noise,360,33,7.847599703514607e-07,5.724784081747404,0.0070670732743400855,0.23309137279075456,3.792690190732246e-07,6.506813899661739
strong_low_noise,360,34,1e-06,5.134277270706989,0.013847352457694528,0.21436794226876435,6.158482110660254e-07,6.6081825052958685
strong_low_noise,360,35,4.8329302385717524e-05,0.9963998073481498,0.052466497681305624,0.07522549621433658,4.832930238571752e-07,6.488566949976633
strong_low_noise,360,36,0.01,0.011927027736368374,0.057623637866371924,0.1608154669031291,6.158482110660254e-07,6.540380704393717
strong_low_noise,360,37,2.3357214690901212e-07,11.335701577655417,0.016736249945737525,0.20972030173578013,4.832930238571752e-07,6.5303993968763425
strong_low_noise,360,38,1e-06,4.966877464552768,0.015971586457130815,0.21036368191643337,3.792690190732246e-07,6.379644768464253
strong_low_noise,360,39,1.2742749857031322e-06,4.507136214450349,0.005890116829722958,0.2447212485852185,3.792690190732246e-07,6.4966739623012035
strong_low_noise,360,40,7.847599703514607e-07,5.773548856645716,0.004600286433890433,0.24105725274551226,1.2742749857031322e-06,6.555551715279222
strong_low_noise,360,41,1.8329807108324338e-05,1.5503159608294044,0.04803223484228292,0.10468534224607096,4.832930238571752e-07,6.532705039967388
strong_low_noise,360,42,1.2742749857031322e-06,4.384812440778102,0.019968093625769456,0.19898096383785793,4.832930238571752e-07,6.30525094565343
strong_low_noise,360,43,0.01,0.012815087343674616,0.057606203455562666,0.09725266133530744,6.158482110660254e-07,6.527935016265662
strong_low_noise,360,44,1.2742749857031322e-06,4.586035389564811,0.004948451351693528,0.23848573395424838,6.158482110660254e-07,6.616706765361872
strong_low_noise,360,45,1.1288378916846883e-07,17.486692992129072,0.027723086120106766,0.21968160894183203,1.2742749857031322e-06,6.5454212479012135
strong_low_noise,360,46,6.951927961775606e-06,2.227914754397516,0.03645646858543272,0.1477062416750285,6.158482110660254e-07,6.4232264660245715
strong_low_noise,360,47,2.6366508987303555e-06,3.3249462549287196,0.018602771835966925,0.20224722450047145,4.832930238571752e-07,6.612967507231276
strong_low_noise,360,48,7.847599703514607e-07,5.7003916689370175,0.0035306979668733307,0.2431648924655831,4.832930238571752e-07,6.477162659359381
strong_low_noise,360,49,0.01,0.010533931519515871,0.057660328966110175,0.09365845088342978,3.792690190732246e-07,6.31816508323232
strong_low_noise,360,50,2.976351441631313e-07,9.790124053672136,0.010163544108859779,0.22397567966515827,6.158482110660254e-07,6.48206406734642
strong_low_noise,360,51,2.6366508987303555e-08,39.440729547236366,0.0392705976597133,0.19134833337719678,6.158482110660254e-07,6.578530910141614
strong_low_noise,360,52,2.6366508987303555e-08,39.325687998361374,0.06813505271392217,0.15859753126315151,6.158482110660254e-07,6.55903673650829
strong_low_noise,360,53,1.6237767391887209e-06,4.109067194713374,0.012422516150435992,0.2393459358826891,4.832930238571752e-07,6.671596803125211
strong_low_noise,360,54,5.455594781168514e-06,2.4841512991238397,0.01882549979233783,0.21289189491192806,4.832930238571752e-07,6.556378260243345
strong_low_noise,360,55,2.6366508987303555e-06,3.1822366326348175,0.009291928712819919,0.2256780008656954,1e-06,6.343781563649659
strong_low_noise,360,56,8.858667904100815e-08,20.580153528395748,0.015322687448672156,0.22560168335314632,7.847599703514607e-07,6.618857870079695
strong_low_noise,360,57,4.832930238571752e-07,7.508850075959277,0.011150896738142624,0.22174386809883678,4.832930238571752e-07,6.5724805709912335
strong_low_noise,360,58,1e-06,5.159492303904503,0.010282654459364937,0.2248409969107808,3.792690190732246e-07,6.639353753474572
strong_low_noise,360,59,2.976351441631313e-07,9.631583631576285,0.009854169103926003,0.2278970740972157,4.832930238571752e-07,6.40973504115035
strong_low_noise,360,60,1.438449888287663e-07,14.708821152050682,0.014158562740865133,0.21348061793879544,4.832930238571752e-07,6.364845438359293
strong_low_noise,360,61,6.158482110660254e-07,6.476289048202586,0.008043566552398018,0.22983312810797346,6.158482110660254e-07,6.476289048202586
strong_low_noise,360,62,2.06913808111479e-06,3.7485663323674143,0.012968520478471635,0.217317374546296,6.158482110660254e-07,6.727871935287462
strong_low_noise,360,63,7.847599703514607e-07,5.722462040775576,0.004490930595376863,0.23814366761569075,6.158482110660254e-07,6.506137675816483
strong_low_noise,360,64,1e-06,5.193200279129232,0.017965750363025834,0.20484736824910565,7.847599703514607e-07,6.682317959607345
strong_low_noise,360,65,0.01,0.013409791182423064,0.05762489282299643,0.08361136260774656,7.847599703514607e-07,6.529804731383988
strong_low_noise,360,66,2.976351441631313e-07,9.818989968579945,0.01097869684608499,0.22360389381389364,1e-06,6.483897585714001
strong_low_noise,360,67,4.832930238571752e-07,7.39103602684479,0.01419026307318827,0.22059006600881045,4.832930238571752e-07,6.469464875783334
strong_low_noise,360,68,7.847599703514607e-07,5.6743625772816,0.016728246447756168,0.20758678496114752,6.158482110660254e-07,6.446290445538878
strong_low_noise,360,69,1.438449888287663e-07,15.283787377718022,0.01586754748695207,0.23434293094138126,1e-06,6.546678840502667
strong_low_noise,360,70,4.832930238571752e-07,7.632051951144165,0.007276358921182502,0.2309600566525537,7.847599703514607e-07,6.68629859622033
strong_low_noise,360,71,1e-06,5.118800203459749,0.0057945551746637625,0.24389435395959966,6.158482110660254e-07,6.5825240128844
strong_low_noise,360,72,1e-06,5.129445598540711,0.017243320284218266,0.20538313875385417,4.832930238571752e-07,6.600993935093548
strong_low_noise,360,73,1e-06,5.167474206507163,0.015244655795240591,0.2118377704044607,6.158482110660254e-07,6.635319300345345
strong_low_noise,360,74,3.792690190732246e-07,8.706780931689487,0.009185933437077964,0.22933736132811913,4.832930238571752e-07,6.637716948867884
strong_low_noise,360,75,6.158482110660254e-07,6.41474410881772,0.008260063870485057,0.23615444150863849,3.792690190732246e-07,6.41474410881772
strong_low_noise,360,76,5.455594781168514e-06,2.3837923362178284,0.020341880448685012,0.22045621751089514,4.832930238571752e-07,6.285939180857016
strong_low_noise,360,77,1.8329807108324338e-07,13.236282441719169,0.012603577420810197,0.22908480857056665,1e-06,6.590468751823987
strong_low_noise,360,78,3.359818286283781e-06,2.977274466989208,0.010553940797376926,0.2331815663578866,6.158482110660254e-07,6.506442477324212
strong_low_noise,360,79,1.8329807108324338e-07,13.448465891648363,0.01948495655317195,0.2136300511496826,3.792690190732246e-07,6.68232402266802
strong_low_noise,360,80,1.2742749857031322e-06,4.468201608773995,0.013427573173903196,0.2154032310881328,3.792690190732246e-07,6.4622724626452035
strong_low_noise,360,81,2.0691380811147902e-08,43.95271525016854,0.05603121944652767,0.1972320311943897,1.2742749857031322e-06,6.421291176147144
strong_low_noise,360,82,3.792690190732246e-07,8.275441063790973,0.014478906517506607,0.21373404663329268,3.792690190732246e-07,6.313788363870067
strong_low_noise,360,83,1e-06,5.155780780096217,0.011753065808782659,0.2455956223811584,3.792690190732246e-07,6.63140371256351
strong_low_noise,360,84,1.43844988828766e-05,1.7186635579876817,0.039215390200393885,0.13890322631786134,3.792690190732246e-07,6.598016621731747
strong_low_noise,360,85,6.158482110660254e-07,6.509632747253878,0.02796867653448465,0.1784183964671009,2.976351441631313e-07,6.509632747253878
strong_low_noise,360,86,1.274274985703132e-08,56.70443864401738,0.08757467848578049,0.13113750930137588,4.832930238571752e-07,6.617996598291463
strong_low_noise,360,87,1.2742749857031322e-06,4.488229879854876,0.0011478319916248259,0.24515493072748704,1e-06,6.456985464747519
strong_low_noise,360,88,3.792690190732246e-07,8.283699442930564,0.015388412801767948,0.23632518492821214,1.6237767391887209e-06,6.328417096632208
strong_low_noise,360,89,2.976351441631313e-07,9.625813157781806,0.01904502351367021,0.2264868143660781,1e-06,6.382954436837852
strong_low_noise,360,90,1.6237767391887209e-06,3.9958986324707686,0.011295385450016071,0.22240429774197065,4.832930238571752e-07,6.418834092390668
strong_low_noise,360,91,0.00042813323987193956,0.2180076454501083,0.05623379393844763,0.08619842686012484,4.832930238571752e-07,6.492973013605039
strong_low_noise,360,92,3.792690190732246e-07,8.58331611369677,0.004447475521889288,0.238112781617639,7.847599703514607e-07,6.555561122095216
strong_low_noise,360,93,0.01,0.011633614518167237,0.05764245081003516,0.13069656203938199,4.832930238571752e-07,6.415802511110687
strong_low_noise,360,94,1.8329807108324338e-07,13.13017682089829,0.011837884862022308,0.21928991021344443,6.158482110660254e-07,6.580692968866623
strong_low_noise,360,95,1.8329807108324338e-07,13.439756020845563,0.014574393574762756,0.21246545157111868,4.832930238571752e-07,6.675836296639237
strong_low_noise,360,96,6.951927961775605e-08,22.69450037600114,0.0206545484599433,0.20431255511668617,6.158482110660254e-07,6.428869306656507
strong_low_noise,360,97,7.847599703514607e-07,5.707606786486326,0.006549900728766822,0.2417183439228632,3.792690190732246e-07,6.484579467430781
strong_low_noise,360,98,3.792690190732246e-07,8.703147930164429,0.010302293632365567,0.22924352814329585,6.158482110660254e-07,6.630294979609095
strong_low_noise,360,99,0.01,0.01179527324122752,0.05759574114779287,0.09550828729363518,6.158482110660254e-07,6.456073414325773
strong_low_noise,360,100,2.3357214690901212e-07,11.239886406488768,0.006695467011428424,0.23264937003834477,4.832930238571752e-07,6.439442713535142
strong_low_noise,360,101,6.158482110660254e-07,6.492760297290106,0.006688726072259454,0.23235776012571402,1.2742749857031322e-06,6.492760297290106
strong_low_noise,360,102,1e-06,5.083427075481049,0.006855379168574927,0.23154609611776383,6.158482110660254e-07,6.516733689133788
strong_low_noise,360,103,1.6237767391887209e-06,3.9644534823486066,0.02023320539957063,0.19857164579080844,6.158482110660254e-07,6.3956913130616435
strong_low_noise,360,104,6.158482110660254e-07,6.507266318514871,0.008875409647993493,0.2306491986389007,6.158482110660254e-07,6.507266318514871
strong_low_noise,360,105,1.6237767391887209e-06,4.040587322018501,0.012493069769240694,0.22005698266204088,3.792690190732246e-07,6.510670913503314
strong_low_noise,360,106,8.858667904100815e-08,20.007330906441254,0.01838724668174896,0.21865750276256277,4.832930238571752e-07,6.497921334742247
strong_low_noise,360,107,0.01,0.012374586801770941,0.05758619548835597,0.07090619349847105,2.3357214690901212e-07,6.503408951193372
strong_low_noise,360,108,5.4555947811685146e-08,26.59612220368532,0.028464275259062366,0.2136895684282635,7.847599703514607e-07,6.534892352848779
strong_low_noise,360,109,2.6366508987303555e-06,3.2852334604964346,0.00778256471720018,0.2425975771212252,7.847599703514607e-07,6.520626951192602
strong_low_noise,360,110,6.158482110660254e-07,6.385765105804647,0.016939659360146964,0.22264736342919345,7.847599703514607e-07,6.385765105804647
strong_low_noise,360,111,6.951927961775605e-08,23.518114702429703,0.018345759922671068,0.2243288312968658,6.158482110660254e-07,6.603080316121264
strong_low_noise,360,112,5.4555947811685146e-08,26.11303158089407,0.0314259336568492,0.2171121637078374,1.2742749857031322e-06,6.424744644568399
strong_low_noise,360,113,1e-06,5.077791818604422,0.014288109801103177,0.21346003423310464,6.158482110660254e-07,6.50967570885387
strong_low_noise,360,114,2.06913808111479e-06,3.6899133493145606,0.0036852275248965283,0.23920365192670343,1.2742749857031322e-06,6.616709259380996
strong_low_noise,360,115,3.792690190732246e-07,8.341154008529315,0.007724198820157735,0.22991973176410713,3.792690190732246e-07,6.356770025851863
strong_low_noise,360,116,1.8329807108324338e-07,13.091455461159262,0.01250976215909283,0.22020653456250214,4.832930238571752e-07,6.514536293869571
strong_low_noise,360,117,1.1288378916846883e-07,16.859176153242295,0.015824238334608665,0.21003676935939436,4.832930238571752e-07,6.291331890825117
strong_low_noise,360,118,7.847599703514607e-07,5.667647429433273,0.016902471812023867,0.21616118166704446,7.847599703514607e-07,6.436642340157806
strong_low_noise,360,119,1e-06,5.026713281523218,0.026679757935131443,0.1853566582112836,6.158482110660254e-07,6.445176100056865
strong_low_noise,360,120,4.281332398719396e-08,30.614140023771668,0.03378969340159177,0.20528301979928662,7.847599703514607e-07,6.628748584857388
strong_low_noise,360,121,2.06913808111479e-06,3.6346206151322233,0.015904527089357412,0.22327403079480962,4.832930238571752e-07,6.4947399589713415
strong_low_noise,360,122,1.6237767391887209e-06,4.045744228868452,0.007028279516346214,0.23125229971378347,1e-06,6.512675896871018
strong_low_noise,360,123,6.158482110660254e-07,6.481637810471819,0.008405963393492422,0.2282685368455393,4.832930238571752e-07,6.481637810471819
strong_low_noise,360,124,0.01,0.012558150024386237,0.05765616651635963,0.16542008323032367,2.976351441631313e-07,6.518497192980115
strong_low_noise,360,125,1.6237767391887209e-06,4.013305280652319,0.02245007420888001,0.19219212287335308,7.847599703514607e-07,6.459433032033119
strong_low_noise,360,126,6.158482110660254e-07,6.4561527574863335,0.0008119196290106157,0.24647067130642938,1e-06,6.4561527574863335
strong_low_noise,360,127,2.976351441631313e-07,9.707816820807766,0.006714004738641033,0.23181444125488232,4.832930238571752e-07,6.442995628910296
strong_low_noise,360,128,3.792690190732246e-07,8.592610808410798,0.011408242625107645,0.2238531271226013,6.158482110660254e-07,6.561461549472662
strong_low_noise,360,129,2.976351441631313e-07,9.629891307797703,0.011917860272545822,0.2202604509818838,4.832930238571752e-07,6.413498884130299
strong_low_noise,360,130,0.01,0.01080134537358551,0.057686704099225605,0.09899110586801703,6.158482110660254e-07,6.399211616770154
strong_low_noise,360,131,2.976351441631313e-07,9.706613312868921,0.02144048262957876,0.21483439679829056,1e-06,6.453749005967504
strong_low_noise,360,132,0.0005455594781168515,0.17953798756345474,0.05620774361104719,0.1335658793734497,6.158482110660254e-07,6.386026508144234
strong_low_noise,360,133,2.976351441631313e-07,9.837998487873493,0.008688080229263262,0.24171709488451967,1.2742749857031322e-06,6.51865891529296
strong_low_noise,360,134,0.01,0.012544873872601545,0.057612729646974614,0.06993736007768382,4.832930238571752e-07,6.5844071464079805
strong_low_noise,360,135,4.832930238571752e-07,7.134409043087382,0.0035644379011749994,0.2410698492365313,6.158482110660254e-07,6.251635569369802
strong_low_noise,360,136,2.6366508987303555e-06,3.324440579592017,0.01713527362977274,0.20730926476380968,6.158482110660254e-07,6.565164538978984
strong_low_noise,360,137,8.858667904100815e-08,20.111323858893268,0.019425272690495765,0.20386129160779046,6.158482110660254e-07,6.492246171984455
strong_low_noise,360,138,1.6237767391887209e-06,4.140044985673942,0.013401142062011817,0.21860295992452267,3.792690190732246e-07,6.676416777258036
strong_low_noise,360,139,2.976351441631313e-05,1.2407009811438197,0.04496612727976135,0.1701708570827562,4.832930238571752e-07,6.401358661499249
strong_low_noise,360,140,6.158482110660254e-07,6.522449399037243,0.004772282521551929,0.23688591008711624,7.847599703514607e-07,6.522449399037243
strong_low_noise,360,141,2.976351441631313e-07,9.967086830110388,0.011032480779347598,0.22226468113247624,4.832930238571752e-07,6.612405002639248
strong_low_noise,360,142,1.438449888287663e-07,14.854633698623903,0.015237539419776014,0.22356980403241308,7.847599703514607e-07,6.4198422839232965
strong_low_noise,360,143,7.847599703514607e-07,5.793489831260489,0.023663845197205435,0.193073433622566,4.832930238571752e-07,6.582925619274583
strong_low_noise,360,144,6.158482110660254e-07,6.5306203847745685,0.028559720287798962,0.1817897242816362,6.158482110660254e-07,6.5306203847745685
strong_low_noise,360,145,1.1288378916846883e-07,17.336368707740206,0.018184957716170347,0.21890133751590476,7.847599703514607e-07,6.462100954538377
strong_low_noise,360,146,4.832930238571752e-07,7.462862325628834,0.015103948550202917,0.2135974558071208,3.792690190732246e-07,6.530316915812327
strong_low_noise,360,147,0.01,0.010625296050031085,0.05759530159712012,0.07368409051485184,2.976351441631313e-07,6.452771233898168
strong_low_noise,360,148,2.6366508987303555e-06,3.301366695566839,0.020869642433652524,0.2127533585674309,3.792690190732246e-07,6.561845453894838
strong_low_noise,360,149,1e-06,5.147095447257821,0.008487992598327332,0.23035705746322818,6.158482110660254e-07,6.610544707450707
strong_low_noise,360,150,0.01,0.011257593590860428,0.05769567606248571,0.033883704701042974,3.792690190732246e-07,6.549958444551886
strong_low_noise,360,151,0.01,0.01045281854578986,0.05753628047650006,0.05767789379379524,3.792690190732246e-07,6.420996045240146
strong_low_noise,360,152,1.2742749857031322e-06,4.431560428042503,0.00675074455864999,0.23193384175561946,4.832930238571752e-07,6.413252904210048
strong_low_noise,360,153,3.792690190732246e-05,1.1046887436967339,0.050557337835017147,0.08972387123881971,3.792690190732246e-07,6.433875283455985
strong_low_noise,360,154,4.832930238571752e-07,7.398594214347909,0.006352349422535153,0.23290784811309267,4.832930238571752e-07,6.474634728548764
strong_low_noise,360,155,2.3357214690901212e-07,11.352817053844419,0.015674839738421764,0.21569563862476185,7.847599703514607e-07,6.532827679896826
strong_low_noise,360,156,2.976351441631313e-07,9.85524209187401,0.008007800048995706,0.23064718256681263,7.847599703514607e-07,6.544778705381114
strong_low_noise,360,157,4.281332398719396e-08,30.48265554124006,0.037821644758169626,0.20779796865051955,1.2742749857031322e-06,6.546927737128657
strong_low_noise,360,158,4.281332398719387e-06,2.7554526759811795,0.0227240616493829,0.19202619154158124,6.158482110660254e-07,6.656233978554729
strong_low_noise,360,159,4.832930238571752e-07,7.502628474712042,0.006642168916980218,0.23712400416058696,4.832930238571752e-07,6.569485410112108
strong_low_noise,360,160,1.1288378916846883e-07,17.384797546413076,0.01880611093070017,0.2028605540146394,3.792690190732246e-07,6.4766211746355795
strong_low_noise,360,161,4.832930238571752e-07,7.5183716916604935,0.005946257874154259,0.2372982512883074,3.792690190732246e-07,6.5855858325686025
strong_low_noise,360,162,4.281332398719387e-06,2.7540772932662048,0.017074575250400903,0.24623733131303055,6.158482110660254e-07,6.6021013980492675
strong_low_noise,360,163,3.792690190732246e-07,8.427130735042674,0.009736797806065733,0.22733177151188352,6.158482110660254e-07,6.432459191065262
strong_low_noise,360,164,2.3357214690901212e-07,11.326220719163908,0.014793612903817865,0.2117726428574367,3.792690190732246e-07,6.523955842655242
strong_low_noise,360,165,3.792690190732246e-07,8.511256891887436,0.005299444671235443,0.23587019777429108,4.832930238571752e-07,6.493297131294369
strong_low_noise,360,166,7.847599703514607e-07,5.742855712262305,0.03405616856410343,0.1713577077889327,2.06913808111479e-06,6.526599676354796
strong_low_noise,360,167,0.0006951927961775591,0.15421908936381168,0.05627366880948492,0.06172539853745135,4.832930238571752e-07,6.574087413175088
strong_low_noise,360,168,6.158482110660254e-07,6.461219848814617,0.0016607182033925305,0.2449128837784437,7.847599703514607e-07,6.461219848814617
strong_low_noise,360,169,2.976351441631313e-07,9.850402390305359,0.014365517418085783,0.22208972526633222,1e-06,6.532867542968916
strong_low_noise,360,170,2.6366508987303555e-06,3.316338745138663,0.016039167061876802,0.21684355053374132,3.792690190732246e-07,6.619385549063617
strong_low_noise,360,171,1.2742749857031322e-06,4.6132613714663195,0.005614464084090054,0.23529195986051715,1e-06,6.680821299921498
strong_low_noise,360,172,4.832930238571752e-07,7.390183124510367,0.005359470365162711,0.23835369909088214,3.792690190732246e-07,6.46788762645009
strong_low_noise,360,173,1.438449888287663e-07,15.43524887183818,0.016517499930265744,0.20811638203070298,3.792690190732246e-07,6.688320665778529
strong_low_noise,360,174,8.858667904100815e-08,20.02412717030724,0.026921777190339946,0.21491366561847264,7.847599703514607e-07,6.486853520928445
strong_low_noise,360,175,1e-06,5.163046140562815,0.007776077996282327,0.235191657970782,4.832930238571752e-07,6.626312543041551
strong_low_noise,360,176,1.6237767391887209e-06,3.9750693460788025,0.003210394968080843,0.2428436064071339,7.847599703514607e-07,6.388527912091261
strong_low_noise,360,177,0.01,0.011602638861906269,0.05765629967763686,0.1523403900588759,1e-06,6.464256074285174
strong_low_noise,360,178,6.158482110660254e-07,6.4212004879863,0.0013888135582078576,0.24485217393375847,1e-06,6.4212004879863
strong_low_noise,360,179,4.832930238571752e-07,7.392515462668915,0.002608728788576986,0.2432397589821827,7.847599703514607e-07,6.472506369254436
strong_low_noise,360,180,1.8329807108324338e-07,13.070190590324136,0.018148790849219276,0.20456408978245924,4.832930238571752e-07,6.504546178072552
strong_low_noise,360,181,3.792690190732246e-07,8.611248826654188,0.0026657948147469357,0.24393819953603693,3.792690190732246e-07,6.582748954558476
strong_low_noise,360,182,6.951927961775605e-08,22.91315240744061,0.017623258128312225,0.2234414735055456,6.158482110660254e-07,6.399364930404499
strong_low_noise,360,183,3.792690190732246e-07,8.413090158992075,0.004010546482086763,0.2408999777632224,4.832930238571752e-07,6.426645722202152
strong_low_noise,360,184,2.976351441631313e-05,1.245431302934644,0.04377907858816532,0.15479668233801894,3.792690190732246e-07,6.4227242888214
strong_low_noise,360,185,6.158482110660254e-07,6.514010466155692,0.005774549156352338,0.23409867344806437,4.832930238571752e-07,6.514010466155692
strong_low_noise,360,186,4.832930238571752e-07,7.512404716261015,0.0058916883522751595,0.23451939131365973,6.158482110660254e-07,6.566987942620493
strong_low_noise,360,187,1.6237767391887209e-06,3.9979776731680223,0.00453884297174556,0.24461417569073862,6.158482110660254e-07,6.430721387242306
strong_low_noise,360,188,4.832930238571752e-07,7.46454196826402,0.006896963142744905,0.23201170177474512,4.832930238571752e-07,6.537828411834098
strong_low_noise,360,189,1.623776739188721e-08,49.53264366445976,0.08269695100628316,0.15123261946932445,4.832930238571752e-07,6.4232969520867025
strong_low_noise,360,190,2.3357214690901212e-07,11.532621134091656,0.021771636130523908,0.234989559604632,2.06913808111479e-06,6.631794186279965
strong_low_noise,360,191,0.01,0.011594570468674816,0.05761549881498673,0.07473513249970036,2.976351441631313e-07,6.447482297318083
strong_low_noise,360,192,1.8329807108324338e-07,13.263246195079518,0.015524521775790778,0.22638516296719954,7.847599703514607e-07,6.593454247871096
strong_low_noise,360,193,2.976351441631313e-07,9.781557698533526,0.016411956654413307,0.21225168227462532,4.832930238571752e-07,6.482794130185914
strong_low_noise,360,194,4.832930238571752e-07,7.480629250165216,0.01690318115454781,0.21414602955348258,6.158482110660254e-07,6.549145042732372
strong_low_noise,360,195,7.847599703514607e-07,5.712113659410548,0.007319828222126956,0.23151429242895058,7.847599703514607e-07,6.490528760419202
strong_low_noise,360,196,1.2742749857031322e-06,4.525556783656439,0.02601758590775638,0.19633557264502086,4.832930238571752e-07,6.542141274980848
strong_low_noise,360,197,8.858667904100815e-08,20.47869675329732,0.019401543730167337,0.20853444293590623,6.158482110660254e-07,6.6423526172977665
strong_low_noise,360,198,1e-08,61.692548375591855,0.10563674191313055,0.13199448116862525,6.158482110660254e-07,6.5220003609327195
strong_low_noise,360,199,6.158482110660254e-07,6.606812160147175,0.0032436065324390473,0.24514054311079622,1.2742749857031322e-06,6.606812160147175
strong_low_noise,540,0,2.06913808111479e-06,3.589155039199506,0.007629792695184823,0.2296256097116702,1e-06,7.339165480590978
strong_low_noise,540,1,1.2742749857031322e-06,4.561850600255957,0.007208085065379621,0.23148411956075796,3.792690190732246e-07,7.5064336604552775
strong_low_noise,540,2,6.158482110660254e-07,6.698451352287906,0.005565601906752149,0.23478769999664445,6.158482110660254e-07,7.659286988601291
strong_low_noise,540,3,2.6366508987303555e-06,3.2895000507909056,0.012971922995557383,0.21823540020988438,6.158482110660254e-07,7.490306387954064
strong_low_noise,540,4,5.455594781168514e-06,2.4799905545161502,0.02507043599122749,0.22864576759173588,4.832930238571752e-07,7.528059730288696
strong_low_noise,540,5,3.792690190732246e-07,8.582087092847107,0.004493816792464189,0.2371770207615226,6.158482110660254e-07,7.46858476314632
strong_low_noise,540,6,3.792690190732246e-07,8.561051858824534,0.006880901827541641,0.23289852456385784,3.792690190732246e-07,7.45529061213792
strong_low_noise,540,7,4.832930238571752e-07,7.5028146369194,0.0034879913676058028,0.2402128824210958,6.158482110660254e-07,7.5028146369194
strong_low_noise,540,8,2.976351441631313e-07,10.060123008417314,0.00909661226245706,0.2285696437744717,4.832930238571752e-07,7.609895089288955
strong_low_noise,540,9,2.976351441631313e-07,10.078790932948602,0.0037884691263807557,0.23949013160729316,4.832930238571752e-07,7.621324374730801
strong_low_noise,540,10,4.832930238571752e-07,7.515816107226607,0.013239707271164303,0.21890386651101962,4.832930238571752e-07,7.515816107226607
strong_low_noise,540,11,3.3598182862837814e-08,35.58258437267668,0.035326830630675876,0.17551021555514068,4.832930238571752e-07,7.5622030791817965
strong_low_noise,540,12,0.01,0.011544090764134575,0.057668054462293394,0.1349734469447558,4.832930238571752e-07,7.410561872932125
strong_low_noise,540,13,7.847599703514607e-07,5.833602399424124,0.004690242864334393,0.23666394777823171,4.832930238571752e-07,7.584831091845357
strong_low_noise,540,14,1.2742749857031322e-06,4.574234069656931,0.010338804205544672,0.22338532862374855,3.792690190732246e-07,7.567378484871391
strong_low_noise,540,15,2.3357214690901212e-07,11.45473470706839,0.004566073175031882,0.23817615487856628,6.158482110660254e-07,7.494112616758203
strong_low_noise,540,16,3.792690190732246e-07,8.564160193357624,0.010683575484946695,0.22511420012180075,3.792690190732246e-07,7.460987691094141
strong_low_noise,540,17,2.3357214690901212e-07,11.303795126933533,0.005835595016409623,0.23648054493124207,6.158482110660254e-07,7.401713662168802
strong_low_noise,540,18,2.976351441631313e-07,9.77749098818698,0.007884863068202463,0.23301461614194816,6.158482110660254e-07,7.392693201497891
strong_low_noise,540,19,1.1288378916846883e-07,17.698001251826675,0.021169326436794256,0.19533383852771868,6.158482110660254e-07,7.483504916198523
strong_low_noise,540,20,2.3357214690901213e-05,1.4177663933780944,0.044173722568033535,0.13855153547121032,3.792690190732246e-07,7.5582212385922585
strong_low_noise,540,21,2.976351441631313e-07,9.953723299660892,0.005717472603761098,0.23535162403175225,4.832930238571752e-07,7.537951911727116
strong_low_noise,540,22,0.01,0.01216393736679227,0.05759589833739798,0.06797554587579588,3.792690190732246e-07,7.516015331199346
strong_low_noise,540,23,0.01,0.011573205753113238,0.05763451932679209,0.10806321982588922,3.792690190732246e-07,7.509208857140734
strong_low_noise,540,24,2.976351441631313e-07,9.712976467032602,0.002206950559143439,0.24346352454100717,6.158482110660254e-07,7.33604030393467
strong_low_noise,540,25,6.158482110660254e-07,6.523404282666739,0.0023679287420593775,0.24454833941818138,4.832930238571752e-07,7.459672824048642
strong_low_noise,540,26,4.832930238571752e-07,7.350711785977985,0.009635121084807241,0.22633335853933792,6.158482110660254e-07,7.350711785977985
strong_low_noise,540,27,1.8329807108324338e-07,13.159707897424264,0.008818114211971317,0.2273328885460704,3.792690190732246e-07,7.441314358123678
strong_low_noise,540,28,5.455594781168514e-06,2.4984876747502685,0.02066102246586643,0.20354444677749867,6.158482110660254e-07,7.539506902924707
strong_low_noise,540,29,4.832930238571752e-07,7.5616141748314325,0.006932528995599152,0.23850843351927817,2.3357214690901212e-07,7.5616141748314325
strong_low_noise,540,30,6.158482110660254e-07,6.3847565330791864,0.003134575808385276,0.24042849517251175,6.158482110660254e-07,7.298360667660257
strong_low_noise,540,31,1.6237767391887209e-06,4.0134506706755255,0.008987771609110462,0.23084774183651172,3.792690190732246e-07,7.415724865467514
strong_low_noise,540,32,5.4555947811685146e-08,26.94462709457467,0.03657616364021854,0.152329832426379,3.792690190732246e-07,7.472840924802911
strong_low_noise,540,33,2.6366508987303555e-06,3.279941412004953,0.012960374498371618,0.22919303749698303,3.792690190732246e-07,7.457938207137257
strong_low_noise,540,34,2.6366508987303555e-06,3.27122244063616,0.019351302258052594,0.20498385341922812,3.792690190732246e-07,7.465040797513964
strong_low_noise,540,35,1.1288378916846883e-07,17.69120363815797,0.021302210486701334,0.19490993789070868,2.976351441631313e-07,7.50322405577862
strong_low_noise,540,36,2.3357214690901212e-07,11.578584153915772,0.005579105327928158,0.2376927945982443,7.847599703514607e-07,7.576000931619208
strong_low_noise,540,37,1.274274985703132e-08,57.576152276280816,0.07208270450958709,0.1798750811309348,4.832930238571752e-07,7.439326226059415
strong_low_noise,540,38,6.951927961775606e-06,2.2130470966340523,0.03709440835333799,0.15870732737421367,3.792690190732246e-07,7.389619702032587
strong_low_noise,540,39,1.623776739188721e-08,50.865070928681966,0.034788891864099725,0.1972628282571045,2.976351441631313e-07,7.397694145182653
strong_low_noise,540,40,1.2742749857031322e-06,4.571524146375208,0.0036914148159928883,0.23964512233882865,7.847599703514607e-07,7.543362903543864
strong_low_noise,540,41,2.06913808111479e-06,3.6840058976452026,0.01781083488565549,0.23137889631950723,4.832930238571752e-07,7.539892265692952
strong_low_noise,540,42,7.847599703514607e-07,5.754738364339968,0.00811687450804488,0.2284698312172764,2.976351441631313e-07,7.472096077870679
strong_low_noise,540,43,4.832930238571752e-07,7.5439331198723645,0.0028648326832382276,0.2428283318857213,4.832930238571752e-07,7.5439331198723645
strong_low_noise,540,44,1.438449888287663e-07,15.3695845593983,0.009008430337737017,0.2377758473152801,7.847599703514607e-07,7.52459602041908
strong_low_noise,540,45,5.455594781168514e-06,2.4732992646082153,0.020928275554642717,0.20627196814228907,6.158482110660254e-07,7.520679485479591
strong_low_noise,540,46,2.976351441631313e-07,9.847483188196987,0.009023960518853125,0.22624907289864402,3.792690190732246e-07,7.453087956462978
strong_low_noise,540,47,1.8329807108324338e-07,13.326282383913263,0.007809601989563042,0.23109603437465587,4.832930238571752e-07,7.521522463178121
strong_low_noise,540,48,7.847599703514607e-07,5.799646531464807,0.004341717291523883,0.2374462049609697,3.792690190732246e-07,7.544802732736543
strong_low_noise,540,49,1.8329807108324338e-07,13.049993991560143,0.011750047350523984,0.22226703754248275,4.832930238571752e-07,7.391246263100825
strong_low_noise,540,50,1.2742749857031322e-06,4.504621984196388,0.014824136277165834,0.21843825802926936,4.832930238571752e-07,7.45491342319248
strong_low_noise,540,51,2.976351441631313e-07,9.936114061608675,0.0032223662194301728,0.24120804755908237,7.847599703514607e-07,7.514142825260592
strong_low_noise,540,52,7.847599703514607e-07,5.735373580239716,0.006814892871107925,0.2320776731663004,6.158482110660254e-07,7.455476837410302
strong_low_noise,540,53,7.847599703514607e-07,5.805673771455604,0.007702582200470931,0.23933343512779293,4.832930238571752e-07,7.5589753006630325
strong_low_noise,540,54,4.832930238571752e-07,7.485881492035556,0.0033387098962842643,0.2410538508261757,6.158482110660254e-07,7.485881492035556
strong_low_noise,540,55,1e-06,4.944511826068548,0.0027556625260103385,0.24206492796147097,1e-06,7.286043508338343
strong_low_noise,540,56,1.8329807108324338e-07,13.370909217554573,0.005195449376010575,0.23785055720100878,4.832930238571752e-07,7.554221896891138
strong_low_noise,540,57,3.792690190732246e-07,8.5980244598442,0.005750524115384792,0.23417134591487943,3.792690190732246e-07,7.485978541929773
strong_low_noise,540,58,2.6366508987303555e-08,40.495587572321966,0.03553052825988556,0.18485107291954997,3.792690190732246e-07,7.51563868849602
strong_low_noise,540,59,2.976351441631313e-07,9.789776024168104,0.0019388274097514868,0.24316007908560125,4.832930238571752e-07,7.413561027387257
strong_low_noise,540,60,7.847599703514607e-07,5.696878243117971,0.01009399738863237,0.22833547857194386,3.792690190732246e-07,7.3954426036795
strong_low_noise,540,61,2.3357214690901212e-07,11.433423359930279,0.005525208273937321,0.23621984307929805,6.158482110660254e-07,7.4928504815332655
strong_low_noise,540,62,4.832930238571752e-07,7.6230191764783175,0.0073760984276545205,0.23027288819426947,4.832930238571752e-07,7.6230191764783175
strong_low_noise,540,63,7.847599703514607e-07,5.741944165105227,0.003009906691456732,0.24388538957003855,4.832930238571752e-07,7.466341494747193
strong_low_noise,540,64,7.847599703514607e-07,5.842214048259024,0.007727438100806339,0.23430705479912714,4.832930238571752e-07,7.607486474551272
strong_low_noise,540,65,1.2742749857031322e-06,4.529116552145261,0.010197827551057026,0.2430313469818287,4.832930238571752e-07,7.496918595745839
strong_low_noise,540,66,3.792690190732246e-05,1.1484304033265766,0.04829514592781059,0.16229982144554164,4.832930238571752e-07,7.539634679926578
strong_low_noise,540,67,3.792690190732246e-07,8.611505973286718,0.007742201665184023,0.23051875258307347,4.832930238571752e-07,7.498198025940561
strong_low_noise,540,68,4.832930238571752e-07,7.368011790082681,0.011463480325219044,0.22089644538858635,6.158482110660254e-07,7.368011790082681
strong_low_noise,540,69,4.832930238571752e-07,7.558631488411304,0.004840716326894756,0.23911612321064063,7.847599703514607e-07,7.558631488411304
strong_low_noise,540,70,2.3357214690901212e-07,11.665303131927727,0.006624690597557437,0.23270691374145072,6.158482110660254e-07,7.654139398036502
strong_low_noise,540,71,1.8329807108324338e-07,13.421959750914283,0.011750061944185597,0.22057178800354516,6.158482110660254e-07,7.564909767249449
strong_low_noise,540,72,6.158482110660254e-07,6.598036185364081,0.008795391825567656,0.22688120660879466,3.792690190732246e-07,7.545361042853582
strong_low_noise,540,73,0.01,0.011303294988587013,0.057623442862243746,0.087280226181184,3.792690190732246e-07,7.5026557401394385
strong_low_noise,540,74,1e-06,5.179612160385689,0.01381173908718103,0.21781962552815878,4.832930238571752e-07,7.6193111999093786
strong_low_noise,540,75,1.8329807108324338e-07,12.996261975056148,0.006582732683825476,0.2324493029757005,4.832930238571752e-07,7.357937474861102
strong_low_noise,540,76,1.6237767391887209e-06,3.929572596916663,0.00902392711230271,0.2268306001404567,4.832930238571752e-07,7.244926628760581
strong_low_noise,540,77,6.158482110660254e-07,6.631429420435238,0.0016365924221171113,0.24434547111062938,1e-06,7.584437529017986
strong_low_noise,540,78,7.847599703514607e-07,5.774428133858732,0.003138050673571202,0.2415545916361214,6.158482110660254e-07,7.502917725366915
strong_low_noise,540,79,2.976351441631313e-05,1.3087266582918966,0.04587388009866067,0.12802851184146352,3.792690190732246e-07,7.705502606971681
strong_low_noise,540,80,2.3357214690901212e-07,11.386337176720387,0.005546503503949363,0.2409210976698891,6.158482110660254e-07,7.443508785270273
strong_low_noise,540,81,3.792690190732246e-07,8.529806371273684,0.009010565381794122,0.23290145021183492,1.2742749857031322e-06,7.428574138421396
strong_low_noise,540,82,6.158482110660254e-07,6.466528589832164,0.003924000125445692,0.2396786406436049,3.792690190732246e-07,7.391236997405861
strong_low_noise,540,83,3.792690190732246e-07,8.761214500385927,0.005952675019095022,0.24180755172082954,3.792690190732246e-07,7.624984591953271
strong_low_noise,540,84,3.359818286283781e-06,3.026169232673058,0.023320436935553635,0.1889504763522419,2.976351441631313e-07,7.642483156068543
strong_low_noise,540,85,8.858667904100815e-08,20.29525407169608,0.03518385889132136,0.15757020157416296,2.3357214690901212e-07,7.434916645772794
strong_low_noise,540,86,3.792690190732246e-07,8.66509307214969,0.009531434997591126,0.23252490821044994,3.792690190732246e-07,7.545195973957528
strong_low_noise,540,87,2.6366508987303555e-06,3.307041174991184,0.00603036120074496,0.2444327665914526,1e-06,7.481778252278233
strong_low_noise,540,88,3.792690190732246e-07,8.42137407101199,0.005238324366863889,0.2406959506750554,1e-06,7.337040444801792
strong_low_noise,540,89,1e-06,5.024210009200153,0.017440683654334044,0.2163053272026984,1e-06,7.389343168861884
strong_low_noise,540,90,2.6366508987303555e-06,3.223767038425393,0.02079412073952469,0.19604259522745637,2.976351441631313e-07,7.296831703377739
strong_low_noise,540,91,1.438449888287663e-07,15.130137382644739,0.018237435250617273,0.2057337885740746,3.792690190732246e-07,7.401932348790129
strong_low_noise,540,92,4.832930238571752e-07,7.444873353665065,0.0031652889006785756,0.24270778882944383,1e-06,7.444873353665065
strong_low_noise,540,93,3.792690190732246e-07,8.364307140505177,0.010325774426635626,0.22303317721544955,4.832930238571752e-07,7.2830991851236
strong_low_noise,540,94,4.832930238571752e-07,7.5474061626525355,0.003222144286370243,0.24266620607680137,4.832930238571752e-07,7.5474061626525355
strong_low_noise,540,95,2.3357214690901212e-07,11.473454237590566,0.005900444574466923,0.23485690254308678,3.792690190732246e-07,7.495691569064084
strong_low_noise,540,96,6.158482110660254e-07,6.466565094729917,0.0018133663212822615,0.24464020985246054,4.832930238571752e-07,7.384913286445239
strong_low_noise,540,97,5.4555947811685146e-08,27.16911267526057,0.016815902879698585,0.21068519050980436,4.832930238571752e-07,7.509716493342119
strong_low_noise,540,98,4.281332398719387e-06,2.762775728649875,0.028750917162741474,0.227363490409818,4.832930238571752e-07,7.647077167323373
strong_low_noise,540,99,7.847599703514606e-05,0.7816388099270435,0.050861624812227224,0.11793018413270658,3.792690190732246e-07,7.3703120185216395
strong_low_noise,540,100,7.847599703514607e-07,5.769804615297098,0.00534039571300593,0.24467818571882474,3.792690190732246e-07,7.514624324368099
strong_low_noise,540,101,1.2742749857031322e-06,4.539263973421234,0.0036613858495520013,0.24378248247750117,7.847599703514607e-07,7.489763194362745
strong_low_noise,540,102,4.832930238571752e-07,7.522297858592216,0.00442178102402857,0.23916116151100583,6.158482110660254e-07,7.522297858592216
strong_low_noise,540,103,4.832930238571752e-07,7.289737496360774,0.009859603636836911,0.22549327553357176,6.158482110660254e-07,7.289737496360774
strong_low_noise,540,104,7.847599703514607e-07,5.769243934449227,0.0026763083185646908,0.24245704341090907,6.158482110660254e-07,7.504823142518292
strong_low_noise,540,105,2.976351441631313e-07,9.800194304351328,0.0031060714369456344,0.24138726713279376,3.792690190732246e-07,7.409472135332462
strong_low_noise,540,106,6.158482110660254e-07,6.490941155204771,0.0011583719950879479,0.24485799386274532,6.158482110660254e-07,7.416910341731255
strong_low_noise,540,107,1.8329807108324338e-07,13.22638114469867,0.007568756654642739,0.23554007427360651,2.976351441631313e-07,7.495234491908867
strong_low_noise,540,108,1.1288378916846883e-07,17.7394955347961,0.00846978328552217,0.23531419403032994,6.158482110660254e-07,7.506756623668982
strong_low_noise,540,109,2.3357214690901212e-07,11.45468024154931,0.006727979807121143,0.23946882290973442,1e-06,7.4953860378661945
strong_low_noise,540,110,1.2742749857031322e-06,4.442356935791029,0.0050799662806050305,0.2359059705804919,6.158482110660254e-07,7.333132952257419
strong_low_noise,540,111,1e-06,5.155479984064914,0.004121041998609631,0.23909208014049627,6.158482110660254e-07,7.5859391576310164
strong_low_noise,540,112,2.976351441631313e-07,9.827519952480191,0.00459791176330393,0.24094088094842397,1e-06,7.4341913276639495
strong_low_noise,540,113,4.281332398719387e-06,2.687100296718098,0.03557796467295582,0.1615462526726194,3.792690190732246e-07,7.404855266228823
strong_low_noise,540,114,1.2742749857031322e-06,4.581849823151866,0.001747539994196412,0.2435609572128483,7.847599703514607e-07,7.586517580119598
strong_low_noise,540,115,4.281332398719387e-06,2.658888108203949,0.028943352674309142,0.17212970309841974,3.792690190732246e-07,7.354354851415148
strong_low_noise,540,116,1.8329807108324338e-07,13.190647389644393,0.011787939224428556,0.22644158781422358,4.832930238571752e-07,7.44812801387202
strong_low_noise,540,117,6.158482110660254e-07,6.401749104057356,0.002914375600371666,0.24177119653935308,4.832930238571752e-07,7.313479054496752
strong_low_noise,540,118,1.1288378916846883e-07,17.511705141676167,0.02237361920250902,0.22336056782139815,7.847599703514607e-07,7.400632995558559
strong_low_noise,540,119,3.792690190732246e-07,8.471980194141452,0.013724883249494613,0.2166521515822622,4.832930238571752e-07,7.3827291512677675
strong_low_noise,540,120,6.158482110660254e-07,6.6659848187831985,0.0010885153209349019,0.24502587720835736,7.847599703514607e-07,7.6196480603858365
strong_low_noise,540,121,1e-06,5.072243977546655,0.005830432657170204,0.24073120762612502,3.792690190732246e-07,7.450366314694646
strong_low_noise,540,122,2.06913808111479e-06,3.6186239187610227,0.00837069230060572,0.23034303241514434,6.158482110660254e-07,7.4232992511305085
strong_low_noise,540,123,8.858667904100815e-08,20.1538924936079,0.011133520991910117,0.22432942965495237,3.792690190732246e-07,7.3729781087357775
strong_low_noise,540,124,1e-06,5.167342373695202,0.019081397971295933,0.22334343157053047,2.976351441631313e-07,7.604876546874955
strong_low_noise,540,125,7.847599703514606e-05,0.7594349326897947,0.05420988122806447,0.05985390529292712,3.792690190732246e-07,7.347877838333485
strong_low_noise,540,126,1.438449888287663e-07,15.078248680843648,0.007685235577313931,0.23646835590675863,1e-06,7.389804280110008
strong_low_noise,540,127,6.951927961775605e-08,23.337861405776067,0.019688800052973243,0.21294239272662213,4.832930238571752e-07,7.427253066345289
strong_low_noise,540,128,4.832930238571752e-07,7.46871432648923,0.008560586199182207,0.2348199887871841,3.792690190732246e-07,7.46871432648923
strong_low_noise,540,129,6.158482110660254e-07,6.490346703998849,0.008589237400377092,0.2273282583750032,4.832930238571752e-07,7.413615733999151
strong_low_noise,540,130,2.3357214690901212e-07,11.277189182854407,0.021117040955410005,0.19493403180190969,4.832930238571752e-07,7.380124868043639
strong_low_noise,540,131,7.847599703514607e-07,5.706441302906438,0.009018000238465107,0.22767125088400703,6.158482110660254e-07,7.40403581535117
strong_low_noise,540,132,4.832930238571752e-07,7.43325869644174,0.002075100383803763,0.2429578460232945,6.158482110660254e-07,7.43325869644174
strong_low_noise,540,133,4.832930238571752e-07,7.55097131046563,0.005077060988316395,0.2443649268446548,1.2742749857031322e-06,7.55097131046563
strong_low_noise,540,134,6.951927961775605e-08,23.725972741622126,0.013821719271289723,0.21466159184049718,3.792690190732246e-07,7.5148316665112125
strong_low_noise,540,135,1.2742749857031322e-06,4.4511393673390405,0.006983915990495304,0.23942039388703865,3.792690190732246e-07,7.340451771985935
strong_low_noise,540,136,2.06913808111479e-06,3.658014025420085,0.012680518007281427,0.21720774609537638,6.158482110660254e-07,7.493961180682282
strong_low_noise,540,137,7.847599703514607e-07,5.765705513750888,0.004150943408055219,0.24360388086582127,6.158482110660254e-07,7.4969372273968995
strong_low_noise,540,138,6.158482110660254e-07,6.593791287354048,0.00439746029816368,0.23902336063515167,4.832930238571752e-07,7.535612238118887
strong_low_noise,540,139,3.792690190732246e-07,8.474519688492292,0.00510004315130963,0.2365695415013058,2.976351441631313e-07,7.383288915803989
strong_low_noise,540,140,1.2742749857031322e-06,4.603153310367628,0.011473646168552953,0.23074567375495428,4.832930238571752e-07,7.624371014567182
strong_low_noise,540,141,3.792690190732246e-07,8.751219466465505,0.006232279550952402,0.23417539261582998,4.832930238571752e-07,7.624312711826244
strong_low_noise,540,142,1.6237767391887209e-06,4.020843712617466,0.0054969601884600205,0.24273829831883478,4.832930238571752e-07,7.422809772175696
strong_low_noise,540,143,1.6237767391887209e-06,4.084707778324855,0.01944301926325054,0.19990383575643128,3.792690190732246e-07,7.549328199423666
strong_low_noise,540,144,4.832930238571752e-07,7.511613401014144,0.029176199707537487,0.18747905301372833,6.158482110660254e-07,7.511613401014144
strong_low_noise,540,145,1.2742749857031322e-06,4.494551417314816,0.003973146178308462,0.24247075450075894,6.158482110660254e-07,7.418712083137232
strong_low_noise,540,146,1e-06,5.056737704585443,0.00837666736008369,0.22901333505015822,3.792690190732246e-07,7.437964813570299
strong_low_noise,540,147,0.01,0.011280651038139966,0.05768369156320896,0.1040404746257964,3.792690190732246e-07,7.416315465134359
strong_low_noise,540,148,4.832930238571752e-07,7.451930524733113,0.004139058619657021,0.2403948747984624,2.976351441631313e-07,7.451930524733113
strong_low_noise,540,149,2.0691380811147902e-08,45.79002986843666,0.04275960615581487,0.189942105698753,6.158482110660254e-07,7.4962375979367275
strong_low_noise,540,150,6.951927961775605e-08,23.402450608856125,0.019125861853975357,0.20084363926602178,2.976351441631313e-07,7.510640051265331
strong_low_noise,540,151,4.281332398719396e-08,30.554028628941246,0.0230715119663234,0.20694499254074875,4.832930238571752e-07,7.409494148749909
strong_low_noise,540,152,3.792690190732246e-07,8.585568597234989,0.00454474394119142,0.23741859452917982,4.832930238571752e-07,7.477378582459894
strong_low_noise,540,153,7.847599703514607e-07,5.756845968674581,0.01412578467944492,0.21395360517273496,3.792690190732246e-07,7.476908372939145
strong_low_noise,540,154,4.832930238571752e-07,7.562921859204579,0.004765668130225165,0.23706683092434033,4.832930238571752e-07,7.562921859204579
strong_low_noise,540,155,1.6237767391887209e-06,4.072466287096542,0.014856869567605235,0.21416947138184328,3.792690190732246e-07,7.5291004017250485
strong_low_noise,540,156,6.158482110660254e-07,6.550782617431229,0.0038674698434892907,0.23863485134301587,6.158482110660254e-07,7.487137312146497
strong_low_noise,540,157,3.359818286283781e-06,2.977834973998487,0.013741913587721366,0.21893931587875579,7.847599703514607e-07,7.453682239232544
strong_low_noise,540,158,7.847599703514607e-07,5.803225690254719,0.006588782832154583,0.23401897993097345,3.792690190732246e-07,7.540346853338102
strong_low_noise,540,159,1.1288378916846883e-07,17.673773938422336,0.011808281237152274,0.22009478613244948,3.792690190732246e-07,7.472149348183373
strong_low_noise,540,160,4.832930238571752e-07,7.539400999729541,0.005612562608563909,0.2398027431164248,3.792690190732246e-07,7.539400999729541
strong_low_noise,540,161,6.951927961775605e-08,23.547489933343133,0.011457177011492625,0.2225703538023011,4.832930238571752e-07,7.527616711683582
strong_low_noise,540,162,3.792690190732246e-07,8.682076725316843,0.005598560300225097,0.2344740282850091,4.832930238571752e-07,7.563699529839063
strong_low_noise,540,163,2.976351441631313e-07,9.81919512862438,0.004461767720178922,0.2371726647203601,4.832930238571752e-07,7.41870803678155
strong_low_noise,540,164,2.976351441631313e-07,9.946030596764459,0.01099295876436679,0.22141452082796617,2.976351441631313e-07,7.525526108834454
strong_low_noise,540,165,4.832930238571752e-07,7.46648741262985,0.004037091287184769,0.23996060088461232,4.832930238571752e-07,7.46648741262985
strong_low_noise,540,166,3.359818286283781e-06,2.963282607911768,0.029169054888306345,0.1874021901636455,1e-06,7.429216343307056
strong_low_noise,540,167,7.847599703514607e-07,5.7762878006180935,0.009746981814136357,0.22971167918357047,4.832930238571752e-07,7.506209523277316
strong_low_noise,540,168,0.01,0.011865401748675876,0.05766350475630311,0.11347393946299687,3.792690190732246e-07,7.496989139087805
strong_low_noise,540,169,2.6366508987303555e-08,40.29453340294375,0.04746831131351337,0.17745228328319668,7.847599703514607e-07,7.48870700108302
strong_low_noise,540,170,6.158482110660254e-07,6.677956053370784,0.005665262049960873,0.2346534335563638,3.792690190732246e-07,7.639519670604364
strong_low_noise,540,171,1.8329807108324338e-07,13.465609738297113,0.01129943076609996,0.23865688508210456,1.2742749857031322e-06,7.617466544776953
strong_low_noise,540,172,3.792690190732246e-07,8.46838409138513,0.004456281913055693,0.2415417578937049,3.792690190732246e-07,7.375324518709559
strong_low_noise,540,173,1e-06,5.150848210191902,0.021006079039579517,0.20000564685544772,2.976351441631313e-07,7.5761018973449685
strong_low_noise,540,174,0.01,0.011707197078067517,0.057606688826671304,0.09913983411803708,4.832930238571752e-07,7.38877609185634
strong_low_noise,540,175,4.832930238571752e-07,7.548002686908701,0.008123162083096491,0.22891977171966718,4.832930238571752e-07,7.548002686908701
strong_low_noise,540,176,3.792690190732246e-07,8.47732521366264,0.004718139040150726,0.23753106511707409,7.847599703514607e-07,7.388239051111337
strong_low_noise,540,177,2.6366508987303555e-06,3.292166996869737,0.009615461644545964,0.238937491596057,7.847599703514607e-07,7.4872162160147
strong_low_noise,540,178,1.8329807108324338e-07,13.071491558413097,0.00981187122036109,0.23898271467982166,1.2742749857031322e-06,7.403743882915114
strong_low_noise,540,179,1.8329807108324338e-07,13.015245952779365,0.011054649608579048,0.24302311884958075,1.2742749857031322e-06,7.3615532929986776
strong_low_noise,540,180,6.158482110660254e-07,6.556589328175763,0.009429060627959451,0.2294792640714969,4.832930238571752e-07,7.495041507236063
strong_low_noise,540,181,7.847599703514607e-07,5.893025805805896,0.0035915594209983137,0.24146607038711598,3.792690190732246e-07,7.656932281142957
strong_low_noise,540,182,4.281332398719396e-08,30.80985983952848,0.0329939855003476,0.21209339105956904,7.847599703514607e-07,7.400788715687754
strong_low_noise,540,183,1.1288378916846883e-07,17.86232907580797,0.014424078899719972,0.2128855930443047,4.832930238571752e-07,7.562110753933259
strong_low_noise,540,184,1.8329807108324338e-07,13.044883735842332,0.00743433099401325,0.23063118216988734,3.792690190732246e-07,7.373841423814911
strong_low_noise,540,185,1.2742749857031322e-06,4.537455066892166,0.005601641150445924,0.23634177567308545,3.792690190732246e-07,7.518233876127083
strong_low_noise,540,186,6.158482110660254e-07,6.6157815522160925,0.004538488859529455,0.23845382078099592,6.158482110660254e-07,7.570203113486594
strong_low_noise,540,187,3.3598182862837814e-08,34.93485525225964,0.0278745996561236,0.21544797054727532,7.847599703514607e-07,7.433222440944614
strong_low_noise,540,188,3.792690190732246e-07,8.607269080155799,0.004070419096015132,0.238242748119408,4.832930238571752e-07,7.498345251304167
strong_low_noise,540,189,7.847599703514607e-07,5.70383514763607,0.005011179193334825,0.23615332834936345,4.832930238571752e-07,7.41562076737313
strong_low_noise,540,190,2.06913808111479e-06,3.6887536750997834,0.0039725475896729145,0.2404278827854356,1.2742749857031322e-06,7.6147985097321085
strong_low_noise,540,191,1.1288378916846883e-07,17.684535135289806,0.00633655694582258,0.23281100439795618,3.792690190732246e-07,7.467684091941603
strong_low_noise,540,192,1.6237767391887209e-06,4.032998416891121,0.008577906320674455,0.22905565262608504,6.158482110660254e-07,7.460557644039061
strong_low_noise,540,193,2.3357214690901212e-07,11.488063316709878,0.007602412780116419,0.22978636425287474,4.832930238571752e-07,7.519666976709107
strong_low_noise,540,194,4.832930238571752e-07,7.464898716982588,0.003212208705335229,0.2401954908975333,6.158482110660254e-07,7.464898716982588
strong_low_noise,540,195,4.832930238571752e-07,7.446274052243869,0.0036860831969579566,0.2391990199645595,4.832930238571752e-07,7.446274052243869
strong_low_noise,540,196,3.792690190732246e-07,8.586747998180211,0.0051168105637035,0.2418321509437826,3.792690190732246e-07,7.473925783999794
strong_low_noise,540,197,1.6237767391887209e-06,4.141410857985265,0.00964588620771245,0.24067655395225268,4.832930238571752e-07,7.674181681449232
strong_low_noise,540,198,2.6366508987303555e-06,3.291036602310495,0.012854944059343287,0.24230968929707367,3.792690190732246e-07,7.4779041604053464
strong_low_noise,540,199,2.0691380811147902e-08,45.53703780377641,0.04352859501791695,0.19793202085548017,1e-06,7.534506819343714
strong_low_noise,720,0,0.01,0.010823857883359244,0.05760705781474185,0.09320662019914745,6.158482110660254e-07,7.344356529611186
strong_low_noise,720,1,6.951927961775605e-08,23.722318659375336,0.012081171660686119,0.22856424306242512,4.832930238571752e-07,7.508134335623273
strong_low_noise,720,2,2.6366508987303555e-06,3.3395076448288354,0.013872948354385684,0.2168182312595793,3.792690190732246e-07,7.6157524465819115
strong_low_noise,720,3,7.847599703514607e-07,5.729135552113169,0.0029827500452831446,0.24188371939052977,4.832930238571752e-07,7.450319715794123
strong_low_noise,720,4,5.4555947811685146e-08,27.25774477112269,0.018419212317318356,0.20716376547911008,3.792690190732246e-07,7.5408037670559285
strong_low_noise,720,5,1.1288378916846883e-05,1.8464952692388716,0.03486896824984964,0.21487216837056272,3.792690190732246e-07,7.440420052426171
strong_low_noise,720,6,1e-06,5.096130241564145,0.011013051409594743,0.2342951781395584,2.976351441631313e-07,7.501071698902112
strong_low_noise,720,7,2.06913808111479e-06,3.6437584129809735,0.010003282146497039,0.2282893698689738,3.792690190732246e-07,7.521777980768759
strong_low_noise,720,8,2.06913808111479e-06,3.694720131927056,0.01486869322454576,0.21178165272875793,2.976351441631313e-07,7.626718537580265
strong_low_noise,720,9,1.1288378916846883e-07,17.978564287532844,0.009207145648945647,0.23369746567807745,4.832930238571752e-07,7.599895040778729
strong_low_noise,720,10,3.792690190732246e-05,1.1113435591767928,0.04410615941046059,0.16959491176419658,3.792690190732246e-07,7.497689781086983
strong_low_noise,720,11,3.792690190732246e-07,8.723362910050707,0.007773491506519181,0.23018165455255896,4.832930238571752e-07,7.595846848630032
strong_low_noise,720,12,4.832930238571752e-07,7.431744589620262,0.008709524121363277,0.23724125810463076,3.792690190732246e-07,7.431744589620262
strong_low_noise,720,13,3.792690190732246e-07,8.654217513695492,0.0036654888948540743,0.23902690504908308,3.792690190732246e-07,7.5336212675439675
strong_low_noise,720,14,2.976351441631313e-07,9.97197420252616,0.003667012934598257,0.23923380253025806,3.792690190732246e-07,7.536371014274891
strong_low_noise,720,15,3.792690190732246e-07,8.565155022521656,0.0020481399565180913,0.24280022515483232,4.832930238571752e-07,7.458137980509096
strong_low_noise,720,16,4.832930238571752e-07,7.451369150638589,0.005581549852648582,0.24164553150546936,2.976351441631313e-07,7.451369150638589
strong_low_noise,720,17,1.6237767391887209e-06,4.000654228695847,0.00835226721894844,0.23681985550532275,4.832930238571752e-07,7.427949161170157
strong_low_noise,720,18,7.847599703514607e-07,5.702977853561686,0.004030201265439737,0.2381774748281383,6.158482110660254e-07,7.412424488752639
strong_low_noise,720,19,2.976351441631313e-07,10.027488099906732,0.005547825990231181,0.2353250402465101,6.158482110660254e-07,7.568386574077608
strong_low_noise,720,20,4.832930238571752e-07,7.5105103498157035,0.013116451851372668,0.22673783453318103,2.976351441631313e-07,7.5105103498157035
strong_low_noise,720,21,1e-06,5.1338878981475515,0.005448829342930006,0.2427139927319348,3.792690190732246e-07,7.563943158602536
strong_low_noise,720,22,2.976351441631313e-07,9.976378162697575,0.004321958040142571,0.23980286417595337,3.792690190732246e-07,7.532086040073613
strong_low_noise,720,23,3.792690190732246e-07,8.647766724715872,0.004320289885637485,0.2401539569554358,4.832930238571752e-07,7.525747422913959
strong_low_noise,720,24,1.2742749857031322e-06,4.467323244330301,0.004320199455461915,0.24105768470578848,4.832930238571752e-07,7.383332113246757
strong_low_noise,720,25,8.858667904100815e-08,20.361681813705044,0.009420816167237889,0.22944602887666993,4.832930238571752e-07,7.421778258351737
strong_low_noise,720,26,1.438449888287663e-07,15.199447966630109,0.011258729957120406,0.2272627982103943,6.158482110660254e-07,7.433194082305928
strong_low_noise,720,27,4.832930238571752e-07,7.425658276432428,0.004417826497126076,0.24036324493616992,3.792690190732246e-07,7.425658276432428
strong_low_noise,720,28,1.6237767391887209e-06,4.097379712935148,0.009192582351123635,0.22889470019009572,4.832930238571752e-07,7.588696333718283
strong_low_noise,720,29,4.832930238571752e-07,7.57730234033232,0.006674537965004057,0.2380998425963258,2.3357214690901212e-07,7.57730234033232
strong_low_noise,720,30,1e-06,5.019935218245506,0.0033386622715626535,0.24255968199685213,4.832930238571752e-07,7.396794551617781
strong_low_noise,720,31,6.158482110660254e-07,6.517280592288746,0.006707206074701433,0.23186569109186272,2.3357214690901212e-07,7.455917875762339
strong_low_noise,720,32,7.847599703514607e-07,5.729826351050653,0.017167999904794895,0.22038597533611837,3.792690190732246e-07,7.461767809209743
strong_low_noise,720,33,2.6366508987303555e-06,3.2954548387911693,0.014267169096291887,0.2346408122587456,2.3357214690901212e-07,7.508579272374157
strong_low_noise,720,34,3.792690190732246e-07,8.635518002593033,0.004623588825489633,0.23679188922242797,3.792690190732246e-07,7.513148430642062
strong_low_noise,720,35,2.976351441631313e-07,9.970494484036047,0.008111510308675185,0.23287692654888387,2.976351441631313e-07,7.539037271015233
strong_low_noise,720,36,6.158482110660254e-07,6.668606091685358,0.002020458861730634,0.24300939305502725,7.847599703514607e-07,7.627192801295702
strong_low_noise,720,37,1.6237767391887209e-06,4.0406100616615035,0.008280608413968826,0.23075564941267954,3.792690190732246e-07,7.45038584854708
strong_low_noise,720,38,5.455594781168514e-06,2.414055231989114,0.036508646532351086,0.16204334666672485,2.3357214690901212e-07,7.379757927816836
strong_low_noise,720,39,4.281332398719396e-08,30.98019166430572,0.013870773176501427,0.21958484676514797,2.976351441631313e-07,7.435582326830038
strong_low_noise,720,40,7.847599703514607e-07,5.845962633560762,0.0017456118291646616,0.2436191155244666,7.847599703514607e-07,7.599601767191786
strong_low_noise,720,41,2.9763514416313133e-09,108.37129576726157,0.11476264825006788,0.11906807086561862,3.792690190732246e-07,7.496317885220697
strong_low_noise,720,42,6.158482110660254e-07,6.542642550368598,0.004510596392178212,0.2374995189709107,2.976351441631313e-07,7.478648117479808
strong_low_noise,720,43,1.2742749857031322e-06,4.553281858630928,0.008218936920977304,0.24172510340184605,3.792690190732246e-07,7.522444797485414
strong_low_noise,720,44,1.1288378916846883e-05,1.8838928038141343,0.02948650719300938,0.19745629746928997,4.832930238571752e-07,7.566430690893462
strong_low_noise,720,45,3.3598182862837814e-08,36.09452563508476,0.029853807482998818,0.19329300628060797,4.832930238571752e-07,7.566883643599321
strong_low_noise,720,46,2.6366508987303555e-08,40.52331711978733,0.03192106321932342,0.18464365977549574,2.976351441631313e-07,7.465266420711285
strong_low_noise,720,47,3.3598182862837814e-08,36.25547444335061,0.01619491072792323,0.22190766996667022,3.792690190732246e-07,7.588212624982393
strong_low_noise,720,48,1e-06,5.085957552057985,0.005083920848305223,0.23789976882018274,3.792690190732246e-07,7.493533253324289
strong_low_noise,720,49,3.792690190732246e-07,8.48459917245329,0.007723532375704001,0.2300858067721603,4.832930238571752e-07,7.389438001410099
strong_low_noise,720,50,1.438449888287663e-07,15.366885210683993,0.01339312889177735,0.21805775803910993,3.792690190732246e-07,7.489191482524622
strong_low_noise,720,51,0.0003359818286283774,0.28526722989301767,0.05570262441239515,0.10089667589364304,3.792690190732246e-07,7.5264352513594615
strong_low_noise,720,52,2.06913808111479e-06,3.6297757310205454,0.012534327861602246,0.2283045762331257,3.792690190732246e-07,7.4731022905112905
strong_low_noise,720,53,1.6237767391887209e-06,4.074431909899499,0.012937540831350902,0.24300542330557973,3.792690190732246e-07,7.559923896415024
strong_low_noise,720,54,2.976351441631313e-07,10.054928779176382,0.003305873630446987,0.2418282314680218,6.158482110660254e-07,7.594322717664975
strong_low_noise,720,55,7.847599703514607e-07,5.598098665862924,0.002547571755488476,0.2431871686706759,7.847599703514607e-07,7.287214636111405
strong_low_noise,720,56,6.158482110660254e-07,6.576707972855965,0.002417118395534601,0.24194400225199553,4.832930238571752e-07,7.523104559454529
strong_low_noise,720,57,3.792690190732246e-07,8.587037248636644,0.00275315642800833,0.24143510854839811,3.792690190732246e-07,7.474906700583965
strong_low_noise,720,58,2.3357214690901212e-07,11.474419180765258,0.005747190808948366,0.23432074175615902,3.792690190732246e-07,7.492938994280731
strong_low_noise,720,59,4.281332398719396e-08,30.998899019802266,0.016892074287327308,0.2213098446279636,6.158482110660254e-07,7.4594839527924925
strong_low_noise,720,60,7.847599703514607e-07,5.693054978490508,0.006755437054784097,0.23926331139880788,3.792690190732246e-07,7.396264590414936
strong_low_noise,720,61,3.792690190732246e-07,8.684806111602233,0.002127263292582726,0.24260730635900984,6.158482110660254e-07,7.559360674881996
strong_low_noise,720,62,6.951927961775606e-06,2.279692933243055,0.02790719020289123,0.18577439524526784,2.3357214690901212e-07,7.6123555198799036
strong_low_noise,720,63,4.832930238571752e-07,7.462523072233777,0.0016298006379686925,0.24415966343617032,4.832930238571752e-07,7.462523072233777
strong_low_noise,720,64,6.158482110660254e-07,6.640341700032886,0.0036214351998845595,0.2402311125837583,6.158482110660254e-07,7.598617394858064
strong_low_noise,720,65,1e-06,5.090690822474856,0.0050293103924423654,0.24568973244920445,3.792690190732246e-07,7.499908829602093
strong_low_noise,720,66,6.158482110660254e-07,6.705245039529903,0.0075361853504553045,0.23743411323339936,4.832930238571752e-07,7.6714727819498485
strong_low_noise,720,67,3.792690190732246e-07,8.707558079458558,0.0033717334723650794,0.24040034014017667,4.832930238571752e-07,7.578898733853634
strong_low_noise,720,68,1.2742749857031322e-06,4.499831389295473,0.013182507949955014,0.21655509399891273,4.832930238571752e-07,7.4414373956676645
strong_low_noise,720,69,1.8329807108324338e-07,13.542831531981893,0.0080522013205363,0.23993835609487948,1e-06,7.6330932068849915
strong_low_noise,720,70,1.1288378916846883e-07,18.027569648360334,0.011054765235481212,0.22460957233186057,6.158482110660254e-07,7.630121505656247
strong_low_noise,720,71,6.158482110660254e-07,6.65322471503539,0.003678718747960996,0.2402799648408059,6.158482110660254e-07,7.614600801950072
strong_low_noise,720,72,2.3357214690901212e-07,11.659340493066539,0.005455914404385087,0.23513666251960438,3.792690190732246e-07,7.617570979558188
strong_low_noise,720,73,5.4555947811685146e-08,27.513902365449248,0.01936468425697513,0.20119350355670462,3.792690190732246e-07,7.604476312904269
strong_low_noise,720,74,1.8329807108324338e-07,13.391151956778044,0.010330682779927658,0.2230196761586164,3.792690190732246e-07,7.557907552347103
strong_low_noise,720,75,1.8329807108324338e-07,13.192484188986725,0.005278662189131089,0.23553286991114444,4.832930238571752e-07,7.460665571049686
strong_low_noise,720,76,7.847599703514607e-07,5.572668509430791,0.004076380853583084,0.2381731517955929,2.976351441631313e-07,7.244347102593907
strong_low_noise,720,77,5.455594781168514e-06,2.4704059075403073,0.01936066049495,0.23306759821459028,4.832930238571752e-07,7.547145017130102
strong_low_noise,720,78,2.976351441631313e-07,9.91665854787258,0.0029471513585478393,0.2409833482096295,6.158482110660254e-07,7.496071306243892
strong_low_noise,720,79,4.832930238571752e-07,7.6346255490823065,0.002994979015353616,0.24065042401505354,4.832930238571752e-07,7.6346255490823065
strong_low_noise,720,80,2.976351441631313e-07,9.905762952429619,0.010270583656631804,0.23767011390880263,7.847599703514607e-07,7.47881633818225
strong_low_noise,720,81,1e-06,5.127002400562113,0.0012040158788267918,0.2451013172481843,1e-06,7.545752185579394
strong_low_noise,720,82,6.158482110660254e-07,6.502544738982713,0.0058086725468056155,0.23402182577999803,2.976351441631313e-07,7.43544124500271
strong_low_noise,720,83,3.792690190732246e-07,8.7737419896314,0.0061303025317637205,0.23831450484371522,2.976351441631313e-07,7.632947376653087
strong_low_noise,720,84,1.438449888287663e-07,15.46020573711212,0.009457903708887772,0.22604567749902021,2.3357214690901212e-07,7.563576045106826
strong_low_noise,720,85,0.01,0.011583128517777187,0.057669440948201145,0.07770691063216031,2.976351441631313e-07,7.466256150072116
strong_low_noise,720,86,3.359818286283781e-06,3.016177412911092,0.022474542327854063,0.21374182124711444,2.976351441631313e-07,7.596392177473166
strong_low_noise,720,87,6.951927961775605e-08,23.58177652486533,0.014723408865965348,0.22759982535201742,1e-06,7.437934816100953
strong_low_noise,720,88,1.2742749857031322e-06,4.449379880876829,0.002333168438489852,0.24526714245480344,7.847599703514607e-07,7.347996385342844
strong_low_noise,720,89,4.832930238571752e-07,7.39441571311076,0.011966553873694608,0.2282751496251052,7.847599703514607e-07,7.39441571311076
strong_low_noise,720,90,2.3357214690901212e-07,11.238872998762698,0.01339279751642164,0.2217559913931477,2.976351441631313e-07,7.3397382838637375
strong_low_noise,720,91,2.3357214690901212e-07,11.368690077375916,0.00976248401683022,0.2265206116674646,3.792690190732246e-07,7.4282944240480875
strong_low_noise,720,92,7.847599703514607e-07,5.772189299337955,0.002813569202809618,0.2412781825254276,7.847599703514607e-07,7.503311659441815
strong_low_noise,720,93,2.976351441631313e-07,9.791191531003875,0.007597409308184533,0.2301808838778374,4.832930238571752e-07,7.394302933552989
strong_low_noise,720,94,2.976351441631313e-07,9.975870122014985,0.002716666167895676,0.24182542100524407,3.792690190732246e-07,7.540040590151536
strong_low_noise,720,95,1.438449888287663e-07,15.447512090181974,0.009371490633627855,0.225800416714527,3.792690190732246e-07,7.519541461496135
strong_low_noise,720,96,2.976351441631313e-07,9.806426211982133,0.0023241127472155565,0.24249552292764828,4.832930238571752e-07,7.418833084899292
strong_low_noise,720,97,1.8329807108324338e-07,13.339948514066498,0.006532536385702059,0.2330745631249604,3.792690190732246e-07,7.522099239963869
strong_low_noise,720,98,1.2742749857031322e-06,4.600400204345491,0.015275454517594045,0.2443357060154159,3.792690190732246e-07,7.619092335472287
strong_low_noise,720,99,8.858667904100815e-06,2.051647789941961,0.03923916009988626,0.14692935436199614,4.832930238571752e-07,7.474017528042548
strong_low_noise,720,100,1.438449888287663e-07,15.404515964262549,0.004325334059700814,0.23750020285822213,3.792690190732246e-07,7.495889989607589
strong_low_noise,720,101,2.6366508987303555e-06,3.2908882958609023,0.01160241022862063,0.24270164112454717,4.832930238571752e-07,7.482068036670855
strong_low_noise,720,102,2.06913808111479e-06,3.6830017635165824,0.00855625657791692,0.2311651997688627,3.792690190732246e-07,7.58637561586545
strong_low_noise,720,103,6.158482110660254e-07,6.431779364354986,0.003634442317921538,0.23919643689456235,4.832930238571752e-07,7.353497867444336
strong_low_noise,720,104,1e-06,5.1301903840134875,0.002061658617974471,0.2456953713723202,4.832930238571752e-07,7.561017197579789
strong_low_noise,720,105,4.832930238571752e-07,7.503501885605778,0.0034102197541796553,0.2430949177761136,3.792690190732246e-07,7.503501885605778
strong_low_noise,720,106,2.976351441631313e-07,9.882107617979354,0.004322517934720382,0.24027163427762183,6.158482110660254e-07,7.479398117049725
strong_low_noise,720,107,1.438449888287663e-07,15.397809798690206,0.00495953113026959,0.2362301199943361,3.792690190732246e-07,7.52940616914662
strong_low_noise,720,108,5.4555947811685146e-08,27.58622392706714,0.016148034695043445,0.23021657598434492,7.847599703514607e-07,7.5791598707587085
strong_low_noise,720,109,2.6366508987303555e-06,3.31673593875856,0.008010461976295513,0.24056945252055667,6.158482110660254e-07,7.585491000671075
strong_low_noise,720,110,3.792690190732246e-07,8.517291632446591,0.0038226685230966506,0.24161164651753342,7.847599703514607e-07,7.41333940848234
strong_low_noise,720,111,1.8329807108324338e-07,13.432482180152736,0.004333860409124313,0.23976463500389716,4.832930238571752e-07,7.576189001081321
strong_low_noise,720,112,1.6237767391887209e-06,4.012583982957081,0.0034255070617882355,0.24496257648771716,7.847599703514607e-07,7.40362927213699
strong_low_noise,720,113,3.792690190732246e-07,8.58218000826283,0.014939625132623036,0.21170480550949694,4.832930238571752e-07,7.469909559784528
strong_low_noise,720,114,1.438449888287663e-07,15.72605015409897,0.007134235829904911,0.2420350746167511,1e-06,7.663588808176919
strong_low_noise,720,115,0.01,0.011712810667990459,0.05761988686679953,0.11566014819201322,2.976351441631313e-07,7.432961814513816
strong_low_noise,720,116,1.8329807108324338e-07,13.160289653702197,0.009542431454974132,0.2322883952135178,4.832930238571752e-07,7.424632093513258
strong_low_noise,720,117,2.6366508987303555e-06,3.2366626444369344,0.014358060924145932,0.23729116607202408,3.792690190732246e-07,7.337363286822135
strong_low_noise,720,118,2.6366508987303555e-06,3.285412179600617,0.0154282386399609,0.21110144229462202,4.832930238571752e-07,7.4848323762207105
strong_low_noise,720,119,1.1288378916846883e-07,17.633215513546887,0.016356919647950052,0.2156186624966032,4.832930238571752e-07,7.424531869489087
strong_low_noise,720,120,4.832930238571752e-07,7.582991846865246,0.0013983807658005665,0.24485115999936236,7.847599703514607e-07,7.582991846865246
strong_low_noise,720,121,8.858667904100815e-08,20.55342320302844,0.005768459553409211,0.23516879740160376,3.792690190732246e-07,7.516050176188058
strong_low_noise,720,122,7.847599703514607e-07,5.748661630991128,0.003995223561427896,0.23944599024466706,4.832930238571752e-07,7.477661905959904
strong_low_noise,720,123,2.976351441631313e-07,9.824310994030553,0.0025836488674252367,0.24156831759812933,4.832930238571752e-07,7.416611361372956
strong_low_noise,720,124,2.6366508987303555e-08,40.629618423435375,0.034046661526333066,0.17519664433241564,3.792690190732246e-07,7.51457109942938
strong_low_noise,720,125,2.3357214690901212e-07,11.315436822747218,0.017569656578608095,0.20757433878708278,2.976351441631313e-07,7.402566628328225
strong_low_noise,720,126,2.06913808111479e-06,3.6348886166054486,0.0063513800064315395,0.23942471336717114,6.158482110660254e-07,7.4876617999600175
strong_low_noise,720,127,1.2742749857031322e-06,4.502432432281418,0.007682186267847668,0.23512206900756613,3.792690190732246e-07,7.446597447597618
strong_low_noise,720,128,2.976351441631313e-07,9.928329002570973,0.009143547543820074,0.23176720325676906,3.792690190732246e-07,7.503369898793652
strong_low_noise,720,129,3.792690190732246e-07,8.560204273204029,0.006166295725118842,0.2338688488634416,4.832930238571752e-07,7.45579598684604
strong_low_noise,720,130,6.158482110660254e-07,6.497114041379005,0.011573497181482928,0.2279367466656722,4.832930238571752e-07,7.427288282946212
strong_low_noise,720,131,7.847599703514607e-07,5.728359508545572,0.004469306659905747,0.2372145293648564,6.158482110660254e-07,7.445825049892968
strong_low_noise,720,132,1e-06,5.07457615964924,0.004526700981383636,0.24519839812504354,4.832930238571752e-07,7.463525930763318
strong_low_noise,720,133,6.158482110660254e-07,6.645665355097261,0.0031213682385207164,0.24604473953383865,1.2742749857031322e-06,7.603817694934805
strong_low_noise,720,134,2.976351441631313e-07,10.021970000602582,0.006272342194442504,0.23365901704905534,3.792690190732246e-07,7.559209793041107
strong_low_noise,720,135,3.792690190732246e-07,8.456314110622916,0.0023969615969063884,0.24307974872301893,3.792690190732246e-07,7.36158062302915
strong_low_noise,720,136,6.158482110660254e-07,6.57883129319485,0.005328530320048874,0.23604402858093917,4.832930238571752e-07,7.527100777935064
strong_low_noise,720,137,1.438449888287663e-07,15.484331498337017,0.010285701513895185,0.223130295572084,4.832930238571752e-07,7.5502071337582155
strong_low_noise,720,138,3.792690190732246e-07,8.658482478528825,0.004134029306000264,0.23859407285871678,4.832930238571752e-07,7.54068745168068
strong_low_noise,720,139,3.792690190732246e-07,8.639114316240827,0.0048404232627650146,0.2375146673749996,2.976351441631313e-07,7.521521237596193
strong_low_noise,720,140,3.792690190732246e-07,8.718663531080498,0.005555043952365946,0.2346881255970392,4.832930238571752e-07,7.587311369758869
strong_low_noise,720,141,4.832930238571752e-07,7.5938465575861,0.0037434439269675712,0.23903601856324516,3.792690190732246e-07,7.5938465575861
strong_low_noise,720,142,5.455594781168514e-06,2.454194113190047,0.02429369097315548,0.2169799221655975,2.976351441631313e-07,7.4712199015698255
strong_low_noise,720,143,6.158482110660254e-07,6.66060274534202,0.01098572081291449,0.2214671949932139,2.976351441631313e-07,7.619178278325515
strong_low_noise,720,144,3.792690190732246e-07,8.673453173078551,0.01628477383583271,0.21314983064807405,6.158482110660254e-07,7.550494393242913
strong_low_noise,720,145,3.359818286283781e-06,2.9592645378149762,0.017370587486318367,0.23548582666825635,4.832930238571752e-07,7.440931199964927
strong_low_noise,720,146,2.976351441631313e-07,9.92862891347293,0.0037293747840021485,0.2398991574102735,3.792690190732246e-07,7.503544437346996
strong_low_noise,720,147,3.792690190732246e-07,8.554882097689811,0.01428389261198959,0.23237713802341733,2.976351441631313e-07,7.452627888227011
strong_low_noise,720,148,8.858667904100815e-08,20.499027126045306,0.008158226628480758,0.23185890261651346,3.792690190732246e-07,7.503594566083074
strong_low_noise,720,149,8.858667904100815e-08,20.436268554526915,0.013135859468953015,0.22978634542278145,7.847599703514607e-07,7.460357424743928
strong_low_noise,720,150,3.792690190732246e-07,8.620538042883666,0.006864901400675416,0.23885267923840117,2.976351441631313e-07,7.5129413724185525
strong_low_noise,720,151,4.832930238571752e-07,7.436340324966643,0.004917650401267237,0.23638544038001447,4.832930238571752e-07,7.436340324966643
strong_low_noise,720,152,8.858667904100815e-08,20.500066894399804,0.010365093669641778,0.22819780534302184,4.832930238571752e-07,7.489985026468489
strong_low_noise,720,153,2.3357214690901212e-07,11.460709236706775,0.01510628390028168,0.21314335274858087,3.792690190732246e-07,7.495209375150838
strong_low_noise,720,154,1e-06,5.101870562501011,0.006025407307256869,0.2415412416358068,3.792690190732246e-07,7.516676881183321
strong_low_noise,720,155,3.792690190732246e-07,8.681144494733108,0.00583278016557276,0.23392623391615572,3.792690190732246e-07,7.558507435551944
strong_low_noise,720,156,4.832930238571752e-07,7.517998342284897,0.00613998548880057,0.23323416946854994,4.832930238571752e-07,7.517998342284897
strong_low_noise,720,157,2.6366508987303555e-06,3.297516516170722,0.011166448694302944,0.22990394554871732,4.832930238571752e-07,7.501041836108216
strong_low_noise,720,158,6.158482110660254e-07,6.617094134632709,0.005815727757215394,0.23592468440498895,2.976351441631313e-07,7.56452051163865
strong_low_noise,720,159,2.3357214690901212e-07,11.44134121481358,0.0029811755121407213,0.2412958569035086,3.792690190732246e-07,7.474482559139504
strong_low_noise,720,160,3.792690190732246e-07,8.620320247647896,0.0039085130021734305,0.24211230971624254,3.792690190732246e-07,7.498843603402961
strong_low_noise,720,161,0.01,0.011295201634072247,0.057660416387473545,0.1932244833237033,3.792690190732246e-07,7.531286570679271
strong_low_noise,720,162,1e-06,5.106784894215485,0.005389659451607742,0.23859275919047873,3.792690190732246e-07,7.507659454386362
strong_low_noise,720,163,1.1288378916846883e-07,17.8072015175825,0.008109318457901415,0.23041114141370858,4.832930238571752e-07,7.510460057055309
strong_low_noise,720,164,2.976351441631313e-07,9.925762657866043,0.011568949901394343,0.2199927420995738,2.3357214690901212e-07,7.499463660591567
strong_low_noise,720,165,4.832930238571752e-07,7.438729398290302,0.003823807264045853,0.24270462966030604,3.792690190732246e-07,7.438729398290302
strong_low_noise,720,166,1e-06,5.1007076878159205,0.018755761437053375,0.20376044914441266,6.158482110660254e-07,7.506053444740017
strong_low_noise,720,167,1e-06,5.160369578998025,0.006220195687968166,0.2425597107957602,3.792690190732246e-07,7.5902740949804635
strong_low_noise,720,168,4.281332398719396e-08,31.233843468874745,0.019634713526154535,0.21075022475701555,4.832930238571752e-07,7.450705456791952
strong_low_noise,720,169,1.8329807108324338e-07,13.310294062781228,0.0069435667176346305,0.23581751464484688,7.847599703514607e-07,7.511419172959291
strong_low_noise,720,170,3.792690190732246e-07,8.76133869188691,0.007340515855757013,0.23035061850659588,4.832930238571752e-07,7.62596125878126
strong_low_noise,720,171,2.6366508987303555e-06,3.339528715750898,0.008362772424635234,0.23111559620275737,7.847599703514607e-07,7.616859990699326
strong_low_noise,720,172,5.455594781168514e-06,2.452859253849552,0.02704492562968508,0.20517367515102963,2.976351441631313e-07,7.448897850993909
strong_low_noise,720,173,4.832930238571752e-07,7.644451774914246,0.017475450682097105,0.20503484696946261,2.976351441631313e-07,7.644451774914246
strong_low_noise,720,174,1.2742749857031322e-06,4.506051937845444,0.006708124188413933,0.23953307611988595,3.792690190732246e-07,7.4534214408996675
strong_low_noise,720,175,2.976351441631313e-07,9.961715098064133,0.005432201906120371,0.23487828927190538,4.832930238571752e-07,7.532715052412687
strong_low_noise,720,176,6.158482110660254e-07,6.532444910546763,0.0023092361254483107,0.2421911840603963,7.847599703514607e-07,7.465562188722813
strong_low_noise,720,177,3.359818286283781e-06,2.9791323985808504,0.016173781077415073,0.22763667399759582,6.158482110660254e-07,7.487409488364881
strong_low_noise,720,178,1.438449888287663e-07,15.349869454638213,0.013191418603164085,0.234462666041398,1e-06,7.476575184022632
strong_low_noise,720,179,1e-06,5.0643521722141855,0.0008459833591306642,0.24578355818108558,1e-06,7.4522926685242155
strong_low_noise,720,180,1e-06,5.097590827816559,0.010824392734776755,0.2241992873395303,3.792690190732246e-07,7.500857973569329
strong_low_noise,720,181,1e-06,5.220078628353883,0.0061256453875974115,0.2355272634975378,2.976351441631313e-07,7.679138192991781
strong_low_noise,720,182,2.6366508987303555e-06,3.2647533585894877,0.012543347150061779,0.22175679202504084,4.832930238571752e-07,7.437118341570704
strong_low_noise,720,183,7.847599703514607e-07,5.815707959978958,0.007054300377650535,0.2355400720487688,3.792690190732246e-07,7.565182875729848
strong_low_noise,720,184,3.792690190732246e-07,8.59475141373252,0.0025352271156662276,0.24310482973261563,3.792690190732246e-07,7.481715363416758
strong_low_noise,720,185,1.438449888287663e-07,15.414492675554449,0.003709963540302841,0.23972801574544847,3.792690190732246e-07,7.508894620934391
strong_low_noise,720,186,3.792690190732246e-07,8.724721024680507,0.0029138292247223863,0.2408256924578178,6.158482110660254e-07,7.593426694897374
strong_low_noise,720,187,1.2742749857031322e-06,4.527613494426932,0.0024510053027346768,0.24495661245781256,6.158482110660254e-07,7.478661727819643
strong_low_noise,720,188,1e-06,5.125478399415323,0.0049650717712060866,0.24223138830094953,3.792690190732246e-07,7.537168848761933
strong_low_noise,720,189,1.438449888287663e-07,15.336304984669464,0.010755472382042663,0.23115401109297426,6.158482110660254e-07,7.462711007549962
strong_low_noise,720,190,3.359818286283781e-06,3.0162092814789054,0.009392655155209373,0.23784744157048834,7.847599703514607e-07,7.631056018343827
strong_low_noise,720,191,6.158482110660254e-07,6.505805735021271,0.004125217037959872,0.2449729415942919,2.976351441631313e-07,7.441278976816673
strong_low_noise,720,192,2.3357214690901212e-07,11.520168962116838,0.004056654608713073,0.2399208663364882,4.832930238571752e-07,7.527569046782211
strong_low_noise,720,193,4.832930238571752e-07,7.569043072788773,0.0020091006799034528,0.24377789730160104,4.832930238571752e-07,7.569043072788773
strong_low_noise,720,194,2.6366508987303555e-08,40.61117216099473,0.024462078244119168,0.2129924775323201,6.158482110660254e-07,7.491578870964756
strong_low_noise,720,195,1e-06,5.121050493357602,0.006554062039889841,0.232610376024532,3.792690190732246e-07,7.5376042960152105
strong_low_noise,720,196,2.06913808111479e-06,3.613601985920612,0.015370803622233198,0.23610115047283675,2.976351441631313e-07,7.457172668841873
strong_low_noise,720,197,4.281332398719396e-08,31.71738483803133,0.021651954270013873,0.20587229728475118,4.832930238571752e-07,7.625752506547529
strong_low_noise,720,198,8.858667904100815e-08,20.48302394419861,0.009604686203232071,0.22486132903890038,3.792690190732246e-07,7.51412071571826
strong_low_noise,720,199,4.832930238571752e-07,7.530461970963831,0.0023299175135308436,0.2434970607891743,1e-06,7.530461970963831
strong_low_noise,1080,0,3.359818286283781e-06,2.9400704120709746,0.014494502269563836,0.2267933944707562,3.792690190732246e-07,8.468385626255131
strong_low_noise,1080,1,1.438449888287663e-07,15.554101557738637,0.005647928986971529,0.23972455612225574,6.158482110660254e-07,8.69819769959012
strong_low_noise,1080,2,2.976351441631313e-07,10.171756021014692,0.0019574070204656513,0.24354787028088154,4.832930238571752e-07,8.821265131613394
strong_low_noise,1080,3,1.6237767391887209e-06,4.0172939810655235,0.0074748931116706,0.2414049091460314,2.3357214690901212e-07,8.558934219644671
strong_low_noise,1080,4,4.832930238571752e-07,7.590197739617407,0.0036076617699472013,0.24256926788920544,2.976351441631313e-07,8.72127192204366
strong_low_noise,1080,5,6.951927961775605e-08,23.85398809573832,0.008491978853565896,0.22763664284725899,3.792690190732246e-07,8.606199935536722
strong_low_noise,1080,6,7.847599703514607e-07,5.831377936381703,0.007632608144709008,0.24326222889683344,2.3357214690901212e-07,8.737592847509033
strong_low_noise,1080,7,6.951927961775605e-08,23.99186470961405,0.005936461492334177,0.23528952212432452,2.976351441631313e-07,8.655551874260121
strong_low_noise,1080,8,2.3357214690901212e-07,11.690766165416564,0.006639043171997372,0.23360169938153144,3.792690190732246e-07,8.77261452129374
strong_low_noise,1080,9,1e-06,5.183189233774564,0.009585231369731995,0.22502743209757994,3.792690190732246e-07,8.786130711184173
strong_low_noise,1080,10,3.792690190732246e-07,8.61453687946937,0.005202310285867706,0.23698491453900328,2.976351441631313e-07,8.61453687946937
strong_low_noise,1080,11,2.976351441631313e-07,10.059862757332098,0.007907630180306824,0.22902990864555756,4.832930238571752e-07,8.725203058198119
strong_low_noise,1080,12,2.976351441631313e-07,10.026117297863845,0.002864287517946762,0.2420834617380638,2.976351441631313e-07,8.693992261529194
strong_low_noise,1080,13,1.274274985703132e-08,59.935087847701865,0.031382863688618534,0.19374925655014774,2.976351441631313e-07,8.662815833281151
strong_low_noise,1080,14,2.976351441631313e-07,9.961278417626918,0.004766546206890654,0.23654663898829406,3.792690190732246e-07,8.639568727793824
strong_low_noise,1080,15,1.8329807108324338e-07,13.230097208611417,0.0033272768584712287,0.2438859695067415,6.158482110660254e-07,8.567954581925138
strong_low_noise,1080,16,1.2742749857031322e-06,4.5154058540126965,0.015555330785890331,0.21982226241605532,2.3357214690901212e-07,8.597259544921792
strong_low_noise,1080,17,1.8329807108324338e-07,13.27795079811787,0.0065211989339338805,0.23270004337679465,4.832930238571752e-07,8.599842272173426
strong_low_noise,1080,18,2.3357214690901212e-07,11.433026437353053,0.007512399600901887,0.2299915334497444,3.792690190732246e-07,8.572676581626485
strong_low_noise,1080,19,6.158482110660254e-07,6.613687971063912,0.004816197259555954,0.24238069384540276,3.792690190732246e-07,8.697631817827855
strong_low_noise,1080,20,1e-06,5.154068458244283,0.015347502987795858,0.219665456583364,2.3357214690901212e-07,8.733135836791702
strong_low_noise,1080,21,2.3357214690901212e-07,11.621228869815107,0.0016592702216132738,0.24376587900429514,3.792690190732246e-07,8.720969267660307
strong_low_noise,1080,22,1e-06,5.111585528748686,0.008856373889648106,0.23912188805430093,2.976351441631313e-07,8.661396871089098
strong_low_noise,1080,23,4.832930238571752e-07,7.560902456262386,0.005235232169629622,0.23701454071096878,4.832930238571752e-07,8.690329977521532
strong_low_noise,1080,24,1.6237767391887209e-06,3.9957382453731927,0.00854210781410003,0.23770186670837368,2.976351441631313e-07,8.481962458231433
strong_low_noise,1080,25,2.06913808111479e-06,3.6338805707775323,0.00947611214168409,0.23788536003769833,3.792690190732246e-07,8.622242900670619
strong_low_noise,1080,26,1.6237767391887209e-06,4.011512756213152,0.009892217287394756,0.22902978574224922,3.792690190732246e-07,8.516754791899128
strong_low_noise,1080,27,6.158482110660254e-07,6.504576426414297,0.004774730936175087,0.24465027414074603,2.976351441631313e-07,8.551887440482206
strong_low_noise,1080,28,1.6237767391887209e-06,4.070458357450503,0.010075057287814548,0.22826772815436766,2.976351441631313e-07,8.67365389864092
strong_low_noise,1080,29,2.3357214690901212e-07,11.563528813983474,0.002606103860318787,0.24194978328817676,3.792690190732246e-07,8.670948754300293
strong_low_noise,1080,30,7.847599703514607e-07,5.7434392629612265,0.005189197534283152,0.2364821370647176,3.792690190732246e-07,8.603129730801164
strong_low_noise,1080,31,2.976351441631313e-07,9.937606287443366,0.002159409748594854,0.24281748403073133,2.3357214690901212e-07,8.614522584089832
strong_low_noise,1080,32,1.438449888287663e-07,15.496758100466321,0.01005782240668196,0.22590983369528955,3.792690190732246e-07,8.663366727711535
strong_low_noise,1080,33,1.8329807108324338e-07,13.31130242915676,0.002766593556860708,0.24375494850679041,1.8329807108324338e-07,8.622820729528726
strong_low_noise,1080,34,2.976351441631313e-07,9.958328262245042,0.00643880363896554,0.2331703269314575,3.792690190732246e-07,8.630512991251505
strong_low_noise,1080,35,6.158482110660254e-07,6.604153352355942,0.005319425134909461,0.2422519506337631,2.3357214690901212e-07,8.670790050989986
strong_low_noise,1080,36,1.8329807108324338e-07,13.487453631295539,0.003639056505746474,0.2411004433503722,6.158482110660254e-07,8.728873755950552
strong_low_noise,1080,37,1.8329807108324338e-07,13.224578736454975,0.003616614054389511,0.24036134153970284,4.832930238571752e-07,8.570003661462954
strong_low_noise,1080,38,1e-06,5.059256652973524,0.014880255021039845,0.22951706540249475,2.3357214690901212e-07,8.56300860452297
strong_low_noise,1080,39,3.3598182862837814e-08,36.02001829099421,0.017023372181079965,0.22080762129000636,4.832930238571752e-07,8.598149487967163
strong_low_noise,1080,40,4.832930238571752e-07,7.5976964388601935,0.0017218209709777277,0.2435775323892134,6.158482110660254e-07,8.729137837913035
strong_low_noise,1080,41,7.847599703514607e-07,5.757885820222329,0.012534573865559118,0.2258382512542408,2.976351441631313e-07,8.591963471024428
strong_low_noise,1080,42,3.792690190732246e-07,8.663331535054024,0.0020181218475426865,0.24418295334914272,2.976351441631313e-07,8.663331535054024
strong_low_noise,1080,43,1.2742749857031322e-06,4.537528876252686,0.010013727107443415,0.24385826699780766,3.792690190732246e-07,8.621809023319829
strong_low_noise,1080,44,2.6366508987303555e-06,3.3071930297928644,0.012697898753188608,0.22841739521191554,2.3357214690901212e-07,8.69053552378236
strong_low_noise,1080,45,1.6237767391887209e-06,4.063985975619168,0.010814038210661625,0.22680522093929703,3.792690190732246e-07,8.668087261818858
strong_low_noise,1080,46,2.976351441631313e-07,10.039746541203929,0.0020854330368343943,0.24443152518868466,2.976351441631313e-07,8.707932970063306
strong_low_noise,1080,47,4.832930238571752e-07,7.61349443454929,0.0020662214621330888,0.24275181697384363,3.792690190732246e-07,8.752322468773771
strong_low_noise,1080,48,2.6366508987303555e-06,3.27216593925585,0.013326045721989144,0.22243575454001593,2.976351441631313e-07,8.623817583360147
strong_low_noise,1080,49,1e-06,5.04935247343608,0.008804898969364539,0.22704304370784922,3.792690190732246e-07,8.540500092861771
strong_low_noise,1080,50,1.2742749857031322e-06,4.52762927043205,0.014002845726564628,0.23477257152900222,2.976351441631313e-07,8.618582304619832
strong_low_noise,1080,51,2.06913808111479e-06,3.6573704250535606,0.014900632437966466,0.22608118505628746,2.3357214690901212e-07,8.661852722555647
strong_low_noise,1080,52,7.847599703514607e-07,5.787767538318432,0.007345046980736791,0.23186758635647678,3.792690190732246e-07,8.660196135345167
strong_low_noise,1080,53,1.2742749857031322e-06,4.52084277435746,0.009406272084905742,0.23876728231292224,2.976351441631313e-07,8.613879039063345
strong_low_noise,1080,54,2.06913808111479e-06,3.6816392358149734,0.008593056357240836,0.23407260408541444,2.976351441631313e-07,8.757507358125297
strong_low_noise,1080,55,7.847599703514607e-07,5.697710451358806,0.0017374289377953822,0.24365801979333193,6.158482110660254e-07,8.531145056665707
strong_low_noise,1080,56,1.8329807108324338e-07,13.43831174444737,0.002486482118163158,0.24180297955795133,3.792690190732246e-07,8.695901629267944
strong_low_noise,1080,57,3.359818286283781e-06,2.9695819926155065,0.017277698494438942,0.21720646613368358,2.976351441631313e-07,8.602418605727163
strong_low_noise,1080,58,1.438449888287663e-07,15.642394817735305,0.006358222140402381,0.23656128281180316,6.158482110660254e-07,8.741353104805642
strong_low_noise,1080,59,4.832930238571752e-07,7.438936283203564,0.0014829654776560286,0.24482379590585776,4.832930238571752e-07,8.546031813870988
strong_low_noise,1080,60,3.792690190732246e-07,8.57374799469541,0.002965446312156339,0.2448153628326474,2.976351441631313e-07,8.57374799469541
strong_low_noise,1080,61,2.976351441631313e-07,10.07286596480645,0.003721399668463077,0.23929395283864083,4.832930238571752e-07,8.73598316347034
strong_low_noise,1080,62,7.847599703514607e-07,5.8743796797986985,0.00719186367336333,0.23428098695922678,1.8329807108324338e-07,8.782990171685764
strong_low_noise,1080,63,7.847599703514607e-07,5.797607289854719,0.0011069254084657976,0.24542176899573528,4.832930238571752e-07,8.672752816430428
strong_low_noise,1080,64,6.158482110660254e-07,6.614225580532694,0.001953120940750841,0.24537644592564747,4.832930238571752e-07,8.70458287408014
strong_low_noise,1080,65,3.792690190732246e-07,8.684349905671672,0.0037278745876158093,0.24131107440888627,3.792690190732246e-07,8.684349905671672
strong_low_noise,1080,66,1.274274985703132e-08,59.77555612020571,0.031237878184485313,0.19321593820795974,4.832930238571752e-07,8.66102616637334
strong_low_noise,1080,67,1.2742749857031322e-06,4.581010050339518,0.00865016368141347,0.2434272491975602,2.976351441631313e-07,8.739417698931069
strong_low_noise,1080,68,3.792690190732246e-07,8.579773301613864,0.004846141680857063,0.23626911823635266,3.792690190732246e-07,8.579773301613864
strong_low_noise,1080,69,1.6237767391887209e-06,4.099919711790561,0.002489212431814103,0.24542441358609246,7.847599703514607e-07,8.765161450552595
strong_low_noise,1080,70,6.951927961775606e-06,2.2781478060614,0.02732634177845028,0.21179445927942805,3.792690190732246e-07,8.7488215947367
strong_low_noise,1080,71,1e-08,68.05984497173033,0.039770888422591466,0.17964268006779469,4.832930238571752e-07,8.791507382250373
strong_low_noise,1080,72,2.976351441631313e-07,10.060644351347442,0.0034729438138990654,0.2395201373192937,3.792690190732246e-07,8.722858927155285
strong_low_noise,1080,73,2.3357214690901212e-07,11.471144725428124,0.004212448027653415,0.24014399235743694,3.792690190732246e-07,8.61153236595247
strong_low_noise,1080,74,4.832930238571752e-07,7.604405119618289,0.0045041929259086455,0.23851953518910113,3.792690190732246e-07,8.741275450996852
strong_low_noise,1080,75,1.8329807108324338e-07,13.320135767519988,0.00459315216864753,0.23689554887818162,4.832930238571752e-07,8.623405260114577
strong_low_noise,1080,76,2.976351441631313e-07,9.769377315325487,0.004717451705532172,0.23900082899727626,4.832930238571752e-07,8.468533769299396
strong_low_noise,1080,77,4.832930238571752e-07,7.553789407095687,0.0016516087153017889,0.2442203972281132,3.792690190732246e-07,8.682874347327752
strong_low_noise,1080,78,6.158482110660254e-07,6.646393966426961,0.0009920121497072332,0.24528090563039973,4.832930238571752e-07,8.733819647851233
strong_low_noise,1080,79,7.847599703514607e-07,5.8580479649418615,0.0026671692017294912,0.24351469410080678,3.792690190732246e-07,8.775019797861875
strong_low_noise,1080,80,4.281332398719396e-08,31.568173696426552,0.022976374504991348,0.23029858129926314,1e-06,8.641885536443747
strong_low_noise,1080,81,6.158482110660254e-07,6.651065295679862,0.001115815408810894,0.2450060731910051,7.847599703514607e-07,8.745726373903022
strong_low_noise,1080,82,1.1288378916846883e-07,17.877051652870495,0.006793387769339243,0.23211462390292398,2.3357214690901212e-07,8.620472142130039
strong_low_noise,1080,83,2.3357214690901212e-07,11.652720761200179,0.0026914622930318544,0.24130031113773878,2.976351441631313e-07,8.730068170019937
strong_low_noise,1080,84,1.8329807108324338e-07,13.395177879922763,0.004872843153564843,0.236308941208742,2.3357214690901212e-07,8.688192742455687
strong_low_noise,1080,85,3.792690190732246e-07,8.627554493720146,0.0145983008463616,0.21924537649967316,2.976351441631313e-07,8.627554493720146
strong_low_noise,1080,86,1.8329807108324338e-07,13.474025460228038,0.005359040625699807,0.23815464903020309,1.8329807108324338e-07,8.72806941060965
strong_low_noise,1080,87,4.281332398719396e-08,31.705528852676206,0.014676455554372136,0.22865140951775276,7.847599703514607e-07,8.63344749423755
strong_low_noise,1080,88,2.06913808111479e-06,3.5965662851203417,0.007267042439500382,0.24203260277843172,4.832930238571752e-07,8.509633725844388
strong_low_noise,1080,89,2.976351441631313e-07,9.83564272015955,0.00720083905629465,0.2339204652749504,4.832930238571752e-07,8.526349767842259
strong_low_noise,1080,90,2.976351441631313e-07,9.818314751745733,0.004748289242009318,0.23721737976959822,3.792690190732246e-07,8.510154910159104
strong_low_noise,1080,91,3.792690190732246e-07,8.592001352804445,0.0068524613234303144,0.23842164863426066,2.976351441631313e-07,8.592001352804445
strong_low_noise,1080,92,6.158482110660254e-07,6.6253614637711165,0.0023062261110794458,0.2421899151333986,6.158482110660254e-07,8.707614601659284
strong_low_noise,1080,93,4.832930238571752e-07,7.4829067652052785,0.0030148910311594834,0.2430994609893399,3.792690190732246e-07,8.594119865228354
strong_low_noise,1080,94,1.8329807108324338e-07,13.448650558528303,0.0060628643050356645,0.2367399466262701,2.976351441631313e-07,8.722057328549633
strong_low_noise,1080,95,1e-06,5.102183759456841,0.009764602372345554,0.24511137529466442,2.3357214690901212e-07,8.649196612946378
strong_low_noise,1080,96,1e-06,5.064170757753157,0.003340224745999265,0.24519089534328758,4.832930238571752e-07,8.562443790259584
strong_low_noise,1080,97,1.438449888287663e-07,15.57222215124875,0.003456455737534614,0.24132476931346847,4.832930238571752e-07,8.687255343112778
strong_low_noise,1080,98,3.792690190732246e-07,8.71945133931714,0.009263035349795223,0.24109511309580964,2.976351441631313e-07,8.71945133931714
strong_low_noise,1080,99,2.3357214690901212e-07,11.525018097212698,0.012992166421411544,0.21636287437571422,3.792690190732246e-07,8.639862377772443
strong_low_noise,1080,100,1.6237767391887209e-06,4.0552366786592895,0.009004604779431435,0.24194304035656497,2.3357214690901212e-07,8.65996182471704
strong_low_noise,1080,101,4.832930238571752e-07,7.498779169989474,0.0030708754114057157,0.24236729162050102,4.832930238571752e-07,8.612932842907297
strong_low_noise,1080,102,2.06913808111479e-06,3.687931850346528,0.010418790999177308,0.23293223710614722,2.976351441631313e-07,8.746513140345195
strong_low_noise,1080,103,7.847599703514607e-07,5.696616009894215,0.005044892584488259,0.23707215160421874,3.792690190732246e-07,8.52375377273463
strong_low_noise,1080,104,2.3357214690901212e-07,11.635868101099309,0.0024734592334533234,0.24181306419432758,3.792690190732246e-07,8.718104355175042
strong_low_noise,1080,105,2.0691380811147902e-08,47.16550745248834,0.020091458263468587,0.20574573077462555,3.792690190732246e-07,8.661610345371269
strong_low_noise,1080,106,1.2742749857031322e-06,4.549573494158642,0.0063957292126982646,0.23329445411967745,4.832930238571752e-07,8.653575325253396
strong_low_noise,1080,107,3.792690190732246e-07,8.671422103263543,0.0030970018802265464,0.24079027355775076,2.976351441631313e-07,8.671422103263543
strong_low_noise,1080,108,7.847599703514607e-07,5.818584762159564,0.0011538586202782808,0.24487411903946546,6.158482110660254e-07,8.705553777123784
strong_low_noise,1080,109,6.158482110660254e-07,6.555575357216676,0.0010747608123250485,0.24514414728370826,6.158482110660254e-07,8.618589820843997
strong_low_noise,1080,110,1.6237767391887209e-06,4.028678944430359,0.00495496898829062,0.23903887408659397,6.158482110660254e-07,8.578007236131677
strong_low_noise,1080,111,2.976351441631313e-07,10.036574195360618,0.004279296262270638,0.23952260268330952,4.832930238571752e-07,8.697817972599562
strong_low_noise,1080,112,4.832930238571752e-07,7.482760068355826,0.0011930829983829438,0.24479267017231496,6.158482110660254e-07,8.595420969348154
strong_low_noise,1080,113,3.792690190732246e-07,8.672767518125525,0.005839360762712187,0.2339035049703538,4.832930238571752e-07,8.672767518125525
strong_low_noise,1080,114,2.06913808111479e-06,3.6807514071913197,0.007369133473274059,0.23457845985018394,4.832930238571752e-07,8.752599529190764
strong_low_noise,1080,115,1.438449888287663e-07,15.529863947351746,0.004826352308254345,0.23639845542498147,2.976351441631313e-07,8.666411326920338
strong_low_noise,1080,116,2.3357214690901212e-07,11.518397567904538,0.008947278467955178,0.23042072725067644,3.792690190732246e-07,8.634858242707391
strong_low_noise,1080,117,1.8329807108324338e-07,13.132171037720596,0.005926949084067656,0.23453268351351964,3.792690190732246e-07,8.509872001370919
strong_low_noise,1080,118,8.858667904100815e-08,20.717568823893085,0.010354709265072315,0.23044431085040934,4.832930238571752e-07,8.634054057018028
strong_low_noise,1080,119,0.01,0.010896382341677759,0.05766150344911769,0.1175244864008544,2.976351441631313e-07,8.510174289110005
strong_low_noise,1080,120,2.3357214690901212e-07,11.540941337367508,0.005583407818859576,0.23804460486390192,6.158482110660254e-07,8.653724022263688
strong_low_noise,1080,121,5.4555947811685146e-08,27.68340964039635,0.008675907018787399,0.2317323380242785,4.832930238571752e-07,8.711650688082804
strong_low_noise,1080,122,7.847599703514607e-07,5.785809522963902,0.0057896880277148455,0.23655147530818857,4.832930238571752e-07,8.657783622004304
strong_low_noise,1080,123,1.1288378916846883e-07,17.804446407891344,0.006987059065528101,0.2324866461475239,4.832930238571752e-07,8.581119223345615
strong_low_noise,1080,124,7.847599703514607e-07,5.791566599427405,0.012929089018819284,0.22908445943752184,2.3357214690901212e-07,8.664006202020492
strong_low_noise,1080,125,2.0691380811147902e-08,46.471610175247186,0.024562115025891118,0.20555951238638348,4.832930238571752e-07,8.54197168486159
strong_low_noise,1080,126,7.847599703514607e-07,5.8093417470630895,0.0024375912136784805,0.24245027811905473,4.832930238571752e-07,8.700669028905411
strong_low_noise,1080,127,3.792690190732246e-07,8.65632200787938,0.003835629853921385,0.23955719130577977,2.976351441631313e-07,8.65632200787938
strong_low_noise,1080,128,1e-06,5.121725874074275,0.008141786668291573,0.2460303694853432,2.976351441631313e-07,8.663633453895677
strong_low_noise,1080,129,3.3598182862837814e-08,36.18519862798541,0.014724560162058142,0.22279503878859785,6.158482110660254e-07,8.67096520587548
strong_low_noise,1080,130,3.3598182862837814e-08,35.97177980752972,0.01927722319466807,0.2123926712955134,4.832930238571752e-07,8.55823396702799
strong_low_noise,1080,131,3.359818286283781e-06,2.9679007268586526,0.016364170473080364,0.21610456664845432,2.976351441631313e-07,8.568409613457947
strong_low_noise,1080,132,1.8329807108324338e-07,13.330065934228692,0.008568221206332938,0.22839829205023204,6.158482110660254e-07,8.63836569638788
strong_low_noise,1080,133,1e-06,5.129621077714927,0.0003928914735726874,0.24659616372433651,1e-06,8.683022692592832
strong_low_noise,1080,134,4.832930238571752e-07,7.612184209548356,0.0015963876099511776,0.24596301827664988,3.792690190732246e-07,8.749758616266638
strong_low_noise,1080,135,2.3357214690901212e-07,11.404811257573686,0.0024837016549906776,0.24250030378313628,3.792690190732246e-07,8.546211374814147
strong_low_noise,1080,136,3.792690190732246e-07,8.711168324208186,0.0041874997916735435,0.2389338523533541,4.832930238571752e-07,8.711168324208186
strong_low_noise,1080,137,3.792690190732246e-07,8.736130491714961,0.005386708758371106,0.24043129028761934,3.792690190732246e-07,8.736130491714961
strong_low_noise,1080,138,7.847599703514607e-07,5.7615228285124065,0.00855744429531835,0.22761537913773225,3.792690190732246e-07,8.615650470208738
strong_low_noise,1080,139,2.976351441631313e-07,9.959487404668563,0.0032237606665299623,0.24108556955390137,2.976351441631313e-07,8.635301341361405
strong_low_noise,1080,140,5.455594781168514e-06,2.5027109130297975,0.02273929845898881,0.2405486382801211,3.792690190732246e-07,8.814645873568768
strong_low_noise,1080,141,1.438449888287663e-07,15.409816400851287,0.004398338384774436,0.2378189933111756,3.792690190732246e-07,8.628356869550004
strong_low_noise,1080,142,1.2742749857031322e-06,4.4806515583555395,0.010000614819242415,0.23960377320399281,2.976351441631313e-07,8.534418720662137
strong_low_noise,1080,143,1.8329807108324338e-07,13.49408320047224,0.004244175189264787,0.23783440690177166,2.976351441631313e-07,8.752078860883817
strong_low_noise,1080,144,4.832930238571752e-07,7.518338632502167,0.009568566017208124,0.22516066044878166,3.792690190732246e-07,8.639073048022324
strong_low_noise,1080,145,1.438449888287663e-07,15.396683968955646,0.005165957500218088,0.23606386774910526,3.792690190732246e-07,8.621658112927898
strong_low_noise,1080,146,3.792690190732246e-07,8.733140188341501,0.0021355678658179222,0.24438943748791542,2.976351441631313e-07,8.733140188341501
strong_low_noise,1080,147,3.792690190732246e-07,8.572618338101044,0.007071843621313634,0.24229212298351654,2.3357214690901212e-07,8.572618338101044
strong_low_noise,1080,148,2.3357214690901212e-07,11.54547287884681,0.002250783734842443,0.24270038909606576,4.832930238571752e-07,8.666409951013229
strong_low_noise,1080,149,1.6237767391887209e-06,4.042364511443987,0.006772982952360174,0.23200486474943152,4.832930238571752e-07,8.61920251854522
strong_low_noise,1080,150,2.3357214690901212e-07,11.543628223415832,0.004117427935319329,0.2381774164822843,3.792690190732246e-07,8.662722679317032
strong_low_noise,1080,151,8.858667904100815e-08,20.676643216843296,0.006640722897147788,0.2319908200447963,3.792690190732246e-07,8.649787939841355
strong_low_noise,1080,152,5.4555947811685146e-08,27.57829875490858,0.013526375231541876,0.2242389329182734,4.832930238571752e-07,8.671076925142396
strong_low_noise,1080,153,7.847599703514607e-07,5.837164805368657,0.005674162560398988,0.2343545677499431,3.792690190732246e-07,8.730232210020231
strong_low_noise,1080,154,2.976351441631313e-07,10.004255138405128,0.001094456835674218,0.24499011125666886,3.792690190732246e-07,8.67502972696057
strong_low_noise,1080,155,1.6237767391887209e-06,4.061920209567507,0.011650053784168057,0.22586941880316688,2.976351441631313e-07,8.65734175498037
strong_low_noise,1080,156,2.3357214690901212e-07,11.500062004074469,0.0057579135689515,0.23638356865385865,4.832930238571752e-07,8.61731983550757
strong_low_noise,1080,157,4.832930238571752e-07,7.521564335288618,0.0011092349643018196,0.24495926659140302,4.832930238571752e-07,8.644441316716888
strong_low_noise,1080,158,1.438449888287663e-07,15.491004749787997,0.0069062852604167,0.23208729994460975,3.792690190732246e-07,8.669377078573213
strong_low_noise,1080,159,1.1288378916846883e-07,17.844343106306145,0.005550535123640565,0.23474080627612065,3.792690190732246e-07,8.6039519951765
strong_low_noise,1080,160,1.6237767391887209e-06,4.047931809445078,0.012842726492026224,0.2394633192640524,1.8329807108324338e-07,8.64557680630335
strong_low_noise,1080,161,8.858667904100815e-08,20.61614384983809,0.008040487009748576,0.22989987465926592,4.832930238571752e-07,8.614606380765169
strong_low_noise,1080,162,2.0691380811147902e-08,46.51355883182152,0.021333460379797553,0.20616849551002273,3.792690190732246e-07,8.57706641919872
strong_low_noise,1080,163,1.438449888287663e-07,15.50140321743126,0.006154922204617774,0.23397363248574102,4.832930238571752e-07,8.675974193651664
strong_low_noise,1080,164,6.158482110660254e-07,6.578232070802264,0.006922976580107765,0.23213852196735218,2.3357214690901212e-07,8.644661416628775
strong_low_noise,1080,165,2.976351441631313e-07,9.834634939026609,0.0018966868423018202,0.24348750304987715,3.792690190732246e-07,8.525036815423315
strong_low_noise,1080,166,4.832930238571752e-07,7.496363853191333,0.008868246378844535,0.2289645755681895,3.792690190732246e-07,8.61295951793525
strong_low_noise,1080,167,2.976351441631313e-07,10.134466860234962,0.0018660794524446578,0.24457112651159543,3.792690190732246e-07,8.786044670520184
strong_low_noise,1080,168,2.976351441631313e-07,9.912058554808752,0.0018375217419062118,0.24368707204564533,3.792690190732246e-07,8.595418807587812
strong_low_noise,1080,169,3.792690190732246e-07,8.642156937908808,0.002869492217297931,0.24401971479931556,7.847599703514607e-07,8.642156937908808
strong_low_noise,1080,170,2.3357214690901212e-07,11.64338103865596,0.004073883948629509,0.23823501935326089,3.792690190732246e-07,8.731724018615852
strong_low_noise,1080,171,3.359818286283781e-06,3.0354472199862714,0.012873978544297393,0.22888414056427125,3.792690190732246e-07,8.814374704200313
strong_low_noise,1080,172,8.858667904100815e-08,20.720320376344645,0.008015430906055165,0.22935955810569542,2.976351441631313e-07,8.648991438802511
strong_low_noise,1080,173,1.6237767391887209e-06,4.099695263166715,0.018525934842529068,0.21124857644009976,2.3357214690901212e-07,8.73974801007556
strong_low_noise,1080,174,4.832930238571752e-07,7.51805796073435,0.0026668551135350382,0.24469255521786146,3.792690190732246e-07,8.641097723534429
strong_low_noise,1080,175,3.359818286283781e-06,3.0093262226475743,0.01757616094049619,0.21534680498142986,2.976351441631313e-07,8.703787418369208
strong_low_noise,1080,176,3.792690190732246e-07,8.640760560566802,0.004165261483365268,0.23816433845759075,6.158482110660254e-07,8.640760560566802
strong_low_noise,1080,177,2.06913808111479e-06,3.6518807737280414,0.012643921787685697,0.23096060689502831,2.976351441631313e-07,8.652940511916336
strong_low_noise,1080,178,7.847599703514607e-07,5.731518727965232,0.0016492827355385486,0.24379087892639426,7.847599703514607e-07,8.57202753744303
strong_low_noise,1080,179,7.847599703514607e-07,5.757157261737137,0.000690116386865891,0.24639694533924833,7.847599703514607e-07,8.622022040172856
strong_low_noise,1080,180,8.858667904100815e-08,20.63740621528074,0.008805162886373896,0.2271107418901168,3.792690190732246e-07,8.605897277238391
strong_low_noise,1080,181,6.158482110660254e-07,6.701142409682451,0.003272724499826074,0.2401202304887997,2.976351441631313e-07,8.810438778838979
strong_low_noise,1080,182,6.158482110660254e-07,6.555924255900852,0.0007199879913555307,0.24584594299529272,6.158482110660254e-07,8.616300336367567
strong_low_noise,1080,183,2.976351441631313e-07,10.080273469027098,0.0024705857327550484,0.241874902849729,2.976351441631313e-07,8.739705645340518
strong_low_noise,1080,184,2.976351441631313e-07,10.00778244850391,0.002176676300035485,0.24256535649980676,4.832930238571752e-07,8.681084543279193
strong_low_noise,1080,185,1.8329807108324338e-07,13.326384322300688,0.0032366869897432204,0.24152723517360167,6.158482110660254e-07,8.61404079152266
strong_low_noise,1080,186,1.2742749857031322e-06,4.5716769798503,0.005112620199523188,0.24013787154427502,4.832930238571752e-07,8.73767594621466
strong_low_noise,1080,187,4.832930238571752e-07,7.5105334429114325,0.000901035403414685,0.24542260925108714,6.158482110660254e-07,8.626826528690492
strong_low_noise,1080,188,6.158482110660254e-07,6.616954652813726,0.0033158573728176988,0.24356442324328015,2.976351441631313e-07,8.702164468923852
strong_low_noise,1080,189,5.4555947811685146e-08,27.72061996603129,0.015077033682398544,0.23033112064230146,7.847599703514607e-07,8.676405179696468
strong_low_noise,1080,190,2.3357214690901212e-07,11.56879749899097,0.005551036450757496,0.24076805293649658,7.847599703514607e-07,8.675225815833091
strong_low_noise,1080,191,8.858667904100815e-08,20.747420917669665,0.005610237420253572,0.2347846498102754,2.976351441631313e-07,8.64731504037591
strong_low_noise,1080,192,1e-06,5.086178197366887,0.005169024935748778,0.23674712908518333,2.976351441631313e-07,8.613300972751086
strong_low_noise,1080,193,1.2742749857031322e-06,4.552800482080956,0.005065295304208628,0.24664682911556834,2.976351441631313e-07,8.667136766626045
strong_low_noise,1080,194,6.158482110660254e-07,6.557215485543354,0.0022612284373052516,0.24391294729589905,4.832930238571752e-07,8.62131216355435
strong_low_noise,1080,195,7.847599703514607e-07,5.779970801664249,0.0038375249602610184,0.24166955472623508,2.976351441631313e-07,8.653057707381787
strong_low_noise,1080,196,2.6366508987303555e-06,3.27229338484308,0.02149835545068235,0.22605704601062943,2.3357214690901212e-07,8.61814242089789
strong_low_noise,1080,197,3.3598182862837814e-08,36.530484908005654,0.02749328516587446,0.19283907915094078,4.832930238571752e-07,8.733933499815
strong_low_noise,1080,198,4.832930238571752e-07,7.553226681846238,0.004109434840780857,0.24404884235493002,2.976351441631313e-07,8.674962707396757
strong_low_noise,1080,199,1.8329807108324338e-07,13.335496440029218,0.006369881927265508,0.24353280827745746,1e-06,8.637494674850888
strong_low_noise,1440,0,7.847599703514607e-07,5.69726117841617,0.003942114817242159,0.24021168856478298,2.976351441631313e-07,8.516157224397762
strong_low_noise,1440,1,2.3357214690901212e-07,11.601831340955084,0.0026812448834279135,0.24402150120317403,6.158482110660254e-07,8.699065942532753
strong_low_noise,1440,2,1.6237767391887209e-06,4.107915789853533,0.007158818267633205,0.2338608092598898,2.976351441631313e-07,8.775728592191275
strong_low_noise,1440,3,8.858667904100815e-08,20.729893660930294,0.0029510313937763932,0.2416110848729853,3.792690190732246e-07,8.632734386258159
strong_low_noise,1440,4,2.976351441631313e-07,10.075985053719318,0.0028237446167688196,0.24198231636485862,3.792690190732246e-07,8.73545654447009
strong_low_noise,1440,5,3.792690190732246e-07,8.661841851068413,0.002142613485781375,0.24351281113558412,2.976351441631313e-07,8.661841851068413
strong_low_noise,1440,6,2.0691380811147902e-08,47.72011468243693,0.014096007005945155,0.21775642253163227,2.3357214690901212e-07,8.754574351235792
strong_low_noise,1440,7,3.792690190732246e-07,8.653019346432405,0.0029918303068859897,0.24066962058154664,2.976351441631313e-07,8.653019346432405
strong_low_noise,1440,8,3.792690190732246e-07,8.740586603927122,0.003736031966529274,0.23894990221187662,2.976351441631313e-07,8.740586603927122
strong_low_noise,1440,9,1.8329807108324338e-07,13.608057303424657,0.006884453116000833,0.23656901214381726,6.158482110660254e-07,8.812146180408357
strong_low_noise,1440,10,1.8329807108324338e-07,13.357782294377959,0.001915548629578323,0.24309060802221713,3.792690190732246e-07,8.650945055661143
strong_low_noise,1440,11,3.792690190732246e-07,8.732429154200894,0.005079330116865122,0.2363860262193302,3.792690190732246e-07,8.732429154200894
strong_low_noise,1440,12,2.3357214690901212e-07,11.705792538625943,0.004162490832668064,0.2378719332880247,2.976351441631313e-07,8.77498324191323
strong_low_noise,1440,13,1.438449888287663e-07,15.541100412266745,0.0029855900961520687,0.24085211572477255,3.792690190732246e-07,8.683853845929244
strong_low_noise,1440,14,1.1288378916846883e-07,17.90766780287888,0.0058583933884566175,0.23437593688884412,3.792690190732246e-07,8.63401168215641
strong_low_noise,1440,15,1.8329807108324338e-07,13.30954337560925,0.005291361251986038,0.24405243098244805,7.847599703514607e-07,8.605448742180583
strong_low_noise,1440,16,2.976351441631313e-07,9.985573211607306,0.006627232869910071,0.2354323321771958,2.3357214690901212e-07,8.655776059336048
strong_low_noise,1440,17,4.832930238571752e-07,7.557446358295246,0.0037275818890413204,0.23953747305198317,3.792690190732246e-07,8.689192036128592
strong_low_noise,1440,18,2.976351441631313e-07,9.926234769652378,0.0028507395505338318,0.24093383404559585,3.792690190732246e-07,8.604671211210556
strong_low_noise,1440,19,1.8329807108324338e-07,13.557890892097733,0.004179470122353424,0.23806676380499237,4.832930238571752e-07,8.768549584131634
strong_low_noise,1440,20,2.3357214690901212e-07,11.613182293751098,0.00930822378185292,0.22631238724160968,2.3357214690901212e-07,8.705764090827246
strong_low_noise,1440,21,3.792690190732246e-07,8.714041837613328,0.0024541538626489112,0.2441973159014629,3.792690190732246e-07,8.714041837613328
strong_low_noise,1440,22,2.3357214690901212e-07,11.667009041105796,0.004081226272715122,0.2416264420256933,2.976351441631313e-07,8.739830754862757
strong_low_noise,1440,23,1.438449888287663e-07,15.580950793664071,0.004172464556393751,0.24011522954651093,3.792690190732246e-07,8.690939109116751
strong_low_noise,1440,24,4.832930238571752e-07,7.4155142129138225,0.003874962069879695,0.24462141841879112,2.976351441631313e-07,8.523208571373798
strong_low_noise,1440,25,5.4555947811685146e-08,27.549087229052926,0.007666365141338116,0.2312887493897465,3.792690190732246e-07,8.613279817707626
strong_low_noise,1440,26,4.832930238571752e-07,7.414647962463093,0.0027812539536470338,0.24308340783647056,2.3357214690901212e-07,8.519683321459345
strong_low_noise,1440,27,1.8329807108324338e-07,13.29445063781266,0.0059917354710607995,0.2353503803545306,2.976351441631313e-07,8.603949526312444
strong_low_noise,1440,28,8.858667904100815e-08,20.868353575819032,0.005691238991384462,0.23580354450477609,3.792690190732246e-07,8.702406097512004
strong_low_noise,1440,29,4.832930238571752e-07,7.604871847467885,0.002772569229799293,0.2437093013802307,2.976351441631313e-07,8.743552842120408
strong_low_noise,1440,30,4.281332398719396e-08,31.64087992418966,0.013034225323206194,0.22403254497474673,3.792690190732246e-07,8.606985534983494
strong_low_noise,1440,31,1.8329807108324338e-07,13.319219314747569,0.0015326973752713968,0.24400819782772853,2.3357214690901212e-07,8.60798180869888
strong_low_noise,1440,32,1.438449888287663e-07,15.555316875147971,0.00833798736788438,0.23049703619166306,2.976351441631313e-07,8.679571224645482
strong_low_noise,1440,33,4.832930238571752e-07,7.510860504111001,0.00408394520588784,0.24434092738660704,1.8329807108324338e-07,8.63319166433125
strong_low_noise,1440,34,6.158482110660254e-07,6.596408086649427,0.004979032012106144,0.23656082005830287,3.792690190732246e-07,8.680639188429874
strong_low_noise,1440,35,5.4555947811685146e-08,27.648180699179033,0.00650912457927233,0.23310916785700558,2.3357214690901212e-07,8.654486513042126
strong_low_noise,1440,36,1.2742749857031322e-06,4.556334898238636,0.004147915101379462,0.24221550411519552,3.792690190732246e-07,8.69109506337314
strong_low_noise,1440,37,1.1288378916846883e-07,17.849227380234606,0.005778044814570005,0.2384631504226613,4.832930238571752e-07,8.611905082975253
strong_low_noise,1440,38,1.1288378916846883e-07,17.751626866864985,0.007583262370114863,0.2317333924636432,2.976351441631313e-07,8.566658037132626
strong_low_noise,1440,39,3.359818286283781e-06,2.976271126902948,0.016230188276420088,0.23561162281134668,2.976351441631313e-07,8.610959511768819
strong_low_noise,1440,40,1e-06,5.14559545170358,0.002326559358522995,0.24640889822346057,4.832930238571752e-07,8.706930543417704
strong_low_noise,1440,41,1.2742749857031322e-06,4.553250722907703,0.013745884056758584,0.22544741805934804,1.8329807108324338e-07,8.650953059401232
strong_low_noise,1440,42,1.8329807108324338e-07,13.417269608832413,0.002450669968842467,0.24263281105453494,3.792690190732246e-07,8.6954498590116
strong_low_noise,1440,43,2.976351441631313e-07,9.913358501310231,0.004460393695560838,0.23889167164094946,2.976351441631313e-07,8.593102365042865
strong_low_noise,1440,44,4.832930238571752e-07,7.547592942878995,0.0032018206036596997,0.24180366806274584,2.3357214690901212e-07,8.678737022431001
strong_low_noise,1440,45,4.832930238571752e-07,7.553857368308748,0.004128488246344597,0.23928862934920409,3.792690190732246e-07,8.684290352093232
strong_low_noise,1440,46,1.438449888287663e-07,15.535290672172483,0.0018696827316084796,0.2434447643718561,2.3357214690901212e-07,8.67972769967548
strong_low_noise,1440,47,6.158482110660254e-07,6.619067937432159,0.0024176995217481956,0.24344465511205443,2.976351441631313e-07,8.708640124911406
strong_low_noise,1440,48,1.438449888287663e-07,15.466514929241105,0.002885627786343714,0.240893810964586,2.976351441631313e-07,8.627429653579355
strong_low_noise,1440,49,2.3357214690901212e-07,11.427682461380838,0.0036897322971999325,0.23901598088494577,2.976351441631313e-07,8.559692837325914
strong_low_noise,1440,50,1.623776739188721e-08,53.252991643841455,0.023155633545622445,0.19250450166224847,2.976351441631313e-07,8.644003632618265
strong_low_noise,1440,51,1.438449888287663e-07,15.466000538752043,0.003440059395219075,0.23986150383896482,2.976351441631313e-07,8.638674146958824
strong_low_noise,1440,52,4.832930238571752e-07,7.52285833402994,0.0032617397790289937,0.24226482895793258,2.976351441631313e-07,8.645925088550957
strong_low_noise,1440,53,6.158482110660254e-07,6.526875658673824,0.005297928170639565,0.24051676294529284,1.8329807108324338e-07,8.587118611915033
strong_low_noise,1440,54,3.792690190732246e-07,8.694238016152037,0.0012025093764108652,0.24477416012616607,2.976351441631313e-07,8.694238016152037
strong_low_noise,1440,55,2.06913808111479e-06,3.629125479496888,0.008625139265404869,0.23072673358474616,3.792690190732246e-07,8.643126736792954
strong_low_noise,1440,56,6.158482110660254e-07,6.641911837374247,0.0017962050362656523,0.24390304754176761,2.976351441631313e-07,8.740380306152566
strong_low_noise,1440,57,2.976351441631313e-07,9.965533336130937,0.0016492281651708796,0.2438051746452227,2.976351441631313e-07,8.639837195827997
strong_low_noise,1440,58,1.8329807108324338e-07,13.476463243130107,0.004947238280857524,0.23807841568571764,6.158482110660254e-07,8.716822021242724
strong_low_noise,1440,59,3.792690190732246e-07,8.629265145262265,0.0012949188844861848,0.2446678553343153,4.832930238571752e-07,8.629265145262265
strong_low_noise,1440,60,4.832930238571752e-07,7.5051177631776165,0.005817377598921647,0.24152996441548635,2.976351441631313e-07,8.626637270376518
strong_low_noise,1440,61,1e-06,5.142329997597777,0.004979226930179936,0.24541339098105788,3.792690190732246e-07,8.724007718648776
strong_low_noise,1440,62,1.1288378916846883e-07,18.127658084479023,0.0039858936907358755,0.23829148203758257,1.8329807108324338e-07,8.761954343368439
strong_low_noise,1440,63,1e-06,5.132934620328612,0.0031725631338903604,0.24438004523521295,3.792690190732246e-07,8.696010368501907
strong_low_noise,1440,64,1e-06,5.123941687973089,0.0036747504647823837,0.24523049916927675,3.792690190732246e-07,8.694784463645584
strong_low_noise,1440,65,1.2742749857031322e-06,4.511634399832204,0.008046209503910995,0.24609534025499977,2.3357214690901212e-07,8.605809199546698
strong_low_noise,1440,66,2.06913808111479e-06,3.638097450798525,0.010479512470141228,0.24288415186415616,3.792690190732246e-07,8.65675002870687
strong_low_noise,1440,67,2.976351441631313e-07,10.052426376616861,0.004026765661417908,0.2413205388217733,2.976351441631313e-07,8.712375320796667
strong_low_noise,1440,68,8.858667904100815e-08,20.81283966164495,0.0065533093856169344,0.23613683654019196,6.158482110660254e-07,8.64569208394037
strong_low_noise,1440,69,2.976351441631313e-07,10.121694877094974,0.002213785354442721,0.24304411022894212,6.158482110660254e-07,8.767116223802782
strong_low_noise,1440,70,7.847599703514607e-07,5.82297458741188,0.006523789152630632,0.24079650602379307,2.976351441631313e-07,8.716212580778913
strong_low_noise,1440,71,1e-06,5.19882436963133,0.004029755606998142,0.24611905844410317,3.792690190732246e-07,8.828838025560495
strong_low_noise,1440,72,7.847599703514607e-07,5.790859513107664,0.005121570396245834,0.23679474422756785,2.976351441631313e-07,8.674270198645665
strong_low_noise,1440,73,3.3598182862837814e-08,36.19686981267291,0.015190922022377817,0.2155468207868986,4.832930238571752e-07,8.622887249726931
strong_low_noise,1440,74,4.832930238571752e-07,7.5764905106112845,0.005240615988299169,0.2376567906759153,3.792690190732246e-07,8.713711574940957
strong_low_noise,1440,75,1.8329807108324338e-07,13.34568356663516,0.0038836539203042086,0.238663197554163,4.832930238571752e-07,8.630162991472899
strong_low_noise,1440,76,4.832930238571752e-07,7.46047778047133,0.002151640481981798,0.2425605183108092,3.792690190732246e-07,8.576437838055707
strong_low_noise,1440,77,8.858667904100815e-08,20.880630806667327,0.004633219927437371,0.24095931036778226,4.832930238571752e-07,8.711390651660274
strong_low_noise,1440,78,6.158482110660254e-07,6.609822924818404,0.0025050567475126684,0.2417982578107347,3.792690190732246e-07,8.689724205179099
strong_low_noise,1440,79,4.832930238571752e-07,7.613303421996272,0.0017933367944981127,0.24417946846293642,3.792690190732246e-07,8.753872345121431
strong_low_noise,1440,80,1.6237767391887209e-06,4.057030117693976,0.009778475246547291,0.2246324049273493,6.158482110660254e-07,8.667500779056645
strong_low_noise,1440,81,1.8329807108324338e-07,13.553633780842096,0.0030523535953981273,0.24439453136007994,7.847599703514607e-07,8.785588263597184
strong_low_noise,1440,82,6.158482110660254e-07,6.539453287835477,0.005909205432690023,0.23604211936305083,2.3357214690901212e-07,8.597991243128755
strong_low_noise,1440,83,1.2742749857031322e-06,4.579311598786449,0.007547822061084508,0.23571565801651437,2.3357214690901212e-07,8.750613666722408
strong_low_noise,1440,84,3.792690190732246e-07,8.693095282297476,0.003008325447136584,0.2408468290235968,2.3357214690901212e-07,8.693095282297476
strong_low_noise,1440,85,3.792690190732246e-07,8.67058860744592,0.008388756660129282,0.23523217343179842,2.976351441631313e-07,8.67058860744592
strong_low_noise,1440,86,3.792690190732246e-07,8.712673477553455,0.007486460396448513,0.23491696634134365,1.8329807108324338e-07,8.712673477553455
strong_low_noise,1440,87,4.832930238571752e-07,7.573051666111225,0.0014875785980391631,0.2455698832007896,7.847599703514607e-07,8.70719916655051
strong_low_noise,1440,88,7.847599703514607e-07,5.7037864366079045,0.0021224460921058785,0.24634040216912723,3.792690190732246e-07,8.531602629310937
strong_low_noise,1440,89,3.792690190732246e-07,8.576291458468528,0.0019964401341255877,0.2429158003100622,4.832930238571752e-07,8.576291458468528
strong_low_noise,1440,90,7.847599703514607e-07,5.704539905607672,0.0024722155778307275,0.24542662820707842,2.976351441631313e-07,8.54499267434269
strong_low_noise,1440,91,4.832930238571752e-07,7.504458102221925,0.006419607876929634,0.2388071860765402,2.976351441631313e-07,8.626655973487955
strong_low_noise,1440,92,4.281332398719387e-06,2.749413873077753,0.017329461561756077,0.22571640588019634,2.976351441631313e-07,8.76457527124701
strong_low_noise,1440,93,7.847599703514607e-07,5.791310222376577,0.0034281624115479747,0.24554826655058243,3.792690190732246e-07,8.661184023780994
strong_low_noise,1440,94,1.8329807108324338e-07,13.447214744647473,0.004637910103609477,0.24063960508435278,2.976351441631313e-07,8.704452812717776
strong_low_noise,1440,95,1.1288378916846883e-07,18.01348852800564,0.006696487354770464,0.23295389948758416,2.976351441631313e-07,8.672746939063519
strong_low_noise,1440,96,8.858667904100815e-08,20.648528646041868,0.004788646644057204,0.2367912205440004,3.792690190732246e-07,8.626124453707625
strong_low_noise,1440,97,1.1288378916846883e-07,18.09334566005761,0.006175978550141958,0.23829849161345268,7.847599703514607e-07,8.700658042142752
strong_low_noise,1440,98,7.847599703514607e-07,5.836317150165099,0.009500942247148703,0.24537262558456654,2.3357214690901212e-07,8.734647301228398
strong_low_noise,1440,99,6.158482110660254e-07,6.571504548720567,0.006817840079986315,0.23407334492375245,2.976351441631313e-07,8.644571493089499
strong_low_noise,1440,100,1.438449888287663e-07,15.537424192060788,0.0024160914946270706,0.2420289014674993,2.976351441631313e-07,8.662985489627022
strong_low_noise,1440,101,4.832930238571752e-07,7.47745115203932,0.0016480836667867038,0.24547209284590854,3.792690190732246e-07,8.592244304033224
strong_low_noise,1440,102,6.951927961775605e-08,24.211381626829784,0.005662779585803301,0.23518992380691142,3.792690190732246e-07,8.767623789167411
strong_low_noise,1440,103,3.792690190732246e-07,8.637317013019983,0.0028222143827071333,0.24112330884375296,3.792690190732246e-07,8.637317013019983
strong_low_noise,1440,104,2.3357214690901212e-07,11.597631522262901,0.002559077260820164,0.24252347812403185,4.832930238571752e-07,8.687195737757342
strong_low_noise,1440,105,1.438449888287663e-07,15.506351205114372,0.002929592100043399,0.24078923927025042,3.792690190732246e-07,8.650640623719823
strong_low_noise,1440,106,6.951927961775606e-06,2.26580194215442,0.02488124958721505,0.20415865072984904,2.976351441631313e-07,8.701980124429337
strong_low_noise,1440,107,1.8329807108324338e-07,13.303183471751133,0.0017158366723096785,0.2437387874024436,3.792690190732246e-07,8.605744559993418
strong_low_noise,1440,108,3.792690190732246e-07,8.718542779712429,0.0006367350590471554,0.24615979905186022,6.158482110660254e-07,8.718542779712429
strong_low_noise,1440,109,3.792690190732246e-07,8.621308307492548,0.0020277867330968924,0.2437327996387495,6.158482110660254e-07,8.621308307492548
strong_low_noise,1440,110,4.281332398719396e-08,31.569548774138905,0.010275581829111369,0.2355244575132311,6.158482110660254e-07,8.595897708991703
strong_low_noise,1440,111,2.3357214690901212e-07,11.64835675119678,0.002519415003154668,0.24247293960977437,4.832930238571752e-07,8.724428331250726
strong_low_noise,1440,112,7.847599703514607e-07,5.723201906125356,0.001776665526202481,0.24424563322172427,4.832930238571752e-07,8.55920162926232
strong_low_noise,1440,113,2.06913808111479e-06,3.667739599336196,0.013478571751869173,0.23362204387575528,2.976351441631313e-07,8.709700183882834
strong_low_noise,1440,114,1e-06,5.154334206692961,0.0032692481103024917,0.24201991709424306,2.976351441631313e-07,8.75118469286813
strong_low_noise,1440,115,1.8329807108324338e-07,13.440541408152708,0.004689062045352355,0.23775763561719687,2.976351441631313e-07,8.692717604470763
strong_low_noise,1440,116,7.847599703514607e-07,5.778011136531254,0.006514096844708828,0.23234121626747414,3.792690190732246e-07,8.65034498673812
strong_low_noise,1440,117,3.792690190732246e-07,8.54024052170068,0.0036145672066784096,0.24214886176411043,3.792690190732246e-07,8.54024052170068
strong_low_noise,1440,118,2.3357214690901212e-07,11.53436112738861,0.0053181227986716095,0.23790348967547154,4.832930238571752e-07,8.643926261382703
strong_low_noise,1440,119,8.858667904100815e-08,20.63194648912178,0.005277386722890798,0.23584236816487675,3.792690190732246e-07,8.583740373988514
strong_low_noise,1440,120,1e-06,5.134812587448336,0.004259657155904595,0.23854677033593852,4.832930238571752e-07,8.699592773844225
strong_low_noise,1440,121,1.1288378916846883e-07,18.12417115956729,0.0040262158518542535,0.24083051180861825,4.832930238571752e-07,8.73988812525295
strong_low_noise,1440,122,2.976351441631313e-07,10.021604250188396,0.003542732460807163,0.23935595420486858,6.158482110660254e-07,8.685759022008751
strong_low_noise,1440,123,3.792690190732246e-07,8.655870910748112,0.001471697359490709,0.24414874979328863,4.832930238571752e-07,8.655870910748112
strong_low_noise,1440,124,8.858667904100815e-08,20.913609937466756,0.007079692129599802,0.23137473899275002,2.976351441631313e-07,8.724714277714156
strong_low_noise,1440,125,6.158482110660254e-07,6.512351389184208,0.004846444677564343,0.23731829976398539,3.792690190732246e-07,8.559220325977613
strong_low_noise,1440,126,2.3357214690901212e-07,11.635527202324983,0.0022319515790445443,0.2440156011612234,6.158482110660254e-07,8.721803174362742
strong_low_noise,1440,127,1e-06,5.109689679046909,0.006407549445843874,0.23755361486576498,1.8329807108324338e-07,8.661954968970381
strong_low_noise,1440,128,1.438449888287663e-07,15.556990001049856,0.0049739230796301825,0.23705569364136878,3.792690190732246e-07,8.685158809986307
strong_low_noise,1440,129,1e-06,5.13211212038593,0.0024763272013077486,0.246541843864343,3.792690190732246e-07,8.694320731179838
strong_low_noise,1440,130,4.832930238571752e-07,7.4799096085237515,0.0026121062082019586,0.24252243566642845,4.832930238571752e-07,8.597786469895762
strong_low_noise,1440,131,3.792690190732246e-07,8.644879779940336,0.0020415221509689774,0.24338468620074694,2.976351441631313e-07,8.644879779940336
strong_low_noise,1440,132,1e-06,5.143198004001506,0.004837778391645009,0.2433442501398323,4.832930238571752e-07,8.71721440396769
strong_low_noise,1440,133,1.1288378916846883e-07,18.00980750505725,0.006263249560387707,0.2396936412405341,7.847599703514607e-07,8.687638814120424
strong_low_noise,1440,134,4.832930238571752e-07,7.649303400397211,0.0017651576157523552,0.2446170977119601,2.976351441631313e-07,8.795012882138025
strong_low_noise,1440,135,1e-06,5.055760767874976,0.006310227244710198,0.24559475248043894,2.976351441631313e-07,8.57052210723042
strong_low_noise,1440,136,2.976351441631313e-07,10.091863216104455,0.0040268664889451244,0.2410075517031884,4.832930238571752e-07,8.743816488410484
strong_low_noise,1440,137,3.792690190732246e-07,8.670181438759087,0.0026319371219734045,0.24428924529364746,3.792690190732246e-07,8.670181438759087
strong_low_noise,1440,138,4.281332398719396e-08,31.76747429136185,0.011521485787341246,0.22439695847086014,3.792690190732246e-07,8.68073258244121
strong_low_noise,1440,139,4.832930238571752e-07,7.553226375848771,0.003482045454241023,0.2417288790520028,2.976351441631313e-07,8.684637215711295
strong_low_noise,1440,140,2.976351441631313e-07,10.06500855254406,0.0047515037513322644,0.23881072312274487,3.792690190732246e-07,8.720884197573024
strong_low_noise,1440,141,6.158482110660254e-07,6.624487371239777,0.0020940639930392413,0.24325828451034998,3.792690190732246e-07,8.70718124212421
strong_low_noise,1440,142,2.3357214690901212e-07,11.459100278571782,0.0013229329520794142,0.24500707530059374,2.976351441631313e-07,8.590241514384848
strong_low_noise,1440,143,2.6366508987303555e-08,41.734480217430544,0.01749614564246471,0.22722990499593113,3.792690190732246e-07,8.706139369242171
strong_low_noise,1440,144,1.8329807108324338e-07,13.445007665687871,0.006737726542156763,0.2323790538009249,3.792690190732246e-07,8.69215032325712
strong_low_noise,1440,145,2.976351441631313e-07,9.99228108562859,0.0036936904552742345,0.23908625939146633,3.792690190732246e-07,8.66367973417705
strong_low_noise,1440,146,1e-06,5.157556524901416,0.005261656205468368,0.24326851280190198,2.3357214690901212e-07,8.755239523068669
strong_low_noise,1440,147,4.832930238571752e-07,7.553396896226546,0.007325657518832629,0.2397552505063141,1.8329807108324338e-07,8.677151994337072
strong_low_noise,1440,148,6.158482110660254e-07,6.636287208515968,0.0010927811094813,0.245342413956099,3.792690190732246e-07,8.724736974462948
strong_low_noise,1440,149,3.792690190732246e-07,8.652380935155433,0.0062750299150931,0.23822586662836104,4.832930238571752e-07,8.652380935155433
strong_low_noise,1440,150,4.832930238571752e-07,7.567255997918422,0.0026135377588437647,0.2435479226318868,3.792690190732246e-07,8.695794491204065
strong_low_noise,1440,151,2.3357214690901212e-07,11.640217395935906,0.0025675271092541196,0.24219927383512008,3.792690190732246e-07,8.729894089462723
strong_low_noise,1440,152,1e-06,5.114906949918376,0.0048234403545122095,0.24024803044064935,3.792690190732246e-07,8.68198651392963
strong_low_noise,1440,153,6.158482110660254e-07,6.59427354339486,0.0035291647241053603,0.23964698382732488,2.976351441631313e-07,8.669185772436357
strong_low_noise,1440,154,2.06913808111479e-06,3.646362598583023,0.010432965648501935,0.23189785422055925,2.976351441631313e-07,8.67159068692174
strong_low_noise,1440,155,2.3357214690901212e-07,11.624063679410668,0.005119231099375954,0.23572600826164253,2.976351441631313e-07,8.715712577235221
strong_low_noise,1440,156,7.847599703514607e-07,5.787144559672237,0.003445550501573358,0.24016851055258903,3.792690190732246e-07,8.677443204221223
strong_low_noise,1440,157,6.158482110660254e-07,6.574415049331464,0.0010934853047982473,0.24565313836140298,3.792690190732246e-07,8.64602680764585
strong_low_noise,1440,158,2.3357214690901212e-07,11.606213546131412,0.002981280573284728,0.24072300654107368,3.792690190732246e-07,8.70206545127685
strong_low_noise,1440,159,2.0691380811147902e-08,47.15786829064532,0.018551030404449498,0.21812733495334322,3.792690190732246e-07,8.624649472718867
strong_low_noise,1440,160,6.951927961775605e-08,24.127562436526198,0.006613677494692327,0.23326033360288423,2.3357214690901212e-07,8.681324285950666
strong_low_noise,1440,161,4.281332398719396e-08,31.696148566962147,0.01571860416293336,0.2127355424152435,3.792690190732246e-07,8.644650178422378
strong_low_noise,1440,162,1.8329807108324338e-07,13.294685701387065,0.002911763029221248,0.24085219115383893,3.792690190732246e-07,8.613648784672122
strong_low_noise,1440,163,2.06913808111479e-06,3.6512771481773774,0.011230118705050085,0.24402550243880264,3.792690190732246e-07,8.66855177320513
strong_low_noise,1440,164,2.3357214690901212e-07,11.603598801981724,0.005566446573337269,0.2345504660920792,2.3357214690901212e-07,8.698294240562845
strong_low_noise,1440,165,1e-06,5.042988888083459,0.005634541998164155,0.2387314943042088,2.3357214690901212e-07,8.54516983851279
strong_low_noise,1440,166,1.2742749857031322e-06,4.554470705939903,0.009279754838087295,0.24307927630082204,2.976351441631313e-07,8.683339450140005
strong_low_noise,1440,167,4.281332398719396e-08,32.25501775314737,0.008400074920615896,0.22805823359775454,2.976351441631313e-07,8.803301564743435
strong_low_noise,1440,168,1.6237767391887209e-06,4.058076072254016,0.009353381532300586,0.24648743764664316,2.976351441631313e-07,8.654046887126837
strong_low_noise,1440,169,1e-06,5.103665700675974,0.0023498715768924816,0.2421299698147514,6.158482110660254e-07,8.649783997984851
strong_low_noise,1440,170,6.158482110660254e-07,6.629089051857556,0.003089375529468086,0.244345112319817,3.792690190732246e-07,8.721188903401398
strong_low_noise,1440,171,3.792690190732246e-07,8.74295248441008,0.002464740607751814,0.24188427301203075,4.832930238571752e-07,8.74295248441008
strong_low_noise,1440,172,1.2742749857031322e-06,4.550568473129062,0.009947276243365999,0.23981318071674645,1.8329807108324338e-07,8.686658967700458
strong_low_noise,1440,173,2.976351441631313e-07,10.039692609556383,0.007265632246167164,0.232822984200711,2.3357214690901212e-07,8.703058356521579
strong_low_noise,1440,174,4.832930238571752e-07,7.565657343418078,0.0014136427083781822,0.24598683030089158,2.976351441631313e-07,8.69693383255302
strong_low_noise,1440,175,2.976351441631313e-07,10.043660823204233,0.0045896074536423415,0.23709575437911565,2.976351441631313e-07,8.706480443736428
strong_low_noise,1440,176,1.438449888287663e-07,15.515581221629626,0.003960453920863083,0.24083434388028302,6.158482110660254e-07,8.672088409578828
strong_low_noise,1440,177,7.847599703514607e-07,5.793657270133836,0.008633949783214634,0.23653841688507565,2.3357214690901212e-07,8.68335682043086
strong_low_noise,1440,178,1.2742749857031322e-06,4.5176514106585,0.0029722274589610853,0.2415918427954001,6.158482110660254e-07,8.60645780397165
strong_low_noise,1440,179,2.06913808111479e-06,3.6370324580091635,0.0060000903579257026,0.23672804081228022,4.832930238571752e-07,8.63826898207439
strong_low_noise,1440,180,2.976351441631313e-07,9.90273495318207,0.003996253813360995,0.23825272449091386,3.792690190732246e-07,8.583838954860738
strong_low_noise,1440,181,1.6237767391887209e-06,4.104720240226822,0.008736238496630744,0.2328184206951074,2.3357214690901212e-07,8.767686236790633
strong_low_noise,1440,182,4.832930238571752e-07,7.509916348319216,0.0009580103603634704,0.24531151751375752,4.832930238571752e-07,8.633141053308583
strong_low_noise,1440,183,2.976351441631313e-07,10.059328860689574,0.0020928201130674395,0.2427492338273719,2.976351441631313e-07,8.719374745129018
strong_low_noise,1440,184,3.3598182862837814e-08,36.200282828934235,0.010144309096131177,0.22869094851140834,3.792690190732246e-07,8.631664080011234
strong_low_noise,1440,185,1e-06,5.081868999816467,0.0031373073184302047,0.24593031415600208,3.792690190732246e-07,8.630658482352004
strong_low_noise,1440,186,1e-06,5.154063016880761,0.005570627860211563,0.23877334879193535,3.792690190732246e-07,8.748967642012381
strong_low_noise,1440,187,3.792690190732246e-07,8.664079304309066,0.0022723430350789497,0.24231959750391682,6.158482110660254e-07,8.664079304309066
strong_low_noise,1440,188,1.1288378916846883e-07,18.106842691024653,0.002169097211312976,0.24291225101665903,3.792690190732246e-07,8.716763915359774
strong_low_noise,1440,189,4.832930238571752e-07,7.594118013238794,0.003450851052801407,0.24131534526255918,6.158482110660254e-07,8.728481894912768
strong_low_noise,1440,190,7.847599703514607e-07,5.752100840838765,0.0007053449797980171,0.24598267670032886,7.847599703514607e-07,8.615572585904086
strong_low_noise,1440,191,8.858667904100815e-08,20.851184176925734,0.0065945697547433735,0.23407965709356282,3.792690190732246e-07,8.676561841438888
strong_low_noise,1440,192,1.438449888287663e-07,15.470631764711246,0.003593567941865161,0.24117615287369126,3.792690190732246e-07,8.648299441898995
strong_low_noise,1440,193,2.6366508987303555e-06,3.2977186902189928,0.014993828100003825,0.2402582225291958,2.3357214690901212e-07,8.66581224366609
strong_low_noise,1440,194,3.792690190732246e-07,8.6876181607351,0.0014513062057321946,0.2442001155588821,4.832930238571752e-07,8.6876181607351
strong_low_noise,1440,195,1e-06,5.098492134538454,0.005596899988239201,0.2390773737169213,2.3357214690901212e-07,8.646405991879542
strong_low_noise,1440,196,4.832930238571752e-07,7.494310333063423,0.009016106621582809,0.24250460968440127,1.8329807108324338e-07,8.617256937591861
strong_low_noise,1440,197,1.6237767391887209e-06,4.093785662490733,0.013549359977234832,0.21928135536250673,3.792690190732246e-07,8.736311594564022
strong_low_noise,1440,198,8.858667904100815e-08,20.71816875487154,0.004500794773334871,0.2373188097384156,2.976351441631313e-07,8.657785471310468
strong_low_noise,1440,199,2.3357214690901212e-07,11.61572309697623,0.005482514663645355,0.24367527210590822,1e-06,8.706241008711864
