index,kernel_eigenvalue,managed_eigenvalue,lower_bound,upper_bound,ratio,above_floor,in_fit_range
1,0.19689038928628091,0.00010300219191018047,2.1001641523869964e-06,0.0003171247870104365,0.0005231448436033823,True,False
2,0.04753155109048147,1.6667447461507373e-05,5.070032116318024e-07,7.655748495640215e-05,0.0003506607101834122,True,False
3,0.04601341057419192,3.534246515370818e-06,4.908097127913806e-07,7.411226663149845e-05,7.680905351869553e-05,True,False
4,0.04528796426769194,6.273119137250232e-07,4.830716188553807e-07,7.294381444716249e-05,1.3851625346130701e-05,True,False
5,0.04412905985933819,6.064796126269807e-07,4.707099718329407e-07,7.107720574677404e-05,1.3743315959146657e-05,True,False
6,0.04312850174987908,5.853940315786666e-07,4.6003735199871025e-07,6.946564015180525e-05,1.357325220740616e-05,True,False
7,0.041842793568879155,5.74562004649303e-07,4.463231314013777e-07,6.739479284160803e-05,1.373144466808825e-05,True,False
8,0.012988443650179668,5.579424536341344e-07,1.385433989352498e-07,2.092005323922272e-05,4.295683675899202e-05,True,False
9,0.012628124651721993,1.7301793103742894e-07,1.346999962850346e-07,2.0339699439040224e-05,1.3700999618643763e-05,True,False
10,0.012582160749731721,1.680839867057293e-07,1.3420971466380503e-07,2.026566691423456e-05,1.3358912673986718e-05,True,False
11,0.012365326483267334,1.6730199109114481e-07,1.3189681582151822e-07,1.9916419189049253e-05,1.3529929138347994e-05,True,False
12,0.012221410946054537,1.6473847756789672e-07,1.3036171675791506e-07,1.9684619230445176e-05,1.3479497440602763e-05,True,False
13,0.012166558932993813,1.6249433754647707e-07,1.297766286186007e-07,1.9596270921408703e-05,1.335581723981279e-05,True,False
14,0.01203771279764769,1.6054135094645676e-07,1.2840226984157537e-07,1.938874274607788e-05,1.3336532748798294e-05,True,False
15,0.011802771172826465,1.6025672639711815e-07,1.258962258434823e-07,1.9010330102365828e-05,1.3577889806597066e-05,True,False
16,0.01162525164433429,1.5730343102142026e-07,1.2400268420623243e-07,1.87244053151411e-05,1.3531185030139457e-05,True,False
17,0.011415259349814091,1.5498419478526555e-07,1.2176276639801697e-07,1.8386177726100563e-05,1.3576931547139105e-05,True,False
18,0.011344903029178614,1.5224772444790655e-07,1.2101229897790522e-07,1.8272857145663688e-05,1.3419922943046036e-05,True,False
19,0.01119004698739453,1.5092413680258595e-07,1.19360501198875e-07,1.8023435681030122e-05,1.3487355055130726e-05,True,False
20,0.010922316356800833,1.492016175455024e-07,1.1650470780587556e-07,1.759221087868721e-05,1.3660254168759842e-05,True,False
21,0.010690663652041443,1.4551208451386665e-07,1.140337456217754e-07,1.7219095588888085e-05,1.3611136712366804e-05,True,False
22,0.010397990857271883,1.4233426641183594e-07,1.1091190247756675e-07,1.674769727411258e-05,1.3688631617933555e-05,True,False
23,0.007398992294123531,1.382506861126402e-07,7.892258447065101e-08,1.1917310255068301e-05,1.8685069617175087e-05,True,False
24,0.006829435830713427,1.0190514073086243e-07,7.28473155276099e-08,1.0999944644669093e-05,1.4921458119947964e-05,True,False
25,0.006715830660506013,9.090251500697483e-08,7.163552704539747e-08,1.0816964583855018e-05,1.3535557937984945e-05,True,False
26,0.006447127543747092,8.654321121002986e-08,6.876936046663565e-08,1.0384173430461984e-05,1.3423530188101514e-05,True,False
27,0.006319498338489182,8.460827080252003e-08,6.740798227721794e-08,1.017860532385991e-05,1.338844735304536e-05,True,False
28,0.006015672502802143,8.021833573710779e-08,6.416717336322287e-08,9.689243177846652e-06,1.3334890770689647e-05,True,False
29,0.004151114591905169,5.5366361005952875e-08,4.427855564698847e-08,6.686061902695259e-06,1.333770961512828e-05,True,False
30,0.004051916661064945,5.403841775383913e-08,4.322044438469275e-08,6.526287102088605e-06,1.3336507700934915e-05,True,True
31,0.003921720003056351,5.231579245625736e-08,4.1831680032601085e-08,6.316583684922763e-06,1.3340012141480166e-05,True,True
32,0.0039009983430281308,5.2070491617205205e-08,4.1610648992300065e-08,6.283207997837309e-06,1.334799121621409e-05,True,True
33,0.0038217724327899694,5.100824751852651e-08,4.076557261642634e-08,6.155601465080377e-06,1.3346751648760385e-05,True,True
34,0.0037793468760542355,5.0423828843821495e-08,4.0313033344578514e-08,6.087268035031356e-06,1.3341942535972157e-05,True,True
35,0.003765179513858,5.0278981859708796e-08,4.0161914814485334e-08,6.064449136987286e-06,1.3353674552475804e-05,True,True
36,0.003701552298219276,4.935738311616723e-08,3.948322451433895e-08,5.961966901665181e-06,1.3334239027208079e-05,True,True
37,0.0036572846796371155,4.8764890963621545e-08,3.90110365827959e-08,5.890666524002181e-06,1.3333632800075085e-05,True,True
38,0.0036068968643091417,4.811843089828755e-08,3.847356655263085e-08,5.8095085494472576e-06,1.3340672802271563e-05,True,True
39,0.003569393111835071,4.760611061217172e-08,3.807352652624076e-08,5.7491025054623544e-06,1.3337312288277714e-05,True,True
40,0.003485419923517132,4.652347920098366e-08,3.717781251751608e-08,5.613849690144927e-06,1.3348026987243732e-05,True,True
41,0.003456695405085558,4.616055917413967e-08,3.6871417654245956e-08,5.567584065791139e-06,1.3353956239889506e-05,True,True
42,0.0033961506074336855,4.531031114355617e-08,3.622560647929265e-08,5.470066578373189e-06,1.3341667193550961e-05,True,True
43,0.0033760053480342647,4.503132208762459e-08,3.6010723712365493e-08,5.437619280567189e-06,1.3338640625627216e-05,True,True
44,0.00332846548199049,4.441988648938446e-08,3.5503631807898566e-08,5.361048402992683e-06,1.3345455054207281e-05,True,True
45,0.0032565799120906993,4.3471634508449066e-08,3.473685239563413e-08,5.245264711740753e-06,1.3348861591589383e-05,True,True
46,0.0032268888852702384,4.303538462189759e-08,3.4420148109549214e-08,5.197442364541931e-06,1.3336494113057616e-05,True,True
47,0.0031973664244628534,4.2649505720203997e-08,3.4105241860937106e-08,5.149891521001503e-06,1.3338948390117334e-05,True,True
48,0.003079056983250705,4.106444033105627e-08,3.2843274488007524e-08,4.959334447689135e-06,1.3336693849589821e-05,True,True
49,0.0025294074675888873,3.491355201607602e-08,2.6980346320948134e-08,4.074032294463168e-06,1.3803055641864115e-05,True,True
50,0.0025116448540156446,3.352666198615626e-08,2.6790878442833545e-08,4.045422644867865e-06,1.334848831535775e-05,True,True
51,0.0024450684885903282,3.264304822826175e-08,2.6080730544963502e-08,3.938190312289489e-06,1.3350565998697922e-05,True,True
52,0.0023569089699559138,3.180800478633357e-08,2.5140362346196416e-08,3.7961947142756587e-06,1.3495644164368616e-05,True,True
53,0.0023504033440148605,3.136014343441103e-08,2.507096900282518e-08,3.7857163194266022e-06,1.334245184524072e-05,True,True
54,0.002337136968808364,3.116272679880999e-08,2.492946100062255e-08,3.764348611094005e-06,1.3333718654366642e-05,True,True
55,0.002325098460872858,3.1080228857697354e-08,2.4801050249310487e-08,3.7449585876458833e-06,1.3367274281378011e-05,True,True
56,0.0022750388218914135,3.037157186846772e-08,2.4267080766841745e-08,3.6643291957931036e-06,1.3349913670140148e-05,True,True
57,0.002260503632522604,3.016313833365206e-08,2.4112038746907777e-08,3.640917850783074e-06,1.3343547826990917e-05,True,True
58,0.002212849645394245,2.953916553220472e-08,2.3603729550871947e-08,3.5641631621816637e-06,1.3348925713812778e-05,True,True
59,0.002195925846168839,2.9292472950895333e-08,2.3423209025800952e-08,3.5369045628959434e-06,1.3339463626242646e-05,True,True
60,0.002175733288753248,2.9014300374463043e-08,2.3207821746701313e-08,3.504381083751898e-06,1.333541226052068e-05,True,True
61,0.002139983054696691,2.8533591252078125e-08,2.2826485916764704e-08,3.4467993734314705e-06,1.3333559436115401e-05,True,True
62,0.0021214206970563867,2.8331463746451093e-08,2.2628487435268125e-08,3.416901602725487e-06,1.3354948306935486e-05,True,True
63,0.002112496778320031,2.8168446510412943e-08,2.2533298968747e-08,3.4025281442807966e-06,1.3334196198308042e-05,True,True
64,0.002090811496890539,2.7962134065610562e-08,2.230198930016575e-08,3.367600384325028e-06,1.3373818781461616e-05,True,True
65,0.002059835924054247,2.7486148341773142e-08,2.197158318991197e-08,3.3177090616767075e-06,1.3343853275300618e-05,True,True
66,0.002042468640664132,2.7235016615232217e-08,2.1786332167084075e-08,3.2897361572296952e-06,1.3334362189461299e-05,True,True
67,0.002012549030486403,2.688319322066595e-08,2.1467189658521636e-08,3.2415456384367666e-06,1.3357782997301032e-05,True,True
68,0.002000126785146751,2.6707546373556175e-08,2.133468570823201e-08,3.2215375419430337e-06,1.3352926710391822e-05,True,True
69,0.001964953681160996,2.6199616154261488e-08,2.0959505932383956e-08,3.1648853957899773e-06,1.3333452287171168e-05,True,True
70,0.0019347223606942,2.5798950804745412e-08,2.063703851407147e-08,3.1161928156247916e-06,1.33347044148952e-05,True,True
71,0.0019025267376288754,2.5420508627250898e-08,2.0293618534708004e-08,3.0643363987409088e-06,1.3361446188626265e-05,True,True
72,0.001886295865262771,2.5154350002191298e-08,2.0120489229469558e-08,3.038193873649903e-06,1.333531524159237e-05,True,True
73,0.0018625475843152435,2.4840994823480798e-08,1.9867174232695933e-08,2.9999433091370857e-06,1.333710614035854e-05,True,True
74,0.0018317497589114544,2.443335456315982e-08,1.9538664095055516e-08,2.9503382783533827e-06,1.3338805939125504e-05,True,True
75,0.0018188986564036497,2.426466237880006e-08,1.9401585668305598e-08,2.9296394359141454e-06,1.3340304746156923e-05,True,True
76,0.0017691837382181243,2.359631649108598e-08,1.8871293207659995e-08,2.849565274356659e-06,1.3337402996283232e-05,True,True
77,0.0017359029473188318,2.3152777966345966e-08,1.8516298104734205e-08,2.795961013814865e-06,1.3337599318041549e-05,True,True
78,0.0016948892579544469,2.2599129178021577e-08,1.80788187515141e-08,2.729901631478629e-06,1.3333690724606014e-05,True,True
79,0.0014203947464177544,1.8948992824787768e-08,1.5150877295122715e-08,2.2877824715635297e-06,1.3340652570404997e-05,True,True
80,0.0013721919278961705,1.840446174077525e-08,1.4636713897559153e-08,2.210143798531432e-06,1.3412454458169542e-05,True,True
81,0.0013640130047236207,1.820448251695656e-08,1.4549472050385288e-08,2.1969702796081783e-06,1.3346267560436633e-05,True,True
82,0.001344619533471813,1.7961488734044163e-08,1.4342608357032673e-08,2.1657338619119337e-06,1.3358045370401194e-05,True,True
83,0.0013146228743560456,1.7610190771583823e-08,1.4022643993131153e-08,2.117419242962804e-06,1.3395621752139367e-05,True,True
84,0.0012953118941962762,1.7527059883327572e-08,1.381666020476028e-08,2.0863156909188023e-06,1.3531150267251179e-05,True,True
85,0.0012698512272343169,1.721666196526893e-08,1.3545079757166047e-08,2.0453070433320733e-06,1.3558014983193032e-05,True,True
86,0.0012362260325446653,1.663284480088938e-08,1.3186411013809764e-08,1.9911480630852745e-06,1.3454533688027985e-05,True,True
87,0.0012212262857810659,1.6283742645728946e-08,1.3026413714998037e-08,1.9669884709647035e-06,1.3333927409951114e-05,True,True
88,0.0011950482663071718,1.619286603693755e-08,1.2747181507276501e-08,1.9248244075987514e-06,1.3549968225948944e-05,True,True
89,0.0011741992004583497,1.5922012232128276e-08,1.2524791471555731e-08,1.8912435122049153e-06,1.3559890200839096e-05,True,True
90,0.0011644866692853515,1.5574195704834297e-08,1.242119113904375e-08,1.8755998619956062e-06,1.3374301411618753e-05,True,True
91,0.0011406113122475945,1.52705966363947e-08,1.2166520663974342e-08,1.8371446202601255e-06,1.3388080998691591e-05,True,True
92,0.0011320800650488781,1.5213366546464907e-08,1.2075520693854701e-08,1.8234036247720597e-06,1.3438419256864188e-05,True,True
93,0.0011152930137174307,1.508315804737805e-08,1.1896458812985928e-08,1.796365280760875e-06,1.3523942015115592e-05,True,True
94,0.0010109340726010487,1.4635800675415911e-08,1.0783296774411186e-08,1.628277812936089e-06,1.4477502610787688e-05,True,True
95,0.0009996302260174446,1.3472680522369035e-08,1.0662722410852744e-08,1.6100710840387642e-06,1.3477664211940228e-05,True,True
96,0.0009757948573912533,1.3067431570577416e-08,1.0408478478840035e-08,1.5716802503048453e-06,1.339157659173635e-05,True,True
97,0.0009636778599739819,1.2952034387828047e-08,1.0279230506389141e-08,1.5521638064647603e-06,1.34402116368822e-05,True,True
98,0.0009587679870115595,1.2841571488238209e-08,1.0226858528123303e-08,1.5442556377466186e-06,1.3393825891355488e-05,True,True
99,0.0009528360915119742,1.2744246066567287e-08,1.0163584976127726e-08,1.5347013313952865e-06,1.3375066477954809e-05,True,True
100,0.0009344877714509602,1.2475450611932855e-08,9.967869562143576e-09,1.50514830388368e-06,1.3350041587556011e-05,True,True
101,0.0009278328666777988,1.2432219147396048e-08,9.896883911229856e-09,1.4944294705957081e-06,1.3399201078003294e-05,True,True
102,0.0009238724081164915,1.2320210351067604e-08,9.854639019909243e-09,1.4880504920062958e-06,1.3335402424437535e-05,True,True
103,0.0009155440392945606,1.2234977672119624e-08,9.765803085808646e-09,1.4746362659571055e-06,1.3363614579968042e-05,True,True
104,0.0009113221923596971,1.216413167680891e-08,9.72077005183677e-09,1.467836277827352e-06,1.3347783888936343e-05,True,True
105,0.0009091878914157013,1.2134463874111411e-08,9.698004175100815e-09,1.464398630440223e-06,1.3346486450910353e-05,True,True
106,0.0008944301809522432,1.194068723021287e-08,9.540588596823928e-09,1.440628878120413e-06,1.3350049544952045e-05,True,True
107,0.0008887569057727985,1.1870143236876275e-08,9.480073661576519e-09,1.4314911228980541e-06,1.335589423809299e-05,True,True
108,0.0008859284573227255,1.1818799574881083e-08,9.449903544775739e-09,1.4269354352611366e-06,1.334058013058693e-05,True,True
109,0.0008712333967846403,1.1650513598039483e-08,9.293156232369497e-09,1.4032665910877941e-06,1.3372436870575299e-05,True,True
110,0.0008687016037790609,1.158805800094051e-08,9.266150440309984e-09,1.3991887164868074e-06,1.3339514915742842e-05,True,True
111,0.000854423083791999,1.1406083440185354e-08,9.113846227114657e-09,1.376190780294313e-06,1.3349456090961668e-05,True,True
112,0.0008513198053029058,1.1371875638762285e-08,9.080744589897661e-09,1.3711924330745468e-06,1.3357936192634552e-05,True,True
113,0.0008426128305939399,1.1240035222729733e-08,8.987870193002026e-09,1.357168399143306e-06,1.3339501624734186e-05,True,True
114,0.0008383965846575839,1.1192504940356285e-08,8.94289690301423e-09,1.3503774323551485e-06,1.3349893290569048e-05,True,True
115,0.0008259603207283387,1.1033708588489786e-08,8.81024342110228e-09,1.3303467565864443e-06,1.3358642433041057e-05,True,True
116,0.000824498125743818,1.0998603291751776e-08,8.794646674600726e-09,1.3279916478647096e-06,1.3339755359455093e-05,True,True
117,0.0008140099223902635,1.085972555896278e-08,8.682772505496145e-09,1.3110986483299179e-06,1.3341023567715511e-05,True,True
118,0.0008125656834650985,1.0838737329548656e-08,8.667367290294384e-09,1.308772460834452e-06,1.3338906072587303e-05,True,True
119,0.0008038094667181392,1.0740444390040084e-08,8.573967644993486e-09,1.2946691143940163e-06,1.3361928211535094e-05,True,True
120,0.0007987863283345262,1.0655563087087726e-08,8.520387502234947e-09,1.286578512837477e-06,1.3339691365655484e-05,True,True
121,0.0007911818915485219,1.0580937115493993e-08,8.4392735098509e-09,1.274330299987486e-06,1.3373583531828195e-05,True,True
122,0.0007881755462045082,1.0511608506696268e-08,8.407205826181421e-09,1.2694880797533944e-06,1.3336633643755318e-05,True,True
123,0.0007857457996051294,1.0479627499570424e-08,8.381288529121382e-09,1.2655745678973285e-06,1.333717279155279e-05,True,True
124,0.000777705169736932,1.0372726267526049e-08,8.295521810527276e-09,1.2526237933896185e-06,1.333760745223636e-05,True,True
125,0.0007739649409189164,1.0324522190640344e-08,8.255626036468442e-09,1.2465995315067347e-06,1.333978019518843e-05,True,True
126,0.0007669332750956885,1.0230298342042196e-08,8.180621601020679e-09,1.2352738617541223e-06,1.333922868422391e-05,True,True
127,0.0007582694451913409,1.0110320583075321e-08,8.088207415374304e-09,1.2213193197215198e-06,1.333341419358404e-05,True,True
128,0.0007566893138666568,1.0096086514995791e-08,8.07135268124434e-09,1.2187742548678952e-06,1.3342446272176266e-05,True,True
129,0.0007490545844662431,1.0030205508341753e-08,7.989915567639927e-09,1.206477250713629e-06,1.3390486776726716e-05,True,True
130,0.0007410357323975287,9.926460297654634e-09,7.90438114557364e-09,1.1935615529816197e-06,1.3395386839901511e-05,True,True
131,0.0007395201626874687,9.875051019494014e-09,7.888215068666332e-09,1.1911204753686162e-06,1.3353322218568563e-05,True,True
132,0.0007354776445606101,9.814274237347765e-09,7.845094875313174e-09,1.1846093261722893e-06,1.3344082325182053e-05,True,True
133,0.0007315377566162653,9.7542971054973e-09,7.80306940390683e-09,1.1782634799899314e-06,1.3333962624999551e-05,True,True
134,0.0007270573668970363,9.697153187251623e-09,7.755278580235055e-09,1.1710470656154931e-06,1.3337535150269518e-05,True,True
135,0.0007255853986301405,9.675475151301237e-09,7.739577585388165e-09,1.168676215393613e-06,1.3334715899145606e-05,True,True
136,0.0007189653317556652,9.590594412718606e-09,7.668963538727095e-09,1.1580134943477913e-06,1.3339439315243501e-05,True,True
137,0.0007132675086766802,9.525484523606029e-09,7.608186759217922e-09,1.1488362006419063e-06,1.3354715317509118e-05,True,True
138,0.0007064770962166953,9.426145494419753e-09,7.535755692978084e-09,1.1378991096396905e-06,1.3342464384052026e-05,True,True
139,0.0006987976659424063,9.328648730842787e-09,7.453841770052334e-09,1.1255301072779023e-06,1.3349570534500952e-05,True,True
140,0.0006934055523691722,9.245946858162449e-09,7.396325891937837e-09,1.1168452096826135e-06,1.3334111367541899e-05,True,True
141,0.0006884184554467915,9.185969157322095e-09,7.343130191432443e-09,1.1088126589062988e-06,1.3343583520520663e-05,True,True
142,0.0006849108965239657,9.164360906074061e-09,7.3057162295889676e-09,1.103163150667934e-06,1.3380369552571999e-05,True,True
143,0.0006794272460848245,9.06788927685139e-09,7.247223958238129e-09,1.0943308176939575e-06,1.3346372741312305e-05,True,True
144,0.0006721593373643079,8.97845294192894e-09,7.1696995985526184e-09,1.0826246393814453e-06,1.3357625852726422e-05,True,True
145,0.0006696341566633975,8.939336384389776e-09,7.142764337742907e-09,1.078557414999179e-06,1.3349582448022105e-05,True,True
146,0.0006639273182356275,8.85463450819759e-09,7.081891394513361e-09,1.0693656005715175e-06,1.3336752781507152e-05,True,True
147,0.000660729049746978,8.814101727835916e-09,7.0477765306344325e-09,1.0642142561257992e-06,1.3339963985556895e-05,True,True
148,0.0006489274341209434,8.65378400893854e-09,6.921892630623396e-09,1.0452057872241328e-06,1.3335518817541156e-05,True,True
149,0.0006440498177544761,8.588498485213725e-09,6.869864722714411e-09,1.0373495731298761e-06,1.3335146208344744e-05,True,True
150,0.0006392615252884673,8.526560614707352e-09,6.818789603076984e-09,1.0296372300646246e-06,1.333814139816992e-05,True,True
151,0.000631717394208246,8.431868661173524e-09,6.738318871554624e-09,1.0174861496047481e-06,1.334753283426917e-05,True,True
152,0.0006231610454730402,8.31462932900255e-09,6.647051151712429e-09,1.0037047239085768e-06,1.3342665414348763e-05,True,True
153,0.0006190737561003673,8.271737152983928e-09,6.603453398403918e-09,9.971214631589915e-07,1.3361472799442775e-05,True,True
154,0.0006175922177180382,8.235898371830853e-09,6.587650322325741e-09,9.947351986711868e-07,1.3335495713113007e-05,True,True
155,0.0006039129505194632,8.07982527552869e-09,6.441738138874275e-09,9.727024589700154e-07,1.3379122386063633e-05,True,True
156,0.0005976785039569865,7.976458629014561e-09,6.37523737554119e-09,9.626608437067197e-07,1.3345734498071571e-05,True,True
157,0.0005893639209746755,7.860854386031821e-09,6.286548490396539e-09,9.492688220498774e-07,1.3337861559343053e-05,True,True
158,0.0005815438788712101,7.767790904602972e-09,6.2031347079595745e-09,9.366733409018957e-07,1.3357187972953015e-05,True,True
159,0.0005677541798244319,7.571368983542629e-09,6.05604458479394e-09,9.144627323038849e-07,1.3335646398735351e-05,True,True
160,0.0005586279273478285,7.55923197528201e-09,5.9586978917101715e-09,8.997633816482359e-07,1.3531783151570347e-05,True,True
161,0.0005496091661413412,7.357312761216309e-09,5.8624977721743064e-09,8.852371635983203e-07,1.3386444794707541e-05,True,True
162,0.0005285977608657054,7.074459698947678e-09,5.638376115900858e-09,8.513947935010295e-07,1.3383446209385291e-05,True,True
163,0.0005155741069443832,6.894254748608419e-09,5.499457140740088e-09,8.304180282517533e-07,1.3371995714579449e-05,True,True
164,0.0005125931547682424,6.8361513789555105e-09,5.467660317527919e-09,8.256167079467157e-07,1.333640786140877e-05,True,True
165,0.0005048071283291129,6.743012483388881e-09,5.384609368843871e-09,8.130760146954244e-07,1.3357601557069778e-05,True,True
166,0.0005038669117510717,6.7295807018711264e-09,5.374580392011432e-09,8.115616391937262e-07,1.3355869466570132e-05,True,True
167,0.0004966551647545438,6.6285475727823464e-09,5.297655090715134e-09,7.999459186979853e-07,1.3346378016743866e-05,True,True
168,0.0004918474451414508,6.561684101061289e-09,5.246372748175476e-09,7.922022849744968e-07,1.3340892924988577e-05,True,True
169,0.00048460316409012724,6.463993192742569e-09,5.169100416961358e-09,7.805341629611649e-07,1.3338735013996702e-05,True,True
170,0.0004825060964595023,6.435880725730419e-09,5.146731695568024e-09,7.771564860307717e-07,1.333844436983315e-05,True,True
171,0.00048048624971581424,6.416062212667121e-09,5.125186663635352e-09,7.739031862089382e-07,1.3353269144459243e-05,True,True
172,0.00047347444746116376,6.313369009063627e-09,5.050394106252414e-09,7.626095100441144e-07,1.3334128257431409e-05,True,True
173,0.00046764727890917973,6.242096332805789e-09,4.988237641697918e-09,7.532238838963855e-07,1.3347872668832628e-05,True,True
174,0.00046282996474816406,6.176533221771603e-09,4.93685295731375e-09,7.454647965543763e-07,1.334514550096684e-05,True,True
175,0.0004547473240334396,6.066008984726183e-09,4.850638123023356e-09,7.324463565765267e-07,1.3339295613491333e-05,True,True
176,0.0004507290352128153,6.010341528575287e-09,4.807776375603363e-09,7.259742327161078e-07,1.3334711232298262e-05,True,True
177,0.00044618567349301097,5.950175947056713e-09,4.759313850592117e-09,7.186563914394097e-07,1.3335649933524627e-05,True,True
178,0.0004398718518110282,5.865898235018769e-09,4.691966419317634e-09,7.084869293169628e-07,1.3335470798751625e-05,True,True
179,0.0004318615420855945,5.759050140078144e-09,4.606523115579674e-09,6.955849904525309e-07,1.3335408641079474e-05,True,True
180,0.00042907824101098266,5.7213200636512345e-09,4.576834570783815e-09,6.91102020188356e-07,1.3333978554053017e-05,True,True
181,0.00042574495793771785,5.678171961299087e-09,4.541279551335657e-09,6.857332122516842e-07,1.3337026911143703e-05,True,True
182,0.00042091906277468477,5.613043053056707e-09,4.4898033362633046e-09,6.779603037757589e-07,1.3335207524353281e-05,True,True
183,0.00042016100962060206,5.602342666145788e-09,4.481717435953089e-09,6.767393328289164e-07,1.3333799514630366e-05,True,True
184,0.0004131970123427942,5.510155191171478e-09,4.4074347983231385e-09,6.655226545467938e-07,1.3335418762902803e-05,True,True
185,0.00040877924911273214,5.4514138584877705e-09,4.36031199053581e-09,6.584071105709073e-07,1.3335838035615143e-05,True,True
186,0.00040620545370012665,5.417168896618713e-09,4.332858172801351e-09,6.54261584093004e-07,1.3336031919989517e-05,True,True
187,0.00040234092463556907,5.367539042242105e-09,4.29163652944607e-09,6.480371159463566e-07,1.33407732437457e-05,True,True
188,0.00039978520411976704,5.33110094560627e-09,4.264375510610849e-09,6.439207021022382e-07,1.333491307499511e-05,True,True
189,0.0003943180389879878,5.258098473378884e-09,4.206059082538537e-09,6.351149214633191e-07,1.3334663782751929e-05,True,True
190,0.0003931747201750397,5.2431044240443e-09,4.193863681867091e-09,6.332734159619306e-07,1.3335304013722176e-05,True,True
191,0.0003892587193486546,5.190399940272275e-09,4.1520930063856495e-09,6.26966043964233e-07,1.3334062109019304e-05,True,True
192,0.00038544948659733247,5.139882319948644e-09,4.111461190371547e-09,6.208306397461035e-07,1.3334775369199349e-05,True,True
193,0.00038391901918267035,5.118992165336969e-09,4.095136204615151e-09,6.183655668968877e-07,1.3333520637333495e-05,True,True
194,0.00038156482746189716,5.087881327678654e-09,4.070024826260236e-09,6.145737487652957e-07,1.3334251381403142e-05,True,True
195,0.0003787291038729179,5.049828632421918e-09,4.039777107977791e-09,6.100063433046464e-07,1.3333616510539898e-05,True,True
196,0.00037561511655839525,5.008770163939923e-09,4.006561243289549e-09,6.04990747736722e-07,1.3334847143089438e-05,True,True
197,0.00037358843965669083,4.982189736855885e-09,3.984943356338036e-09,6.017264468070434e-07,1.3336038292390067e-05,True,True
198,0.000371947036995501,4.959586795280149e-09,3.967435061285344e-09,5.990826942540869e-07,1.3334120995673207e-05,True,True
199,0.000370182527207458,4.9358059567831735e-09,3.948613623546219e-09,5.96240657155479e-07,1.3333438490512667e-05,True,True
200,0.0003679793492101344,4.910158524393683e-09,3.925113058241434e-09,5.926920717944564e-07,1.334357086867323e-05,True,True
201,0.000364687202173282,4.8630772808133845e-09,3.889996823181675e-09,5.873895203004329e-07,1.3334927170004395e-05,True,False
202,0.00036236150610711694,4.8316500257214044e-09,3.865189398475914e-09,5.83643599169863e-07,1.333378392652207e-05,True,False
203,0.00036181594331131467,4.826003940611497e-09,3.859370061987356e-09,5.827648793600909e-07,1.33382843675827e-05,True,False
204,0.00035651803839834576,4.754432106102536e-09,3.8028590762490216e-09,5.742317205136023e-07,1.333574067517532e-05,True,False
205,0.00035435951056130656,4.727133245338525e-09,3.779834779320604e-09,5.707550516774111e-07,1.3339936150861963e-05,True,False
206,0.0003523780827861626,4.699400336832141e-09,3.758699549719068e-09,5.675636320075792e-07,1.3336244693980948e-05,True,False
207,0.0003506687356863326,4.677108703335764e-09,3.740466513987548e-09,5.648104436121197e-07,1.3337683766366216e-05,True,False
208,0.00034936485850941163,4.658703939593575e-09,3.726558490767058e-09,5.627103321058257e-07,1.3334781178250855e-05,True,False
209,0.00034492984759968174,4.599606435677345e-09,3.679251707729939e-09,5.555670078672207e-07,1.3334904090455954e-05,True,False
210,0.0003438652026027814,4.584979335799619e-09,3.6678954944296685e-09,5.538522196588799e-07,1.333365313237581e-05,True,False
211,0.00034276866184387167,4.571039475752963e-09,3.6561990596679645e-09,5.520860580098626e-07,1.3335639994519203e-05,True,False
212,0.00034149324802732915,4.554250816557122e-09,3.6425946456248446e-09,5.500317914893515e-07,1.3336283639179458e-05,True,False
213,0.00033981434025341135,4.530995427097556e-09,3.6246862960363878e-09,5.473276307014946e-07,1.3333738133942893e-05,True,False
214,0.0003384357850418722,4.512740421575068e-09,3.609981707113304e-09,5.451072377741089e-07,1.3334111287955967e-05,True,False
215,0.0003333845626863903,4.44687757627216e-09,3.5561020019881637e-09,5.369714023002126e-07,1.3338582747921861e-05,True,False
216,0.0003324796021409154,4.4332240065220695e-09,3.546449089503098e-09,5.355138125149678e-07,1.3333822520165097e-05,True,False
217,0.0003309102586629602,4.41215767889259e-09,3.5297094257382426e-09,5.329861232864746e-07,1.3333396482538413e-05,True,False
218,0.0003287313589158466,4.383092231809695e-09,3.5064678284356975e-09,5.294766420937903e-07,1.3333355984853707e-05,True,False
219,0.00032653719781901226,4.354037768003491e-09,3.483063443402798e-09,5.259425799538224e-07,1.3333971740692086e-05,True,False
220,0.00032489655387895494,4.33219221018192e-09,3.4655632413755196e-09,5.233000494477034e-07,1.3334066361922517e-05,True,False
221,0.00032397278489930414,4.3197274069443665e-09,3.455709705592578e-09,5.218121655444792e-07,1.333361198313928e-05,True,False
222,0.00032097115137334574,4.2801229906645434e-09,3.4236922813156883e-09,5.169775344786689e-07,1.3334914905439616e-05,True,False
223,0.00032090845323624184,4.278824188340654e-09,3.4230235011865797e-09,5.168765486791735e-07,1.3333472973959742e-05,True,False
224,0.0003191556504906854,4.255524223235872e-09,3.404326938567311e-09,5.14053367723664e-07,1.3333695382466901e-05,True,False
225,0.00031778842050910296,4.237202617945372e-09,3.3897431520970986e-09,5.118512159666618e-07,1.3333407841472934e-05,True,False
226,0.00031134226758845984,4.151424965583939e-09,3.3209841876102385e-09,5.01468612329146e-07,1.3333958789917334e-05,True,False
227,0.0003110143466675124,4.146959079511545e-09,3.3174863644534658e-09,5.009404410324733e-07,1.3333658475712767e-05,True,False
228,0.00031015744636969916,4.135792211445916e-09,3.3083460946101247e-09,4.995602602861288e-07,1.3334492722499931e-05,True,False
229,0.000307328004105053,4.098241735374068e-09,3.2781653771205654e-09,4.950029719452053e-07,1.3335074189897703e-05,True,False
230,0.00030596371487682746,4.080200409001646e-09,3.2636129586861597e-09,4.928055567616101e-07,1.3335569581001532e-05,True,False
231,0.0003043506887456854,4.058407371356738e-09,3.2464073466206443e-09,4.902075093397173e-07,1.3334641653293358e-05,True,False
232,0.0003025091161997633,4.0336105715063335e-09,3.226763906130809e-09,4.872413498257521e-07,1.3333847991684058e-05,True,False
233,0.0003015736007986219,4.021066520607747e-09,3.2167850751853005e-09,4.857345463529804e-07,1.3333615773924605e-05,True,False
234,0.0003005221013338471,4.007163892445361e-09,3.205569080894369e-09,4.840409312150497e-07,1.3334007298164875e-05,True,False
235,0.0002978165584411401,3.971234011271276e-09,3.1767099567054944e-09,4.796832034625296e-07,1.3334497020776444e-05,True,False
236,0.00029705425659844485,3.961024735887547e-09,3.1685787370500787e-09,4.784553892945619e-07,1.3334347675219558e-05,True,False
237,0.0002946746080668586,3.929999645309377e-09,3.1431958193798255e-09,4.746225687263536e-07,1.333674343741793e-05,True,False
238,0.0002936044301887324,3.914743865476826e-09,3.1317805886798124e-09,4.728988688906516e-07,1.3333395081812568e-05,True,False
239,0.00029227385420154355,3.897151425482542e-09,3.117587778149798e-09,4.7075575450061947e-07,1.3333903698396437e-05,True,False
240,0.0002897334900497025,3.8631513404721986e-09,3.09049056053016e-09,4.666640746400542e-07,1.3333464970892705e-05,True,False
241,0.00028867481431540015,3.84944544536329e-09,3.0791980193642684e-09,4.649589009240045e-07,1.3334884979461581e-05,True,False
242,0.00028692612875846847,3.825751445860955e-09,3.0605453734236637e-09,4.6214235138697323e-07,1.333357635435647e-05,True,False
243,0.0002862200461479035,3.8163462784547744e-09,3.0530138255776376e-09,4.610050876622232e-07,1.333360933245985e-05,True,False
244,0.0002831937065144815,3.776168955576556e-09,3.020732869487803e-09,4.5613066329265827e-07,1.333422625118774e-05,True,False
245,0.0002818364041367481,3.758393349190332e-09,3.0062549774586467e-09,4.5394450159625563e-07,1.3335372201835023e-05,True,False
246,0.00028045761073924126,3.739474710227907e-09,2.99154784788524e-09,4.5172372503067126e-07,1.3333475602146261e-05,True,False
247,0.00027834378322297895,3.7113908168689682e-09,2.9690003543784424e-09,4.4831905351114477e-07,1.3333837651749539e-05,True,False
248,0.0002776269896224996,3.70174780266504e-09,2.9613545559733294e-09,4.4716453795197274e-07,1.3333530027820612e-05,True,False
249,0.00027608965845002056,3.681249653141745e-09,2.9449563568002194e-09,4.4468840987683315e-07,1.3333529672239235e-05,True,False
250,0.0002755391382499714,3.6738787274140693e-09,2.9390841413330284e-09,4.438017053412873e-07,1.3333418804849044e-05,True,False
251,0.00027253358996348875,3.6338313400979314e-09,2.9070249596105467e-09,4.3896076890119254e-07,1.3333517312800799e-05,True,False
252,0.00027031333674882625,3.604458895833166e-09,2.8833422586541468e-09,4.3538468105677615e-07,1.3334373135952261e-05,True,False
253,0.0002685475299930748,3.58121169812305e-09,2.864506986592798e-09,4.325405549755125e-07,1.3335485521745072e-05,True,False
254,0.00026803645064930073,3.5753208467191245e-09,2.8590554735925415e-09,4.3171737651247374e-07,1.3338935201007714e-05,True,False
255,0.00026618265091026656,3.5492204703041205e-09,2.83928160970951e-09,4.2873152306613604e-07,1.3333778359208717e-05,True,False
256,0.00026412024909018957,3.5216263241460974e-09,2.8172826569620223e-09,4.2540968120126535e-07,1.3333420426025578e-05,True,False
257,0.0002609211712725686,3.4797552228521624e-09,2.783159160240732e-09,4.202570331963505e-07,1.3336423433486246e-05,True,False
258,0.00026053067558708115,3.4737934110026305e-09,2.7789938729288656e-09,4.196280748122587e-07,1.333352935570741e-05,True,False
259,0.0002581913524247309,3.4427981491729e-09,2.754041092530463e-09,4.158602049720999e-07,1.3334289149659108e-05,True,False
260,0.00025663160857114986,3.4218585540739335e-09,2.737403824758932e-09,4.133479775385987e-07,1.3333737699443364e-05,True,False
261,0.00025560565952158145,3.408090119051363e-09,2.7264603682302023e-09,4.1169551560276055e-07,1.3333390682468863e-05,True,False
262,0.00025298284589617414,3.373110081438612e-09,2.698483689559191e-09,4.0747103712343783e-07,1.333335495333529e-05,True,False
263,0.0002506498159949716,3.3420259002976248e-09,2.6735980372796973e-09,4.037133036292343e-07,1.3333446454094627e-05,True,False
264,0.0002498258465789681,3.3312379300611016e-09,2.6648090301756597e-09,4.0238616355652457e-07,1.3334240534668307e-05,True,False
265,0.00024939271925636126,3.3257516640797896e-09,2.660189005401187e-09,4.016885398155792e-07,1.3335399982792239e-05,True,False
266,0.0002461294418831202,3.2826240950987936e-09,2.625380713419949e-09,3.9643248772641226e-07,1.3336982646137952e-05,True,False
267,0.0002456092819624569,3.275047738593588e-09,2.6198323409328737e-09,3.955946834808639e-07,1.3334380982776546e-05,True,False
268,0.00024401322863752196,3.25381997725461e-09,2.602807772133568e-09,3.930239735921687e-07,1.3334604830331193e-05,True,False
269,0.00024191760528833337,3.226110054082953e-09,2.5804544564088894e-09,3.896486229177423e-07,1.3335573697655705e-05,True,False
270,0.0002400174839537547,3.2002584144300944e-09,2.560186495506717e-09,3.8658816082151425e-07,1.3333438721683722e-05,True,False
271,0.0002389140739684478,3.1857397088806385e-09,2.548416788996777e-09,3.8481093513851325e-07,1.3334248819939185e-05,True,False
272,0.0002372455513117031,3.1633740443678857e-09,2.5306192139914998e-09,3.821235013127165e-07,1.3333754950842947e-05,True,False
273,0.0002366028364640725,3.1552607603045826e-09,2.523763588950107e-09,3.810883019314661e-07,1.3335684421449023e-05,True,False
274,0.00023541522114062078,3.1394529253201847e-09,2.511095692166622e-09,3.791754495171599e-07,1.3335811126014203e-05,True,False
275,0.00023314631895713378,3.109085448821535e-09,2.486894068876094e-09,3.7552100440029015e-07,1.3335340067681577e-05,True,False
276,0.0002323129595950143,3.097616998853842e-09,2.478004902346819e-09,3.741787402543697e-07,1.3333810581440849e-05,True,False
277,0.00023118335241124197,3.082915069133413e-09,2.4659557590532477e-09,3.723593196170404e-07,1.333536795352526e-05,True,False
278,0.00023020236473420157,3.069473296652156e-09,2.45549189049815e-09,3.707792754652207e-07,1.3333804369022274e-05,True,False
279,0.00022920493704826659,3.0573970606583253e-09,2.4448526618481772e-09,3.691727519390747e-07,1.3339141381646986e-05,True,False
280,0.00022848591946833923,3.046643635770842e-09,2.4371831409956186e-09,3.680146542903384e-07,1.3334054207191566e-05,True,False
281,0.00022620707770216967,3.0162192319494337e-09,2.41287549548981e-09,3.643441998189613e-07,1.3333885316889461e-05,True,False
282,0.00022392817294292786,2.9859200382828265e-09,2.3885671780578974e-09,3.606736438867425e-07,1.3334275893207248e-05,True,False
283,0.00022358219215487939,2.9811386236754376e-09,2.3848767163187138e-09,3.6011638416412575e-07,1.3333524441026812e-05,True,False
284,0.00022197276762636858,2.961445627494808e-09,2.3677095213479316e-09,3.575241377235377e-07,1.3341481746443801e-05,True,False
285,0.00022017753626691068,2.935851354281291e-09,2.3485603868470475e-09,3.5463261841390415e-07,1.3334018556381242e-05,True,False
286,0.00021937701895102053,2.9258015400035443e-09,2.3400215354775523e-09,3.533432518571104e-07,1.333686433516893e-05,True,False
287,0.00021879213199366436,2.9172833573784514e-09,2.3337827412657534e-09,3.5240119393112875e-07,1.3333584397189055e-05,True,False
288,0.0002177788543740697,2.904022780880564e-09,2.3229744466567437e-09,3.5076914144516824e-07,1.3334732562659388e-05,True,False
289,0.00021709395174764715,2.8947175946419973e-09,2.31566881864157e-09,3.4966599161487704e-07,1.3333939390475764e-05,True,False
290,0.00021390904567874678,2.8530514488630467e-09,2.281696487239966e-09,3.4453616957323485e-07,1.3337684901590467e-05,True,False
291,0.00021262646280367575,2.8351471221099157e-09,2.2680156032392083e-09,3.424703560891204e-07,1.3333933531724555e-05,True,False
292,0.00021220358551022204,2.830464071329102e-09,2.263504912109035e-09,3.417892417284643e-07,1.3338436598625503e-05,True,False
293,0.00021111969899920605,2.815102196141803e-09,2.2519434559915312e-09,3.4004346185472123e-07,1.333415218706043e-05,True,False
294,0.0002083027231061049,2.777726320014468e-09,2.2218957131317857e-09,3.355062526828996e-07,1.3335045642200052e-05,True,False
295,0.00020727037013195247,2.76412508193249e-09,2.21088394807416e-09,3.3384347615919814e-07,1.3335842842239307e-05,True,False
296,0.00020684819609015717,2.7584247965429814e-09,2.20638075829501e-09,3.3316349450254647e-07,1.3335503275748607e-05,True,False
297,0.00020598781398943727,2.746533331322545e-09,2.1972033492206644e-09,3.317777057323203e-07,1.3333474821298812e-05,True,False
298,0.00020386866615163373,2.718254978596283e-09,2.1745991056174266e-09,3.283644649482314e-07,1.3333363237754719e-05,True,False
299,0.0002036071596386553,2.715092610621394e-09,2.1718097028123236e-09,3.2794326512466085e-07,1.3334956469310361e-05,True,False
300,0.0002022461744749997,2.696638477404112e-09,2.1572925277333303e-09,3.2575117168773287e-07,1.3333446154935566e-05,True,False
301,0.0002012686564142641,2.683639574125599e-09,2.146865668418817e-09,3.241767159312414e-07,1.3333618964504635e-05,True,False
302,0.00020059129339642173,2.6745604713518908e-09,2.139640462895165e-09,3.2308570989716995e-07,1.3333382651191385e-05,True,False
303,0.00019934091627646193,2.6579062612062054e-09,2.1263031069489273e-09,3.2107176914928804e-07,1.3333470673526996e-05,True,False
304,0.0001975547992863739,2.634399021419546e-09,2.1072511923879884e-09,3.1819493005058625e-07,1.333502922194637e-05,True,False
305,0.00019725210744864227,2.630074713513248e-09,2.104022479452184e-09,3.177073943972798e-07,1.3333569651204006e-05,True,False
306,0.00019667963153229042,2.6224687901867585e-09,2.0979160696777646e-09,3.1678532652134243e-07,1.3333708070101847e-05,True,False
307,0.00019559066000145208,2.6080919265232668e-09,2.0863003733488224e-09,3.1503135637567217e-07,1.3334440031563389e-05,True,False
308,0.0001953164733426656,2.6042530619602852e-09,2.0833757156551e-09,3.1458973306392007e-07,1.333350442689671e-05,True,False
309,0.0001943830525119742,2.591862586081161e-09,2.0734192267943916e-09,3.130863032459531e-07,1.333378889047696e-05,True,False
310,0.00019383173106743724,2.5847311113719988e-09,2.0675384647193308e-09,3.121983081726189e-07,1.3334922497662308e-05,True,False
311,0.00019141852392821123,2.5528889532269006e-09,2.0417975885675866e-09,3.0831143587370554e-07,1.333668707101892e-05,True,False
312,0.00019104981254540153,2.547369994311114e-09,2.03786466715095e-09,3.077175647397934e-07,1.3333538308004103e-05,True,False
313,0.00019063442595843136,2.542297168262605e-09,2.0334338768899345e-09,3.070485154103801e-07,1.333598144973544e-05,True,False
314,0.0001900879009562772,2.5345653146937424e-09,2.027604276866957e-09,3.0616824580691046e-07,1.3333648811644919e-05,True,False
315,0.00018788589375358164,2.505227365172611e-09,2.004116200038204e-09,3.0262154620576886e-07,1.333377038117772e-05,True,False
316,0.00018694720848343462,2.4934316514435624e-09,1.994103557156636e-09,3.01109637130652e-07,1.3337624411035296e-05,True,False
317,0.0001860883840689974,2.481330256259981e-09,1.9849427634026387e-09,2.9972635727379844e-07,1.33341490855225e-05,True,False
318,0.00018511377497717246,2.4682195964825235e-09,1.97454693308984e-09,2.9815658689656576e-07,1.3333527430829474e-05,True,False
319,0.00018401972910767232,2.454764500289032e-09,1.9628771104818384e-09,2.9639444368275757e-07,1.3339681088502839e-05,True,False
320,0.00018270986704577855,2.4365743452702964e-09,1.9489052484883045e-09,2.94284692521734e-07,1.3335756763808518e-05,True,False
321,0.00018245972311895677,2.4331894345882543e-09,1.9462370466022055e-09,2.9388179403693305e-07,1.3335487925748455e-05,True,False
322,0.00018092119738261235,2.4124448892931072e-09,1.9298261054145317e-09,2.9140374191759433e-07,1.33342301742082e-05,True,False
323,0.0001797642125373633,2.397039169380523e-09,1.917484933731875e-09,2.8954022499351316e-07,1.3334351345834797e-05,True,False
324,0.00017933885828043473,2.391204376722438e-09,1.9129478216579705e-09,2.8885512107035354e-07,1.3333442621694834e-05,True,False
325,0.0001784413468061171,2.3797921240761654e-09,1.903374365931916e-09,2.874095292557193e-07,1.3336551010578813e-05,True,False
326,0.00017772459917755987,2.3703320179483372e-09,1.895729057893972e-09,2.862550877419898e-07,1.333710712482858e-05,True,False
327,0.0001770437143667734,2.3606961644985558e-09,1.8884662865789167e-09,2.851584092734164e-07,1.3333973323718282e-05,True,False
328,0.00017629703814306603,2.3519183432442912e-09,1.8805017401927043e-09,2.8395576276909833e-07,1.3340657154635216e-05,True,False
329,0.0001749989681437573,2.3334783965898495e-09,1.866655660200078e-09,2.8186500469021174e-07,1.3334240889197444e-05,True,False
330,0.00017331195335813036,2.311279509286945e-09,1.8486608358200573e-09,2.7914778620882864e-07,1.3335949797478404e-05,True,False
331,0.0001729105728580128,2.3055684318179306e-09,1.8443794438188034e-09,2.7850129601663933e-07,1.333387770169017e-05,True,False
332,0.00017199409918656596,2.2941788468494954e-09,1.8346037246567037e-09,2.7702516242316227e-07,1.3338706721333193e-05,True,False
333,0.00017169341079717137,2.2893962047762273e-09,1.8313963818364947e-09,2.765408536573107e-07,1.3334211220725221e-05,True,False
334,0.00017005836710926373,2.268210281065024e-09,1.8139559158321465e-09,2.739073432906541e-07,1.3337834060276978e-05,True,False
335,0.0001693415835567702,2.258155338811899e-09,1.8063102246055488e-09,2.727528439154379e-07,1.3334913323607093e-05,True,False
336,0.00016890171438653558,2.252233438294867e-09,1.801618286789713e-09,2.720443613052466e-07,1.3334580092778558e-05,True,False
337,0.00016828474293048882,2.2442950796729793e-09,1.7950372579252141e-09,2.710506259467073e-07,1.333629561771979e-05,True,False
338,0.00016788126565576102,2.238773727494666e-09,1.7907335003281177e-09,2.7040075854954575e-07,1.333545895517163e-05,True,False
339,0.00016627965847606694,2.2177313555310656e-09,1.7736496904113807e-09,2.678211032521185e-07,1.3337358134219823e-05,True,False
340,0.00016546007818643444,2.2070190519168887e-09,1.7649075006553008e-09,2.665010325989504e-07,1.3338680097987741e-05,True,False
341,0.0001649218484599869,2.1989963422695344e-09,1.7591663835731936e-09,2.6563412391955226e-07,1.3333565945345634e-05,True,False
342,0.00016354318345604077,2.18154582036345e-09,1.7444606235311015e-09,2.634135541531963e-07,1.3339264738905084e-05,True,False
343,0.00016328092289745474,2.1773154299561365e-09,1.7416631775728507e-09,2.6299113981350045e-07,1.3334781500001412e-05,True,False
344,0.00016235383457878201,2.1648506666881805e-09,1.7317742355070082e-09,2.614979095615582e-07,1.333415174519755e-05,True,False
345,0.00016109918722257758,2.148188625007858e-09,1.718391330374161e-09,2.594770908864983e-07,1.3334571465217147e-05,True,False
346,0.00016055997594055881,2.14117948687759e-09,1.7126397433659607e-09,2.586086012482601e-07,1.3335698852310987e-05,True,False
347,0.00016017825619214356,2.1377383309337995e-09,1.7085680660495315e-09,2.5799377797347923e-07,1.3345995778412349e-05,True,False
348,0.0001598214229583603,2.1320103023757476e-09,1.7047618448891767e-09,2.574190385782657e-07,1.3339953198459629e-05,True,False
349,0.00015849472292230719,2.1136636840004123e-09,1.6906103778379435e-09,2.5528216705352943e-07,1.3335861567053642e-05,True,False
350,0.00015813297994852365,2.1085266772956948e-09,1.6867517861175857e-09,2.5469951970375544e-07,1.3333883153166875e-05,True,False
351,0.00015762457773067955,2.1023006538485606e-09,1.6813288291272485e-09,2.5388065319821453e-07,1.3337391186802053e-05,True,False
352,0.00015704225574967996,2.0950276616401547e-09,1.6751173946632529e-09,2.529427265941512e-07,1.3340534696467669e-05,True,False
353,0.0001558553218181282,2.078405002071239e-09,1.6624567660600343e-09,2.5103097167506516e-07,1.3335476631953485e-05,True,False
354,0.000155725717541202,2.077083486522786e-09,1.661074320439488e-09,2.508222223863627e-07,1.3338089040901224e-05,True,False
355,0.00015529255728767203,2.0706255922810547e-09,1.656453944401835e-09,2.5012454560467706e-07,1.3333707863702186e-05,True,False
356,0.00015411138606752223,2.055081454529554e-09,1.6438547847202372e-09,2.4822207249275584e-07,1.3335039720096622e-05,True,False
357,0.00015343514869243393,2.045831441097007e-09,1.6366415860526287e-09,2.471328794939469e-07,1.333352532670299e-05,True,False
358,0.00015241653969153834,2.0322934488686217e-09,1.6257764233764091e-09,2.4549223992983776e-07,1.3333811756792218e-05,True,False
359,0.0001520965571008759,2.028155710930431e-09,1.6223632757426764e-09,2.4497685463714415e-07,1.333465891397716e-05,True,False
360,0.00015136433621136864,2.0188737096289163e-09,1.6145529195879323e-09,2.4379749085777777e-07,1.3337842718840419e-05,True,False
361,0.00015058195553706928,2.0081698406307407e-09,1.6062075257287391e-09,2.425373363850396e-07,1.3336058981757496e-05,True,False
362,0.00015023373127706144,2.0033707195015813e-09,1.6024931336219888e-09,2.419764631769203e-07,1.3335026045562029e-05,True,False
363,0.00014955331098679054,1.994412263860086e-09,1.5952353171924326e-09,2.408805328960573e-07,1.3335794779135613e-05,True,False
364,0.00014844719926434725,1.979490827381106e-09,1.5834367921530374e-09,2.3909895561510864e-07,1.333464583495529e-05,True,False
365,0.00014814157497088838,1.975902856702289e-09,1.5801767996894762e-09,2.386066967531109e-07,1.3337936072912537e-05,True,False
366,0.00014798264497050016,1.9736788446332557e-09,1.5784815463520018e-09,2.3835071349915226e-07,1.3337231842468432e-05,True,False
367,0.00014709868469525443,1.9620823992692085e-09,1.5690526367493806e-09,2.3692694814915648e-07,1.3338544823388946e-05,True,False
368,0.0001466508436862541,1.9556681261658382e-09,1.5642756659867104e-09,2.3620562556399327e-07,1.3335539551001896e-05,True,False
369,0.00014606456869091194,1.947535711008242e-09,1.5580220660363942e-09,2.352613319714955e-07,1.3333388983124534e-05,True,False
370,0.00014573118298477378,1.94325949453244e-09,1.5544659518375872e-09,2.3472435872747566e-07,1.3334548273964637e-05,True,False
371,0.00014457037406059254,1.9277341123623176e-09,1.5420839899796537e-09,2.3285468248692773e-07,1.33342264961863e-05,True,False
372,0.0001441839816727284,1.922465266162386e-09,1.5379624711757696e-09,2.322323331475412e-07,1.3333417789266181e-05,True,False
373,0.0001430372124182301,1.9076033893130128e-09,1.5257302657944546e-09,2.3038527013496264e-07,1.3336413350501568e-05,True,False
374,0.0001424670193143314,1.899776711185336e-09,1.519648206019535e-09,2.2946687910894978e-07,1.3334852658030088e-05,True,False
375,0.00014207882111003607,1.894979794885193e-09,1.5155074251737181e-09,2.2884162120123145e-07,1.3337524763226916e-05,True,False
376,0.00014148283429290067,1.8871388471362153e-09,1.5091502324576073e-09,2.278816851010987e-07,1.3338288397795464e-05,True,False
377,0.00014032114870854675,1.8711964858431653e-09,1.4967589195578321e-09,2.2601059685323263e-07,1.3335099541764182e-05,True,False
378,0.00013967433466278477,1.862986686932094e-09,1.489859569736371e-09,2.24968795030192e-07,1.3338074539104811e-05,True,False
379,0.00013892650123418487,1.8523676588562613e-09,1.4818826798313054e-09,2.237642846545271e-07,1.3333436330724059e-05,True,False
380,0.0001377983553047306,1.83734051616683e-09,1.4698491232504598e-09,2.2194721761081943e-07,1.3333544599307378e-05,True,False
381,0.00013752554085021853,1.834093891875018e-09,1.466939102402331e-09,2.21507804462752e-07,1.3336387412375726e-05,True,False
382,0.00013731022288828587,1.8312379936953588e-09,1.4646423774750495e-09,2.2116099899873244e-07,1.3336501501313813e-05,True,False
383,0.00013674226634319115,1.8236558754418125e-09,1.4585841743273723e-09,2.2024621032343322e-07,1.3336446178717429e-05,True,False
384,0.0001363993091040757,1.8191719353008111e-09,1.4549259637768075e-09,2.196938205302979e-07,1.3337105204196765e-05,True,False
385,0.00013570978871865663,1.8096415116575226e-09,1.4475710796656708e-09,2.1858323302951628e-07,1.3334642465689308e-05,True,False
386,0.0001349825096932773,1.7999764812800267e-09,1.4398134367282912e-09,2.1741182894597195e-07,1.3334886759552325e-05,True,False
387,0.000134733910988173,1.7964669721664996e-09,1.4371617172071788e-09,2.1701141929828397e-07,1.3333443369904065e-05,True,False
388,0.00013346926917729947,1.7796784824637534e-09,1.4236722045578611e-09,2.1497450288823702e-07,1.3333994360152248e-05,True,False
389,0.00013263527060411673,1.7687428365536232e-09,1.4147762197772453e-09,2.13631209186364e-07,1.3335388305821611e-05,True,False
390,0.0001324781388951131,1.7664774433471093e-09,1.4131001482145398e-09,2.1337812238039552e-07,1.3334105219772766e-05,True,False
391,0.00013166601333455116,1.755686915688377e-09,1.4044374755685458e-09,2.1207005881085042e-07,1.3334397170721185e-05,True,False
392,0.00013130983186252277,1.7518779036636145e-09,1.4006382065335763e-09,2.1149636918657e-07,1.334155926342039e-05,True,False
393,0.00013111042364586227,1.7486789181363457e-09,1.3985111855558643e-09,2.111751890189355e-07,1.3337451512319421e-05,True,False
394,0.0001305427702104822,1.7405981854254217e-09,1.392456215578477e-09,2.1026088855235002e-07,1.333354717859095e-05,True,False
395,0.00013047200019780525,1.7396498743390364e-09,1.391701335443256e-09,2.1014690165193166e-07,1.3333511187853316e-05,True,False
396,0.00013024379363743373,1.7368253292430952e-09,1.3892671321326266e-09,2.0977933695202662e-07,1.3335186888658849e-05,True,False
397,0.00012912452901487788,1.7219149908068233e-09,1.3773283094920308e-09,2.0797657473329665e-07,1.3335305103869322e-05,True,False
398,0.0001286622630751336,1.7163748392525224e-09,1.3723974728014252e-09,2.0723201839301519e-07,1.3340157387486867e-05,True,False
399,0.00012801133789121087,1.7068949761444958e-09,1.3654542708395826e-09,2.0618359489677697e-07,1.3333935917419153e-05,True,False
400,0.00012785931127824642,1.7048869139490922e-09,1.3638326536346286e-09,2.0593873069882892e-07,1.333408491649803e-05,True,False
401,0.00012735295795722037,1.6983494924617508e-09,1.358431551543684e-09,2.0512316428309627e-07,1.3335767929569803e-05,True,False
402,0.00012606767868346514,1.6819924036814627e-09,1.3447219059569615e-09,2.030530077995012e-07,1.334197965130035e-05,True,False
403,0.00012530604308763502,1.6711308177314881e-09,1.3365977929347735e-09,2.018262667331508e-07,1.3336394451165879e-05,True,False
404,0.0001252212429074378,1.6703621601436768e-09,1.3356932576793367e-09,2.0168968190957983e-07,1.3339287499153723e-05,True,False
405,0.00012448057830776374,1.6601904789268962e-09,1.3277928352828132e-09,2.004967181277048e-07,1.3336943814819598e-05,True,False
406,0.00012419633065645036,1.656115268815463e-09,1.3247608603354705e-09,2.0003888991065606e-07,1.3334655380411995e-05,True,False
407,0.00012352199409561295,1.647347626603595e-09,1.3175679370198717e-09,1.989527584900006e-07,1.3336472088755753e-05,True,False
408,0.0001230896873828707,1.6418787749830458e-09,1.3129566654172875e-09,1.9825645647801043e-07,1.3338881671508181e-05,True,False
409,0.0001225796076156956,1.6349190495307112e-09,1.3075158145674198e-09,1.974348879996804e-07,1.3337610401368012e-05,True,False
410,0.00012159728522790882,1.6214925880971789e-09,1.297037709097694e-09,1.9585269407375182e-07,1.3334940702483845e-05,True,False
411,0.00012137519475467858,1.6185626085408835e-09,1.294668744049905e-09,1.9549498035153564e-07,1.3335200918213099e-05,True,False
412,0.00012078152200099773,1.610820282753238e-09,1.2883362346773092e-09,1.945387714362737e-07,1.3336645010483737e-05,True,False
413,0.00012039038389896412,1.6054980129058285e-09,1.284164094922284e-09,1.9390877833326488e-07,1.333576620416145e-05,True,False
414,0.00012004444522146941,1.6006555856659017e-09,1.2804740823623404e-09,1.933515864367134e-07,1.3333857994952286e-05,True,False
415,0.00011953606007610971,1.5942627823438308e-09,1.2750513074785036e-09,1.9253274742925404e-07,1.3337086577295161e-05,True,False
416,0.00011924647438134604,1.5901816435873796e-09,1.2719623934010246e-09,1.920663214035547e-07,1.333525080583963e-05,True,False
417,0.00011831793329896903,1.5778420588943793e-09,1.262057955189003e-09,1.9057075123353947e-07,1.333561206573347e-05,True,False
418,0.00011786090436376412,1.5717484157465342e-09,1.2571829798801507e-09,1.8983462996190275e-07,1.333562154669638e-05,True,False
419,0.00011766156571081627,1.5688740821936842e-09,1.2550567009153736e-09,1.895135618382214e-07,1.3333785528994217e-05,True,False
420,0.00011721732790040785,1.56345290374828e-09,1.2503181642710172e-09,1.887980428049236e-07,1.333806982084293e-05,True,False
421,0.00011675435830121487,1.5567901085565643e-09,1.2453798218796254e-09,1.8805235310382343e-07,1.3333892894517886e-05,True,False
422,0.00011663284436614989,1.5552175055573962e-09,1.2440836732389323e-09,1.8785663465907875e-07,1.333430144835569e-05,True,False
423,0.00011614483631259771,1.5486136965245488e-09,1.2388782540010423e-09,1.870706163541574e-07,1.33334700507609e-05,True,False
424,0.00011586232047931523,1.54516740189391e-09,1.2358647517793625e-09,1.8661557751868373e-07,1.333623731599409e-05,True,False
425,0.00011483180880944767,1.531400239541898e-09,1.224872627300775e-09,1.8495576672241704e-07,1.3336028191309861e-05,True,False
426,0.00011453545970952637,1.5273203536279178e-09,1.2217115702349481e-09,1.8447844710547715e-07,1.3334912676837009e-05,True,False
427,0.00011439029262817509,1.5252096152705052e-09,1.220163121367201e-09,1.8424463132644735e-07,1.333338328129109e-05,True,False
428,0.00011390015003656302,1.518744199429661e-09,1.214934933723339e-09,1.8345517499222418e-07,1.3333996477986463e-05,True,False
429,0.00011356107526776201,1.514347872633815e-09,1.2113181361894615e-09,1.8290903856460868e-07,1.333509628244698e-05,True,False
430,0.00011328338574126867,1.5111653158454416e-09,1.2083561145735327e-09,1.8246177330060342e-07,1.3339690599439158e-05,True,False
431,0.00011281428346642833,1.5042498283552164e-09,1.2033523569752356e-09,1.8170620590326056e-07,1.3333859704058276e-05,True,False
432,0.00011218367695015741,1.4968778236564656e-09,1.1966258874683458e-09,1.806905090077202e-07,1.3343098250572765e-05,True,False
433,0.00011187313673373515,1.4918178135650474e-09,1.1933134584931751e-09,1.8019033223246942e-07,1.3334906458515275e-05,True,False
434,0.00011152593200121819,1.4870157117580492e-09,1.1896099413463274e-09,1.7963110114329542e-07,1.3333362789040011e-05,True,False
435,0.00011118495989540388,1.4825575066715364e-09,1.1859729055509749e-09,1.7908190873819718e-07,1.3334155159710785e-05,True,False
436,0.00011116822413223103,1.4823629783957488e-09,1.1857943907437977e-09,1.7905495300231346e-07,1.3334412688220382e-05,True,False
437,0.00011055550356019139,1.474107475746153e-09,1.1792587046420416e-09,1.7806806440094826e-07,1.333364172995316e-05,True,False
438,0.0001102588883461191,1.470389635494235e-09,1.1760948090252706e-09,1.7759031616281585e-07,1.3335792311622647e-05,True,False
439,0.00010967644751102319,1.4623903768966458e-09,1.1698821067842475e-09,1.7665219812442135e-07,1.3333677467531634e-05,True,False
440,0.00010948476298795944,1.4600596953131543e-09,1.1678374718715676e-09,1.763434582526067e-07,1.333573417402131e-05,True,False
441,0.00010884345133500504,1.4515658164170851e-09,1.1609968142400539e-09,1.7531051895024812e-07,1.333627148545085e-05,True,False
442,0.00010864753454255505,1.4497459763945596e-09,1.1589070351205872e-09,1.7499496230320869e-07,1.3343569943841875e-05,True,False
443,0.00010821288803978788,1.4432181263759408e-09,1.1542708057577375e-09,1.7429489166941836e-07,1.3336841410658e-05,True,False
444,0.00010785582389494942,1.4382848151230846e-09,1.1504621215461272e-09,1.737197803534652e-07,1.3335254075143506e-05,True,False
445,0.00010759158046083297,1.4346180823899244e-09,1.1476435249155518e-09,1.7329417226224831e-07,1.3333925166311454e-05,True,False
446,0.0001070498999526388,1.4275009403966219e-09,1.1418655994948139e-09,1.724217055237169e-07,1.3334911485467798e-05,True,False
447,0.00010700527456216731,1.4267493541081829e-09,1.1413895953297848e-09,1.723498288947975e-07,1.333344884115295e-05,True,False
448,0.00010685703636589002,1.4249254772991458e-09,1.139808387902827e-09,1.7211106657332685e-07,1.3334877381589053e-05,True,False
449,0.00010577996363355932,1.4104397415859915e-09,1.1283196120912995e-09,1.7037626142578621e-07,1.3333713617750962e-05,True,False
450,0.00010544134251800663,1.4061886614378493e-09,1.124707653525404e-09,1.69830855682336e-07,1.333621734944914e-05,True,False
451,0.00010518509414725838,1.4025285151280153e-09,1.1219743375707561e-09,1.6941812497318417e-07,1.333390939560776e-05,True,False
452,0.00010454361833574687,1.3939910829460332e-09,1.1151319289146333e-09,1.6838492126610963e-07,1.3334061945982811e-05,True,False
453,0.00010430060139561904,1.3907743124188282e-09,1.1125397482199366e-09,1.679935019812104e-07,1.3334288525753843e-05,True,False
454,0.00010388505970000277,1.3851899093579948e-09,1.1081073034666961e-09,1.6732420282347113e-07,1.3333870273147255e-05,True,False
455,0.00010382097310664548,1.384500206132806e-09,1.1074237131375518e-09,1.6722098068377033e-07,1.3335457804952759e-05,True,False
456,0.00010336381294850647,1.3784200970476682e-09,1.1025473381174023e-09,1.6648464805572775e-07,1.3335615799451653e-05,True,False
457,0.00010300281896422926,1.373823760528793e-09,1.0986967356184455e-09,1.6590320707838529e-07,1.333772972762904e-05,True,False
458,0.00010263485306123411,1.3685720264197056e-09,1.0947717659864973e-09,1.6531053666396107e-07,1.3334378971665567e-05,True,False
459,0.00010189964693147785,1.3587588843161643e-09,1.0869295672690972e-09,1.6412636465763367e-07,1.3334284516509248e-05,True,False
460,0.00010154181116189163,1.354288698264474e-09,1.0831126523935108e-09,1.635500105114201e-07,1.3337251746527199e-05,True,False
461,0.00010139293872998561,1.3521569125419334e-09,1.0815246797865133e-09,1.633102266477635e-07,1.3335809470349743e-05,True,False
462,0.00010094107974254077,1.3459326334956163e-09,1.0767048505871017e-09,1.6258243243865234e-07,1.3333844228024284e-05,True,False
463,0.00010027236921148298,1.337296406324066e-09,1.0695719382558186e-09,1.6150536267662858e-07,1.3336639164310497e-05,True,False
464,0.00010004191056541238,1.3338986514890896e-09,1.0671137126977321e-09,1.6113417061735753e-07,1.3333398412227647e-05,True,False
465,9.992314977931779e-05,1.3323135767661572e-09,1.0658469309793899e-09,1.6094288657788786e-07,1.3333382501538407e-05,True,False
466,9.974644514850483e-05,1.3299784269547764e-09,1.0639620815840516e-09,1.606582743191918e-07,1.3333592239549727e-05,True,False
467,9.910654735518464e-05,1.321578270654796e-09,1.0571365051219696e-09,1.596276122734174e-07,1.3334923937148531e-05,True,False
468,9.881861522094816e-05,1.3177585832628111e-09,1.0540652290234472e-09,1.5916384958254052e-07,1.3335124969282759e-05,True,False
469,9.835123095620388e-05,1.3116231521412904e-09,1.0490797968661748e-09,1.5841104932679237e-07,1.3336113227961128e-05,True,False
470,9.816291817257843e-05,1.309013553204269e-09,1.04707112717417e-09,1.5810774020329965e-07,1.3335112459706183e-05,True,False
471,9.741659944524545e-05,1.299133479359541e-09,1.0391103940826182e-09,1.5690566950647534e-07,1.333585330177471e-05,True,False
472,9.723885126954945e-05,1.296577693383207e-09,1.0372144135418608e-09,1.56619376444821e-07,1.333394704333815e-05,True,False
473,9.697920993610573e-05,1.2930889814695165e-09,1.0344449059851279e-09,1.562011808037543e-07,1.3333672055293725e-05,True,False
474,9.685115727131084e-05,1.2918099986365558e-09,1.0330790108939823e-09,1.5599493064499134e-07,1.3338095641106134e-05,True,False
475,9.63983761183326e-05,1.2853623653994497e-09,1.0282493452622145e-09,1.5526565113459437e-07,1.3333859107975217e-05,True,False
476,9.60501915069314e-05,1.2807324399787401e-09,1.024535376073935e-09,1.5470484178716417e-07,1.3333991529692233e-05,True,False
477,9.548770235326858e-05,1.273264367131866e-09,1.0185354917681983e-09,1.5379885925699793e-07,1.3334328251205237e-05,True,False
478,9.530011401011409e-05,1.2707522106962546e-09,1.016534549441217e-09,1.5349671696562377e-07,1.3334215010082685e-05,True,False
479,9.519205851509464e-05,1.2694100282985743e-09,1.0153819574943429e-09,1.533226755816458e-07,1.3335251365504227e-05,True,False
480,9.51083109273017e-05,1.2682876086915426e-09,1.0144886498912182e-09,1.5318778613357395e-07,1.3335192227953543e-05,True,False
481,9.477819715489695e-05,1.263744596951057e-09,1.0109674363189007e-09,1.5265608288415403e-07,1.3333705798240778e-05,True,False
482,9.418644857542634e-05,1.2558281755650628e-09,1.0046554514712143e-09,1.5170297317215336e-07,1.3333427415084785e-05,True,False
483,9.371047639673148e-05,1.2495897051192175e-09,9.995784148984692e-10,1.5093634064966883e-07,1.3334578514241784e-05,True,False
484,9.337317207668152e-05,1.2450601039524235e-09,9.959805021512696e-10,1.503930558248417e-07,1.3334238049982214e-05,True,False
485,9.316186215761188e-05,1.242309103429913e-09,9.937265296811933e-10,1.500527059818602e-07,1.3334953538478718e-05,True,False
486,9.299357409967066e-05,1.2399277363285524e-09,9.919314570631538e-10,1.497816500165362e-07,1.333347759060853e-05,True,False
487,9.241439174383782e-05,1.23231969813197e-09,9.857535119342702e-10,1.488487803020748e-07,1.3334716323706594e-05,True,False
488,9.204387028589432e-05,1.2275115192944792e-09,9.818012830495394e-10,1.4825199374048046e-07,1.3336157155079939e-05,True,False
489,9.1667681693861e-05,1.222286138329922e-09,9.777886047345175e-10,1.4764607931491213e-07,1.3333882953557652e-05,True,False
490,9.14244565855119e-05,1.2190276952602445e-09,9.751942035787935e-10,1.4725432474039784e-07,1.3333715515388962e-05,True,False
491,9.118979460862136e-05,1.2159486792120114e-09,9.726911424919612e-10,1.4687636251628613e-07,1.3334262725678428e-05,True,False
492,9.105388821929932e-05,1.2140897616021546e-09,9.712414743391928e-10,1.4665746262521812e-07,1.3333749775496378e-05,True,False
493,9.058169110590233e-05,1.2078755539951233e-09,9.66204705129625e-10,1.4589691047457336e-07,1.3334654489757234e-05,True,False
494,9.019116910239786e-05,1.2025938136670071e-09,9.620391370922439e-10,1.4526790970092883e-07,1.3333831079422547e-05,True,False
495,9.008215277965793e-05,1.20134202927882e-09,9.608762963163513e-10,1.4509232074376903e-07,1.3336071488181656e-05,True,False
496,8.98922535182812e-05,1.1988575420282174e-09,9.588507041949994e-10,1.4478645633344492e-07,1.3336605715245623e-05,True,False
497,8.93888439576428e-05,1.1920339317738332e-09,9.534810022148565e-10,1.4397563133444334e-07,1.3335376977676123e-05,True,False
498,8.896684080011649e-05,1.1862374470588822e-09,9.489796352012426e-10,1.4329592491538764e-07,1.3333478365540985e-05,True,False
499,8.869134393584833e-05,1.1827351132877157e-09,9.460410019823823e-10,1.4285219129933972e-07,1.3335406374529676e-05,True,False
500,8.855842702885657e-05,1.1808935370407625e-09,9.446232216411367e-10,1.4263810646781166e-07,1.3334626377859792e-05,True,False
501,8.824657057987864e-05,1.1767847755451213e-09,9.41296752852039e-10,1.4213580968065788e-07,1.3335189886840129e-05,True,False
502,8.782434737888323e-05,1.1710483453956254e-09,9.36793038708088e-10,1.4145574884492127e-07,1.3333982891368414e-05,True,False
503,8.761129641063967e-05,1.1682001724177198e-09,9.345204950468232e-10,1.411125947520703e-07,1.3333898940865935e-05,True,False
504,8.729292951248779e-05,1.164089485144528e-09,9.311245814665364e-10,1.4059981180144701e-07,1.3335438410026071e-05,True,False
505,8.698350453161347e-05,1.1603799589078611e-09,9.278240483372104e-10,1.4010143129891877e-07,1.3340230025868068e-05,True,False
506,8.692423552570224e-05,1.1590979583830713e-09,9.271918456074906e-10,1.4000596868673107e-07,1.3334577536092829e-05,True,False
507,8.675933930115289e-05,1.1568049115813238e-09,9.254329525456308e-10,1.3974037583439026e-07,1.3333491482293385e-05,True,False
508,8.620505657455387e-05,1.1494522179268955e-09,9.195206034619081e-10,1.3884761112274812e-07,1.3333930323829662e-05,True,False
509,8.581264244328429e-05,1.1444107765972378e-09,9.153348527283658e-10,1.3821556276198324e-07,1.3336155885813764e-05,True,False
510,8.566785448813325e-05,1.142292488095083e-09,9.137904478734214e-10,1.3798235762888662e-07,1.3333968673784329e-05,True,False
511,8.515252990678759e-05,1.1354996922502037e-09,9.082936523390676e-10,1.3715234150319922e-07,1.3334890854014333e-05,True,False
512,8.494794285748608e-05,1.1326456143944358e-09,9.061113904798516e-10,1.3682281996245758e-07,1.3333408394534427e-05,True,False
513,8.480890322159767e-05,1.1309454197727009e-09,9.046283010303752e-10,1.3659887345558666e-07,1.3335220440448888e-05,True,False
514,8.472549659555012e-05,1.129734458403141e-09,9.037386303525347e-10,1.3646453318323273e-07,1.3334055317445917e-05,True,False
515,8.416016147008136e-05,1.1221434313105682e-09,8.977083890142013e-10,1.3555396674114439e-07,1.3333427737178074e-05,True,False
516,8.377395308816229e-05,1.1169870494525996e-09,8.935888329403978e-10,1.3493191377400008e-07,1.3333345369020621e-05,True,False
517,8.374388252412501e-05,1.1165880090111221e-09,8.932680802573335e-10,1.3488348011885736e-07,1.333336806649076e-05,True,False
518,8.340555753999988e-05,1.1122001449926096e-09,8.896592804266655e-10,1.3433855134442647e-07,1.3334844557081433e-05,True,False
519,8.306236461329053e-05,1.1075908574272849e-09,8.85998555875099e-10,1.3378578193713995e-07,1.3334448911776622e-05,True,False
520,8.285956084701788e-05,1.1048809869597732e-09,8.838353157015241e-10,1.3345913267093012e-07,1.3334381399868812e-05,True,False
521,8.278514094928417e-05,1.1038219086876377e-09,8.830415034590312e-10,1.3333926702231372e-07,1.3333575277281474e-05,True,False
522,8.26132619739042e-05,1.1015751987329733e-09,8.812081277216449e-10,1.3306242728596837e-07,1.333412060500574e-05,True,False
523,8.208901646250697e-05,1.0945929302159145e-09,8.756161756000744e-10,1.3221804251561124e-07,1.3334219087834422e-05,True,False
524,8.192420751750461e-05,1.092365606797275e-09,8.738582135200493e-10,1.3195259024152743e-07,1.3333856254439459e-05,True,False
525,8.18261122472411e-05,1.091031955635577e-09,8.728118639705717e-10,1.3179459145955632e-07,1.3333542626820365e-05,True,False
526,8.13477724552116e-05,1.0847717962407002e-09,8.677095728555905e-10,1.3102414550119415e-07,1.3334990787091964e-05,True,False
527,8.12415246562814e-05,1.0833347345394468e-09,8.665762630003349e-10,1.3085301571305056e-07,1.3334741551476853e-05,True,False
528,8.107724294540457e-05,1.081162079030624e-09,8.648239247509821e-10,1.305884126373983e-07,1.3334963545302743e-05,True,False
529,8.07243482346443e-05,1.0763278663136119e-09,8.610597145028725e-10,1.3002001688993374e-07,1.3333373261621289e-05,True,False
530,8.059559028310669e-05,1.0747656860764251e-09,8.596862963531381e-10,1.2981263074932384e-07,1.3335291450823984e-05,True,False
531,8.021094324100952e-05,1.0696159529260425e-09,8.555833945707682e-10,1.29193092580186e-07,1.333503771065466e-05,True,False
532,8.001666555640249e-05,1.0670296587634807e-09,8.535110992682932e-10,1.2888017598951228e-07,1.3335092775283773e-05,True,False
533,7.962808983565425e-05,1.061721515569049e-09,8.49366291580312e-10,1.282543100286271e-07,1.3333504768987348e-05,True,False
534,7.945857706581359e-05,1.0596548840069845e-09,8.475581553686783e-10,1.2798128146067044e-07,1.333594085292137e-05,True,False
535,7.91654257268045e-05,1.055541184803261e-09,8.444312077525814e-10,1.2750911237063977e-07,1.333336080886971e-05,True,False
536,7.899532860070956e-05,1.0532952475567345e-09,8.426168384075687e-10,1.2723514259954286e-07,1.333363967483102e-05,True,False
537,7.881786312390633e-05,1.0509052254198241e-09,8.407238733216676e-10,1.269493048715718e-07,1.3333338202378554e-05,True,False
538,7.860708780653845e-05,1.048121391731469e-09,8.384756032697436e-10,1.2660981609373128e-07,1.3333675384477066e-05,True,False
539,7.828837005279984e-05,1.0438870824689693e-09,8.35075947229865e-10,1.260964680317096e-07,1.3333871707444452e-05,True,False
540,7.793730301227981e-05,1.0391867674632708e-09,8.313312321309847e-10,1.255310160517787e-07,1.3333624943366803e-05,True,False
541,7.758074322319654e-05,1.0344571390300226e-09,8.275279277140965e-10,1.2495671708482855e-07,1.3333942110530352e-05,True,False
542,7.731479757593672e-05,1.0308738726844495e-09,8.246911741433251e-10,1.2452836729564208e-07,1.3333461446005212e-05,True,False
543,7.716035049314072e-05,1.0288717453662547e-09,8.230437385935011e-10,1.2427960452761867e-07,1.3334202589680015e-05,True,False
544,7.677119177589767e-05,1.0236299458706928e-09,8.188927122762418e-10,1.2365279955371252e-07,1.333351641666271e-05,True,False
545,7.657499910534983e-05,1.0210018709041166e-09,8.167999904570649e-10,1.233367985590168e-07,1.3333357921420928e-05,True,False
546,7.641936061751055e-05,1.0189747395739894e-09,8.151398465867792e-10,1.2308611683460366e-07,1.3333986719335415e-05,True,False
547,7.630685199668143e-05,1.0174256581583551e-09,8.139397546312687e-10,1.2290490294932156e-07,1.333334597792873e-05,True,False
548,7.599064682434679e-05,1.0132319365268243e-09,8.105668994596991e-10,1.2239560181841458e-07,1.3333640110590465e-05,True,False
549,7.590052864976799e-05,1.0120199094565099e-09,8.096056389308586e-10,1.2225045147855966e-07,1.333350277606536e-05,True,False
550,7.565145299868245e-05,1.008793277419689e-09,8.069488319859462e-10,1.2184927362987787e-07,1.3334750853195882e-05,True,False
551,7.520495732280746e-05,1.0027539536520707e-09,8.021862114432796e-10,1.211301179279352e-07,1.3333615088003845e-05,True,False
552,7.500300279412393e-05,1.0000783364889297e-09,8.000320298039886e-10,1.2080483650040228e-07,1.3333843969341456e-05,True,False
553,7.478103263172476e-05,9.970808199147673e-10,7.976643480717308e-10,1.2044731655883134e-07,1.3333338479358873e-05,True,False
554,7.455994384074207e-05,9.941607683460643e-10,7.953060676345821e-10,1.200912162128219e-07,1.3333711335265536e-05,True,False
555,7.42869907232803e-05,9.904979968876023e-10,7.923945677149898e-10,1.1965157972496346e-07,1.3333397775893442e-05,True,False
556,7.41130427546202e-05,9.882586154599327e-10,7.905391227159488e-10,1.1937140753010828e-07,1.3334476344898479e-05,True,False
557,7.357149668962289e-05,9.81035370334555e-10,7.847626313559776e-10,1.184991573347526e-07,1.333444899827528e-05,True,False
558,7.333539179786526e-05,9.778101938912017e-10,7.822441791772295e-10,1.1811887105576164e-07,1.3333401103062833e-05,True,False
559,7.325669594052197e-05,9.767934910018019e-10,7.814047566989011e-10,1.1799211826153406e-07,1.3333845847960066e-05,True,False
560,7.300344923940493e-05,9.734949541851489e-10,7.787034585536527e-10,1.1758422224160155e-07,1.333491724470037e-05,True,False
561,7.283519654515824e-05,9.71150816044129e-10,7.769087631483547e-10,1.1731322323540155e-07,1.3333537384525485e-05,True,False
562,7.269729173347082e-05,9.693087820178165e-10,7.754377784903555e-10,1.1709110455204367e-07,1.3333492333821475e-05,True,False
563,7.253462930147e-05,9.671361539498367e-10,7.737027125490134e-10,1.1682910959490102e-07,1.3333440361709224e-05,True,False
564,7.234563267222677e-05,9.646213367036115e-10,7.716867485037522e-10,1.1652469902406659e-07,1.3333511658872066e-05,True,False
565,7.210047214211087e-05,9.613555145038549e-10,7.690717028491826e-10,1.1612982713022657e-07,1.333355366396231e-05,True,False
566,7.167691386320029e-05,9.557348388410753e-10,7.645537478741365e-10,1.154476159289946e-07,1.3333928420316098e-05,True,False
567,7.161682300428588e-05,9.549190195931051e-10,7.639127787123828e-10,1.153508295855698e-07,1.3333724948060854e-05,True,False
568,7.149733308898617e-05,9.533180631069857e-10,7.626382196158526e-10,1.1515837116199373e-07,1.3333617100381607e-05,True,False
569,7.118103771986179e-05,9.49083886375885e-10,7.592644023451925e-10,1.1464892475412406e-07,1.3333380866278944e-05,True,False
570,7.093360937856167e-05,9.458613908672915e-10,7.566251667046578e-10,1.1425040017240333e-07,1.3334460196708389e-05,True,False
571,7.079135109659153e-05,9.438951589810836e-10,7.551077450303097e-10,1.1402126949957676e-07,1.3333481341430851e-05,True,False
572,7.06734621466236e-05,9.423284596776148e-10,7.538502628973184e-10,1.1383138969749508e-07,1.3333554506253012e-05,True,False
573,7.044710132787508e-05,9.394134693502677e-10,7.514357474973343e-10,1.1346679787209747e-07,1.3335019491831851e-05,True,False
574,7.026700923720337e-05,9.3690420986132e-10,7.49514765196836e-10,1.1317672954472222e-07,1.333348636909495e-05,True,False
575,7.002756046400654e-05,9.337292529677144e-10,7.469606449494032e-10,1.1279105738735988e-07,1.333373955598013e-05,True,False
576,6.987788590290916e-05,9.317491929958721e-10,7.453641162976977e-10,1.1254998156095236e-07,1.3333963684741091e-05,True,False
577,6.978489639274266e-05,9.304677347028595e-10,7.443722281892551e-10,1.1240020645657751e-07,1.3333368433568733e-05,True,False
578,6.94173408812967e-05,9.255840199362176e-10,7.404516360671648e-10,1.118081970461419e-07,1.3333613880701099e-05,True,False
579,6.916687163137585e-05,9.223082622933083e-10,7.377799640680092e-10,1.1140477457426937e-07,1.3334537771329907e-05,True,False
580,6.889430243132734e-05,9.18618233058355e-10,7.348725592674918e-10,1.1096575644939124e-07,1.3333732988646163e-05,True,False
581,6.858299866345045e-05,9.144676929729237e-10,7.315519857434716e-10,1.104643498472642e-07,1.3333737380897954e-05,True,False
582,6.83455974825475e-05,9.112758495177222e-10,7.290197064805066e-10,1.100819756785565e-07,1.3333351131364716e-05,True,False
583,6.819370946087635e-05,9.093044400489652e-10,7.273995675826811e-10,1.0983733470498485e-07,1.333413957442285e-05,True,False
584,6.812622490862535e-05,9.083824502404023e-10,7.266797323586704e-10,1.0972863958615923e-07,1.3333814569334716e-05,True,False
585,6.797383434331836e-05,9.063711403566244e-10,7.250542329953959e-10,1.0948318918230477e-07,1.3334118181104464e-05,True,False
586,6.758539179716307e-05,9.011452030788027e-10,7.209108458364061e-10,1.0885753772129732e-07,1.333343166498635e-05,True,False
587,6.745863535761727e-05,8.994502202478954e-10,7.195587771479176e-10,1.0865337534933555e-07,1.3333359257560664e-05,True,False
588,6.72674586249102e-05,8.969385629505428e-10,7.175195586657089e-10,1.0834545335852203e-07,1.3333914812390316e-05,True,False
589,6.694761527829559e-05,8.926606465189531e-10,7.141078963018197e-10,1.0783029234157476e-07,1.3333718352897829e-05,True,False
590,6.691166062418216e-05,8.921837938060298e-10,7.137243799912764e-10,1.0777238137868273e-07,1.3333756560266728e-05,True,False
591,6.675657478746629e-05,8.901140547125348e-10,7.120701310663071e-10,1.0752258979101238e-07,1.3333728663377377e-05,True,False
592,6.670020571964058e-05,8.893837997678087e-10,7.114688610094995e-10,1.0743179801243443e-07,1.3334048825968167e-05,True,False
593,6.655827258026086e-05,8.87467132272814e-10,7.099549075227825e-10,1.0720319103594017e-07,1.3333686375388435e-05,True,False
594,6.622679225306793e-05,8.83105301012866e-10,7.064191173660579e-10,1.0666928672227475e-07,1.333456250815102e-05,True,False
595,6.612038442257603e-05,8.816195955003812e-10,7.052841005074777e-10,1.0649789917662913e-07,1.333355217455999e-05,True,False
596,6.585162656730679e-05,8.780385415999804e-10,7.024173500512725e-10,1.0606501985774214e-07,1.3333589272886665e-05,True,False
597,6.561135190880938e-05,8.748192437613161e-10,6.998544203606334e-10,1.0567801747445564e-07,1.3333351901926862e-05,True,False
598,6.537459407054001e-05,8.716881829582714e-10,6.973290034190935e-10,1.052966795162831e-07,1.3333745246933525e-05,True,False
599,6.535651296161936e-05,8.71438209211755e-10,6.971361382572732e-10,1.0526755687684826e-07,1.3333609302618507e-05,True,False
600,6.514756199445532e-05,8.686676753955487e-10,6.949073279408567e-10,1.0493100651906937e-07,1.3333847788033582e-05,True,False
601,6.510326148513128e-05,8.680879603992645e-10,6.944347891747337e-10,1.0485965316538478e-07,1.3334016462409096e-05,True,False
602,6.495486969336645e-05,8.660985188568652e-10,6.928519433959088e-10,1.0462064345278224e-07,1.3333850455638986e-05,True,False
603,6.465109980981731e-05,8.620525377569426e-10,6.896117313047181e-10,1.0413137142701242e-07,1.3333919148983129e-05,True,False
604,6.444832107909075e-05,8.5935602304621e-10,6.874487581769681e-10,1.0380476248472218e-07,1.3334032735959271e-05,True,False
605,6.436750380442835e-05,8.582609033473239e-10,6.865867072472358e-10,1.036745927943326e-07,1.3333760867207613e-05,True,False
606,6.420583678488829e-05,8.56090841723209e-10,6.848622590388085e-10,1.0341420111486007e-07,1.3333536086312663e-05,True,False
607,6.390758148519612e-05,8.521288522919159e-10,6.816808691754253e-10,1.0293381124548922e-07,1.3333767801701391e-05,True,False
608,6.383903058680513e-05,8.512058943477844e-10,6.809496595925881e-10,1.028233985984808e-07,1.3333628135069456e-05,True,False
609,6.358891862201402e-05,8.478639024070496e-10,6.782817986348162e-10,1.0242055159385725e-07,1.333351660604471e-05,True,False
610,6.347508228749986e-05,8.463734520872647e-10,6.770675443999986e-10,1.0223719920439978e-07,1.3333948087751291e-05,True,False
611,6.310495428665532e-05,8.414312916848485e-10,6.731195123909902e-10,1.0164104637103951e-07,1.3333838859349025e-05,True,False
612,6.306712844296518e-05,8.409414197529079e-10,6.72716036724962e-10,1.0158012154546925e-07,1.3334068642643435e-05,True,False
613,6.287788549184642e-05,8.383825388758065e-10,6.706974452463619e-10,1.0127531423220064e-07,1.3333504018428265e-05,True,False
614,6.278920493910172e-05,8.372542473485454e-10,6.697515193504184e-10,1.0113247942191318e-07,1.3334366124886998e-05,True,False
615,6.259019509065329e-05,8.345862072882475e-10,6.676287476336351e-10,1.008119408926789e-07,1.333413653815049e-05,True,False
616,6.238330335061264e-05,8.318018110419987e-10,6.654219024065349e-10,1.0047870726338677e-07,1.3333724993160847e-05,True,False
617,6.220134012609474e-05,8.293868868918697e-10,6.634809613450106e-10,1.0018562516309659e-07,1.3333907038184937e-05,True,False
618,6.20328793477741e-05,8.271080839614443e-10,6.616840463762571e-10,9.991429100281482e-08,1.3333382113772914e-05,True,False
619,6.182082679690388e-05,8.242823917896532e-10,6.59422152500308e-10,9.957274502754652e-08,1.3333409378325155e-05,True,False
620,6.164087495110861e-05,8.21893164705639e-10,6.575026661451585e-10,9.928290258791893e-08,1.3333573953282395e-05,True,False
621,6.16223549953563e-05,8.21657968956619e-10,6.573051199504672e-10,9.925307311252055e-08,1.3333764492099287e-05,True,False
622,6.138599367147615e-05,8.185060613046272e-10,6.547839324957457e-10,9.88723738068576e-08,1.3333759255980853e-05,True,False
623,6.123547637667733e-05,8.16480022632433e-10,6.531784146845582e-10,9.862994061736829e-08,1.3333447715994328e-05,True,False
624,6.08922633239201e-05,8.11955030574796e-10,6.495174754551478e-10,9.807713879372731e-08,1.3334288894067736e-05,True,False
625,6.080932615205742e-05,8.107913273959466e-10,6.486328122886126e-10,9.794355465558049e-08,1.333333846470381e-05,True,False
626,6.05776108295094e-05,8.077267806960266e-10,6.461611821814336e-10,9.757033850939648e-08,1.333375102840067e-05,True,False
627,6.0514471140059214e-05,8.068695006671451e-10,6.454876921606317e-10,9.746864151625538e-08,1.3333496690397674e-05,True,False
628,6.0394789849854946e-05,8.052702960051368e-10,6.442110917317861e-10,9.72758748514997e-08,1.3333439821664863e-05,True,False
629,6.023350133069292e-05,8.031177584942431e-10,6.424906808607245e-10,9.70160928099694e-08,1.3333406505542156e-05,True,False
630,6.0102076571366985e-05,8.013675467018021e-10,6.410888167612479e-10,9.680441133094843e-08,1.3333441911116574e-05,True,False
631,6.003541228057728e-05,8.00500601181066e-10,6.403777309928244e-10,9.669703737991648e-08,1.3333807011100426e-05,True,False
632,5.981739631772608e-05,7.975971635823562e-10,6.380522273890782e-10,9.634588633575082e-08,1.3333866277726952e-05,True,False
633,5.963565171069645e-05,7.951450289860923e-10,6.361136182474288e-10,9.605315635536176e-08,1.3333383742387651e-05,True,False
634,5.946113391761039e-05,7.928167711909798e-10,6.342520951211775e-10,9.577206636329781e-08,1.3333361121056153e-05,True,False
635,5.9289706453076133e-05,7.90609592356935e-10,6.324235354994787e-10,9.54959538604213e-08,1.3334685557646503e-05,True,False
636,5.908499370498676e-05,7.878327248548714e-10,6.302399328531921e-10,9.5166229860832e-08,1.333388861457014e-05,True,False
637,5.904720160596304e-05,7.87310884706393e-10,6.298368171302725e-10,9.510535938667114e-08,1.3333585052181107e-05,True,False
638,5.888648184790969e-05,7.851588629112417e-10,6.2812247304437e-10,9.484649342969987e-08,1.3333431345739543e-05,True,False
639,5.859484649401784e-05,7.812869672926235e-10,6.250116959361903e-10,9.437676608636473e-08,1.333371472135161e-05,True,False
640,5.8498355083829366e-05,7.799867109092232e-10,6.239824542275133e-10,9.42213505883545e-08,1.3333481083211416e-05,True,False
641,5.839809413964608e-05,7.786609733943198e-10,6.229130041562249e-10,9.405986362758995e-08,1.3333670984746949e-05,True,False
642,5.826352914541237e-05,7.768920277392009e-10,6.214776442177319e-10,9.384312427687752e-08,1.3334105213576353e-05,True,False
643,5.818216736065177e-05,7.757739374907194e-10,6.206097851802856e-10,9.371207756222312e-08,1.3333534529264895e-05,True,False
644,5.8100751738510636e-05,7.746958219538524e-10,6.197413518774469e-10,9.358094413349446e-08,1.3333662625235271e-05,True,False
645,5.7802683465711306e-05,7.70714619561018e-10,6.165619569675873e-10,9.310085550210568e-08,1.333354393517401e-05,True,False
646,5.76820985889879e-05,7.690966956079504e-10,6.152757182825376e-10,9.290663346066317e-08,1.3333368834031618e-05,True,False
647,5.749771260829607e-05,7.666375144351982e-10,6.133089344884915e-10,9.260964910776221e-08,1.3333356748605401e-05,True,False
648,5.744103761158459e-05,7.659094570292063e-10,6.127044011902357e-10,9.251836457972558e-08,1.3333837424878608e-05,True,False
649,5.737582813800771e-05,7.650143535328388e-10,6.120088334720823e-10,9.241333385428442e-08,1.3333391052635058e-05,True,False
650,5.7228205506958844e-05,7.630449555550616e-10,6.104341920742277e-10,9.217556300320838e-08,1.333337204610193e-05,True,False
651,5.70954812181046e-05,7.61299683518935e-10,6.090184663264491e-10,9.196178841529381e-08,1.3333799230288856e-05,True,False
652,5.6886368994113636e-05,7.584855498031603e-10,6.067879359372121e-10,9.162497832651903e-08,1.333334440596209e-05,True,False
653,5.6824575226499994e-05,7.576860945817413e-10,6.06128802416e-10,9.1525449164816e-08,1.3333774895133687e-05,True,False
654,5.6605805003320254e-05,7.547489005314458e-10,6.037952533687495e-10,9.117308325868116e-08,1.3333418727764326e-05,True,False
655,5.627654527930206e-05,7.503685235663142e-10,6.002831496458886e-10,9.064275559652918e-08,1.333359252673053e-05,True,False
656,5.6246011048085064e-05,7.499703775257837e-10,5.99957451179574e-10,9.059357512811568e-08,1.3333752270621099e-05,True,False
657,5.6162076588013955e-05,7.488536067656122e-10,5.990621502721489e-10,9.045838469109448e-08,1.3333794835596084e-05,True,False
658,5.586750477510456e-05,7.449162738168691e-10,5.959200509344486e-10,8.998392769110175e-08,1.3333623486775366e-05,True,False
659,5.576288667394937e-05,7.435104372589623e-10,5.948041245221266e-10,8.981542280284112e-08,1.3333428048772564e-05,True,False
660,5.54809459205621e-05,7.397485135423425e-10,5.917967564859957e-10,8.936131022938535e-08,1.3333379618320102e-05,True,False
661,5.5425475155141604e-05,7.390108079748331e-10,5.912050683215105e-10,8.927196531654808e-08,1.3333414028590028e-05,True,False
662,5.523327480898622e-05,7.364618219735412e-10,5.891549312958531e-10,8.89623946256738e-08,1.3333662081787733e-05,True,False
663,5.519393627034046e-05,7.3592626917032e-10,5.887353202169649e-10,8.88990333527617e-08,1.3333462313065437e-05,True,False
664,5.5048992436804665e-05,7.34013699148396e-10,5.871892526592498e-10,8.866557715154671e-08,1.3333826227446971e-05,True,False
665,5.492118025435791e-05,7.32290040818848e-10,5.858259227131511e-10,8.845971432968581e-08,1.3333472394937142e-05,True,False
666,5.481868759977439e-05,7.309431754423512e-10,5.847326677309269e-10,8.829463282736995e-08,1.3333832082571774e-05,True,False
667,5.4710089063718636e-05,7.294966091882526e-10,5.835742833463322e-10,8.811971678529616e-08,1.3333858922047035e-05,True,False
668,5.451435351991852e-05,7.268757718748553e-10,5.814864375457976e-10,8.780445206941543e-08,1.3333658476006114e-05,True,False
669,5.436445798022926e-05,7.248598585283366e-10,5.798875517891121e-10,8.756302032015592e-08,1.3333341036747698e-05,True,False
670,5.417293349815771e-05,7.223131919909016e-10,5.778446239803489e-10,8.725453822103269e-08,1.333347015471233e-05,True,False
671,5.405892038207795e-05,7.208121062410601e-10,5.766284840754982e-10,8.707090109540022e-08,1.3333823560413345e-05,True,False
672,5.3961457498033734e-05,7.194989222157561e-10,5.755888799790266e-10,8.6913920876833e-08,1.333357095185899e-05,True,False
673,5.3734831603167104e-05,7.164888700293909e-10,5.731715371004492e-10,8.654890210216782e-08,1.3333788320407825e-05,True,False
674,5.3626835757306295e-05,7.150438235313442e-10,5.720195814112672e-10,8.637495679310134e-08,1.3333694099859775e-05,True,False
675,5.347191480561996e-05,7.129662574199925e-10,5.703670912599462e-10,8.612543078025189e-08,1.3333471599282601e-05,True,False
676,5.3353374576915515e-05,7.113956691637424e-10,5.691026621537655e-10,8.593450198521859e-08,1.3333658363786854e-05,True,False
677,5.325970523963492e-05,7.10139329571888e-10,5.681035225561059e-10,8.578363190597198e-08,1.333351971019575e-05,True,False
678,5.319626900597352e-05,7.09328714925128e-10,5.674268693970509e-10,8.568145727895469e-08,1.3334181666866073e-05,True,False
679,5.294539109233875e-05,7.059400541888832e-10,5.6475083831828e-10,8.527737658606029e-08,1.333336178323241e-05,True,False
680,5.287648367414176e-05,7.050277178766306e-10,5.640158258575122e-10,8.516638970448433e-08,1.3333483410535694e-05,True,False
681,5.2690855430683874e-05,7.02559698442282e-10,5.62035791260628e-10,8.486740448035483e-08,1.333361724154425e-05,True,False
682,5.257064957169266e-05,7.010024112685053e-10,5.607535954313884e-10,8.467379291013965e-08,1.3334482586381604e-05,True,False
683,5.243976668372832e-05,6.991977907332241e-10,5.593575112931021e-10,8.446298420525843e-08,1.3333350526713538e-05,True,False
684,5.240313184263373e-05,6.987336170096846e-10,5.589667396547598e-10,8.440397768786872e-08,1.333381407637958e-05,True,False
685,5.2291023114323164e-05,6.972254081623376e-10,5.577709132194471e-10,8.422340789613651e-08,1.3333558355475337e-05,True,False
686,5.216588063874624e-05,6.955516835109432e-10,5.564360601466266e-10,8.402184508214061e-08,1.3333460012449627e-05,True,False
687,5.1912383418806647e-05,6.921715268439141e-10,5.537320898006043e-10,8.361354555989124e-08,1.3333456899094262e-05,True,False
688,5.182924732527017e-05,6.910697138931688e-10,5.528453048028818e-10,8.347964102523516e-08,1.333358575624591e-05,True,False
689,5.1797812848547354e-05,6.90640390808261e-10,5.525100037178385e-10,8.342901056139361e-08,1.3333389053079096e-05,True,False
690,5.1549826798063543e-05,6.873397237262047e-10,5.498648191793445e-10,8.302958769608102e-08,1.3333502097276192e-05,True,False
691,5.150381016271924e-05,6.867321919123435e-10,5.493739750690052e-10,8.295547023541979e-08,1.333361919715662e-05,True,False
692,5.1433788261225296e-05,6.857883134420204e-10,5.486270747864031e-10,8.284268829274688e-08,1.3333420240387384e-05,True,False
693,5.1320691940481e-05,6.842800648284993e-10,5.474207140317973e-10,8.26605278188014e-08,1.3333414631706269e-05,True,False
694,5.1199569271902135e-05,6.826669820338507e-10,5.461287389002895e-10,8.246543957394371e-08,1.3333451662619595e-05,True,False
695,5.09781365549507e-05,6.797127931570069e-10,5.437667899194742e-10,8.21087852778406e-08,1.3333417796162993e-05,True,False
696,5.086953640064495e-05,6.783110608539046e-10,5.426083882735462e-10,8.193386662930546e-08,1.3334327553362658e-05,True,False
697,5.082483944322135e-05,6.776901786609507e-10,5.421316207276944e-10,8.186187472988186e-08,1.3333838061958425e-05,True,False
698,5.067707839377107e-05,6.757077506314658e-10,5.405555028668914e-10,8.162388093290061e-08,1.3333597201106996e-05,True,False
699,5.0651549268247937e-05,6.75356700873665e-10,5.402831921946446e-10,8.158276202139135e-08,1.3333386848584068e-05,True,False
700,5.0519577604655364e-05,6.736316725633938e-10,5.388754944496573e-10,8.137019966189824e-08,1.3334071750063857e-05,True,False
701,5.042234555779896e-05,6.722992059607983e-10,5.378383526165223e-10,8.121359124509486e-08,1.333335842518758e-05,True,False
702,5.033436643675212e-05,6.711340918584974e-10,5.368999086586893e-10,8.107188620746208e-08,1.333351623093963e-05,True,False
703,5.0204977105094625e-05,6.69428489205653e-10,5.35519755787676e-10,8.086348312393908e-08,1.333390687151059e-05,True,False
704,5.01025479826564e-05,6.680397855356415e-10,5.344271784816682e-10,8.06985039507319e-08,1.3333449344071115e-05,True,False
705,4.989213957772555e-05,6.652326665695511e-10,5.321828221624059e-10,8.035960614652328e-08,1.3333416289618207e-05,True,False
706,4.968933825116025e-05,6.625471739810458e-10,5.30019608012376e-10,8.003296080986877e-08,1.333378944658365e-05,True,False
707,4.959282603477473e-05,6.612593370023752e-10,5.289901443709305e-10,7.98775118000105e-08,1.3333770020258515e-05,True,False
708,4.954857057344666e-05,6.60654788690874e-10,5.285180861167643e-10,7.980623100363143e-08,1.3333478262739681e-05,True,False
709,4.947907284537465e-05,6.597311976643141e-10,5.277767770173296e-10,7.969429332961677e-08,1.3333540014503049e-05,True,False
710,4.940163039633079e-05,6.5871810877874e-10,5.269507242275284e-10,7.956955935835679e-08,1.3333934598799497e-05,True,False
711,4.915331151377863e-05,6.5540248809134e-10,5.243019894803054e-10,7.916960041152612e-08,1.3333841971310885e-05,True,False
712,4.912600347164249e-05,6.5501964970494e-10,5.240107036975199e-10,7.912561625832551e-08,1.3333460966004363e-05,True,False
713,4.894634762745752e-05,6.526225286040473e-10,5.220943746928803e-10,7.883625057862492e-08,1.3333426501427951e-05,True,False
714,4.890268031696423e-05,6.520403566241733e-10,5.216285900476184e-10,7.876591709719038e-08,1.3333427787555888e-05,True,False
715,4.8789930290344206e-05,6.505488799108392e-10,5.204259230970049e-10,7.858431438764774e-08,1.3333671026777146e-05,True,False
716,4.8630312808428384e-05,6.48422433154103e-10,5.187233366232361e-10,7.832722383010866e-08,1.3333708868138751e-05,True,False
717,4.8518534426155245e-05,6.469331589832464e-10,5.175310338789894e-10,7.814718611572739e-08,1.3333732492845031e-05,True,False
718,4.8457783487863495e-05,6.461046858571838e-10,5.16883023870544e-10,7.804933660445214e-08,1.3333352030412288e-05,True,False
719,4.82027100465506e-05,6.427392156724233e-10,5.141622404965397e-10,7.76384983149775e-08,1.33340887898567e-05,True,False
720,4.807315947814111e-05,6.409912178457861e-10,5.127803677668385e-10,7.742983553279261e-08,1.3333661128248605e-05,True,False
721,4.7969635911550144e-05,6.396056803637434e-10,5.116761163898683e-10,7.72630935748701e-08,1.3333552948850691e-05,True,False
722,4.788808373545355e-05,6.385132147877898e-10,5.108062265115045e-10,7.713174020323718e-08,1.3333446757132856e-05,True,False
723,4.764873789272595e-05,6.353208099482129e-10,5.082532041890768e-10,7.674623383255059e-08,1.33334236759543e-05,True,False
724,4.7578049767639355e-05,6.34418570184e-10,5.074991975214865e-10,7.663237882574446e-08,1.3334270178840024e-05,True,False
725,4.744717200080356e-05,6.326386012712159e-10,5.061031680085714e-10,7.642157836929427e-08,1.3333536533231139e-05,True,False
726,4.743637182659849e-05,6.324974262115493e-10,5.059879661503839e-10,7.640418288870796e-08,1.3333596180661012e-05,True,False
727,4.735547392587455e-05,6.314087895402774e-10,5.051250552093285e-10,7.62738833366086e-08,1.3333385503196962e-05,True,False
728,4.713792640540531e-05,6.285084468053509e-10,5.028045483243233e-10,7.592348679697282e-08,1.3333391914610817e-05,True,False
729,4.7026525723349436e-05,6.270294211775292e-10,5.01616274382394e-10,7.57440574317415e-08,1.3333526377565222e-05,True,False
730,4.694168528893912e-05,6.259027413364618e-10,5.00711309748684e-10,7.560740777205128e-08,1.3333623142924174e-05,True,False
731,4.683474897604892e-05,6.244638554669607e-10,4.995706557445218e-10,7.54351690174228e-08,1.3333344773264584e-05,True,False
732,4.675342299188331e-05,6.233930795461695e-10,4.987031785800887e-10,7.530417996559339e-08,1.3333635050729748e-05,True,False
733,4.6667176455727e-05,6.222417296954145e-10,4.977832155277547e-10,7.516526554469096e-08,1.3333605693623508e-05,True,False
734,4.655528634846948e-05,6.207424094030059e-10,4.965897210503412e-10,7.498504787860151e-08,1.3333446276255434e-05,True,False
735,4.6448487612692065e-05,6.193252172246295e-10,4.95450534535382e-10,7.48130307148427e-08,1.3333592740173497e-05,True,False
736,4.618680282565829e-05,6.158565356362526e-10,4.926592301403551e-10,7.439154375119362e-08,1.3334036953389724e-05,True,False
737,4.61241582758379e-05,6.149902184170865e-10,4.919910216089376e-10,7.429064426294958e-08,1.3333364583896345e-05,True,False
738,4.6003684825053754e-05,6.134111488232455e-10,4.9070597146724e-10,7.409660169155325e-08,1.3333956859237932e-05,True,False
739,4.589589160347166e-05,6.119593630870857e-10,4.895561771036978e-10,7.392298274265836e-08,1.3333641459114737e-05,True,False
740,4.580676960861995e-05,6.107619760643324e-10,4.886055424919461e-10,7.377943691628387e-08,1.3333443534280549e-05,True,False
741,4.573078927751236e-05,6.097522280862464e-10,4.877950856267985e-10,7.365705792964658e-08,1.3333516384028075e-05,True,False
742,4.563868214395042e-05,6.085242252251771e-10,4.868126095354712e-10,7.350870403985615e-08,1.3333518774836912e-05,True,False
743,4.556766797496949e-05,6.075716069460767e-10,4.860551250663413e-10,7.339432388501753e-08,1.3333392599327626e-05,True,False
744,4.542655100550768e-05,6.056916442992664e-10,4.84549877392082e-10,7.316703148620438e-08,1.3333427937899802e-05,True,False
745,4.5290911887088106e-05,6.038794992360463e-10,4.831030601289398e-10,7.294856207946991e-08,1.3333348216559206e-05,True,False
746,4.525457051432265e-05,6.034008572581113e-10,4.827154188194417e-10,7.289002824173568e-08,1.3333478815518548e-05,True,False
747,4.519255862186951e-05,6.025706124940838e-10,4.820539586332748e-10,7.279014775362449e-08,1.3333403349340101e-05,True,False
748,4.510876934095767e-05,6.014545820554736e-10,4.811602063035485e-10,7.265519115183582e-08,1.3333429194428662e-05,True,False
749,4.495093792134103e-05,5.993475696171573e-10,4.79476671160971e-10,7.240097734530662e-08,1.3333371834553186e-05,True,False
750,4.4865973496680726e-05,5.982266019719435e-10,4.785703839645944e-10,7.226412797865376e-08,1.3333636949083508e-05,True,False
751,4.479386302453566e-05,5.972530241608997e-10,4.778012055950471e-10,7.214798204485211e-08,1.3333367203309898e-05,True,False
752,4.472911464048872e-05,5.963950696709555e-10,4.77110556165213e-10,7.204369398094717e-08,1.333348702437986e-05,True,False
753,4.463835108833555e-05,5.951840990032318e-10,4.761424116089126e-10,7.18975041529458e-08,1.3333469639714344e-05,True,False
754,4.46126447847072e-05,5.948429491679788e-10,4.758682110368768e-10,7.185609986656839e-08,1.3333505602247672e-05,True,False
755,4.440183329004955e-05,5.920330353489405e-10,4.736195550938619e-10,7.151655281917314e-08,1.3333526827182046e-05,True,False
756,4.4373578843108885e-05,5.91653138406007e-10,4.733181743264948e-10,7.147104432330072e-08,1.3333455489310602e-05,True,False
757,4.421216952525853e-05,5.895033429928858e-10,4.71596474936091e-10,7.121106771534974e-08,1.333350860911951e-05,True,False
758,4.41066425033316e-05,5.880977761100542e-10,4.704708533688705e-10,7.104109885869943e-08,1.3333542131791877e-05,True,False
759,4.392806432091761e-05,5.857181751894096e-10,4.685660194231212e-10,7.075346893289129e-08,1.3333575795883706e-05,True,False
760,4.378432220927142e-05,5.837941060522245e-10,4.670327702322285e-10,7.052194830506651e-08,1.3333405123000965e-05,True,False
761,4.371463262167114e-05,5.828695992238495e-10,4.662894146311589e-10,7.040970160930499e-08,1.3333512470945416e-05,True,False
762,4.355468694637119e-05,5.80744904157031e-10,4.645833274279594e-10,7.015208244162187e-08,1.3333694829952542e-05,True,False
763,4.3388676275746095e-05,5.785172542233438e-10,4.628125469412917e-10,6.988469458813505e-08,1.333336953049038e-05,True,False
764,4.335133111942008e-05,5.780215860541902e-10,4.624141986071476e-10,6.982454398967928e-08,1.3333421861070698e-05,True,False
765,4.3292074416818395e-05,5.772310554279121e-10,4.617821271127296e-10,6.972910119402216e-08,1.3333411789656943e-05,True,False
766,4.3190676882785355e-05,5.758807166653554e-10,4.6070055341637715e-10,6.956578356587294e-08,1.3333449675452669e-05,True,False
767,4.309360927907916e-05,5.746082282056978e-10,4.596651656435111e-10,6.940944001217017e-08,1.3333954565849172e-05,True,False
768,4.301560227969878e-05,5.735485497616701e-10,4.5883309098345366e-10,6.92837967385015e-08,1.3333500389749431e-05,True,False
769,4.299277040721264e-05,5.732415544742587e-10,4.585895510102682e-10,6.92470222025505e-08,1.3333440693509934e-05,True,False
770,4.286229396553287e-05,5.715007964165984e-10,4.571978022990173e-10,6.903686814715162e-08,1.3333416006062647e-05,True,False
771,4.2778812287252803e-05,5.703860678424624e-10,4.563073310640299e-10,6.890240699066851e-08,1.3333377841638339e-05,True,False
772,4.265320423384506e-05,5.687094293317797e-10,4.5496751182768064e-10,6.870009428597977e-08,1.3333334260512887e-05,True,False
773,4.259937608098982e-05,5.680004049901499e-10,4.5439334486389144e-10,6.86133950744476e-08,1.3333538122959102e-05,True,False
774,4.248648213276535e-05,5.664889457775052e-10,4.5318914274949713e-10,6.843156055517407e-08,1.333339258372328e-05,True,False
775,4.2388107780222655e-05,5.651787948545062e-10,4.5213981632237503e-10,6.827311226467862e-08,1.3333428276272478e-05,True,False
776,4.227052718513535e-05,5.636074878744654e-10,4.508856233081104e-10,6.808372911952467e-08,1.3333344185796218e-05,True,False
777,4.220463105339932e-05,5.627361799308432e-10,4.5018273123625943e-10,6.797759241667518e-08,1.3333517338863652e-05,True,False
778,4.213951175128453e-05,5.618711486419471e-10,4.49488125347035e-10,6.787270692740229e-08,1.3333594180165594e-05,True,False
779,4.203453952763992e-05,5.604606724995182e-10,4.483684216281592e-10,6.770363166585204e-08,1.333333679392362e-05,True,False
780,4.194999634047243e-05,5.593352861432529e-10,4.474666276317059e-10,6.756746077238759e-08,1.3333381047368974e-05,True,False
781,4.188754424030468e-05,5.585027235639012e-10,4.4680047189658325e-10,6.746687125638407e-08,1.333338427194076e-05,True,False
782,4.1834265083225146e-05,5.577933844835235e-10,4.462321608877349e-10,6.738105629404797e-08,1.3333409428224652e-05,True,False
783,4.170672947095279e-05,5.560902327019089e-10,4.448717810234964e-10,6.717563893454796e-08,1.3333345475799186e-05,True,False
784,4.161830661808145e-05,5.549136617428682e-10,4.439286039262022e-10,6.703321919285653e-08,1.3333403178441212e-05,True,False
785,4.143380550839756e-05,5.524530390530512e-10,4.41960592089574e-10,6.673604940552567e-08,1.3333388818004739e-05,True,False
786,4.141590512447167e-05,5.522127064297338e-10,4.417696546610312e-10,6.67072178538157e-08,1.3333348740540851e-05,True,False
787,4.129616434395396e-05,5.506238998707856e-10,4.4049241966884225e-10,6.651435536999517e-08,1.3333536143566823e-05,True,False
788,4.125797069206349e-05,5.501063925722236e-10,4.400850207153439e-10,6.645283812801692e-08,1.3333336161345516e-05,True,False
789,4.1084929656896185e-05,5.47801459865023e-10,4.382392496735593e-10,6.617412670070745e-08,1.3333391694710459e-05,True,False
790,4.104521007229394e-05,5.472832970557291e-10,4.3781557410446876e-10,6.611015168977478e-08,1.3333670264856374e-05,True,False
791,4.102483357338752e-05,5.47008059572679e-10,4.3759822478280023e-10,6.607733194220283e-08,1.3333583878997593e-05,True,False
792,4.0915638985519564e-05,5.455452427108786e-10,4.364334825122087e-10,6.590145585934351e-08,1.3333416176243815e-05,True,False
793,4.075294963786508e-05,5.433730580153208e-10,4.346981294705609e-10,6.563941755005469e-08,1.3333343054767566e-05,True,False
794,4.071749588256432e-05,5.429102115216751e-10,4.3431995608068615e-10,6.55823133681836e-08,1.3333585471157502e-05,True,False
795,4.054148455348888e-05,5.4056063574536e-10,4.324425019038814e-10,6.52988177874861e-08,1.3333518535369986e-05,True,False
796,4.046700169731936e-05,5.395818646121583e-10,4.3164801810473987e-10,6.517885073381572e-08,1.3333873081283945e-05,True,False
797,4.0413990668657955e-05,5.388542267249717e-10,4.3108256713235155e-10,6.509346763698508e-08,1.3333358517917074e-05,True,False
798,4.0333348018879484e-05,5.377824429089727e-10,4.3022237886804784e-10,6.496357920907523e-08,1.3333444142976778e-05,True,False
799,4.024845520740272e-05,5.366527505883801e-10,4.2931685554562903e-10,6.482684518738998e-08,1.333349933116628e-05,True,False
800,4.017780351074549e-05,5.357066232551974e-10,4.285632374479519e-10,6.471304885464073e-08,1.3333397459418695e-05,True,False
801,4.006782011620254e-05,5.342485102567615e-10,4.273900812394938e-10,6.453590226716357e-08,1.3333605589407225e-05,True,False
802,3.999961585108174e-05,5.333330317251047e-10,4.2666256907820525e-10,6.442604793080899e-08,1.3333453843924387e-05,True,False
803,3.990092381762712e-05,5.320154324706303e-10,4.2560985405468933e-10,6.426708796225808e-08,1.333341139925188e-05,True,False
804,3.9856107505876264e-05,5.314252540256142e-10,4.251318133960135e-10,6.419490382279804e-08,1.3333596461903923e-05,True,False
805,3.9710389265161586e-05,5.294731361019468e-10,4.2357748549505696e-10,6.396020030975359e-08,1.3333365547399963e-05,True,False
806,3.956869168049586e-05,5.275889805750112e-10,4.220660445919559e-10,6.373197273338534e-08,1.3333495705016437e-05,True,False
807,3.9542678402534e-05,5.272438829064554e-10,4.2178856962702937e-10,6.369007401368144e-08,1.3333539967607966e-05,True,False
808,3.948694267061989e-05,5.264973383399344e-10,4.2119405515327883e-10,6.36003023281451e-08,1.3333454117522062e-05,True,False
809,3.941033121609842e-05,5.25472850769016e-10,4.203768663050499e-10,6.347690681206253e-08,1.3333378191817114e-05,True,False
810,3.9223832139434325e-05,5.229971318768778e-10,4.1838754282063284e-10,6.317651896591555e-08,1.3333657201512292e-05,True,False
811,3.9173630844958776e-05,5.223171404056215e-10,4.1785206234622696e-10,6.309566141428027e-08,1.3333385982852752e-05,True,False
812,3.913244890698258e-05,5.217735745214246e-10,4.174127883411476e-10,6.302933103951328e-08,1.333352726688981e-05,True,False
813,3.90063843311463e-05,5.200897794656606e-10,4.1606809953222725e-10,6.28262830293663e-08,1.3333452674063228e-05,True,False
814,3.8975280002939555e-05,5.196738110008312e-10,4.1573632003135526e-10,6.277618432473464e-08,1.3333420849359821e-05,True,False
815,3.8893789136643315e-05,5.185900179146518e-10,4.1486708412419536e-10,6.26449297027535e-08,1.3333491784323694e-05,True,False
816,3.8777920387368375e-05,5.170452404591904e-10,4.1363115079859604e-10,6.2458303770588e-08,1.3333495847487843e-05,True,False
817,3.864834473757508e-05,5.153161394463744e-10,4.1224901053413423e-10,6.224960059065427e-08,1.333345950377452e-05,True,False
818,3.8614700988289916e-05,5.148714369470724e-10,4.1189014387509246e-10,6.219541172513895e-08,1.3333560114921245e-05,True,False
819,3.848144825533602e-05,5.130891252931446e-10,4.104687813902509e-10,6.198078598992789e-08,1.3333415153417394e-05,True,False
820,3.838395251564393e-05,5.118231740397528e-10,4.0942882683353526e-10,6.182375285186383e-08,1.3334300938162946e-05,True,False
821,3.826982789973182e-05,5.1026505130452e-10,4.082114975971394e-10,6.163993613716805e-08,1.3333351083820676e-05,True,False
822,3.819803492161453e-05,5.093105399373891e-10,4.07445705830555e-10,6.152430158041381e-08,1.3333422543398782e-05,True,False
823,3.807551324588626e-05,5.076777518442783e-10,4.0613880795612013e-10,6.132696000137413e-08,1.3333444740869741e-05,True,False
824,3.80100135715265e-05,5.06800431008801e-10,4.054401447629494e-10,6.122146185920535e-08,1.3333339911997503e-05,True,False
825,3.7912754559342965e-05,5.055045704203704e-10,4.0440271529965834e-10,6.106481001024841e-08,1.3333364359720397e-05,True,False
826,3.786057337217171e-05,5.048080878237242e-10,4.038461159698316e-10,6.098076351144456e-08,1.3333345030499945e-05,True,False
827,3.778509627014342e-05,5.038034747763115e-10,4.0304102688152984e-10,6.0859195059111e-08,1.333339132377442e-05,True,False
828,3.7728752832671984e-05,5.030506590729032e-10,4.0244003021516786e-10,6.076844456249035e-08,1.3333349800984574e-05,True,False
829,3.7593622634600823e-05,5.012494281394461e-10,4.0099864143574215e-10,6.055079485679706e-08,1.3333363294392935e-05,True,False
830,3.753432306875102e-05,5.00458663967544e-10,4.003661127333443e-10,6.045528302273498e-08,1.3333360589742403e-05,True,False
831,3.743553777947502e-05,4.991420963810353e-10,3.9931240298106693e-10,6.02961728501411e-08,1.333337587725807e-05,True,False
832,3.738132110284472e-05,4.984191409422367e-10,3.98734091763677e-10,6.020884785631523e-08,1.3333374162217798e-05,True,False
833,3.732741772371786e-05,4.97704979241538e-10,3.981591223863239e-10,6.012202748033491e-08,1.3333496116054553e-05,True,False
834,3.7241450476669725e-05,4.965553983517579e-10,3.972421384178104e-10,5.998356290108937e-08,1.3333406513337335e-05,True,False
835,3.715629236743103e-05,4.954215606828893e-10,3.9633378525259767e-10,5.984640157314224e-08,1.3333449844343083e-05,True,False
836,3.708631845409249e-05,4.944877540605473e-10,3.955873968436533e-10,5.973369692339165e-08,1.3333427923633126e-05,True,False
837,3.697733889853993e-05,4.930338647791812e-10,3.944249482510926e-10,5.9558167185914984e-08,1.333340579569529e-05,True,False
838,3.6850255366480364e-05,4.913397545596626e-10,3.930693905757906e-10,5.9353477976944374e-08,1.3333415187309498e-05,True,False
839,3.681077835606943e-05,4.908119062725011e-10,3.926483024647406e-10,5.928989367217583e-08,1.3333374848119046e-05,True,False
840,3.678277099625949e-05,4.904407788842369e-10,3.9234955729343464e-10,5.9244783151308625e-08,1.3333437519813577e-05,True,False
841,3.66831332610234e-05,4.891117494635293e-10,3.912867547842496e-10,5.908429997242169e-08,1.333342345603888e-05,True,False
842,3.662930789453364e-05,4.883914249584256e-10,3.9071261754169214e-10,5.899760524879551e-08,1.333335116144279e-05,True,False
843,3.6556287451087917e-05,4.874240519953735e-10,3.8993373281160447e-10,5.887999365455227e-08,1.333352169985926e-05,True,False
844,3.6465827179240425e-05,4.86216719997691e-10,3.8896882324523124e-10,5.873429231002991e-08,1.3333489395641314e-05,True,False
845,3.6418704778507855e-05,4.855844340006607e-10,3.884661843040838e-10,5.865839382991665e-08,1.333338011205779e-05,True,False
846,3.6262246260587395e-05,4.835016734783222e-10,3.8679729344626555e-10,5.84063913103861e-08,1.3333472780582518e-05,True,False
847,3.622774160420952e-05,4.830410716276486e-10,3.864292437782349e-10,5.835081581051347e-08,1.3333458014162307e-05,True,False
848,3.619693909402923e-05,4.826269972458359e-10,3.861006836696451e-10,5.8301203234116415e-08,1.3333364901162218e-05,True,False
849,3.6057942445858886e-05,4.807751649581756e-10,3.846180527558281e-10,5.807732596613005e-08,1.3333405412138006e-05,True,False
850,3.603821379735687e-05,4.805132252891333e-10,3.844076138384733e-10,5.8045549689609466e-08,1.3333436223866768e-05,True,False
851,3.592830035127699e-05,4.790482736306944e-10,3.832352037469546e-10,5.786851576579014e-08,1.3333452151840177e-05,True,False
852,3.586367289027749e-05,4.781865159154896e-10,3.8254584416295995e-10,5.776442246860695e-08,1.3333450742160994e-05,True,False
853,3.579422829249366e-05,4.772576437866678e-10,3.81805101786599e-10,5.765257036977645e-08,1.3333368717625145e-05,True,False
854,3.57234111620005e-05,4.763129805172677e-10,3.810497190613387e-10,5.753850757826214e-08,1.333335661472129e-05,True,False
855,3.5586271806997226e-05,4.744860751245411e-10,3.795868992746371e-10,5.73176217904702e-08,1.3333402209085704e-05,True,False
856,3.5552542489312946e-05,4.740389143076005e-10,3.792271198860048e-10,5.726329510278672e-08,1.3333474376694607e-05,True,False
857,3.5437889773803335e-05,4.725063806144062e-10,3.780041575872356e-10,5.7078627795672576e-08,1.3333366733470004e-05,True,False
858,3.539077925022838e-05,4.718877379703409e-10,3.7750164533576944e-10,5.700274844570118e-08,1.3333635143602997e-05,True,False
859,3.5302440996229404e-05,4.707070195216804e-10,3.76559370626447e-10,5.6860464964593494e-08,1.3333554457946857e-05,True,False
860,3.5199376570253034e-05,4.693285325116688e-10,3.7546001674936574e-10,5.669446252915422e-08,1.3333433095752554e-05,True,False
861,3.51414402999956e-05,4.685542882082909e-10,3.748420298666198e-10,5.660114650985958e-08,1.333338315698886e-05,True,False
862,3.506606245713129e-05,4.675506940075707e-10,3.740379995427338e-10,5.64797379309528e-08,1.333342443506902e-05,True,False
863,3.4992960268995654e-05,4.665757378791241e-10,3.73258242869287e-10,5.6361994673262335e-08,1.3333417187128292e-05,True,False
864,3.498102988334726e-05,4.664147845793838e-10,3.7313098542237075e-10,5.634277879877798e-08,1.3333363429686238e-05,True,False
865,3.487938423199104e-05,4.6505891493085346e-10,3.720467651412378e-10,5.617906153632691e-08,1.3333346478757668e-05,True,False
866,3.478706901392679e-05,4.6382949673815986e-10,3.7106206948188584e-10,5.6030372491764756e-08,1.3333388235509824e-05,True,False
867,3.475816231776131e-05,4.634425393738313e-10,3.70753731389454e-10,5.5983813439807554e-08,1.3333344126108004e-05,True,False
868,3.468690702672521e-05,4.624923640262355e-10,3.6999367495173563e-10,5.586904491771207e-08,1.3333341126953151e-05,True,False
869,3.467646798223635e-05,4.6235510252091794e-10,3.698823251438544e-10,5.585223109672201e-08,1.3333396664209508e-05,True,False
870,3.458201269691529e-05,4.6109832792311057e-10,3.688748021004298e-10,5.5700095117164896e-08,1.3333472865338473e-05,True,False
871,3.4483526080434534e-05,4.597810696507927e-10,3.6782427819130173e-10,5.554146600688656e-08,1.3333354268305698e-05,True,False
872,3.440204377043466e-05,4.586943138604064e-10,3.6695513355130305e-10,5.541022516624676e-08,1.3333344871057087e-05,True,False
873,3.438353174449206e-05,4.5845157735261125e-10,3.6675767194124865e-10,5.5380408463128546e-08,1.3333463844244307e-05,True,False
874,3.4324488749928704e-05,4.5766034729455837e-10,3.6612787999923953e-10,5.528530987988517e-08,1.3333347821400805e-05,True,False
875,3.421257066639498e-05,4.5617482376663806e-10,3.6493408710821315e-10,5.510504715334019e-08,1.3333544217263745e-05,True,False
876,3.4116280413110514e-05,4.548862422742919e-10,3.639069910731788e-10,5.494995565205e-08,1.3333406712751842e-05,True,False
877,3.409080816739482e-05,4.545443377484854e-10,3.6363528711887813e-10,5.4908928354950595e-08,1.3333340046283248e-05,True,False
878,3.4050609306716295e-05,4.540162095633836e-10,3.632064992716405e-10,5.4844181390017716e-08,1.3333570787933929e-05,True,False
879,3.3986176605627694e-05,4.5315064322866304e-10,3.6251921712669544e-10,5.4740401786131005e-08,1.3333381053331749e-05,True,False
880,3.385526281529478e-05,4.5140398502209573e-10,3.6112280336314437e-10,5.45295433078348e-08,1.3333347535502371e-05,True,False
881,3.379897858331531e-05,4.5065348762216653e-10,3.6052243822203e-10,5.443888817152653e-08,1.33333463468813e-05,True,False
882,3.374068453849767e-05,4.4987612648519504e-10,3.599006350773085e-10,5.434499589667358e-08,1.333334319201178e-05,True,False
883,3.3597985300912396e-05,4.4797601298456355e-10,3.5837850987639894e-10,5.4115154991336234e-08,1.3333418922961378e-05,True,False
884,3.358958762763463e-05,4.478621597091596e-10,3.582889346947694e-10,5.4101629138910175e-08,1.3333362846666718e-05,True,False
885,3.3553676855466114e-05,4.4738661795016675e-10,3.5790588645830523e-10,5.404378885520409e-08,1.3333460290426697e-05,True,False
886,3.348116185903117e-05,4.4641780135960484e-10,3.5713239316299916e-10,5.392699136761287e-08,1.3333402324542946e-05,True,False
887,3.345045408299865e-05,4.460077795632076e-10,3.5680484355198567e-10,5.3877531376349835e-08,1.3333384905823839e-05,True,False
888,3.3373803864881995e-05,4.449857576003358e-10,3.55987241225408e-10,5.37540734250366e-08,1.3333384453325013e-05,True,False
889,3.332980339154517e-05,4.444040221871517e-10,3.555179028431485e-10,5.368320332931542e-08,1.3333532663438525e-05,True,False
890,3.325479697081158e-05,4.434002902282217e-10,3.5471783435532357e-10,5.3562392987653856e-08,1.3333423464211893e-05,True,False
891,3.3188489923758404e-05,4.4251438939735913e-10,3.540105591867563e-10,5.345559443720021e-08,1.3333369201609248e-05,True,False
892,3.3123927791111666e-05,4.4165880274411283e-10,3.5332189643852446e-10,5.335160636221719e-08,1.3333527519119447e-05,True,False
893,3.3063716094424614e-05,4.4085002633126933e-10,3.5267963834052924e-10,5.3254625389419916e-08,1.3333347802535962e-05,True,False
894,3.303833521797932e-05,4.4051247845566734e-10,3.5240890899177946e-10,5.3213745257758694e-08,1.3333373959349572e-05,True,False
895,3.29858102990685e-05,4.398110019119348e-10,3.5184864319006403e-10,5.312914512169967e-08,1.3333339333621123e-05,True,False
896,3.285645320824169e-05,4.3808893949790304e-10,3.504688342212447e-10,5.2920793967407954e-08,1.3333421496268292e-05,True,False
897,3.285022174499504e-05,4.3800303260342746e-10,3.504023652799471e-10,5.291075715727201e-08,1.333333564697049e-05,True,False
898,3.27456830127929e-05,4.3661069883552075e-10,3.4928728546979097e-10,5.2742380105938436e-08,1.3333381950376423e-05,True,False
899,3.26972905277227e-05,4.3596463008186576e-10,3.4877109896237545e-10,5.2664435943318694e-08,1.3333356466103183e-05,True,False
900,3.255377353020708e-05,4.3406373163775885e-10,3.4724025098887556e-10,5.243327789932021e-08,1.3333745509871085e-05,True,False
901,3.248832452375165e-05,4.331786225501589e-10,3.46542128253351e-10,5.2327861366255997e-08,1.33333629511571e-05,True,False
902,3.2457363616111265e-05,4.327651308605292e-10,3.4621187857185353e-10,5.227799366434988e-08,1.3333342041548692e-05,True,False
903,3.240964695462877e-05,4.321288459200372e-10,3.457029008493736e-10,5.2201138028255414e-08,1.3333340117064132e-05,True,False
904,3.227335472394632e-05,4.3031561690397593e-10,3.4424911705542746e-10,5.198161667536954e-08,1.333346410947135e-05,True,False
905,3.221899666299409e-05,4.295881847319271e-10,3.436692977386036e-10,5.189406395852914e-08,1.3333381831388345e-05,True,False
906,3.213115627888274e-05,4.284236924205889e-10,3.427323336414159e-10,5.1752582379853804e-08,1.3333590883007153e-05,True,False
907,3.209418020462511e-05,4.279258877396222e-10,3.4233792218266785e-10,5.1693026249582844e-08,1.3333441920350207e-05,True,False
908,3.194502565530854e-05,4.2593642071228425e-10,3.407469403232911e-10,5.145278798881696e-08,1.3333419271851588e-05,True,False
909,3.1913844163618454e-05,4.255233003284059e-10,3.4041433774526355e-10,5.140256499953479e-08,1.3333501854142013e-05,True,False
910,3.187732037569386e-05,4.250311315702041e-10,3.4002475067406787e-10,5.134373735178425e-08,1.3333339394935029e-05,True,False
911,3.184106758270694e-05,4.245490971732725e-10,3.3963805421554073e-10,5.128534618654665e-08,1.3333381365763233e-05,True,False
912,3.1769712980820346e-05,4.2359966291805947e-10,3.388769384620837e-10,5.117041770777464e-08,1.3333443181365545e-05,True,False
913,3.1712613706658596e-05,4.2284258325087655e-10,3.3826787953769173e-10,5.1078449810191444e-08,1.3333577205655984e-05,True,False
914,3.1655085633143643e-05,4.220679478667343e-10,3.376542467535322e-10,5.0985791259783364e-08,1.3333337737833156e-05,True,False
915,3.157983788797873e-05,4.210675873545195e-10,3.368516041384398e-10,5.086459222490441e-08,1.3333430932994252e-05,True,False
916,3.155831725830115e-05,4.207825306759181e-10,3.366220507552123e-10,5.082992966403706e-08,1.3333490731836622e-05,True,False
917,3.1496992285032704e-05,4.1996407834543595e-10,3.3596791770701555e-10,5.0731155573759346e-08,1.3333466082886965e-05,True,False
918,3.1432724418870844e-05,4.1910426791413967e-10,3.35282393801289e-10,5.062764146399464e-08,1.333337391723282e-05,True,False
919,3.1400720981385234e-05,4.1867746257066967e-10,3.3494102380144254e-10,5.057609459401782e-08,1.3333371001859074e-05,True,False
920,3.126208470408166e-05,4.1682920809228343e-10,3.334622368435377e-10,5.0352797763374195e-08,1.3333378501078052e-05,True,False
921,3.121269486120779e-05,4.1617222409852265e-10,3.329354118528831e-10,5.027324718978535e-08,1.3333428143551802e-05,True,False
922,3.1174863705653374e-05,4.156654746848333e-10,3.3253187952696936e-10,5.021231380857237e-08,1.3333353390393648e-05,True,False
923,3.110922121395449e-05,4.1479115227108964e-10,3.318316929488479e-10,5.010658563527604e-08,1.3333382710494503e-05,True,False
924,3.109366413264588e-05,4.1458245190407184e-10,3.3166575074822275e-10,5.008152836298163e-08,1.3333341806724964e-05,True,False
925,3.099661149437233e-05,4.132943961226802e-10,3.306305226066382e-10,4.9925208913602364e-08,1.3333534738070222e-05,True,False
926,3.092352676698207e-05,4.1231718473189014e-10,3.2985095218114215e-10,4.980749377935246e-08,1.3333446338084986e-05,True,False
927,3.086111293985302e-05,4.11482896281364e-10,3.291852046917656e-10,4.97069659084566e-08,1.3333378387335753e-05,True,False
928,3.084727945226858e-05,4.112977178914982e-10,3.2903764749086487e-10,4.9684684771120594e-08,1.3333354681339666e-05,True,False
929,3.0780881052023405e-05,4.1041424282048514e-10,3.283293978882497e-10,4.95777390811257e-08,1.3333414405092418e-05,True,False
930,3.071199230781062e-05,4.094975533586027e-10,3.275945846166466e-10,4.946678227711364e-08,1.333347407925926e-05,True,False
931,3.062811868451496e-05,4.083807978292709e-10,3.266999326348263e-10,4.9331689827858766e-08,1.3333525380249394e-05,True,False
932,3.060545807720197e-05,4.080783997926202e-10,3.264582194901544e-10,4.929519114301331e-08,1.3333517138127662e-05,True,False
933,3.05412555298555e-05,4.0721679477087253e-10,3.257733923184587e-10,4.919178224008726e-08,1.3333335113639947e-05,True,False
934,3.0521798528284364e-05,4.069577816985452e-10,3.2556585096836655e-10,4.916044349622335e-08,1.3333348666246515e-05,True,False
935,3.0425072418468402e-05,4.056694832002364e-10,3.2453410579699633e-10,4.900464997534644e-08,1.3333394169802859e-05,True,False
936,3.0363256141263456e-05,4.048437115806483e-10,3.238747321734769e-10,4.890508455819501e-08,1.3333343093940063e-05,True,False
937,3.0330302153825234e-05,4.04408939976571e-10,3.2352322297413586e-10,4.8852006669094514e-08,1.3333495259148524e-05,True,False
938,3.0277781898774756e-05,4.0370445584018886e-10,3.229630069202641e-10,4.8767414044959876e-08,1.333335635978425e-05,True,False
939,3.0199299848795123e-05,4.0265833540395004e-10,3.2212586505381465e-10,4.864100562312601e-08,1.3333366582007533e-05,True,False
940,3.0155939074045168e-05,4.020795212181503e-10,3.2166335012314846e-10,4.8571165868595417e-08,1.333334439464414e-05,True,False
941,3.010124416292897e-05,4.0135481139211466e-10,3.21079937737909e-10,4.848307059842426e-08,1.333349575916869e-05,True,False
942,3.0007649292351116e-05,4.001038988756006e-10,3.2008159245174524e-10,4.833232046021353e-08,1.3333396927482294e-05,True,False
943,2.995667035251096e-05,3.994234562368817e-10,3.1953781709345025e-10,4.8250210381110986e-08,1.3333372886129254e-05,True,False
944,2.9892540435686306e-05,3.985699487393335e-10,3.188537646473206e-10,4.8146918461745414e-08,1.3333425093021296e-05,True,False
945,2.9827586686096346e-05,3.9770242373652523e-10,3.1816092465169436e-10,4.804229962240585e-08,1.3333375841697172e-05,True,False
946,2.9763711732742027e-05,3.9685398329451824e-10,3.17479591815915e-10,4.793941836420316e-08,1.3333484306594493e-05,True,False
947,2.9727821611272122e-05,3.963778514338765e-10,3.170967638535693e-10,4.7881611341888964e-08,1.3333565325337493e-05,True,False
948,2.9725318435406394e-05,3.9633811201247936e-10,3.1707006331100157e-10,4.7877579559961234e-08,1.3333351259927748e-05,True,False
949,2.9651540162046295e-05,3.9535725853467334e-10,3.1628309506182715e-10,4.77587473543359e-08,1.3333447651421732e-05,True,False
950,2.9631704486362697e-05,3.9509067403112856e-10,3.160715145212021e-10,4.7726798692701516e-08,1.3333376559993701e-05,True,False
951,2.955938192441411e-05,3.941260252470415e-10,3.153000738604172e-10,4.7610311152922995e-08,1.3333364894261177e-05,True,False
952,2.9535918004118168e-05,3.938138425126546e-10,3.1504979204392716e-10,4.7572518598632995e-08,1.3333387587876749e-05,True,False
953,2.941217789332137e-05,3.921629911110641e-10,3.137298975287613e-10,4.737321452684295e-08,1.3333354385841405e-05,True,False
954,2.9386112035449663e-05,3.918178317187757e-10,3.134518617114631e-10,4.733123111843092e-08,1.3333435578211567e-05,True,False
955,2.9304184340568268e-05,3.907238374108438e-10,3.1257796629939487e-10,4.719927291120862e-08,1.3333380409770752e-05,True,False
956,2.924496740510265e-05,3.899338962170451e-10,3.119463189877616e-10,4.7103894167152e-08,1.3333367441162187e-05,True,False
957,2.9212995678061895e-05,3.895072682397061e-10,3.116052872326602e-10,4.7052398372131694e-08,1.3333355898594635e-05,True,False
958,2.9185373729091117e-05,3.8913968813498165e-10,3.113106531103053e-10,4.7007908619656095e-08,1.3333380334516625e-05,True,False
959,2.9099932108949064e-05,3.8800177345954336e-10,3.1039927582879006e-10,4.6870290650147294e-08,1.3333425384185747e-05,True,False
960,2.907080511357258e-05,3.8761112268025574e-10,3.1008858787810754e-10,4.682337676959423e-08,1.333334667429929e-05,True,False
961,2.901669957672887e-05,3.8690389706914025e-10,3.0951146215177464e-10,4.6736230784917966e-08,1.3333835436592301e-05,True,False
962,2.8892851975648244e-05,3.85240542882719e-10,3.081904210735813e-10,4.653675358211077e-08,1.3333420432410452e-05,True,False
963,2.8842600964807712e-05,3.8457054913983335e-10,3.0765441029128226e-10,4.645581595398362e-08,1.3333421268389316e-05,True,False
964,2.880183840714091e-05,3.8402474440728567e-10,3.072196096761697e-10,4.639016106110163e-08,1.3333341399209901e-05,True,False
965,2.875878860535155e-05,3.834543552387323e-10,3.0676041179041656e-10,4.63208221803529e-08,1.3333466875144303e-05,True,False
966,2.8685808754705693e-05,3.824812103672915e-10,3.0598196005019405e-10,4.6203275967579307e-08,1.3333464419215591e-05,True,False
967,2.8679175392194313e-05,3.8238913079906367e-10,3.0591120418340603e-10,4.6192591831694306e-08,1.3333337711764877e-05,True,False
968,2.8616674727804195e-05,3.815602933224714e-10,3.0524453042991145e-10,4.609192409491663e-08,1.3333495137076297e-05,True,False
969,2.857088247387388e-05,3.809458267704242e-10,3.047560797213214e-10,4.601816803791953e-08,1.33333587829768e-05,True,False
970,2.854438005225566e-05,3.805920872276246e-10,3.044733872240604e-10,4.597548147083312e-08,1.3333345706961644e-05,True,False
971,2.846657441684675e-05,3.795564521279929e-10,3.036434604463654e-10,4.585016252740117e-08,1.3333408037440862e-05,True,False
972,2.8418953953590134e-05,3.789231307382344e-10,3.031355088382948e-10,4.577346183458251e-08,1.3333465100687335e-05,True,False
973,2.835072867570105e-05,3.7801279420066623e-10,3.0240777254081123e-10,4.5663573653662496e-08,1.3333441920477157e-05,True,False
974,2.8293804148455647e-05,3.7725502365530156e-10,3.018005775835269e-10,4.5571887215112566e-08,1.333348536930101e-05,True,False
975,2.8226050390657234e-05,3.7635008446949357e-10,3.0107787083367717e-10,4.546275849588525e-08,1.3333430616777497e-05,True,False
976,2.8173274457694964e-05,3.756439442958513e-10,3.005149275487463e-10,4.537775405986069e-08,1.3333343444331218e-05,True,False
977,2.813648328944903e-05,3.751548986112103e-10,3.001224884207897e-10,4.531849575153924e-08,1.3333396883749524e-05,True,False
978,2.8086973940167906e-05,3.744943954873916e-10,2.9959438869512435e-10,4.5238752692963775e-08,1.333338352095729e-05,True,False
979,2.8070275694819598e-05,3.7427186151864565e-10,2.994162740780757e-10,4.521185738578943e-08,1.333338744470251e-05,True,False
980,2.8026652796120374e-05,3.736928809869002e-10,2.9895096315861737e-10,4.514159543695122e-08,1.333348237141715e-05,True,False
981,2.799717055504991e-05,3.7329909291808736e-10,2.986364859205324e-10,4.509410937400039e-08,1.3333457828678856e-05,True,False
982,2.7962376201698456e-05,3.728338795512256e-10,2.9826534615145024e-10,4.5038067268868984e-08,1.3333411898255605e-05,True,False
983,2.7899861960704054e-05,3.7200121759041477e-10,2.9759852758084325e-10,4.493737766470733e-08,1.3333442943709364e-05,True,False
984,2.7849097060736835e-05,3.713223607203932e-10,2.9705703531452626e-10,4.485561233249346e-08,1.333337163178276e-05,True,False
985,2.772450812022972e-05,3.6966179407350573e-10,2.957280866157837e-10,4.465494107898334e-08,1.333339413887653e-05,True,False
986,2.7694570994240343e-05,3.6926425516593125e-10,2.95408757271897e-10,4.460672234805645e-08,1.333345279992701e-05,True,False
987,2.7611723201432022e-05,3.681613820924784e-10,2.945250474819416e-10,4.447328216977318e-08,1.3333517050228307e-05,True,False
988,2.7586180397468356e-05,3.678172539999073e-10,2.9425259090632913e-10,4.44321412268557e-08,1.3333388265439703e-05,True,False
989,2.7521733935669112e-05,3.669570345980256e-10,2.9356516198047056e-10,4.432833945905105e-08,1.3333354484705511e-05,True,False
990,2.7482557347218042e-05,3.664363783983063e-10,2.931472783703258e-10,4.4265239033919196e-08,1.3333416310887796e-05,True,False
991,2.7438336990567088e-05,3.658468346793797e-10,2.9267559456604894e-10,4.419401477947339e-08,1.3333418669110766e-05,True,False
992,2.7398466626001965e-05,3.6531299191737285e-10,2.922503106773543e-10,4.41297969122805e-08,1.3333337113496705e-05,True,False
993,2.738391716749824e-05,3.6511970792618565e-10,2.9209511645331457e-10,4.4106362584450504e-08,1.3333362998904458e-05,True,False
994,2.7321880393365027e-05,3.6429598452966306e-10,2.914333908625603e-10,4.40064420202466e-08,1.3333488738137159e-05,True,False
995,2.7278460813028962e-05,3.637191906754161e-10,2.9097024867230895e-10,4.393650754951865e-08,1.3333567211449612e-05,True,False
996,2.7237697676030914e-05,3.6316953080658125e-10,2.905354418776631e-10,4.3870851723527125e-08,1.3333341720954972e-05,True,False
997,2.7207320958293663e-05,3.6276936976905527e-10,2.902114235551324e-10,4.3821924956824996e-08,1.3333520427283067e-05,True,False
998,2.715401034835594e-05,3.620561146444e-10,2.8964277704913e-10,4.373605933441863e-08,1.3333430679285316e-05,True,False
999,2.713082450465332e-05,3.617443814939852e-10,2.8939546138296874e-10,4.369871466882828e-08,1.3333335351896176e-05,True,False
1000,2.707132083121787e-05,3.609579807048165e-10,2.887607555329906e-10,4.360287408548158e-08,1.3333593250040838e-05,True,False
1001,2.7006604380100784e-05,3.6008899469664543e-10,2.8807044672107503e-10,4.3498637454882333e-08,1.33333680024568e-05,True,False
1002,2.6973276175609946e-05,3.5964398831371157e-10,2.8771494587317277e-10,4.344495682684909e-08,1.3333344676866229e-05,True,False
1003,2.690859316444049e-05,3.587830688694453e-10,2.870249937540319e-10,4.334077405685882e-08,1.3333401217852391e-05,True,False
1004,2.6862303407460005e-05,3.581644438513588e-10,2.865312363462401e-10,4.326621668828225e-08,1.3333348165216983e-05,True,False
1005,2.6782435379760146e-05,3.5710145016970824e-10,2.856793107174416e-10,4.313757591833368e-08,1.3333419650088084e-05,True,False
1006,2.6743954151629246e-05,3.5658791754981233e-10,2.852688442840453e-10,4.307559548689084e-08,1.3333402963827956e-05,True,False
1007,2.6658790123096187e-05,3.554526832684815e-10,2.8436042797969267e-10,4.2938424624933596e-08,1.3333413918155667e-05,True,False
1008,2.659444594633051e-05,3.5459277106642487e-10,2.8367409009419213e-10,4.2834787604223006e-08,1.3333339291294822e-05,True,False
1009,2.656764043817265e-05,3.5423966099177306e-10,2.8338816467384163e-10,4.2791612865750085e-08,1.333350102415561e-05,True,False
1010,2.6503704193916192e-05,3.5338367361504473e-10,2.827061780684394e-10,4.268863288833435e-08,1.3333369216223082e-05,True,False
1011,2.647562258764468e-05,3.530087407628356e-10,2.824066409348766e-10,4.2643402781166364e-08,1.333334993706903e-05,True,False
1012,2.6437224655297137e-05,3.525016205152604e-10,2.8199706298983615e-10,4.2581556511465256e-08,1.3333533497232315e-05,True,False
1013,2.641032227839942e-05,3.5214150300893524e-10,2.8171010430292715e-10,4.2538225749742e-08,1.3333479966541195e-05,True,False
1014,2.635875326553887e-05,3.514501623701426e-10,2.8116003483241464e-10,4.2455165259694606e-08,1.3333337841498918e-05,True,False
1015,2.6308743162933342e-05,3.5078350682238927e-10,2.8062659373795567e-10,4.237461565443131e-08,1.3333343392724733e-05,True,False
1016,2.6243354913421957e-05,3.49911477003378e-10,2.799291190765009e-10,4.226929698055163e-08,1.3333336311525418e-05,True,False
1017,2.6184124687150065e-05,3.4912212300173087e-10,2.792973299962674e-10,4.217389682943637e-08,1.3333350920569957e-05,True,False
1018,2.6164681160212218e-05,3.488645173294471e-10,2.79089932375597e-10,4.214257978871515e-08,1.3333413665286854e-05,True,False
1019,2.6089580510700193e-05,3.4786627370966913e-10,2.7828885878080207e-10,4.2021617675901115e-08,1.333353265557481e-05,True,False
1020,2.6063345364707e-05,3.475116577442731e-10,2.7800901722354137e-10,4.1979361600754744e-08,1.3333348151647752e-05,True,False
1021,2.6035236319022084e-05,3.4713693720014223e-10,2.7770918740290225e-10,4.193408729783824e-08,1.3333350730775358e-05,True,False
1022,2.59693504030361e-05,3.462588137485362e-10,2.7700640429905177e-10,4.182796704915681e-08,1.3333364461363454e-05,True,False
1023,2.591962934858982e-05,3.456047359716809e-10,2.764760463849581e-10,4.1747883004128674e-08,1.333370671793514e-05,True,False
1024,2.588463738061095e-05,3.4512864460283315e-10,2.761027987265168e-10,4.169152260770403e-08,1.3333338981265928e-05,True,False
1025,2.58432784222939e-05,3.44578350363284e-10,2.756616365044683e-10,4.162490711217471e-08,1.3333383819679428e-05,True,False
1026,2.5799284052849877e-05,3.4399056677347694e-10,2.751923632303987e-10,4.1554046847790205e-08,1.3333337703046785e-05,True,False
1027,2.5773283222422974e-05,3.4364441736740005e-10,2.749150210391784e-10,4.1512168176915936e-08,1.3333358206704007e-05,True,False
1028,2.5766352098531334e-05,3.4355150134740316e-10,2.748410890510009e-10,4.150100444670114e-08,1.3333338768082167e-05,True,False
1029,2.5689448431581277e-05,3.425289023956011e-10,2.740207832702003e-10,4.137713827380024e-08,1.3333447127440612e-05,True,False
1030,2.5669567525673738e-05,3.4226245014183606e-10,2.7380872027385323e-10,4.1345116761351834e-08,1.3333393708309187e-05,True,False
1031,2.562843668509766e-05,3.4171534764836414e-10,2.733699913077084e-10,4.127886868746397e-08,1.3333444870129891e-05,True,False
1032,2.5602737233703315e-05,3.413701916586467e-10,2.7309586382616873e-10,4.1237475437751474e-08,1.3333347467600796e-05,True,False
1033,2.549867299240683e-05,3.3998425265321796e-10,2.719858452523395e-10,4.106986263310327e-08,1.3333409654473423e-05,True,False
1034,2.547804196069601e-05,3.397100142967713e-10,2.7176578091409083e-10,4.103663291802771e-08,1.3333442766945308e-05,True,False
1035,2.5436783815064843e-05,3.3916426699988364e-10,2.7132569402735837e-10,4.097017979813111e-08,1.3333614401322813e-05,True,False
1036,2.5365926551746862e-05,3.3821623505202353e-10,2.705698832186332e-10,4.085605236601361e-08,1.33334863349879e-05,True,False
1037,2.530310585505826e-05,3.373748479249871e-10,2.6989979578728816e-10,4.0754869163880505e-08,1.3333337411523478e-05,True,False
1038,2.5283640473026026e-05,3.37117820838709e-10,2.6969216504561095e-10,4.072351692188725e-08,1.3333436741372936e-05,True,False
1039,2.5230701347951477e-05,3.3641092539094775e-10,2.691274810448158e-10,4.063824963776718e-08,1.3333395721013579e-05,True,False
1040,2.520781248472776e-05,3.3610905426061346e-10,2.6888333317042944e-10,4.060138330873485e-08,1.3333527233441866e-05,True,False
1041,2.5134404042504783e-05,3.3512734396498894e-10,2.681003097867177e-10,4.048314677779437e-08,1.3333411184058918e-05,True,False
1042,2.5071537976731232e-05,3.342909332468423e-10,2.674297384184665e-10,4.038189050118844e-08,1.33334833131137e-05,True,False
1043,2.5016149528022006e-05,3.3355012273115307e-10,2.6683892829890144e-10,4.0292678173134116e-08,1.3333391789872566e-05,True,False
1044,2.498068376797939e-05,3.330797335481824e-10,2.664606268584468e-10,4.023555465562547e-08,1.3333491454510501e-05,True,False
1045,2.4974369105086514e-05,3.3299272457764623e-10,2.6639327045425614e-10,4.022538383859268e-08,1.3333378840381831e-05,True,False
1046,2.4885217140715212e-05,3.318109529102673e-10,2.6544231616762896e-10,4.008178974131197e-08,1.3333657128005711e-05,True,False
1047,2.478951242356409e-05,3.3052790730045584e-10,2.6442146585135033e-10,3.9927641343553897e-08,1.3333376697892086e-05,True,False
1048,2.475822877329167e-05,3.3011001233593065e-10,2.6408777358177783e-10,3.987725381084845e-08,1.3333345263052178e-05,True,False
1049,2.4748469214801593e-05,3.2998101385605084e-10,2.639836716245503e-10,3.9861534415307097e-08,1.3333390885392435e-05,True,False
1050,2.4711598532699265e-05,3.294894982601334e-10,2.6359038434879216e-10,3.9802148036667615e-08,1.3333394754861414e-05,True,False
1051,2.469820790684047e-05,3.293112445517995e-10,2.6344755100629835e-10,3.978058020195105e-08,1.3333406447703955e-05,True,False
1052,2.462650666967984e-05,3.2835580479431324e-10,2.6268273780991827e-10,3.966509340929766e-08,1.3333430079979025e-05,True,False
1053,2.4565263021694752e-05,3.2753831099517847e-10,2.620294722314107e-10,3.956645030694302e-08,1.3333393202666457e-05,True,False
1054,2.4529156272092514e-05,3.270557942576606e-10,2.616443335689868e-10,3.950829436891701e-08,1.3333348714882658e-05,True,False
1055,2.450683473747767e-05,3.267615733692364e-10,2.6140623719976184e-10,3.9472341817164035e-08,1.3333487448280229e-05,True,False
1056,2.4487307680746845e-05,3.2649783017406223e-10,2.61197948594633e-10,3.9440890237789584e-08,1.3333349440893059e-05,True,False
1057,2.44314526919337e-05,3.257561663522421e-10,2.606021620472928e-10,3.935092646914121e-08,1.3333475109312428e-05,True,False
1058,2.43579451186252e-05,3.247743902378574e-10,2.598180812653355e-10,3.923253027106566e-08,1.3333406765479573e-05,True,False
1059,2.432934599575827e-05,3.2439266793572074e-10,2.595130239547549e-10,3.9186466617167986e-08,1.3333390383460263e-05,True,False
1060,2.4314343544078677e-05,3.241949725924198e-10,2.593529978035059e-10,3.916230266832939e-08,1.3333486548986912e-05,True,False
1061,2.42327393902122e-05,3.231039126568905e-10,2.5848255349559683e-10,3.903086557783512e-08,1.3333363077696232e-05,True,False
1062,2.420292106814229e-05,3.2270561657911976e-10,2.5816449139351774e-10,3.898283820042118e-08,1.3333333429901122e-05,True,False
1063,2.41560856395921e-05,3.220875650108818e-10,2.5766491348898245e-10,3.8907401936836344e-08,1.3333599235257578e-05,True,False
1064,2.4124219747022517e-05,3.216566656179594e-10,2.5732501063490685e-10,3.885607660587093e-08,1.3333350010528701e-05,True,False
1065,2.4086085951791734e-05,3.2114918476496243e-10,2.569182501524452e-10,3.879465577301922e-08,1.3333390298770089e-05,True,False
1066,2.4043660992883475e-05,3.2058392878284966e-10,2.5646571725742375e-10,3.872632330587098e-08,1.3333407457281036e-05,True,False
1067,2.4025105490649274e-05,3.2033681838112834e-10,2.5626779190025893e-10,3.86964365769391e-08,1.3333419847242939e-05,True,False
1068,2.3980520257383446e-05,3.1974123050853133e-10,2.557922160787568e-10,3.862462462789227e-08,1.3333373382926715e-05,True,False
1069,2.3907051586839364e-05,3.1876080810988913e-10,2.5500855025961987e-10,3.8506291089202606e-08,1.3333338364709279e-05,True,False
1070,2.388401582178001e-05,3.1845558427164026e-10,2.5476283543232013e-10,3.846918815028034e-08,1.3333418745319967e-05,True,False
1071,2.3844503820770352e-05,3.1792798552900503e-10,2.543413740882171e-10,3.840554748732078e-08,1.3333386507798326e-05,True,False
1072,2.3796799326825663e-05,3.1729087933266443e-10,2.538325261528071e-10,3.832871144907387e-08,1.3333342647260494e-05,True,False
1073,2.376429771228437e-05,3.168666920879498e-10,2.5348584226436665e-10,3.8276362181919365e-08,1.3333728432637559e-05,True,False
1074,2.3716235417561928e-05,3.1621695790390564e-10,2.5297317778732723e-10,3.819894984588641e-08,1.3333353811699232e-05,True,False
1075,2.3680365673297513e-05,3.1574601953653683e-10,2.525905671818402e-10,3.814117564445786e-08,1.3333663166045564e-05,True,False
1076,2.364804131216957e-05,3.153075883324024e-10,2.522457739964754e-10,3.808911187346779e-08,1.3333349014835376e-05,True,False
1077,2.359730678871395e-05,3.146309228726866e-10,2.5170460574628215e-10,3.800739546768861e-08,1.33333403548903e-05,True,False
1078,2.356508995671623e-05,3.142013706719817e-10,2.5136095953830644e-10,3.7955504890284276e-08,1.3333340600400803e-05,True,False
1079,2.351407293825407e-05,3.135227458071418e-10,2.5081677800804346e-10,3.7873333479214556e-08,1.3333408747622137e-05,True,False
1080,2.3487691176734543e-05,3.131701302899824e-10,2.5053537255183513e-10,3.7830841255327106e-08,1.3333372272886038e-05,True,False
1081,2.343201415397059e-05,3.124286692037914e-10,2.4994148430901965e-10,3.7741164130661965e-08,1.3333410740998972e-05,True,False
1082,2.338648204984321e-05,3.118212566974099e-10,2.494558085316609e-10,3.76678270882808e-08,1.3333397303315246e-05,True,False
1083,2.336211438703939e-05,3.1149505347760583e-10,2.491958867950868e-10,3.762857890605811e-08,1.3333341679484887e-05,True,False
1084,2.330555005029905e-05,3.1074099027626764e-10,2.485925338698565e-10,3.753747261434834e-08,1.3333347190073307e-05,True,False
1085,2.326579570936281e-05,3.1021224018103815e-10,2.481684875665366e-10,3.7473441622547034e-08,1.3333403424332487e-05,True,False
1086,2.324179916122114e-05,3.0989204697483965e-10,2.4791252438635886e-10,3.743479118234018e-08,1.3333393203564612e-05,True,False
1087,2.31879171888574e-05,3.0917450504130406e-10,2.4733778334781225e-10,3.734800528551965e-08,1.3333431481714674e-05,True,False
1088,2.3172158186745804e-05,3.08963006298295e-10,2.471696873252886e-10,3.7322622786118574e-08,1.3333372049696179e-05,True,False
1089,2.315395841474678e-05,3.0872001837647817e-10,2.469755564239657e-10,3.7293309020018814e-08,1.3333358074093028e-05,True,False
1090,2.3048034252676894e-05,3.073111663564583e-10,2.458456986952202e-10,3.7122700502978254e-08,1.333350874904943e-05,True,False
1091,2.3035498933118476e-05,3.071401228048048e-10,2.457119886199304e-10,3.710251028160949e-08,1.3333339281973395e-05,True,False
1092,2.2977413597216107e-05,3.063659022570859e-10,2.450924117036385e-10,3.700895416724941e-08,1.3333350203271116e-05,True,False
1093,2.2949716934213575e-05,3.0599737367979164e-10,2.447969806316115e-10,3.696434407537333e-08,1.33333833509558e-05,True,False
1094,2.2913146429687158e-05,3.0550955171308e-10,2.444068952499964e-10,3.690544118274945e-08,1.3333374037065902e-05,True,False
1095,2.2863826177054115e-05,3.0485225943289353e-10,2.438808125552439e-10,3.682600269584183e-08,1.3333387731001905e-05,True,False
1096,2.283149125622462e-05,3.044200226586006e-10,2.4353590673306263e-10,3.6773921916692454e-08,1.3333339432027052e-05,True,False
1097,2.278295178968525e-05,3.0377273420949503e-10,2.4301815242330934e-10,3.669574101591971e-08,1.33333352505721e-05,True,False
1098,2.2724318377408226e-05,3.029930230257332e-10,2.423927293590211e-10,3.6601302133212185e-08,1.3333426243796995e-05,True,False
1099,2.2693099708445708e-05,3.025767263592208e-10,2.420597302234209e-10,3.6551019263736556e-08,1.33334242675808e-05,True,False
1100,2.2677522340409353e-05,3.023679422538047e-10,2.418935716310331e-10,3.6525929316286e-08,1.3333376447170844e-05,True,False
1101,2.2641294085940393e-05,3.018856640903817e-10,2.4150713691669756e-10,3.6467577674421324e-08,1.3333410314114695e-05,True,False
1102,2.2612048413830937e-05,3.01494049191803e-10,2.4119518308086334e-10,3.6420472645210363e-08,1.3333336444096345e-05,True,False
1103,2.259713844846049e-05,3.012956940287882e-10,2.4103614345024524e-10,3.639645766098703e-08,1.333335611126085e-05,True,False
1104,2.253900326996875e-05,3.0052144202485704e-10,2.404160348796667e-10,3.630282126682967e-08,1.3333395378014589e-05,True,False
1105,2.2517029584211604e-05,3.0023105976058325e-10,2.4018164889825715e-10,3.626742898363682e-08,1.3333510916160007e-05,True,False
1106,2.248970548418944e-05,2.9986336978715904e-10,2.3989019183135405e-10,3.622341896653446e-08,1.3333361346059732e-05,True,False
1107,2.2425473288737428e-05,2.990075462783479e-10,2.3920504841319924e-10,3.611996231039308e-08,1.3333388438607274e-05,True,False
1108,2.240288611596711e-05,2.9870884640321153e-10,2.3896411857031584e-10,3.608358190411769e-08,1.3333498409846136e-05,True,False
1109,2.2365570060949058e-05,2.9820861794365304e-10,2.385660806501233e-10,3.602347817816862e-08,1.3333378810868498e-05,True,False
1110,2.233146871479662e-05,2.9775334870537255e-10,2.3820233295783063e-10,3.596855227663242e-08,1.3333352700983971e-05,True,False
1111,2.228762471112094e-05,2.9717282256159934e-10,2.3773466358529e-10,3.5897934201378795e-08,1.3333534928615246e-05,True,False
1112,2.2247401628834322e-05,2.9663427506071517e-10,2.3730561737423277e-10,3.5833148223509146e-08,1.3333434619000837e-05,True,False
1113,2.220953789774156e-05,2.9613288476273634e-10,2.3690173757590997e-10,3.577216237396241e-08,1.3333590555832747e-05,True,False
1114,2.218869692768621e-05,2.958498510864934e-10,2.366794338953196e-10,3.573859451819326e-08,1.3333358513601726e-05,True,False
1115,2.2166597587183745e-05,2.955565720612672e-10,2.364437075966266e-10,3.570299984709062e-08,1.3333420742574933e-05,True,False
1116,2.2112183376848328e-05,2.9483084927299754e-10,2.3586328935304883e-10,3.5615356692310375e-08,1.3333411913619002e-05,True,False
1117,2.2071892400031363e-05,2.942922230261585e-10,2.3543351893366787e-10,3.555046135898385e-08,1.3333348028904868e-05,True,False
1118,2.2064339132052296e-05,2.9419404107523393e-10,2.353529507418912e-10,3.5538295562025566e-08,1.3333462621042924e-05,True,False
1119,2.2021098990962994e-05,2.936154603188532e-10,2.3489172257027196e-10,3.546865010811106e-08,1.3333369984819875e-05,True,False
1120,2.198965146806891e-05,2.932005903359634e-10,2.3455628232606837e-10,3.541799863123632e-08,1.3333571510295144e-05,True,False
1121,2.194797055674118e-05,2.926401963854399e-10,2.3411168593857257e-10,3.535086457672446e-08,1.3333360167806374e-05,True,False
1122,2.1902085487669425e-05,2.920291585274439e-10,2.336222452018072e-10,3.527695902547289e-08,1.3333395063764696e-05,True,False
1123,2.1872475067913326e-05,2.91633779206386e-10,2.3330640072440883e-10,3.522926650938573e-08,1.3333368916909155e-05,True,False
1124,2.1827311463319863e-05,2.910315964139937e-10,2.3282465560874523e-10,3.5156522996920524e-08,1.3333368926496673e-05,True,False
1125,2.1818353914089492e-05,2.909127593829523e-10,2.327291084169546e-10,3.514209537096014e-08,1.3333396301500614e-05,True,False
1126,2.177752535239519e-05,2.903673171946326e-10,2.3229360375888204e-10,3.507633416759119e-08,1.333334768280716e-05,True,False
1127,2.173485595146505e-05,2.898003734148193e-10,2.3183846348229388e-10,3.500760798582637e-08,1.3333438880936551e-05,True,False
1128,2.170422123884664e-05,2.8939387701516703e-10,2.315116932143642e-10,3.495826567536899e-08,1.333352963142507e-05,True,False
1129,2.1699410499443126e-05,2.893259924606971e-10,2.314603786607267e-10,3.495051717776973e-08,1.3333357257245403e-05,True,False
1130,2.1635483173647338e-05,2.884754885373359e-10,2.3077848718557163e-10,3.4847551565021316e-08,1.333344331725892e-05,True,False
1131,2.1543390132077526e-05,2.8724579529744505e-10,2.2979616140882696e-10,3.469922037273287e-08,1.3333360884076635e-05,True,False
1132,2.1528016534588143e-05,2.870403745559936e-10,2.296321763689402e-10,3.467445863170997e-08,1.33333404912068e-05,True,False
1133,2.152096902896205e-05,2.8694675289450253e-10,2.2955700297559521e-10,3.4663107449314876e-08,1.3333356528153598e-05,True,False
1134,2.1477864958399692e-05,2.863765757914765e-10,2.2909722622293006e-10,3.459368115966244e-08,1.3333568133804595e-05,True,False
1135,2.143933954489004e-05,2.858582983754925e-10,2.286862884788271e-10,3.453162956030289e-08,1.3333353752663777e-05,True,False
1136,2.1429432735532535e-05,2.857276684621006e-10,2.2858061584568038e-10,3.451567299269774e-08,1.333342193367211e-05,True,False
1137,2.1402729957964e-05,2.853768156789778e-10,2.282957862182827e-10,3.447266371896069e-08,1.3333664268038315e-05,True,False
1138,2.1357134507276728e-05,2.8476189874631937e-10,2.278094347442851e-10,3.439922464638705e-08,1.3333338264517475e-05,True,False
1139,2.1323837401467503e-05,2.8431818610525034e-10,2.274542656156534e-10,3.434559410796366e-08,1.3333349938491071e-05,True,False
1140,2.1264071632515202e-05,2.8352106572059137e-10,2.2681676408016217e-10,3.424933137610449e-08,1.3333338535553802e-05,True,False
1141,2.123316905405301e-05,2.8311021067863037e-10,2.2648713657656548e-10,3.4199557623061385e-08,1.3333394085353923e-05,True,False
1142,2.1213883860653478e-05,2.828535190216029e-10,2.2628142784697044e-10,3.416849560489254e-08,1.3333415082290819e-05,True,False
1143,2.117773987692057e-05,2.823734255920019e-10,2.258958920204861e-10,3.41102796950934e-08,1.3333501461113491e-05,True,False
1144,2.114293008319776e-05,2.8190631469747217e-10,2.2552458755410945e-10,3.405421272067053e-08,1.333336077772411e-05,True,False
1145,2.1109329397445278e-05,2.8146186226380814e-10,2.2516618023941631e-10,3.400009321615186e-08,1.3333529311351388e-05,True,False
1146,2.1067403599982994e-05,2.8089900459940454e-10,2.2471897173315195e-10,3.393256473170594e-08,1.3333347095492645e-05,True,False
1147,2.103002349695764e-05,2.80401189619674e-10,2.2432025063421482e-10,3.387235784576644e-08,1.3333375003610383e-05,True,False
1148,2.0970363546242695e-05,2.796064230395169e-10,2.2368387782658877e-10,3.37762655518149e-08,1.333340847539167e-05,True,False
1149,2.094916576522408e-05,2.7932552357287493e-10,2.2345776816239019e-10,3.374212299252092e-08,1.3333491495711938e-05,True,False
1150,2.094507614463224e-05,2.7926796205228356e-10,2.234141455427439e-10,3.373553597695433e-08,1.3333346707543662e-05,True,False
1151,2.0902850805406932e-05,2.7870523048910074e-10,2.2296374192434063e-10,3.366752503057543e-08,1.33333597930579e-05,True,False
1152,2.088722846544459e-05,2.784968225788901e-10,2.2279710363140897e-10,3.3642362648342755e-08,1.33333545443633e-05,True,False
1153,2.08538009717484e-05,2.7805080472030666e-10,2.2244054369864964e-10,3.358852209849609e-08,1.3333339332095613e-05,True,False
1154,2.078923268641538e-05,2.771899135595676e-10,2.2175181532176406e-10,3.3484524113586376e-08,1.333334027959079e-05,True,False
1155,2.0733302224066204e-05,2.7644590007047894e-10,2.2115522372337286e-10,3.33944387822293e-08,1.3333423546471727e-05,True,False
1156,2.0727725408392727e-05,2.7637298190093476e-10,2.2109573768952244e-10,3.3385456391117884e-08,1.3333493012650118e-05,True,False
1157,2.069576797501984e-05,2.7594529709036424e-10,2.2075485840021166e-10,3.333398361843196e-08,1.3333416639741763e-05,True,False
1158,2.0672421034239433e-05,2.7563428032884524e-10,2.2050582436522063e-10,3.3296379479148315e-08,1.3333430074412482e-05,True,False
1159,2.064966169662307e-05,2.753308400174032e-10,2.2026305809731278e-10,3.325972177269423e-08,1.3333431029643902e-05,True,False
1160,2.0594848701155926e-05,2.74598530583026e-10,2.1967838614566322e-10,3.317143630799515e-08,1.3333359937119305e-05,True,False
1161,2.058490629970625e-05,2.744656962955702e-10,2.1957233386353336e-10,3.3155422413393534e-08,1.3333346885309208e-05,True,False
1162,2.0552154815892788e-05,2.7403021746604343e-10,2.192229847028564e-10,3.310267069013132e-08,1.3333405665771768e-05,True,False
1163,2.0515528364123957e-05,2.735438298810626e-10,2.1883230255065556e-10,3.304367768514899e-08,1.3333501581144548e-05,True,False
1164,2.0454370822525492e-05,2.727271443320118e-10,2.1817995544027192e-10,3.294517327148106e-08,1.3333440891355577e-05,True,False
1165,2.0426661128847263e-05,2.7235616710374085e-10,2.1788438537437082e-10,3.290054219152999e-08,1.3333366886823698e-05,True,False
1166,2.0405740411467453e-05,2.720766680430385e-10,2.1766123105565284e-10,3.286684588940358e-08,1.33333396660353e-05,True,False
1167,2.035281780967967e-05,2.713722639547995e-10,2.1709672330324985e-10,3.2781605218790726e-08,1.3333400145985515e-05,True,False
1168,2.0328341321796767e-05,2.710467412307578e-10,2.1683564076583218e-10,3.274218175564066e-08,1.333344107815289e-05,True,False
1169,2.0290310751627325e-05,2.705376881026117e-10,2.1642998135069147e-10,3.268092718395441e-08,1.3333343752801519e-05,True,False
1170,2.027351209764941e-05,2.70313547544194e-10,2.1625079570826037e-10,3.2653870151947315e-08,1.3333335943086803e-05,True,False
1171,2.0248560652117542e-05,2.6998143849051526e-10,2.1598464695592046e-10,3.2613681690343986e-08,1.3333364436562126e-05,True,False
1172,2.019234920595582e-05,2.6923240143905604e-10,2.153850581968621e-10,3.252314378772618e-08,1.3333386754209102e-05,True,False
1173,2.0155157492182997e-05,2.68736777216427e-10,2.149883465832853e-10,3.246324033407608e-08,1.333340001538833e-05,True,False
1174,2.0118349864967583e-05,2.682455723864531e-10,2.1459573189298757e-10,3.2403955515841125e-08,1.3333378442411598e-05,True,False
1175,2.011254375096883e-05,2.681677370412537e-10,2.1453380001033418e-10,3.239460380156046e-08,1.3333357548486923e-05,True,False
1176,2.006776763549322e-05,2.6757469588129695e-10,2.1405618811192767e-10,3.232248440490108e-08,1.3333555617220031e-05,True,False
1177,2.0047746832558462e-05,2.6730346800962596e-10,2.1384263288062362e-10,3.2290237564974165e-08,1.3333342157708858e-05,True,False
1178,2.0027838230924145e-05,2.670387423328538e-10,2.136302744631909e-10,3.225817144394182e-08,1.3333378233529492e-05,True,False
1179,1.9994857615825492e-05,2.6659812787817123e-10,2.1327848123547194e-10,3.220505066655626e-08,1.3333334650363535e-05,True,False
1180,1.994979450172214e-05,2.6599758959698016e-10,2.1279780801836952e-10,3.2132469010773796e-08,1.3333349853504418e-05,True,False
1181,1.9944915872036723e-05,2.659327728645372e-10,2.1274576930172506e-10,3.2124611164560486e-08,1.333336147270401e-05,True,False
1182,1.9890891335874823e-05,2.6521331005381944e-10,2.121695075826648e-10,3.203759564498238e-08,1.3333405003097368e-05,True,False
1183,1.9857746091764856e-05,2.6477023761334073e-10,2.1181595831215848e-10,3.198420970513593e-08,1.33333479232642e-05,True,False
1184,1.9828179996635564e-05,2.6437658693317176e-10,2.1150058663077935e-10,3.1936588581247684e-08,1.3333376385428771e-05,True,False
1185,1.9821054151261012e-05,2.642814022934881e-10,2.1142457761345082e-10,3.192511121963107e-08,1.3333367654246309e-05,True,False
1186,1.980812244424801e-05,2.6411169855983105e-10,2.1128663940531212e-10,3.1904282550202125e-08,1.3333504944913406e-05,True,False
1187,1.9763604881729537e-05,2.635151794132316e-10,2.1081178540511507e-10,3.1832579596172373e-08,1.3333355983899384e-05,True,False
1188,1.9734365302846747e-05,2.6312509396618333e-10,2.1049989656369863e-10,3.1785484381118496e-08,1.3333344646672101e-05,True,False
1189,1.9709635178982308e-05,2.627952948137624e-10,2.102361085758113e-10,3.174565239494751e-08,1.3333341405222887e-05,True,False
1190,1.9622902408800496e-05,2.616392492101872e-10,2.0931095902720531e-10,3.1605954813108e-08,1.3333361383525353e-05,True,False
1191,1.9615726934648582e-05,2.6154563358628566e-10,2.0923442063625156e-10,3.159439751607398e-08,1.333346627721963e-05,True,False
1192,1.959256215210335e-05,2.61237223213322e-10,2.0898732962243573e-10,3.155708677298779e-08,1.333348957554676e-05,True,False
1193,1.9573267085935698e-05,2.6097798338555394e-10,2.0878151558331412e-10,3.1526008853080435e-08,1.3333388965661167e-05,True,False
1194,1.952044547882848e-05,2.602733156620883e-10,2.082180851075038e-10,3.1440930851233074e-08,1.333336966845229e-05,True,False
1195,1.9495633885665158e-05,2.599419178877913e-10,2.079534281137617e-10,3.140096764517802e-08,1.3333340142324001e-05,True,False
1196,1.947396092688447e-05,2.596542613400506e-10,2.0772224988676769e-10,3.136605973290192e-08,1.3333407739438824e-05,True,False
1197,1.9441540796097874e-05,2.592210769618491e-10,2.0737643515837733e-10,3.131384170891498e-08,1.3333360749569683e-05,True,False
1198,1.9402807156216924e-05,2.5870550346956027e-10,2.0696327633298053e-10,3.125145472628006e-08,1.3333405902901401e-05,True,False
1199,1.9349996207356717e-05,2.580001944075829e-10,2.0639995954513833e-10,3.116639389131589e-08,1.3333345993602481e-05,True,False
1200,1.9333260797914226e-05,2.5777702277162325e-10,2.062214485110851e-10,3.113943872517385e-08,1.3333344305758996e-05,True,False
1201,1.9268128635135888e-05,2.569085047380234e-10,2.0552670544144948e-10,3.103453252165887e-08,1.3333339713621421e-05,True,False
1202,1.9262666517485683e-05,2.5683703965552375e-10,2.0546844285318064e-10,3.1025734870830276e-08,1.3333410482000503e-05,True,False
1203,1.922710356688175e-05,2.563614000973308e-10,2.0508910471340534e-10,3.09684548117242e-08,1.3333334332213589e-05,True,False
1204,1.92062457736466e-05,2.560834202440807e-10,2.0486662158556376e-10,3.0934859859420126e-08,1.3333340792475934e-05,True,False
1205,1.9179284173094165e-05,2.557240417815357e-10,2.045790311796711e-10,3.0891433708130335e-08,1.3333346514583717e-05,True,False
1206,1.914501971754271e-05,2.5526738071477494e-10,2.0421354365378892e-10,3.083624509172213e-08,1.333335689807996e-05,True,False
1207,1.911310612771128e-05,2.548421010565511e-10,2.0387313202892032e-10,3.078484293636697e-08,1.3333369226002799e-05,True,False
1208,1.9089807121956004e-05,2.545317103771193e-10,2.0362460930086405e-10,3.074731600443047e-08,1.3333383032685098e-05,True,False
1209,1.90338201543689e-05,2.537873500629383e-10,2.0302741497993496e-10,3.0657139661970174e-08,1.333349522085747e-05,True,False
1210,1.902277962275278e-05,2.536378540770961e-10,2.0290964930936301e-10,3.063935704571381e-08,1.3333374990778147e-05,True,False
1211,1.9004859310836337e-05,2.5339838085061727e-10,2.0271849931558762e-10,3.0610493396653726e-08,1.3333346840727867e-05,True,False
1212,1.9002005840532632e-05,2.533602557191735e-10,2.0268806229901476e-10,3.060589740715123e-08,1.3333342692629745e-05,True,False
1213,1.898071257138729e-05,2.5307735496107926e-10,2.0246093409479777e-10,3.057160104831446e-08,1.333339588854972e-05,True,False
1214,1.8942422236253244e-05,2.5256726656028696e-10,2.0205250385336796e-10,3.050992808185856e-08,1.3333419739578355e-05,True,False
1215,1.8900954638481172e-05,2.520132295870833e-10,2.0161018281046586e-10,3.044313760438034e-08,1.3333359843846192e-05,True,False
1216,1.8895553443486912e-05,2.519414799246913e-10,2.015525700638604e-10,3.043443807964292e-08,1.3333373943144954e-05,True,False
1217,1.8881634585057358e-05,2.517554515645303e-10,2.0140410224061182e-10,3.041201943833239e-08,1.3333350480353316e-05,True,False
1218,1.88194494206401e-05,2.5092951823665087e-10,2.007407938201611e-10,3.0311859866844325e-08,1.3333520690644948e-05,True,False
1219,1.8783639558160845e-05,2.504493093808903e-10,2.003588219537157e-10,3.0254182115011066e-08,1.3333374962046622e-05,True,False
1220,1.8758965626338603e-05,2.5011997354640637e-10,2.000956333476118e-10,3.021444063548938e-08,1.333335635495938e-05,True,False
1221,1.8756155680145802e-05,2.500822396238107e-10,2.000656605882219e-10,3.0209914748821505e-08,1.3333342071186448e-05,True,False
1222,1.8705433168556493e-05,2.4940585043093886e-10,1.995246204646026e-10,3.012821769015499e-08,1.333333733485444e-05,True,False
1223,1.8680349775315862e-05,2.4907324326463e-10,1.9925706427003588e-10,3.008781670477542e-08,1.3333435736506089e-05,True,False
1224,1.8655623150151787e-05,2.4874179003215507e-10,1.9899331360161908e-10,3.0047990353844476e-08,1.3333341268213346e-05,True,False
1225,1.8613841855673598e-05,2.481847934498914e-10,1.9854764646051838e-10,2.998069461553828e-08,1.3333345978452233e-05,True,False
1226,1.8571634117539462e-05,2.476226942178294e-10,1.980974305870876e-10,2.991271201865023e-08,1.3333382116545634e-05,True,False
1227,1.855743046774914e-05,2.47433573191081e-10,1.9794592498932417e-10,2.988983467338795e-08,1.333339621673887e-05,True,False
1228,1.850929644968427e-05,2.4679277935621325e-10,1.974324954632989e-10,2.981230681495813e-08,1.3333450032911598e-05,True,False
1229,1.8495753824273973e-05,2.4661104402568566e-10,1.9728804079225573e-10,2.9790494159630614e-08,1.3333387023243756e-05,True,False
1230,1.84685380063535e-05,2.4624808886961284e-10,1.9699773873443735e-10,2.974665854890004e-08,1.3333382901499792e-05,True,False
1231,1.8425787314401324e-05,2.456782537093881e-10,1.9654173135361413e-10,2.9677801434395734e-08,1.3333392463364081e-05,True,False
1232,1.8415405499547672e-05,2.455395442353227e-10,1.9643099199517518e-10,2.9661079791271454e-08,1.3333377005537768e-05,True,False
1233,1.8381910991769226e-05,2.450940017072558e-10,1.9607371724553843e-10,2.9607131304076302e-08,1.3333434255937823e-05,True,False
1234,1.836309609858045e-05,2.4484149138217127e-10,1.958730250515248e-10,2.9576826782780242e-08,1.3333344773003645e-05,True,False
1235,1.8340855040955655e-05,2.4454501832114507e-10,1.95635787103527e-10,2.9541003852632577e-08,1.3333348841974327e-05,True,False
1236,1.83201154386001e-05,2.4427338895166663e-10,1.9541456467840106e-10,2.950759926643856e-08,1.3333616252056345e-05,True,False
1237,1.828702966921078e-05,2.438273147740356e-10,1.95061649804915e-10,2.945430912054216e-08,1.3333347141912225e-05,True,False
1238,1.8268025812520028e-05,2.4357503368501574e-10,1.9485894200021363e-10,2.942370024203226e-08,1.3333407571500207e-05,True,False
1239,1.82351792237975e-05,2.4313642084648517e-10,1.9450857838717334e-10,2.937079533646317e-08,1.3333371603454507e-05,True,False
1240,1.8208401389366273e-05,2.427790683007823e-10,1.9422294815324025e-10,2.9327665171139277e-08,1.3333354373578646e-05,True,False
1241,1.816954718447538e-05,2.422623385670613e-10,1.9380850330107076e-10,2.9265083998461684e-08,1.3333427416069987e-05,True,False
1242,1.8158898628994315e-05,2.4211936707363395e-10,1.936949187092727e-10,2.924793272510018e-08,1.3333372911011352e-05,True,False
1243,1.8130087129576243e-05,2.4173475381104775e-10,1.9338759604881327e-10,2.92015270033708e-08,1.3333347605191451e-05,True,False
1244,1.812041864046336e-05,2.4160787781403443e-10,1.9328446549827583e-10,2.918595429023965e-08,1.333346003797715e-05,True,False
1245,1.8098140569669798e-05,2.413086812666571e-10,1.9304683274314452e-10,2.9150071744214823e-08,1.3333341087595487e-05,True,False
1246,1.8078384468418167e-05,2.4104666524937876e-10,1.9283610099646046e-10,2.911825125046553e-08,1.3333418462831817e-05,True,False
1247,1.8027493447398575e-05,2.403675803672377e-10,1.9229326343891816e-10,2.9036282779276638e-08,1.3333388863437557e-05,True,False
1248,1.80081349149435e-05,2.4010863674045566e-10,1.92086772426064e-10,2.9005102636335666e-08,1.3333342840585276e-05,True,False
1249,1.7976557327553745e-05,2.3968776778182525e-10,1.9174994482723997e-10,2.8954241668913234e-08,1.333335206593987e-05,True,False
1250,1.796995598835849e-05,2.396000578564538e-10,1.9167953054249056e-10,2.8943609111916076e-08,1.3333369208676658e-05,True,False
1251,1.794875531429777e-05,2.393167387987335e-10,1.9145339001917622e-10,2.8909461892895608e-08,1.3333333404355708e-05,True,False
1252,1.791356629294239e-05,2.388476657429011e-10,1.9107804045805215e-10,2.8852784109165875e-08,1.3333339762557645e-05,True,False
1253,1.7888782589095692e-05,2.385175102196352e-10,1.9081368095035405e-10,2.8812865823503462e-08,1.333335619859488e-05,True,False
1254,1.7821615364558596e-05,2.376217060972833e-10,1.900972305552917e-10,2.8704681813849047e-08,1.3333342754654871e-05,True,False
1255,1.780986049531239e-05,2.374658042389642e-10,1.8997184528333217e-10,2.8685748637783157e-08,1.333338934920158e-05,True,False
1256,1.776968587008563e-05,2.3693007343641104e-10,1.8954331594758007e-10,2.862104070808459e-08,1.3333385585350774e-05,True,False
1257,1.7736466378830423e-05,2.364875989142164e-10,1.8918897470752453e-10,2.8567535180836203e-08,1.3333411169007097e-05,True,False
1258,1.7727600320150644e-05,2.3636871513175467e-10,1.8909440341494022e-10,2.8553254915655973e-08,1.3333373432560898e-05,True,False
1259,1.7682320939948917e-05,2.357668767800218e-10,1.8861142335945512e-10,2.8480324927277724e-08,1.3333480236034156e-05,True,False
1260,1.765405304161237e-05,2.3538929453408004e-10,1.8830989911053195e-10,2.8434794765690325e-08,1.3333442126816087e-05,True,False
1261,1.7637818304669045e-05,2.3517105005845975e-10,1.881367285831365e-10,2.840864601605361e-08,1.3333341232810284e-05,True,False
1262,1.7634446501428727e-05,2.351261059971581e-10,1.8810076268190644e-10,2.840321516496787e-08,1.3333341989390392e-05,True,False
1263,1.759333518586356e-05,2.345783696812286e-10,1.8766224198254467e-10,2.8336998539364244e-08,1.3333365572987827e-05,True,False
1264,1.7576637358916613e-05,2.3435591729328763e-10,1.874841318284439e-10,2.8310103906095026e-08,1.3333376146285403e-05,True,False
1265,1.754508929815239e-05,2.339371951814825e-10,1.8714761918029218e-10,2.825929049622412e-08,1.3333485581410951e-05,True,False
1266,1.7512542652798057e-05,2.335011354471745e-10,1.868004549631793e-10,2.820686869944007e-08,1.3333365695464388e-05,True,False
1267,1.7492606692549522e-05,2.3323677666551914e-10,1.8658780472052826e-10,2.8174758512799763e-08,1.3333448854415717e-05,True,False
1268,1.744723224698162e-05,2.326299191629761e-10,1.861038106344706e-10,2.8101675405805062e-08,1.3333342267122123e-05,True,False
1269,1.744061858152933e-05,2.3254371905883326e-10,1.860332648696462e-10,2.8091022995316577e-08,1.3333455919110066e-05,True,False
1270,1.742073468350254e-05,2.322773184807113e-10,1.8582116995736044e-10,2.8058996663561427e-08,1.3333382472134096e-05,True,False
1271,1.7398854926874196e-05,2.3198519016561112e-10,1.8558778588665811e-10,2.8023755668885373e-08,1.3333359645828634e-05,True,False
1272,1.7365187989404876e-05,2.315381459838432e-10,1.8522867188698536e-10,2.796952945493479e-08,1.3333466134954192e-05,True,False
1273,1.734980545287416e-05,2.3133155173822063e-10,1.8506459149732438e-10,2.794475331609598e-08,1.3333380156138776e-05,True,False
1274,1.729999923102339e-05,2.306675697207807e-10,1.8453332513091615e-10,2.786453209476834e-08,1.3333386125655652e-05,True,False
1275,1.7288810968438705e-05,2.305174915265179e-10,1.844139836633462e-10,2.7846511533165277e-08,1.3333334024377686e-05,True,False
1276,1.7262783904149413e-05,2.3017074219328793e-10,1.841363616442604e-10,2.7804590608283322e-08,1.3333350140469659e-05,True,False
1277,1.722404110140874e-05,2.2965442549245988e-10,1.8372310508169325e-10,2.774218886733568e-08,1.3333364925242579e-05,True,False
1278,1.721160632373781e-05,2.2949062775445105e-10,1.8359046745320334e-10,2.7722160585433703e-08,1.3333481107916312e-05,True,False
1279,1.7193606631577978e-05,2.2924903508459233e-10,1.8339847073683177e-10,2.7693169081261598e-08,1.3333388392377832e-05,True,False
1280,1.7181390144239405e-05,2.290855258671294e-10,1.8326816153855367e-10,2.76734923923216e-08,1.333335218768299e-05,True,False
1281,1.714786538898978e-05,2.286383962668641e-10,1.8291056414922435e-10,2.7619495186532874e-08,1.3333344476430702e-05,True,False
1282,1.713389548615061e-05,2.2845207703735108e-10,1.827615518522732e-10,2.759699432969325e-08,1.3333341342137269e-05,True,False
1283,1.7102986205292977e-05,2.2804107028927267e-10,1.8243185285645843e-10,2.7547209781325222e-08,1.3333406666649783e-05,True,False
1284,1.7065397182512028e-05,2.2753900494011958e-10,1.820309032801283e-10,2.7486666395299374e-08,1.3333355356844136e-05,True,False
1285,1.7039701297276443e-05,2.2719682740855716e-10,1.817568138376154e-10,2.7445278889479927e-08,1.333338087592365e-05,True,False
1286,1.7006311292953948e-05,2.2675108417632052e-10,1.8140065379150878e-10,2.7391498722517827e-08,1.3333349029678646e-05,True,False
1287,1.6959485712474518e-05,2.2612750441274827e-10,1.8090118093306154e-10,2.731607832089229e-08,1.3333393962908946e-05,True,False
1288,1.6946288570494482e-05,2.2595255927058437e-10,1.8076041141860782e-10,2.729482212420978e-08,1.3333454008566503e-05,True,False
1289,1.6930628183341393e-05,2.2574176867401137e-10,1.8059336728897488e-10,2.7269598460635204e-08,1.3333336851383115e-05,True,False
1290,1.689396542323294e-05,2.252531855839055e-10,1.8020229784781803e-10,2.7210546975020524e-08,1.3333351876885727e-05,True,False
1291,1.688574761955596e-05,2.2514352816204084e-10,1.8011464127526358e-10,2.71973108325648e-08,1.3333346751037215e-05,True,False
1292,1.6850810084572833e-05,2.2467749488301472e-10,1.7974197423544358e-10,2.714103810955198e-08,1.333333494089464e-05,True,False
1293,1.683100888933477e-05,2.2441388263387063e-10,1.7953076148623754e-10,2.7109144984421868e-08,1.3333358927525372e-05,True,False
1294,1.6808803026139754e-05,2.2411771604055126e-10,1.7929389894549073e-10,2.70733787407691e-08,1.3333353701154131e-05,True,False
1295,1.676933439956751e-05,2.2359267915237135e-10,1.7887290026205345e-10,2.700980793957007e-08,1.3333425992038058e-05,True,False
1296,1.674675031064476e-05,2.2329005180011234e-10,1.786320033135441e-10,2.697343250034516e-08,1.3333336179150064e-05,True,False
1297,1.6726377964785777e-05,2.2301874212423602e-10,1.784146982910483e-10,2.694061944194829e-08,1.3333355409865769e-05,True,False
1298,1.67233406133625e-05,2.2297914786261876e-10,1.7838229987586668e-10,2.6935727281255867e-08,1.3333409455551666e-05,True,False
1299,1.668322229979724e-05,2.2244495730107626e-10,1.7795437119783721e-10,2.687111005087342e-08,1.333345281287655e-05,True,False
1300,1.6678636005953457e-05,2.2238295028898808e-10,1.7790545073017022e-10,2.6863723060255703e-08,1.333340149695744e-05,True,False
1301,1.6663834710567385e-05,2.2218515655559008e-10,1.7774757024605212e-10,2.683988310715387e-08,1.3333374965288822e-05,True,False
1302,1.662427669802537e-05,2.2165748934330904e-10,1.7732561811227063e-10,2.6776168334952864e-08,1.333336140691387e-05,True,False
1303,1.6602203166000158e-05,2.213634359019912e-10,1.770901671040017e-10,2.6740615232704257e-08,1.3333377124026763e-05,True,False
1304,1.6593553047204222e-05,2.2124756845714835e-10,1.769978991701784e-10,2.6726682774696935e-08,1.3333345054417108e-05,True,False
1305,1.655089501560544e-05,2.2067888375814527e-10,1.7654288016645805e-10,2.6657974905135164e-08,1.3333350465341751e-05,True,False
1306,1.651416286399323e-05,2.201893616510971e-10,1.7615107054926115e-10,2.6598811652938433e-08,1.3333365031247722e-05,True,False
1307,1.65089669486989e-05,2.2012060035043959e-10,1.760956474527883e-10,2.659044276537103e-08,1.3333396392061203e-05,True,False
1308,1.6469391487738702e-05,2.1959272323611055e-10,1.7567350920254616e-10,2.652669988958447e-08,1.3333384138666881e-05,True,False
1309,1.6457708481421406e-05,2.1943758538110306e-10,1.75548890468495e-10,2.6507882460742745e-08,1.333342279265788e-05,True,False
1310,1.6403546946617122e-05,2.187145473157685e-10,1.7497116743058264e-10,2.642064628201798e-08,1.3333369180918135e-05,True,False
1311,1.639711721076957e-05,2.1862889210798316e-10,1.7490258358154208e-10,2.6410290120812855e-08,1.3333373744769505e-05,True,False
1312,1.6386455543523837e-05,2.1848608317955052e-10,1.7478885913092094e-10,2.639311772876906e-08,1.33333338987942e-05,True,False
1313,1.6358382516519163e-05,2.1811228203236339e-10,1.7448941350953775e-10,2.6347901439940198e-08,1.3333364824554466e-05,True,False
1314,1.632472583212446e-05,2.1766466221750434e-10,1.7413040887599425e-10,2.6293691740275133e-08,1.333343447576773e-05,True,False
1315,1.6307682299125952e-05,2.1743653114249072e-10,1.7394861119067683e-10,2.62662402897922e-08,1.3333380375833342e-05,True,False
1316,1.629146203471283e-05,2.1722011620508663e-10,1.7377559503693686e-10,2.6240114850577468e-08,1.3333371537941012e-05,True,False
1317,1.627170246727464e-05,2.1695639986558978e-10,1.7356482631759618e-10,2.620828877395702e-08,1.3333355885896307e-05,True,False
1318,1.6256316332407227e-05,2.167511759334097e-10,1.734007075456771e-10,2.6183506839397242e-08,1.3333351264905737e-05,True,False
1319,1.6217596336817777e-05,2.1623585203572557e-10,1.7298769425938964e-10,2.6121141833167833e-08,1.3333409436564843e-05,True,False
1320,1.6197938558837654e-05,2.1597251709407102e-10,1.7277801129426833e-10,2.6089479705434516e-08,1.3333333517074963e-05,True,False
1321,1.6191549011982948e-05,2.1588788317797103e-10,1.7270985612781813e-10,2.6079188275300536e-08,1.333336810568266e-05,True,False
1322,1.6158132714497093e-05,2.1544289129099664e-10,1.7235341562130233e-10,2.6025365758816653e-08,1.3333402757467208e-05,True,False
1323,1.6114773638516502e-05,2.1486396912900632e-10,1.718909188108427e-10,2.5955528740437245e-08,1.3333353229079942e-05,True,False
1324,1.61011085372979e-05,2.146824943498534e-10,1.717451577311776e-10,2.593351881740782e-08,1.3333398371456576e-05,True,False
1325,1.609403130601119e-05,2.1458731270415146e-10,1.7166966726411937e-10,2.5922119756882027e-08,1.3333347538848278e-05,True,False
1326,1.6070873166821992e-05,2.1427958142349263e-10,1.7142264711276793e-10,2.5884819714027954e-08,1.3333412515871801e-05,True,False
1327,1.6039161496038334e-05,2.1385555493461072e-10,1.7108438929107556e-10,2.5833742782952412e-08,1.3333337592955402e-05,True,False
1328,1.6010131626063955e-05,2.1346953322792744e-10,1.707747373446822e-10,2.578698533904701e-08,1.3333402761062016e-05,True,False
1329,1.5990504409103066e-05,2.1320764577702179e-10,1.7056538036376605e-10,2.5755372434928672e-08,1.333339088763498e-05,True,False
1330,1.596995087561067e-05,2.1293284249967309e-10,1.7034614267318051e-10,2.5722267543650256e-08,1.333334361252572e-05,True,False
1331,1.596123589122291e-05,2.1281668009260751e-10,1.7025318283971108e-10,2.570823060879637e-08,1.3333345960361093e-05,True,False
1332,1.591102569346145e-05,2.121474701702627e-10,1.6971760739692216e-10,2.5627358716935245e-08,1.3333362302182917e-05,True,False
1333,1.590053228590489e-05,2.1200776247053692e-10,1.6960567771631884e-10,2.5610457335164144e-08,1.3333375176280879e-05,True,False
1334,1.5887381155387138e-05,2.1183490742417018e-10,1.6946539899079614e-10,2.5589275247610217e-08,1.3333532150598692e-05,True,False
1335,1.587375264502688e-05,2.1165026746892007e-10,1.6932002821362007e-10,2.556732426025663e-08,1.3333347961373734e-05,True,False
1336,1.5839655728013214e-05,2.1119701472247283e-10,1.689563277654743e-10,2.5512405492586618e-08,1.3333434662279969e-05,True,False
1337,1.5834041874373297e-05,2.1112101526674436e-10,1.6889644665998186e-10,2.5503363445657256e-08,1.3333362191521955e-05,True,False
1338,1.5815071669644842e-05,2.1086793530531226e-10,1.68694097809545e-10,2.5472808769241293e-08,1.3333353127324e-05,True,False
1339,1.57982115259987e-05,2.1064431672038469e-10,1.6851425627731946e-10,2.544565269787524e-08,1.3333428051253327e-05,True,False
1340,1.577719128415493e-05,2.1036271109634962e-10,1.6829004036431926e-10,2.5411796095012206e-08,1.3333343515180511e-05,True,False
1341,1.5757123321029036e-05,2.10095564443011e-10,1.680759820909764e-10,2.5379473295737435e-08,1.3333370575492233e-05,True,False
1342,1.5727509742365668e-05,2.0970036878866986e-10,1.6776010391856712e-10,2.5331775691703638e-08,1.3333348522671307e-05,True,False
1343,1.5700709533506736e-05,2.093432914090436e-10,1.6747423502407185e-10,2.528860948863485e-08,1.3333365028012655e-05,True,False
1344,1.5661848028657392e-05,2.0882470558133285e-10,1.6705971230567886e-10,2.5226016558157508e-08,1.333333749626699e-05,True,False
1345,1.5628876690906628e-05,2.0838515442075873e-10,1.6670801803633736e-10,2.5172910723486943e-08,1.3333341771261383e-05,True,False
1346,1.5592821790864395e-05,2.079048859247487e-10,1.663234324358869e-10,2.511483829781892e-08,1.3333371516280467e-05,True,False
1347,1.55648915758485e-05,2.0753317471556297e-10,1.6602551014238402e-10,2.5069852031499985e-08,1.3333416021836281e-05,True,False
1348,1.554011511301527e-05,2.0720229817817813e-10,1.657612278721629e-10,2.50299454086966e-08,1.3333382453817254e-05,True,False
1349,1.5534267557151213e-05,2.0712382536755826e-10,1.6569885394294628e-10,2.5020526945384888e-08,1.3333349937841687e-05,True,False
1350,1.5509546455189292e-05,2.0679654276812856e-10,1.654351621886858e-10,2.4980709490491554e-08,1.3333500329336654e-05,True,False
1351,1.550749219252553e-05,2.0676838079136855e-10,1.6541325005360565e-10,2.4977400758094452e-08,1.3333450581456944e-05,True,False
1352,1.5497306773558556e-05,2.0663083077773353e-10,1.653046055846246e-10,2.4960995443278314e-08,1.3333338095254476e-05,True,False
1353,1.5482670188402016e-05,2.0643729154121423e-10,1.6514848200962152e-10,2.493742078345285e-08,1.3333442424928439e-05,True,False
1354,1.5438646806698242e-05,2.058487103703614e-10,1.646788992714479e-10,2.4866513789988637e-08,1.3333338921974137e-05,True,False
1355,1.5431376355517228e-05,2.0575173663538577e-10,1.6460134779218378e-10,2.4854803516619748e-08,1.3333336696296873e-05,True,False
1356,1.5382973347752593e-05,2.051063226094622e-10,1.6408504904269434e-10,2.4776842405446842e-08,1.3333334068307908e-05,True,False
1357,1.5363548343294157e-05,2.0484794934555715e-10,1.6387784899513768e-10,2.474555519826579e-08,1.3333374866813803e-05,True,False
1358,1.535856922932111e-05,2.04781822995775e-10,1.6382473844609185e-10,2.4737535505359868e-08,1.3333391928515396e-05,True,False
1359,1.5339053142465112e-05,2.045210332056789e-10,1.6361656685296122e-10,2.4706101594797142e-08,1.3333354497578244e-05,True,False
1360,1.5304369794788542e-05,2.0405828840691357e-10,1.6324661114441112e-10,2.465023828280608e-08,1.3333334932641244e-05,True,False
1361,1.526473411708479e-05,2.035303648911436e-10,1.628238305822378e-10,2.4586398417917904e-08,1.3333371110823721e-05,True,False
1362,1.5255283616548846e-05,2.0340392650094885e-10,1.627230252431877e-10,2.4571176811721343e-08,1.3333342834760371e-05,True,False
1363,1.5222491624337925e-05,2.0296671868116072e-10,1.6237324399293788e-10,2.451835984293362e-08,1.3333344086499926e-05,True,False
1364,1.5183502964563363e-05,2.024470817849674e-10,1.6195736495534256e-10,2.4455562108256723e-08,1.3333358070101265e-05,True,False
1365,1.5178352638645824e-05,2.023781667006611e-10,1.6190242814555547e-10,2.4447266649978874e-08,1.333334199822075e-05,True,False
1366,1.514190254748051e-05,2.0189228342894593e-10,1.6151362717312544e-10,2.438855770314194e-08,1.3333349808313168e-05,True,False
1367,1.5126934761103898e-05,2.0169282857671628e-10,1.6135397078510826e-10,2.4364449588551347e-08,1.3333357468780252e-05,True,False
1368,1.511056767047198e-05,2.0147428500032453e-10,1.6117938848503448e-10,2.4338087661240205e-08,1.333333660217356e-05,True,False
1369,1.5098600867513841e-05,2.0131542285817933e-10,1.6105174258681432e-10,2.431881313060896e-08,1.3333382650794466e-05,True,False
1370,1.507650579816479e-05,2.0102012251340712e-10,1.608160618470911e-10,2.4283225338910755e-08,1.333333633167684e-05,True,False
1371,1.5069752233044239e-05,2.009304197980558e-10,1.6074402381913856e-10,2.427234759668992e-08,1.3333359214590476e-05,True,False
1372,1.5059095447928394e-05,2.0078829438790565e-10,1.6063035144456956e-10,2.425518306813e-08,1.3333356912584488e-05,True,False
1373,1.5003666404265277e-05,2.0005016905602157e-10,1.6003910831216297e-10,2.4165905355136608e-08,1.3333418890142134e-05,True,False
1374,1.4991494913791096e-05,1.9988691660957612e-10,1.5990927908043837e-10,2.4146301141146192e-08,1.3333354529286773e-05,True,False
1375,1.4982365646995896e-05,1.9976532320287408e-10,1.598119002346229e-10,2.413159693542806e-08,1.333336322911922e-05,True,False
1376,1.4967774016692204e-05,1.995704957914972e-10,1.596562561780502e-10,2.4108094682885576e-08,1.3333345063129247e-05,True,False
1377,1.4932935004261377e-05,1.9910621098119104e-10,1.592846400454547e-10,2.405198064686366e-08,1.3333360851324442e-05,True,False
1378,1.4901072642245843e-05,1.9868153446798133e-10,1.5894477485062234e-10,2.400066100244397e-08,1.3333371310780797e-05,True,False
1379,1.4872705556220566e-05,1.9830280374523984e-10,1.5864219259968605e-10,2.395497108255259e-08,1.3333337568987167e-05,True,False
1380,1.4862186821962645e-05,1.9816303177103698e-10,1.5852999276760155e-10,2.3938028907907833e-08,1.3333369721755948e-05,True,False
1381,1.4844511862762098e-05,1.9792693686388995e-10,1.583414598694624e-10,2.390956044028882e-08,1.3333340880032276e-05,True,False
1382,1.483486356790875e-05,1.9779892301385105e-10,1.5823854472436002e-10,2.389402025337836e-08,1.3333383357952546e-05,True,False
1383,1.4811361244358108e-05,1.9748513071559452e-10,1.5798785327315317e-10,2.3856165844246124e-08,1.3333354541657667e-05,True,False
1384,1.479271611753971e-05,1.972363718942831e-10,1.5778897192042358e-10,2.382613475998396e-08,1.3333343946242578e-05,True,False
1385,1.4765651609403073e-05,1.968755174953376e-10,1.575002838336328e-10,2.378254285887855e-08,1.333334435237272e-05,True,False
1386,1.4758681954148184e-05,1.967828194172859e-10,1.5742594084424731e-10,2.377131706748134e-08,1.333335998625383e-05,True,False
1387,1.4726662048031596e-05,1.9635681337180452e-10,1.570843951790037e-10,2.371974367202956e-08,1.3333422925804838e-05,True,False
1388,1.4705169603660932e-05,1.960696008591052e-10,1.5685514243904996e-10,2.368512650829654e-08,1.3333379086650767e-05,True,False
1389,1.4697949120604813e-05,1.959736266054435e-10,1.5677812395311802e-10,2.3673496716920817e-08,1.3333399442151511e-05,True,False
1390,1.4670605122567241e-05,1.956087247296592e-10,1.5648645464071725e-10,2.3629454650748304e-08,1.3333378077824591e-05,True,False
1391,1.4656008547185801e-05,1.9541346381097412e-10,1.5633075783664856e-10,2.360594443333393e-08,1.3333334460186076e-05,True,False
1392,1.4635713801592049e-05,1.9514298709986772e-10,1.561142805503152e-10,2.3573256363097595e-08,1.333334265381989e-05,True,False
1393,1.4614851426075505e-05,1.9486481993739044e-10,1.558917485448054e-10,2.3539654030265612e-08,1.3333342519631558e-05,True,False
1394,1.4588840955318916e-05,1.94518960800177e-10,1.556143035234018e-10,2.3497759832033667e-08,1.3333407458202342e-05,True,False
1395,1.4566804990247116e-05,1.942242569443606e-10,1.553792532293026e-10,2.346226723762469e-08,1.3333346404678252e-05,True,False
1396,1.4549566294879376e-05,1.9399435057482726e-10,1.551953738120467e-10,2.3434501445619048e-08,1.3333342495789876e-05,True,False
1397,1.4536143746996298e-05,1.9381723396768694e-10,1.5505219996796053e-10,2.341288219516204e-08,1.3333469821233483e-05,True,False
1398,1.4516114136758612e-05,1.9354821064996064e-10,1.5483855079209188e-10,2.338062116960587e-08,1.3333334859902056e-05,True,False
1399,1.4512672579074324e-05,1.9350251893064172e-10,1.5480184084345948e-10,2.337507796736238e-08,1.3333348346165479e-05,True,False
1400,1.4472636308568009e-05,1.9296866769653477e-10,1.5437478729139211e-10,2.3310592881000208e-08,1.3333346018119348e-05,True,False
1401,1.4449221798912017e-05,1.9265679742415375e-10,1.5412503252172819e-10,2.327287991078096e-08,1.3333368405948356e-05,True,False
1402,1.4436418279940019e-05,1.9248606261358822e-10,1.5398846165269354e-10,2.3252257709556725e-08,1.3333366966864303e-05,True,False
1403,1.4402453506786432e-05,1.9203273829409895e-10,1.536261707390553e-10,2.319755178159735e-08,1.3333335060141883e-05,True,False
1404,1.4400335462930822e-05,1.9200456634842765e-10,1.536035782712621e-10,2.3194140318960577e-08,1.3333339826886922e-05,True,False
1405,1.43757265831194e-05,1.9167638606664576e-10,1.533410835532736e-10,2.3154503616544315e-08,1.3333335533225879e-05,True,False
1406,1.4345680261550343e-05,1.9127619086338232e-10,1.53020589456537e-10,2.3106109007937086e-08,1.3333364983467925e-05,True,False
1407,1.4326047458212829e-05,1.9101465907389044e-10,1.528111728876035e-10,2.307448710602813e-08,1.3333381704273614e-05,True,False
1408,1.4312746966460463e-05,1.908368024494947e-10,1.5266930097557827e-10,2.305306444731232e-08,1.3333345646135499e-05,True,False
1409,1.4283138567467063e-05,1.9044319763116437e-10,1.52353478052982e-10,2.3005375186000283e-08,1.3333427854921183e-05,True,False
1410,1.4274966987720175e-05,1.9033367964559215e-10,1.5226631453568187e-10,2.2992213494887963e-08,1.3333388428101013e-05,True,False
1411,1.4243108738720126e-05,1.8990869153469743e-10,1.519264932130147e-10,2.294090047516522e-08,1.3333373705027436e-05,True,False
1412,1.422822466091857e-05,1.8970992197055576e-10,1.5176772971646475e-10,2.2916927187186178e-08,1.3333351594569786e-05,True,False
1413,1.421218976463237e-05,1.8949721636935733e-10,1.5159669082274528e-10,2.2891100314234538e-08,1.3333428522107768e-05,True,False
1414,1.4209730102220493e-05,1.894634460065159e-10,1.5157045442368526e-10,2.2887138617976474e-08,1.3333359933198822e-05,True,False
1415,1.4182425138088205e-05,1.890995899516203e-10,1.5127920147294087e-10,2.284315942241407e-08,1.3333374800884794e-05,True,False
1416,1.4174588904982292e-05,1.8899522090000272e-10,1.5119561498647778e-10,2.2830537862958145e-08,1.3333382870354139e-05,True,False
1417,1.4150735180858123e-05,1.8867701724163788e-10,1.5094117526248665e-10,2.2792117464635484e-08,1.3333372070792735e-05,True,False
1418,1.4132340340894762e-05,1.884315010674993e-10,1.507449636362108e-10,2.276248950906783e-08,1.3333354315154367e-05,True,False
1419,1.4111366806220793e-05,1.881518698858543e-10,1.505212459330218e-10,2.272870813588629e-08,1.3333355476445432e-05,True,False
1420,1.4095279735081529e-05,1.8793755371270192e-10,1.503496505075363e-10,2.270279722663798e-08,1.3333368137770759e-05,True,False
1421,1.4063733838591006e-05,1.8751710069471642e-10,1.5001316094497074e-10,2.265198730269058e-08,1.3333379516908084e-05,True,False
1422,1.4050882949854524e-05,1.8734519742018683e-10,1.4987608479844828e-10,2.2631288804565688e-08,1.3333339839837362e-05,True,False
1423,1.4027296060104246e-05,1.870306162894101e-10,1.4962449130777864e-10,2.259329818747457e-08,1.3333333486940044e-05,True,False
1424,1.4020077565493633e-05,1.869345497259544e-10,1.495474940319321e-10,2.2581671598821745e-08,1.3333346327986069e-05,True,False
1425,1.4001105715850748e-05,1.8668334164180135e-10,1.4934512763574134e-10,2.255111427299694e-08,1.3333471329371927e-05,True,False
1426,1.396835380513887e-05,1.862448311608983e-10,1.4899577392148128e-10,2.2498361862143674e-08,1.3333341477388696e-05,True,False
1427,1.3957959597936392e-05,1.86107416872213e-10,1.488849023779882e-10,2.2481620259076217e-08,1.333342567489076e-05,True,False
1428,1.3916594698344635e-05,1.8555462849084797e-10,1.4844367678234278e-10,2.241499519413376e-08,1.3333335669603105e-05,True,False
1429,1.3911723102561086e-05,1.8549074248337718e-10,1.4839171309398492e-10,2.240714867719172e-08,1.3333412483549876e-05,True,False
1430,1.3876011827303821e-05,1.8501355170294662e-10,1.480107928245741e-10,2.2349629716510688e-08,1.3333337705787736e-05,True,False
1431,1.3863067688114277e-05,1.8484095809329442e-10,1.478727220065523e-10,2.2328781022989395e-08,1.3333337342915145e-05,True,False
1432,1.3853928310235537e-05,1.8471921906831432e-10,1.4777523530917907e-10,2.231406053168604e-08,1.3333345960209739e-05,True,False
1433,1.3826591352852253e-05,1.843554597144488e-10,1.474836410970907e-10,2.2270029805660698e-08,1.3333399028706998e-05,True,False
1434,1.3821156201174494e-05,1.8428213706563636e-10,1.4742566614586128e-10,2.2261275588025054e-08,1.3333337268120625e-05,True,False
1435,1.3794744821060519e-05,1.8393034042774882e-10,1.4714394475797889e-10,2.221873565845481e-08,1.333336301712093e-05,True,False
1436,1.3771092064731265e-05,1.8361527341241717e-10,1.4689164869046683e-10,2.218063895226049e-08,1.3333385075731851e-05,True,False
1437,1.3757735428256456e-05,1.834368782783432e-10,1.467491779014022e-10,2.2159125863111734e-08,1.3333362836851014e-05,True,False
1438,1.3736624750301723e-05,1.8315540114458018e-10,1.4652399733655172e-10,2.2125123597819308e-08,1.3333362778258698e-05,True,False
1439,1.372491008303881e-05,1.829988987844581e-10,1.463990408857473e-10,2.2106255173747843e-08,1.333334045012123e-05,True,False
1440,1.3695858229596634e-05,1.8261179494426192e-10,1.4608915444903078e-10,2.2059462321803646e-08,1.3333359025989286e-05,True,False
1441,1.3682260337833895e-05,1.8243016482520554e-10,1.4594411027022822e-10,2.203756065080446e-08,1.3333335305772068e-05,True,False
1442,1.3679701428472943e-05,1.8239605521592623e-10,1.4591681523704474e-10,2.2033439100793755e-08,1.3333335977369135e-05,True,False
1443,1.3658783955043218e-05,1.8211763778618897e-10,1.45693695520461e-10,2.199974802358961e-08,1.3333371285878335e-05,True,False
1444,1.3625650744968842e-05,1.8167565779574512e-10,1.45340274613001e-10,2.194638146656315e-08,1.333335641696433e-05,True,False
1445,1.3614563584700735e-05,1.8152779288238922e-10,1.4522201157014119e-10,2.192852374709132e-08,1.3333353783471967e-05,True,False
1446,1.3601651756791446e-05,1.8135536361032056e-10,1.4508428540577543e-10,2.190772709627209e-08,1.3333333837176647e-05,True,False
1447,1.357764361862255e-05,1.810355710659676e-10,1.4482819859864055e-10,2.1869057988394723e-08,1.3333357109010173e-05,True,False
1448,1.355137909414111e-05,1.8068527565902187e-10,1.445480436708385e-10,2.1826754594296615e-08,1.3333349646837089e-05,True,False
1449,1.3521089507899373e-05,1.802817042172089e-10,1.4422495475092666e-10,2.1777968167389924e-08,1.3333371109767717e-05,True,False
1450,1.3517184711853216e-05,1.8022928012544481e-10,1.4418330359310097e-10,2.1771678842558246e-08,1.3333344477226964e-05,True,False
1451,1.3483181062174075e-05,1.7977624195350344e-10,1.4382059799652346e-10,2.1716910297475042e-08,1.3333370005528628e-05,True,False
1452,1.3466245600576873e-05,1.7955010490633626e-10,1.4363995307282e-10,2.1689632913995818e-08,1.3333345479652072e-05,True,False
1453,1.3460850433123855e-05,1.794784065633678e-10,1.435824046199878e-10,2.1680943097618157e-08,1.3333363107706435e-05,True,False
1454,1.3446339696465216e-05,1.7928487310552226e-10,1.4342762342896231e-10,2.165757113777331e-08,1.3333358903066594e-05,True,False
1455,1.343296076041774e-05,1.7910666072091448e-10,1.4328491477778925e-10,2.1636022131446176e-08,1.3333371839265656e-05,True,False
1456,1.3421990843948703e-05,1.7896007885348806e-10,1.4316790233545283e-10,2.1618353252653377e-08,1.3333348303852563e-05,True,False
1457,1.3375964261160937e-05,1.7834643727126392e-10,1.4267695211905e-10,2.154421976997655e-08,1.3333351808446349e-05,True,False
1458,1.3372086367850434e-05,1.782946344943849e-10,1.4263558792373798e-10,2.1537973776484432e-08,1.3333344520047832e-05,True,False
1459,1.3362703459257154e-05,1.7816965276353053e-10,1.4253550356540964e-10,2.1522861038376858e-08,1.333335378628803e-05,True,False
1460,1.3339734968033201e-05,1.7786339640135653e-10,1.4229050632568748e-10,2.148586645517881e-08,1.333335308591821e-05,True,False
1461,1.3310268751147677e-05,1.7747034992255234e-10,1.419762000122419e-10,2.1438406201848527e-08,1.3333340839361337e-05,True,False
1462,1.3302012748420274e-05,1.7736064200733778e-10,1.418881359831496e-10,2.142510853345559e-08,1.333336881882036e-05,True,False
1463,1.3297283559141438e-05,1.7729724012674863e-10,1.4183769129750868e-10,2.141749138592381e-08,1.3333342809318576e-05,True,False
1464,1.3276385360915134e-05,1.7701876298238572e-10,1.4161477718309478e-10,2.138383135464731e-08,1.3333355289875671e-05,True,False
1465,1.3246860701427515e-05,1.7662542162120243e-10,1.412998474818935e-10,2.133627696976592e-08,1.3333379553252857e-05,True,False
1466,1.3212915688175485e-05,1.761730432025232e-10,1.4093776734053851e-10,2.1281602868421317e-08,1.3333396455423094e-05,True,False
1467,1.3205427981845772e-05,1.7607249909890239e-10,1.4085789847302159e-10,2.126954266942626e-08,1.3333342875441744e-05,True,False
1468,1.3202958774839264e-05,1.7603952545294782e-10,1.4083156026495217e-10,2.1265565600007776e-08,1.3333339023100218e-05,True,False
1469,1.317454696587637e-05,1.756615317392332e-10,1.4052850096934796e-10,2.121980364637154e-08,1.3333402066440482e-05,True,False
1470,1.3143511166621473e-05,1.7524688056152721e-10,1.4019745244396238e-10,2.116981531903832e-08,1.33333382792396e-05,True,False
1471,1.3128224288092222e-05,1.7504327753006018e-10,1.4003439240631705e-10,2.1145193253353875e-08,1.3333355196317814e-05,True,False
1472,1.3105172879875514e-05,1.7473598728183786e-10,1.3978851071867217e-10,2.1108065118519497e-08,1.3333359955149074e-05,True,False
1473,1.3087089921479415e-05,1.7449478338234856e-10,1.3959562582911377e-10,2.107893950019618e-08,1.3333352519871966e-05,True,False
1474,1.307548121646422e-05,1.743399547518242e-10,1.39471799642285e-10,2.106024174598504e-08,1.3333349026749472e-05,True,False
1475,1.3051404720299659e-05,1.7401887293658712e-10,1.3921498368319638e-10,2.102146253616265e-08,1.3333344315491557e-05,True,False
1476,1.3045196265284254e-05,1.73936059070065e-10,1.3914876016303204e-10,2.101146278461784e-08,1.3333341678648554e-05,True,False
1477,1.3025660307648252e-05,1.7367574222134236e-10,1.389403766149147e-10,2.0979996868852118e-08,1.3333354173175045e-05,True,False
1478,1.298930555380856e-05,1.7319087631052093e-10,1.3855259257395798e-10,2.0921441478667657e-08,1.3333343772157248e-05,True,False
1479,1.2969542975125168e-05,1.729287076591927e-10,1.3834179173466847e-10,2.088961055193494e-08,1.3333446520888202e-05,True,False
1480,1.294521427669596e-05,1.7260321841652412e-10,1.3808228561809024e-10,2.0850425128331627e-08,1.3333361250515978e-05,True,False
1481,1.2938561220114993e-05,1.725148452543798e-10,1.380113196812266e-10,2.0839709271865217e-08,1.3333387099191432e-05,True,False
1482,1.2928843367958932e-05,1.7238466001572882e-10,1.3790766259156194e-10,2.0824057051325852e-08,1.333333965843714e-05,True,False
1483,1.2893588200346028e-05,1.7191472129843196e-10,1.3753160747035764e-10,2.0767272728024005e-08,1.3333349772549604e-05,True,False
1484,1.2878945385055409e-05,1.7171951026419724e-10,1.3737541744059104e-10,2.0743688033529247e-08,1.3333351849093073e-05,True,False
1485,1.2868133217176852e-05,1.715756744433276e-10,1.3726008764988642e-10,2.072627323513285e-08,1.3333377230995879e-05,True,False
1486,1.284551156570448e-05,1.7127425047254446e-10,1.3701879003418114e-10,2.068983729516135e-08,1.3333392726049158e-05,True,False
1487,1.2828573997195662e-05,1.710476670902648e-10,1.3683812263675374e-10,2.0662556518149812e-08,1.3333334408614392e-05,True,False
1488,1.2794099687730069e-05,1.705880138145398e-10,1.3647039666912073e-10,2.0607029897037233e-08,1.3333334738523173e-05,True,False
1489,1.278974603426486e-05,1.7053007321363192e-10,1.3642395769882517e-10,2.06000176125226e-08,1.3333343192020137e-05,True,False
1490,1.2780927177606253e-05,1.704124076825037e-10,1.363298898944667e-10,2.0585813374064473e-08,1.3333336878805402e-05,True,False
1491,1.2772143523804521e-05,1.7029585865903557e-10,1.3623619758724822e-10,2.0571665835674483e-08,1.3333381224666073e-05,True,False
1492,1.2758115767408464e-05,1.7010832556667849e-10,1.360865681856903e-10,2.054907179603923e-08,1.333334237342732e-05,True,False
1493,1.2740699115077663e-05,1.6987606978145754e-10,1.3590079056082842e-10,2.052101937468509e-08,1.3333339736468774e-05,True,False
1494,1.2719660231132366e-05,1.695955240958925e-10,1.3567637579874524e-10,2.048713274561053e-08,1.3333337606046596e-05,True,False
1495,1.2711821203709979e-05,1.6949104514763564e-10,1.3559275950623977e-10,2.0474506685442206e-08,1.3333340866859364e-05,True,False
1496,1.2691890090609771e-05,1.692253133573152e-10,1.3538016096650424e-10,2.0442404305942138e-08,1.3333342169620451e-05,True,False
1497,1.267228524426626e-05,1.6896393420305716e-10,1.3517104260550678e-10,2.041082743343152e-08,1.3333343666605603e-05,True,False
1498,1.266479004528644e-05,1.6886457184610015e-10,1.350910938163887e-10,2.0398755166274696e-08,1.3333388965966148e-05,True,False
1499,1.2638681685245073e-05,1.6851577780843204e-10,1.3481260464261413e-10,2.035670330103473e-08,1.333333507442983e-05,True,False
1500,1.262225910504497e-05,1.6829685031756853e-10,1.3463743045381301e-10,2.0330251998525764e-08,1.3333338265121039e-05,True,False
1501,1.2601605514230145e-05,1.6802219201366327e-10,1.3441712548512155e-10,2.0296985948253353e-08,1.3333395639462536e-05,True,False
1502,1.2587311679795242e-05,1.6783109656168752e-10,1.3426465791781593e-10,2.0273963345590205e-08,1.3333355114347786e-05,True,False
1503,1.256092535650514e-05,1.6747934974546037e-10,1.339832038027215e-10,2.0231463774210944e-08,1.3333360798830398e-05,True,False
1504,1.2544902002297507e-05,1.6726546470080106e-10,1.3381228802450675e-10,2.020565549170052e-08,1.3333341676975047e-05,True,False
1505,1.2516174518958267e-05,1.6688236303282674e-10,1.3350586153555485e-10,2.0159385091868782e-08,1.3333336218670473e-05,True,False
1506,1.2496677121714088e-05,1.666226450531473e-10,1.3329788929828361e-10,2.0127981284040826e-08,1.3333356013785906e-05,True,False
1507,1.2486792269141814e-05,1.6649109137155464e-10,1.3319245087084602e-10,2.011206008149775e-08,1.3333375600633513e-05,True,False
1508,1.2467327265941073e-05,1.6623108807635305e-10,1.3298482417003812e-10,2.0080708449675755e-08,1.3333337974569115e-05,True,False
1509,1.2459732452262828e-05,1.6612977856914435e-10,1.3290381282413685e-10,2.0068475736444664e-08,1.3333334339693088e-05,True,False
1510,1.2448986262718113e-05,1.6598649021265078e-10,1.3278918680232655e-10,2.0051167207151306e-08,1.333333387231237e-05,True,False
1511,1.244000428709071e-05,1.6586713828092709e-10,1.3269337906230092e-10,2.0036700238407438e-08,1.3333366649483504e-05,True,False
1512,1.2421560984771904e-05,1.6562095182474124e-10,1.3249665050423366e-10,2.000699422613928e-08,1.3333344498954897e-05,True,False
1513,1.2386937366401025e-05,1.6515956833229059e-10,1.321273319082776e-10,1.9951227118149917e-08,1.3333365903688028e-05,True,False
1514,1.2368115504653872e-05,1.649091416784645e-10,1.3192656538297465e-10,1.992091137282917e-08,1.3333408926882395e-05,True,False
1515,1.2364396020469544e-05,1.648588123840462e-10,1.3188689088500847e-10,1.991492052363628e-08,1.3333349409960552e-05,True,False
1516,1.2329522542449718e-05,1.6439371656685944e-10,1.3151490711946366e-10,1.9858750975039014e-08,1.3333340038177709e-05,True,False
1517,1.2321919202281285e-05,1.6429238683498173e-10,1.3143380482433372e-10,1.984650452847439e-08,1.3333343948933261e-05,True,False
1518,1.2315078067607939e-05,1.6420142161706655e-10,1.3136083272115135e-10,1.9835485740893854e-08,1.3333364247926427e-05,True,False
1519,1.2307560267894242e-05,1.6410089061891085e-10,1.312806428575386e-10,1.9823377071488326e-08,1.3333340405976955e-05,True,False
1520,1.2278492027180583e-05,1.6371334019793404e-10,1.3097058162325956e-10,1.9776557825112195e-08,1.3333342550170332e-05,True,False
1521,1.2277042950612811e-05,1.636939317988026e-10,1.3095512480653665e-10,1.9774223845787035e-08,1.3333335434053507e-05,True,False
1522,1.2248677994605215e-05,1.6331584702407713e-10,1.3065256527578898e-10,1.9728537356644134e-08,1.3333344798190275e-05,True,False
1523,1.2244088092067734e-05,1.6325457861859823e-10,1.3060360631538918e-10,1.9721144553623763e-08,1.3333339109538245e-05,True,False
1524,1.2222101908550247e-05,1.6296154834378457e-10,1.3036908702453597e-10,1.9685732140704933e-08,1.3333348843195388e-05,True,False
1525,1.2209626960154958e-05,1.6279537788797168e-10,1.3023602090831957e-10,1.9665639157156253e-08,1.3333362142777994e-05,True,False
1526,1.2188472730500598e-05,1.6251299139519928e-10,1.3001037579200637e-10,1.9631566744592962e-08,1.3333335110027739e-05,True,False
1527,1.2174389644458877e-05,1.623258862732719e-10,1.2986015620756137e-10,1.9608883587341764e-08,1.3333390092960747e-05,True,False
1528,1.2167028710692409e-05,1.6222739161143683e-10,1.2978163958071903e-10,1.9597027576688574e-08,1.3333361453225722e-05,True,False
1529,1.2158828169467133e-05,1.6211776048251697e-10,1.2969416714098275e-10,1.9583819238288398e-08,1.3333337573568314e-05,True,False
1530,1.2140462136804259e-05,1.6187350161534496e-10,1.2949826279257878e-10,1.9554237681679394e-08,1.3333388778061378e-05,True,False
1531,1.2119778620280091e-05,1.6159712322959938e-10,1.29277638616321e-10,1.952092343106447e-08,1.3333339518198628e-05,True,False
1532,1.2107737454292642e-05,1.6143693919053856e-10,1.2914919951245485e-10,1.9501529126380684e-08,1.333336965721066e-05,True,False
1533,1.2079954021510165e-05,1.6106695124721903e-10,1.2885284289610843e-10,1.9456779277312372e-08,1.3333407640493932e-05,True,False
1534,1.2068976553970198e-05,1.609198346050687e-10,1.2873574990901546e-10,1.9439098236261333e-08,1.3333345531451271e-05,True,False
1535,1.2062296386828858e-05,1.608308467604285e-10,1.2866449479284116e-10,1.9428338713719016e-08,1.3333352257538952e-05,True,False
1536,1.204341233387937e-05,1.6057925192456357e-10,1.284630648947133e-10,1.9397922799101706e-08,1.3333368274109278e-05,True,False
1537,1.2016199068006982e-05,1.602161806532174e-10,1.2817279005874115e-10,1.9354091298869913e-08,1.3333349401624969e-05,True,False
1538,1.2002876558330467e-05,1.6003852753146e-10,1.2803068328885833e-10,1.9332633176617607e-08,1.3333347781568827e-05,True,False
1539,1.199139451122271e-05,1.5988546342049414e-10,1.2790820811970893e-10,1.9314139426076046e-08,1.3333350284727752e-05,True,False
1540,1.1973254920002827e-05,1.596434652087861e-10,1.2771471914669682e-10,1.928492259115122e-08,1.33333388686214e-05,True,False
1541,1.196012804552147e-05,1.5946870740852437e-10,1.2757469915222903e-10,1.9263779571986584e-08,1.3333361214994535e-05,True,False
1542,1.1951725842899492e-05,1.5935709852375685e-10,1.274850756575946e-10,1.9250246424296782e-08,1.333339641642054e-05,True,False
1543,1.1915755058052898e-05,1.5887726682578923e-10,1.271013872858976e-10,1.9192309480170534e-08,1.3333378040396768e-05,True,False
1544,1.1910987045820809e-05,1.5881318939318753e-10,1.2705052848875531e-10,1.918462980180205e-08,1.3333335749778192e-05,True,False
1545,1.1903641946718321e-05,1.5871580059338207e-10,1.2697218076499544e-10,1.917279929551431e-08,1.3333381607394362e-05,True,False
1546,1.1889453534564363e-05,1.585264968137206e-10,1.2682083770201988e-10,1.9149946493005e-08,1.3333371155609559e-05,True,False
1547,1.1878286425894245e-05,1.5837723728153757e-10,1.267017218762053e-10,1.9131960003306998e-08,1.333334048388333e-05,True,False
1548,1.1850165549518445e-05,1.5800232003517073e-10,1.264017658615301e-10,1.908666664509104e-08,1.3333342844445871e-05,True,False
1549,1.183987453967708e-05,1.578650787651147e-10,1.2629199508988887e-10,1.907009125857322e-08,1.3333340504249997e-05,True,False
1550,1.1836086067131666e-05,1.578149081562429e-10,1.2625158471607112e-10,1.9063989292126736e-08,1.3333369431512377e-05,True,False
1551,1.1810001516512483e-05,1.5746671229288177e-10,1.259733495094665e-10,1.902197577592944e-08,1.3333335484564951e-05,True,False
1552,1.1803726119680676e-05,1.5738397456865993e-10,1.2590641194326056e-10,1.9011868203432342e-08,1.3333414633049585e-05,True,False
1553,1.1786383971111464e-05,1.57152733930737e-10,1.2572142902518897e-10,1.8983935782803533e-08,1.3333413735367844e-05,True,False
1554,1.1770384145670053e-05,1.5693892047785268e-10,1.2555076422048057e-10,1.8958165397292565e-08,1.3333372856448825e-05,True,False
1555,1.175802681263822e-05,1.5677416007848413e-10,1.2541895266814103e-10,1.8938261852889294e-08,1.33333732416713e-05,True,False
1556,1.173270961054166e-05,1.5643679465221638e-10,1.251489025124444e-10,1.88974842793791e-08,1.3333390141324243e-05,True,False
1557,1.1724534114571148e-05,1.5632724374785036e-10,1.2506169722209225e-10,1.888431628053593e-08,1.3333343757648182e-05,True,False
1558,1.1709895257492248e-05,1.5613214545801438e-10,1.2490554941325067e-10,1.886073796140085e-08,1.333335115513673e-05,True,False
1559,1.1677181467528946e-05,1.556961487772676e-10,1.2455660232030876e-10,1.8808046950366623e-08,1.333336723508289e-05,True,False
1560,1.1664647234736505e-05,1.555287723593464e-10,1.244229038371894e-10,1.8787858479415596e-08,1.333334555512254e-05,True,False
1561,1.1647851261967268e-05,1.5530548651484008e-10,1.2424374679431753e-10,1.8760805765941946e-08,1.3333402274971161e-05,True,False
1562,1.163627422987254e-05,1.55150425825881e-10,1.2412025845197377e-10,1.874215902624804e-08,1.3333342164417214e-05,True,False
1563,1.1623322481787183e-05,1.54978366825133e-10,1.2398210647239663e-10,1.872129807733189e-08,1.3333396459400632e-05,True,False
1564,1.1609215699648293e-05,1.5478997966671529e-10,1.238316341295818e-10,1.869857675356685e-08,1.3333370976249905e-05,True,False
1565,1.1596490053239411e-05,1.546200093578954e-10,1.2369589390122038e-10,1.8678079979084278e-08,1.3333345576811254e-05,True,False
1566,1.1573559699741705e-05,1.5431446511823877e-10,1.2345130346391154e-10,1.864114682305064e-08,1.333336234673613e-05,True,False
1567,1.1565613290571987e-05,1.5420837628990757e-10,1.233665417661012e-10,1.862834780668128e-08,1.3333350546625536e-05,True,False
1568,1.1559089225678577e-05,1.5412175346008094e-10,1.232969517405715e-10,1.8617839712826294e-08,1.3333382107450011e-05,True,False
1569,1.1548964205472909e-05,1.5398622767665827e-10,1.2318895152504438e-10,1.86015316802817e-08,1.3333336647080967e-05,True,False
1570,1.1531028294436444e-05,1.5374718658068795e-10,1.229976351406554e-10,1.8572642906238967e-08,1.3333345704725118e-05,True,False
1571,1.1512538733230662e-05,1.5350072679445216e-10,1.228004131544604e-10,1.854286238632352e-08,1.3333351604835522e-05,True,False
1572,1.1500130624502781e-05,1.5333526092551575e-10,1.2266805999469634e-10,1.8522877059199146e-08,1.3333349501162326e-05,True,False
1573,1.1483330679196751e-05,1.5311113874435908e-10,1.224888605780987e-10,1.8495817947292902e-08,1.333333882143931e-05,True,False
1574,1.1456042479110648e-05,1.5274761386717596e-10,1.2219778644384692e-10,1.8451865753020885e-08,1.3333366574513089e-05,True,False
1575,1.1427540113249735e-05,1.5236776137854838e-10,1.2189376120799717e-10,1.8405957942407572e-08,1.3333382326252752e-05,True,False
1576,1.1414101462062928e-05,1.5218810860480315e-10,1.217504155953379e-10,1.8384312754896023e-08,1.3333341140398224e-05,True,False
1577,1.1405732484649864e-05,1.5207677005695424e-10,1.2166114650293189e-10,1.8370833121942717e-08,1.3333362873592132e-05,True,False
1578,1.1393240925275775e-05,1.5190989312562747e-10,1.215279032029416e-10,1.8350713383644182e-08,1.333333457283582e-05,True,False
1579,1.1370855614787265e-05,1.516120734866127e-10,1.2128912655773085e-10,1.8314658110217356e-08,1.3333391841634881e-05,True,False
1580,1.1357352142444991e-05,1.5143150567733901e-10,1.2114508951941325e-10,1.82929085174314e-08,1.3333345992804542e-05,True,False
1581,1.1350548297015724e-05,1.5134109414160297e-10,1.2107251516816772e-10,1.8281949790393325e-08,1.3333372994976237e-05,True,False
1582,1.1339120237927085e-05,1.5118852210413486e-10,1.2095061587122225e-10,1.826354299655456e-08,1.333335558065956e-05,True,False
1583,1.1317102781048533e-05,1.5089496288547773e-10,1.2071576299785102e-10,1.8228080212675503e-08,1.3333356231257738e-05,True,False
1584,1.1307895878600966e-05,1.5077196376269182e-10,1.2061755603841032e-10,1.8213250961799955e-08,1.3333334988343172e-05,True,False
1585,1.1288254619465638e-05,1.5051017230205547e-10,1.2040804927430015e-10,1.818161544041932e-08,1.3333343140799946e-05,True,False
1586,1.1280354878203821e-05,1.5040496247454773e-10,1.2032378536750744e-10,1.816889159049362e-08,1.3333353790594291e-05,True,False
1587,1.1268695350764247e-05,1.5024931038541098e-10,1.2019941707481864e-10,1.8150111978297613e-08,1.3333336797965792e-05,True,False
1588,1.1254249665305275e-05,1.500567173929596e-10,1.2004532976325628e-10,1.8126844794251698e-08,1.333333823715997e-05,True,False
1589,1.1228968321869363e-05,1.4971965265084208e-10,1.1977566209993987e-10,1.8086124977090923e-08,1.3333340014794629e-05,True,False
1590,1.1218400807242029e-05,1.495793890671189e-10,1.19662941943915e-10,1.806910423353116e-08,1.3333396768152378e-05,True,False
1591,1.1207552685671105e-05,1.4943414522782266e-10,1.1954722864715847e-10,1.8051631525720928e-08,1.3333343096292085e-05,True,False
1592,1.1189695256910135e-05,1.4919598126988247e-10,1.1935674940704143e-10,1.8022869160463258e-08,1.3333337311196863e-05,True,False
1593,1.1177796709671963e-05,1.4903774569799909e-10,1.1922983156983428e-10,1.8003704567044974e-08,1.3333374149579871e-05,True,False
1594,1.1170737631558988e-05,1.489432601035311e-10,1.1915453473662922e-10,1.799233474523101e-08,1.3333341540736247e-05,True,False
1595,1.1149738294994736e-05,1.4866329926986786e-10,1.189305418132772e-10,1.7958511813804856e-08,1.3333344275587596e-05,True,False
1596,1.1132203637872211e-05,1.4842960407479752e-10,1.1874350547063692e-10,1.7930269326066176e-08,1.333335329672141e-05,True,False
1597,1.1101986963818155e-05,1.480265382602859e-10,1.18421194280727e-10,1.7881600336389777e-08,1.3333337423536045e-05,True,False
1598,1.1092395275164001e-05,1.4789864102396886e-10,1.1831888293508268e-10,1.7866151323197486e-08,1.3333336700966256e-05,True,False
1599,1.1089863081083687e-05,1.4786484869643055e-10,1.1829187286489266e-10,1.786207280259879e-08,1.3333334020024834e-05,True,False
1600,1.1072784302566535e-05,1.4763721485354074e-10,1.1810969922737637e-10,1.7834564583333833e-08,1.3333341535364349e-05,True,False
1601,1.1060279253779234e-05,1.4747051399441822e-10,1.1797631204031183e-10,1.7814423118087086e-08,1.3333344539562905e-05,True,False
1602,1.1052349995646243e-05,1.4736496131789552e-10,1.1789173328689328e-10,1.7801651726320883e-08,1.333335999818552e-05,True,False
1603,1.1034081707773009e-05,1.471215477468761e-10,1.1769687154957877e-10,1.7772227603986393e-08,1.3333374869177892e-05,True,False
1604,1.1013404299165872e-05,1.4684540007708328e-10,1.1747631252443598e-10,1.773892319118983e-08,1.3333334188794375e-05,True,False
1605,1.101051561729432e-05,1.4680701148174673e-10,1.174454999178061e-10,1.7734270487588718e-08,1.3333345738246407e-05,True,False
1606,1.0994216477703922e-05,1.4658962267446452e-10,1.1727164242884184e-10,1.7708018006755115e-08,1.333333966742839e-05,True,False
1607,1.097129220308938e-05,1.4628411639361184e-10,1.170271168329534e-10,1.7671094641775963e-08,1.3333353417787927e-05,True,False
1608,1.0956948761188279e-05,1.4609285398202753e-10,1.1687412011934164e-10,1.764799213802059e-08,1.3333351936400201e-05,True,False
1609,1.0947286127965614e-05,1.459638438378627e-10,1.167710520316332e-10,1.7632428856776615e-08,1.3333335963968985e-05,True,False
1610,1.0925417053869639e-05,1.456723480829908e-10,1.1653778190794283e-10,1.7597205068099366e-08,1.333334438078916e-05,True,False
1611,1.0920998487185866e-05,1.456134995778126e-10,1.1649065052998258e-10,1.7590088230027367e-08,1.333335040277388e-05,True,False
1612,1.0892439975226042e-05,1.4523286771309654e-10,1.1618602640241112e-10,1.7544089986764078e-08,1.3333364061993157e-05,True,False
1613,1.0878186778646713e-05,1.450425466366974e-10,1.1603399230556494e-10,1.7521132838140307e-08,1.3333338504667707e-05,True,False
1614,1.0874899389054278e-05,1.4499867050384487e-10,1.1599892681657898e-10,1.7515837949303425e-08,1.3333334435239728e-05,True,False
1615,1.0866877368251465e-05,1.4489240989308498e-10,1.159133585946823e-10,1.7502917147797027e-08,1.3333398821302691e-05,True,False
1616,1.085051311436698e-05,1.4467354207503254e-10,1.1573880655324779e-10,1.7476559789540414e-08,1.3333336456086373e-05,True,False
1617,1.0842644980184565e-05,1.4456916340713492e-10,1.1565487978863537e-10,1.746388684808394e-08,1.33333853198497e-05,True,False
1618,1.0835440703439501e-05,1.444726552958091e-10,1.1557803417002136e-10,1.7452283159673225e-08,1.333334372361514e-05,True,False
1619,1.0817806054480324e-05,1.4423753675622393e-10,1.1538993124779013e-10,1.742387961841631e-08,1.3333344675419304e-05,True,False
1620,1.080328911767095e-05,1.4404430745990693e-10,1.1523508392182348e-10,1.7400497672195345e-08,1.3333375224059635e-05,True,False
1621,1.0789649922704843e-05,1.4386204479455071e-10,1.1508959917551832e-10,1.7378529475503268e-08,1.3333337580473243e-05,True,False
1622,1.0776180618263365e-05,1.4368248817996648e-10,1.1494592659480924e-10,1.7356834915816196e-08,1.3333340751217069e-05,True,False
1623,1.0763217317741442e-05,1.435100078874816e-10,1.1480765138924206e-10,1.733595535977555e-08,1.3333374552507483e-05,True,False
1624,1.0756953764634621e-05,1.4342620197530145e-10,1.1474084015610263e-10,1.7325866863571497e-08,1.3333347443292016e-05,True,False
1625,1.0743876844578432e-05,1.4325192764954893e-10,1.1460135300883661e-10,1.7304804304334328e-08,1.3333355335493874e-05,True,False
1626,1.0731958697226099e-05,1.4309286836132546e-10,1.1447422610374506e-10,1.7285608141665504e-08,1.3333341321776689e-05,True,False
1627,1.0724843112334816e-05,1.4299807415660482e-10,1.1439832653157138e-10,1.7274147306267278e-08,1.3333348810682406e-05,True,False
1628,1.0702816725958172e-05,1.4270473254594776e-10,1.1416337841022051e-10,1.7238670139943297e-08,1.3333380940723535e-05,True,False
1629,1.0688090459218707e-05,1.4250792230724366e-10,1.1400629823166621e-10,1.7214951032981597e-08,1.3333337966308801e-05,True,False
1630,1.0674941033930575e-05,1.4233263050290376e-10,1.1386603769525948e-10,1.719377169198418e-08,1.3333341144508043e-05,True,False
1631,1.0655004469893984e-05,1.420668381195788e-10,1.136533810122025e-10,1.7161660532842575e-08,1.3333343831153959e-05,True,False
1632,1.0621277451754773e-05,1.4161772348164272e-10,1.1329362615205092e-10,1.7107337548959688e-08,1.3333398371798076e-05,True,False
1633,1.06149320313757e-05,1.4153257005278573e-10,1.1322594166800747e-10,1.7097117191869127e-08,1.3333346801886498e-05,True,False
1634,1.0607325136118434e-05,1.4143108023508706e-10,1.1314480145192997e-10,1.7084865019241426e-08,1.333334072635406e-05,True,False
1635,1.0597268743268879e-05,1.4129732169925069e-10,1.1303753326153472e-10,1.7068667522491743e-08,1.3333371562271574e-05,True,False
1636,1.0580383696595803e-05,1.4107205061896366e-10,1.128574260970219e-10,1.7041471340650305e-08,1.3333358663008889e-05,True,False
1637,1.057420990602364e-05,1.4098962021810425e-10,1.1279157233091883e-10,1.7031527421968744e-08,1.333334797314634e-05,True,False
1638,1.0561679558337185e-05,1.4082252326311354e-10,1.1265791528892998e-10,1.7011345208628427e-08,1.3333345561686822e-05,True,False
1639,1.0548426071453868e-05,1.4064626219615914e-10,1.125165447621746e-10,1.6989998259088365e-08,1.3333388435718936e-05,True,False
1640,1.0535249526768563e-05,1.4047002429985847e-10,1.1237599495219801e-10,1.69687752377819e-08,1.3333336238780507e-05,True,False
1641,1.0533090630886641e-05,1.4044123603074077e-10,1.1235296672945752e-10,1.6965297976148084e-08,1.3333335955443013e-05,True,False
1642,1.050079340495798e-05,1.4001058454174542e-10,1.1200846298621847e-10,1.6913277910918987e-08,1.3333333886526994e-05,True,False
1643,1.0490339286157408e-05,1.3987123510072136e-10,1.1189695238567903e-10,1.6896439810237534e-08,1.3333337586639291e-05,True,False
1644,1.04738573000142e-05,1.3965149051874784e-10,1.117211445334848e-10,1.6869892824556207e-08,1.3333339047741132e-05,True,False
1645,1.0459658510671296e-05,1.394621978628721e-10,1.1156969078049383e-10,1.6847023307854567e-08,1.3333341401211911e-05,True,False
1646,1.045599188989049e-05,1.394133150204948e-10,1.115305801588319e-10,1.6841117603983615e-08,1.3333341923810054e-05,True,False
1647,1.0442210574221879e-05,1.3922960067236342e-10,1.1138357945836672e-10,1.6818920498213372e-08,1.333334543320473e-05,True,False
1648,1.0425396822901562e-05,1.3900529186134317e-10,1.1120423277761668e-10,1.6791839149420117e-08,1.3333333418636785e-05,True,False
1649,1.0402520704979566e-05,1.3870045828161138e-10,1.1096022085311538e-10,1.675499334882042e-08,1.3333350849781733e-05,True,False
1650,1.0391502077207916e-05,1.3855341381512864e-10,1.1084268882355111e-10,1.6737246012356217e-08,1.3333338413031087e-05,True,False
1651,1.0389674008347137e-05,1.385290151025133e-10,1.1082318942236947e-10,1.673430160277779e-08,1.333333605955472e-05,True,False
1652,1.0371436662731779e-05,1.3828588417118386e-10,1.1062865773580564e-10,1.670492731810665e-08,1.3333339311427674e-05,True,False
1653,1.0356759687461093e-05,1.3809018707117186e-10,1.1047210333291833e-10,1.6681287603270667e-08,1.3333338924370076e-05,True,False
1654,1.0344076558541136e-05,1.3792102099445333e-10,1.1033681662443879e-10,1.666085931029026e-08,1.3333333354012303e-05,True,False
1655,1.0340736348075788e-05,1.3787650718978087e-10,1.1030118771280842e-10,1.6655479344634072e-08,1.333333551391019e-05,True,False
1656,1.033057692050188e-05,1.3774111636897601e-10,1.1019282048535339e-10,1.6639115893288362e-08,1.3333342119123806e-05,True,False
1657,1.0305225053797806e-05,1.3740323884723517e-10,1.0992240057384327e-10,1.6598282486650334e-08,1.3333356441021895e-05,True,False
1658,1.0300979866484621e-05,1.3734642234185952e-10,1.0987711857583597e-10,1.659144490495123e-08,1.3333335675058575e-05,True,False
1659,1.0276346201782485e-05,1.370180322412496e-10,1.0961435948567985e-10,1.6551768282337658e-08,1.333334139886053e-05,True,False
1660,1.0256165306039805e-05,1.3674923390028465e-10,1.0939909659775792e-10,1.6519263586261445e-08,1.3333368741604983e-05,True,False
1661,1.024817272931098e-05,1.3664236995656543e-10,1.0931384244598379e-10,1.6506390209343552e-08,1.3333339861237134e-05,True,False
1662,1.0233059437073834e-05,1.3644096780577356e-10,1.0915263399545423e-10,1.648204773331359e-08,1.3333350465204486e-05,True,False
1663,1.0227043690666659e-05,1.363608934294283e-10,1.090884660337777e-10,1.6472358371100432e-08,1.333336373187426e-05,True,False
1664,1.0223008026109872e-05,1.3630729825995252e-10,1.0904541894517197e-10,1.6465858260720967e-08,1.3333384646849493e-05,True,False
1665,1.0210466453885575e-05,1.361396785485106e-10,1.0891164217477947e-10,1.64456579683917e-08,1.3333345656965836e-05,True,False
1666,1.0192269469595285e-05,1.3589704861355023e-10,1.0871754100901638e-10,1.6416348692361473e-08,1.333334533775297e-05,True,False
1667,1.0183413727575549e-05,1.3577934029033484e-10,1.0862307976080587e-10,1.6402085043881684e-08,1.333338150866438e-05,True,False
1668,1.0180589536969717e-05,1.3574131699963565e-10,1.0859295506101032e-10,1.6397536214212558e-08,1.333334543217813e-05,True,False
1669,1.0161294878374497e-05,1.354839346556054e-10,1.0838714536932797e-10,1.6366458950768523e-08,1.3333333623054819e-05,True,False
1670,1.0131587838285849e-05,1.3508790562586935e-10,1.0807027027504907e-10,1.6318610811532407e-08,1.3333340023504618e-05,True,False
1671,1.0128628096760492e-05,1.350487000334376e-10,1.0803869969877858e-10,1.6313843654515566e-08,1.3333365461076723e-05,True,False
1672,1.011938306181732e-05,1.3492544070432997e-10,1.0794008599271809e-10,1.629895298490043e-08,1.3333366261569207e-05,True,False
1673,1.010023060829275e-05,1.3466986437196873e-10,1.0773579315512267e-10,1.6268104766423522e-08,1.3333345504151028e-05,True,False
1674,1.0083744770897792e-05,1.34450328278336e-10,1.0755994422290979e-10,1.6241551577659377e-08,1.333337280276734e-05,True,False
1675,1.0076113168979584e-05,1.343481788822712e-10,1.0747854046911556e-10,1.622925961083645e-08,1.3333333660431362e-05,True,False
1676,1.005745846123893e-05,1.340994896992383e-10,1.0727955691988192e-10,1.619921309490217e-08,1.3333337663392072e-05,True,False
1677,1.0051431705307753e-05,1.3401927081751868e-10,1.0721527152328271e-10,1.618950600001569e-08,1.3333351381848273e-05,True,False
1678,1.0040023578165616e-05,1.3386698859658744e-10,1.0709358483376658e-10,1.6171131309898755e-08,1.3333334085759776e-05,True,False
1679,1.0031359785247286e-05,1.337516397855581e-10,1.0700117104263773e-10,1.6157176827438296e-08,1.3333350876544297e-05,True,False
1680,1.0012467634452964e-05,1.334998212231535e-10,1.0679965476749829e-10,1.612674786989224e-08,1.3333358578236976e-05,True,False
1681,1.000342754118079e-05,1.3337907420100014e-10,1.0670322710592844e-10,1.6112187292995194e-08,1.333333736381083e-05,True,False
1682,9.987493868949908e-06,1.331666081008187e-10,1.0653326793546569e-10,1.6086523458255317e-08,1.3333335654384732e-05,True,False
1683,9.980703461548435e-06,1.3307636034755153e-10,1.0646083692318332e-10,1.607558637540068e-08,1.3333364813436275e-05,True,False
1684,9.959300142291997e-06,1.3279109196064825e-10,1.0623253485111464e-10,1.604111276251831e-08,1.3333375846034919e-05,True,False
1685,9.954431918744793e-06,1.3272581685013162e-10,1.061806071332778e-10,1.6033271677124946e-08,1.3333339153206818e-05,True,False
1686,9.948255811393961e-06,1.32643753254854e-10,1.0611472865486892e-10,1.6023324026885208e-08,1.3333367755072615e-05,True,False
1687,9.932795148091661e-06,1.3243747479540782e-10,1.0594981491297773e-10,1.5998422051859636e-08,1.3333354088234908e-05,True,False
1688,9.91801238859048e-06,1.3224030288388256e-10,1.0579213214496513e-10,1.5974611953889734e-08,1.333334721743337e-05,True,False
1689,9.908670368943196e-06,1.3211564934420887e-10,1.056924839353941e-10,1.5959565074244508e-08,1.3333337816777086e-05,True,False
1690,9.90335754798129e-06,1.320450239254362e-10,1.0563581384513377e-10,1.59510078906152e-08,1.3333359245658296e-05,True,False
1691,9.889232455509294e-06,1.3185662511637535e-10,1.0548514619209914e-10,1.592825707500697e-08,1.3333352786435716e-05,True,False
1692,9.867305024152824e-06,1.3156421792329668e-10,1.0525125359096346e-10,1.589293929223548e-08,1.3333348629768579e-05,True,False
1693,9.86086973364237e-06,1.3147831271656361e-10,1.0518261049218529e-10,1.5882574184319978e-08,1.3333338363450691e-05,True,False
1694,9.845788359450639e-06,1.312773126275754e-10,1.0502174250080682e-10,1.585828311762183e-08,1.3333346994155807e-05,True,False
1695,9.833857616049644e-06,1.3111833631328013e-10,1.0489448123786288e-10,1.5839066666917295e-08,1.3333357206564033e-05,True,False
1696,9.830529796644988e-06,1.3107399507534344e-10,1.0485898449754655e-10,1.5833706659129528e-08,1.3333360234570168e-05,True,False
1697,9.805637248648876e-06,1.3074201584274648e-10,1.0459346398558801e-10,1.5793613061823788e-08,1.3333352287813981e-05,True,False
1698,9.799976147088356e-06,1.3066667501260905e-10,1.045330789022758e-10,1.5784494914243645e-08,1.3333366637982182e-05,True,False
1699,9.785288719220409e-06,1.3047058444986674e-10,1.043764130050177e-10,1.5760838363757673e-08,1.3333340302324906e-05,True,False
1700,9.777577039918701e-06,1.3036791492659452e-10,1.0429415509246615e-10,1.5748417418962388e-08,1.3333355942310071e-05,True,False
1701,9.761257472085331e-06,1.3015018194530286e-10,1.0412007970224354e-10,1.5722132035038774e-08,1.3333341766416743e-05,True,False
1702,9.7429175282377e-06,1.299056067278452e-10,1.0392445363453548e-10,1.5692592498814856e-08,1.3333337406515287e-05,True,False
1703,9.73936613355808e-06,1.298583383888757e-10,1.0388657209128619e-10,1.5686872385784215e-08,1.3333345990704075e-05,True,False
1704,9.719560529698355e-06,1.2959419144296138e-10,1.0367531231678246e-10,1.5654972159834152e-08,1.3333338585318046e-05,True,False
1705,9.710305532129846e-06,1.2947075384283654e-10,1.0357659234271837e-10,1.5640065443750473e-08,1.3333334714797443e-05,True,False
1706,9.69677217019473e-06,1.2929030066782457e-10,1.0343223648207712e-10,1.5618267708793647e-08,1.333333385569563e-05,True,False
1707,9.691817897412572e-06,1.2922433443984724e-10,1.0337939090573411e-10,1.561028802676585e-08,1.3333343218752212e-05,True,False
1708,9.68291356755411e-06,1.2910574150269733e-10,1.0328441138724385e-10,1.559594611947382e-08,1.3333356804434354e-05,True,False
1709,9.670335633449589e-06,1.2893799409297238e-10,1.0315024675679562e-10,1.5575687260276138e-08,1.3333352530906706e-05,True,False
1710,9.653043343123702e-06,1.287073923462362e-10,1.0296579565998617e-10,1.554783514465791e-08,1.3333348641588797e-05,True,False
1711,9.639565118023624e-06,1.285275975388669e-10,1.0282202792558533e-10,1.5526126216763384e-08,1.3333339830709979e-05,True,False
1712,9.62847023551038e-06,1.283796142925922e-10,1.0270368251211072e-10,1.550825605932872e-08,1.3333334491612223e-05,True,False
1713,9.624110159349825e-06,1.2832176380251785e-10,1.0265717503306481e-10,1.5501233429992787e-08,1.3333363986680185e-05,True,False
1714,9.613624099084641e-06,1.2818169461149066e-10,1.0254532372356951e-10,1.5484343882258998e-08,1.3333337489625316e-05,True,False
1715,9.602590427961228e-06,1.2803478122018608e-10,1.0242763123158644e-10,1.5466572315969552e-08,1.3333358553684535e-05,True,False
1716,9.597433204553713e-06,1.2796596909566077e-10,1.0237262084857294e-10,1.5458265748134512e-08,1.3333353446517816e-05,True,False
1717,9.584959222367079e-06,1.2780036834878106e-10,1.0223956503858219e-10,1.543817432082591e-08,1.333342848768216e-05,True,False
1718,9.576172130651613e-06,1.2768246501270543e-10,1.0214583606028388e-10,1.5424021245102866e-08,1.3333351079187133e-05,True,False
1719,9.570851533034982e-06,1.2761156219685117e-10,1.0208908301903981e-10,1.541545153587501e-08,1.3333355110188892e-05,True,False
1720,9.54996337324845e-06,1.273328811524054e-10,1.0186627598131681e-10,1.538180767317884e-08,1.3333337121385496e-05,True,False
1721,9.536799471360622e-06,1.2715757597598889e-10,1.0172586102784664e-10,1.536060501520484e-08,1.3333359515196687e-05,True,False
1722,9.53010972059674e-06,1.2706813810786715e-10,1.0165450368636524e-10,1.534983005664115e-08,1.3333334225233936e-05,True,False
1723,9.52327455505338e-06,1.269771079337912e-10,1.0158159525390272e-10,1.5338820883339312e-08,1.3333345289978302e-05,True,False
1724,9.51987251789271e-06,1.2693166410690906e-10,1.0154530685752225e-10,1.533334133548586e-08,1.3333336540834924e-05,True,False
1725,9.49864991817062e-06,1.266486965037565e-10,1.0131893246048661e-10,1.5299158801533478e-08,1.3333336589390616e-05,True,False
1726,9.48072517052163e-06,1.2640970782242375e-10,1.0112773515223072e-10,1.527028800798684e-08,1.3333337434510686e-05,True,False
1727,9.47465673086185e-06,1.263290009267255e-10,1.0106300512919308e-10,1.5260513774508154e-08,1.3333359140625472e-05,True,False
1728,9.463538569496582e-06,1.2618063579753227e-10,1.0094441140796355e-10,1.5242606122602497e-08,1.3333346176053522e-05,True,False
1729,9.447512206473481e-06,1.2596686970097503e-10,1.0077346353571715e-10,1.5216792993893286e-08,1.3333337597030244e-05,True,False
1730,9.429948919786763e-06,1.2573265245973654e-10,1.0058612181105881e-10,1.518850439346988e-08,1.3333333354108953e-05,True,False
1731,9.424705772428666e-06,1.256628267071809e-10,1.0053019490590577e-10,1.5180059430791772e-08,1.3333342147910753e-05,True,False
1732,9.417072246350361e-06,1.2556102792326305e-10,1.004487706277372e-10,1.5167764364788316e-08,1.3333340197312909e-05,True,False
1733,9.404296834598098e-06,1.253909305018358e-10,1.0031249956904639e-10,1.5147187434926004e-08,1.333336587596073e-05,True,False
1734,9.386150862319324e-06,1.251488259291161e-10,1.0011894253140613e-10,1.5117960322242323e-08,1.333334907619328e-05,True,False
1735,9.374758976615412e-06,1.2499710054732014e-10,9.999742908389774e-11,1.509961179166856e-08,1.3333366848056086e-05,True,False
1736,9.370456452857e-06,1.2493944602141776e-10,9.995153549714133e-11,1.509268186006834e-08,1.3333336177377403e-05,True,False
1737,9.360723760036383e-06,1.2480966008205558e-10,9.984772010705476e-11,1.507700573616527e-08,1.3333334396097004e-05,True,False
1738,9.34585078110398e-06,1.2461167039992494e-10,9.968907499844245e-11,1.5053050324764812e-08,1.3333368284872741e-05,True,False
1739,9.341024015380416e-06,1.2454708245754493e-10,9.963758949739111e-11,1.5045276014106055e-08,1.3333343566237767e-05,True,False
1740,9.324726533583037e-06,1.2432978850527018e-10,9.946374969155239e-11,1.501902620342441e-08,1.3333344206663432e-05,True,False
1741,9.317182128389736e-06,1.242291469887035e-10,9.938327603615719e-11,1.5006874681459734e-08,1.3333338908356586e-05,True,False
1742,9.298678852926128e-06,1.2398240919705183e-10,9.918590776454536e-11,1.497707207244635e-08,1.3333335967188154e-05,True,False
1743,9.282216560957147e-06,1.2376305604932974e-10,9.90103099835429e-11,1.495055680751498e-08,1.3333351493855663e-05,True,False
1744,9.264373488609573e-06,1.2352525326435693e-10,9.881998387850213e-11,1.492181756565382e-08,1.3333362845985172e-05,True,False
1745,9.258805322602864e-06,1.2345097337316866e-10,9.87605901077639e-11,1.4912849106272348e-08,1.3333358794335653e-05,True,False
1746,9.244041510012265e-06,1.232539365720938e-10,9.860310944013083e-11,1.4889069525459755e-08,1.3333338717550853e-05,True,False
1747,9.232393976446638e-06,1.2309863559584424e-10,9.847886908209747e-11,1.4870309231396718e-08,1.3333338667076946e-05,True,False
1748,9.21733157801648e-06,1.228979330280266e-10,9.831820349884245e-11,1.484604872832521e-08,1.3333352715783886e-05,True,False
1749,9.208063214466267e-06,1.22774195873597e-10,9.821934095430685e-11,1.4831120484100334e-08,1.333333547066808e-05,True,False
1750,9.200573318957164e-06,1.2267441501883792e-10,9.813944873554309e-11,1.4819056759067006e-08,1.3333344647781408e-05,True,False
1751,9.183097798115116e-06,1.2244131623785176e-10,9.795304317989458e-11,1.479090952016408e-08,1.3333334668719692e-05,True,False
1752,9.178672582838027e-06,1.2238231614470128e-10,9.790584088360563e-11,1.4783781973424449e-08,1.333333497193566e-05,True,False
1753,9.168049960362744e-06,1.222406979963951e-10,9.779253291053593e-11,1.4766672469490926e-08,1.33333368082517e-05,True,False
1754,9.154383749510629e-06,1.2205863019583652e-10,9.764675999478005e-11,1.4744660759211787e-08,1.3333353018149526e-05,True,False
1755,9.153198171148715e-06,1.2204275749777003e-10,9.763411382558629e-11,1.474275118766353e-08,1.3333345920822976e-05,True,False
1756,9.136692024999681e-06,1.2182272204785742e-10,9.745804826666327e-11,1.4716165288266152e-08,1.3333351032794791e-05,True,False
1757,9.129442577749993e-06,1.2172607560919406e-10,9.738072082933327e-11,1.4704488845229324e-08,1.3333352455259562e-05,True,False
1758,9.123254356455754e-06,1.2164341197208817e-10,9.731471313552805e-11,1.4694521683464736e-08,1.3333335586112585e-05,True,False
1759,9.10700966631222e-06,1.2142685677375432e-10,9.714143644066368e-11,1.4668356902540214e-08,1.3333340055948875e-05,True,False
1760,9.106017540554443e-06,1.2141371740352103e-10,9.713085376591407e-11,1.4666758918653025e-08,1.3333349827495328e-05,True,False
1761,9.09144664501257e-06,1.212193012054687e-10,9.697543088013409e-11,1.4643290062900247e-08,1.3333334719834468e-05,True,False
1762,9.079699481812262e-06,1.2106267795083316e-10,9.685012780599747e-11,1.4624369298705617e-08,1.3333335337071053e-05,True,False
1763,9.076028890455957e-06,1.2101373037553227e-10,9.68109748315302e-11,1.461845719956106e-08,1.3333334637441073e-05,True,False
1764,9.069011313932985e-06,1.209202149049958e-10,9.673612068195184e-11,1.4607154222974727e-08,1.3333340396127037e-05,True,False
1765,9.059481538512557e-06,1.2079328471944914e-10,9.663446974413395e-11,1.4591804931364225e-08,1.3333355138033843e-05,True,False
1766,9.0444679081712e-06,1.2059294650504244e-10,9.647432435382614e-11,1.4567622977427747e-08,1.3333337873430129e-05,True,False
1767,9.016493666249533e-06,1.2021992497629435e-10,9.617593243999502e-11,1.4522565798439248e-08,1.333333437878414e-05,True,False
1768,9.002871317135743e-06,1.200383189799209e-10,9.603062738278126e-11,1.450062473479997e-08,1.3333337193373435e-05,True,False
1769,9.000533984814745e-06,1.2000724148897478e-10,9.600569583802396e-11,1.4496860071541616e-08,1.3333346853802791e-05,True,False
1770,8.98876785275335e-06,1.1985037685789224e-10,9.588019042936906e-11,1.4477908754834729e-08,1.3333348777183168e-05,True,False
1771,8.98011881817347e-06,1.1973501740223193e-10,9.578793406051702e-11,1.446397804313807e-08,1.3333344449732535e-05,True,False
1772,8.953640049188553e-06,1.193820446691128e-10,9.550549385801124e-11,1.4421329572559696e-08,1.3333353140539988e-05,True,False
1773,8.94679004247842e-06,1.192909003808128e-10,9.54324271197698e-11,1.441029649508524e-08,1.3333374295633644e-05,True,False
1774,8.934113500533494e-06,1.191215876876055e-10,9.529721067235727e-11,1.4389878811525947e-08,1.3333341655049744e-05,True,False
1775,8.92627111594072e-06,1.1901696233148667e-10,9.521355857003435e-11,1.4377247344075187e-08,1.333333491506254e-05,True,False
1776,8.921889941899623e-06,1.1895861510077327e-10,9.516682604692931e-11,1.4370190733086326e-08,1.3333342584973084e-05,True,False
1777,8.89795051876047e-06,1.1863941001190646e-10,9.491147220011168e-11,1.4331632302216865e-08,1.3333341173539538e-05,True,False
1778,8.891046506204319e-06,1.185473623084008e-10,9.483782939951274e-11,1.4320512239326423e-08,1.333334183165913e-05,True,False
1779,8.88115973033278e-06,1.184159101132494e-10,9.473237045688299e-11,1.4304587938989331e-08,1.333338366934341e-05,True,False
1780,8.86878492065222e-06,1.1825069835106652e-10,9.460037248695701e-11,1.4284656245530509e-08,1.3333359576203393e-05,True,False
1781,8.860708132067998e-06,1.1814319845378238e-10,9.451422007539198e-11,1.4271647231384189e-08,1.3333381112758645e-05,True,False
1782,8.8580777929726e-06,1.1810789277407933e-10,9.448616312504107e-11,1.4267410631881202e-08,1.3333354654864076e-05,True,False
1783,8.845705005004287e-06,1.1794273514424442e-10,9.435418672004573e-11,1.4247482194726906e-08,1.3333333530512332e-05,True,False
1784,8.833342031755457e-06,1.17778004969689e-10,9.422231500539155e-11,1.4227569565814123e-08,1.3333345923466171e-05,True,False
1785,8.82029190305524e-06,1.176038989778892e-10,9.408311363258924e-11,1.4206550158520974e-08,1.333333411983255e-05,True,False
1786,8.816906211347367e-06,1.1755944452643118e-10,9.404699958770525e-11,1.4201096937743492e-08,1.3333412163909838e-05,True,False
1787,8.805964042407673e-06,1.1741286110901853e-10,9.393028311901519e-11,1.4183472750971293e-08,1.3333334152124952e-05,True,False
1788,8.790571668633264e-06,1.1720768882205634e-10,9.376609779875483e-11,1.4158680767611978e-08,1.3333340906630649e-05,True,False
1789,8.782372464200328e-06,1.1709839767252556e-10,9.367863961813684e-11,1.4145474582338661e-08,1.3333344509112421e-05,True,False
1790,8.772085535862949e-06,1.1696119093360193e-10,9.356891238253813e-11,1.4128905769763257e-08,1.333333908515017e-05,True,False
1791,8.763360047299831e-06,1.1684492397288963e-10,9.347584050453154e-11,1.4114851916184262e-08,1.3333347408097413e-05,True,False
1792,8.75709210413005e-06,1.1676130566432908e-10,9.340898244405388e-11,1.4104756349052136e-08,1.3333342195780002e-05,True,False
1793,8.741501648649712e-06,1.1655344222224452e-10,9.32426842522636e-11,1.4079645322091803e-08,1.3333343275208143e-05,True,False
1794,8.729962145639005e-06,1.1639965100116753e-10,9.311959622014939e-11,1.4061059029242557e-08,1.3333351171438265e-05,True,False
1795,8.726384718792187e-06,1.1635188377350795e-10,9.308143700045e-11,1.405529698706795e-08,1.3333343363024697e-05,True,False
1796,8.712956400188132e-06,1.1617280303097178e-10,9.293820160200674e-11,1.4033668441903018e-08,1.333333918995203e-05,True,False
1797,8.704740001045358e-06,1.160634414225038e-10,9.285056001115049e-11,1.4020434561683724e-08,1.3333361066334625e-05,True,False
1798,8.696506562509786e-06,1.1595345178020473e-10,9.276273666677106e-11,1.400717323668243e-08,1.3333336891858896e-05,True,False
1799,8.68357388680252e-06,1.1578110216785017e-10,9.262478812589355e-11,1.3986343007009926e-08,1.3333346808255614e-05,True,False
1800,8.66959769828357e-06,1.1559483674290923e-10,9.247570878169141e-11,1.3963832026035403e-08,1.3333356490785613e-05,True,False
1801,8.664696199846039e-06,1.1552935042833383e-10,9.242342613169109e-11,1.3955937345885354e-08,1.333334115400222e-05,True,False
1802,8.654663366079741e-06,1.1539573289358976e-10,9.231640923818392e-11,1.393977779496577e-08,1.3333358908661975e-05,True,False
1803,8.649391002027029e-06,1.1532523372738756e-10,9.226017068828831e-11,1.3931285773931535e-08,1.3333335688068733e-05,True,False
1804,8.629957010318011e-06,1.1506609587347456e-10,9.205287477672545e-11,1.3899984091285543e-08,1.333333361173191e-05,True,False
1805,8.619571211529147e-06,1.1492762886152225e-10,9.194209292297758e-11,1.3883256031369614e-08,1.3333334807629442e-05,True,False
1806,8.615722185915847e-06,1.1487643513678978e-10,9.190103664976904e-11,1.3877056534115126e-08,1.3333349504302577e-05,True,False
1807,8.590254440892908e-06,1.1453673262705754e-10,9.16293807028577e-11,1.383603648613151e-08,1.3333334118931184e-05,True,False
1808,8.587530069669909e-06,1.145005585929472e-10,9.160032074314571e-11,1.3831648432215e-08,1.3333351692979681e-05,True,False
1809,8.569081884371434e-06,1.1425463110654973e-10,9.140354009996196e-11,1.3801934555094256e-08,1.3333357371100746e-05,True,False
1810,8.5625952114817e-06,1.1416795170561083e-10,9.133434892247148e-11,1.3791486687293193e-08,1.3333335149666011e-05,True,False
1811,8.556396932692982e-06,1.140853713406681e-10,9.126823394872514e-11,1.3781503326257496e-08,1.3333342555060926e-05,True,False
1812,8.538089545162513e-06,1.1384145997969559e-10,9.107295514840014e-11,1.3752016227408421e-08,1.3333364493020055e-05,True,False
1813,8.523780141153502e-06,1.1365045953205351e-10,9.092032150563737e-11,1.3728968547351241e-08,1.3333340096765269e-05,True,False
1814,8.507183105247587e-06,1.1342924902788214e-10,9.074328645597426e-11,1.3702236254852113e-08,1.3333349902615148e-05,True,False
1815,8.505796431107808e-06,1.134106395566937e-10,9.072849526514996e-11,1.3700002785037644e-08,1.3333335740545453e-05,True,False
1816,8.493255354098189e-06,1.1324341356906495e-10,9.059472377704735e-11,1.367980329033415e-08,1.3333334375072384e-05,True,False
1817,8.477310381645826e-06,1.1303085901842902e-10,9.042464407088881e-11,1.365412125470421e-08,1.3333339694999425e-05,True,False
1818,8.466880452012011e-06,1.1289218556317272e-10,9.031339148812813e-11,1.3637322114707346e-08,1.3333386033145868e-05,True,False
1819,8.460356555080415e-06,1.1280475525907687e-10,9.02438032541911e-11,1.3626814291382856e-08,1.3333333474147494e-05,True,False
1820,8.447736907729067e-06,1.126365981458554e-10,9.010919368244338e-11,1.360648824604895e-08,1.333334588613917e-05,True,False
1821,8.443619975515005e-06,1.1258161655621071e-10,9.006527973882672e-11,1.3599857240562835e-08,1.3333335332792969e-05,True,False
1822,8.436634423495953e-06,1.1248888961892224e-10,8.999076718395684e-11,1.3588605844777482e-08,1.3333384377263245e-05,True,False
1823,8.427726344184882e-06,1.1236995731598783e-10,8.989574767130542e-11,1.3574257898367118e-08,1.3333365694001552e-05,True,False
1824,8.416404281193148e-06,1.1221874306789447e-10,8.977497899939359e-11,1.3556021828908432e-08,1.3333335628690334e-05,True,False
1825,8.411889981706798e-06,1.1215856246202876e-10,8.972682647153918e-11,1.3548750797202417e-08,1.3333336825129453e-05,True,False
1826,8.397443052755778e-06,1.1196595507529929e-10,8.957272589606163e-11,1.3525481610305307e-08,1.3333339014255722e-05,True,False
1827,8.389418095627373e-06,1.118590840676592e-10,8.948712635335865e-11,1.3512556079357154e-08,1.333335432715661e-05,True,False
1828,8.384518306213764e-06,1.1179367164603823e-10,8.943486193294682e-11,1.3504664151874969e-08,1.3333344571886494e-05,True,False
1829,8.370059695986575e-06,1.1160086975273953e-10,8.928063675719014e-11,1.3481376150335711e-08,1.333334215122168e-05,True,False
1830,8.365994081536858e-06,1.1154661421271438e-10,8.923727020305982e-11,1.3474827800662034e-08,1.333333649600466e-05,True,False
1831,8.350756053763017e-06,1.1134344685260079e-10,8.907473124013885e-11,1.3450284417260966e-08,1.3333337261412063e-05,True,False
1832,8.343889174819506e-06,1.1125208226451345e-10,8.900148453140806e-11,1.3439224164242617e-08,1.3333360490963143e-05,True,False
1833,8.324845085577658e-06,1.1099813015311865e-10,8.879834757949503e-11,1.3408550484503749e-08,1.333335683872567e-05,True,False
1834,8.316792661798178e-06,1.1089076390077534e-10,8.871245505918057e-11,1.3395580713936266e-08,1.3333356789106197e-05,True,False
1835,8.301689778125528e-06,1.1068926744482225e-10,8.855135763333897e-11,1.3371255002634184e-08,1.3333341813913844e-05,True,False
1836,8.297308359483598e-06,1.1063081135197585e-10,8.850462250115838e-11,1.3364197997674916e-08,1.3333337337707577e-05,True,False
1837,8.27967866370109e-06,1.1039581078776306e-10,8.831657241281163e-11,1.3335802434334556e-08,1.3333344840029716e-05,True,False
1838,8.276756742927307e-06,1.1035689205207447e-10,8.828540525789128e-11,1.3331096193941583e-08,1.3333349702028775e-05,True,False
1839,8.269687226837039e-06,1.1026251919965661e-10,8.820999708626174e-11,1.3319709560025524e-08,1.333333609544861e-05,True,False
1840,8.250637063298996e-06,1.1000850970218896e-10,8.800679534185596e-11,1.328902609662025e-08,1.3333335214990337e-05,True,False
1841,8.249242259815275e-06,1.099900511651874e-10,8.79919174380296e-11,1.328677953314247e-08,1.3333352046282418e-05,True,False
1842,8.237438470830117e-06,1.0983251919076055e-10,8.786601035552126e-11,1.326776756368371e-08,1.3333334091622335e-05,True,False
1843,8.23520912029065e-06,1.0980279042578931e-10,8.784223061643362e-11,1.3264176823081475e-08,1.3333333595044637e-05,True,False
1844,8.219262447113846e-06,1.0959023950206279e-10,8.767213276921436e-11,1.3238492048151368e-08,1.333334228067445e-05,True,False
1845,8.213477136263106e-06,1.0951327083075395e-10,8.761042278680646e-11,1.3229173840807776e-08,1.3333362839380755e-05,True,False
1846,8.205404893262601e-06,1.0940546017759001e-10,8.752431886146775e-11,1.3216172148081631e-08,1.333334084067223e-05,True,False
1847,8.201510000151929e-06,1.09353573002926e-10,8.748277333495391e-11,1.3209898773578041e-08,1.3333346298535304e-05,True,False
1848,8.185302809322934e-06,1.0913751347105208e-10,8.730989663277797e-11,1.3183794391549471e-08,1.333335076458578e-05,True,False
1849,8.183451764440731e-06,1.0911270764279554e-10,8.729015215403447e-11,1.3180812975259206e-08,1.3333335465716216e-05,True,False
1850,8.169464343931682e-06,1.0892620213542683e-10,8.714095300193795e-11,1.315828390329263e-08,1.3333334665489758e-05,True,False
1851,8.162238101692516e-06,1.0882988413231218e-10,8.706387308472018e-11,1.3146644835792746e-08,1.3333338574103259e-05,True,False
1852,8.15191878452338e-06,1.0869229886232777e-10,8.695380036824939e-11,1.3130023855605657e-08,1.333333927083312e-05,True,False
1853,8.13704917069836e-06,1.0849401355218295e-10,8.679519115411584e-11,1.3106073864271492e-08,1.3333336357714485e-05,True,False
1854,8.133724739122043e-06,1.0844969574091345e-10,8.675973055063513e-11,1.3100719313145904e-08,1.333333733551199e-05,True,False
1855,8.126310207485595e-06,1.0835088910703343e-10,8.66806422131797e-11,1.3088776974190133e-08,1.3333343958150332e-05,True,False
1856,8.115413775486523e-06,1.0820552799783113e-10,8.656441360518959e-11,1.3071226454383627e-08,1.3333334687712107e-05,True,False
1857,8.100348411537382e-06,1.0800474375809916e-10,8.640371638973208e-11,1.3046961174849544e-08,1.3333345465025585e-05,True,False
1858,8.085589671827629e-06,1.0780801320984242e-10,8.624628983282804e-11,1.3023189764757035e-08,1.3333351998491162e-05,True,False
1859,8.080542913772887e-06,1.0774060745514467e-10,8.61924577469108e-11,1.301506111978353e-08,1.3333337698325457e-05,True,False
1860,8.07393238754132e-06,1.0765248377705244e-10,8.612194546710743e-11,1.3004413765533222e-08,1.3333339766774397e-05,True,False
1861,8.059669627629595e-06,1.0746232106086913e-10,8.596980936138235e-11,1.2981441213568734e-08,1.3333340698292934e-05,True,False
1862,8.052723860153565e-06,1.0736978619409547e-10,8.589572117497137e-11,1.2970253897420677e-08,1.333335006374451e-05,True,False
1863,8.02414825521656e-06,1.0698870029597893e-10,8.559091472230998e-11,1.2924228123068805e-08,1.333334042356767e-05,True,False
1864,8.018390981574643e-06,1.0691218183527935e-10,8.552950380346287e-11,1.2914955074322892e-08,1.3333371006845572e-05,True,False
1865,8.013017481162474e-06,1.0684024231926114e-10,8.547218646573306e-11,1.2906300156325692e-08,1.333333448609443e-05,True,False
1866,8.006445120780573e-06,1.0675265553540732e-10,8.540208128832611e-11,1.2895714274537242e-08,1.3333340068532148e-05,True,False
1867,7.99381088293532e-06,1.0658416444165314e-10,8.526731608464342e-11,1.2875364728781155e-08,1.3333335752185763e-05,True,False
1868,7.988224994855606e-06,1.0650968884958616e-10,8.520773327845979e-11,1.286636772504743e-08,1.3333336118872228e-05,True,False
1869,7.980538758848101e-06,1.0640735193955991e-10,8.512574676104642e-11,1.2853987760918009e-08,1.3333354445723986e-05,True,False
1870,7.97783567139425e-06,1.0637114948538445e-10,8.509691382820534e-11,1.2849633988059004e-08,1.3333334235849766e-05,True,False
1871,7.966781647231496e-06,1.0622390344230343e-10,8.497900423713596e-11,1.283182963980753e-08,1.3333351928782543e-05,True,False
1872,7.961430450059496e-06,1.0615250317826204e-10,8.492192480063463e-11,1.282321064489583e-08,1.333334553936457e-05,True,False
1873,7.95192278854585e-06,1.0602570834104978e-10,8.482050974448907e-11,1.2807896971417849e-08,1.3333342282167513e-05,True,False
1874,7.944418968186842e-06,1.059258154713089e-10,8.474046899399299e-11,1.279581081809294e-08,1.3333362187402912e-05,True,False
1875,7.933096950927655e-06,1.0577463047961169e-10,8.461970080989499e-11,1.2777574822294143e-08,1.3333333896447964e-05,True,False
1876,7.923814291552908e-06,1.0565100763255997e-10,8.452068577656436e-11,1.2762623552261217e-08,1.3333352315587206e-05,True,False
1877,7.916478937548197e-06,1.0555309947615411e-10,8.44424420005141e-11,1.2750808742077629e-08,1.3333339267222864e-05,True,False
1878,7.905468694621276e-06,1.0540631223216092e-10,8.432499940929362e-11,1.2733074910803336e-08,1.3333341298774264e-05,True,False
1879,7.898384865358981e-06,1.0531181157545571e-10,8.424943856382914e-11,1.27216652231382e-08,1.3333335026169214e-05,True,False
1880,7.887080181027148e-06,1.0516121742758267e-10,8.412885526428958e-11,1.2703457144907726e-08,1.3333352142222973e-05,True,False
1881,7.884128938169694e-06,1.0512173610179692e-10,8.409737534047674e-11,1.2698703676411987e-08,1.3333335480203473e-05,True,False
1882,7.87668883600888e-06,1.0502252247359972e-10,8.40180142507614e-11,1.268672015186497e-08,1.3333333924971276e-05,True,False
1883,7.857709769727204e-06,1.0476948038393229e-10,8.381557087709017e-11,1.2656151202440616e-08,1.3333335469778947e-05,True,False
1884,7.845445438478654e-06,1.0460613767806171e-10,8.368475134377232e-11,1.263639745290962e-08,1.3333358634426544e-05,True,False
1885,7.838238442315226e-06,1.0450985397151805e-10,8.360787671802909e-11,1.262478938442239e-08,1.3333334363409386e-05,True,False
1886,7.834859534573628e-06,1.0446499390149455e-10,8.357183503545204e-11,1.2619347090353256e-08,1.3333358873954531e-05,True,False
1887,7.820724291477363e-06,1.0427651269990505e-10,8.342105910909188e-11,1.2596579925472873e-08,1.3333357476051216e-05,True,False
1888,7.815929252881302e-06,1.0421242252808618e-10,8.336991203073389e-11,1.2588856716640818e-08,1.3333337490186314e-05,True,False
1889,7.80960574953778e-06,1.0412814266442614e-10,8.3302461328403e-11,1.2578671660588852e-08,1.3333341784966427e-05,True,False
1890,7.801021274781142e-06,1.0401361815198727e-10,8.321089359766552e-11,1.2564844933247493e-08,1.3333333481378741e-05,True,False
1891,7.77199304774494e-06,1.0362675156679885e-10,8.290125917594604e-11,1.251809013556785e-08,1.3333356184211509e-05,True,False
1892,7.760804552927161e-06,1.0347744435028705e-10,8.278191523122306e-11,1.2500069199914681e-08,1.3333339816070772e-05,True,False
1893,7.754659494390316e-06,1.033955148461226e-10,8.271636794016337e-11,1.2490171558964668e-08,1.3333340415645385e-05,True,False
1894,7.750695722620748e-06,1.0334265019718292e-10,8.267408770795465e-11,1.2483787243901151e-08,1.33333385667009e-05,True,False
1895,7.744816518312863e-06,1.0326423028167848e-10,8.261137619533722e-11,1.2474317805495919e-08,1.3333334629362354e-05,True,False
1896,7.740118034669528e-06,1.0320179118183355e-10,8.256125903647496e-11,1.246675011450772e-08,1.3333361418982528e-05,True,False
1897,7.73148482478395e-06,1.0308653885446079e-10,8.246917146436214e-11,1.2452844891118682e-08,1.3333342972362552e-05,True,False
1898,7.72084575153033e-06,1.0294467546793058e-10,8.235568801632352e-11,1.2435708890464852e-08,1.333334181006351e-05,True,False
1899,7.705603090112602e-06,1.0274147364426237e-10,8.219309962786776e-11,1.2411158043808031e-08,1.3333346195328236e-05,True,False
1900,7.699895010974744e-06,1.0266530144022171e-10,8.213221345039727e-11,1.2401964231009988e-08,1.3333337830436876e-05,True,False
1901,7.687885731090598e-06,1.025051895656292e-10,8.200411446496639e-11,1.2382621284209924e-08,1.3333339379783925e-05,True,False
1902,7.681984907554834e-06,1.0242651732654974e-10,8.194117234725157e-11,1.2373117024434985e-08,1.3333340088421493e-05,True,False
1903,7.670897646319388e-06,1.0227885941976847e-10,8.182290822740681e-11,1.2355259142338428e-08,1.3333362552274883e-05,True,False
1904,7.66448079315271e-06,1.0219308817834973e-10,8.175446179362891e-11,1.2344923730837966e-08,1.3333334760215844e-05,True,False
1905,7.642914238221126e-06,1.0190559590677817e-10,8.152441854102535e-11,1.2310187199694827e-08,1.3333342849401973e-05,True,False
1906,7.641388889769385e-06,1.0188528261583934e-10,8.15081481575401e-11,1.2307730371788555e-08,1.3333346082182478e-05,True,False
1907,7.627561903026886e-06,1.0170099756577175e-10,8.136066029895345e-11,1.2285459705141971e-08,1.3333355908316286e-05,True,False
1908,7.625156477821862e-06,1.0166877863646735e-10,8.133500243009987e-11,1.228158536694508e-08,1.3333336690489688e-05,True,False
1909,7.614132056920715e-06,1.0152176660398659e-10,8.12174086071543e-11,1.22638286996803e-08,1.333333410099059e-05,True,False
1910,7.608070988040875e-06,1.014410124570378e-10,8.115275720576934e-11,1.225406633807117e-08,1.3333342001736434e-05,True,False
1911,7.599377371701268e-06,1.0132504801722482e-10,8.106002529814686e-11,1.2240063820020176e-08,1.3333335490686555e-05,True,False
1912,7.5979852658663565e-06,1.0130672748516247e-10,8.104517616924114e-11,1.2237821601555412e-08,1.3333367194100635e-05,True,False
1913,7.574302499498181e-06,1.0099086352129683e-10,8.079255999464727e-11,1.2199676559191737e-08,1.3333354923174478e-05,True,False
1914,7.563915425640207e-06,1.0085235740460737e-10,8.068176454016221e-11,1.2182946445564493e-08,1.3333353392971242e-05,True,False
1915,7.553330837913683e-06,1.0071116354704593e-10,8.056886227107929e-11,1.2165898202932973e-08,1.333334468040639e-05,True,False
1916,7.542855199945792e-06,1.0057143901352211e-10,8.045712213275511e-11,1.2149025442046022e-08,1.3333338152142293e-05,True,False
1917,7.5409251041430364e-06,1.0054569403345927e-10,8.04365344441924e-11,1.2145916701073052e-08,1.3333336778297769e-05,True,False
1918,7.530568966168574e-06,1.004075923134317e-10,8.032606897246479e-11,1.2129236414842183e-08,1.333333414307968e-05,True,False
1919,7.526867184231063e-06,1.0035828688293452e-10,8.028658329846468e-11,1.2123274078068166e-08,1.3333341007157285e-05,True,False
1920,7.5168552772092115e-06,1.0022486077142748e-10,8.017978962356492e-11,1.2107148233158304e-08,1.3333349795266783e-05,True,False
1921,7.5143145406538374e-06,1.0019091277288413e-10,8.015268843364093e-11,1.2103055953479781e-08,1.3333340284177976e-05,True,False
1922,7.504709469846991e-06,1.000628766025438e-10,8.005023434503458e-11,1.2087585386100221e-08,1.333334448249919e-05,True,False
1923,7.491714061790579e-06,9.988953331788844e-11,7.991161665909952e-11,1.2066654115524026e-08,1.3333335001044348e-05,True,False
1924,7.48969713325469e-06,9.986288663504299e-11,7.98901027547167e-11,1.2063405515962222e-08,1.3333367806242254e-05,True,False
1925,7.474028554099168e-06,9.965382801038351e-11,7.972297124372446e-11,1.2038168657802394e-08,1.3333348580228246e-05,True,False
1926,7.471012174475747e-06,9.961350114354381e-11,7.96907965277413e-11,1.2033310275688936e-08,1.3333334067352641e-05,True,False
1927,7.457600652854986e-06,9.943477237770468e-11,7.954774029711986e-11,1.2011708784865098e-08,1.3333346341043102e-05,True,False
1928,7.450192428359863e-06,9.933640314717223e-11,7.946871923583854e-11,1.199977660461162e-08,1.3333400996333841e-05,True,False
1929,7.446335688398181e-06,9.928452439476201e-11,7.942758067624727e-11,1.1993564682113338e-08,1.333333985324527e-05,True,False
1930,7.441766990741506e-06,9.922364348886506e-11,7.937884790124273e-11,1.1986206033087651e-08,1.3333344568878837e-05,True,False
1931,7.4332065602591695e-06,9.910946558403056e-11,7.928753664276449e-11,1.1972418033057437e-08,1.3333339357728675e-05,True,False
1932,7.4206199585166566e-06,9.894164828336401e-11,7.915327955751101e-11,1.1952145213184162e-08,1.333333991451867e-05,True,False
1933,7.400420896847539e-06,9.867230062038728e-11,7.89378228997071e-11,1.191961125785577e-08,1.333333630556339e-05,True,False
1934,7.399099102143915e-06,9.86546845343512e-11,7.892372375620176e-11,1.1917482287186466e-08,1.3333337366134975e-05,True,False
1935,7.396805442627527e-06,9.862411182873273e-11,7.889925805469363e-11,1.1913787966258737e-08,1.3333338641079496e-05,True,False
1936,7.378057232377985e-06,9.837410315673413e-11,7.869927714536518e-11,1.1883590848950141e-08,1.3333334244823643e-05,True,False
1937,7.372990590373807e-06,9.830662124186907e-11,7.864523296398729e-11,1.187543017756208e-08,1.3333344188750005e-05,True,False
1938,7.367328796842454e-06,9.823112199977794e-11,7.858484049965286e-11,1.186631091544758e-08,1.333334302140534e-05,True,False
1939,7.361676429380899e-06,9.815583649962647e-11,7.852454858006293e-11,1.1857206835589502e-08,1.3333353814340515e-05,True,False
1940,7.350770615061324e-06,9.801028009290882e-11,7.840821989398746e-11,1.1839641203992106e-08,1.3333334044200911e-05,True,False
1941,7.339575157526167e-06,9.786124658709778e-11,7.828880168027912e-11,1.1821609053722148e-08,1.3333366644082749e-05,True,False
1942,7.333892613630535e-06,9.778528467977905e-11,7.822818787872572e-11,1.1812456369687583e-08,1.3333340128002214e-05,True,False
1943,7.327155082431665e-06,9.769540515793367e-11,7.81563208792711e-11,1.1801604452769936e-08,1.3333333887278862e-05,True,False
1944,7.313393703240008e-06,9.751196838191559e-11,7.80095328345601e-11,1.1779439458018574e-08,1.3333340489889865e-05,True,False
1945,7.298574802411019e-06,9.731434905366785e-11,7.785146455905087e-11,1.1755571148416681e-08,1.3333335848187911e-05,True,False
1946,7.291732962506447e-06,9.722317430918953e-11,7.77784849334021e-11,1.1744551224943717e-08,1.3333342678496857e-05,True,False
1947,7.2782019388104895e-06,9.70426997797544e-11,7.763415401397857e-11,1.1722757256110762e-08,1.333333433114588e-05,True,False
1948,7.274149297015612e-06,9.698866973675794e-11,7.75909258348332e-11,1.1716229801059813e-08,1.3333335043941122e-05,True,False
1949,7.2670176916339135e-06,9.689393271750958e-11,7.751485537742842e-11,1.170474316199169e-08,1.333338335326441e-05,True,False
1950,7.264043720293089e-06,9.685422128108876e-11,7.748313301645962e-11,1.1699953085485403e-08,1.3333375322413518e-05,True,False
1951,7.2565266004460355e-06,9.675374962039965e-11,7.740295040475772e-11,1.1687845511118415e-08,1.3333341824234822e-05,True,False
1952,7.254038344036217e-06,9.672057869636576e-11,7.737640900305299e-11,1.1683837759461e-08,1.3333342630575275e-05,True,False
1953,7.231005193683054e-06,9.641351901461593e-11,7.713072206595258e-11,1.1646739031958839e-08,1.3333349435129985e-05,True,False
1954,7.223116640326028e-06,9.630823748643765e-11,7.704657749681097e-11,1.1634033202018456e-08,1.3333335495201225e-05,True,False
1955,7.2202100341645324e-06,9.626950211054286e-11,7.701557369775502e-11,1.1629351628361008e-08,1.3333338179224093e-05,True,False
1956,7.216053940928987e-06,9.621407320811762e-11,7.697124203657587e-11,1.1622657547522956e-08,1.3333336196726257e-05,True,False
1957,7.209177417610938e-06,9.612237168425654e-11,7.689789245451667e-11,1.1611581760632017e-08,1.3333334181711775e-05,True,False
1958,7.20410734625909e-06,9.605481911414613e-11,7.68438116934303e-11,1.1603415565707975e-08,1.333334089809544e-05,True,False
1959,7.195763668186592e-06,9.594366694167003e-11,7.675481246065698e-11,1.1589976681559203e-08,1.3333354368744692e-05,True,False
1960,7.186956400495827e-06,9.582618574912085e-11,7.66608682719555e-11,1.157579110906528e-08,1.333334730436236e-05,True,False
1961,7.174793260472668e-06,9.566394383860244e-11,7.653112811170847e-11,1.1556200344867977e-08,1.3333338030188788e-05,True,False
1962,7.168192723469442e-06,9.557590444927667e-11,7.646072238367406e-11,1.1545569079934782e-08,1.3333333538361876e-05,True,False
1963,7.166576796467026e-06,9.55544422398422e-11,7.644348582898162e-11,1.1542966360176224e-08,1.33333451874748e-05,True,False
1964,7.1503795441832264e-06,9.53385098019102e-11,7.627071513795442e-11,1.1516877985831116e-08,1.3333349539391552e-05,True,False
1965,7.14680628675773e-06,9.52907527079712e-11,7.623260039208247e-11,1.1511122659204452e-08,1.3333333643663296e-05,True,False
1966,7.145648481520472e-06,9.527555315977267e-11,7.622025046955171e-11,1.1509257820902307e-08,1.3333366930400648e-05,True,False
1967,7.13848408135975e-06,9.517980845288862e-11,7.614383020117067e-11,1.1497718360376771e-08,1.333333623330832e-05,True,False
1968,7.1304230538511114e-06,9.507231131138402e-11,7.60578459077452e-11,1.1484734732069524e-08,1.3333333884030327e-05,True,False
1969,7.113589932117249e-06,9.484787368954119e-11,7.587829260925066e-11,1.1457622183996849e-08,1.333333444781673e-05,True,False
1970,7.104831621408741e-06,9.473112399301062e-11,7.578487062835991e-11,1.1443515464882346e-08,1.3333338359147122e-05,True,False
1971,7.101930736595849e-06,9.469247808710971e-11,7.575392785702239e-11,1.143884310641038e-08,1.3333342945625293e-05,True,False
1972,7.095066251874824e-06,9.460097174896605e-11,7.568070668666479e-11,1.1427786709686384e-08,1.3333345791375574e-05,True,False
1973,7.090246419658517e-06,9.453663163774187e-11,7.562929514302418e-11,1.1420023566596652e-08,1.3333335125790309e-05,True,False
1974,7.071209196688666e-06,9.428287667683751e-11,7.542623143134577e-11,1.138936094613321e-08,1.3333345691566965e-05,True,False
1975,7.0590097336605435e-06,9.412014647139914e-11,7.529610382571246e-11,1.1369711677682582e-08,1.3333335697582597e-05,True,False
1976,7.053346403371151e-06,9.404462729770424e-11,7.523569496929228e-11,1.1360589940363135e-08,1.3333334550640467e-05,True,False
1977,7.049755114848146e-06,9.399677484187506e-11,7.519738789171357e-11,1.1354805571648747e-08,1.3333339004059827e-05,True,False
1978,7.039729374991733e-06,9.386309797039764e-11,7.509044666657849e-11,1.1338657446653352e-08,1.333333896383025e-05,True,False
1979,7.03244449684348e-06,9.376592745577354e-11,7.501274129966379e-11,1.1326923936249232e-08,1.3333333451527484e-05,True,False
1980,7.026412592733094e-06,9.368564847937992e-11,7.4948400989153e-11,1.1317208549362102e-08,1.3333354288968479e-05,True,False
1981,7.018103101896401e-06,9.357477558440166e-11,7.485976642022828e-11,1.130382472945447e-08,1.3333342959740259e-05,True,False
1982,7.014750911324753e-06,9.353005196549736e-11,7.482400972079737e-11,1.1298425467840402e-08,1.3333339009158627e-05,True,False
1983,7.0056558539917125e-06,9.340879228232322e-11,7.472699577591161e-11,1.1283776362162651e-08,1.3333340122481233e-05,True,False
1984,6.992957394229942e-06,9.32395451856351e-11,7.459154553845272e-11,1.1263323376306361e-08,1.3333349529995607e-05,True,False
1985,6.980857378914996e-06,9.307813359696197e-11,7.446247870842662e-11,1.1243834284972421e-08,1.3333338377331052e-05,True,False
1986,6.976894312894639e-06,9.302545806139456e-11,7.442020600420949e-11,1.1237451106635633e-08,1.3333362079093798e-05,True,False
1987,6.970820658287362e-06,9.294432096074199e-11,7.43554203550652e-11,1.1227668473614846e-08,1.3333339862967751e-05,True,False
1988,6.965484939600619e-06,9.287318343949318e-11,7.429850602240661e-11,1.1219074409383398e-08,1.3333340642441796e-05,True,False
1989,6.955067644120679e-06,9.273428869668904e-11,7.418738820395391e-11,1.120229561879704e-08,1.3333341017190543e-05,True,False
1990,6.9446774790799674e-06,9.259570770058586e-11,7.4076559776853e-11,1.11855605263048e-08,1.3333334482345602e-05,True,False
1991,6.941484508944242e-06,9.255328307745659e-11,7.40425014287386e-11,1.1180417715739527e-08,1.3333355848910969e-05,True,False
1992,6.931250380956365e-06,9.241669518824794e-11,7.39333373968679e-11,1.1163933946927052e-08,1.3333336715430616e-05,True,False
1993,6.926378592464863e-06,9.235171813781335e-11,7.388137165295854e-11,1.115608711959674e-08,1.3333333848987383e-05,True,False
1994,6.912743111081431e-06,9.216997978695553e-11,7.373592651820193e-11,1.1134124904248493e-08,1.3333343696687209e-05,True,False
1995,6.905193949514357e-06,9.20693693594876e-11,7.365540212815314e-11,1.1121965721351124e-08,1.333335023355323e-05,True,False
1996,6.894575176178893e-06,9.19276834744923e-11,7.354213521257487e-11,1.1104862417098804e-08,1.3333335430456559e-05,True,False
1997,6.8902514665429615e-06,9.187013895853811e-11,7.349601564312492e-11,1.1097898362111864e-08,1.3333350662836116e-05,True,False
1998,6.881096607396482e-06,9.174796557038443e-11,7.339836381222915e-11,1.10831529356466e-08,1.3333334903591481e-05,True,False
1999,6.8743051966929875e-06,9.165745165555067e-11,7.332592209805853e-11,1.107221423680684e-08,1.3333340466123645e-05,True,False
2000,6.872361956556356e-06,9.163150502147221e-11,7.33051942032678e-11,1.1069084324693437e-08,1.3333335118365545e-05,True,False
2001,6.860246394867437e-06,9.147003440412748e-11,7.317596154525266e-11,1.1049570193333151e-08,1.3333345355140847e-05,True,False
2002,6.84937717436237e-06,9.132515643444909e-11,7.306002319319862e-11,1.103206350217299e-08,1.3333351939835442e-05,True,False
2003,6.845484714948184e-06,9.127313550494151e-11,7.301850362611396e-11,1.102579404754321e-08,1.3333334205776895e-05,True,False
2004,6.83581582473385e-06,9.114427479656931e-11,7.291536879716107e-11,1.1010220688371323e-08,1.3333342666545288e-05,True,False
2005,6.819140082077821e-06,9.092191354914949e-11,7.27374942088301e-11,1.0983361625533344e-08,1.3333340047979362e-05,True,False
2006,6.81376430962193e-06,9.085020744610272e-11,7.268015263596725e-11,1.0974703048031055e-08,1.333333577708438e-05,True,False
2007,6.806830689570519e-06,9.075775675705253e-11,7.260619402208554e-11,1.0963535297334916e-08,1.3333335423798965e-05,True,False
2008,6.8052497695525205e-06,9.073668002454511e-11,7.258933087522689e-11,1.096098896215926e-08,1.3333335747721057e-05,True,False
2009,6.793826986462427e-06,9.058457126621329e-11,7.246748785559923e-11,1.0942590666195482e-08,1.3333364456692035e-05,True,False
2010,6.7881521291618705e-06,9.050869995797547e-11,7.240695604439328e-11,1.0933450362703386e-08,1.3333334055545176e-05,True,False
2011,6.778182456188936e-06,9.037588663827666e-11,7.230061286601532e-11,1.0917392542768314e-08,1.3333351119186442e-05,True,False
2012,6.762712574056206e-06,9.016954396201523e-11,7.213560078993287e-11,1.0892475719279863e-08,1.333333968797264e-05,True,False
2013,6.761075600869188e-06,9.014775541383912e-11,7.211813974260468e-11,1.0889839101133306e-08,1.3333345274566954e-05,True,False
2014,6.750899987996695e-06,9.001206342676873e-11,7.200959987196475e-11,1.0873449580666678e-08,1.3333342752346044e-05,True,False
2015,6.7477712011150415e-06,8.997065339844035e-11,7.197622614522712e-11,1.0868410147929293e-08,1.3333388272497008e-05,True,False
2016,6.740751896093045e-06,8.987670814578898e-11,7.190135355832581e-11,1.0857104387307197e-08,1.333333573631181e-05,True,False
2017,6.729217794970412e-06,8.972291227165748e-11,7.177832314635107e-11,1.083852679509901e-08,1.3333334572514307e-05,True,False
2018,6.720996450863097e-06,8.961329611628195e-11,7.169062880920638e-11,1.0825284950190162e-08,1.3333334836797004e-05,True,False
2019,6.713565908301066e-06,8.951428834123985e-11,7.161136968854471e-11,1.081331682297025e-08,1.3333344688038121e-05,True,False
2020,6.706667915834837e-06,8.942228506555152e-11,7.153779110223826e-11,1.0802206456437977e-08,1.3333340220174054e-05,True,False
2021,6.702649335666259e-06,8.936875094138083e-11,7.149492624710677e-11,1.0795733863313121e-08,1.3333347228211718e-05,True,False
2022,6.693994711707687e-06,8.925328058945845e-11,7.140261025821534e-11,1.0781794148990515e-08,1.3333335987456924e-05,True,False
2023,6.691233605508707e-06,8.921653157291399e-11,7.137315845875955e-11,1.0777346927272692e-08,1.3333345812267635e-05,True,False
2024,6.683284434581452e-06,8.911047204208794e-11,7.128836730220215e-11,1.0764543462632525e-08,1.333333526566696e-05,True,False
2025,6.675721104106789e-06,8.900962886745029e-11,7.120769177713908e-11,1.0752361458348e-08,1.3333335452359312e-05,True,False
2026,6.6673270183157875e-06,8.88977006479548e-11,7.111815486203507e-11,1.0738841384167295e-08,1.3333334393789937e-05,True,False
2027,6.660529611551459e-06,8.880707245980845e-11,7.104564918988224e-11,1.0727893027672216e-08,1.3333334980718195e-05,True,False
2028,6.653522038895144e-06,8.871374384273363e-11,7.097090174821487e-11,1.0716606163980446e-08,1.3333350866523177e-05,True,False
2029,6.645645188948506e-06,8.860867324710938e-11,7.088688201545074e-11,1.070391918433306e-08,1.333334397606161e-05,True,False
2030,6.636821591353542e-06,8.849100930906512e-11,7.079276364110445e-11,1.0689707309806772e-08,1.3333341583921932e-05,True,False
2031,6.6274120619336724e-06,8.836553591109156e-11,7.069239532729251e-11,1.0674551694421169e-08,1.3333339633224684e-05,True,False
2032,6.617557053370535e-06,8.82340975013102e-11,7.058727523595239e-11,1.065867856062881e-08,1.3333333855636307e-05,True,False
2033,6.613304751726088e-06,8.817741293910232e-11,7.054191735174494e-11,1.0651829520113486e-08,1.3333335790413681e-05,True,False
2034,6.605452800532748e-06,8.807287393111283e-11,7.045816320568265e-11,1.063918264405808e-08,1.3333359058142011e-05,True,False
2035,6.595577198739723e-06,8.79410979784332e-11,7.035282345322371e-11,1.0623276341436781e-08,1.3333343743628216e-05,True,False
2036,6.59179203322879e-06,8.78906324513514e-11,7.031244835444044e-11,1.0617179701520505e-08,1.3333344257267295e-05,True,False
2037,6.579333357723909e-06,8.77245999300365e-11,7.01795558157217e-11,1.0597112928173975e-08,1.3333356916328136e-05,True,False
2038,6.575014130400264e-06,8.766686642447888e-11,7.013348405760282e-11,1.0590156092698024e-08,1.3333335059941846e-05,True,False
2039,6.563360029029584e-06,8.751156714770524e-11,7.000917364298223e-11,1.0571385220090316e-08,1.3333348583750348e-05,True,False
2040,6.56098329736448e-06,8.747987455860717e-11,6.998382183855446e-11,1.0567557097621724e-08,1.333334815739395e-05,True,False
2041,6.549466878576995e-06,8.73262501128275e-11,6.986098003815461e-11,1.0549007985761346e-08,1.333333716038288e-05,True,False
2042,6.548105615535739e-06,8.730817557607403e-11,6.984645989904789e-11,1.054681544475623e-08,1.3333348712172664e-05,True,False
2043,6.539588670156124e-06,8.719451759177655e-11,6.975561248166533e-11,1.0533097484731464e-08,1.3333333637587163e-05,True,False
2044,6.530549998223132e-06,8.707402483959649e-11,6.965919998104674e-11,1.0518539197138058e-08,1.3333337140560606e-05,True,False
2045,6.5221304655913735e-06,8.696175818791978e-11,6.956939163297466e-11,1.0504978136579172e-08,1.3333336192322673e-05,True,False
2046,6.508815849562969e-06,8.678427990325364e-11,6.9427369062005e-11,1.0483532728362756e-08,1.3333343869158738e-05,True,False
2047,6.502846676379012e-06,8.67047082448899e-11,6.936369788137613e-11,1.0473918380087796e-08,1.3333346541882453e-05,True,False
2048,6.494811046851392e-06,8.659749277884349e-11,6.927798449974819e-11,1.0460975659461977e-08,1.3333335204697745e-05,True,False
2049,6.489881456139162e-06,8.653182485316224e-11,6.922540219881773e-11,1.0453035732021478e-08,1.3333344443650303e-05,True,False
2050,6.47924573540971e-06,8.639013915793744e-11,6.911195451103691e-11,1.0435905131166573e-08,1.333336358672228e-05,True,False
2051,6.476412494780209e-06,8.635229282258932e-11,6.908173327765556e-11,1.043134172492599e-08,1.3333352823370444e-05,True,False
2052,6.465771254279643e-06,8.621029977015453e-11,6.89682267123162e-11,1.0414202233559745e-08,1.3333335866636577e-05,True,False
2053,6.462142253066701e-06,8.616191182406086e-11,6.89295173660448e-11,1.0408357122272765e-08,1.333333567257383e-05,True,False
2054,6.456253431145974e-06,8.608339831797292e-11,6.886670326555706e-11,1.0398872193099115e-08,1.3333336312774398e-05,True,False
2055,6.439780165111239e-06,8.586381622688265e-11,6.869098842785321e-11,1.0372339252605836e-08,1.3333345863584997e-05,True,False
2056,6.437009183812737e-06,8.58268050803047e-11,6.866143129400253e-11,1.0367876125394381e-08,1.3333335813180897e-05,True,False
2057,6.4326192042083725e-06,8.576829169108755e-11,6.861460484488931e-11,1.0360805331578285e-08,1.3333338873063697e-05,True,False
2058,6.420997739398757e-06,8.56133157397e-11,6.849064255358674e-11,1.0342087025591599e-08,1.333333528750262e-05,True,False
2059,6.415393620425335e-06,8.553863984630165e-11,6.843086528453691e-11,1.0333060657965074e-08,1.3333342411596331e-05,True,False
2060,6.407400748350342e-06,8.543206742229383e-11,6.834560798240365e-11,1.032018680534295e-08,1.3333342298636353e-05,True,False
2061,6.402161125588562e-06,8.536218069384876e-11,6.828971867294467e-11,1.0311747519614645e-08,1.3333338386731287e-05,True,False
2062,6.390774917815623e-06,8.521034155669892e-11,6.816826579003331e-11,1.029340813429503e-08,1.3333334791553564e-05,True,False
2063,6.384952315585573e-06,8.513271415542237e-11,6.810615803291278e-11,1.028402986296983e-08,1.333333593543286e-05,True,False
2064,6.382430561902258e-06,8.509909100427338e-11,6.807925932695742e-11,1.027996815837057e-08,1.3333335972700333e-05,True,False
2065,6.381204699533214e-06,8.508275811861965e-11,6.806618346168762e-11,1.027799370271483e-08,1.3333337845257254e-05,True,False
2066,6.373359906114486e-06,8.49781504911077e-11,6.798250566522118e-11,1.02653583554484e-08,1.3333336221853907e-05,True,False
2067,6.3540410736713124e-06,8.472055435465563e-11,6.777643811916068e-11,1.023424215599326e-08,1.3333334388678227e-05,True,False
2068,6.349451038969967e-06,8.465937617015879e-11,6.772747774901298e-11,1.022684914010096e-08,1.3333337898120492e-05,True,False
2069,6.342426992221645e-06,8.456570725868018e-11,6.765255458369755e-11,1.021553574213833e-08,1.3333335545271802e-05,True,False
2070,6.34100707346833e-06,8.4546761360806e-11,6.763740878366219e-11,1.021324872633299e-08,1.3333333393454426e-05,True,False
2071,6.332159404571322e-06,8.442886977450125e-11,6.754303364876077e-11,1.0198998080962875e-08,1.3333345606168764e-05,True,False
2072,6.324959182038086e-06,8.433281695099722e-11,6.746623127507292e-11,1.018740092253601e-08,1.3333337737655208e-05,True,False
2073,6.313016544694782e-06,8.417358294371973e-11,6.733884314341101e-11,1.0168165314655063e-08,1.333333792930671e-05,True,False
2074,6.308025474185414e-06,8.410700787358241e-11,6.728560505797776e-11,1.016012636375464e-08,1.3333333579228063e-05,True,False
2075,6.299069249072092e-06,8.398766365971852e-11,6.719007199010232e-11,1.014570087050545e-08,1.3333345029043877e-05,True,False
2076,6.295566149525451e-06,8.394100484732801e-11,6.715270559493815e-11,1.014005854483566e-08,1.3333352847647441e-05,True,False
2077,6.2912033726787935e-06,8.388272928343963e-11,6.71061693085738e-11,1.0133031565594644e-08,1.33333361384759e-05,True,False
2078,6.279907166366797e-06,8.373211887728811e-11,6.698567644124584e-11,1.0114837142628122e-08,1.3333337047676587e-05,True,False
2079,6.2752331584029106e-06,8.366995481570192e-11,6.693582035629772e-11,1.0107308873800955e-08,1.3333361917184363e-05,True,False
2080,6.271114220326623e-06,8.361487448422008e-11,6.689188501681732e-11,1.0100674637539414e-08,1.3333336237633559e-05,True,False
2081,6.256098289307704e-06,8.341466245597675e-11,6.673171508594885e-11,1.0076488977978276e-08,1.3333336306199141e-05,True,False
2082,6.252852134316303e-06,8.337136730042242e-11,6.669708943270724e-11,1.0071260504338792e-08,1.333333421445738e-05,True,False
2083,6.251271234240596e-06,8.335029322862222e-11,6.668022649856636e-11,1.006871420128352e-08,1.3333334949870819e-05,True,False
2084,6.243264179341361e-06,8.324355141897095e-11,6.659481791297451e-11,1.0055817504859152e-08,1.3333337982784642e-05,True,False
2085,6.23802710511438e-06,8.317371579881013e-11,6.653895578788672e-11,1.0047382323970895e-08,1.3333336710034231e-05,True,False
2086,6.229315613664168e-06,8.305761461718224e-11,6.64460332124178e-11,1.0033351015075088e-08,1.3333345068436277e-05,True,False
2087,6.2194674112560275e-06,8.292625743368204e-11,6.63409857200643e-11,1.0017488843729709e-08,1.3333337398569149e-05,True,False
2088,6.212610400708592e-06,8.283482844504865e-11,6.6267844274225e-11,1.0006444485407973e-08,1.3333337051942088e-05,True,False
2089,6.205113712015354e-06,8.273493597386585e-11,6.618787959483044e-11,9.994369818819397e-09,1.3333347270278217e-05,True,False
2090,6.1972897536076355e-06,8.263053076994004e-11,6.610442403848145e-11,9.9817680298107e-09,1.333333344980977e-05,True,False
2091,6.1903583117304864e-06,8.253825570255152e-11,6.603048865845853e-11,9.970603787427237e-09,1.3333356737387036e-05,True,False
2092,6.186103319009325e-06,8.248142611661868e-11,6.59851020694328e-11,9.963750412484353e-09,1.3333341178308623e-05,True,False
2093,6.181473078696006e-06,8.241975961620915e-11,6.593571283942408e-11,9.956292638753033e-09,1.3333352514348532e-05,True,False
2094,6.171690798867851e-06,8.228922908050046e-11,6.583136852125709e-11,9.94053664670982e-09,1.3333336319375524e-05,True,False
2095,6.1589626860561195e-06,8.211950902655505e-11,6.569560198459862e-11,9.92003589967439e-09,1.3333334396143277e-05,True,False
2096,6.150037558439434e-06,8.200055837168734e-11,6.560040062335397e-11,9.905660494126449e-09,1.3333342697909458e-05,True,False
2097,6.145608011061006e-06,8.194146092841005e-11,6.555315211798407e-11,9.898525969815595e-09,1.3333336714761165e-05,True,False
2098,6.135101253240847e-06,8.18014174178055e-11,6.544108003456904e-11,9.881603085219925e-09,1.3333344315156033e-05,True,False
2099,6.1277819993483716e-06,8.170378861123691e-11,6.53630079930493e-11,9.869814206950443e-09,1.3333338003852828e-05,True,False
2100,6.124855622878105e-06,8.166476226054242e-11,6.53317933106998e-11,9.865100789915669e-09,1.3333336700297218e-05,True,False
2101,6.119514692864735e-06,8.15935310259314e-11,6.527482339055717e-11,9.856498331974133e-09,1.3333333625470052e-05,True,False
2102,6.116112985272108e-06,8.154820943503658e-11,6.523853850956915e-11,9.851019314944943e-09,1.3333339268160768e-05,True,False
2103,6.108108182268902e-06,8.14415425872724e-11,6.515315394420163e-11,9.838126245574445e-09,1.3333349730721426e-05,True,False
2104,6.104094343525077e-06,8.138800365427639e-11,6.511033966426749e-11,9.83166128930439e-09,1.3333346287579709e-05,True,False
2105,6.097523180149148e-06,8.130031058162542e-11,6.504024725492425e-11,9.821077335493561e-09,1.3333333581461969e-05,True,False
2106,6.094050529859427e-06,8.125402810929088e-11,6.500320565183389e-11,9.815484053426917e-09,1.3333336786619193e-05,True,False
2107,6.092340466715949e-06,8.123123714286091e-11,6.498496497830346e-11,9.812729711723823e-09,1.3333338408555534e-05,True,False
2108,6.0806621897392396e-06,8.10755292520666e-11,6.486039669055189e-11,9.793919900273336e-09,1.3333338824326863e-05,True,False
2109,6.066028879908812e-06,8.088045056215199e-11,6.470430805236066e-11,9.77035051590646e-09,1.3333344130627983e-05,True,False
2110,6.062385563259503e-06,8.083181014504613e-11,6.466544600810137e-11,9.764482347223307e-09,1.3333333767967421e-05,True,False
2111,6.055354923579228e-06,8.073813290999711e-11,6.459045251817844e-11,9.753158330244943e-09,1.3333344441232857e-05,True,False
2112,6.050926078563729e-06,8.067901782654987e-11,6.454321150467979e-11,9.746024937206647e-09,1.3333333902783382e-05,True,False
2113,6.048313540292251e-06,8.064420362551204e-11,6.451534442978401e-11,9.741817008897385e-09,1.3333337150642385e-05,True,False
2114,6.039265983316298e-06,8.052367281814906e-11,6.441883715537385e-11,9.727244410461451e-09,1.3333354258712693e-05,True,False
2115,6.025304289951395e-06,8.033740550126213e-11,6.426991242614822e-11,9.704756776348382e-09,1.3333335817618963e-05,True,False
2116,6.016422433224561e-06,8.021897080042088e-11,6.417517262106199e-11,9.69045106578036e-09,1.3333334168396604e-05,True,False
2117,6.008129817028809e-06,8.010853430904168e-11,6.40867180483073e-11,9.677094425294402e-09,1.3333356093936338e-05,True,False
2118,6.004104355129157e-06,8.005475397235776e-11,6.404377978804434e-11,9.670610747994696e-09,1.3333338202885992e-05,True,False
2119,5.999022398189688e-06,7.998698612524431e-11,6.398957224735667e-11,9.662425409350857e-09,1.333333680324011e-05,True,False
2120,5.992216071216722e-06,7.989623678243388e-11,6.391697142631171e-11,9.651462685373068e-09,1.3333337088128551e-05,True,False
2121,5.989420407576279e-06,7.985894267428685e-11,6.388715101414697e-11,9.646959803136193e-09,1.3333333985583948e-05,True,False
2122,5.980000391225759e-06,7.97333465873899e-11,6.378667083974142e-11,9.631787296800955e-09,1.3333334677432427e-05,True,False
2123,5.974800164060706e-06,7.966403817524553e-11,6.373120174998086e-11,9.623411464247112e-09,1.3333339356592433e-05,True,False
2124,5.973407116860136e-06,7.964546618852551e-11,6.371634257984146e-11,9.62116772955606e-09,1.333333968878893e-05,True,False
2125,5.969149264054193e-06,7.958882656441235e-11,6.367092548324474e-11,9.614309747969954e-09,1.3333361764580221e-05,True,False
2126,5.953469416415869e-06,7.937971169297945e-11,6.350367377510261e-11,9.589054740040493e-09,1.3333353401312664e-05,True,False
2127,5.94832386622366e-06,7.931103204432992e-11,6.344878790638572e-11,9.580766973864243e-09,1.333334126184376e-05,True,False
2128,5.942764139939808e-06,7.923686241394752e-11,6.338948415935796e-11,9.571812108063051e-09,1.3333334547372778e-05,True,False
2129,5.936970212276985e-06,7.915960453794605e-11,6.332768226428785e-11,9.562480021907464e-09,1.3333333620952471e-05,True,False
2130,5.927782033365202e-06,7.903712939006163e-11,6.322967502256216e-11,9.547680928406886e-09,1.3333339340952833e-05,True,False
2131,5.923000744194907e-06,7.897336122204934e-11,6.317867460474568e-11,9.539979865316598e-09,1.3333336366612919e-05,True,False
2132,5.919301465790552e-06,7.892404783372773e-11,6.313921563509923e-11,9.534021560899983e-09,1.333333811258877e-05,True,False
2133,5.905104623296142e-06,7.873478306119415e-11,6.298778264849218e-11,9.51115517992232e-09,1.3333342605070654e-05,True,False
2134,5.898221435720471e-06,7.86429538625786e-11,6.291436198101835e-11,9.500068659133772e-09,1.3333333568371246e-05,True,False
2135,5.89198898590231e-06,7.855986672503075e-11,6.28478825162913e-11,9.490030259959987e-09,1.3333335638101153e-05,True,False
2136,5.88960173107348e-06,7.852804162468549e-11,6.282241846478379e-11,9.486185188182353e-09,1.3333336481883373e-05,True,False
2137,5.875489406742823e-06,7.833986089281952e-11,6.267188700525678e-11,9.463454937793774e-09,1.3333333696919819e-05,True,False
2138,5.869185056518281e-06,7.825583997396221e-11,6.260464060286168e-11,9.453300731032113e-09,1.3333340015757682e-05,True,False
2139,5.868920970938101e-06,7.825229018566872e-11,6.260182369000642e-11,9.452875377190968e-09,1.3333335134884378e-05,True,False
2140,5.863104210037312e-06,7.817488020951817e-11,6.253977824039801e-11,9.443506514300098e-09,1.3333360180719127e-05,True,False
2141,5.857504455486661e-06,7.810007049662859e-11,6.248004752519105e-11,9.43448717630385e-09,1.3333335226654945e-05,True,False
2142,5.847386669453142e-06,7.796519208425056e-11,6.237212447416686e-11,9.418190795599194e-09,1.3333339573991607e-05,True,False
2143,5.844906000800962e-06,7.793208371620767e-11,6.23456640085436e-11,9.414195265290084e-09,1.3333333967308998e-05,True,False
2144,5.828439992670131e-06,7.771254457823421e-11,6.21700265884814e-11,9.387674014860692e-09,1.3333335279417102e-05,True,False
2145,5.820790873003649e-06,7.761060722373453e-11,6.208843597870558e-11,9.375353832784544e-09,1.3333344027816937e-05,True,False
2146,5.816424676594616e-06,7.75523487625202e-11,6.204186321700924e-11,9.368321345768396e-09,1.3333336727387199e-05,True,False
2147,5.814069449741559e-06,7.752092712425168e-11,6.20167407972433e-11,9.364527860383738e-09,1.3333333527293446e-05,True,False
2148,5.807589792055313e-06,7.743461775733629e-11,6.194762444859001e-11,9.354091291737091e-09,1.3333348347582256e-05,True,False
2149,5.800219427423413e-06,7.733631527146505e-11,6.186900722584974e-11,9.342220091103311e-09,1.3333343029372178e-05,True,False
2150,5.79696548992633e-06,7.729291266319649e-11,6.18342985592142e-11,9.336979082441342e-09,1.3333340141063831e-05,True,False
2151,5.7933105453391805e-06,7.724414224538932e-11,6.179531248361793e-11,9.331092185026308e-09,1.3333333616568091e-05,True,False
2152,5.7843472357252205e-06,7.712465283266351e-11,6.169970384773568e-11,9.316655281008088e-09,1.3333337313556679e-05,True,False
2153,5.778858147526277e-06,7.705144544982338e-11,6.164115357361362e-11,9.307814189615657e-09,1.3333333936014047e-05,True,False
2154,5.766579214977825e-06,7.688772834864211e-11,6.151017829309681e-11,9.288036922257617e-09,1.3333334284030603e-05,True,False
2155,5.757829469952179e-06,7.677110615399856e-11,6.141684767948991e-11,9.273943999602976e-09,1.3333341418782271e-05,True,False
2156,5.756001796392832e-06,7.67467151429687e-11,6.139735249485687e-11,9.271000226723387e-09,1.3333337593998718e-05,True,False
2157,5.743853656948707e-06,7.658472103753362e-11,6.126777234078622e-11,9.251433623458719e-09,1.3333334310299529e-05,True,False
2158,5.738221082698492e-06,7.650964559264822e-11,6.120769154878391e-11,9.242361423866371e-09,1.3333338763007073e-05,True,False
2159,5.733661852713607e-06,7.644886963645937e-11,6.115905976227849e-11,9.23501802410405e-09,1.3333341170142065e-05,True,False
2160,5.725221998621021e-06,7.63363058606538e-11,6.106903465195756e-11,9.221424232445592e-09,1.3333335524638205e-05,True,False
2161,5.7160643748860955e-06,7.621421242203166e-11,6.097135333211835e-11,9.206674353149871e-09,1.3333336964657678e-05,True,False
2162,5.713203611772659e-06,7.61760506725585e-11,6.094083852557503e-11,9.20206661736183e-09,1.3333333773644915e-05,True,False
2163,5.7107856317904085e-06,7.614381485352624e-11,6.09150467390977e-11,9.198172057603752e-09,1.3333334459212422e-05,True,False
2164,5.702308120717624e-06,7.603081038676055e-11,6.082461995432134e-11,9.18451761310252e-09,1.3333339549037244e-05,True,False
2165,5.694098087795281e-06,7.59213630578588e-11,6.073704626981633e-11,9.171293986742266e-09,1.3333343031197251e-05,True,False
2166,5.684257265593056e-06,7.579011722861146e-11,6.063207749965927e-11,9.15544370244855e-09,1.3333336914106762e-05,True,False
2167,5.670570984397771e-06,7.560761714674074e-11,6.04860905002429e-11,9.133399665536678e-09,1.3333334042510088e-05,True,False
2168,5.6677957738819e-06,7.557063371550434e-11,6.045648825474028e-11,9.12892972646578e-09,1.3333337461407093e-05,True,False
2169,5.664318109489994e-06,7.552424971983179e-11,6.041939316789328e-11,9.123328368351883e-09,1.3333334791578625e-05,True,False
2170,5.656739049055346e-06,7.542329457870491e-11,6.033854985659036e-11,9.111121028345144e-09,1.3333352294428416e-05,True,False
2171,5.653850326515097e-06,7.538471405876938e-11,6.030773681616104e-11,9.106468259240316e-09,1.3333340945591459e-05,True,False
2172,5.648028896476694e-06,7.530706298101255e-11,6.024564156241807e-11,9.097091875925128e-09,1.3333335285871142e-05,True,False
2173,5.6401978497468975e-06,7.520264405184579e-11,6.016211039730024e-11,9.084478669992337e-09,1.3333334406916327e-05,True,False
2174,5.636070507474075e-06,7.514762460443021e-11,6.011808541305681e-11,9.077830897371577e-09,1.3333336498323762e-05,True,False
2175,5.628780326816802e-06,7.505040542014477e-11,6.004032348604589e-11,9.06608884639293e-09,1.3333333522110892e-05,True,False
2176,5.620779945528027e-06,7.494374513351673e-11,5.995498608563229e-11,9.053202898930476e-09,1.3333335561934434e-05,True,False
2177,5.604525957730099e-06,7.472701725235218e-11,5.978161021578773e-11,9.027023142583946e-09,1.3333334133154328e-05,True,False
2178,5.6038874856342685e-06,7.47185204020668e-11,5.977479984676554e-11,9.025994776861595e-09,1.3333337008212592e-05,True,False
2179,5.5949204545093525e-06,7.459902661682101e-11,5.967915151476643e-11,9.011551878729731e-09,1.3333348923074721e-05,True,False
2180,5.592686091586512e-06,7.456916805041547e-11,5.965531831025613e-11,9.007953064848676e-09,1.3333336938505335e-05,True,False
2181,5.588130256755298e-06,7.450849655941517e-11,5.960672273872318e-11,9.0006151335472e-09,1.3333350000090714e-05,True,False
2182,5.579678341102143e-06,7.439572813714249e-11,5.95165689717562e-11,8.987001914735186e-09,1.3333336366204801e-05,True,False
2183,5.57921749451635e-06,7.438970190253076e-11,5.951165327484106e-11,8.986259644501e-09,1.3333357585655377e-05,True,False
2184,5.574742062683914e-06,7.432989665934694e-11,5.946391533529509e-11,8.979051215629558e-09,1.3333333780031684e-05,True,False
2185,5.566948334852117e-06,7.422599185283406e-11,5.938078223842259e-11,8.96649811800181e-09,1.3333335858021005e-05,True,False
2186,5.556326930751097e-06,7.408439048860275e-11,5.926748726134504e-11,8.9493905764631e-09,1.333333898669424e-05,True,False
2187,5.551820554043364e-06,7.402431035134208e-11,5.921941924312921e-11,8.942132305712512e-09,1.333333987126629e-05,True,False
2188,5.54238822768852e-06,7.389853840331934e-11,5.911880776201089e-11,8.926939972063644e-09,1.3333338511751834e-05,True,False
2189,5.540098001733144e-06,7.386797702870834e-11,5.909437868515354e-11,8.923251181458185e-09,1.3333333996185583e-05,True,False
2190,5.533165165014571e-06,7.377554239907855e-11,5.902042842682209e-11,8.912084692450137e-09,1.3333334574133261e-05,True,False
2191,5.52686652083522e-06,7.369155770629029e-11,5.895324288890902e-11,8.901939676225262e-09,1.3333334074287364e-05,True,False
2192,5.525565117070314e-06,7.367420980238879e-11,5.893936124875003e-11,8.899843548561253e-09,1.3333334824846164e-05,True,False
2193,5.5170532771487e-06,7.35607359931047e-11,5.884856828958613e-11,8.886133811727506e-09,1.3333337979132593e-05,True,False
2194,5.515848887484753e-06,7.354472459343706e-11,5.883572146650403e-11,8.88419394144211e-09,1.333334652446828e-05,True,False
2195,5.501228992347152e-06,7.334972872897358e-11,5.867977591836963e-11,8.860646163673813e-09,1.3333334938613092e-05,True,False
2196,5.4995010089426205e-06,7.332669265240875e-11,5.866134409538796e-11,8.857862958403582e-09,1.3333335612298968e-05,True,False
2197,5.492399208386797e-06,7.323199693675475e-11,5.858559155612584e-11,8.846424324975001e-09,1.3333334697326948e-05,True,False
2198,5.4900064309925886e-06,7.320009244455557e-11,5.856006859725429e-11,8.842570358185397e-09,1.3333334553366099e-05,True,False
2199,5.482238361509277e-06,7.309651713234873e-11,5.84772091894323e-11,8.830058587604276e-09,1.3333334363124085e-05,True,False
2200,5.473669713202653e-06,7.298226294242487e-11,5.838581027416164e-11,8.816257351398406e-09,1.3333333351551975e-05,True,False
2201,5.470049028217338e-06,7.29340042383566e-11,5.834718963431828e-11,8.810425634782059e-09,1.333333647689908e-05,True,False
2202,5.464571948033911e-06,7.286098037843724e-11,5.828876744569505e-11,8.801603884299953e-09,1.333333718932034e-05,True,False
2203,5.460900595424782e-06,7.281204933101573e-11,5.824960635119769e-11,8.79569055903085e-09,1.3333340913038899e-05,True,False
2204,5.4501625133060175e-06,7.26689035824528e-11,5.813506680859752e-11,8.778395088098225e-09,1.33333461901437e-05,True,False
2205,5.447898518277012e-06,7.263865760839739e-11,5.811091752828813e-11,8.774748546771507e-09,1.3333335297033134e-05,True,False
2206,5.44157796196421e-06,7.255439210504444e-11,5.804349826095158e-11,8.764568237403689e-09,1.3333336876212826e-05,True,False
2207,5.438102354988988e-06,7.250809804894724e-11,5.800642511988255e-11,8.758970193102265e-09,1.33333455892803e-05,True,False
2208,5.427847591785557e-06,7.237136056626613e-11,5.789704097904595e-11,8.742453187835937e-09,1.3333344266296668e-05,True,False
2209,5.422367521620155e-06,7.229823382441322e-11,5.783858689728166e-11,8.733626621489531e-09,1.3333333370736026e-05,True,False
2210,5.417777041077693e-06,7.223713597829876e-11,5.77896217714954e-11,8.726232887495805e-09,1.3333353408712718e-05,True,False
2211,5.412445646432831e-06,7.216595302885756e-11,5.77327535619502e-11,8.717645787854481e-09,1.3333335379805581e-05,True,False
2212,5.406982096099949e-06,7.20931358409082e-11,5.7674475691732797e-11,8.708845829451652e-09,1.3333340957964132e-05,True,False
2213,5.396848600129163e-06,7.195798828331309e-11,5.756638506804441e-11,8.692524145274706e-09,1.3333334620799056e-05,True,False
2214,5.395297066820074e-06,7.193732507210582e-11,5.754983537941413e-11,8.690025142291533e-09,1.3333339050875441e-05,True,False
2215,5.384823253294979e-06,7.17976720367015e-11,5.7438114701813113e-11,8.67315531997378e-09,1.3333338655594393e-05,True,False
2216,5.37665445746805e-06,7.168878243288297e-11,5.7350980879659204e-11,8.65999811282854e-09,1.333334381072395e-05,True,False
2217,5.374443106203336e-06,7.165926715703154e-11,5.732739313283559e-11,8.656436363058173e-09,1.3333338122850413e-05,True,False
2218,5.364796989631543e-06,7.153064976582703e-11,5.7224501222736466e-11,8.640899684633207e-09,1.333333766479387e-05,True,False
2219,5.362025872554144e-06,7.149368521722579e-11,5.7194942640577534e-11,8.636436338727207e-09,1.3333334623238313e-05,True,False
2220,5.35444141530291e-06,7.139255918743932e-11,5.7114041763231044e-11,8.624220306247888e-09,1.333333463755911e-05,True,False
2221,5.3478300677606015e-06,7.130446348380473e-11,5.704352072277975e-11,8.613571629139743e-09,1.3333345035337559e-05,True,False
2222,5.3378158838750884e-06,7.117088501920905e-11,5.693670276133428e-11,8.597442116961475e-09,1.3333334563713201e-05,True,False
2223,5.336611400646024e-06,7.115487298876252e-11,5.692385494022426e-11,8.595502095973864e-09,1.3333343510855756e-05,True,False
2224,5.328201333577256e-06,7.104271906816358e-11,5.68341475581574e-11,8.581956281281768e-09,1.333333983092317e-05,True,False
2225,5.3240085954213634e-06,7.098687573668228e-11,5.678942501782788e-11,8.57520317769201e-09,1.3333351076429674e-05,True,False
2226,5.3158380539404555e-06,7.087788262584371e-11,5.6702272575364864e-11,8.562043158880094e-09,1.333334121668817e-05,True,False
2227,5.304762429368274e-06,7.073017809735682e-11,5.658413257992826e-11,8.544204019569167e-09,1.3333335665661435e-05,True,False
2228,5.301012692848513e-06,7.0680188883683e-11,5.6544135390384144e-11,8.538164443948006e-09,1.3333337039361588e-05,True,False
2229,5.292703343475414e-06,7.056941974451359e-11,5.645550233040442e-11,8.524780851891068e-09,1.3333341236951835e-05,True,False
2230,5.2901262669032875e-06,7.053509231891387e-11,5.642801351363507e-11,8.520630040558896e-09,1.3333347591380538e-05,True,False
2231,5.285885824566479e-06,7.04785134147413e-11,5.638278212870911e-11,8.513800101435076e-09,1.3333340097356641e-05,True,False
2232,5.280576080613077e-06,7.040775036719827e-11,5.6326144859872824e-11,8.505247873840796e-09,1.3333346455454138e-05,True,False
2233,5.270993172715532e-06,7.02799243123245e-11,5.6223927175632344e-11,8.489813003520484e-09,1.3333336244128997e-05,True,False
2234,5.266848282686316e-06,7.022467520103057e-11,5.617971501532071e-11,8.483136967313427e-09,1.333333930120596e-05,True,False
2235,5.262002553301875e-06,7.016003693911852e-11,5.612802723522e-11,8.47533211251822e-09,1.3333333883521877e-05,True,False
2236,5.259064493398755e-06,7.012095699514865e-11,5.609668792958673e-11,8.470599877367596e-09,1.333335179349205e-05,True,False
2237,5.251327433435946e-06,7.001772583061668e-11,5.601415928998343e-11,8.458138052787497e-09,1.3333338421215919e-05,True,False
2238,5.247625973729705e-06,6.996836801470844e-11,5.5974677053116854e-11,8.452176235020645e-09,1.333333746821499e-05,True,False
2239,5.238211571069461e-06,6.984290124150864e-11,5.587425675807425e-11,8.437012770469211e-09,1.333334866183138e-05,True,False
2240,5.236010535673694e-06,6.981348913318132e-11,5.585077904718607e-11,8.433467636125097e-09,1.3333336260026973e-05,True,False
2241,5.230102521432189e-06,6.97347008334859e-11,5.5787760228610014e-11,8.423951794520111e-09,1.3333333438058505e-05,True,False
2242,5.2262295722509735e-06,6.968312627717551e-11,5.5746448770677055e-11,8.417713764372235e-09,1.3333345830646798e-05,True,False
2243,5.213166369942066e-06,6.950889558775394e-11,5.56071079460487e-11,8.396673299853353e-09,1.3333335377233777e-05,True,False
2244,5.205340731939027e-06,6.94046350107952e-11,5.552363447401629e-11,8.38406880557646e-09,1.333335099178829e-05,True,False
2245,5.201538010645004e-06,6.935384413435098e-11,5.5483072113546716e-11,8.377943889145553e-09,1.3333334100878928e-05,True,False
2246,5.196245346862434e-06,6.928332802764215e-11,5.5426617033199296e-11,8.369419172013093e-09,1.333334425201389e-05,True,False
2247,5.191681410544782e-06,6.92224259774924e-11,5.537793504581101e-11,8.362068191917462e-09,1.3333334714432843e-05,True,False
2248,5.184697935061352e-06,6.912930670718549e-11,5.5303444640654425e-11,8.350820140738818e-09,1.33333335081492e-05,True,False
2249,5.178884319275333e-06,6.905182300031537e-11,5.524143273893689e-11,8.34145634357947e-09,1.3333339527069722e-05,True,False
2250,5.175851136853998e-06,6.901136301259394e-11,5.5209078793109315e-11,8.336570897759506e-09,1.3333336138902295e-05,True,False
2251,5.174214915969255e-06,6.898953463195303e-11,5.5191625770338725e-11,8.333935491321148e-09,1.3333333800849597e-05,True,False
2252,5.164479359807112e-06,6.88597329774372e-11,5.508777983794253e-11,8.318254755529322e-09,1.3333334917231433e-05,True,False
2253,5.154382859024666e-06,6.872514413989054e-11,5.498008382959644e-11,8.301992658269062e-09,1.3333340968174606e-05,True,False
2254,5.151761595840621e-06,6.86901600047044e-11,5.495212368896663e-11,8.297770677033961e-09,1.3333334380256026e-05,True,False
2255,5.148352048225887e-06,6.864469599717498e-11,5.491575518107613e-11,8.292279032342496e-09,1.3333333725853075e-05,True,False
2256,5.137610953970116e-06,6.850149626741618e-11,5.480118350901458e-11,8.2749787098612e-09,1.3333336619130586e-05,True,False
2257,5.135472799790036e-06,6.847297378005217e-11,5.477837653109371e-11,8.27153485619515e-09,1.3333333940129465e-05,True,False
2258,5.128200536099827e-06,6.837605420838314e-11,5.4700805718398157e-11,8.259821663478122e-09,1.3333342510116714e-05,True,False
2259,5.120637455524824e-06,6.82752001820288e-11,5.4620132858931455e-11,8.24764006169865e-09,1.3333339994293962e-05,True,False
2260,5.11840946891609e-06,6.824546523394955e-11,5.4596367668438295e-11,8.244051517934183e-09,1.3333334436879605e-05,True,False
2261,5.11702365999097e-06,6.822699694724883e-11,5.458158570657035e-11,8.241819441692122e-09,1.333333622838266e-05,True,False
2262,5.105337082659327e-06,6.807116324176566e-11,5.445692888169949e-11,8.222996261136622e-09,1.3333333752432262e-05,True,False
2263,5.0986243425539276e-06,6.798166870617276e-11,5.438532632057523e-11,8.21218427440686e-09,1.33333354526214e-05,True,False
2264,5.092712726928519e-06,6.790284971267533e-11,5.432226908723754e-11,8.202662632172868e-09,1.3333335955438511e-05,True,False
2265,5.088432415803973e-06,6.784577641177918e-11,5.427661243524238e-11,8.1957684777216e-09,1.3333335469104297e-05,True,False
2266,5.083567348130857e-06,6.77809503436542e-11,5.4224718380062476e-11,8.187932475389433e-09,1.3333343634874068e-05,True,False
2267,5.0784116317018234e-06,6.771219911976844e-11,5.416972407148612e-11,8.179628334794405e-09,1.3333342003447925e-05,True,False
2268,5.071724284367731e-06,6.762300465129088e-11,5.4098392366589136e-11,8.16885724735496e-09,1.3333336131800612e-05,True,False
2269,5.064301280987104e-06,6.752409108268189e-11,5.4019213663862443e-11,8.156901263243228e-09,1.33333479459817e-05,True,False
2270,5.059974253817355e-06,6.746634592974238e-11,5.397305870738512e-11,8.149931864815153e-09,1.3333337788990585e-05,True,False
2271,5.054961182248613e-06,6.739948455214597e-11,5.3919585943985216e-11,8.141857477541767e-09,1.3333333753151485e-05,True,False
2272,5.053117177131767e-06,6.737492221699156e-11,5.3899916556072185e-11,8.1388873999669e-09,1.3333338581955205e-05,True,False
2273,5.043434130878844e-06,6.724585363107933e-11,5.3796630729374335e-11,8.123291240135524e-09,1.3333346264871591e-05,True,False
2274,5.038188665805234e-06,6.717586901713593e-11,5.37406791019225e-11,8.114842544390296e-09,1.3333337330748705e-05,True,False
2275,5.026419168866792e-06,6.701892688543979e-11,5.361513780124578e-11,8.095885807988113e-09,1.3333334255238652e-05,True,False
2276,5.021652961908583e-06,6.695539468245846e-11,5.3564298260358226e-11,8.08820903731409e-09,1.3333337685886338e-05,True,False
2277,5.014409485345152e-06,6.685882038212688e-11,5.3487034510348286e-11,8.076542211062591e-09,1.3333338766513772e-05,True,False
2278,5.008571057687028e-06,6.678107416070394e-11,5.342475794866163e-11,8.067138450247907e-09,1.3333358634936414e-05,True,False
2279,5.005572815877972e-06,6.674097680476438e-11,5.339277670269837e-11,8.062309282107454e-09,1.3333334517292021e-05,True,False
2280,5.0036367414509985e-06,6.671520558529811e-11,5.3372125242143984e-11,8.059190911563741e-09,1.3333343132729384e-05,True,False
2281,4.996093924397155e-06,6.661459533765268e-11,5.329166852690299e-11,8.047041947562352e-09,1.3333335270651586e-05,True,False
2282,4.992259768638203e-06,6.656347088999319e-11,5.325077086547417e-11,8.040866400686599e-09,1.333333479722961e-05,True,False
2283,4.987561429348174e-06,6.650086323943967e-11,5.3200655246380526e-11,8.033298942203459e-09,1.333334219166313e-05,True,False
2284,4.986278514997777e-06,6.648372295000931e-11,5.318697082664295e-11,8.031232594823086e-09,1.3333335221857128e-05,True,False
2285,4.976310714529111e-06,6.635082268966609e-11,5.308064762164385e-11,8.015177790868222e-09,1.3333335978387478e-05,True,False
2286,4.970307233289139e-06,6.627079801181352e-11,5.301661048841749e-11,8.00550818375104e-09,1.3333340355291943e-05,True,False
2287,4.964064687269909e-06,6.618753788513352e-11,5.2950023330879026e-11,7.995453522962733e-09,1.3333335090267477e-05,True,False
2288,4.958732825986878e-06,6.61164713663805e-11,5.2893150143860034e-11,7.986865671722865e-09,1.3333340126713143e-05,True,False
2289,4.949588743613857e-06,6.599451751323904e-11,5.2795613265214476e-11,7.972137603047386e-09,1.3333333521575427e-05,True,False
2290,4.9479511556633046e-06,6.597268289974006e-11,5.2778145660408586e-11,7.969499994721697e-09,1.3333333499913259e-05,True,False
2291,4.940097989365883e-06,6.586798670828192e-11,5.269437855323609e-11,7.95685116153865e-09,1.33333360694606e-05,True,False
2292,4.934772939965345e-06,6.57969768841716e-11,5.263757802629701e-11,7.948274281970848e-09,1.3333334215096364e-05,True,False
2293,4.930922963720672e-06,6.574564965580362e-11,5.25965116130205e-11,7.942073253566095e-09,1.3333335389647753e-05,True,False
2294,4.929511870335393e-06,6.572682608892259e-11,5.258145995024419e-11,7.939800452486873e-09,1.3333333566848818e-05,True,False
2295,4.9209595809296215e-06,6.561287329261513e-11,5.2490235529915964e-11,7.92602556501731e-09,1.333334936277208e-05,True,False
2296,4.916322806661089e-06,6.555098989053562e-11,5.244077660438495e-11,7.918557267262128e-09,1.333333722548102e-05,True,False
2297,4.900985027247582e-06,6.534649591408804e-11,5.227717362397421e-11,7.893853217220106e-09,1.3333339226867006e-05,True,False
2298,4.898490735906803e-06,6.531322916354904e-11,5.225056784967256e-11,7.889835745300557e-09,1.3333337283827348e-05,True,False
2299,4.896414324086168e-06,6.528554054891838e-11,5.222841945691913e-11,7.886491337994788e-09,1.3333336647548269e-05,True,False
2300,4.892807157169948e-06,6.523743855690403e-11,5.218994300981279e-11,7.88068139448173e-09,1.3333335335177621e-05,True,False
2301,4.880304929276324e-06,6.50707329765645e-11,5.20565859122808e-11,7.8605444727544e-09,1.3333333453451548e-05,True,False
2302,4.877670281904135e-06,6.503561758317894e-11,5.202848300697744e-11,7.856300934053594e-09,1.3333336167566961e-05,True,False
2303,4.874195522141946e-06,6.498928551604678e-11,5.199141890284743e-11,7.85070425432996e-09,1.333333577219477e-05,True,False
2304,4.8712754046094745e-06,6.49503424956795e-11,5.196027098250107e-11,7.84600091835766e-09,1.3333334106755663e-05,True,False
2305,4.862202685921768e-06,6.482937162371744e-11,5.1863495316498855e-11,7.831387792791328e-09,1.3333333842998197e-05,True,False
2306,4.856571039850913e-06,6.475429974640806e-11,5.180342442507641e-11,7.822317088186538e-09,1.3333337289841411e-05,True,False
2307,4.847079056968366e-06,6.462776338278546e-11,5.170217660766258e-11,7.807028667757048e-09,1.333334212691948e-05,True,False
2308,4.842721613167188e-06,6.456964630834644e-11,5.165569720711668e-11,7.800010278274618e-09,1.3333338454307153e-05,True,False
2309,4.8389768482212e-06,6.451972292777247e-11,5.16157530476928e-11,7.793978710201612e-09,1.3333339867391557e-05,True,False
2310,4.831600766021713e-06,6.442134929717137e-11,5.153707483756494e-11,7.782098300472307e-09,1.3333334523459646e-05,True,False
2311,4.829846414095803e-06,6.439797935606674e-11,5.1518361750355235e-11,7.77927262430364e-09,1.3333338958382325e-05,True,False
2312,4.824142072996362e-06,6.432190176672786e-11,5.1457515445294526e-11,7.770084832239474e-09,1.3333334879745024e-05,True,False
2313,4.821750129109412e-06,6.429000609703022e-11,5.1432001377167064e-11,7.766232207952226e-09,1.333333424079873e-05,True,False
2314,4.812075680282166e-06,6.416105844305412e-11,5.1328807256343105e-11,7.75064989570781e-09,1.3333343593484777e-05,True,False
2315,4.8095323058787485e-06,6.412722230973233e-11,5.130167792937332e-11,7.746553367335372e-09,1.3333359302181807e-05,True,False
2316,4.803475453095797e-06,6.404634495368059e-11,5.123707149968851e-11,7.736797796452965e-09,1.3333334494798612e-05,True,False
2317,4.796285912972394e-06,6.395048688567006e-11,5.1160383071705537e-11,7.725217843827536e-09,1.3333335010889319e-05,True,False
2318,4.794703130162585e-06,6.39293769572224e-11,5.1143500055067573e-11,7.722668508315203e-09,1.3333333727182104e-05,True,False
2319,4.790070869045055e-06,6.386763678510359e-11,5.109408926981392e-11,7.715207479741902e-09,1.3333338593764105e-05,True,False
2320,4.7792718283367956e-06,6.372363121629282e-11,5.0978899502259156e-11,7.697813824841133e-09,1.3333334764193333e-05,True,False
2321,4.777843168141342e-06,6.370463489478444e-11,5.096366046017432e-11,7.695512729486322e-09,1.333334574888664e-05,True,False
2322,4.764324273084668e-06,6.352434275327671e-11,5.081945891290313e-11,7.673738295848373e-09,1.3333337344846132e-05,True,False
2323,4.761924566679066e-06,6.349235931034793e-11,5.0793862044576705e-11,7.669873168731082e-09,1.3333340001777281e-05,True,False
2324,4.760438088016972e-06,6.347250870512573e-11,5.077800627218104e-11,7.667478947099337e-09,1.3333333515018174e-05,True,False
2325,4.75500021272555e-06,6.340007380778905e-11,5.072000226907254e-11,7.658720342629953e-09,1.3333348258979012e-05,True,False
2326,4.7448348414846896e-06,6.326447386195357e-11,5.061157164250336e-11,7.642347318018007e-09,1.333333529521919e-05,True,False
2327,4.743227040265778e-06,6.324305879436411e-11,5.059442176283497e-11,7.63975768618808e-09,1.3333339993529047e-05,True,False
2328,4.735442203866827e-06,6.313923623938647e-11,5.051138350791282e-11,7.627218909694836e-09,1.3333334780821266e-05,True,False
2329,4.7265786324686474e-06,6.302108309312542e-11,5.041683874633224e-11,7.612942650696168e-09,1.3333340666377553e-05,True,False
2330,4.725012923933425e-06,6.300018564698376e-11,5.0400137855289874e-11,7.610420816148771e-09,1.3333336154039147e-05,True,False
2331,4.715435953632652e-06,6.287252878455988e-11,5.029798350541496e-11,7.594995509317658e-09,1.333334381015704e-05,True,False
2332,4.713286057871631e-06,6.284382474678942e-11,5.0275051283964066e-11,7.591532743878574e-09,1.3333335591170905e-05,True,False
2333,4.710487243766769e-06,6.280650980492835e-11,5.0245197266845545e-11,7.587024787293677e-09,1.3333336140128203e-05,True,False
2334,4.703093629530742e-06,6.270792307850711e-11,5.016633204832792e-11,7.575116139297515e-09,1.3333335038189296e-05,True,False
2335,4.698473351436268e-06,6.264635423329618e-11,5.0117049081986866e-11,7.567674411380016e-09,1.3333342459874958e-05,True,False
2336,4.688347220298939e-06,6.251129649206013e-11,5.0009037016522025e-11,7.551364589494826e-09,1.333333338055842e-05,True,False
2337,4.687018683340613e-06,6.249358437738701e-11,4.99948659556332e-11,7.549224759300614e-09,1.3333333745716053e-05,True,False
2338,4.685127910471616e-06,6.246839385097306e-11,4.997469771169724e-11,7.546179354466283e-09,1.3333337967433388e-05,True,False
2339,4.679143947083063e-06,6.238859459165623e-11,4.9910868768886005e-11,7.536541184101786e-09,1.3333335177805062e-05,True,False
2340,4.668227649690615e-06,6.224304405261951e-11,4.9794428263366566e-11,7.518958667768351e-09,1.3333335202010692e-05,True,False
2341,4.666664513489085e-06,6.222221830371639e-11,4.977775481055025e-11,7.516440976393087e-09,1.333333864559191e-05,True,False
2342,4.65390527060051e-06,6.205207651074727e-11,4.964165621973878e-11,7.495890089180555e-09,1.3333334673299113e-05,True,False
2343,4.648807381226249e-06,6.198411345692544e-11,4.9587278733079996e-11,7.487679088695079e-09,1.3333336568695485e-05,True,False
2344,4.644294330012889e-06,6.192396083576829e-11,4.953913952013748e-11,7.48041006754076e-09,1.3333341178571781e-05,True,False
2345,4.639261683158937e-06,6.185682544217789e-11,4.948545795369533e-11,7.472304151007995e-09,1.3333333980000613e-05,True,False
2346,4.6290312531744564e-06,6.172041990369334e-11,4.93763333671942e-11,7.455826338446324e-09,1.3333334023477862e-05,True,False
2347,4.627428110121493e-06,6.169906447600684e-11,4.935923317462926e-11,7.453244209369019e-09,1.3333338305365253e-05,True,False
2348,4.621655732934768e-06,6.16220992527979e-11,4.9297661151304195e-11,7.443946833846933e-09,1.3333338269587564e-05,True,False
2349,4.610533443594603e-06,6.147378770621975e-11,4.917902339834244e-11,7.4260325331497075e-09,1.3333335167891484e-05,True,False
2350,4.608983711175977e-06,6.145315396821153e-11,4.9162492919210426e-11,7.423536430800774e-09,1.3333341538872964e-05,True,False
2351,4.603545218163824e-06,6.138060650322274e-11,4.910448232708079e-11,7.4147768313891994e-09,1.3333334114116749e-05,True,False
2352,4.599195408833163e-06,6.132260766403807e-11,4.905808436088708e-11,7.407770738493948e-09,1.3333333814489064e-05,True,False
2353,4.591948316407203e-06,6.122599745716179e-11,4.898078204167684e-11,7.396098088293202e-09,1.3333337668108983e-05,True,False
2354,4.590331854644017e-06,6.120447578268942e-11,4.896353978286952e-11,7.393494507213298e-09,1.3333344455427364e-05,True,False
2355,4.583251977255478e-06,6.111005316248364e-11,4.8888021090725105e-11,7.38209118469949e-09,1.3333339180508525e-05,True,False
2356,4.577619133504576e-06,6.103494787674508e-11,4.882793742404881e-11,7.37301855103137e-09,1.3333339034262859e-05,True,False
2357,4.576396171212754e-06,6.101862212129467e-11,4.8814892492936046e-11,7.3710487664333426e-09,1.3333334754784704e-05,True,False
2358,4.566307979565717e-06,6.08841171107636e-11,4.870728511536765e-11,7.354800052420515e-09,1.3333335680208333e-05,True,False
2359,4.558020610877947e-06,6.077362688922156e-11,4.861888651603144e-11,7.341451863920748e-09,1.3333337445684694e-05,True,False
2360,4.555464142184931e-06,6.073953344381348e-11,4.8591617516639265e-11,7.337334245012528e-09,1.3333335868314193e-05,True,False
2361,4.553948151443206e-06,6.071931099777047e-11,4.8575446948727537e-11,7.3348924892578575e-09,1.3333333840994155e-05,True,False
2362,4.544562005958595e-06,6.059417092178749e-11,4.847532806355834e-11,7.31977453759731e-09,1.3333335719116507e-05,True,False
2363,4.537492120010822e-06,6.049992422822157e-11,4.8399915946782106e-11,7.308387307964098e-09,1.333333978948646e-05,True,False
2364,4.534365339361333e-06,6.045823954592689e-11,4.8366563619854225e-11,7.3033511065979875e-09,1.3333341056819751e-05,True,False
2365,4.524749723896259e-06,6.033000099834305e-11,4.8263997054893434e-11,7.2878635552889085e-09,1.3333334367584186e-05,True,False
2366,4.520719167327743e-06,6.027626747965936e-11,4.822100445149593e-11,7.281371672175884e-09,1.3333335969039958e-05,True,False
2367,4.515432104725562e-06,6.020577047050975e-11,4.8164609117072665e-11,7.272855976677972e-09,1.3333335342923714e-05,True,False
2368,4.51022609856066e-06,6.013635986687605e-11,4.810907838464704e-11,7.264470836081703e-09,1.3333335968692846e-05,True,False
2369,4.505117605583027e-06,6.006827296030956e-11,4.8054587792885623e-11,7.256242756725729e-09,1.3333341816841619e-05,True,False
2370,4.498803058095114e-06,5.998406123784164e-11,4.798723261968122e-11,7.246072125571864e-09,1.3333337881929894e-05,True,False
2371,4.498157835177141e-06,5.997545505963025e-11,4.7980350241889506e-11,7.245032886525315e-09,1.3333337169852416e-05,True,False
2372,4.495680334856159e-06,5.994242887994717e-11,4.795392357179903e-11,7.241042459341654e-09,1.333333876414615e-05,True,False
2373,4.4921369340110945e-06,5.989516517203975e-11,4.7916127296118343e-11,7.23533522171387e-09,1.3333334680552243e-05,True,False
2374,4.486643949426429e-06,5.982193975478135e-11,4.7857535460548576e-11,7.226487854542835e-09,1.3333337886646648e-05,True,False
2375,4.4821396430363e-06,5.976186722195332e-11,4.7809489525720535e-11,7.219232918383801e-09,1.3333334519106887e-05,True,False
2376,4.473945089647587e-06,5.965260480425803e-11,4.7722080956240934e-11,7.20603422439238e-09,1.3333334139994298e-05,True,False
2377,4.46769070610102e-06,5.956922278058387e-11,4.765536753174422e-11,7.195960497293377e-09,1.3333336325013931e-05,True,False
2378,4.4621614398317345e-06,5.949549249967079e-11,4.7596388691538506e-11,7.1870546924223136e-09,1.3333334820336381e-05,True,False
2379,4.45979870978725e-06,5.946402440051195e-11,4.7571186237730664e-11,7.18324912189733e-09,1.3333342661859424e-05,True,False
2380,4.4580717052687296e-06,5.944097722376775e-11,4.755276485619979e-11,7.180467493286168e-09,1.3333338078326108e-05,True,False
2381,4.4529745504296335e-06,5.937300915786786e-11,4.7498395204582763e-11,7.172257675891996e-09,1.3333336736033986e-05,True,False
2382,4.448011750192177e-06,5.930686251323725e-11,4.744545866871655e-11,7.1642642589761996e-09,1.3333342141165633e-05,True,False
2383,4.445761730121314e-06,5.927682563119659e-11,4.7421458454627355e-11,7.160640226648731e-09,1.333333390981776e-05,True,False
2384,4.4390846208001625e-06,5.918780082391493e-11,4.735023595520174e-11,7.1498856292354615e-09,1.3333334657911093e-05,True,False
2385,4.4373109457594845e-06,5.916415894985941e-11,4.7331316754767836e-11,7.147028829969943e-09,1.3333336264477844e-05,True,False
2386,4.432232991284374e-06,5.909644392122009e-11,4.727715190703333e-11,7.138849937962032e-09,1.3333334244257566e-05,True,False
2387,4.429500608597527e-06,5.906001645001321e-11,4.7248006491706953e-11,7.1344489802477504e-09,1.3333335215120979e-05,True,False
2388,4.422819011628112e-06,5.897092793055883e-11,4.71767361240332e-11,7.123687154729012e-09,1.3333335091378896e-05,True,False
2389,4.409842843459291e-06,5.879791996197694e-11,4.7038323663565775e-11,7.1027868731984315e-09,1.3333336821557352e-05,True,False
2390,4.409003600551057e-06,5.878671606336675e-11,4.7029371739211276e-11,7.101435132620902e-09,1.3333333648450488e-05,True,False
2391,4.398742596040261e-06,5.86499046848131e-11,4.691992102442945e-11,7.084908074688847e-09,1.3333334107253656e-05,True,False
2392,4.393731453654737e-06,5.858312574009684e-11,4.686646883898386e-11,7.076836794686563e-09,1.3333342366968511e-05,True,False
2393,4.389623633135584e-06,5.852832102911308e-11,4.682265208677956e-11,7.070220465103714e-09,1.3333334682113806e-05,True,False
2394,4.385814814022815e-06,5.847755115299511e-11,4.678202468291003e-11,7.064085727119415e-09,1.3333337961745257e-05,True,False
2395,4.382359041523983e-06,5.843145654786436e-11,4.674516310958915e-11,7.0585196295479615e-09,1.3333333940512686e-05,True,False
2396,4.375698738614515e-06,5.83426687736219e-11,4.6674119878554834e-11,7.04779210166178e-09,1.3333337658454757e-05,True,False
2397,4.371954401040756e-06,5.82927651500756e-11,4.6634180277768065e-11,7.041761221942978e-09,1.3333342437468892e-05,True,False
2398,4.361005783326e-06,5.8146751636601346e-11,4.6517395022144e-11,7.024126648343744e-09,1.3333335135422515e-05,True,False
2399,4.354436113852747e-06,5.8059194229968583e-11,4.644731854776264e-11,7.013545100712158e-09,1.3333343907668124e-05,True,False
2400,4.350855468428749e-06,5.801141013999625e-11,4.640912499657333e-11,7.007777874482573e-09,1.3333334228393999e-05,True,False
2401,4.344916489138529e-06,5.793222379114444e-11,4.634577588414432e-11,6.998212158505791e-09,1.3333334239211286e-05,True,False
2402,4.340617358006148e-06,5.787491455451804e-11,4.629991848539891e-11,6.991287691295235e-09,1.3333337122602933e-05,True,False
2403,4.336807433824555e-06,5.7824163495191344e-11,4.625927929412859e-11,6.985151173413417e-09,1.3333348177785524e-05,True,False
2404,4.332642951031448e-06,5.7768592944351663e-11,4.621485814433545e-11,6.978443579794652e-09,1.3333338010370557e-05,True,False
2405,4.329595283503855e-06,5.772795129739169e-11,4.618234969070779e-11,6.973534803296876e-09,1.3333336609391723e-05,True,False
2406,4.32121327026047e-06,5.7616195488401404e-11,4.609294154944501e-11,6.960034173966197e-09,1.3333337626478332e-05,True,False
2407,4.320284365357434e-06,5.7603796396482564e-11,4.60830332304793e-11,6.958538017802374e-09,1.3333334457885106e-05,True,False
2408,4.314018626466875e-06,5.752024876516531e-11,4.601619868231334e-11,6.948446001029314e-09,1.3333333428899365e-05,True,False
2409,4.30671136623965e-06,5.742283343090326e-11,4.5938254573222935e-11,6.936676440556663e-09,1.3333336866046186e-05,True,False
2410,4.301075796052052e-06,5.734768674186859e-11,4.5878141824555226e-11,6.927599415507839e-09,1.3333335533056149e-05,True,False
2411,4.296723396157426e-06,5.7289669982408563e-11,4.583171622567921e-11,6.920589150077561e-09,1.3333339081971837e-05,True,False
2412,4.292791648996e-06,5.7237229374486083e-11,4.5789777589290666e-11,6.91425641598289e-09,1.3333335054328284e-05,True,False
2413,4.289000238238598e-06,5.7186674419394385e-11,4.574933587454505e-11,6.908149717056302e-09,1.3333334400298318e-05,True,False
2414,4.28067656222825e-06,5.707569739635051e-11,4.5660549997101334e-11,6.894743049562301e-09,1.3333335646045751e-05,True,False
2415,4.278278305501594e-06,5.70437166576752e-11,4.5634968592017003e-11,6.890880257394568e-09,1.3333334716519168e-05,True,False
2416,4.26869505352852e-06,5.691594895244061e-11,4.5532747237637544e-11,6.87544483288327e-09,1.3333336825124967e-05,True,False
2417,4.266130973893505e-06,5.688175090872347e-11,4.550539705486405e-11,6.871314955284472e-09,1.3333334409283282e-05,True,False
2418,4.262552774745984e-06,5.683407275863443e-11,4.54672295972905e-11,6.865551669190865e-09,1.333334172314648e-05,True,False
2419,4.258220951521601e-06,5.6776317560136774e-11,4.542102348289708e-11,6.858574545917459e-09,1.333334230574596e-05,True,False
2420,4.251067882697572e-06,5.668090922022265e-11,4.534472408210744e-11,6.847053336398223e-09,1.3333334301934275e-05,True,False
2421,4.2497310366880776e-06,5.6663089887631955e-11,4.53304643913395e-11,6.844900123092264e-09,1.3333335544875077e-05,True,False
2422,4.2464659581280615e-06,5.6619553658062756e-11,4.529563688669932e-11,6.839641169891598e-09,1.3333335111209025e-05,True,False
2423,4.2364149438188914e-06,5.648554654051728e-11,4.518842606740151e-11,6.823452336177628e-09,1.3333336627690845e-05,True,False
2424,4.234289979298593e-06,5.645721098851276e-11,4.5165759779184994e-11,6.8200297266569346e-09,1.3333335993645115e-05,True,False
2425,4.229690731608355e-06,5.639589994093644e-11,4.511670113715579e-11,6.812621871710524e-09,1.3333338893903407e-05,True,False
2426,4.22143724266745e-06,5.6285845724764976e-11,4.502866392178614e-11,6.7993282521897065e-09,1.3333337081472035e-05,True,False
2427,4.217110661741598e-06,5.622814814933978e-11,4.4982513725243713e-11,6.792359572511801e-09,1.333333475439757e-05,True,False
2428,4.214909946036965e-06,5.6198810952947e-11,4.4959039424394293e-11,6.7888149530835384e-09,1.3333336102658013e-05,True,False
2429,4.211419817345678e-06,5.615232288132285e-11,4.4921811385020564e-11,6.7831935191381055e-09,1.333334725976425e-05,True,False
2430,4.20486848083629e-06,5.6064946450793876e-11,4.4851930462253763e-11,6.772641499800318e-09,1.3333341270080184e-05,True,False
2431,4.2039321042828515e-06,5.605243551968078e-11,4.484194244568375e-11,6.7711333092982465e-09,1.3333335108475251e-05,True,False
2432,4.192397344177165e-06,5.5898633474205825e-11,4.471890500455643e-11,6.75255465568802e-09,1.3333333862507958e-05,True,False
2433,4.1877787533330375e-06,5.5837050069667446e-11,4.46696400355524e-11,6.745115645368413e-09,1.3333333339357277e-05,True,False
2434,4.183158329715593e-06,5.5775444630897794e-11,4.4620355516966326e-11,6.737673683061915e-09,1.3333333389436849e-05,True,False
2435,4.181365568652454e-06,5.575159714140858e-11,4.4601232732292844e-11,6.7347861425762195e-09,1.3333346780146725e-05,True,False
2436,4.177456079694695e-06,5.569944093427261e-11,4.455953151674341e-11,6.728489259028255e-09,1.3333339686085544e-05,True,False
2437,4.171640780552383e-06,5.562189346820768e-11,4.449750165922543e-11,6.719122750543039e-09,1.3333337263244072e-05,True,False
2438,4.1687368893750025e-06,5.558317294876171e-11,4.446652682000003e-11,6.714445549820004e-09,1.3333336793317032e-05,True,False
2439,4.166362060883523e-06,5.555150814029847e-11,4.444119531609091e-11,6.710620492729728e-09,1.3333336692423261e-05,True,False
2440,4.155567761645674e-06,5.5407611224310286e-11,4.432605612422052e-11,6.6932344747572984e-09,1.3333343216227078e-05,True,False
2441,4.154684139754494e-06,5.53958726343844e-11,4.431663082404794e-11,6.691811254431239e-09,1.3333353576586887e-05,True,False
2442,4.146781073245263e-06,5.52904781954838e-11,4.423233144794947e-11,6.67908204864037e-09,1.3333348739390667e-05,True,False
2443,4.14007386051679e-06,5.520099756839188e-11,4.416078784551243e-11,6.668278964672377e-09,1.3333336415766588e-05,True,False
2444,4.137782206072756e-06,5.5170430226411384e-11,4.413634353144274e-11,6.664587873247853e-09,1.3333333529599817e-05,True,False
2445,4.13325210718416e-06,5.511003154404695e-11,4.408802247663104e-11,6.6572913939712876e-09,1.3333334167605731e-05,True,False
2446,4.1223442456506126e-06,5.4964603187640963e-11,4.3971671953606535e-11,6.639722464994587e-09,1.3333336546464505e-05,True,False
2447,4.116303831383438e-06,5.488406992571482e-11,4.390724086809001e-11,6.629993371081591e-09,1.3333337910401275e-05,True,False
2448,4.115726541455944e-06,5.487636026610097e-11,4.390108310886341e-11,6.629063549438374e-09,1.3333334883490188e-05,True,False
2449,4.111082775343431e-06,5.481448015828346e-11,4.385154960366327e-11,6.621583990153154e-09,1.3333343830252693e-05,True,False
2450,4.104214200510314e-06,5.47228627385799e-11,4.3778284805443354e-11,6.610521005621946e-09,1.3333334973543951e-05,True,False
2451,4.100312067795527e-06,5.46708319238894e-11,4.373666205648562e-11,6.604235970529329e-09,1.3333334395028712e-05,True,False
2452,4.098734260654729e-06,5.4649817844799066e-11,4.3719832113650447e-11,6.601694649161217e-09,1.3333340092184787e-05,True,False
2453,4.095487422317018e-06,5.460651242982758e-11,4.368519917138152e-11,6.59646507487861e-09,1.3333336621244951e-05,True,False
2454,4.0931451298631735e-06,5.4575269211741005e-11,4.366021471854052e-11,6.592692422499618e-09,1.3333333532096225e-05,True,False
2455,4.07940371059983e-06,5.439206425343286e-11,4.3513639579731523e-11,6.57055957653946e-09,1.333333695610997e-05,True,False
2456,4.076275827537694e-06,5.4350350569158255e-11,4.34802754937354e-11,6.565521599554046e-09,1.333333485481747e-05,True,False
2457,4.070088921372855e-06,5.426785280023301e-11,4.341428182797712e-11,6.555556556024545e-09,1.3333333459930473e-05,True,False
2458,4.063842034111161e-06,5.4184569740886095e-11,4.3347648363852385e-11,6.5454949029417105e-09,1.3333335618380473e-05,True,False
2459,4.059973082441285e-06,5.4132983466396484e-11,4.330637954604038e-11,6.539263311452097e-09,1.333333555843331e-05,True,False
2460,4.055910155551979e-06,5.40788043505802e-11,4.3263041659221116e-11,6.532719290542388e-09,1.3333333894626292e-05,True,False
2461,4.052233537247509e-06,5.4029811220714115e-11,4.322382439730676e-11,6.526797483993321e-09,1.3333340915344682e-05,True,False
2462,4.051902903267753e-06,5.402537413089513e-11,4.322029763485604e-11,6.526264942863261e-09,1.3333333848480201e-05,True,False
2463,4.046118425484692e-06,5.394826206144126e-11,4.315859653850339e-11,6.516948077314011e-09,1.3333337383712069e-05,True,False
2464,4.038976726334349e-06,5.385305418120538e-11,4.308241841423305e-11,6.505445180549191e-09,1.3333341049003955e-05,True,False
2465,4.0371440682524785e-06,5.3828598476524516e-11,4.3062870061359773e-11,6.502493379265326e-09,1.3333336033218355e-05,True,False
2466,4.032534838626815e-06,5.376713753164383e-11,4.3013704945352696e-11,6.4950694467482565e-09,1.3333334908013583e-05,True,False
2467,4.024436116890383e-06,5.365914903799684e-11,4.292731858016409e-11,6.482025105604778e-09,1.333333353529746e-05,True,False
2468,4.019285880932649e-06,5.3590498559365634e-11,4.2872382729948254e-11,6.473729792222187e-09,1.3333338345897982e-05,True,False
2469,4.018205819671818e-06,5.357608464598101e-11,4.2860862076499396e-11,6.471990173551409e-09,1.3333335087936529e-05,True,False
2470,4.01264624064916e-06,5.350195230907476e-11,4.280155990025771e-11,6.463035544938913e-09,1.333333393985394e-05,True,False
2471,4.008063515171987e-06,5.344084744685462e-11,4.275267749516787e-11,6.4556543017703475e-09,1.3333333477516376e-05,True,False
2472,4.004395077970639e-06,5.3391959657234264e-11,4.271354749835348e-11,6.449745672251376e-09,1.3333339647468658e-05,True,False
2473,3.996662390581709e-06,5.3288842121431666e-11,4.263106549953823e-11,6.437290890430272e-09,1.3333335897224871e-05,True,False
2474,3.99213609574805e-06,5.3228537285521766e-11,4.2582785021312536e-11,6.4300005382181924e-09,1.3333347363135864e-05,True,False
2475,3.9852412098233925e-06,5.313655464344616e-11,4.250923957144952e-11,6.4188951752888775e-09,1.333333463291195e-05,True,False
2476,3.983270257475829e-06,5.311027983381225e-11,4.248821607974218e-11,6.415720628041068e-09,1.3333335777087813e-05,True,False
2477,3.981349874314294e-06,5.308467307467707e-11,4.2467731992685803e-11,6.412627530895556e-09,1.3333335363755195e-05,True,False
2478,3.9731575236864165e-06,5.297543943574902e-11,4.238034691932178e-11,6.399432384817588e-09,1.333333478975603e-05,True,False
2479,3.9643510500519085e-06,5.2858027069194276e-11,4.2286411200553694e-11,6.385248091283608e-09,1.3333336629838107e-05,True,False
2480,3.9607279094711896e-06,5.280971082877934e-11,4.224776436769269e-11,6.379412419521596e-09,1.3333334688933517e-05,True,False
2481,3.957584081986965e-06,5.276780725440959e-11,4.221423020786096e-11,6.374348761387005e-09,1.333333825921311e-05,True,False
2482,3.95098182886854e-06,5.267978269286931e-11,4.214380617459776e-11,6.363714732364261e-09,1.3333339654451272e-05,True,False
2483,3.947661886143088e-06,5.263551715922693e-11,4.210839345219294e-11,6.358367411281134e-09,1.3333339753332435e-05,True,False
2484,3.942638818406976e-06,5.2568524294724485e-11,4.205481406300774e-11,6.350276923514169e-09,1.3333335036752062e-05,True,False
2485,3.939572425738099e-06,5.252764235446779e-11,4.202210587453973e-11,6.345337987055499e-09,1.3333335874546453e-05,True,False
2486,3.9380006724295e-06,5.250671240430522e-11,4.200534050591467e-11,6.342806416393115e-09,1.3333342671044254e-05,True,False
2487,3.927935771098923e-06,5.237248355876357e-11,4.1897981558388515e-11,6.326595215316665e-09,1.3333335016349124e-05,True,False
2488,3.927032231604112e-06,5.236043395994638e-11,4.1888343803777195e-11,6.325139914370357e-09,1.3333334404173764e-05,True,False
2489,3.921847176814753e-06,5.2291297929238364e-11,4.18330365526907e-11,6.3167885194562955e-09,1.3333333904078416e-05,True,False
2490,3.915361773026653e-06,5.220486600109652e-11,4.17638589122843e-11,6.3063426957549285e-09,1.3333344152446254e-05,True,False
2491,3.913426258441756e-06,5.217902952475648e-11,4.174321342337874e-11,6.303225226930189e-09,1.3333336590206523e-05,True,False
2492,3.910478727821281e-06,5.213972494801559e-11,4.171177309676034e-11,6.29847773761081e-09,1.3333335526687593e-05,True,False
2493,3.903184601150303e-06,5.2042480466598656e-11,4.163396907893657e-11,6.2867293309194216e-09,1.333333823136658e-05,True,False
2494,3.897289620609532e-06,5.196386668858775e-11,4.1571089286501676e-11,6.277234482261753e-09,1.3333334636921508e-05,True,False
2495,3.8933917143370286e-06,5.191190704985117e-11,4.152951161959497e-11,6.270956254558841e-09,1.3333337834641895e-05,True,False
2496,3.886387328105512e-06,5.1818499952313065e-11,4.1454798166458796e-11,6.259674523135278e-09,1.3333333910794967e-05,True,False
2497,3.881417668827811e-06,5.175227194222089e-11,4.140178846749666e-11,6.251670058591995e-09,1.333334270049069e-05,True,False
2498,3.87793941764645e-06,5.170587190742515e-11,4.136468712156214e-11,6.246067755355883e-09,1.3333336687040309e-05,True,False
2499,3.870770888349567e-06,5.161028258571432e-11,4.128822280906205e-11,6.234521644168369e-09,1.3333334385936776e-05,True,False
2500,3.863063607077016e-06,5.150752003186094e-11,4.1206011808821504e-11,6.222107783132047e-09,1.3333334697751472e-05,True,False
2501,3.85642431556828e-06,5.1418994578586914e-11,4.113519269939499e-11,6.211414097608643e-09,1.3333334293897545e-05,True,False
2502,3.854678434478943e-06,5.1395723236150175e-11,4.1116569967775396e-11,6.208602065134084e-09,1.333333612900906e-05,True,False
2503,3.851773888461533e-06,5.1356985562403067e-11,4.108558814358969e-11,6.203923809682043e-09,1.3333333432746219e-05,True,False
2504,3.8501844165753965e-06,5.1335803618223075e-11,4.1068633776804233e-11,6.201363700297439e-09,1.3333336293507848e-05,True,False
2505,3.845435230604781e-06,5.1272473917978665e-11,4.101797579311767e-11,6.193714344760768e-09,1.3333334419447474e-05,True,False
2506,3.84363376034624e-06,5.1248456456615335e-11,4.09987601103599e-11,6.1908127766643446e-09,1.3333334977263493e-05,True,False
2507,3.836804413136809e-06,5.115740809115305e-11,4.092591374012596e-11,6.17981297475902e-09,1.3333337481575957e-05,True,False
2508,3.833157743578273e-06,5.110877071499171e-11,4.0887015931501584e-11,6.173939405656739e-09,1.3333333542198917e-05,True,False
2509,3.824688289409984e-06,5.099584833600423e-11,4.0796675087039825e-11,6.160297938143014e-09,1.3333334503939695e-05,True,False
2510,3.82065256251158e-06,5.094205355961406e-11,4.0753627333456856e-11,6.153797727351985e-09,1.333333840911363e-05,True,False
2511,3.816545153037017e-06,5.088726952946026e-11,4.070981496572818e-11,6.147182059824955e-09,1.3333333548789985e-05,True,False
2512,3.815473061005731e-06,5.087299615595023e-11,4.069837931739446e-11,6.145455276926564e-09,1.3333339101741811e-05,True,False
2513,3.812316136145115e-06,5.0830885240296046e-11,4.066470545221456e-11,6.140370523284399e-09,1.333333423174462e-05,True,False
2514,3.8059777719405005e-06,5.074643805600228e-11,4.0597096234032005e-11,6.130161531338833e-09,1.3333351137815213e-05,True,False
2515,3.798838140728809e-06,5.06511759702616e-11,4.0520940167773967e-11,6.118661965333869e-09,1.3333333533537743e-05,True,False
2516,3.7962980089976714e-06,5.0617317740530527e-11,4.04938454293085e-11,6.114570659825583e-09,1.3333336218748251e-05,True,False
2517,3.788942386409665e-06,5.051925134919268e-11,4.041538545503643e-11,6.102723203710501e-09,1.3333338487910826e-05,True,False
2518,3.783437343246076e-06,5.0445862527542895e-11,4.035666499462481e-11,6.0938564141883465e-09,1.3333341602073911e-05,True,False
2519,3.77802886538424e-06,5.0373720440822105e-11,4.029897456409856e-11,6.085145159178883e-09,1.3333333925096654e-05,True,False
2520,3.773938181991539e-06,5.031918587587823e-11,4.0255340607909757e-11,6.078556431794373e-09,1.3333336013820017e-05,True,False
2521,3.771799455743503e-06,5.029066000075433e-11,4.02325275279307e-11,6.075111656717535e-09,1.3333333489980305e-05,True,False
2522,3.767798678931113e-06,5.023732233739477e-11,4.018985257526521e-11,6.068667738865046e-09,1.3333335089879747e-05,True,False
2523,3.764349406328147e-06,5.019134110397258e-11,4.01530603341669e-11,6.063112110459202e-09,1.333333750039177e-05,True,False
2524,3.762064746259607e-06,5.016086768314429e-11,4.012869062676914e-11,6.05943228464214e-09,1.333333450281955e-05,True,False
2525,3.756181124590491e-06,5.008241850274992e-11,4.0065931995631906e-11,6.049955731340418e-09,1.3333334267316525e-05,True,False
2526,3.752317285200348e-06,5.003090317632219e-11,4.002471770880371e-11,6.04373237402936e-09,1.3333334943089944e-05,True,False
2527,3.7417655876786577e-06,4.989022065793521e-11,3.991216626857235e-11,6.026737106554425e-09,1.333333676011662e-05,True,False
2528,3.740348028019209e-06,4.9871310652180187e-11,3.98970456322049e-11,6.02445389046294e-09,1.3333334298998571e-05,True,False
2529,3.734232458684284e-06,4.978977814305753e-11,3.983181289263236e-11,6.014603746787487e-09,1.3333336554147038e-05,True,False
2530,3.731745276541228e-06,4.9756615612085124e-11,3.98052829497731e-11,6.010597725415738e-09,1.3333336528853892e-05,True,False
2531,3.7256240678084854e-06,4.967501750325724e-11,3.9739990056623845e-11,6.000738498550201e-09,1.3333341367551733e-05,True,False
2532,3.7237596873592853e-06,4.965014175987769e-11,3.9720103331832376e-11,5.997735603106689e-09,1.3333336715691024e-05,True,False
2533,3.714749816587164e-06,4.953000161409682e-11,3.962399804359642e-11,5.983223704583059e-09,1.3333334426166363e-05,True,False
2534,3.7098965579877505e-06,4.946530031757461e-11,3.957222995186934e-11,5.97540672273227e-09,1.333333680451851e-05,True,False
2535,3.708217800814453e-06,4.944292186230013e-11,3.9554323208687506e-11,5.972702804511813e-09,1.3333338147354977e-05,True,False
2536,3.699182880162323e-06,4.9322439053067226e-11,3.945795072173145e-11,5.958150558981449e-09,1.33333335092919e-05,True,False
2537,3.6936888664362986e-06,4.924919399303093e-11,3.9399347908653856e-11,5.949301534206732e-09,1.3333335798948046e-05,True,False
2538,3.6913809940154624e-06,4.921841444922625e-11,3.93747306028316e-11,5.945584321027571e-09,1.3333333657246457e-05,True,False
2539,3.6902146949200167e-06,4.9202869835757355e-11,3.936229007914685e-11,5.943705801951173e-09,1.3333335294418094e-05,True,False
2540,3.6839190748660738e-06,4.911893373077735e-11,3.929513679857146e-11,5.93356565658429e-09,1.3333336789588147e-05,True,False
2541,3.6793386396782766e-06,4.905785553603911e-11,3.924627882323495e-11,5.9261881023084775e-09,1.3333335237750434e-05,True,False
2542,3.6765244785944366e-06,4.9020333023599806e-11,3.921626110500733e-11,5.921655426856106e-09,1.3333335140023507e-05,True,False
2543,3.6729040999688322e-06,4.89720577288009e-11,3.917764373300088e-11,5.9158242036831326e-09,1.3333334167155758e-05,True,False
2544,3.6648886367978327e-06,4.8865194486040794e-11,3.9092145459176884e-11,5.902913964335709e-09,1.333333678830044e-05,True,False
2545,3.662668488658233e-06,4.8835582866953775e-11,3.906846387902115e-11,5.899338045732194e-09,1.3333334157371149e-05,True,False
2546,3.6540992528693943e-06,4.8721328438766606e-11,3.8977058697273544e-11,5.885535863288305e-09,1.3333334720042979e-05,True,False
2547,3.6497159127193466e-06,4.8662894244974915e-11,3.893030306900637e-11,5.878475763419961e-09,1.3333337555228223e-05,True,False
2548,3.646843177952165e-06,4.862457937799009e-11,3.88996605648231e-11,5.873848745288287e-09,1.3333334340220946e-05,True,False
2549,3.6430570916175567e-06,4.8574095243443286e-11,3.8859275643920606e-11,5.867750622232012e-09,1.3333333522334634e-05,True,False
2550,3.6340656043028937e-06,4.8454222211175145e-11,3.8763366445897533e-11,5.853268333330528e-09,1.3333337228090548e-05,True,False
2551,3.6334118357769144e-06,4.844550019023941e-11,3.875639291495376e-11,5.852215330158017e-09,1.333333582315492e-05,True,False
2552,3.627718383737309e-06,4.83695821374223e-11,3.869566275986463e-11,5.843045076739559e-09,1.3333334349837683e-05,True,False
2553,3.624826072578898e-06,4.83310168146586e-11,3.866481144084158e-11,5.838386527567078e-09,1.333333402677533e-05,True,False
2554,3.6186377881194734e-06,4.824850627605533e-11,3.859880307327439e-11,5.828419264064432e-09,1.3333334006089904e-05,True,False
2555,3.6142870564312286e-06,4.819049794363991e-11,3.8552395268599773e-11,5.821411685558566e-09,1.3333334400733386e-05,True,False
2556,3.6088116492349295e-06,4.8117499935543446e-11,3.849399092517259e-11,5.81259262970106e-09,1.333333645876043e-05,True,False
2557,3.6047194715699824e-06,4.806292927767277e-11,3.845034103007981e-11,5.806001495542052e-09,1.3333334162821738e-05,True,False
2558,3.599660333973342e-06,4.79954782340777e-11,3.8396376895715654e-11,5.797852911253063e-09,1.3333335309751239e-05,True,False
2559,3.594616170288957e-06,4.79282371872163e-11,3.8342572483082213e-11,5.789728444945414e-09,1.3333339337691661e-05,True,False
2560,3.5898654512662308e-06,4.786488232731603e-11,3.82918981468398e-11,5.782076620172809e-09,1.333333601971989e-05,True,False
2561,3.589569493757942e-06,4.786093035519985e-11,3.828874126675138e-11,5.781599931279459e-09,1.3333334384089038e-05,True,False
2562,3.5827191350606565e-06,4.7769600680161455e-11,3.8215670773980336e-11,5.770566286871031e-09,1.3333336742109064e-05,True,False
2563,3.5811337032305207e-06,4.7748450619553645e-11,3.819875950112556e-11,5.768012684669959e-09,1.3333333680471084e-05,True,False
2564,3.5764499152274094e-06,4.768600664065027e-11,3.814879909575904e-11,5.7604686634596146e-09,1.3333335506144825e-05,True,False
2565,3.57164959372414e-06,4.762200713345546e-11,3.8097595666390826e-11,5.752736945625015e-09,1.333333684724661e-05,True,False
2566,3.5680259947955194e-06,4.757368067468092e-11,3.8058943944485544e-11,5.746900535617317e-09,1.3333333541872731e-05,True,False
2567,3.5640663775915697e-06,4.752088583913459e-11,3.8016708027643414e-11,5.740522912174155e-09,1.3333333559081185e-05,True,False
2568,3.556176533413487e-06,4.741568758651003e-11,3.7932549689743865e-11,5.727815003151323e-09,1.3333333466715408e-05,True,False
2569,3.5527651918913676e-06,4.7370203031347775e-11,3.7896162046841255e-11,5.72232046907303e-09,1.3333333466411705e-05,True,False
2570,3.545044049274483e-06,4.726725579392995e-11,3.781380319226116e-11,5.709884282031434e-09,1.333333384210092e-05,True,False
2571,3.541589689410754e-06,4.722119682924423e-11,3.7776956687048047e-11,5.704320459744254e-09,1.3333333607344233e-05,True,False
2572,3.5399372799766705e-06,4.7199173312862465e-11,3.775933098641782e-11,5.7016589789490905e-09,1.3333336039550826e-05,True,False
2573,3.533276363591052e-06,4.7110372681065427e-11,3.768828121163789e-11,5.6909304629573215e-09,1.3333339323953905e-05,True,False
2574,3.527556623642683e-06,4.703409067506732e-11,3.762727065218862e-11,5.6817178684804815e-09,1.3333334002303897e-05,True,False
2575,3.520543601005805e-06,4.694059919854872e-11,3.7552465077395254e-11,5.670422226686683e-09,1.333333840408566e-05,True,False
2576,3.519466668679241e-06,4.692622278125792e-11,3.754097779924524e-11,5.668687647686031e-09,1.3333333484549817e-05,True,False
2577,3.5150140730855032e-06,4.6866862808086505e-11,3.749348344624537e-11,5.661516000383051e-09,1.3333335751610932e-05,True,False
2578,3.5140233855333163e-06,4.685366881283181e-11,3.748291611235537e-11,5.659920332965661e-09,1.3333340069881442e-05,True,False
2579,3.5052059637395335e-06,4.673609779376606e-11,3.738886361322169e-11,5.645718405596476e-09,1.333333854764574e-05,True,False
2580,3.504187575066108e-06,4.672250867857496e-11,3.737800080070515e-11,5.644078120906478e-09,1.3333335524338625e-05,True,False
2581,3.502456384958492e-06,4.669941920246461e-11,3.735953477289058e-11,5.641289750706478e-09,1.3333333543571891e-05,True,False
2582,3.4915155618762572e-06,4.6553546417733546e-11,3.724283266001341e-11,5.623667731662025e-09,1.3333334935135383e-05,True,False
2583,3.4883470371248806e-06,4.6511304366128046e-11,3.720903506266539e-11,5.618564294462475e-09,1.3333336354189971e-05,True,False
2584,3.483934350695418e-06,4.6452459631243604e-11,3.7161966407417796e-11,5.611456927520087e-09,1.3333333798890719e-05,True,False
2585,3.4818414512181046e-06,4.6424552920251166e-11,3.7139642146326454e-11,5.608085964095294e-09,1.3333333401499304e-05,True,False
2586,3.48041596741662e-06,4.640555031450737e-11,3.712443698577728e-11,5.60578998485237e-09,1.3333334506263755e-05,True,False
2587,3.4722825196280165e-06,4.629713023209533e-11,3.7037680209365514e-11,5.592689711614192e-09,1.3333341964655316e-05,True,False
2588,3.4683487087852237e-06,4.624465250694907e-11,3.699571956037572e-11,5.586353653616734e-09,1.3333334214582503e-05,True,False
2589,3.463024233640802e-06,4.6173669203964844e-11,3.6938925158835225e-11,5.577777698984119e-09,1.3333337016651715e-05,True,False
2590,3.4575320543539543e-06,4.610042907034198e-11,3.688034191310885e-11,5.568931628879436e-09,1.3333333818927075e-05,True,False
2591,3.45460263698323e-06,4.606139993426441e-11,3.684909479448779e-11,5.564213313967656e-09,1.3333342434569562e-05,True,False
2592,3.4532886892377088e-06,4.604387123234719e-11,3.6835079351868895e-11,5.562096982132203e-09,1.3333339716382379e-05,True,False
2593,3.4421062726901653e-06,4.5894750814400476e-11,3.6715800242028435e-11,5.544085836546293e-09,1.333333348204023e-05,True,False
2594,3.4368120687078904e-06,4.582416264429474e-11,3.665932873288417e-11,5.535558638665509e-09,1.3333333836180013e-05,True,False
2595,3.4327324981458215e-06,4.576977546978595e-11,3.661581331355543e-11,5.52898781034687e-09,1.3333335904999395e-05,True,False
2596,3.4293566541272153e-06,4.5724758547834416e-11,3.65798043106903e-11,5.523550450914235e-09,1.3333334254634866e-05,True,False
2597,3.4242729439214903e-06,4.565697347656499e-11,3.65255780684959e-11,5.515362288342881e-09,1.3333333593518527e-05,True,False
2598,3.4223997001263775e-06,4.563200226335153e-11,3.650559680134803e-11,5.512345117003552e-09,1.333333516294619e-05,True,False
2599,3.4173194424877155e-06,4.556426352794899e-11,3.645140738653564e-11,5.5041625153668805e-09,1.333333459010184e-05,True,False
2600,3.41590078925161e-06,4.554534975965369e-11,3.6436275085350506e-11,5.501877537887926e-09,1.3333335061417936e-05,True,False
2601,3.4120060359205415e-06,4.5493421033318305e-11,3.639473104981911e-11,5.495604388522686e-09,1.3333335449696652e-05,True,False
2602,3.4052793254305868e-06,4.540374898011179e-11,3.632297947125959e-11,5.484769900160199e-09,1.33333405694614e-05,True,False
2603,3.4009064441910546e-06,4.5345423192027186e-11,3.6276335404704584e-11,5.4777266461103925e-09,1.3333334490714909e-05,True,False
2604,3.399136097119622e-06,4.532181756846862e-11,3.62574517026093e-11,5.4748752070940045e-09,1.3333334198319879e-05,True,False
2605,3.3907108854077053e-06,4.5209487994989773e-11,3.616758277768219e-11,5.461304999430011e-09,1.3333336141855605e-05,True,False
2606,3.387220472325014e-06,4.516294374743477e-11,3.613035170480015e-11,5.455683107424822e-09,1.3333334548617256e-05,True,False
2607,3.3831981582600408e-06,4.510931400866493e-11,3.608744702144044e-11,5.4492045002375054e-09,1.3333334879758976e-05,True,False
2608,3.379511444417395e-06,4.506016498779263e-11,3.604812207378555e-11,5.4432664331416175e-09,1.3333337001189147e-05,True,False
2609,3.3732153340233176e-06,4.49762087442142e-11,3.598096356291539e-11,5.433125498000224e-09,1.3333334605285918e-05,True,False
2610,3.3674404653201025e-06,4.489920634549807e-11,3.591936496341443e-11,5.4238241094755786e-09,1.333333337527321e-05,True,False
2611,3.3656486223567538e-06,4.487533142355187e-11,3.590025197180538e-11,5.420938047742611e-09,1.3333338223563124e-05,True,False
2612,3.3604700896485266e-06,4.480627327018668e-11,3.584501428958429e-11,5.412597157727227e-09,1.3333334942693387e-05,True,False
2613,3.349380963799174e-06,4.465842781457213e-11,3.572673028052452e-11,5.394736272359203e-09,1.333333780099964e-05,True,False
2614,3.3480138535420525e-06,4.464020481300351e-11,3.571214777111523e-11,5.3925343134384e-09,1.3333339336626734e-05,True,False
2615,3.3444846005766502e-06,4.459314057778907e-11,3.567450240615094e-11,5.386849863328791e-09,1.3333337091789987e-05,True,False
2616,3.339817973435015e-06,4.453091225441494e-11,3.562472504997349e-11,5.379333482545998e-09,1.3333335112456664e-05,True,False
2617,3.3366711828035188e-06,4.448895097978532e-11,3.559115928323754e-11,5.374265051768868e-09,1.3333333895491934e-05,True,False
2618,3.3322206438475133e-06,4.442961458319251e-11,3.554368686770681e-11,5.367096717023728e-09,1.3333335133501943e-05,True,False
2619,3.328238061664284e-06,4.4376521366372247e-11,3.55012059910857e-11,5.36068210465394e-09,1.3333337502961487e-05,True,False
2620,3.3266397076571622e-06,4.435520345884603e-11,3.54841568816764e-11,5.358107689133136e-09,1.333333554479931e-05,True,False
2621,3.3176781907595924e-06,4.4235720545659564e-11,3.538856736810232e-11,5.34367367258345e-09,1.333333675003954e-05,True,False
2622,3.3161543459132764e-06,4.4215393180498e-11,3.5372313023074953e-11,5.3412192664843175e-09,1.3333333906785025e-05,True,False
2623,3.314039387521e-06,4.418719390914183e-11,3.534975346689067e-11,5.337812773500491e-09,1.3333333959616926e-05,True,False
2624,3.3022265702522756e-06,4.4029705146849917e-11,3.522375008269094e-11,5.318786262486332e-09,1.3333338645956762e-05,True,False
2625,3.297584221386538e-06,4.3967790460450755e-11,3.517423169478974e-11,5.31130898591325e-09,1.3333333588660727e-05,True,False
2626,3.294095117424964e-06,4.392127183581443e-11,3.5137014585866285e-11,5.305689202465809e-09,1.3333334427254867e-05,True,False
2627,3.2897721925906502e-06,4.386363914633765e-11,3.509090338763361e-11,5.298726411532674e-09,1.3333336346245798e-05,True,False
2628,3.2845666525984178e-06,4.3794224377368604e-11,3.503537762771646e-11,5.290342021785185e-09,1.333333404658512e-05,True,False
2629,3.279630203879867e-06,4.372840898998135e-11,3.498272217471858e-11,5.282391048382506e-09,1.3333335245616955e-05,True,False
2630,3.275504536734701e-06,4.367340369159606e-11,3.493871505850348e-11,5.275745973834025e-09,1.3333336346141467e-05,True,False
2631,3.2659676259234132e-06,4.354623932189908e-11,3.483698800984974e-11,5.260385189487311e-09,1.3333334652877003e-05,True,False
2632,3.263103365513827e-06,4.350805634991206e-11,3.480643589881416e-11,5.255771820720937e-09,1.3333336850351668e-05,True,False
2633,3.2617839752774755e-06,4.349047793716839e-11,3.479236240295974e-11,5.2536467228469206e-09,1.3333340977453515e-05,True,False
2634,3.2567775531560934e-06,4.342370621464195e-11,3.473896056699833e-11,5.245583045616748e-09,1.3333335023929005e-05,True,False
2635,3.2555771066636706e-06,4.3407694963800614e-11,3.472615580441249e-11,5.243649526466286e-09,1.333333339731124e-05,True,False
2636,3.254714177119058e-06,4.339621900311245e-11,3.471695122260329e-11,5.242259634613096e-09,1.3333342543007889e-05,True,False
2637,3.253277189294834e-06,4.337702996131584e-11,3.470162335247823e-11,5.239945126224213e-09,1.3333333570238462e-05,True,False
2638,3.2455316164454097e-06,4.327375568418748e-11,3.461900390875104e-11,5.227469590221407e-09,1.3333333579286471e-05,True,False
2639,3.2415228969771057e-06,4.322031118509878e-11,3.4576244234422464e-11,5.221012879397791e-09,1.3333335151019307e-05,True,False
2640,3.2390432984271934e-06,4.31872516495504e-11,3.45497951832234e-11,5.217019072666733e-09,1.3333335701477395e-05,True,False
2641,3.235871928923997e-06,4.314496089244195e-11,3.451596724185597e-11,5.211911053520251e-09,1.3333333901996751e-05,True,False
2642,3.2278165956250303e-06,4.3037555127445305e-11,3.443004368666699e-11,5.198936596686715e-09,1.3333333494157702e-05,True,False
2643,3.2196160232244077e-06,4.292821405350962e-11,3.434257091439368e-11,5.185728208073446e-09,1.333333346083845e-05,True,False
2644,3.2185461681145603e-06,4.2913950097432366e-11,3.4331159126555315e-11,5.184005028109852e-09,1.3333333702828803e-05,True,False
2645,3.2140731151879725e-06,4.2854316275832374e-11,3.4283446562005044e-11,5.176800430862761e-09,1.3333335845200917e-05,True,False
2646,3.2105067718784995e-06,4.280675858823062e-11,3.4245405566704e-11,5.1710562405723034e-09,1.3333333840994815e-05,True,False
2647,3.2062114031327744e-06,4.274948579467668e-11,3.419958830008293e-11,5.164137833312522e-09,1.333333346419589e-05,True,False
2648,3.203039323141428e-06,4.270719184832133e-11,3.4165752780175234e-11,5.15902866980646e-09,1.33333336059189e-05,True,False
2649,3.198702914314086e-06,4.2649373487044264e-11,3.4119497752683584e-11,5.152044160655222e-09,1.3333333738556894e-05,True,False
2650,3.192447401675067e-06,4.256596658391075e-11,3.405277228453405e-11,5.141968614964642e-09,1.3333333718067373e-05,True,False
2651,3.189045465517796e-06,4.2520610358527305e-11,3.401648496552316e-11,5.136489229793997e-09,1.3333334635172209e-05,True,False
2652,3.1846854211009715e-06,4.246248442725727e-11,3.3969977825077034e-11,5.1294666515866315e-09,1.3333337147182858e-05,True,False
2653,3.179098653335555e-06,4.2387982351389135e-11,3.3910385635579253e-11,5.120468230972467e-09,1.333333342987487e-05,True,False
2654,3.175020031437532e-06,4.233363076057631e-11,3.386688033533367e-11,5.113898930635385e-09,1.3333342889622402e-05,True,False
2655,3.170962746288122e-06,4.227950684902585e-11,3.38236026270733e-11,5.107363996688069e-09,1.3333334457655663e-05,True,False
2656,3.1673949937985775e-06,4.223194261445899e-11,3.378554660051816e-11,5.101617536678243e-09,1.3333336289646426e-05,True,False
2657,3.165878554884975e-06,4.221172646586457e-11,3.37693712521064e-11,5.099175059068066e-09,1.3333337250328681e-05,True,False
2658,3.1581783146780096e-06,4.210906583207347e-11,3.368723535656544e-11,5.086772538841381e-09,1.333334018423424e-05,True,False
2659,3.155567931493019e-06,4.207424384942294e-11,3.365939126925887e-11,5.082568081658089e-09,1.3333334842681081e-05,True,False
2660,3.1479586361340553e-06,4.1972791358419764e-11,3.357822545209659e-11,5.0703120432665855e-09,1.3333336364916695e-05,True,False
2661,3.1462475272852216e-06,4.1949967539758486e-11,3.35599736243757e-11,5.0675560172807305e-09,1.333333349520517e-05,True,False
2662,3.1434762684357247e-06,4.1913022095450904e-11,3.3530413529981067e-11,5.0630924430271405e-09,1.3333334982136803e-05,True,False
2663,3.1416861044394194e-06,4.188915537071081e-11,3.351131844735381e-11,5.060209085550425e-09,1.3333335660592743e-05,True,False
2664,3.1380386911699247e-06,4.184052515989915e-11,3.347241270581253e-11,5.054334318577692e-09,1.3333336289840375e-05,True,False
2665,3.131174509185313e-06,4.174900959771056e-11,3.339919476464334e-11,5.043278409461144e-09,1.3333338488557464e-05,True,False
2666,3.1274623469279256e-06,4.1699502334934425e-11,3.335959836723121e-11,5.0372993534519125e-09,1.3333334732517379e-05,True,False
2667,3.1230884981691573e-06,4.164118463802912e-11,3.3312943980471014e-11,5.030254541051123e-09,1.3333334826227422e-05,True,False
2668,3.1194845845285036e-06,4.159313099447725e-11,3.327450223497071e-11,5.024449837480576e-09,1.3333334359388691e-05,True,False
2669,3.1147655854146648e-06,4.153021155770552e-11,3.322416624442309e-11,5.016849102907887e-09,1.3333334537975082e-05,True,False
2670,3.109059112101489e-06,4.145412786878192e-11,3.316329719574922e-11,5.007657876558132e-09,1.3333335383501943e-05,True,False
2671,3.1060339941462096e-06,4.1413787240425646e-11,3.3131029270892906e-11,5.002785419904828e-09,1.3333333543186e-05,True,False
2672,3.1010587996122706e-06,4.134745527150972e-11,3.3077960529197556e-11,4.99477203990883e-09,1.3333334819926486e-05,True,False
2673,3.0987020055234143e-06,4.131604204090999e-11,3.3052821392249756e-11,4.990976030229713e-09,1.3333338271077515e-05,True,False
2674,3.0903985606687905e-06,4.120531806686767e-11,3.296425131380043e-11,4.977601948383866e-09,1.3333334603272162e-05,True,False
2675,3.089061577383407e-06,4.118748817358195e-11,3.294999015875634e-11,4.975448513972208e-09,1.333333348714591e-05,True,False
2676,3.085152152083671e-06,4.1135370852404415e-11,3.290828962222583e-11,4.9691517329561e-09,1.3333336193685659e-05,True,False
2677,3.07850877450981e-06,4.1046784456532685e-11,3.283742692810464e-11,4.958451466143801e-09,1.3333333592030624e-05,True,False
2678,3.0757214717763397e-06,4.1009622807415795e-11,3.2807695698947625e-11,4.9539620505410915e-09,1.3333334368450231e-05,True,False
2679,3.073886405214476e-06,4.098515328469985e-11,3.278812165562108e-11,4.951006369998782e-09,1.3333333728654872e-05,True,False
2680,3.067057714089903e-06,4.089410368493525e-11,3.2715282283625635e-11,4.940007624827471e-09,1.3333333604082463e-05,True,False
2681,3.0618716863932696e-06,4.082496223109723e-11,3.2659964654861545e-11,4.931654662884093e-09,1.3333335427647191e-05,True,False
2682,3.057222055655594e-06,4.0762991935044193e-11,3.261036859365967e-11,4.92416565764261e-09,1.3333343536376828e-05,True,False
2683,3.048546959113647e-06,4.064729352447106e-11,3.2517834230545575e-11,4.910192968812381e-09,1.3333333574854658e-05,True,False
2684,3.0436431393030212e-06,4.058190941904848e-11,3.246552681923223e-11,4.9022945497040665e-09,1.3333333627391524e-05,True,False
2685,3.039774201575494e-06,4.0530330848414653e-11,3.2424258150138605e-11,4.89606298067093e-09,1.3333336017987146e-05,True,False
2686,3.0373131056807986e-06,4.049752301681672e-11,3.2398006460595186e-11,4.892098975549873e-09,1.3333338252507688e-05,True,False
2687,3.0334273115882285e-06,4.044569754682145e-11,3.235655799027444e-11,4.88584025653144e-09,1.333333335277616e-05,True,False
2688,3.0302798196721594e-06,4.040373230255062e-11,3.23229847431697e-11,4.880770696218625e-09,1.333333378662101e-05,True,False
2689,3.0242645571615653e-06,4.032352998208016e-11,3.22588219430567e-11,4.871082113401561e-09,1.3333334177591248e-05,True,False
2690,3.0210627623748582e-06,4.028083881224714e-11,3.2224669465331824e-11,4.865925089265105e-09,1.33333339889246e-05,True,False
2691,3.0170554653756053e-06,4.0227410084880095e-11,3.2181924964006456e-11,4.859470669564975e-09,1.3333334619313014e-05,True,False
2692,3.0144223750889353e-06,4.0192298820084896e-11,3.215383866761531e-11,4.855229638809912e-09,1.3333333494414197e-05,True,False
2693,3.0087316035526522e-06,4.01164255042068e-11,3.2093137104561624e-11,4.846063702788805e-09,1.3333334703846e-05,True,False
2694,3.0037502609835394e-06,4.005000928746938e-11,3.204000278382442e-11,4.838040420357488e-09,1.33333352668126e-05,True,False
2695,3.0000763274979885e-06,4.0001020987433297e-11,3.2000814159978544e-11,4.832122938156761e-09,1.3333334429125493e-05,True,False
2696,2.996052111830999e-06,3.994736151553219e-11,3.195788919286399e-11,4.825641268122463e-09,1.3333333341494807e-05,True,False
2697,2.992904441513553e-06,3.9905401372564754e-11,3.192431404281124e-11,4.820571420464497e-09,1.3333336279986287e-05,True,False
2698,2.9872632721536238e-06,3.98301817096775e-11,3.186414156963865e-11,4.811485377015437e-09,1.3333334922623848e-05,True,False
2699,2.982006381404068e-06,3.976008617899249e-11,3.180806806831006e-11,4.8030182783148185e-09,1.3333333700067935e-05,True,False
2700,2.97652668914743e-06,3.968702362166871e-11,3.1749618017572586e-11,4.794192320653461e-09,1.3333333702791797e-05,True,False
2701,2.973002852721908e-06,3.964004076729285e-11,3.1712030429033686e-11,4.7885165947840866e-09,1.3333334251933441e-05,True,False
2702,2.969582431136886e-06,3.959443486476711e-11,3.167554593212678e-11,4.783007435751144e-09,1.333333415823336e-05,True,False
2703,2.967063822282529e-06,3.956085277147582e-11,3.164868077101364e-11,4.77895079642306e-09,1.3333333942591805e-05,True,False
2704,2.964812980831099e-06,3.953083975919832e-11,3.1624671795531724e-11,4.77532544112529e-09,1.3333333338319708e-05,True,False
2705,2.960934613931588e-06,3.947912997990448e-11,3.158330254860361e-11,4.769078684839145e-09,1.3333333939273756e-05,True,False
2706,2.9530880839869385e-06,3.937451422544878e-11,3.1499606229194015e-11,4.756440540608296e-09,1.3333335513747897e-05,True,False
2707,2.95063040689645e-06,3.93417466114363e-11,3.147339100689547e-11,4.7524820420412155e-09,1.3333335994736453e-05,True,False
2708,2.942558362982157e-06,3.923411646182996e-11,3.138728920514301e-11,4.739480669976594e-09,1.3333335017378504e-05,True,False
2709,2.936408238607133e-06,3.915211001551785e-11,3.1321687878476085e-11,4.729574869649889e-09,1.3333333390349501e-05,True,False
2710,2.936283095787032e-06,3.915045843985639e-11,3.1320353021728346e-11,4.72937330628098e-09,1.3333339178374632e-05,True,False
2711,2.9310282732752437e-06,3.908037834398925e-11,3.1264301581602604e-11,4.720909538821993e-09,1.333333379971778e-05,True,False
2712,2.927697727984563e-06,3.9035972829860745e-11,3.1228775765168674e-11,4.71554514054047e-09,1.333333440017841e-05,True,False
2713,2.9231041859361195e-06,3.8974723350189234e-11,3.117977798331861e-11,4.7081464754811096e-09,1.3333333631318255e-05,True,False
2714,2.9162528554655764e-06,3.88833735761465e-11,3.110669712496615e-11,4.697111265869888e-09,1.3333334077417923e-05,True,False
2715,2.9147097973214385e-06,3.8862798059169905e-11,3.1090237838095345e-11,4.694625913552397e-09,1.3333333594611737e-05,True,False
2716,2.9090402421708958e-06,3.878720663894593e-11,3.1029762583156225e-11,4.68549415005659e-09,1.3333334505541473e-05,True,False
2717,2.90136945762186e-06,3.8684926226194525e-11,3.094794088129984e-11,4.6731390730762765e-09,1.3333333376268136e-05,True,False
2718,2.9004598880702404e-06,3.867280122017868e-11,3.0938238806082566e-11,4.671674059718467e-09,1.3333334268555876e-05,True,False
2719,2.895112316030434e-06,3.8601508033300785e-11,3.088119803765797e-11,4.6630609036863524e-09,1.3333336955378763e-05,True,False
2720,2.890583031163111e-06,3.854111853408183e-11,3.083288566573985e-11,4.655765735526718e-09,1.333333729513166e-05,True,False
2721,2.8857962288246165e-06,3.847728315893771e-11,3.078182644079591e-11,4.648055792560182e-09,1.33333333707382e-05,True,False
2722,2.883666183580088e-06,3.844889535191277e-11,3.07591059581876e-11,4.644624999686328e-09,1.33333378082543e-05,True,False
2723,2.879739848220968e-06,3.8396532139806066e-11,3.071722504769033e-11,4.638300982201239e-09,1.3333333621620888e-05,True,False
2724,2.8774525819142995e-06,3.8366048398613586e-11,3.06928275404192e-11,4.634616958603298e-09,1.3333338189395839e-05,True,False
2725,2.867485491486182e-06,3.8233145133303445e-11,3.0586511909185945e-11,4.618563298287077e-09,1.3333335163097087e-05,True,False
2726,2.860806337824886e-06,3.8144086170125393e-11,3.051526760346545e-11,4.607805408123283e-09,1.3333333915614476e-05,True,False
2727,2.8548114070220505e-06,3.806415212420885e-11,3.045132167490187e-11,4.598149572910183e-09,1.3333333344045601e-05,True,False
2728,2.8521983795770367e-06,3.8029314579695296e-11,3.042344938215506e-11,4.593940856705414e-09,1.3333334333264296e-05,True,False
2729,2.8479847039778968e-06,3.797313244901575e-11,3.0378503509097566e-11,4.587154029873732e-09,1.3333334408705609e-05,True,False
2730,2.8449410751349354e-06,3.793254784498362e-11,3.0346038134772645e-11,4.58225175835067e-09,1.3333333395379545e-05,True,False
2731,2.838775448213343e-06,3.785034071481652e-11,3.0280271447608993e-11,4.572320988588958e-09,1.3333333828372586e-05,True,False
2732,2.833518268589542e-06,3.77802469235987e-11,3.022419486495512e-11,4.563853424608222e-09,1.3333334512928626e-05,True,False
2733,2.8323774074105785e-06,3.7765038430333625e-11,3.021202567904617e-11,4.562015877535972e-09,1.3333335568743732e-05,True,False
2734,2.8285874654478416e-06,3.771450080144079e-11,3.0171599631443646e-11,4.55591154434799e-09,1.3333333779540585e-05,True,False
2735,2.8276744631696495e-06,3.770232894800876e-11,3.016186094047626e-11,4.5544410020119156e-09,1.3333334313790409e-05,True,False
2736,2.8209225194837854e-06,3.761230299190773e-11,3.008984020782705e-11,4.543565871381884e-09,1.3333334301854768e-05,True,False
2737,2.817284021092534e-06,3.756378782970453e-11,3.005102955832037e-11,4.537705463306375e-09,1.3333333646331265e-05,True,False
2738,2.8103762782203695e-06,3.747168758032557e-11,2.9977346967683943e-11,4.5265793921202755e-09,1.3333334710629561e-05,True,False
2739,2.808440727577627e-06,3.7445879610568625e-11,2.9956701094161357e-11,4.523461865218365e-09,1.3333334488019242e-05,True,False
2740,2.8025333386655014e-06,3.736711218769318e-11,2.989368894576535e-11,4.5139470308105674e-09,1.3333333692111043e-05,True,False
2741,2.799857224154527e-06,3.733142974482321e-11,2.9865143724314955e-11,4.509636702371559e-09,1.3333333365274073e-05,True,False
2742,2.79660346057018e-06,3.7288056838086094e-11,2.983043691274859e-11,4.5043959738250365e-09,1.3333337158384153e-05,True,False
2743,2.791297039672834e-06,3.721730067751376e-11,2.9773835089843565e-11,4.495849098566379e-09,1.3333335774925614e-05,True,False
2744,2.7906960445847304e-06,3.720928470537589e-11,2.976742447557046e-11,4.494881095811139e-09,1.3333334806411286e-05,True,False
2745,2.781448799447381e-06,3.7085986395511506e-11,2.96687871941054e-11,4.479986866309915e-09,1.333333419722835e-05,True,False
2746,2.7802386530676064e-06,3.7069856901012985e-11,2.965587896605447e-11,4.478037723874225e-09,1.333333628036268e-05,True,False
2747,2.776537269808749e-06,3.702049804546207e-11,2.961639754462666e-11,4.472076029238626e-09,1.3333333734796969e-05,True,False
2748,2.7700823921396033e-06,3.6934433196118476e-11,2.9547545516155773e-11,4.461679372939521e-09,1.3333333802966932e-05,True,False
2749,2.766506742461378e-06,3.688676366538835e-11,2.9509405252921364e-11,4.455920193191126e-09,1.3333335899470816e-05,True,False
2750,2.7640903600389657e-06,3.685454168460798e-11,2.9483630507082304e-11,4.452028206569428e-09,1.3333334617935007e-05,True,False
2751,2.762201815065115e-06,3.6829367132976974e-11,2.946348602736123e-11,4.4489863901315455e-09,1.3333336808378272e-05,True,False
2752,2.758245638036608e-06,3.677662087557453e-11,2.9421286805723825e-11,4.442614307664297e-09,1.3333337817495144e-05,True,False
2753,2.75706560849847e-06,3.676088137212061e-11,2.940869982398368e-11,4.440713673421536e-09,1.3333335724332296e-05,True,False
2754,2.7454403872850173e-06,3.6605873331296097e-11,2.928469746437352e-11,4.421989317120402e-09,1.3333333879995794e-05,True,False
2755,2.7425715054798083e-06,3.6567621672369896e-11,2.925409605845129e-11,4.417368504826145e-09,1.3333333916474296e-05,True,False
2756,2.7390941102211596e-06,3.652125501267181e-11,2.921700384235904e-11,4.411767580196215e-09,1.3333333409899892e-05,True,False
2757,2.7308385375206878e-06,3.6411182034983475e-11,2.912894440022067e-11,4.398470604433321e-09,1.3333333895324684e-05,True,False
2758,2.728259871315476e-06,3.6376807401662e-11,2.910143862736508e-11,4.394317232732127e-09,1.3333336675190811e-05,True,False
2759,2.726394650055181e-06,3.635192908504585e-11,2.908154293392193e-11,4.391312983022211e-09,1.333333348651858e-05,True,False
2760,2.722206326151545e-06,3.6296087123472465e-11,2.9036867478949816e-11,4.384566989321422e-09,1.3333334352648134e-05,True,False
2761,2.719450689030586e-06,3.625934281382048e-11,2.9007474016326252e-11,4.380128576465264e-09,1.3333333441227424e-05,True,False
2762,2.7144829062311316e-06,3.6193105751474376e-11,2.895448433313207e-11,4.372127134302943e-09,1.3333333456767262e-05,True,False
2763,2.7075105898362304e-06,3.6100143176900395e-11,2.8880112958253127e-11,4.360897056696222e-09,1.333333406429409e-05,True,False
2764,2.7063856570618724e-06,3.608514836951664e-11,2.886811367532664e-11,4.359085164974323e-09,1.3333335652056213e-05,True,False
2765,2.7020451836285592e-06,3.602726983485101e-11,2.8821815292037968e-11,4.352094109097733e-09,1.3333333599725456e-05,True,False
2766,2.697947408241898e-06,3.5972637435899506e-11,2.8778105687913578e-11,4.34549395887495e-09,1.3333335307429462e-05,True,False
2767,2.691184788854125e-06,3.5882467799404546e-11,2.870597108111067e-11,4.334601633247711e-09,1.3333334800351216e-05,True,False
2768,2.6875976046689757e-06,3.583463695596553e-11,2.8667707783135743e-11,4.328823875253497e-09,1.3333334161971464e-05,True,False
2769,2.6824287643636178e-06,3.576571782084407e-11,2.861257348654526e-11,4.3204985964683334e-09,1.3333333692210526e-05,True,False
2770,2.6782252004178523e-06,3.570967171609644e-11,2.856773547112376e-11,4.313728056139688e-09,1.3333334220932979e-05,True,False
2771,2.6758104733842845e-06,3.5677477280004906e-11,2.8541978382765702e-11,4.309838735797621e-09,1.3333334940901516e-05,True,False
2772,2.6699052643256466e-06,3.559873866526656e-11,2.8478989486140233e-11,4.300327412407175e-09,1.3333334010357832e-05,True,False
2773,2.665915374601333e-06,3.554553976919271e-11,2.843643066241422e-11,4.293901030024547e-09,1.3333333873926238e-05,True,False
2774,2.658492540476461e-06,3.544656727598314e-11,2.8357253765082255e-11,4.28194531852742e-09,1.333333335952499e-05,True,False
2775,2.656053624504773e-06,3.5414051314396813e-11,2.8331238661384248e-11,4.278017037869021e-09,1.333333445818506e-05,True,False
2776,2.6516514447824704e-06,3.5355352965116056e-11,2.8284282077679686e-11,4.270926593729632e-09,1.3333333472120974e-05,True,False
2777,2.649993887184919e-06,3.533325444655754e-11,2.8266601463305805e-11,4.2682568209591765e-09,1.3333334321043266e-05,True,False
2778,2.6457096744743406e-06,3.527613534941133e-11,2.8220903194392968e-11,4.261356382353338e-09,1.3333335735872125e-05,True,False
2779,2.6413830279109706e-06,3.5218443712095654e-11,2.8174752297717022e-11,4.25438759695527e-09,1.3333334597803251e-05,True,False
2780,2.6393781856685704e-06,3.5191711947706465e-11,2.8153367313798086e-11,4.251158464383511e-09,1.3333334396257501e-05,True,False
2781,2.631960923640555e-06,3.50928131662233e-11,2.807424985216592e-11,4.2392117276770534e-09,1.3333333656672443e-05,True,False
2782,2.6285237812895193e-06,3.5046986193446025e-11,2.8037587000421543e-11,4.233675637063653e-09,1.3333334262721576e-05,True,False
2783,2.6227978731926122e-06,3.497064136636295e-11,2.7976510647387864e-11,4.224453107755568e-09,1.3333334498931396e-05,True,False
2784,2.6177984859415598e-06,3.4903980948555493e-11,2.7923183850043307e-11,4.216400761356539e-09,1.3333333767286278e-05,True,False
2785,2.6143544059231376e-06,3.485806001303202e-11,2.788644699651347e-11,4.210853496473534e-09,1.3333333818114655e-05,True,False
2786,2.6128288797436844e-06,3.483772203906281e-11,2.7870174717265968e-11,4.208396382307161e-09,1.3333334727408691e-05,True,False
2787,2.6079798260312853e-06,3.4773071620328935e-11,2.7818451477667046e-11,4.200586173127724e-09,1.3333336122175892e-05,True,False
2788,2.6012361080628387e-06,3.4683148303399216e-11,2.7746518486003614e-11,4.1897242913865455e-09,1.3333333408641645e-05,True,False
2789,2.594457291849485e-06,3.4592768004545204e-11,2.7674211113061176e-11,4.178805878072238e-09,1.3333334918720284e-05,True,False
2790,2.5909737725961837e-06,3.454632351118276e-11,2.7637053574359294e-11,4.173195089728254e-09,1.3333335858728886e-05,True,False
2791,2.5875200599789497e-06,3.450027191230641e-11,2.76002139731088e-11,4.167632309939429e-09,1.3333335051550124e-05,True,False
2792,2.5800722629502584e-06,3.4400970710651766e-11,2.7520770804802757e-11,4.155636391525216e-09,1.333333612575447e-05,True,False
2793,2.5764637596831682e-06,3.435285181638325e-11,2.7482280103287128e-11,4.149824295596356e-09,1.3333333988213238e-05,True,False
2794,2.573566209010883e-06,3.431421624795061e-11,2.7451372896116087e-11,4.145157307313529e-09,1.333333338299419e-05,True,False
2795,2.5698825383025578e-06,3.4265100555930264e-11,2.741208040856062e-11,4.1392241416926534e-09,1.3333333350933162e-05,True,False
2796,2.5675982448364274e-06,3.423464892008383e-11,2.7387714611588562e-11,4.135544906349873e-09,1.3333335536013656e-05,True,False
2797,2.5622109302151233e-06,3.4162815008489475e-11,2.733024992229465e-11,4.126867738266492e-09,1.3333334350275823e-05,True,False
2798,2.5617671658941957e-06,3.415689679341802e-11,2.7325516436204756e-11,4.126152981866918e-09,1.3333333820560313e-05,True,False
2799,2.558455172312285e-06,3.411273720627413e-11,2.7290188504664377e-11,4.120818464204321e-09,1.3333333949112605e-05,True,False
2800,2.554286374486882e-06,3.405716436352544e-11,2.7245721327860075e-11,4.114103920506872e-09,1.3333338306816523e-05,True,False
2801,2.549389121938499e-06,3.3991856480159775e-11,2.719348396734399e-11,4.106216079068942e-09,1.333333392993892e-05,True,False
2802,2.543148571094179e-06,3.3908659032862675e-11,2.7126918091671243e-11,4.096164631842358e-09,1.3333337823151093e-05,True,False
2803,2.541432279348074e-06,3.388576645611551e-11,2.710861097971279e-11,4.093400257936632e-09,1.3333334408110948e-05,True,False
2804,2.5368505254010826e-06,3.382467496527393e-11,2.705973893761155e-11,4.0860205795793435e-09,1.3333333843122728e-05,True,False
2805,2.5338799929069883e-06,3.378506716103752e-11,2.7028053257674545e-11,4.081236041908856e-09,1.3333333565761209e-05,True,False
2806,2.5302017683472606e-06,3.373602387822881e-11,2.698881886237078e-11,4.075311648217988e-09,1.333333345200582e-05,True,False
2807,2.526179093438648e-06,3.3682388582804876e-11,2.6945910330012244e-11,4.068832459831849e-09,1.3333333598670646e-05,True,False
2808,2.524174059933431e-06,3.365565781195555e-11,2.69245233059566e-11,4.065603019199447e-09,1.3333334791041762e-05,True,False
2809,2.5165413818720997e-06,3.355389099822008e-11,2.68431080733024e-11,4.053309319068662e-09,1.333333568044041e-05,True,False
2810,2.513453990333424e-06,3.351272016998852e-11,2.6810175896889856e-11,4.0483365604303685e-09,1.3333333452243886e-05,True,False
2811,2.5100193638058546e-06,3.3466930360560636e-11,2.6773539880595784e-11,4.042804521969963e-09,1.333333552846218e-05,True,False
2812,2.502358877539506e-06,3.3364785415906804e-11,2.6691828027088064e-11,4.030466032090297e-09,1.3333333486007968e-05,True,False
2813,2.498363151995443e-06,3.331151203717738e-11,2.6649206954618058e-11,4.0240302501473265e-09,1.3333334671771586e-05,True,False
2814,2.4918714985068026e-06,3.3224953630828833e-11,2.657996265073923e-11,4.013574360261623e-09,1.3333333460709403e-05,True,False
2815,2.4884808664936176e-06,3.317974546003903e-11,2.6543795909265257e-11,4.008113182299054e-09,1.3333333563778127e-05,True,False
2816,2.4874628630817674e-06,3.3166177387154554e-11,2.6532937206205522e-11,4.0064735181370334e-09,1.3333335696945567e-05,True,False
2817,2.483661496007822e-06,3.311549100251686e-11,2.6492389290750104e-11,4.000350782903266e-09,1.3333335100514263e-05,True,False
2818,2.482056842004951e-06,3.309409128538983e-11,2.647527298138615e-11,3.997766220189308e-09,1.3333333356965808e-05,True,False
2819,2.476956512150823e-06,3.3026093635278214e-11,2.6420869462942113e-11,3.989551288904259e-09,1.3333336081302683e-05,True,False
2820,2.474440824944497e-06,3.299255363528721e-11,2.6394035466074637e-11,3.98549935537727e-09,1.3333337092846926e-05,True,False
2821,2.4729088664874186e-06,3.297212125143157e-11,2.63776945758658e-11,3.983031880955736e-09,1.3333334559257735e-05,True,False
2822,2.4636576075253056e-06,3.284876977598689e-11,2.6279014480269928e-11,3.9681311865207586e-09,1.3333334013480395e-05,True,False
2823,2.4622776326545895e-06,3.2830377799231856e-11,2.6264294748315622e-11,3.965908506995659e-09,1.3333337136250277e-05,True,False
2824,2.4563188350305075e-06,3.275091992380267e-11,2.6200734240325415e-11,3.956310870289137e-09,1.333333419779599e-05,True,False
2825,2.4517167483953386e-06,3.268956409821753e-11,2.6151645316216945e-11,3.948898442748759e-09,1.3333336373222161e-05,True,False
2826,2.4483603283794536e-06,3.2644807692518736e-11,2.6115843502714174e-11,3.94349236890984e-09,1.333333468694374e-05,True,False
2827,2.443566684852477e-06,3.258088924926014e-11,2.6064711305093087e-11,3.935771407069056e-09,1.3333333381579932e-05,True,False
2828,2.4376526256387225e-06,3.250203827579735e-11,2.600162800681304e-11,3.926245829028769e-09,1.33333346736724e-05,True,False
2829,2.4334376729361325e-06,3.244583728031385e-11,2.5956668511318748e-11,3.919456945209131e-09,1.3333334007755957e-05,True,False
2830,2.4280316539978923e-06,3.237375622854889e-11,2.5899004309310854e-11,3.910749650705939e-09,1.3333333680079359e-05,True,False
2831,2.427235922788874e-06,3.236315106688241e-11,2.589051650974799e-11,3.909467992971946e-09,1.3333335570321247e-05,True,False
2832,2.4205898729180383e-06,3.227453815449752e-11,2.5819625311125742e-11,3.898763421979987e-09,1.3333336025069929e-05,True,False
2833,2.4185913868069424e-06,3.224788675043474e-11,2.579830812594072e-11,3.895544527017048e-09,1.3333333991984833e-05,True,False
2834,2.412475383371663e-06,3.2166339364842236e-11,2.573307075596441e-11,3.8856936841506255e-09,1.3333333714637422e-05,True,False
2835,2.401650189740065e-06,3.202200281175137e-11,2.5617602023894026e-11,3.868257905607998e-09,1.333333345070423e-05,True,False
2836,2.3974324230881064e-06,3.196576831340818e-11,2.5572612512939804e-11,3.86146448945391e-09,1.3333334447956379e-05,True,False
2837,2.3939583453764077e-06,3.191945854470295e-11,2.553555568401502e-11,3.855868908286267e-09,1.3333339156193289e-05,True,False
2838,2.39062059893265e-06,3.1874945111633e-11,2.5499953055281603e-11,3.850492911347522e-09,1.3333334919754449e-05,True,False
2839,2.3878587485689723e-06,3.183812225148087e-11,2.5470493318069037e-11,3.846044491028425e-09,1.3333335680161669e-05,True,False
2840,2.382738488351447e-06,3.1769849025958744e-11,2.5415877209082103e-11,3.837797458571398e-09,1.333333438867622e-05,True,False
2841,2.377591322269087e-06,3.170122075129128e-11,2.5360974104203596e-11,3.8295070897347434e-09,1.3333334646021834e-05,True,False
2842,2.3730852770631696e-06,3.164114378140966e-11,2.5312909622007144e-11,3.822249352923079e-09,1.3333336179375486e-05,True,False
2843,2.3711022386933857e-06,3.161469753875947e-11,2.529175721272945e-11,3.819055339122147e-09,1.3333333764713998e-05,True,False
2844,2.3670073006873145e-06,3.156010249215854e-11,2.5248077873998022e-11,3.812459758973701e-09,1.3333335508933303e-05,True,False
2845,2.364996438363295e-06,3.1533286070287776e-11,2.522662867587515e-11,3.8092209300571474e-09,1.3333333428658569e-05,True,False
2846,2.3573742005772187e-06,3.1431664952413495e-11,2.5145324806157e-11,3.796944045729707e-09,1.3333337127689462e-05,True,False
2847,2.3549980662192836e-06,3.1399975766744304e-11,2.511997937300569e-11,3.793116885323859e-09,1.3333333991714847e-05,True,False
2848,2.352670164979551e-06,3.136893589075633e-11,2.5095148426448544e-11,3.78936741239373e-09,1.3333333485371495e-05,True,False
2849,2.348439888250881e-06,3.131253266571889e-11,2.5050025474676068e-11,3.782553846676086e-09,1.3333333683512109e-05,True,False
2850,2.3441469506766345e-06,3.125529363203694e-11,2.5004234140550768e-11,3.775639355223166e-09,1.3333333741306254e-05,True,False
2851,2.3404763162882203e-06,3.12063517926937e-11,2.496508070707435e-11,3.769727186768227e-09,1.3333333721652052e-05,True,False
2852,2.3323263770518193e-06,3.1097686884874124e-11,2.4878148021886074e-11,3.756600351304797e-09,1.3333334129755545e-05,True,False
2853,2.3272906654916582e-06,3.1030554128022645e-11,2.4824433765244357e-11,3.7484894985518975e-09,1.3333338455799288e-05,True,False
2854,2.3198631620907422e-06,3.0931509526574346e-11,2.474520706230125e-11,3.736526266407489e-09,1.3333333634513934e-05,True,False
2855,2.317218123699939e-06,3.0896244931996534e-11,2.4716993319466018e-11,3.7322659912393685e-09,1.333333474997339e-05,True,False
2856,2.314398368210187e-06,3.085864703391176e-11,2.4686915927575327e-11,3.727724305063874e-09,1.3333334251257676e-05,True,False
2857,2.3107894415359835e-06,3.081052697299287e-11,2.464842070971716e-11,3.7219115271672906e-09,1.3333333803236131e-05,True,False
2858,2.3071383359255124e-06,3.0761845034256746e-11,2.4609475583205468e-11,3.7160308130640256e-09,1.3333333573999402e-05,True,False
2859,2.301885989347245e-06,3.06918133416399e-11,2.455345055303728e-11,3.707571033508629e-09,1.333333339864643e-05,True,False
2860,2.2969899381300428e-06,3.062653325154037e-11,2.4501226006720457e-11,3.699685127014789e-09,1.3333333656861001e-05,True,False
2861,2.2906406323536042e-06,3.05418754723659e-11,2.4433500078438446e-11,3.6894585118442054e-09,1.3333333496745191e-05,True,False
2862,2.2867722507806368e-06,3.0490298245884846e-11,2.4392237341660126e-11,3.6832278385906792e-09,1.3333334019370034e-05,True,False
2863,2.280859460832993e-06,3.041146836494248e-11,2.4329167582218592e-11,3.6737043049150075e-09,1.33333372297458e-05,True,False
2864,2.276617977350143e-06,3.0354909004945914e-11,2.428392509173486e-11,3.6668726888519634e-09,1.333333449307e-05,True,False
2865,2.274547435707765e-06,3.0327304083181445e-11,2.426183931421616e-11,3.66353773644664e-09,1.3333335505374755e-05,True,False
2866,2.2721464472220165e-06,3.029528709660986e-11,2.4236228770368176e-11,3.6596705443255946e-09,1.3333333832266685e-05,True,False
2867,2.267487886125261e-06,3.023317187373255e-11,2.4186537452002787e-11,3.652167155252421e-09,1.3333333359233832e-05,True,False
2868,2.2665411868548916e-06,3.0220554365529526e-11,2.417643932645218e-11,3.650642338294279e-09,1.3333335630871244e-05,True,False
2869,2.2593450108040415e-06,3.012460677750756e-11,2.4099680115243112e-11,3.6390516974017098e-09,1.3333336269340736e-05,True,False
2870,2.2547814504267414e-06,3.006375617818634e-11,2.4051002137885244e-11,3.6317013228206717e-09,1.3333334888175726e-05,True,False
2871,2.2490869243552094e-06,2.998782813659191e-11,2.3990260526455567e-11,3.6225293394947906e-09,1.3333334435346078e-05,True,False
2872,2.2470638024019657e-06,2.9960855974284366e-11,2.3968680558954303e-11,3.6192707644020994e-09,1.3333335681104449e-05,True,False
2873,2.2440386430708375e-06,2.992051539126072e-11,2.39364121927556e-11,3.614398241106096e-09,1.3333333400318017e-05,True,False
2874,2.238365356319603e-06,2.984487408555856e-11,2.3875897134075766e-11,3.605260467245441e-09,1.3333334525258434e-05,True,False
2875,2.2350855598874824e-06,2.980114354368546e-11,2.3840912638799813e-11,3.5999778084587716e-09,1.3333334561557317e-05,True,False
2876,2.2316180251282997e-06,2.9754907596779065e-11,2.380392560136853e-11,3.594392765806648e-09,1.3333333599986674e-05,True,False
2877,2.2280031140067104e-06,2.9706710300647745e-11,2.3765366549404913e-11,3.5885703489601416e-09,1.3333334282116391e-05,True,False
2878,2.226965565978793e-06,2.9692874758347994e-11,2.375429937044046e-11,3.5868992049365095e-09,1.3333333578194514e-05,True,False
2879,2.224293737688843e-06,2.965725049176204e-11,2.372579986868099e-11,3.5825957801708296e-09,1.3333333628218308e-05,True,False
2880,2.2212817540391993e-06,2.961709050881934e-11,2.3693672043084795e-11,3.577744478505804e-09,1.3333333538153523e-05,True,False
2881,2.214492521848383e-06,2.952657399780613e-11,2.3621253566382754e-11,3.566809288523796e-09,1.3333336512313446e-05,True,False
2882,2.210265086471322e-06,2.947020229836695e-11,2.357616092236077e-11,3.5600002992764765e-09,1.3333333851558951e-05,True,False
2883,2.2074444138749028e-06,2.943259664207243e-11,2.3546073747998965e-11,3.5554571359478433e-09,1.3333335352443622e-05,True,False
2884,2.203345577800828e-06,2.937794210734307e-11,2.35023528298755e-11,3.5488552773112004e-09,1.333333381895788e-05,True,False
2885,2.1967078651134695e-06,2.928943977315537e-11,2.3431550561210344e-11,3.5381641347427617e-09,1.3333334048786883e-05,True,False
2886,2.1933697475542163e-06,2.9244930360595155e-11,2.339594397391164e-11,3.532787540060658e-09,1.3333333512603428e-05,True,False
2887,2.188659717759414e-06,2.918212961827819e-11,2.3345703656100417e-11,3.525201252071163e-09,1.3333333355334318e-05,True,False
2888,2.1866526711822045e-06,2.9155370020707254e-11,2.332429515927685e-11,3.521968569050804e-09,1.3333333823402565e-05,True,False
2889,2.1790483332266005e-06,2.9053979068604756e-11,2.324318222108374e-11,3.5097205153836448e-09,1.3333333926367486e-05,True,False
2890,2.1699440695256338e-06,2.893258924121339e-11,2.3146070074940093e-11,3.4950565813159544e-09,1.333333409258713e-05,True,False
2891,2.169007186754823e-06,2.892010480806753e-11,2.3136076658718114e-11,3.4935475754664354e-09,1.3333337475629376e-05,True,False
2892,2.166083218660599e-06,2.8881111434549286e-11,2.3104887665713057e-11,3.488838037522672e-09,1.3333334188521143e-05,True,False
2893,2.1594793850828202e-06,2.8793060160053413e-11,2.303444677421675e-11,3.4782014629067294e-09,1.3333334116986324e-05,True,False
2894,2.1577248434224083e-06,2.8769669365294627e-11,2.3015731663172355e-11,3.475375481139026e-09,1.3333335551562965e-05,True,False
2895,2.1525974161605075e-06,2.8701302437017503e-11,2.2961039105712082e-11,3.4671169049625243e-09,1.3333334984769583e-05,True,False
2896,2.147622122704257e-06,2.863496295863793e-11,2.290796930884541e-11,3.4591033656356566e-09,1.3333333949168473e-05,True,False
2897,2.1466038031188983e-06,2.862139228865536e-11,2.2897107233268248e-11,3.4574631922235054e-09,1.333333717524866e-05,True,False
2898,2.1382341194337676e-06,2.850978948471066e-11,2.280783060729352e-11,3.443982421701322e-09,1.3333333906513673e-05,True,False
2899,2.1349574950359116e-06,2.8466103349386498e-11,2.2772879947049724e-11,3.4387048720045085e-09,1.3333334933165813e-05,True,False
2900,2.1325464818849274e-06,2.843395410175113e-11,2.2747162473439227e-11,3.434821533489323e-09,1.3333333806923056e-05,True,False
2901,2.126204529978584e-06,2.8349393959908856e-11,2.267951498643823e-11,3.4246067629521723e-09,1.3333333440031004e-05,True,False
2902,2.1213977914853277e-06,2.82853041191435e-11,2.262824310917683e-11,3.416864709485701e-09,1.333333344301218e-05,True,False
2903,2.1166565816120503e-06,2.822209144737294e-11,2.257767020386187e-11,3.4092282007831424e-09,1.3333335077851378e-05,True,False
2904,2.109104720259958e-06,2.8121396559340503e-11,2.2497117016106218e-11,3.397064669432039e-09,1.3333333470456792e-05,True,False
2905,2.1075603281415456e-06,2.810081098253508e-11,2.2480643500176486e-11,3.3945771685266496e-09,1.3333336468386877e-05,True,False
2906,2.1026377560250054e-06,2.803517379359651e-11,2.2428136064266725e-11,3.3866485457042753e-09,1.333333509933563e-05,True,False
2907,2.098769402592483e-06,2.7983595691860353e-11,2.2386873627653153e-11,3.3804179177756258e-09,1.333333507592302e-05,True,False
2908,2.096077012076929e-06,2.7947693705289016e-11,2.2358154795487244e-11,3.3760813741185735e-09,1.3333333433964161e-05,True,False
2909,2.088970972913916e-06,2.7852948922277924e-11,2.2282357044415104e-11,3.3646359137066805e-09,1.3333334585987908e-05,True,False
2910,2.0853528407880413e-06,2.7804708523771136e-11,2.2243763635072442e-11,3.3588083088959385e-09,1.3333335241849967e-05,True,False
2911,2.080142396075841e-06,2.7735235383862173e-11,2.2188185558142305e-11,3.350416019279488e-09,1.3333334985231924e-05,True,False
2912,2.070150264925859e-06,2.760200557913807e-11,2.2081602825875832e-11,3.3343220267072507e-09,1.3333334322050584e-05,True,False
2913,2.068455280818377e-06,2.757940601462573e-11,2.2063522995396023e-11,3.3315919723047994e-09,1.3333334430954695e-05,True,False
2914,2.065398274178863e-06,2.7538643853927324e-11,2.203091492457454e-11,3.3266681536107553e-09,1.3333333429299886e-05,True,False
2915,2.059271139641132e-06,2.7456948711323826e-11,2.1965558822838742e-11,3.3167993822486496e-09,1.333333342209066e-05,True,False
2916,2.0565737345096954e-06,2.7420985992896336e-11,2.193678650143675e-11,3.3124547617169496e-09,1.3333334726962139e-05,True,False
2917,2.0472273685527447e-06,2.7296367726306456e-11,2.1837091931229277e-11,3.297400881615621e-09,1.3333334707030218e-05,True,False
2918,2.0433366370254074e-06,2.724449220913824e-11,2.179559079493768e-11,3.2911342100355898e-09,1.3333335151666188e-05,True,False
2919,2.041801294246584e-06,2.7224017748201866e-11,2.1779213805296896e-11,3.288661284599831e-09,1.3333333574091701e-05,True,False
2920,2.0377180258693413e-06,2.7169573983038437e-11,2.1735658942606308e-11,3.2820845003335524e-09,1.3333333482902875e-05,True,False
2921,2.031566572432738e-06,2.7087558850093033e-11,2.1670043439282543e-11,3.272176559331664e-09,1.333333557347152e-05,True,False
2922,2.0233854102573745e-06,2.697847603728369e-11,2.1582777709411996e-11,3.2589994341212113e-09,1.333333526105243e-05,True,False
2923,2.019244127907922e-06,2.6923255880572844e-11,2.1538604031017838e-11,3.252329208683693e-09,1.3333333750222276e-05,True,False
2924,2.0142076489065357e-06,2.685610442382663e-11,2.1484881588336382e-11,3.2442171198387934e-09,1.3333334543936498e-05,True,False
2925,2.0122149468944636e-06,2.682953266952296e-11,2.146362610020761e-11,3.2410075411313494e-09,1.3333333355330708e-05,True,False
2926,2.007244076276357e-06,2.676325600394012e-11,2.141060348028114e-11,3.2330011255224525e-09,1.3333334157143807e-05,True,False
2927,1.9978526551351363e-06,2.663803737685137e-11,2.1310428321441456e-11,3.2178746765376597e-09,1.3333334321919526e-05,True,False
2928,1.994445499792149e-06,2.659260810250377e-11,2.1274085331116257e-11,3.2123868849985545e-09,1.3333334054640811e-05,True,False
2929,1.9871097471850076e-06,2.649479838842977e-11,2.1195837303306748e-11,3.2005714327993188e-09,1.3333334218687723e-05,True,False
2930,1.981410182860043e-06,2.641880327305369e-11,2.1135041950507126e-11,3.191391334526576e-09,1.333333375470988e-05,True,False
2931,1.978209071039578e-06,2.637612209672526e-11,2.11008967577555e-11,3.1862354104210804e-09,1.3333333914430097e-05,True,False
2932,1.968786942526128e-06,2.625049478676296e-11,2.1000394053612034e-11,3.171059502095417e-09,1.3333334460803182e-05,True,False
2933,1.9629134383728704e-06,2.617217928395244e-11,2.0937743342643953e-11,3.161599244739237e-09,1.3333333387155116e-05,True,False
2934,1.9589781654284256e-06,2.611971026566981e-11,2.0895767097903206e-11,3.1552608317833843e-09,1.3333334044566785e-05,True,False
2935,1.9528543529071185e-06,2.6038058901909804e-11,2.0830446431009266e-11,3.145397411082399e-09,1.3333333775326472e-05,True,False
2936,1.948383236867225e-06,2.5978444790503696e-11,2.0782754526583735e-11,3.1381959335141437e-09,1.333333417109153e-05,True,False
2937,1.947795806094485e-06,2.5970612226178224e-11,2.0776488598341174e-11,3.137249778349517e-09,1.3333334092269026e-05,True,False
2938,1.942939877465531e-06,2.5905869000574655e-11,2.0724692026299e-11,3.129428495971149e-09,1.3333335375445367e-05,True,False
2939,1.941652076282393e-06,2.5888695961627738e-11,2.0710955480345527e-11,3.1273542775321745e-09,1.3333334163139997e-05,True,False
2940,1.9227721241206193e-06,2.563696499940335e-11,2.0509569323953275e-11,3.0969449679169444e-09,1.3333335072729134e-05,True,False
2941,1.9214974727218947e-06,2.561996757943031e-11,2.0495973042366878e-11,3.0948919293973985e-09,1.3333333997644233e-05,True,False
2942,1.9149619711345458e-06,2.5532829574955436e-11,2.0426261025435155e-11,3.0843654148407083e-09,1.333333505303406e-05,True,False
2943,1.9077950279927574e-06,2.5437267622933163e-11,2.0349813631922747e-11,3.0728218584203346e-09,1.3333333638937301e-05,True,False
2944,1.9056796681148026e-06,2.5409063642614415e-11,2.0327249793224562e-11,3.069414718776909e-09,1.3333334068548038e-05,True,False
2945,1.903528800777473e-06,2.5380385120833348e-11,2.0304307208293047e-11,3.06595038845225e-09,1.3333333916706193e-05,True,False
2946,1.8971269558361705e-06,2.5295026328361093e-11,2.0236020862252485e-11,3.0556391502001253e-09,1.333333346539908e-05,True,False
2947,1.8919169866301146e-06,2.5225561256132906e-11,2.018044785738789e-11,3.0472476264655716e-09,1.33333340915051e-05,True,False
2948,1.8911858512172652e-06,2.521581149722108e-11,2.017264907965083e-11,3.0460700110272754e-09,1.333333341141003e-05,True,False
2949,1.886643754136708e-06,2.5155252696405393e-11,2.0124200044124885e-11,3.0387542066628577e-09,1.3333334733305789e-05,True,False
2950,1.8748134567080638e-06,2.499751432183319e-11,1.9998010204886014e-11,3.019699540937788e-09,1.3333334168470113e-05,True,False
2951,1.8704450387168874e-06,2.4939268858430812e-11,1.9951413746313466e-11,3.0126634756933334e-09,1.3333334229130293e-05,True,False
2952,1.8679601174976907e-06,2.4906139190540726e-11,1.9924907919975368e-11,3.0086610959162806e-09,1.33333356302622e-05,True,False
2953,1.8616273164131038e-06,2.4821697725503722e-11,1.9857358041739776e-11,2.998461064302706e-09,1.3333333426439512e-05,True,False
2954,1.8568963392389892e-06,2.4758619676701852e-11,1.9806894285215886e-11,2.990841037067599e-09,1.3333334313561447e-05,True,False
2955,1.8566326038644335e-06,2.4755102472681443e-11,1.9804081107887292e-11,2.9904162472909807e-09,1.3333333919244798e-05,True,False
2956,1.8501671047071099e-06,2.4668895327110424e-11,1.9735115783542507e-11,2.9800024833149184e-09,1.3333333656375663e-05,True,False
2957,1.8408113572701116e-06,2.4544152338139317e-11,1.9635321144214526e-11,2.9649334927763933e-09,1.3333333826524098e-05,True,False
2958,1.8323209106100342e-06,2.4430946649885528e-11,1.9544756379840368e-11,2.9512582133558954e-09,1.3333333974642977e-05,True,False
2959,1.8302291973026284e-06,2.440305647412009e-11,1.9522444771228038e-11,2.9478891604554335e-09,1.3333333612033424e-05,True,False
2960,1.826536169009243e-06,2.4353816424841418e-11,1.9483052469431926e-11,2.941940922884221e-09,1.3333333792153435e-05,True,False
2961,1.8221023876930737e-06,2.4294699747791513e-11,1.9435758802059454e-11,2.9347995791109773e-09,1.3333334016729176e-05,True,False
2962,1.8145701805170655e-06,2.419427047532453e-11,1.93554152588487e-11,2.922667704086154e-09,1.3333334105837847e-05,True,False
2963,1.8093037595874321e-06,2.4124051247031705e-11,1.9299240102265943e-11,2.9141852554421573e-09,1.333333395191342e-05,True,False
2964,1.80252638589122e-06,2.4033687980931257e-11,1.9226948116173013e-11,2.903269165542125e-09,1.3333334906522505e-05,True,False
2965,1.7987925462045257e-06,2.3983902582762876e-11,1.9187120492848276e-11,2.8972551944200895e-09,1.3333334426679276e-05,True,False
2966,1.7894439405465083e-06,2.3859252741492724e-11,1.908740203249609e-11,2.8821977069069096e-09,1.3333333445587542e-05,True,False
2967,1.7874990486678575e-06,2.383332348380107e-11,1.9066656519123815e-11,2.879065134387696e-09,1.3333334919290151e-05,True,False
2968,1.783710524690231e-06,2.3782813279546414e-11,1.90262455966958e-11,2.8729630851010657e-09,1.3333336856145236e-05,True,False
2969,1.7739142110238917e-06,2.3652189638726232e-11,1.8921751584254847e-11,2.8571844892224814e-09,1.3333333422631719e-05,True,False
2970,1.7655850000343896e-06,2.354113358746785e-11,1.883290666703349e-11,2.843768906722057e-09,1.3333333477011485e-05,True,False
2971,1.7652698510038566e-06,2.3536938507614372e-11,1.882954507737447e-11,2.8432613066835453e-09,1.3333337389878162e-05,True,False
2972,1.7630176029986792e-06,2.3506902737350627e-11,1.8805521098652578e-11,2.8396336858965395e-09,1.3333334107026632e-05,True,False
2973,1.751001259252833e-06,2.334668583401039e-11,1.8677346765363554e-11,2.8202793615698963e-09,1.333333469101708e-05,True,False
2974,1.749638637816872e-06,2.3328522814020148e-11,1.86628121367133e-11,2.8180846326437085e-09,1.3333337701737389e-05,True,False
2975,1.7457443950503378e-06,2.3276592998213407e-11,1.8621273547203602e-11,2.811812305627744e-09,1.333333394293512e-05,True,False
2976,1.7413535985027077e-06,2.321805079605719e-11,1.8574438384028884e-11,2.8047401959883614e-09,1.3333334950478231e-05,True,False
2977,1.7324158179003795e-06,2.3098877828332776e-11,1.847910205760405e-11,2.7903444106982113e-09,1.3333333481293028e-05,True,False
2978,1.7292930004088407e-06,2.305724114128184e-11,1.844579200436097e-11,2.785314592658506e-09,1.3333333990151253e-05,True,False
2979,1.7123363648478612e-06,2.2831151670814017e-11,1.8264921225043853e-11,2.758003104981622e-09,1.3333333414806346e-05,True,False
2980,1.710455365997732e-06,2.2806071712475975e-11,1.824485723730914e-11,2.75497344283368e-09,1.3333333430289707e-05,True,False
2981,1.7047473982629954e-06,2.2729965482321646e-11,1.818397224813862e-11,2.7457798094689312e-09,1.3333333434315082e-05,True,False
2982,1.6981298222347409e-06,2.2641736363234975e-11,1.8113384770503904e-11,2.7351211003460894e-09,1.333333651336411e-05,True,False
2983,1.694967593191527e-06,2.2599568396225088e-11,1.807965432737629e-11,2.7300278034338195e-09,1.333333362065725e-05,True,False
2984,1.692684885570261e-06,2.2569133894206282e-11,1.8055305446082786e-11,2.7263511223585e-09,1.3333334566051142e-05,True,False
2985,1.6896042251523898e-06,2.252806126911554e-11,1.802244506829216e-11,2.721389205312116e-09,1.3333336253396073e-05,True,False
2986,1.6805961857134934e-06,2.24079498530628e-11,1.7926359314277265e-11,2.706880256455867e-09,1.3333333755931115e-05,True,False
2987,1.6736577044286756e-06,2.2315437889809432e-11,1.7852348847239206e-11,2.69570467593312e-09,1.3333334427201224e-05,True,False
2988,1.6657163605843475e-06,2.2209552175845085e-11,1.7767641179566376e-11,2.6829138181145227e-09,1.3333333754405693e-05,True,False
2989,1.6597054343399336e-06,2.2129407562122507e-11,1.7703524632959293e-11,2.673232219576853e-09,1.3333334400343995e-05,True,False
2990,1.6564573556783488e-06,2.2086098221380904e-11,1.7668878460569054e-11,2.6680006475459273e-09,1.3333333421273773e-05,True,False
2991,1.6514809633998869e-06,2.2019747910309945e-11,1.7615796942932128e-11,2.659985338382751e-09,1.33333343818739e-05,True,False
2992,1.641105347215354e-06,2.1881405008306664e-11,1.7505123703630443e-11,2.643273679248197e-09,1.3333333564134245e-05,True,False
2993,1.6355768525772847e-06,2.1807693822297487e-11,1.7446153094157705e-11,2.6343691172178132e-09,1.3333334834088467e-05,True,False
2994,1.6125062692883345e-06,2.1500086627092693e-11,1.7200066872408902e-11,2.597210097733744e-09,1.3333335216477371e-05,True,False
2995,1.607848002159755e-06,2.14379741143325e-11,1.7150378689704053e-11,2.5897071821453124e-09,1.3333333801165138e-05,True,False
2996,1.5944106342311332e-06,2.1258808625371533e-11,1.7007046765132088e-11,2.5680640615349455e-09,1.3333333439301282e-05,True,False
2997,1.5875873751221812e-06,2.116783179419335e-11,1.6934265334636602e-11,2.5570740655301268e-09,1.3333333412634543e-05,True,False
2998,1.5747220517646183e-06,2.0996294069769726e-11,1.6797035218822596e-11,2.5363523180422118e-09,1.3333333362698187e-05,True,False
2999,1.5708948982593583e-06,2.094526751969521e-11,1.6756212248099822e-11,2.530188049463073e-09,1.3333334739901294e-05,True,False
3000,1.562323349561434e-06,2.0830978075334434e-11,1.6664782395321963e-11,2.5163821416936163e-09,1.3333333385295676e-05,True,False
3001,1.5617413404142273e-06,2.082321898717333e-11,1.665857429775176e-11,2.5154447189605157e-09,1.3333334047269503e-05,True,False
3002,1.5566455627361086e-06,2.0755276020604295e-11,1.6604219335851826e-11,2.5072371197136256e-09,1.3333334522293464e-05,True,False
3003,1.5457391583632865e-06,2.0609855457532487e-11,1.6487884355875058e-11,2.4896705377371338e-09,1.3333333341542135e-05,True,False
3004,1.5406429212520394e-06,2.0541905666420677e-11,1.6433524493355088e-11,2.4814621984966184e-09,1.333333336561e-05,True,False
3005,1.5353029926607297e-06,2.047071071127651e-11,1.6376565255047785e-11,2.4728613535122156e-09,1.3333336031476175e-05,True,False
3006,1.5264614345240832e-06,2.0352819407891376e-11,1.6282255301590223e-11,2.4586205505401234e-09,1.3333333517356062e-05,True,False
3007,1.5212147859898619e-06,2.0282863995118942e-11,1.6226291050558526e-11,2.4501699486343376e-09,1.3333333452922483e-05,True,False
3008,1.5165394149108527e-06,2.022052556719056e-11,1.6176420425715763e-11,2.4426394842830803e-09,1.3333333356442432e-05,True,False
3009,1.5089273722360414e-06,2.0119033135343442e-11,1.609522530385111e-11,2.4303790208815175e-09,1.3333334331081524e-05,True,False
3010,1.5074015499523985e-06,2.0098688387971113e-11,1.607894986615892e-11,2.4279214297899966e-09,1.3333334033393955e-05,True,False
3011,1.4947513520366448e-06,1.993001829976892e-11,1.594401442172421e-11,2.407546177680356e-09,1.3333333515713938e-05,True,False
3012,1.4894586511855973e-06,1.9859448880994613e-11,1.5887558945979706e-11,2.3990214008429354e-09,1.3333333466616644e-05,True,False
3013,1.4890434991307446e-06,1.9853913538967795e-11,1.588313065739461e-11,2.398352729266586e-09,1.333333347921526e-05,True,False
3014,1.4807580628390389e-06,1.9743440873644756e-11,1.5794752670283082e-11,2.3850076532127454e-09,1.3333333357503996e-05,True,False
3015,1.471214924380455e-06,1.961619935269585e-11,1.569295919339152e-11,2.3696368382021193e-09,1.3333333578679166e-05,True,False
3016,1.4628248697379168e-06,1.9504331658018897e-11,1.5603465277204447e-11,2.3561232568578713e-09,1.3333333375384396e-05,True,False
3017,1.4542009671909765e-06,1.9389346770641765e-11,1.5511476983370415e-11,2.342233024488933e-09,1.3333333705653774e-05,True,False
3018,1.4383848893655616e-06,1.917846574880334e-11,1.534277215323266e-11,2.3167585951381315e-09,1.3333333720755729e-05,True,False
3019,1.4242352281693381e-06,1.8989803519872168e-11,1.5191842433806276e-11,2.2939682075047474e-09,1.3333333668681256e-05,True,False
3020,1.4124220247042502e-06,1.883229677773348e-11,1.506583493017867e-11,2.274941074456979e-09,1.3333335538771998e-05,True,False
3021,1.409317930465487e-06,1.8790905847289528e-11,1.503272459163186e-11,2.269941413336411e-09,1.3333333409788545e-05,True,False
3022,1.400965573822306e-06,1.8679541468791403e-11,1.494363278743793e-11,2.2564885509031273e-09,1.3333333679161954e-05,True,False
3023,1.397159285439903e-06,1.8628790717426887e-11,1.490303237802563e-11,2.2503578890818704e-09,1.3333333508613883e-05,True,False
3024,1.380803210783197e-06,1.8410709977797478e-11,1.4728567581687434e-11,2.2240137048348024e-09,1.3333333695939808e-05,True,False
3025,1.3755002345857644e-06,1.8340003966156575e-11,1.4672002502248153e-11,2.215472377839471e-09,1.3333333942818059e-05,True,False
3026,1.3623593333474172e-06,1.8164791291390832e-11,1.4531832889039117e-11,2.194306766244907e-09,1.333333346552455e-05,True,False
3027,1.3572555451438515e-06,1.809674071772032e-11,1.4477392481534418e-11,2.186086264711697e-09,1.3333333418654259e-05,True,False
3028,1.3340571950140719e-06,1.778742937882396e-11,1.4229943413483434e-11,2.1487214554359986e-09,1.3333333417265018e-05,True,False
3029,1.3307570764762273e-06,1.774342885709674e-11,1.4194742149079759e-11,2.1434060645110435e-09,1.333333421309348e-05,True,False
3030,1.3196813160971687e-06,1.7595751331344086e-11,1.4076600705036467e-11,2.1255667064605063e-09,1.3333333674361503e-05,True,False
3031,1.298315470046731e-06,1.7310873163088606e-11,1.384869834716513e-11,2.0911534504219345e-09,1.3333333509817554e-05,True,False
3032,1.280912176102673e-06,1.7078830124352104e-11,1.3663063211761848e-11,2.063122544976039e-09,1.3333334199629882e-05,True,False
3033,1.2707479516103691e-06,1.6943307072017315e-11,1.3554644817177272e-11,2.046751367393768e-09,1.3333334160047808e-05,True,False
3034,1.2599753933026893e-06,1.67996724751582e-11,1.3439737528562021e-11,2.029400366812865e-09,1.3333333781322778e-05,True,False
3035,1.2519028814640603e-06,1.6692040384470092e-11,1.3353630735616644e-11,2.016398241078113e-09,1.33333349029034e-05,True,False
3036,1.234773632018677e-06,1.6463650287071132e-11,1.3170918741532555e-11,1.9888087299714157e-09,1.3333334839808198e-05,True,False
3037,1.2219334505612876e-06,1.6292446400671506e-11,1.3033956805987068e-11,1.968127477704047e-09,1.3333333655108363e-05,True,False
3038,1.2166168577266054e-06,1.62215593868243e-11,1.2977246482417124e-11,1.9595642188449858e-09,1.3333334388556996e-05,True,False
3039,1.2006527275831086e-06,1.6008704275222247e-11,1.280696242755316e-11,1.933851326560527e-09,1.3333334366755213e-05,True,False
3040,1.1968129642447654e-06,1.595750638544694e-11,1.2766004951944164e-11,1.9276667477435688e-09,1.333333349669782e-05,True,False
3041,1.1859258219545978e-06,1.5812344732572658e-11,1.2649875434182376e-11,1.910131190561539e-09,1.3333333704220516e-05,True,False
3042,1.175387095943133e-06,1.5671828166415257e-11,1.2537462356726752e-11,1.8931568158657397e-09,1.3333333520936904e-05,True,False
3043,1.1680784959465018e-06,1.557438060276219e-11,1.2459503956762687e-11,1.8813850974711657e-09,1.3333333895631874e-05,True,False
3044,1.154626623464296e-06,1.539502180596132e-11,1.2316017316952492e-11,1.8597186148598262e-09,1.3333333471707681e-05,True,False
3045,1.1397627562585285e-06,1.5196837892213507e-11,1.2157469400090972e-11,1.8357778794137367e-09,1.3333334335383793e-05,True,False
3046,1.1264601280178552e-06,1.5019468834593078e-11,1.2015574698857123e-11,1.8143517795274254e-09,1.3333333742599196e-05,True,False
3047,1.1230982667128362e-06,1.4974644295108306e-11,1.197971484493692e-11,1.8089369415854748e-09,1.3333333991278572e-05,True,False
3048,1.1158783486578416e-06,1.4878378324830074e-11,1.1902702385683644e-11,1.7973080602382302e-09,1.3333333640468534e-05,True,False
3049,1.1096711217266582e-06,1.4795617900781825e-11,1.1836491965084355e-11,1.7873102867277376e-09,1.3333335986755888e-05,True,False
3050,1.0906704167640627e-06,1.454227241771045e-11,1.163381777881667e-11,1.7567064846013171e-09,1.3333333511379433e-05,True,False
3051,1.0515522780072323e-06,1.402069748201138e-11,1.1216557632077146e-11,1.6937002024436488e-09,1.3333333753583433e-05,True,False
3052,1.0479246371901604e-06,1.3972330097047116e-11,1.1177862796695046e-11,1.6878572823009519e-09,1.333333486128511e-05,True,False
3053,1.0352690003982413e-06,1.3803588275777052e-11,1.104286933758124e-11,1.6674732699747674e-09,1.3333334882496402e-05,True,False
3054,1.0245015251715507e-06,1.3660020811056856e-11,1.092801626849654e-11,1.6501304565429777e-09,1.3333333797399192e-05,True,False
3055,1.0060169516860217e-06,1.3413560225391513e-11,1.0730847484650899e-11,1.6203579701822856e-09,1.333333419771031e-05,True,False
3056,9.947656591621012e-07,1.3263542173117615e-11,1.061083369772908e-11,1.602235888357091e-09,1.3333333384557725e-05,True,False
3057,9.880308950351977e-07,1.3173745417299244e-11,1.0538996213708776e-11,1.591388428270025e-09,1.3333333485315701e-05,True,False
3058,9.771931494613432e-07,1.3029242354579446e-11,1.0423393594254328e-11,1.5739324327324036e-09,1.3333333703538073e-05,True,False
3059,9.539052733826457e-07,1.2718737044512531e-11,1.0174989582748221e-11,1.5364234269949814e-09,1.3333333402603581e-05,True,False
3060,9.438947930694117e-07,1.2585264249241773e-11,1.0068211126073725e-11,1.5202998800371327e-09,1.3333333695290639e-05,True,False
3061,9.131876802722658e-07,1.2175836524316411e-11,9.740668589570836e-12,1.470840957025196e-09,1.3333334195536016e-05,True,False
3062,8.962594636100464e-07,1.1950126461458014e-11,9.560100945173828e-12,1.443575242721248e-09,1.3333333645732522e-05,True,False
3063,8.824884032273374e-07,1.1766512284750426e-11,9.413209634424933e-12,1.4213946547981648e-09,1.3333333607239778e-05,True,False
3064,8.574472654173251e-07,1.1432630338771535e-11,9.146104164451468e-12,1.3810617288321716e-09,1.3333333488686562e-05,True,False
3065,8.549390615364851e-07,1.1399187753050492e-11,9.119349989722508e-12,1.3770218484480988e-09,1.333333364434656e-05,True,False
3066,8.408350788609433e-07,1.1211134435390187e-11,8.968907507850062e-12,1.3543050336853593e-09,1.3333333393484975e-05,True,False
3067,8.127618662781905e-07,1.0836825037721503e-11,8.669459906967366e-12,1.3090884459520723e-09,1.3333333522825856e-05,True,False
3068,8.097473417158921e-07,1.0796631385491011e-11,8.63730497830285e-12,1.3042330517237301e-09,1.3333333534152085e-05,True,False
3069,7.866322828132577e-07,1.0488430454887978e-11,8.390744350008082e-12,1.2670023968512206e-09,1.3333333355424818e-05,True,False
3070,6.194483234408296e-07,8.259311075981071e-12,6.60744878336885e-12,9.977247662886963e-10,1.3333333489552999e-05,True,False
3071,6.168209236484056e-07,8.224278995510287e-12,6.579423185582993e-12,9.93492901023032e-10,1.3333333355270892e-05,True,False
3072,5.716457877385547e-07,7.621943842337313e-12,6.097555069211251e-12,9.207308154508988e-10,1.333333334352015e-05,True,False
