environment,T,lambda,replications,projection_floor,complexity_mean,complexity_mcse,complexity_ci_low,complexity_ci_high,population_loss_mean,population_loss_mcse,population_loss_ci_low,population_loss_ci_high,population_sharpe_mean,population_sharpe_mcse,population_sharpe_ci_low,population_sharpe_ci_high,regret_mean,regret_mcse,regret_ci_low,regret_ci_high,estimation_norm_mean,estimation_norm_mcse,estimation_norm_ci_low,estimation_norm_ci_high,cross_term_mean,cross_term_mcse,cross_term_ci_low,cross_term_ci_high,population_bias,population_complexity
rich6d_rough,60,1e-12,100,0.00011768435106411339,59.99878166472321,3.51858560272656e-06,59.998774768295426,59.998788561150995,1.7470455424816447,0.013630502483923349,1.7203297576131549,1.7737613273501345,0.015680237445421477,0.0019458554368625574,0.011866360789170865,0.01949411410167209,0.7612612287561541,0.013630502483923352,0.7345454438876643,0.7879770136246439,0.7611434761379191,0.013630502913854318,0.7344276904267646,0.7878592618490736,6.821341127531263e-08,5.265026751080789e-09,5.789395884319428e-08,7.853286370743097e-08,0.00011768440482345585,511.55579899539526
rich6d_rough,60,1.2742749857031321e-12,100,0.00011768435106411339,59.99844752111014,4.483549657901141e-06,59.998438733352806,59.99845630886747,1.7470362042401004,0.013630326812593466,1.7203207636874172,1.7737516447927837,0.01568033967425568,0.0019458598916604012,0.011866454286601293,0.019494225061910068,0.7612518905146096,0.013630326812593466,0.7345364499619265,0.7879673310672928,0.7611341192258959,0.013630327360248554,0.7344186775998087,0.7878495608519831,8.685046676465445e-08,6.708465631188092e-09,7.370187412752579e-08,9.999905940178311e-08,0.00011768443824707389,511.4342511796711
rich6d_rough,60,1.6237767391887243e-12,100,0.00011768435106411339,59.99802173979135,5.7131193648532035e-06,59.998010542077395,59.9980329375053,1.7470243051903764,0.013630102969584872,1.72030930336999,1.7737393070107628,0.015680469939446818,0.001945865568241139,0.011866573425694187,0.01949436645319945,0.7612399914648863,0.01363010296958487,0.7345249896445,0.7879549932852726,0.7611221964180511,0.013630103667131238,0.7344071932304739,0.7878371996056284,1.1055443311236045e-07,8.547414431233468e-09,9.380150082714285e-08,1.2730736539757804e-07,0.0001176844924022126,511.27954317913793
rich6d_rough,60,2.06913808111479e-12,100,0.00011768435106411339,59.99747919277977,7.279832109075384e-06,59.99746492430884,59.997493461250706,1.7470091432399713,0.013629817749208595,1.7202947004515223,1.7737235860284202,0.015680635929132457,0.0019458728016739234,0.011866725237851566,0.019494546620413347,0.7612248295144807,0.013629817749208586,0.7345103867260319,0.7879392723029295,0.7611070042470017,0.013629818637560331,0.7343925597173835,0.78782144877662,1.406873829391782e-07,1.0890110279661628e-08,1.193427667910414e-07,1.62031999087315e-07,0.00011768458009623131,511.0826898713984
rich6d_rough,60,2.6366508987303555e-12,100,0.00011768435106411339,59.9967878638163,9.27609719201867e-06,59.99676968266581,59.996806044966796,1.7469898239002355,0.013629454327892244,1.7202760934175667,1.7737035543829043,0.015680847439163603,0.0019458820189066025,0.011866918682106662,0.019494776196220545,0.7612055101747457,0.013629454327892244,0.7344917796920769,0.7879192406574145,0.7610876464847446,0.013629455459062531,0.7343739137849821,0.7878013791845071,1.78968007407795e-07,1.3874328060564495e-08,1.517743244090886e-07,2.061616904065014e-07,0.00011768472199382395,510.832309506444
rich6d_rough,60,3.359818286283788e-12,100,0.00011768435106411339,59.99590696140054,1.1819631690018502e-05,59.99588379492243,59.99593012787866,1.746965207623154,0.013628991274456197,1.72025238472522,1.7736780305210882,0.015681116950593748,0.001945893763952824,0.011867165173246213,0.01949506872794128,0.7611808938976643,0.013628991274456197,0.7344680709997301,0.7878937167955985,0.7610629813871377,0.01362899271452509,0.7343501556666685,0.7877758071076069,2.2755914647605275e-07,1.767539055507064e-08,1.9291538098811428e-07,2.622029119639912e-07,0.00011768495137976995,510.51400782195174
rich6d_rough,60,4.281332398719396e-12,100,0.00011768435106411339,59.99478451571313,1.5060378195468979e-05,59.994754997371864,59.99481403405439,1.7469338427599999,0.01362840129051771,1.7202221762305852,1.7736455092894146,0.01568146036519983,0.001945908729977039,0.011867479254444833,0.019495441475954826,0.7611495290345097,0.013628401290517714,0.734437862505095,0.7878611955639244,0.7610315545395343,0.013628403123367164,0.7343198844177347,0.787743224661334,2.8917322661910643e-07,2.2516320365141697e-08,2.450412387034287e-07,3.3330521453478417e-07,0.00011768532174880227,510.10961823238847
rich6d_rough,60,5.455594781168514e-12,100,0.00011768435106411339,59.993354318773115,1.9189305245368175e-05,59.993316707734834,59.993391929811395,1.7468938802396898,0.013627649608018284,1.720183687007974,1.7736040734714056,0.015681897942132275,0.0019459278001668055,0.011867879453805337,0.019495916430459212,0.7611095665141993,0.01362764960801828,0.7343993732824834,0.7878197597459151,0.760991513398328,0.013627651940015023,0.7342813155958986,0.7877017112007575,3.671970335032514e-07,2.8680688279566133e-08,3.1098288447530177e-07,4.23411182531201e-07,0.00011768591883755224,509.596273316758
rich6d_rough,60,6.951927961775591e-12,100,0.00011768435106411339,59.99153202915113,2.4449597691513425e-05,59.991484107939655,59.991579950362606,1.7468429650196142,0.013626691951431371,1.7201346487948088,1.7735512812444196,0.015682455490483697,0.001945952099792887,0.011868389374889638,0.019496521606077753,0.7610586512941241,0.013626691951431374,0.7343503350693186,0.7877669675189296,0.7609404985787619,0.013626694917272059,0.7342321765409087,0.7876488206166151,4.6583578850554247e-07,3.6528846356593254e-08,3.942392496466197e-07,5.374323273644652e-07,0.00011768687957382923,508.94528429571903
rich6d_rough,60,8.858667904100833e-12,100,0.00011768435106411339,59.989210214461664,3.115087770021184e-05,59.98914915874137,59.98927127018196,1.7467780980470133,0.01362547194786903,1.7200721730291901,1.7734840230648365,0.015683165887367585,0.0019459830625103733,0.011869039084847252,0.019497292689887917,0.7609937843215229,0.013625471947869033,0.7342878593036996,0.7876997093393462,0.7608755056260579,0.013625475717830241,0.7341695732191106,0.7875814380330052,5.902737972652565e-07,4.6518394277223593e-08,4.990977444818983e-07,6.814498500486148e-07,0.00011768842166771237,508.12081130785185
rich6d_rough,60,1.1288378916846884e-11,100,0.00011768435106411339,59.986252044124775,3.968726362081303e-05,59.98617425708808,59.98632983116147,1.7466954608179452,0.01362391783791116,1.7199925818556394,1.773398339780251,0.01568407100978428,0.0019460225147860297,0.01186986688080366,0.019498275138764898,0.7609111470924546,0.013623917837911162,0.7342082681301487,0.7876140260547604,0.7607927093587121,0.013623922626771461,0.73408982101024,0.7874955977071842,7.468444159414535e-07,5.9229917305333234e-08,6.307537780230003e-07,8.629350538599066e-07,0.00011769088932708088,507.0783211369148
rich6d_rough,60,1.4384498882876659e-11,100,0.00011768435106411339,59.98248326841452,5.056028048973678e-05,59.98238417026476,59.98258236656428,1.7465901925603768,0.013621938302183428,1.7198911934880974,1.7732891916326563,0.015685224192184963,0.0019460727833846992,0.011870921536750952,0.019499526847618975,0.7608058788348862,0.013621938302183426,0.7341068797626067,0.7875048779071656,0.7606872408168897,0.013621944380085241,0.7339882298319226,0.7873862518018567,9.431950844060639e-07,7.539925572600593e-08,7.954125431830922e-07,1.0909776256290355e-06,0.00011769482291213752,505.76285487598955
rich6d_rough,60,1.8329807108324375e-11,100,0.00011768435106411339,59.977682023835726,6.440788994271621e-05,59.97755578437144,59.97780826330001,1.7464561075083882,0.013619417172293105,1.7197620498506938,1.7731501651660826,0.01568669335130327,0.0019461368321799153,0.011872265160230636,0.019501121542375904,0.7606717937828985,0.013619417172293102,0.733977736125204,0.787365851440593,0.7605529042965299,0.013619424877776478,0.733858831536088,0.7872469770569718,1.1884231707508309e-06,9.595782015351141e-08,1.0003458432499486e-06,1.3765004982517132e-06,0.0001177010631978094,504.1071712676116
rich6d_rough,60,2.3357214690901212e-11,100,0.00011768435106411339,59.97156588495756,8.204121619355391e-05,59.971405084173824,59.9717266857413,1.7462853365819548,0.013616206738031211,1.7195975713754137,1.772973101788496,0.01568856495707091,0.0019462184362336447,0.011873976822052967,0.019503153092088853,0.7605010228564639,0.013616206738031208,0.7338132576499228,0.7871887880630051,0.7603818188071908,0.013616216493365843,0.7336940344801938,0.7870696031341878,1.4931453697941136e-06,1.220827557084082e-07,1.2538631686056334e-06,1.7324275709825938e-06,0.00011771090390379733,502.0298980840705
rich6d_rough,60,2.976351441631313e-11,100,0.00011768435106411339,59.9637754338809,0.00010449091452946122,59.96357063168842,59.963980236073375,1.7460678739452444,0.013612119294833861,1.71938812012737,1.772747627763119,0.015690949074878183,0.0019463224032099237,0.011876157164586731,0.019505740985169634,0.7602835602197541,0.013612119294833861,0.7336038064018797,0.7869633140376284,0.760163964462718,0.013612131623551574,0.7334841864805569,0.786843742444879,1.8694487389523022e-06,1.552590823682922e-07,1.5651409375104494e-06,2.173756540394155e-06,0.00011772630829701841,499.43391860157857
rich6d_rough,60,3.7926901907322536e-11,100,0.00011768435106411339,59.95385343492184,0.000133065561828788,59.95359262642066,59.95411424342302,1.7457910043012337,0.013606916495486116,1.719121447970081,1.7724605606323864,0.015693985762000675,0.0019464548548476471,0.011878934246499287,0.019509037277502063,0.7600066905757444,0.013606916495486116,0.7333371342445917,0.7866762469068972,0.7598866097117773,0.013606932041609888,0.733217022910222,0.7865561965133328,2.330658971232231e-06,1.9735630378600427e-07,1.9438406158116625e-06,2.7174773266527993e-06,0.00011775020499503117,496.2053427481855
rich6d_rough,60,4.832930238571752e-11,100,0.00011768435106411339,59.94121847812802,0.0001694249393453193,59.94088640524691,59.941550551009136,1.7454385813518445,0.013600295978995605,1.718782001233013,1.772095161470676,0.015697853171811934,0.0019466235845519177,0.011882470946090176,0.019513235397533694,0.7596542676263545,0.013600295978995609,0.732997687507523,0.7863108477451859,0.7595335898961664,0.013600315526775847,0.7328769714636857,0.786190208328647,2.8908588416821552e-06,2.50722390087837e-07,2.399442957109995e-06,3.3822747262543155e-06,0.00011778687134627285,492.2135516602387
rich6d_rough,60,6.158482110660255e-11,100,0.00011768435106411339,59.925131685885866,0.00021567160607097402,59.92470896953797,59.925554402233765,1.7449901216539514,0.013591874650320376,1.7183500473393234,1.7716301959685794,0.015702777805486828,0.0019468385113119182,0.011886974323315468,0.01951858128765819,0.7592058079284615,0.013591874650320374,0.7325657336138336,0.7858458822430894,0.7590844014239531,0.013591899142219543,0.7324442791052027,0.7857245237427034,3.5641089141621274e-06,3.1829850749280204e-07,2.9402438394762355e-06,4.187973988848019e-06,0.0001178423955944894,487.3129300546083
rich6d_rough,60,7.847599703514623e-11,100,0.00011768435106411339,59.90465475927265,0.0002744646798758454,59.9041168085001,59.905192710045206,1.7444196713472433,0.013581167885223826,1.7178005822922047,1.771038760402282,0.01570904745393312,0.0019471122552811985,0.011892707433581971,0.01952538747428427,0.7586353576217532,0.013581167885223825,0.7320162685667144,0.7852544466767919,0.7585130690664001,0.013581198434316022,0.7318939201351408,0.7851322179976595,4.363377855573239e-06,4.0375836765166465e-07,3.5720114549759765e-06,5.154744256170502e-06,0.00011792517749793785,481.3469573021195
rich6d_rough,60,1e-10,100,0.00011768435106411339,59.878597276932986,0.00034916016260906244,59.87791292301427,59.8792816308517,1.7436943964284757,0.013567563849674438,1.7171019712831137,1.7702868215738377,0.015717027493496703,0.0019474608666466546,0.01190000419486926,0.019534050792124148,0.7579100827029864,0.013567563849674441,0.7313176575576246,0.7845025078483483,0.7577867370313061,0.013567601740482155,0.731194237619961,0.7843792364426511,5.299290583099575e-06,5.116764920465596e-07,4.296404658688318e-06,6.302176507510832e-06,0.00011804638109682263,474.15523564810377
rich6d_rough,60,1.274274985703132e-10,100,0.00011768435106411339,59.845450760261755,0.00044398230205188415,59.84458055494974,59.846320965573774,1.7427728414101695,0.013550292080341694,1.7162142689326998,1.7693314138876393,0.015727181336124232,0.001947904747018674,0.01190928803196763,0.019545074640280834,0.7569885276846791,0.013550292080341692,0.7304299552072093,0.7835471001621488,0.7568639285419643,0.013550338749448406,0.7303052645930453,0.7834225924908832,6.3789405111954335e-06,6.477297169676394e-07,5.10939026593886e-06,7.648490756452007e-06,0.00011822020220394504,465.5837090438867
rich6d_rough,60,1.6237767391887175e-10,100,0.00011768435106411339,59.803306611980446,0.0005642301030865918,59.8022007209784,59.804412502982494,1.7416027981497149,0.013528385517523514,1.7150871625353687,1.768118433764061,0.01574009598320144,0.0019484698116348995,0.011921095152397036,0.019559096814005843,0.7558184844242243,0.013528385517523514,0.7293028488098782,0.7823341200385704,0.7556924154979157,0.013528442502314752,0.7291766681933788,0.7822081628024525,7.605145993205097e-06,8.189352152144447e-07,6.0000329713847855e-06,9.210259015025409e-06,0.00011846378031504269,455.49772664525614
rich6d_rough,60,2.0691380811147902e-10,100,0.00011768435106411339,59.74975467549224,0.0007165217380375133,59.74835029288569,59.75115905809879,1.7401187294486342,0.013500635387854315,1.7136574840884398,1.7665799748088287,0.01575651378035927,0.0019491889512013943,0.011936103436004538,0.019576924124714002,0.754334415723144,0.013500635387854315,0.7278731703629495,0.7807956610833384,0.7542066425351481,0.013500704228973075,0.7277452622463609,0.7806680228239353,8.976582567330209e-06,1.033924967448948e-06,6.950089631130271e-06,1.1003075503530146e-05,0.00011879660542839232,443.79679304137244
rich6d_rough,60,2.6366508987303556e-10,100,0.00011768435106411339,59.68175894812757,0.0009090765727688855,59.67997715804495,59.6835407382102,1.7382387056605748,0.013465538814212932,1.7118462495847175,1.764631161736432,0.015777371596032392,0.001950103864032005,0.011955168022529663,0.019599575169535123,0.7524543919350841,0.013465538814212929,0.7260619358592267,0.7788468480109415,0.7523246634568931,0.01346562089556091,0.7259320465015937,0.7787172804121925,1.0489101452527366e-05,1.3032492225164151e-06,7.934732976395191e-06,1.304346992865954e-05,0.0001192393767387237,430.4290299650896
rich6d_rough,60,3.3598182862837877e-10,100,0.00011768435106411339,59.59550707816251,0.0011520288026117221,59.5932491017094,59.59776505461563,1.7358608446193013,0.013421239947626087,1.7095552143219541,1.7621664749166486,0.015803848710196012,0.001951267341757362,0.011979364720351583,0.01962833270004044,0.7500765308938108,0.013421239947626085,0.7237709005964637,0.7763821611911579,0.7499445802254538,0.013421336257985222,0.7236387611598029,0.7762503992911048,1.2138204928223721e-05,1.6396880357389016e-06,8.924416378175473e-06,1.535199347827197e-05,0.00011981246342869165,415.4028718256957
rich6d_rough,60,4.281332398719396e-10,100,0.00011768435106411339,59.4862309471397,0.0014577568628612756,59.483373743688496,59.48908815059091,1.7328593067738765,0.013365466991619413,1.7066629914703024,1.7590556220774505,0.015837424637917395,0.0019527461041547775,0.012010042273774032,0.01966480700206076,0.7470749930483858,0.01336546699161941,0.7208786777448117,0.7732713083519598,0.7469405365544078,0.013365577795121273,0.7207440040759702,0.7731370690328455,1.392214886706868e-05,2.0585289013839448e-06,9.887432220356147e-06,1.7956865513781212e-05,0.00012053434511110142,398.7936297528796
rich6d_rough,60,5.455594781168515e-10,100,0.00011768435106411339,59.34799728422155,0.0018411970314985292,59.34438853803981,59.35160603040329,1.7290800035305098,0.013295469991438144,1.703020882347291,1.7551391247137287,0.01587994782698918,0.0019546242885618197,0.012048884221408014,0.019711011432570348,0.7432956898050197,0.013295469991438144,0.717236568621801,0.7693548109882384,0.7431584245813538,0.01329559440076088,0.7170990595558625,0.7692177896068452,1.58446524408838e-05,2.5777397136154345e-06,1.0792282602197548e-05,2.089702227957005e-05,0.00012142057122488392,380.74338360398104
rich6d_rough,60,6.951927961775591e-10,100,0.00011768435106411339,59.17347044532397,0.00232008598074724,59.168923076801704,59.17801781384624,1.7243363458866663,0.013207967955804634,1.6984487286932892,1.7502239630800434,0.015933715518389287,0.001957007703473919,0.012097980419580406,0.01976945061719817,0.7385520321611762,0.013207967955804634,0.7126644149677991,0.7644396493545532,0.7384116324611234,0.013208103412186579,0.7125237497732377,0.7642995151490091,1.7915926905282532e-05,3.2179324625323305e-06,1.1608779278719165e-05,2.42230745318459e-05,0.0001224837731473461,361.4539883315178
rich6d_rough,60,8.858667904100832e-10,100,0.00011768435106411339,58.95365496248668,0.0029150439104483256,58.9479414764222,58.95936844855116,1.7184056112481139,0.013099118909127369,1.6927313381862241,1.7440798843100036,0.016001563854126884,0.0019600289490081984,0.012159907114070815,0.01984322059418295,0.7326212975226235,0.013099118909127372,0.7069470244607339,0.7582955705845131,0.7324774116451728,0.013099260586411008,0.7068028608958072,0.7581519623945383,2.0150834671155507e-05,4.0019810872425035e-06,1.23069517401602e-05,2.7994717602150814e-05,0.00012373504277967025,341.1743639987196
rich6d_rough,60,1.1288378916846883e-09,100,0.00011768435106411339,58.67763409675871,0.0036493675973366035,58.670481336267926,58.68478685724949,1.7110268499397465,0.012964532612470497,1.6856163660193044,1.7364373338601886,0.01608696533604288,0.001963853481241017,0.012237812512810486,0.019936118159275273,0.7252425362142557,0.012964532612470502,0.6998320522938135,0.7506530201346979,0.7250947861491583,0.012964672776552744,0.699684027507115,0.7505055447912017,2.256347326629475e-05,4.954139591108908e-06,1.285335966772129e-05,3.2273586864868206e-05,0.00012518659183122748,320.1842177937985
rich6d_rough,60,1.4384498882876659e-09,100,0.00011768435106411339,58.33233320755679,0.004548355850744174,58.32341843008933,58.34124798502425,1.701901676915854,0.012799351960712546,1.6768149470728573,1.7269884067588506,0.016194127770951215,0.001968686642780998,0.01233550195110046,0.02005275359080197,0.7161173631903636,0.012799351960712546,0.691030633347367,0.7412040930333601,0.7159653498085699,0.012799479326249072,0.6908783703291217,0.741052329288018,2.515825141659039e-05,6.098524381091029e-06,1.3205143629651971e-05,3.711135920352881e-05,0.00012685513037736552,298.7766729612716
rich6d_rough,60,1.8329807108324374e-09,100,0.00011768435106411339,57.902353574534054,0.0056379511777902,57.891303190225585,57.91340395884252,1.6906997365274958,0.012598433241100613,1.6660068073749386,1.715392665680053,0.01632808479115835,0.0019747815861728144,0.012457512882259634,0.020198656700057067,0.7049154228020055,0.012598433241100609,0.6802224936494483,0.7296083519545626,0.7047587393803384,0.012598532363360115,0.6800656159481526,0.7294518628125242,2.7918430056008118e-05,7.456907233402186e-06,1.3302891878539835e-05,4.25339682334764e-05,0.00012876499161056446,277.2419981120626
rich6d_rough,60,2.335721469090121e-09,100,0.00011768435106411339,57.36994239044738,0.006942475798152084,57.356335137883,57.383549643011754,1.6770709436172404,0.012356653749533333,1.6528519022681551,1.7012899849663257,0.016494763134737064,0.0019824478681775655,0.012609165313109036,0.02038036095636509,0.6912866298917498,0.012356653749533333,0.6670675885426645,0.7155056712408352,0.6911248861055675,0.01235670445090964,0.6669057453817846,0.7153440268293505,3.079395881482924e-05,9.04595017880208e-06,1.3063896464377161e-05,4.852402116528132e-05,0.00013094982736767263,255.85398912362106
rich6d_rough,60,2.9763514416313133e-09,100,0.00011768435106411339,56.71518462247019,0.008481306116515371,56.69856126248182,56.73180798245856,1.6606665373260037,0.012069362808774232,1.6370105862208062,1.6843224884312011,0.016701006908384212,0.001992060285364685,0.01279656874906943,0.020605445067698996,0.6748822236005134,0.012069362808774232,0.651226272495316,0.6985381747057109,0.6747150807039679,0.012069339538865995,0.6510591752077906,0.6983709862001453,3.36910802384361e-05,1.08743415832077e-05,1.237737073534901e-05,5.500478974152319e-05,0.00013345181630721598,234.85983268649733
rich6d_rough,60,3.792690190732238e-09,100,0.00011768435106411339,55.91651543217722,0.010264512904372964,55.896396986884646,55.936633877469795,1.6411701844068947,0.011732965021360375,1.6181735729650284,1.664166795848761,0.016954535688209572,0.0020040672617640904,0.013026563855151954,0.02088250752126719,0.6553858706814046,0.011732965021360373,0.6323892592395383,0.678382482123271,0.6552130863987622,0.011732835866214491,0.6322167281009818,0.6782094446965425,3.6466495275193165e-05,1.2940787181925097e-05,1.1102552398619976e-05,6.183043815176636e-05,0.0001363177873671944,214.47364689376235
rich6d_rough,60,4.832930238571752e-09,100,0.00011768435106411339,54.95164709146436,0.012287824577245327,54.927562955292956,54.97573122763576,1.6183385016745988,0.011345583528494296,1.59610115795875,1.6405758453904475,0.01726381407111907,0.0020189978161855903,0.013306578351395315,0.021221049790842827,0.6325541879491078,0.011345583528494298,0.6103168442332589,0.6547915316649566,0.6323756667251041,0.011345308340633973,0.6101388623774615,0.6546124710727468,3.89288461633873e-05,1.5234429883836289e-05,9.069363591068177e-06,6.878832873570643e-05,0.00013959237784066762,194.8733960629921
rich6d_rough,60,6.158482110660254e-09,100,0.00011768435106411339,53.79896901803942,0.014527721071041841,53.77049468474018,53.827443351338665,1.59204736029507,0.0109077063775801,1.570668255795013,1.613426464795127,0.017637817991213736,0.002037465881665498,0.01364438486314936,0.021631251119278112,0.6062630465695797,0.0109077063775801,0.5848839420695228,0.6276421510696367,0.6060788876235933,0.010907233305049405,0.5847007103456965,0.6274570649014901,4.084977992710263e-05,1.7739836774172597e-05,6.079699849724343e-06,7.561986000448093e-05,0.00014330916605967067,176.20051895330542
rich6d_rough,60,7.847599703514623e-09,100,0.00011768435106411339,52.43940417840116,0.016937907636417247,52.406205879433784,52.47260247736854,1.5623367137078006,0.010422690414067555,1.541908240496228,1.582765186919373,0.018085699304227484,0.0020601705755561948,0.014047764976137342,0.022123633632317626,0.5765523999823102,0.010422690414067555,0.5561239267707379,0.5969808731938826,0.5763629328733831,0.01042195017878861,0.5559359105229574,0.5967899552238088,4.1985589123556936e-05,2.0448809233802633e-05,1.9059230253037755e-06,8.20652552218101e-05,0.00014748151980342045,158.56143581388838
rich6d_rough,60,1e-08,100,0.00011768435106411339,50.85859213391563,0.01944861600122011,50.82047284655324,50.89671142127802,1.5294437804348961,0.009897003113545574,1.5100456543323468,1.5488419065374455,0.018616372758150937,0.0020878909250836115,0.014524106544987057,0.022708638971314817,0.5436594667094059,0.009897003113545574,0.5242613406068566,0.5630575928119552,0.5434652631283523,0.00989590095394022,0.5240692972586295,0.5628612289980751,4.21079710247781e-05,2.3380352940206788e-05,-3.7175207380272076e-06,8.79334627875834e-05,0.000152095610028994,142.03016438674965
rich6d_rough,60,1.274274985703132e-08,100,0.00011768435106411339,49.049140940957,0.02196987695078435,49.006079982133464,49.09220189978054,1.4938140432958198,0.009340122781094183,1.4755074026448751,1.5121206839467645,0.019238071189287286,0.0021214734187257264,0.015079983288584863,0.02339615908998971,0.5080297295703297,0.009340122781094185,0.48972308891938504,0.5263363702212742,0.5078315821280089,0.00933852903932538,0.4895280652109312,0.5261350990450867,4.103893436463998e-05,2.660759732781888e-05,-1.1111956397885017e-05,9.318982512716498e-05,0.00015710850795627208,126.65153146481829
rich6d_rough,60,1.623776739188721e-08,100,0.00011768435106411339,47.01258957342552,0.02439900125434032,46.964767530967016,47.06041161588403,1.4560830579961739,0.00876406316595628,1.4389054941908996,1.4732606218014481,0.019957924525981753,0.0021618103808097684,0.01572077617959461,0.024195072872368897,0.4702987442706832,0.00876406316595628,0.4531211804654089,0.4874763080759575,0.47009760838065545,0.008761804613150074,0.4529244713388813,0.4872707454224296,3.868170495963262e-05,3.0286188314135266e-05,-2.0679224136072498e-05,9.804263405533773e-05,0.00016245418506859698,112.44473552856861
rich6d_rough,60,2.0691380811147902e-08,100,0.00011768435106411339,44.76069809904094,0.02663121538758828,44.70850091688126,44.81289528120061,1.417029147032741,0.00818250877137349,1.400991429840849,1.433066864224633,0.020781607145685,0.002209806623328376,0.016450386163961384,0.025112828127408615,0.43124483330725033,0.00818250877137349,0.4152071161153583,0.44728255049914234,0.43104173504514265,0.008179363062608299,0.4150101834424304,0.4470732866478549,3.503897427645833e-05,3.467408186694073e-05,-3.292222618274551e-05,0.00010300017473566217,0.00016805928783143742,99.40712075409623
rich6d_rough,60,2.6366508987303555e-08,100,0.00011768435106411339,42.31576366271104,0.028571251204552412,42.25976401035012,42.371763315071966,1.3775051712803374,0.007609556946713015,1.3625904396647799,1.392419902895895,0.02171306727351893,0.0022663320203724214,0.017271056513588984,0.026155078033448874,0.3917208575548474,0.007609556946713015,0.3768061259392899,0.40663558917040493,0.3915167749956179,0.00760525135312654,0.37661048234348987,0.4064230676477459,3.0213532010964654e-05,4.013165572480924e-05,-4.844451320966147e-05,0.00010887157723159077,0.00017386902721840992,87.5179592570985
rich6d_rough,60,3.3598182862837814e-08,100,0.00011768435106411339,39.70983452547637,0.030143250036754853,39.65075375540433,39.7689152955484,1.3383631645335625,0.007058134188955616,1.3245292215232096,1.3521971075439154,0.022754313477019353,0.002332160212661001,0.018183279460203792,0.027325347493834914,0.3525788508080723,0.007058134188955616,0.33874490779771926,0.3664127938184253,0.35237457524493865,0.007052347100519022,0.3385519749279214,0.3661971755619559,2.4393160801267848e-05,4.709846647803302e-05,-6.791983349567688e-05,0.00011670615509821257,0.00017988240233236114,76.74197214556904
rich6d_rough,60,4.281332398719396e-08,100,0.00011768435106411339,36.982908749651486,0.03129686569271244,36.92156689289377,37.0442506064092,1.3003862729021511,0.0065383401700441855,1.2875711261688645,1.3132014196354378,0.02390520139351985,0.002407898833218648,0.0191857196804113,0.0286246831066284,0.314601959176661,0.006538340170044184,0.3017868124433744,0.3274171059099476,0.31439793460824556,0.006530701017147667,0.3015977606146361,0.327198108601855,1.7828143590402375e-05,5.6057282442338325e-05,-9.204412999658074e-05,0.00012770041717738548,0.00018619642482528218,67.03240026522778
rich6d_rough,60,5.4555947811685146e-08,100,0.00011768435106411339,34.18038867735304,0.03200872273734591,34.117651580787836,34.24312577391824,1.2642384011016516,0.00605619991774269,1.252368249262876,1.2761085529404272,0.02516314639325504,0.002493920386581342,0.02027506243555561,0.030051230350954472,0.27845408737616173,0.006056199917742688,0.2665839355373861,0.2903242392149374,0.27825021370441816,0.006046281784167532,0.2663995014074498,0.29010092600138654,1.0812167850656831e-05,6.750453199931168e-05,-0.00012149671486799407,0.00014312105056930773,0.0001930615038929582,58.333636446912216
rich6d_rough,60,6.951927961775605e-08,100,0.00011768435106411339,31.350164294253965,0.03227985822861535,31.286895772125877,31.413432816382052,1.230435703046544,0.0056133663221007,1.2194335050552267,1.2414379010378613,0.02652269022046937,0.002590298893819865,0.021445704388582433,0.03159967605235631,0.24465138932105376,0.0056133663221007,0.23364919132973638,0.25565358731237114,0.24444676074398342,0.005600666608843037,0.23346945419065107,0.25542406729731576,3.6743628818241637e-06,8.193817381863913e-05,-0.00015692445780270855,0.00016427318356635685,0.0002009542141885902,50.58358636174
rich6d_rough,60,8.858667904100815e-08,100,0.00011768435106411339,28.539703261123595,0.032130845870277654,28.47672680321785,28.60267971902934,1.1993384490511056,0.005208039320132258,1.1891306919836464,1.209546206118565,0.027974884161744745,0.0026967469174814145,0.022689260203481172,0.03326050812000832,0.21355413532561543,0.0052080393201322595,0.2033463782581562,0.22376189239307465,0.21334667393566764,0.005191946913038975,0.20317045798611125,0.22352288988522404,-3.216885027940748e-06,9.985687953429492e-05,-0.0001989363689151588,0.0001925025988592773,0.00021067827497577886,43.715904472213474
rich6d_rough,60,1.1288378916846883e-07,100,0.00011768435106411339,25.793454688127866,0.0315965646539396,25.731525421406143,25.85538395484959,1.171158551959992,0.004836826804675275,1.1616783714228285,1.1806387324971557,0.029506523640835534,0.0028125450528151664,0.023993935337317807,0.03501911194435326,0.18537423823450222,0.004836826804675275,0.17589405769733868,0.19485441877166576,0.18516017535839335,0.0048165777599830616,0.17571968294882656,0.19460066776796014,-9.445676036794441e-06,0.00012175432138700677,-0.0002480841459553277,0.00022919279388173883,0.00022350855214576908,37.66208920801571
rich6d_rough,60,1.438449888287663e-07,100,0.00011768435106411339,23.15076787322599,0.030721980101601327,23.090552792226852,23.21098295422513,1.1459772462150777,0.0044967920602356996,1.1371635337770156,1.1547909586531397,0.031099344146340382,0.0029364743036367955,0.025343854511212262,0.036854833781468505,0.16019293248958738,0.0044967920602357,0.1513792200515254,0.16900664492764936,0.15996608666181858,0.004471418974459746,0.15120210547187748,0.16873006785175967,-1.4548988107567168e-05,0.000148093289553327,-0.00030481183563208804,0.00027571385941695375,0.00024139481587642786,32.353278733271864
rich6d_rough,60,1.8329807108324338e-07,100,0.00011768435106411339,20.644423662005025,0.02955921852149177,20.586487593702902,20.702359730307148,1.1237681553545409,0.0041868301606155685,1.1155619682397344,1.1319743424693474,0.032729294966402235,0.0030667889037219844,0.026718388715107146,0.03874020121769733,0.13798384162905122,0.0041868301606155685,0.12977765451424472,0.14619002874385773,0.137734642513493,0.004155114591825769,0.12959061791351448,0.1458786671134715,-1.8040393967181442e-05,0.00017924969144754893,-0.00036936978920437734,0.00033328900127001443,0.0002672395095254035,27.721599842943153
rich6d_rough,60,2.3357214690901212e-07,100,0.00011768435106411339,18.299795403911354,0.02816526922684052,18.244591476226745,18.354999331595963,1.1044221031158719,0.003907836410862833,1.0967627437505807,1.112081462481163,0.034365917783876584,0.0032012700198270605,0.028091428545015545,0.04064040702273762,0.11863778939038175,0.003907836410862835,0.11097843002509059,0.1262971487556729,0.11835200493569704,0.003868281759642332,0.11077017268679808,0.12593383718459603,-1.946852985154225e-05,0.00021542118947803215,-0.00044169406122848524,0.0004027570015254008,0.00030525298453631423,23.701074316732157
rich6d_rough,60,2.976351441631313e-07,100,0.00011768435106411339,16.13460009257139,0.026599400164663882,16.082465268248647,16.18673491689413,1.0877708294971336,0.003661673053869824,1.0805939503115487,1.0949477086827184,0.0359717634039563,0.0033373639910327345,0.029430529981532144,0.04251299682638046,0.10198651577164329,0.003661673053869824,0.09480963658605844,0.10916339495722814,0.10164366443680653,0.0036125270837179834,0.09456311135271928,0.10872421752089378,-1.851354579230673e-05,0.00025649994974854173,-0.0005212534472994485,0.00048422635571483506,0.00036136488062914196,20.228240952404445
rich6d_rough,60,3.792690190732246e-07,100,0.00011768435106411339,14.159159072141955,0.02491991434881647,14.110316040018276,14.208002104265635,1.0736073334448353,0.0034494596468086836,1.0668463925370903,1.0803682743525802,0.03750184410837326,0.0034723612605868795,0.030696016037622977,0.04430767217912354,0.08782301971934522,0.0034494596468086836,0.0810620788116002,0.09458396062709025,0.08739450551303188,0.0033888242434958,0.08075240999578011,0.09403660103028365,-1.5111502870809868e-05,0.0003019173027500039,-0.0006068694162608175,0.0005766464105191978,0.00044362570918424216,17.24267939128246
rich6d_rough,60,4.832930238571752e-07,100,0.00011768435106411339,12.377055321765567,0.023180743071342248,12.331621065345736,12.422489578185399,1.061701408791287,0.0032700087117586165,1.0552921917162401,1.068110625866334,0.03890342015475215,0.003603558041117917,0.03184044639416103,0.04596639391534327,0.07591709506579666,0.003270008711758616,0.06950787799074978,0.08232631214084354,0.07536420689055663,0.003196067216509798,0.06909991514619743,0.08162849863491584,-9.5787604806441e-06,0.00035048333753421256,-0.0006965261020477006,0.0006773685810864125,0.0005624669357207537,14.68751883435202
rich6d_rough,60,6.158482110660254e-07,100,0.00011768435106411339,10.786054745456168,0.021428855872703857,10.744054187945668,10.828055302966668,1.051810333277291,0.0031191467782898693,1.045696805591843,1.057923860962739,0.040116838742947,0.003728367922550928,0.03280923761474718,0.04742443987114681,0.06602601955180125,0.0031191467782898693,0.059912491866353106,0.0721395472372494,0.06529809506370618,0.0030305082042985944,0.05935829898328093,0.07123789114413143,-2.6889293296401568e-06,0.00040026660021905125,-0.0007872114657589807,0.0007818336070997003,0.000730613417424782,12.509885919480524
rich6d_rough,60,7.847599703514607e-07,100,0.00011768435106411339,9.37916122505535,0.01970317359910782,9.340543004801098,9.417779445309602,1.0436861299926166,0.0029901910945288016,1.03782535544734,1.0495469045378931,0.041078371224205414,0.0038443803232580164,0.033543385790619704,0.048613356657791124,0.05790181626712597,0.002990191094528802,0.05204104172184952,0.06376259081240242,0.05693506285979584,0.002886300798178203,0.05127791329536656,0.06259221242422512,4.357381437170736e-06,0.0004485817961292038,-0.0008748629389760686,0.0008835777018504101,0.0009623960258929986,10.661196957648686
rich6d_rough,60,1e-06,100,0.00011768435106411339,8.14570097520716,0.01803489093971253,8.110352588965323,8.181049361448995,1.03708146120757,0.0028752623312557645,1.0314459470383088,1.0427169753768313,0.04172566248633529,0.003949375250517475,0.03398488699532104,0.04946643797734954,0.0512971474820798,0.0028752623312557645,0.0456616333128185,0.0569326616513411,0.05001476906762143,0.002756776055057672,0.04461148799970839,0.05541805013553447,1.0120269606151934e-05,0.0004921619819177073,-0.0009545172149525543,0.0009747577541648582,0.001272258144852257,9.097247592051238
rich6d_rough,60,1.2742749857031322e-06,100,0.00011768435106411339,7.072368550537851,0.01644856459463458,7.040129363932367,7.1046077371433345,1.0317556298202317,0.002766801896792619,1.0263326981025183,1.0371785615379452,0.04200540516663606,0.004041314040468018,0.03408442964731875,0.04992638068595338,0.04597131609474154,0.0027668018967926195,0.040548384377028006,0.05139424781245507,0.04428559437810776,0.002635784689450889,0.03911945638678402,0.0494517323694315,1.3270012570596214e-05,0.0005275662494029868,-0.001020759836259258,0.0010472998614004503,0.0016724517040632254,7.778134019839804
rich6d_rough,60,1.6237767391887209e-06,100,0.00011768435106411339,6.144196572634342,0.014963394599266665,6.114868319219779,6.173524826048904,1.0274809045452418,0.0026587754248020836,1.0222697047126297,1.0326921043778539,0.04188161293688832,0.004118338781642071,0.03380966892486986,0.04995355694890678,0.041696590819751495,0.002658775424802084,0.03648539098713941,0.04690779065236358,0.03951329035391911,0.002518594506190415,0.034576845121785896,0.04444973558605232,1.3021439916313746e-05,0.000551801259385061,-0.0010685090284784059,0.0010945519083110332,0.0021702790259161223,6.66808368745221
rich6d_rough,60,2.06913808111479e-06,100,0.00011768435106411339,5.345424803209408,0.013594454529395932,5.318779672331792,5.3720699340870235,1.0240484703906219,0.0025473602904288973,1.0190556442213812,1.0290412965598625,0.041342172990535164,0.004178803313445292,0.03315171849618239,0.04953262748488794,0.038264156665131326,0.002547360290428898,0.033271330495890684,0.04325698283437197,0.035489034745752664,0.002402216320567032,0.030780690757441283,0.040197378734064045,9.49345299710992e-06,0.0005630266278403294,-0.0010940387375699358,0.0011130256435641554,0.002765628466381575,5.735260839780249
rich6d_rough,60,2.6366508987303555e-06,100,0.00011768435106411339,4.660247118728382,0.012353575212421194,4.6360341113120365,4.684460126144727,1.021273259304504,0.0024311363338334205,1.0165082320901904,1.0260382865188176,0.04040169358290921,0.004221326385397698,0.03212789386752972,0.0486754932982887,0.03548894557901376,0.0024311363338334205,0.03072391836470026,0.040253972793327264,0.032035410014474276,0.002285315926318538,0.02755619079888994,0.03651462923005861,3.8110656148755867e-06,0.0005611148269577262,-0.0010959739952222677,0.0011035961264520189,0.003449724498924671,4.951573132423569
rich6d_rough,60,3.359818286283781e-06,100,0.00011768435106411339,4.073418609769492,0.011249160431045204,4.051370255324644,4.09546696421434,1.0189973578759046,0.0023108337167988754,1.0144681237909787,1.0235265919608305,0.0390998398522022,0.004244849710058531,0.03077993442048748,0.047419745283916924,0.03321304415041468,0.0023108337167988754,0.028683810065488882,0.03774227823534047,0.02900944926902704,0.0021679102989657045,0.02476034508305426,0.03325855345499982,-2.148236258669349e-06,0.0005478081468024143,-0.0010758522039914012,0.0010715557314740626,0.00420574311764634,4.2924763781268584
rich6d_rough,60,4.281332398719387e-06,100,0.00011768435106411339,3.570714368292437,0.010284258511033678,3.550557221610811,3.5908715149740633,1.017091890788023,0.002188655153559709,1.0128021266870462,1.021381654889,0.03749578950475256,0.004248718869943497,0.029168300519663307,0.045823278489841815,0.03130757706253234,0.0021886551535597104,0.027017812961555303,0.03559734116350937,0.026302616256021212,0.0020509284720993644,0.02228279645070646,0.030322436061335965,-6.293958079773374e-06,0.0005263038518653052,-0.0010378495077357716,0.0010252615915762248,0.005011254764590941,3.736767441436591
rich6d_rough,60,5.455594781168514e-06,100,0.00011768435106411339,3.1392422743738058,0.009453475734241252,3.120713461934693,3.1577710868129185,1.015457017180441,0.0020672346690021356,1.0114052372291966,1.0195087971316852,0.0356605644587743,0.004232828887430861,0.027364219839409815,0.04395690907813879,0.02967270345495081,0.0020672346690021365,0.025620923503706622,0.033724483406195,0.023837934533021316,0.0019356224985637043,0.020044114435836455,0.027631754630206177,-6.92676159381548e-06,0.0005003086265355216,-0.0009875316696034378,0.0009736781464158068,0.005841695683523362,3.2663591401325967
rich6d_rough,60,6.951927961775606e-06,100,0.00011768435106411339,2.7676184042567997,0.008741187545150532,2.750485676668305,2.7847511318452947,1.0140194514661856,0.001948464528276073,1.0102004609907644,1.0178384419416067,0.03366933061162394,0.004197825589346661,0.025441592456504486,0.0418970687667434,0.02823513774069532,0.0019484645282760726,0.02441614726527422,0.032054128216116425,0.02156460095586764,0.001822859693874642,0.017991795955873344,0.02513740595586194,-3.155460158361825e-06,0.0004728865745864816,-0.0009300131463478657,0.000923702226031142,0.006673692244986066,2.8660320535011623
rich6d_rough,60,8.858667904100815e-06,100,0.00011768435106411339,2.4460159325507296,0.00812396732224833,2.4300929565991227,2.4619389085023364,1.012727348999188,0.0018326013173033077,1.0091354504172734,1.0163192475811025,0.03159513045640394,0.004145257344886509,0.023470426060426382,0.0397198348523815,0.026943035273698523,0.0018326013173033072,0.02335113669178404,0.030534933855613004,0.019450728873477055,0.0017124813311391058,0.016094265464444407,0.022807192282509704,5.0157808023463746e-06,0.00044563913095480197,-0.0008684369158690654,0.0008784684774737582,0.0074872906194191746,2.523154989318927
rich6d_rough,60,1.1288378916846883e-05,100,0.00011768435106411339,2.1661026726986417,0.007577805462677692,2.1512501739917935,2.18095517140549,1.0115434880565732,0.0017180541433668543,1.0081761019355742,1.0149108741775723,0.029504394093080397,0.004077556230034799,0.02151238388221219,0.0374964043039486,0.025759174331082844,0.0017180541433668543,0.02239178821008381,0.029126560452081878,0.017475482207209295,0.0016030182313879714,0.014333566473688872,0.02061739794072972,1.6900069914658448e-05,0.00041866285670066043,-0.000803679129218636,0.0008374792690479528,0.008266792053958943,2.2273673240478233
rich6d_rough,60,1.43844988828766e-05,100,0.00011768435106411339,1.9208931312433213,0.007086988372191762,1.9070026340338255,1.934783628452817,1.0104387237129462,0.0016019715411169258,1.007298859492357,1.0135785879335353,0.027453854361490046,0.003997850754022332,0.019618066883606275,0.03528964183937382,0.02465440998745586,0.0016019715411169262,0.021514545766866684,0.027794274208045033,0.015622392997216367,0.0014919642888432977,0.012698142991083504,0.018546643003349232,3.148019243573614e-05,0.0003912561742686638,-0.0007353819091308449,0.0007983422940023172,0.009000536797803783,1.9702293754162432
rich6d_rough,60,1.8329807108324338e-05,100,0.00011768435106411339,1.7045549819445833,0.006649623278046246,1.6915217203196127,1.717588243569554,1.0093878463141484,0.001481343796873274,1.0064844124722767,1.01229128015602,0.025488587793450188,0.00390972408979742,0.017825528577447243,0.03315164700945313,0.02360353258865868,0.0014813437968732737,0.020700098746787063,0.0265069664305303,0.013875546628160698,0.00137654508909049,0.011177518253543337,0.01657357500277806,4.771522215154253e-05,0.00036285709014861173,-0.0006634846745397365,0.0007589151188428215,0.009680270738346493,1.744867486335052
rich6d_rough,60,2.3357214690901213e-05,100,0.00011768435106411339,1.512217779457765,0.0062760694228561715,1.4999166833889668,1.524518875526563,1.0083689814300967,0.0013541236355605131,1.005714899104398,1.0110230637557953,0.023641328575515423,0.003816983825430486,0.01616004027767167,0.031122616873359175,0.022584667704606452,0.0013541236355605131,0.019930585378907847,0.025238750030305058,0.012219373991724543,0.00125467314487086,0.009760214627777658,0.014678533355671429,6.468701306862748e-05,0.00033364659464479033,-0.0005892603124351616,0.0007186343385724165,0.010300606699813331,1.5456557019736028
rich6d_rough,60,2.976351441631313e-05,100,0.00011768435106411339,1.3398251265669088,0.005979871135770804,1.328104579140798,1.3515456739930196,1.0073660367878001,0.0012199650160483616,1.0049749053563453,1.009757168219255,0.02193326778053903,0.0037234096454786527,0.01463538487540087,0.029231150685677186,0.021581723062309904,0.0012199650160483614,0.019190591630855118,0.02397285449376469,0.010641387420097275,0.001125728107251013,0.00843496032988529,0.012847814510309261,8.158270457003451e-05,0.0003045941817910372,-0.0005154218917403983,0.0006785873008804674,0.010858752937642652,1.367973777896663
rich6d_rough,60,3.792690190732246e-05,100,0.00011768435106411339,1.184049751025887,0.005764933742959221,1.172750480889687,1.195349021162087,1.006372330461698,0.0010804371026248494,1.0042546737405533,1.0084899871828428,0.02037610834480494,0.003632455200866027,0.013256496151107525,0.02749572053850235,0.020588016736207467,0.00108043710262485,0.01847036001506276,0.022705673457352173,0.009136034377509017,0.0009909298843302045,0.0071938118042218155,0.011078256950796218,9.759419982824617e-05,0.00027706249457601416,-0.0004454482895407415,0.0006406366891972339,0.011354388158870259,1.2080597277896303
rich6d_rough,60,4.8329302385717524e-05,100,0.00011768435106411339,1.042262165157043,0.005616098574627764,1.0312546119507726,1.0532697183633133,1.0053930896935568,0.0009387756087015904,1.0035530895005016,1.007233089886612,0.018974602219866882,0.0035469549578523115,0.012022570502476352,0.02592663393725741,0.01960877596806666,0.0009387756087015905,0.01776877577501154,0.02144877616112178,0.007707471932276394,0.0008532496230087219,0.006035102671179298,0.009379841193373489,0.00011183962019757477,0.0002522312688373455,-0.0003825336667236224,0.000606212907118772,0.011789464415592747,1.0629435064759833
rich6d_rough,60,6.158482110660255e-05,100,0.00011768435106411339,0.9125199660770162,0.005499461643563797,0.9017410212556312,0.9232989108984013,1.0044451062770907,0.0007993126520732842,1.0028784534790272,1.0060117590751543,0.01772868393203887,0.003468917892098545,0.010929604863525724,0.024527763000552018,0.0186607925516002,0.0007993126520732845,0.01709413975353656,0.020227445349663836,0.006369613772451175,0.0007169287719952548,0.0049644333793404756,0.007774794165561874,0.00012337936758015646,0.00023061108679414393,-0.00032861836253636565,0.0005753770976966785,0.012167799411568913,0.9304212601394518
rich6d_rough,60,7.847599703514606e-05,100,0.00011768435106411339,0.7935363079478667,0.005372361090911918,0.7830064802096793,0.804066135686054,1.0035531166379752,0.0006667321655947143,1.0022463215934097,1.0048599116825407,0.01663475830340354,0.0033994663826032515,0.009971804193501169,0.023297712413305915,0.017768802912484793,0.0006667321655947141,0.016462007867919154,0.01907559795705043,0.005142996418659126,0.0005867430498843001,0.003992980040885898,0.006293012796432354,0.00013133843912242646,0.0002118684949448326,-0.00028392381096944546,0.0005466006892142984,0.012494468054703289,0.8090188349682454
rich6d_rough,60,0.0001,100,0.00011768435106411339,0.6845959497921507,0.005196653528524617,0.6744105088762424,0.6947813907080589,1.0027438680900358,0.0005452962526668089,1.0016750874348088,1.0038126487452628,0.015686293123039007,0.0033389279431311437,0.009141994354501965,0.02223059189157605,0.016959554364545215,0.0005452962526668086,0.01589077370931827,0.01802833501977216,0.0040493496447254465,0.0004671844412265428,0.0031336681399214226,0.00496503114952947,0.00013508805727275067,0.00019504257236329425,-0.000247195384559306,0.0005173714991048074,0.012775116662547076,0.6979034808267797
rich6d_rough,60,0.0001274274985703132,100,0.00011768435106411339,0.5854110210863344,0.0049485869477209786,0.5757117906688013,0.5951102515038674,1.0020397664748604,0.0004381915507754381,1.0011809110353405,1.0028986219143803,0.014874160609679117,0.0032870317107055757,0.00843157845669619,0.021316742762662044,0.016255452749369702,0.00043819155077543805,0.015396597309849843,0.017114308188889562,0.0031056888540770765,0.00036174651146390153,0.0023966656916078297,0.0038147120165463234,0.00013440772507813524,0.0001790099300242812,-0.00021645173776945592,0.0004852671879257264,0.013015356170214541,0.5967296754683038
rich6d_rough,60,0.00016237767391887175,100,0.00011768435106411339,0.4959356542229185,0.004622443788288462,0.4868756643978731,0.5049956440479639,1.0014540989186433,0.000347127865444035,1.000773728302373,1.0021344695349137,0.01418708476852262,0.0032431325081236683,0.007830545052600231,0.02054362448444501,0.015669785193152798,0.00034712786544403493,0.01498941457688249,0.016350155809423107,0.0023198795559131115,0.00027246960767979,0.0017858391248607231,0.0028539199869654997,0.0001295561015689682,0.00016292292819874884,-0.00018977283770057953,0.00044888504083851594,0.01322034953567077,0.5054370769985984
rich6d_rough,60,0.00020691380811147902,100,0.00011768435106411339,0.4161768472472422,0.004228594506960213,0.40788880201360017,0.4244648924808842,1.0009890866571034,0.00027226326939302527,1.000455450649093,1.0015227226651138,0.0136122989511914,0.0032063996071995124,0.007327755721080356,0.019896842181302443,0.01520477293161298,0.0002722632693930253,0.01467113692360265,0.01573840893962331,0.0016889237820966153,0.000199825334551976,0.0012972661263747423,0.0020805814378184882,0.00012122063384327071,0.00014642493861413016,-0.0001657722458404244,0.0004082135135269658,0.013394628515673133,0.4240414271789661
rich6d_rough,60,0.00026366508987303556,100,0.00011768435106411339,0.34604081771845346,0.0037881570342362925,0.3386160299313503,0.3534656055055566,1.0006368559400836,0.00021244060990425768,1.0002204723446713,1.0010532395354959,0.013136322977917149,0.0031759454168815925,0.006911469960829228,0.01936117599500507,0.01485254221459297,0.00021244060990425768,0.014436158619180624,0.015268925810005315,0.0012000753186968884,0.0001429167288498961,0.0009199585301510921,0.0014801921072426848,0.00011036853234834993,0.00012962563815393984,-0.00014369771843337218,0.00036443478313007204,0.013542098363547788,0.35246301543677444
rich6d_rough,60,0.0003359818286283774,100,0.00011768435106411339,0.28524061904285136,0.00332666384749451,0.27872035790176214,0.2917608801839406,1.000382416459243,0.00016563435123974604,1.0000577731308131,1.0007070597876728,0.012745710753477406,0.003150900433256032,0.0065699459042955835,0.018921475602659228,0.014598102733752923,0.000165634351239746,0.01427345940532302,0.014922746062182825,0.0008338986200882669,9.988480619038543e-05,0.0006381243999551115,0.0010296728402214223,9.805700444736217e-05,0.00011293483850614722,-0.00012329527902468638,0.00031940928791941074,0.013666147109217345,0.29042249625870764
rich6d_rough,60,0.00042813323987193956,100,0.00011768435106411339,0.23327009906453772,0.002868610136532334,0.22764762319693435,0.23889257493214108,1.0002073247498329,0.00012945881847545255,0.999953585465621,1.0004610640340448,0.012427656684808799,0.0031304523249185397,0.006291970127968461,0.018563343241649134,0.014423011024342102,0.00012945881847545255,0.014169271740130215,0.01467675030855399,0.0005679701205608562,6.837808742124018e-05,0.00043394906921522544,0.000701991171906487,8.526379004446006e-05,9.68672675857435e-05,-0.0001045960544235972,0.00027512363451251735,0.013769777113736854,0.2374101245064357
rich6d_rough,60,0.0005455594781168515,100,0.00011768435106411339,0.1894313145293531,0.002433885432725952,0.18466089908121025,0.19420172997749596,1.0000929090778865,0.00010159656758808688,0.9998937798054138,1.000292038350359,0.012170414066583148,0.00311386473716258,0.006067239181744491,0.018273588951421803,0.014308595352396139,0.00010159656758808688,0.014109466079923489,0.014507724624868788,0.00038011260924100297,4.596378385248699e-05,0.00029002359289012847,0.00047020162559187746,7.27763208192532e-05,8.18903538981461e-05,-8.772877282111317e-05,0.00023328141445961957,0.013855706422335934,0.19271388635984585
rich6d_rough,60,0.0006951927961775591,100,0.00011768435106411339,0.1528933970228655,0.0020362336419926883,0.14890237908455983,0.15688441496117117,1.0000224591238893,8.006269664077962e-05,0.9998655362384734,1.0001793820093052,0.011963530018329265,0.003100485127292705,0.005886579168835563,0.018040480867822967,0.01423814539839893,8.00626966407796e-05,0.014081222512983002,0.01439506828381486,0.00025057452917789263,3.0414140245924168e-05,0.00019096281429588125,0.000310186244059904,6.114767272677712e-05,6.833982616506808e-05,-7.279838655675631e-05,0.00019509373201031055,0.013926423196494312,0.15548185001092912
rich6d_rough,60,0.0008858667904100832,100,0.00011768435106411339,0.1227610088512365,0.0016833111696247694,0.11946171895877196,0.12606029874370106,0.9999823031781061,6.329807545421397e-05,0.9998582389502159,1.0001063674059965,0.011797929406072048,0.0030897461521741357,0.005742026947810742,0.017853831864333355,0.0141979894526155,6.329807545421397e-05,0.014073925224725241,0.014322053680505759,0.00016308240079406343,1.985753458683652e-05,0.00012416163300386386,0.000202003168584263,5.070555464029111e-05,5.63958611365402e-05,-5.9830333187327685e-05,0.0001612414424679099,0.013984201497181187,0.12479459016592293
rich6d_rough,60,0.0011288378916846883,100,0.00011768435106411339,0.098136478621098,0.0013776982846437043,0.09543618998319635,0.10083676725899966,0.9999620148043381,5.014196374794181e-05,0.9998637365553922,1.000060293053284,0.01166588922349609,0.0030811627742478084,0.005626810185970386,0.017704968261021796,0.014177701078847905,5.014196374794181e-05,0.014079422829901938,0.014275979327793871,0.00010501256956167144,1.2820626550148304e-05,7.988414152338077e-05,0.0001301409975999621,4.15921863342538e-05,4.609895564779849e-05,-4.8761766735431245e-05,0.00013194613940393883,0.014031096322952021,0.09973048525659375
rich6d_rough,60,0.00143844988828766,100,0.00011768435106411339,0.07816725490908602,0.0011182777818290034,0.07597543045670117,0.08035907936147087,0.9999540901461406,3.975003610965821e-05,0.9998761800753656,1.0000320002169154,0.011560942790500316,0.0030743264333448926,0.005535262981144326,0.017586622599856307,0.01416977642065045,3.97500361096582e-05,0.01409186634987552,0.01424768649142538,6.702724375376955e-05,8.201005993543977e-06,5.095327200642335e-05,8.310121550111575e-05,3.381497890163554e-05,3.738436735923693e-05,-3.945838112246884e-05,0.0001070883389257399,0.01406893419799509,0.07941513756692442
rich6d_rough,60,0.0018329807108324375,100,0.00011768435106411339,0.06207658175885979,0.0009015805750360714,0.06030948383178909,0.0638436796859305,0.9999533930320104,3.150664643143754e-05,0.9998916400050047,1.0000151460590159,0.011477745879656191,0.0030688973946019333,0.005462706986236402,0.01749278477307598,0.014169079306520534,3.150664643143754e-05,0.014107326279514916,0.014230832333526152,4.247541323132629e-05,5.20627973181005e-06,3.227110495697859e-05,5.267972150567399e-05,2.729462531867865e-05,3.0119831590317882e-05,-3.174024459834439e-05,8.63294952357017e-05,0.014099309267970584,0.06305296124762638
rich6d_rough,60,0.002335721469090121,100,0.00011768435106411339,0.04917919925447069,0.0007228922131303154,0.04776233051673527,0.050596067992206104,0.999956566718923,2.4954196472863026e-05,0.9999076564938362,1.0000054769440099,0.011411928294612832,0.003064596234324879,0.00540531967533607,0.017418536913889594,0.01417225299343269,2.495419647286302e-05,0.014123342768345879,0.014221163218519501,2.676038811530037e-05,3.284805498686974e-06,2.0322169337873903e-05,3.319860689272684e-05,2.1904043090922214e-05,2.41381181400981e-05,-2.5406668463670058e-05,6.921475464551449e-05,0.014123588562226513,0.04994306993740415
rich6d_rough,60,0.002976351441631313,100,0.00011768435106411339,0.03888558481026713,0.0005770587489132525,0.037754549662397156,0.04001661995813711,0.9999615167812891,1.974385854640005e-05,0.9999228188185382,1.00000021474404,0.011359946535466623,0.0030611952290357926,0.00536000388655647,0.017359889184376778,0.014177203055798506,1.9743858546400054e-05,0.014138505093047562,0.01421590101854945,1.6780661572700846e-05,2.0622034775722844e-06,1.2738742756659169e-05,2.0822580388742523e-05,1.7496518804545944e-05,1.92612944338728e-05,-2.0255618285844745e-05,5.524865589493663e-05,0.014142925875421306,0.0394832956291453
rich6d_rough,60,0.003792690190732238,100,0.00011768435106411339,0.03069847685587335,0.0004590138625390425,0.029798809685296825,0.03159814402644987,0.999967002788747,1.5603593908558722e-05,0.9999364197446862,0.9999975858328077,0.011318946857400092,0.0030585101847302528,0.005324266895328797,0.017313626819471385,0.014182689063256745,1.5603593908558722e-05,0.01415210601919597,0.01421327210731752,1.0483188889606377e-05,1.2894975686650803e-06,7.95577365502282e-06,1.3010604124189934e-05,1.3924117537220493e-05,1.5316737529294815e-05,-1.6096688020197343e-05,4.394492309463833e-05,0.014158281756829972,0.031166309609607618
rich6d_rough,60,0.004832930238571752,100,0.00011768435106411339,0.02420487597159168,0.0003640845348402364,0.023491270283304815,0.024918481659878543,0.9999723383562987,1.2317796378178003e-05,0.9999481954753975,0.9999964812372,0.011286643420951625,0.0030563930288925022,0.005296113084322321,0.01727717375758093,0.014188024630808508,1.2317796378178e-05,0.01416388174990728,0.014212167511709737,6.529439486352428e-06,8.03758952003195e-07,4.954071940426166e-06,8.10480703227869e-06,1.1048483232597397e-05,1.2146385897997255e-05,-1.2758433127477222e-05,3.485539959267201e-05,0.014170446708089623,0.024571179211298776
rich6d_rough,60,0.006158482110660254,100,0.00011768435106411339,0.01906591107429857,0.0002881384237039518,0.01850115976383882,0.019630662384758316,0.9999771822790404,9.714011626214452e-06,0.9999581428162531,0.9999962217418278,0.0112612131466091,0.003054725315981268,0.0052739515272858155,0.017248474765932387,0.014192868553550644,9.714011626214449e-06,0.014173829090763264,0.014211908016338023,4.057173912901735e-06,4.997239567401679e-07,3.0777149576910062e-06,5.036632868112464e-06,8.74625138205964e-06,9.61108583264991e-06,-1.0091476849934185e-05,2.7583979614053463e-05,0.014180065128255738,0.019352818970792038
rich6d_rough,60,0.00784759970351459,100,0.00011768435106411339,0.01500617803489099,0.00022762766350974793,0.014560027814411883,0.015452328255370096,0.9999813991728804,7.653781429593165e-06,0.9999663977612784,0.9999964005844825,0.011241206990910533,0.0030534126758335438,0.005256518146276787,0.017225895835544278,0.01419708544739018,7.653781429593165e-06,0.014182084035788177,0.014212086858992183,2.5162342490249623e-06,3.100709461265859e-07,1.908495194616854e-06,3.1239733034330705e-06,6.91094932864027e-06,7.591707883091213e-06,-7.968798122218508e-06,2.1790696779499048e-05,0.014187658263812566,0.015230972260004198
rich6d_rough,60,0.01,100,0.00011768435106411339,0.01180352728555338,0.00017957077910993517,0.011451568558497908,0.012155486012608853,0.9999849698574753,6.025913031040979e-06,0.9999731590679345,0.9999967806470161,0.011225476318099998,0.0030523801584916993,0.0052428112074562674,0.017208141428743728,0.014200656131985871,6.025913031040979e-06,0.014188845342445031,0.01421246692152671,1.5582231400857789e-06,1.9208816884344697e-07,1.181730329152623e-06,1.934715951018935e-06,5.452790925864272e-06,5.988334646669691e-06,-6.284344981608322e-06,1.7189926833336866e-05,0.014193645117919967,0.01197970565492254
rich6d_rough,90,1e-12,100,0.00011768435106411339,89.9962343305155,8.171612094115158e-06,89.9962183141558,89.99625034687521,1.9306281318544092,0.01264753974888797,1.9058389539465888,1.9554173097622296,0.013538702773341434,0.001813115111962841,0.009984997153894266,0.017092408392788604,0.9448438181289184,0.01264753974888797,0.920054640221098,0.9696329960367388,0.944726073381508,0.01264753966218531,0.9199368956436248,0.9695152511193913,6.034258746473783e-08,7.54776898937801e-09,4.5548960245556936e-08,7.513621468391873e-08,0.00011768440482345585,511.55579899539526
rich6d_rough,90,1.2742749857031321e-12,100,0.00011768435106411339,89.99520160728365,1.0412419932384287e-05,89.99518119894059,89.99522201562671,1.9306015531616918,0.012647135257399572,1.9058131680571886,1.955389938266195,0.013538898005753603,0.0018131233905593457,0.009985176160257285,0.01709261985124992,0.9448172394362018,0.012647135257399572,0.9200288543316986,0.969605624540705,0.9446994781766821,0.012647135146507667,0.919911093289527,0.9694878630638372,7.682127255312769e-08,9.61650104682063e-09,5.797293050135925e-08,9.566961460489612e-08,0.00011768443824707389,511.4342511796711
rich6d_rough,90,1.6237767391887243e-12,100,0.00011768435106411339,89.99388569983172,1.3267537853482367e-05,89.99385969545753,89.99391170420591,1.930567687457747,0.012646619889701855,1.9057803124739314,1.9553550624415628,0.013539146776048627,0.0018131339394051632,0.009985404254814506,0.017092889297282747,0.9447833737322573,0.012646619889701857,0.9199959987484416,0.969570748716073,0.944665591464723,0.012646619747732044,0.9198782167591681,0.9694529661702778,9.777513115186955e-08,1.2251744069091074e-08,7.376171277645105e-08,1.2178854952728805e-07,0.0001176844924022126,511.27954317913793
rich6d_rough,90,2.06913808111479e-12,100,0.00011768435106411339,89.99220897892505,1.6905276519713355e-05,89.99217584458307,89.99224211326703,1.9305245378805713,0.01264596327617028,1.9057384498592775,1.955310625901865,0.013539463762414416,0.0018131473809464467,0.00998569489575938,0.017093232629069453,0.9447402241550804,0.01264596327617028,0.9199541361337866,0.9695263121763742,0.9446224151708915,0.012645963094187657,0.9198363275062837,0.9694085028354993,1.2440409318886085e-07,1.5608325423767785e-08,9.381177535827598e-08,1.549964110194457e-07,0.00011768458009623131,511.0826898713984
rich6d_rough,90,2.6366508987303555e-12,100,0.00011768435106411339,89.99007254920451,2.1539998288865938e-05,89.99003033080787,89.99011476760116,1.9304695609900508,0.012645126743060143,1.905685112573653,1.9552540094064488,0.013539867665213326,0.001813164508209961,0.009986065229121802,0.017093670101304848,0.9446852472645597,0.012645126743060144,0.9199007988481618,0.9694696956809576,0.9445674043222319,0.012645126509424873,0.9197829563637591,0.9693518522807046,1.582203333275046e-07,1.9883196388048193e-08,1.1924926840693014e-07,1.9719139824807903e-07,0.00011768472199382395,510.832309506444
rich6d_rough,90,3.359818286283788e-12,100,0.00011768435106411339,89.9873504323955,2.7444678449848978e-05,89.98729664082575,89.98740422396526,1.9303995175479245,0.012644061050827674,1.9056171578883023,1.9551818772075467,0.013540382307858836,0.0018131863315005922,0.009986537098117676,0.017094227517599998,0.9446152038224338,0.012644061050827674,0.9198328441628115,0.9693975634820561,0.9444973177473621,0.012644060750297583,0.9197149586767789,0.9692796768179454,2.0112369174236078e-07,2.5326776162631253e-08,1.5148321046360353e-07,2.5076417302111807e-07,0.00011768495137976995,510.51400782195174
rich6d_rough,90,4.281332398719396e-12,100,0.00011768435106411339,89.9838821650679,3.4966868386800216e-05,89.98381363000586,89.98395070012994,1.9303102828007934,0.012642703521906154,1.9055305838978573,1.9550899817037295,0.013541038038217181,0.0018132141378535821,0.00998713832802416,0.017094937748410203,0.9445259690753034,0.012642703521906154,0.9197462701723673,0.9693056679782395,0.944408028261836,0.012642703134398381,0.9196283301184152,0.9691877264052569,2.554917203549631e-07,3.225728012848563e-08,1.9226745130313126e-07,3.187159894067949e-07,0.00011768532174880227,510.10961823238847
rich6d_rough,90,5.455594781168514e-12,100,0.00011768435106411339,89.97946338228704,4.4548966819134105e-05,89.97937606631207,89.979550698262,1.930196605427939,0.0126409743968423,1.905420295610128,1.9549729152457498,0.013541873512054471,0.0018132495667022442,0.009987904361318072,0.01709584266279087,0.9444122917024488,0.012640974396842303,0.9196359818846379,0.9691886015202597,0.9442942814987049,0.012640973895704751,0.9195179726631235,0.9690705903342862,3.2428490542189376e-07,4.107877527630192e-08,2.43770505880342e-07,4.0479930496344554e-07,0.00011768591883755224,509.596273316758
rich6d_rough,90,6.951927961775591e-12,100,0.00011768435106411339,89.97383384477448,5.6753937135481294e-05,89.9737226070577,89.97394508249126,1.9300518015069157,0.01263877221688873,1.9052798079618138,1.9548237950520175,0.013542937961853312,0.0018132947061571415,0.009988880337785316,0.017096995585921308,0.944267487781425,0.012638772216888727,0.919495494236323,0.969039481326527,0.9441493897359148,0.012638771566458092,0.9193773974656569,0.9689213820061726,4.1116593602758646e-07,5.2303865982462434e-08,3.0865035870196006e-07,5.136815133532129e-07,0.00011768687957382923,508.94528429571903
rich6d_rough,90,8.858667904100833e-12,100,0.00011768435106411339,89.96666222465775,7.229789400976664e-05,89.9665205207855,89.96680392853001,1.9298673663772212,0.012635967982195878,1.9051008691321174,1.954633863622325,0.013544294081828811,0.0018133522154579983,0.009990123739531134,0.017098464424126488,0.9440830526517311,0.012635967982195878,0.9193165554066272,0.968849549896835,0.9439648436011518,0.012635967134310677,0.9191983480179029,0.9687313391844008,5.206289114349202e-07,6.658209457077812e-08,3.901280060761951e-07,6.511298167936453e-07,0.00011768842166771237,508.12081130785185
rich6d_rough,90,1.1288378916846884e-11,100,0.00011768435106411339,89.95752678710686,9.209132932607189e-05,89.95734628810138,89.95770728611234,1.9296324830193639,0.012632397775707674,1.9048729833789768,1.954391982659751,0.013546021694320428,0.0018134254806330228,0.009991707752279703,0.017100335636361153,0.9438481692938739,0.012632397775707674,0.9190886696534869,0.968607668934261,0.9437298202750233,0.012632396664676351,0.9189703228122577,0.9684893177377889,6.581295237184564e-07,8.473533711928786e-08,4.920482629646521e-07,8.242107844722606e-07,0.00011769088932708088,507.0783211369148
rich6d_rough,90,1.4384498882876659e-11,100,0.00011768435106411339,89.94589088481573,0.00011729116274645967,89.94566099413674,89.9461207754947,1.9293334004026312,0.012627853473760595,1.9045828075940605,1.954083993211202,0.013548222405755999,0.0018135188122405826,0.009993725533764456,0.01710271927774754,0.943549086677142,0.012627853473760595,0.9187984938685713,0.9682996794857127,0.9434305616543672,0.0126278520090399,0.9186799717166491,0.9681811515920854,8.301998620387305e-07,1.0780167634124005e-07,6.189085764099e-07,1.041491147667561e-06,0.00011769482291213752,505.76285487598955
rich6d_rough,90,1.8329807108324375e-11,100,0.00011768435106411339,89.93107191151601,0.0001493662887790743,89.93077915359001,89.93136466944202,1.9289526491001816,0.012622071086066078,1.9042133897714921,1.953691908428871,0.01355102551369678,0.0018136376963526508,0.009996295628845586,0.017105755398547976,0.9431683353746914,0.012622071086066078,0.9184290760460019,0.9679075947033808,0.9430495897904687,0.012622069141542592,0.9183103342730452,0.9677888453078922,1.044521024539142e-06,1.3708942210898412e-07,7.758257572055331e-07,1.3132162918727509e-06,0.0001177010631978094,504.1071712676116
rich6d_rough,90,2.3357214690901212e-11,100,0.00011768435106411339,89.91220203174011,0.00019017984391080022,89.91182927924605,89.91257478423417,1.9284680543111878,0.012614716183017807,1.903743210592473,1.9531928980299027,0.013554595492056782,0.0018137891127802965,0.0099995688310074,0.017109622153106165,0.9426837405856986,0.012614716183017804,0.9179588968669837,0.9674085843044135,0.9425647197685624,0.012614713581264212,0.9178398811492845,0.9672895583878403,1.309913232858432e-06,1.7424310349794003e-07,9.683967500024695e-07,1.6514297157143945e-06,0.00011771090390379733,502.0298980840705
rich6d_rough,90,2.976351441631313e-11,100,0.00011768435106411339,89.88817861061143,0.000242092011834556,89.88770411026823,89.88865311095464,1.927851498395976,0.012605365784850631,1.9031449814576689,1.9525580153342832,0.013559141461559223,0.0018139819379901251,0.010003736863098578,0.01711454606001987,0.9420671846704856,0.012605365784850631,0.9173606677321783,0.9667737016087928,0.9419478221741866,0.01260536227399312,0.9172413121171601,0.9666543322312131,1.6361880028804084e-06,2.2132334529400173e-07,1.202394246104165e-06,2.069981759656652e-06,0.00011772630829701841,499.43391860157857
rich6d_rough,90,3.7926901907322536e-11,100,0.00011768435106411339,89.85760180721101,0.000308087770643602,89.85699795518055,89.85820565924148,1.927067376520045,0.012593486018729842,1.9023841439233344,1.9517506091167556,0.013564929148352176,0.0018142274543686723,0.010009043337789578,0.017120814958914772,0.9412830627945545,0.012593486018729838,0.9165998301978441,0.965966295391265,0.941163278795473,0.012593481238569685,0.9164800555678765,0.9658465020230695,2.033794087032317e-06,2.8090254265579333e-07,1.483225103426962e-06,2.584363070637672e-06,0.00011775020499503117,496.2053427481855
rich6d_rough,90,4.832930238571752e-11,100,0.00011768435106411339,89.81869627397418,0.00039193446299344884,89.81792808242672,89.81946446552165,1.9260706808731443,0.012578404821836683,1.9014170074223444,1.950724354323944,0.013572295946468312,0.0018145399924600232,0.010015797561246667,0.017128794331689956,0.9402863671476536,0.012578404821836683,0.9156326936968536,0.9649400405984535,0.9401660670900902,0.012578398254565932,0.915512406511141,0.9648197276690395,2.513186217272439e-06,3.561781456111059e-07,1.8150770518746715e-06,3.211295382670207e-06,0.00011778687134627285,492.2135516602387
rich6d_rough,90,6.158482110660255e-11,100,0.00011768435106411339,89.76921334378787,0.0004983742596983778,89.76823653023887,89.77019015733687,1.9248046428132792,0.012559279023937516,1.9001884559263618,1.9494208297001967,0.013581669828643821,0.0018149377386045221,0.010024391860978959,0.017138947796308684,0.9390203290877898,0.012559279023937516,0.9144041422008722,0.9636365159747073,0.9388994028266556,0.012559269923186202,0.9142832337772107,0.9635155718761006,3.083865539266442e-06,4.5110517044691573e-07,2.1996994051904873e-06,3.968031673342397e-06,0.0001178423955944894,487.3129300546083
rich6d_rough,90,7.847599703514623e-11,100,0.00011768435106411339,89.70630953365992,0.0006333561870549412,89.7050681555333,89.70755091178654,1.9231978610215026,0.012535055350305885,1.898629152534903,1.9477665695081021,0.013593592990678001,0.0018154437468953163,0.010035323246763182,0.01715186273459282,0.9374135472960131,0.012535055350305888,0.9128448388094136,0.9619822557826126,0.9372918690205049,0.012535042640397776,0.9127231854453253,0.9618605525956845,3.7530980098377922e-06,5.705492887485777e-07,2.63482140389058e-06,4.871374615785004e-06,0.00011792517749793785,481.3469573021195
rich6d_rough,90,1e-10,100,0.00011768435106411339,89.62639674033855,0.0008043109119759957,89.62482029095108,89.62797318972602,1.92116085206026,0.01250442535196196,1.8966521783704147,1.9456695257501055,0.013608751257474768,0.001816087201312776,0.010049220342901727,0.01716828217204781,0.935376538334769,0.012504425351961956,0.9108678646449235,0.9598852120246144,0.935253967531125,0.012504407487271866,0.9107453288560722,0.9597626062061778,4.524422547812075e-06,7.204614807079031e-07,3.112318045624585e-06,5.936527049999565e-06,0.00011804638109682263,474.15523564810377
rich6d_rough,90,1.274274985703132e-10,100,0.00011768435106411339,89.52495930932282,0.00102046817757389,89.52295919169478,89.52695942695087,1.9185819850340093,0.012465775150955318,1.894149065738137,1.9430149043298817,0.013628010405357795,0.001816904980662546,0.010066876643259205,0.017189144167456386,0.9327976713085193,0.012465775150955316,0.9083647520126469,0.9572305906043918,0.9326740548987439,0.012465749923320384,0.908241185049036,0.9571069247484518,5.396207571897026e-06,9.080745580707267e-07,3.616381438078402e-06,7.176033705715651e-06,0.00011822020220394504,465.5837090438867
rich6d_rough,90,1.6237767391887175e-10,100,0.00011768435106411339,89.39633348843452,0.001293210557269202,89.39379879574227,89.39886818112677,1.915322815518921,0.01241713239782594,1.8909852360191821,1.93966039501866,0.013652460632240758,0.0018179435845035292,0.01008929120661384,0.017215630057867675,0.9295385017934302,0.01241713239782594,0.9052009222936914,0.953876081293169,0.9294136773495981,0.01241709667825874,0.905076167860211,0.9537511868389853,6.360663518166785e-06,1.1421201981964348e-06,4.122107929701773e-06,8.599219106631798e-06,0.00011846378031504269,455.49772664525614
rich6d_rough,90,2.0691380811147902e-10,100,0.00011768435106411339,89.23344604307258,0.001636446536912858,89.23023860786023,89.23665347828492,1.9112129313710862,0.012356115243540087,1.8869949454937476,1.9354309172484248,0.01368347038168418,0.0018192614808774828,0.010117717879164314,0.017249222884204045,0.925428617645596,0.012356115243540085,0.9012106317682574,0.9496466035229346,0.9253024172459401,0.012356064643113377,0.9010845305454379,0.9495203039464423,7.403794227452727e-06,1.4330611025902433e-06,4.594994466375851e-06,1.0212593988529603e-05,0.00011879660542839232,443.79679304137244
rich6d_rough,90,2.6366508987303556e-10,100,0.00011768435106411339,89.02751162202277,0.0020669689459587586,89.0234603628887,89.03156288115684,1.9060445851227172,0.012279891706115908,1.88197599737873,1.9301131728667045,0.013722750517622482,0.001820931933726443,0.010153723927518654,0.01729177710772631,0.9202602713972275,0.012279891706115912,0.8961916836532403,0.9443288591412148,0.9201325253375705,0.012279820139888237,0.8960640778633896,0.9442009728117514,8.50668291799864e-06,1.79332429804709e-06,4.991767293826343e-06,1.2021598542170937e-05,0.0001192393767387237,430.4290299650896
rich6d_rough,90,3.3598182862837877e-10,100,0.00011768435106411339,88.76769366306402,0.0026047394154374865,88.76258837380976,88.77279895231828,1.899567638237504,0.012185162733132322,1.8756847192805646,1.9234505571944434,0.013772429338915888,0.0018230463558397362,0.010199258481470005,0.01734560019636177,0.9137833245120133,0.012185162733132323,0.8899004055550739,0.9376662434689527,0.9136538638365974,0.012185061870483477,0.8897711425704498,0.9375365851027451,9.648211987346327e-06,2.237505751673481e-06,5.262700714066304e-06,1.403372326062635e-05,0.00011981246342869165,415.4028718256957
rich6d_rough,90,4.281332398719396e-10,100,0.00011768435106411339,88.44074227894515,0.0032730044020554913,88.43432719031712,88.44715736757318,1.8914857024535277,0.01206818834057968,1.8678320533059916,1.9151393516010637,0.013835137968701412,0.0018257182075444313,0.010256730281914326,0.017413545655488496,0.9057013887280378,0.01206818834057968,0.8820477395805016,0.929355037875574,0.9055700455201285,0.012068046925872069,0.8819166735454192,0.9292234174948378,1.0808862798375973e-05,2.7824911327459045e-06,5.355180178194001e-06,1.6262545418557945e-05,0.00012053434511110142,398.7936297528796
rich6d_rough,90,5.455594781168515e-10,100,0.00011768435106411339,88.03063581494928,0.004098104017651289,88.02260353107468,88.03866809882388,1.8814548372452196,0.011924882463684793,1.8580820676163974,1.9048276068740417,0.013914104086297318,0.0018290874175661662,0.010329092747867632,0.017499115424727003,0.8956705235197302,0.011924882463684793,0.872297753890908,0.9190432931485524,0.8955371281581712,0.011924685494180253,0.8721647445895779,0.9189095117267645,1.1974790334073784e-05,3.4474024555405395e-06,5.217881521214327e-06,1.873169914693324e-05,0.00012142057122488392,380.74338360398104
rich6d_rough,90,6.951927961775591e-10,100,0.00011768435106411339,87.51827148984017,0.0051087867020638165,87.50825826790413,87.52828471177622,1.8690867130733197,0.01175100616710808,1.846054740985788,1.8921186851608516,0.014013249650367201,0.0018333252374375397,0.010419932184989624,0.01760656711574478,0.8833023993478293,0.011751006167108082,0.8602704272602975,0.9063343714353611,0.8831667744654256,0.01175073392316459,0.860135335976023,0.9061982129548282,1.3141109256893902e-05,4.253239368076255e-06,4.8047600954644425e-06,2.147745841832336e-05,0.0001224837731473461,361.4539883315178
rich6d_rough,90,8.858667904100832e-10,100,0.00011768435106411339,86.88127458562838,0.0063348041007573,86.8688583695909,86.89369080166585,1.8539586615979529,0.011542486115158686,1.831335388812242,1.8765819343836638,0.014137285172347138,0.0018386393557308877,0.010533552035114599,0.01774101830957968,0.8681743478724637,0.011542486115158686,0.8455510750867528,0.8907976206581747,0.8680362994523644,0.011542113054771343,0.8454137578650125,0.8906588410397163,1.431337731964415e-05,5.222048104973177e-06,4.0781630338967235e-06,2.4548591605391577e-05,0.00012373504277967025,341.1743639987196
rich6d_rough,90,1.1288378916846883e-09,100,0.00011768435106411339,86.09402271000215,0.007804556326400312,86.07872577960241,86.10931964040189,1.8356332695477748,0.011295869017100186,1.8134933662742585,1.8577731728212912,0.014291789492376472,0.0018452790022549122,0.010675042647956844,0.0179085363367961,0.8498489558222851,0.011295869017100186,0.8277090525487688,0.8719888590958015,0.8497082626319536,0.011295362577288174,0.8275693519804689,0.8718471732834384,1.5506598499477775e-05,6.375442066344686e-06,3.0107320494421897e-06,2.800246494951336e-05,0.00012518659183122748,320.1842177937985
rich6d_rough,90,1.4384498882876659e-09,100,0.00011768435106411339,85.12800569523978,0.009541624734751989,85.10930411075967,85.14670727971989,1.8136897561542207,0.011008886046926663,1.7921123395022445,1.835267172806197,0.014483260601539226,0.0018535396843941357,0.010850322820126719,0.018116198382951733,0.8279054424287302,0.011008886046926663,0.806328025776754,0.8494828590807064,0.8277618457343869,0.011008205441677524,0.8061857630686989,0.8493379284000749,1.6741563965546485e-05,7.7323478719628e-06,1.586162136499398e-06,3.189696579459357e-05,0.00012685513037736552,298.7766729612716
rich6d_rough,90,1.8329807108324374e-09,100,0.00011768435106411339,83.95265181769116,0.011560207316374655,83.92999381135107,83.97530982403126,1.7877678490739533,0.010681041712161044,1.7668330073181175,1.808702690829789,0.014719121164749922,0.0018637671442379843,0.011066137562043473,0.01837210476745637,0.801983535348462,0.010681041712161042,0.7810486935926264,0.8229183771042976,0.8018367315105455,0.010680136880554534,0.7809036632246585,0.8227697997964324,1.803884630554872e-05,9.30599665199834e-06,-2.009071323680266e-07,3.627859974346547e-05,0.00012876499161056446,277.2419981120626
rich6d_rough,90,2.335721469090121e-09,100,0.00011768435106411339,82.53673196393083,0.013859781828995901,82.509566791546,82.56389713631566,1.757621912069045,0.010314071054544526,1.7374063328021379,1.7778374913359523,0.015007663863184332,0.0018763601257857278,0.011329998016644305,0.01868532970972436,0.7718375983435551,0.010314071054544524,0.7516220190766478,0.7920531776104625,0.7716872373687823,0.010312881987580916,0.7514739886731238,0.7919004860644409,1.9411147405323713e-05,1.1100452011036113e-05,-2.3457385363070667e-06,4.1168033346954493e-05,0.00013094982736767263,255.85398912362106
rich6d_rough,90,2.9763514416313133e-09,100,0.00011768435106411339,80.85038963105464,0.016419732036821476,80.81820695626247,80.88257230584681,1.723178852269494,0.009912062352702804,1.7037512100581964,1.7426064944807915,0.015357928276643533,0.0018917715839134107,0.011650055972173248,0.019065800581113818,0.7373945385440035,0.009912062352702804,0.717966896332706,0.7568221807553009,0.7372402317685658,0.009910519100049961,0.7178156143324679,0.7566648492046637,2.0854959130448045e-05,1.3107372140656166e-05,-4.835490265238041e-06,4.654540852613413e-05,0.00013345181630721598,234.85983268649733
rich6d_rough,90,3.792690190732238e-09,100,0.00011768435106411339,78.86772926358509,0.019195069809939534,78.83010692675761,78.90535160041257,1.684588919673,0.009481075012933148,1.666006012647651,1.7031718266983489,0.015779513324140904,0.001910507979574447,0.012034917684174987,0.01952410896410682,0.6988046059475097,0.009481075012933148,0.6802216989221608,0.7173875129728586,0.69864594543189,0.009479098716383614,0.680066911947778,0.7172249789160019,2.2342728252406496e-05,1.5304216292306298e-05,-7.653535680513849e-06,5.2338992185326844e-05,0.0001363177873671944,214.47364689376235
rich6d_rough,90,4.832930238571752e-09,100,0.00011768435106411339,76.56974125389303,0.022114586391311454,76.52639666456606,76.61308584321999,1.6422559368981342,0.009028239056046498,1.624560588348283,1.6599512854479854,0.01628234513764547,0.0019331261561401978,0.012493417871610684,0.02007127240368026,0.6564716231726435,0.009028239056046498,0.6387762746227924,0.6741669717224946,0.6563082137519426,0.00902574433059255,0.6386177548639812,0.673998672639904,2.38170428602259e-05,1.7655633469132956e-05,-1.0787998739274697e-05,5.8422084459726496e-05,0.00013959237784066762,194.8733960629921
rich6d_rough,90,6.158482110660254e-09,100,0.00011768435106411339,73.94718831666265,0.025082588861615886,73.89802644249389,73.99635019083141,1.5968350285223414,0.00856057973543322,1.5800562922408923,1.6136137648037905,0.016876434002445616,0.0019602268331412173,0.01303438940948883,0.020718478595402403,0.6110507147968517,0.008560579735433222,0.5942719785154026,0.6278294510783008,0.6108822169176987,0.008557478555605702,0.5941095589487115,0.6276548748866859,2.518871309369572e-05,2.012011034622197e-05,-1.4246703184899342e-05,6.462412937229078e-05,0.00014330916605967067,176.20051895330542
rich6d_rough,90,7.847599703514623e-09,100,0.00011768435106411339,71.00298331318731,0.02798475893972821,70.94813318566544,71.05783344070919,1.5491925681100824,0.008084034579569618,1.533347860334126,1.565037275886039,0.01757165762168904,0.001992442920866026,0.013666469496791631,0.021476845746586454,0.5634082543845921,0.008084034579569618,0.5475635466086356,0.5792529621605486,0.563234432244872,0.008080241463591523,0.5473971589762326,0.5790717055135114,2.6340619916871873e-05,2.2663758706498658e-05,-1.8080347147865497e-05,7.076158698160924e-05,0.00014748151980342045,158.56143581388838
rich6d_rough,90,1e-08,100,0.00011768435106411339,67.7536055578348,0.030697739143089035,67.69343798911434,67.81377312655526,1.5003332196178893,0.007603130121004281,1.485431084580721,1.5152353546550577,0.018377594818129134,0.002030419790190868,0.014397972029355034,0.022357217606903235,0.5145489058923997,0.00760313012100428,0.4996467708552313,0.5294510409295681,0.5143696719351375,0.00759856782725467,0.49947647899371833,0.5292628648765566,2.7138347233110717e-05,2.528195634376905e-05,-2.2414287200676618e-05,7.669098166689805e-05,0.000152095610028994,142.03016438674965
rich6d_rough,90,1.274274985703132e-08,100,0.00011768435106411339,64.22924668083883,0.033101090392523534,64.16436854366948,64.29412481800817,1.4513085342496514,0.007121477099967226,1.4373504391337157,1.4652666293655872,0.019303403899187856,0.0020747838136910756,0.015236827624353348,0.023369980174022364,0.4655242205241615,0.007121477099967227,0.4515661254082257,0.47948231564009725,0.4653396651947003,0.007116081352634572,0.4513921457435366,0.47928718464586406,2.744682150522787e-05,2.802707290746152e-05,-2.748624139339671e-05,8.237988440385244e-05,0.00015710850795627208,126.65153146481829
rich6d_rough,90,1.623776739188721e-08,100,0.00011768435106411339,60.47261090595765,0.035089587809788894,60.403835313850465,60.54138649806484,1.4031261687265029,0.006642779922397553,1.3901063200786037,1.416146017374402,0.02035770331775365,0.0021260959063966094,0.016190555341216297,0.024524851294291005,0.41734185500101306,0.006642779922397553,0.4043220063531139,0.43036170364891224,0.41715225060758565,0.006636501090439185,0.40414470847032485,0.43015979274484645,2.7150208358708914e-05,3.103670100235338e-05,-3.368172560590371e-05,8.798214232332153e-05,0.00016245418506859698,112.44473552856861
rich6d_rough,90,2.0691380811147902e-08,100,0.00011768435106411339,56.5365428379133,0.036583644622889745,56.46483889445244,56.60824678137416,1.3566764927383,0.006171751942917905,1.344579858930181,1.368773126546419,0.021548386294932123,0.0021847897693436924,0.017266198347018487,0.02583057424284576,0.3708921790128095,0.006171751942917906,0.3587955452046904,0.3829888128209286,0.3706979483920012,0.006164551467962566,0.3586154275147946,0.38278046926920783,2.6171332976722862e-05,3.4552518630351376e-05,-4.1551603538765835e-05,9.389426949221155e-05,0.00016805928783143742,99.40712075409623
rich6d_rough,90,2.6366508987303555e-08,100,0.00011768435106411339,52.48084276666434,0.037536042482011686,52.40727212339959,52.55441340992908,1.3126858907518195,0.005714397396201398,1.3014856718552648,1.3238861096483743,0.02288230043996859,0.002251100810665572,0.01847014285106407,0.027294458028873113,0.32690157702632944,0.005714397396201398,0.3157013581297747,0.3381017959228842,0.3267032205031935,0.005706237515764471,0.31551899497229513,0.3378874460340919,2.44874959173688e-05,3.8918081378460186e-05,-5.1791943584413166e-05,0.00010076693541915077,0.00017386902721840992,87.5179592570985
rich6d_rough,90,3.3598182862837814e-08,100,0.00011768435106411339,48.36871296213335,0.037934002636847874,48.29436231696513,48.443063607301575,1.2716974439499495,0.005277502970417141,1.261353538127932,1.2820413497719672,0.024364748840705344,0.0023249997331883086,0.019807749363656257,0.02892174831775443,0.2859131302244601,0.005277502970417141,0.27556922440244247,0.2962570360464777,0.28571110660097987,0.005268330096138087,0.2753851796125492,0.2960370335894105,2.214122114786767e-05,4.454985036413318e-05,-6.517648556583336e-05,0.0001094589278615687,0.00017988240233236114,76.74197214556904
rich6d_rough,90,4.281332398719396e-08,100,0.00011768435106411339,44.26325989874301,0.037796709250251664,44.189178348612515,44.3373414488735,1.2340735068162638,0.004867611880217521,1.2245329875310376,1.24361402610149,0.025998805359576677,0.0024061498907109093,0.021282751573783294,0.03071485914537006,0.248289193090774,0.004867611880217523,0.23874867380554765,0.25782971237600033,0.24808375056278964,0.004857336394367955,0.23856337122982846,0.2576041298957508,1.924610315914497e-05,5.189129120983146e-05,-8.246082761212469e-05,0.00012095303393041464,0.00018619642482528218,67.03240026522778
rich6d_rough,90,5.4555947811685146e-08,100,0.00011768435106411339,40.224387761388705,0.037169362850367385,40.151535810201985,40.297239712575426,1.2000123577645072,0.0044899732350404,1.191212010223828,1.2088127053051865,0.02778446486126971,0.0024939043267846474,0.0228964123807718,0.03267251734176762,0.2142280440390172,0.004489973235040402,0.20542769649833803,0.2230283915796964,0.2140189937710406,0.004478450183207547,0.20524123141195383,0.2227967561301274,1.598876408368385e-05,6.137313574130068e-05,-0.00010430258196926548,0.00013628011013663317,0.0001930615038929582,58.333636446912216
rich6d_rough,90,6.951927961775605e-08,100,0.00011768435106411339,36.30629657380297,0.03611541571377437,36.23551035900397,36.37708278860197,1.1695718280553717,0.004147881849019615,1.1614419796312934,1.1777016764794501,0.029717662268122173,0.0025873459130168444,0.024646464278609156,0.03478886025763519,0.18378751432988147,0.004147881849019614,0.17565766590580303,0.1919173627539599,0.1835739322890934,0.004134896505465174,0.17546953513838168,0.19167832943980515,1.262782659952172e-05,7.339710291179093e-05,-0.00013123049510758853,0.00015648614830663195,0.0002009542141885902,50.58358636174
rich6d_rough,90,8.858667904100815e-08,100,0.00011768435106411339,32.55567590929561,0.03470870133728453,32.48764685467453,32.62370496391669,1.1426949475063761,0.003842553914233407,1.1351635418344785,1.1502263531782737,0.031789203012224494,0.002685359018007338,0.026525899336930114,0.037052506687518874,0.15691063378088588,0.003842553914233407,0.1493792281089884,0.16444203945278335,0.15669046567511308,0.0038278128848674756,0.14918795242077282,0.16419297892945334,9.48983079705662e-06,8.83394080841599e-05,-0.00016365540904789678,0.00018263507064201,0.00021067827497577886,43.715904472213474
rich6d_rough,90,1.1288378916846883e-07,100,0.00011768435106411339,29.010584685164915,0.03302676345139674,28.945852228800177,29.075317141529652,1.1192348808830395,0.0035734193392902894,1.1122309789780305,1.1262387827880485,0.03398366473236164,0.002786714620309334,0.028521704076555347,0.03944562538816793,0.13345056715754935,0.0035734193392902894,0.1264466652525404,0.14045446906255832,0.1332200983202504,0.003556543042174788,0.1262492739575878,0.14019092268291297,6.9602851532203776e-06,0.00010655568422712751,-0.00020188885593194953,0.00021580942623839028,0.00022350855214576908,37.66208920801571
rich6d_rough,90,1.438449888287663e-07,100,0.00011768435106411339,25.69994289921129,0.03114596537914948,25.638896807068157,25.760988991354424,1.0989781518648727,0.003338593886250244,1.0924345078478221,1.1055217958819232,0.03627834839549721,0.002890157101932159,0.030613640475710184,0.04194305631528424,0.11319383813938277,0.003338593886250244,0.1066501941223323,0.11973748215643325,0.11294697748356007,0.003319102858004408,0.10644153588187143,0.11945241908524871,5.46583994629498e-06,0.00012836944015731736,-0.00024613826276204706,0.00025706994265463703,0.00024139481587642786,32.353278733271864
rich6d_rough,90,1.8329807108324338e-07,100,0.00011768435106411339,22.643536485576547,0.029138159522588702,22.58642569291227,22.700647278240822,1.0816661285236306,0.0031353287478405765,1.0755208841778632,1.087811372869398,0.03864234040092715,0.0029944896048817297,0.03277314077535896,0.04451154002649534,0.09588181479814045,0.003135328747840576,0.08973657045237292,0.10202705914390799,0.09560913368207036,0.003112617412280453,0.08950840355400067,0.10170986381014005,5.441606544759957e-06,0.00015403359438765716,-0.00029646423845504805,0.000307347451544568,0.0002672395095254035,27.721599842943153
rich6d_rough,90,2.3357214690901212e-07,100,0.00011768435106411339,19.8524423300277,0.02706817846811226,19.7993887002302,19.9054959598252,1.0670148546875786,0.002960333120662276,1.0612126017710806,1.0728171076040767,0.04103567228568194,0.003098648337859719,0.03496232154347689,0.047109023027886984,0.08123054096208815,0.0029603331206622756,0.07542828804559008,0.08703279387858621,0.08091801082503483,0.002933632047757362,0.0751680920114304,0.08666792963863926,7.277152517038043e-06,0.00018366099346886155,-0.0003526983946819306,0.0003672526997160067,0.00030525298453631423,23.701074316732157
rich6d_rough,90,2.976351441631313e-07,100,0.00011768435106411339,17.329795273065145,0.02499151905347132,17.28081189572034,17.37877865040995,1.0547326950238949,0.0028099499996577125,1.0492251930245657,1.060240197023224,0.04340849978402091,0.0032017346313718657,0.03713309990653205,0.04968389966150977,0.06894838129840468,0.002809949999657712,0.06344087929907556,0.0744558832977338,0.0685757790048349,0.002778290175932886,0.06313033026000645,0.07402122774966335,1.1237412940676574e-05,0.00021712482289467928,-0.00041432723993289477,0.00043680206581424796,0.00036136488062914196,20.228240952404445
rich6d_rough,90,3.792690190732246e-07,100,0.00011768435106411339,15.07182095596576,0.022952317551371126,15.026834413565073,15.116807498366448,1.0445345306146319,0.0026802238384328854,1.0392812918913035,1.0497877693379603,0.04570033907390945,0.0033029667602146096,0.03922652422388881,0.052174153923930086,0.058750216889141435,0.0026802238384328854,0.05349697816581298,0.0640034556124699,0.05828922874395488,0.0026424298584544845,0.05311006622138409,0.06346839126652568,1.736243600236799e-05,0.00025393679913441475,-0.0004803536903010849,0.0005150785623058209,0.00044362570918424216,17.24267939128246
rich6d_rough,90,4.832930238571752e-07,100,0.00011768435106411339,13.069042374312822,0.020982474483678487,13.027916724324813,13.110168024300831,1.0361512146756866,0.0025669399277463982,1.0311200124173037,1.0411824169340695,0.04783980991784378,0.0034015491420644967,0.04117277359939736,0.05450684623629019,0.050366900950196095,0.0025669399277463982,0.045335698691813156,0.05539810320857903,0.04977907086999947,0.0025216867086205385,0.04483656492110322,0.05472157681889572,2.536314447593435e-05,0.00029312287625162154,-0.0005491576929772438,0.0005998839819291126,0.0005624669357207537,14.68751883435202
rich6d_rough,90,6.158482110660254e-07,100,0.00011768435106411339,11.307550266598783,0.0191027836668759,11.270108810611706,11.34499172258586,1.0293339995216448,0.0024657215022886947,1.024501185377159,1.0341668136661306,0.04974588294863698,0.0034965108564704674,0.042892721669954864,0.056599044227319095,0.04354968579615455,0.0024657215022886947,0.038716871651668705,0.048382499940640394,0.04278452555989083,0.002411683882289134,0.03805762515060413,0.04751142596917753,3.454681883900471e-05,0.0003331330395471254,-0.000618393938673361,0.0006874875763513705,0.000730613417424782,12.509885919480524
rich6d_rough,90,7.847599703514607e-07,100,0.00011768435106411339,9.770231037639537,0.017325951052584943,9.73627217357647,9.804189901702603,1.0238550947794478,0.0023722235387749293,1.019205536643449,1.0285046529154467,0.05133185469394656,0.0035865826096854398,0.0443021527789631,0.058361556608930026,0.038070781053957684,0.0023722235387749297,0.03342122291795882,0.04272033918995655,0.03706456617960241,0.00230832434965491,0.03254025045427879,0.04158888190492603,4.3818848462330084e-05,0.0003718387573021212,-0.0006849851158498275,0.0007726228127744876,0.0009623960258929986,10.661196957648686
rich6d_rough,90,1e-06,100,0.00011768435106411339,8.437878028903821,0.015660247599798026,8.407183943608217,8.468572114199425,1.0195063768185102,0.002282395071953246,1.015032882477482,1.0239798711595385,0.052512685437929946,0.003670152206201005,0.04531918711377598,0.05970618376208391,0.033722063093020165,0.0022823950719532446,0.029248568751991805,0.038195557434048524,0.032397999935623444,0.0022081143798104073,0.028070095751195047,0.03672590412005184,5.180501254452784e-05,0.000406677338631638,-0.0007452825711734826,0.0008488925962625383,0.001272258144852257,9.097247592051238
rich6d_rough,90,1.2742749857031322e-06,100,0.00011768435106411339,7.290156237325985,0.014112310576075829,7.262496108596877,7.3178163660550934,1.0160980021191488,0.0021927556997979178,1.0118002009475449,1.0203958032907527,0.05321486118900767,0.0037453022819815733,0.04587406871632379,0.06055565366169156,0.030313688393658708,0.0021927556997979178,0.02601588722205479,0.034611489565262624,0.028584127105151135,0.002108412245593544,0.024451639103787788,0.03271661510651448,5.7109584444363976e-05,0.00043498099814301254,-0.0007954531719159406,0.0009096723408046685,0.0016724517040632254,7.778134019839804
rich6d_rough,90,1.6237767391887209e-06,100,0.00011768435106411339,6.306422431894088,0.012688483018483687,6.28155300517786,6.331291858610316,1.0134577075535547,0.0021006593817989518,1.0093404151652288,1.0175749999418806,0.05338636016755884,0.0038099074060914256,0.04591894165161965,0.06085377868349803,0.027673393828064264,0.002100659381798951,0.02355610143973832,0.03179068621639021,0.025444447450100657,0.0020075415030677436,0.02150966610408788,0.029379228796113432,5.866735204751336e-05,0.00045446951443764834,-0.0008320928962502773,0.0009494276003453042,0.0021702790259161223,6.66808368745221
rich6d_rough,90,2.06913808111479e-06,100,0.00011768435106411339,5.466411098188318,0.011395112659981999,5.4440766773747535,5.488745519001882,1.0114307861311544,0.002004544439081479,1.0075018790305548,1.0153596932317541,0.05300388425315644,0.0038617580349997794,0.045434838504556874,0.06057293000175601,0.025646472405664103,0.002004544439081479,0.021717565305064405,0.0295753795062638,0.022824761547311435,0.0019047877761010298,0.019091377506153417,0.026558145588469452,5.6082391971116544e-05,0.00046379862727674175,-0.0008529629174912973,0.0009651277014335304,0.002765628466381575,5.735260839780249
rich6d_rough,90,2.6366508987303555e-06,100,0.00011768435106411339,4.750790644920844,0.010238369352355186,4.730723440990228,4.770857848851461,1.009880544613759,0.001904136584068091,1.0061484369089857,1.0136126523185325,0.05207569950455938,0.0038987098468342917,0.04443422820476417,0.0597171708043546,0.024096230888268816,0.0019041365840680915,0.020364123183495356,0.027828338593042276,0.020596691525938415,0.001800336901583806,0.017068031198834155,0.024125351853042674,4.981486340577119e-05,0.0004629784293502141,-0.0008576228581206484,0.0009572525849321907,0.003449724498924671,4.951573132423569
rich6d_rough,90,3.359818286283781e-06,100,0.00011768435106411339,4.1415893958028525,0.009223396146774974,4.123511539355174,4.159667252250531,1.008689163596669,0.0018004955816191353,1.0051601922566955,1.0122181349366426,0.050640219180002805,0.00391890599777183,0.04295916342437002,0.05832127493563559,0.022904849871178704,0.0018004955816191361,0.019375878531205197,0.02643382121115221,0.018657989668032775,0.0016951753738564175,0.015335445935274196,0.021980533400791355,4.111708549963986e-05,0.0004534578101730912,-0.0008476602224396189,0.0009298943934388986,0.00420574311764634,4.2924763781268584
rich6d_rough,90,4.281332398719387e-06,100,0.00011768435106411339,3.622493593299723,0.008352102728066151,3.6061234719527135,3.6388637146467326,1.0077587461685005,0.0016957567916691583,1.0044350628568288,1.0110824294801721,0.04876150114948332,0.003921108712934917,0.04107612807213088,0.05644687422683576,0.021974432443010193,0.001695756791669158,0.018650749131338643,0.025298115754681744,0.016931451132604126,0.0015908976000608235,0.013813291836484911,0.02004961042872334,3.1726545815171015e-05,0.0004377499901144403,-0.000826263434809132,0.000889716526439474,0.005011254764590941,3.736767441436591
rich6d_rough,90,5.455594781168514e-06,100,0.00011768435106411339,3.179025037479345,0.007619743297084425,3.1640903406170597,3.1939597343416306,1.007011880241376,0.001592494953409811,1.0038905901326927,1.0101331703500591,0.04652269855465686,0.00390506503637402,0.038868771083363785,0.05417662602594994,0.021227566515885875,0.001592494953409811,0.018106276407202644,0.024348856624569107,0.015362434418768547,0.0014893317385613718,0.012443344211188258,0.018281524626348834,2.3436413594025883e-05,0.00041865342611528743,-0.0007971243015919375,0.0008439971287799891,0.005841695683523362,3.2663591401325967
rich6d_rough,90,6.951927961775606e-06,100,0.00011768435106411339,2.7986074990027565,0.007012322964496715,2.784863345992343,2.81235165201317,1.0063907411825626,0.0014928320049618917,1.0034647904528373,1.0093166919122878,0.04401791925696767,0.0038717021973286533,0.03642938295020351,0.051606455563731835,0.020606427457072377,0.0014928320049618917,0.01768047672734707,0.023532378186797685,0.01391502425097637,0.0013919714745829527,0.011186760160793782,0.016643288341158958,1.7710961110002475e-05,0.0003983540753848733,-0.0007630630266443493,0.0007984849488643542,0.006673692244986066,2.8660320535011623
rich6d_rough,90,8.858667904100815e-06,100,0.00011768435106411339,2.470529418925475,0.006507850933897698,2.4577740310950356,2.483284806755915,1.0058541348659724,0.0013976212380810463,1.0031147972393335,1.0085934724926113,0.04134314059447987,0.003822993924958744,0.03385007250156073,0.048836208687399005,0.020069821140482252,0.0013976212380810461,0.017330483513843403,0.022809158767121102,0.012567062025473275,0.001299364888746339,0.01002030684353045,0.0151138172074161,1.5468495589857274e-05,0.0003778459242820999,-0.0007251095160030585,0.000756046507182773,0.0074872906194191746,2.523154989318927
rich6d_rough,90,1.1288378916846883e-05,100,0.00011768435106411339,2.1858126442378794,0.006082551201606315,2.173890843882731,2.197734444593028,1.0053728831206874,0.001306098055768607,1.002812930931381,1.007932835309994,0.03858803166087202,0.0037616025482400755,0.03121529066632147,0.04596077265542257,0.019588569395197333,0.0013060980557686069,0.017028617205890863,0.022148521584503804,0.01130472114411344,0.0012107428848460084,0.008931665089815265,0.013677777198411616,1.705619712499971e-05,0.00035698808827855095,-0.0006826404559009602,0.0007167528501509596,0.008266792053958943,2.2273673240478233
rich6d_rough,90,1.43844988828766e-05,100,0.00011768435106411339,1.9370079113828067,0.0057192825064430125,1.9257981176701784,1.948217705095435,1.0049249556320639,0.001216189034093843,1.00254122512524,1.0073086861388878,0.035830938734263296,0.0036905463900340934,0.028597467809796474,0.04306440965873012,0.019140641906573726,0.0012161890340938433,0.01675691139974979,0.02152437241339766,0.010117750909850206,0.0011241267985540216,0.007914462384684323,0.012321039435016088,2.2354198919796667e-05,0.00033511800124081965,-0.0006344770835122098,0.0006791854813518032,0.009000536797803783,1.9702293754162432
rich6d_rough,90,1.8329807108324338e-05,100,0.00011768435106411339,1.717953729084854,0.005413072729334766,1.707344106535358,1.7285633516343502,1.0044920427646644,0.0011253233519789726,1.0022864089947856,1.0066976765345432,0.03313751490601401,0.0036129625623705927,0.026056108283767646,0.04021892152826037,0.018707729039174278,0.001125323351978973,0.01650209526929549,0.020913362809053065,0.008996544592757328,0.0010369237071402794,0.00696417412676238,0.011028915058752276,3.0913708070510685e-05,0.0003117892910307946,-0.0005801933023498468,0.0006420207184908681,0.009680270738346493,1.744867486335052
rich6d_rough,90,2.3357214690901213e-05,100,0.00011768435106411339,1.523545508439718,0.005169793008222377,1.5134127141436022,1.5336783027358338,1.0040586059782817,0.0010313591511046881,1.0020371420421166,1.0060800699144468,0.030561344109185203,0.0035318793070070187,0.023638860667451446,0.03748382755091896,0.01827429225279148,0.0010313591511046877,0.01625282831662629,0.020295756188956668,0.007931627221163778,0.0009467663020041424,0.006075965269235659,0.009787289173091898,4.205833181442685e-05,0.0002872139404595291,-0.0005208809914862501,0.0006049976551151038,0.010300606699813331,1.5456557019736028
rich6d_rough,90,2.976351441631313e-05,100,0.00011768435106411339,1.3495566066566504,0.004997595222986043,1.339761320019598,1.359351893293703,1.003613229177065,0.0009332736230921506,1.0017840128758044,1.0054424454783255,0.028144707462610885,0.0034500079002203177,0.02138269197817906,0.03490672294704271,0.01782891545157523,0.0009332736230921507,0.015999699150314614,0.019658131752835845,0.006915232043428997,0.0008522706688850535,0.005244781532414292,0.008585682554443702,5.493047050363216e-05,0.0002622664931752637,-0.0004591118561198846,0.000568972797127149,0.010858752937642652,1.367973777896663
rich6d_rough,90,3.792690190732246e-05,100,0.00011768435106411339,1.1925312635958887,0.004895183432965567,1.1829367040672762,1.2021258231245011,1.0031510229634415,0.0008314662194581466,1.0015213491733035,1.0047806967535795,0.025918877496705586,0.0033696499559723965,0.01931436358299969,0.03252339141041148,0.017366709237950945,0.0008314662194581467,0.015737035447812978,0.018996383028088912,0.0059438107372174484,0.0007534859485168421,0.004466978278124438,0.0074206431963104585,6.851034186328583e-05,0.00023815726215693734,-0.0003982778919643114,0.000535298575690883,0.011354388158870259,1.2080597277896303
rich6d_rough,90,4.8329302385717524e-05,100,0.00011768435106411339,1.0497396803750154,0.004844080712487157,1.0402452821785406,1.0592340785714902,1.0026754299802654,0.0007276969079653317,1.0012491440406532,1.0041017159198775,0.023904277295117616,0.003292720058059155,0.01745054598132167,0.03035800860891356,0.016891116254774997,0.000727696907965332,0.015464830315162947,0.018317402194387048,0.005019998981083621,0.0006519654532008249,0.0037421466928100043,0.006297851269357238,8.165285809870004e-05,0.0002159756740952117,-0.0003416594631279149,0.000504965179325315,0.011789464415592747,1.0629435064759833
rich6d_rough,90,6.158482110660255e-05,100,0.00011768435106411339,0.919160639189452,0.0048102356750814885,0.9097325772662923,0.9285887011126117,1.0021981476496058,0.0006247479127852336,1.0009736417405468,1.0034226535586648,0.02211095010818626,0.003220780797232105,0.015798219745611332,0.028423680470761187,0.016413833924115374,0.0006247479127852338,0.015189328015056316,0.01763833983317443,0.004152858522468491,0.0005504949682372973,0.003073888384723388,0.005231828660213594,9.317599007803143e-05,0.00019630151553876908,-0.00029157498037795597,0.0004779269605340188,0.012167799411568913,0.9304212601394518
rich6d_rough,90,7.847599703514606e-05,100,0.00011768435106411339,0.7994476503437441,0.004753725328454223,0.7901303486999738,0.8087649519875144,1.0017367729405513,0.0005259034284369178,1.000706002220815,1.0027675436602876,0.020539530051027585,0.003155022789881619,0.014355685382859612,0.02672337471919556,0.015952459215061155,0.0005259034284369175,0.014921688495324797,0.016983229934797513,0.003355986939438225,0.0004525656866277236,0.002468958193647887,0.004243015685228563,0.00010200422091970136,0.00017904329001449656,-0.0002489206275087119,0.0004529290693481146,0.012494468054703289,0.8090188349682454
rich6d_rough,90,0.0001,100,0.00011768435106411339,0.6898442920862189,0.0046403930789976665,0.6807491216513835,0.6989394625210543,1.0013107699710708,0.0004343503576285465,1.0004594432701188,1.0021620966720228,0.01918269416861361,0.003096215198621377,0.013114112379315711,0.025251275957911507,0.015526456245580514,0.0004343503576285466,0.014675129544628563,0.016377782946532464,0.0026440029878734487,0.00036171460603548825,0.001935042360043892,0.0033529636157030055,0.00010733659516004308,0.00016357123960939704,-0.00021326303447437512,0.0004279362247944613,0.012775116662547076,0.6979034808267797
rich6d_rough,90,0.0001274274985703132,100,0.00011768435106411339,0.5900387144264294,0.004450013148369435,0.5813166886556254,0.5987607401972335,1.0009370536478572,0.00035262544562738137,1.0002459077744275,1.001628199521287,0.01802695702300731,0.003044685622991014,0.012059373201944924,0.023994540844069698,0.015152739922367082,0.00035262544562738115,0.014461594048937414,0.01584388579579675,0.0020285977676272847,0.00028088587561310175,0.0014780614514256054,0.002579134083828964,0.00010878598452528718,0.00014905883460042136,-0.0001833693312915387,0.00040094130034211303,0.013015356170214541,0.5967296754683038
rich6d_rough,90,0.00016237767391887175,100,0.00011768435106411339,0.49997540397230916,0.004179034317761763,0.4917844967094961,0.5081663112351222,1.000626591128497,0.00028223801667387255,1.0000734046158162,1.001179777641178,0.017054601218489757,0.0030003579387931248,0.011173899658455232,0.02293530277852428,0.014842277403007108,0.00028223801667387265,0.014289090890326317,0.015395463915687899,0.0015154903190428462,0.0002119678730978294,0.0011000332877711006,0.0019309473503145917,0.00010643754829354219,0.0001348340329025418,-0.00015783715619543972,0.0003707122527825241,0.01322034953567077,0.5054370769985984
rich6d_rough,90,0.00020691380811147902,100,0.00011768435106411339,0.4196617398146386,0.003838568739117602,0.41213814508596813,0.4271853345433091,1.0003829289437387,0.00022355336745428613,0.9999447643435283,1.0008210935439492,0.01624552644370117,0.0029628375887015886,0.010438364769846055,0.022052688117556285,0.014598615218248179,0.00022355336745428613,0.014160450618037779,0.015036779818458579,0.001103184258707824,0.0001556085995501926,0.0007981914035894464,0.0014081771138262015,0.00010080244386726162,0.00012057551319922227,-0.00013552556200321404,0.0003371304497377373,0.013394628515673133,0.4240414271789661
rich6d_rough,90,0.00026366508987303556,100,0.00011768435106411339,0.3490095791661723,0.0034494510264891794,0.3422486551542535,0.3557705031780911,1.000202738791237,0.00017593718297575248,0.9998579019126044,1.0005475756698694,0.015578845696160191,0.0029315168184973206,0.009833072731905442,0.02132461866041494,0.014418425065746771,0.00017593718297575253,0.014073588187114296,0.014763261944379246,0.0007836428810929857,0.00011131777710992419,0.0005654600379575343,0.001001825724228437,9.2683821106059e-05,0.00010631922425192056,-0.00011570185842770531,0.00030106950063982327,0.013542098363547788,0.35246301543677444
rich6d_rough,90,0.0003359818286283774,100,0.00011768435106411339,0.2877387612053314,0.0030364204128899763,0.281787377196067,0.29369014521459574,1.0000777669828884,0.00013807671112543913,0.9998071366290826,1.0003483973366942,0.015034131859248576,0.0029056750198752793,0.009339008820293029,0.020729254898204125,0.01429345325739818,0.00013807671112543916,0.01402282290359232,0.01456408361120404,0.0005443030101649884,7.777283129793464e-05,0.0003918682608210365,0.0006967377595089403,8.300313801590475e-05,9.234207123331764e-05,-9.798732160139781e-05,0.0002639935976332073,0.013666147109217345,0.29042249625870764
rich6d_rough,90,0.00042813323987193956,100,0.00011768435106411339,0.23534831714039176,0.002623098527512736,0.2302070440264668,0.2404895902543167,0.9999972763373457,0.00010835204340650716,0.9997849063322689,1.0002096463424224,0.014592290246811945,0.0028845596926921407,0.00893855324913535,0.02024602724448854,0.014212962611855713,0.00010835204340650718,0.014000592606778958,0.014425332616932468,0.0003705450106032898,5.320156519512113e-05,0.0002662699428208524,0.0004748200783857272,7.264048751562141e-05,7.901247897820646e-05,-8.222397128166323e-05,0.00022750494631290606,0.013769777113736854,0.2374101245064357
rich6d_rough,90,0.0005455594781168515,100,0.00011768435106411339,0.19114261897346665,0.0022286923228824794,0.186774382020617,0.1955108559263163,0.9999502052058407,8.51457619937831e-05,0.9997833195123328,1.0001170908993484,0.014236086920028783,0.002867443432843354,0.008615897791655808,0.019856276048401757,0.014165891480350658,8.514576199378308e-05,0.013999005786842843,0.014332777173858474,0.00024785996715744366,3.572793387023035e-05,0.00017783321677179216,0.00031788671754309517,6.232509085734247e-05,6.666969554620301e-05,-6.834751241321544e-05,0.00019299769412790038,0.013855706422335934,0.19271388635984585
rich6d_rough,90,0.0006951927961775591,100,0.00011768435106411339,0.15429014216004716,0.0018665723370080525,0.15063166037951137,0.15794862394058296,0.9999266339628216,6.703366059959069e-05,0.9997952479880463,1.0000580199375968,0.013950394221990918,0.002853658758908317,0.008357223054530617,0.01954356538945122,0.014142320237331325,6.703366059959069e-05,0.014010934262556127,0.014273706212106522,0.00016331105729102066,2.3616528215374698e-05,0.00011702266198888625,0.00020959945259315508,5.2585983546041566e-05,5.555521023363606e-05,-5.630222851188512e-05,0.00016147419560396824,0.013926423196494312,0.15548185001092912
rich6d_rough,90,0.0008858667904100832,100,0.00011768435106411339,0.12389249604682125,0.001544337058649866,0.1208655954118675,0.126919396681775,0.999918507266782,5.285828505034321e-05,0.9998149050280833,1.0000221095054806,0.013722226378013297,0.002842615484788781,0.008150700027827286,0.019293752728199307,0.014134193541291579,5.285828505034321e-05,0.014030591302592906,0.014237795779990252,0.00010623956829409925,1.5403483990373513e-05,7.604873967296716e-05,0.00013643039691523133,4.375247581635774e-05,4.579221475028579e-05,-4.600026509420241e-05,0.0001335052167269179,0.013984201497181187,0.12479459016592293
rich6d_rough,90,0.0011288378916846883,100,0.00011768435106411339,0.09904738101753889,0.0012647669146825839,0.09656843786476102,0.10152632417031676,0.9999197773007453,4.1722452726820826e-05,0.9998380012934007,1.00000155330809,0.013540634789930393,0.0028338058505575302,0.007986375322837634,0.019094894257023154,0.014135463575255048,4.172245272682084e-05,0.01405368756791048,0.014217239582599616,6.838211543239485e-05,9.935427503868506e-06,4.890867752481258e-05,8.785555333997713e-05,3.598513687068478e-05,3.739701255455034e-05,-3.731300773623388e-05,0.00010928328147760344,0.014031096322952021,0.09973048525659375
rich6d_rough,90,0.00143844988828766,100,0.00011768435106411339,0.07889682899932654,0.0010271218717061205,0.07688367013078254,0.08090998786787054,0.9999261981623347,3.29454408832995e-05,0.9998616250982035,0.999990771226466,0.013396521216606026,0.002826801922773241,0.007855989447970474,0.01893705298524158,0.014141884436844198,3.29454408832995e-05,0.014077311372712932,0.014206457500975465,4.3631310778263377e-05,6.349981438007112e-06,3.118534715976944e-05,5.6077274396757315e-05,2.931892807089469e-05,3.030552940033831e-05,-3.0079909553768397e-05,8.871776569555778e-05,0.01406893419799509,0.07941513756692442
rich6d_rough,90,0.0018329807108324375,100,0.00011768435106411339,0.0626584970869966,0.0008284082362039627,0.061034816944036833,0.06428217722995637,0.9999349696939351,2.6012003439629794e-05,0.9998839861671934,0.9999859532206768,0.013282412718074907,0.0028212486825190267,0.007752765300337615,0.0188120601358122,0.014150655968445194,2.601200343962979e-05,0.01409967244170352,0.014201639495186867,2.764098552079066e-05,4.028194236998443e-06,1.9745724816273714e-05,3.5536246225307606e-05,2.3705714953878138e-05,2.44026478144505e-05,-2.412347476244484e-05,7.153490467020112e-05,0.014099309267970584,0.06305296124762638
rich6d_rough,90,0.002335721469090121,100,0.00011768435106411339,0.04964178663386616,0.0006644215534545153,0.04833952038909531,0.050944052878637014,0.9999443618322819,2.0528707108092048e-05,0.99990412556635,0.9999845980982137,0.013192228531795842,0.0028168551609574636,0.007671192416319214,0.018713264647272472,0.014160048106791676,2.0528707108092048e-05,0.014119811840859815,0.014200284372723537,1.741000997366726e-05,2.539916050177322e-06,1.2431774515319708e-05,2.238824543201481e-05,1.9049534591538978e-05,1.9547573545935393e-05,-1.9263709558494394e-05,5.736277874157235e-05,0.014123588562226513,0.04994306993740415
rich6d_rough,90,0.002976351441631313,100,0.00011768435106411339,0.03925232722292479,0.0005305076770193347,0.038212532175966894,0.04029212226988269,0.9999533872445231,1.6191267328968276e-05,0.9999216523605583,0.9999851221284879,0.013121057686280095,0.002813385124633995,0.007606822841997466,0.018635292530562723,0.014169073519033298,1.6191267328968276e-05,0.01413733863506852,0.014200808402998076,1.0915048975701307e-05,1.5937260475322355e-06,7.791345922538126e-06,1.4038752028864488e-05,1.5232594636336365e-05,1.5592700528885486e-05,-1.5329098400279185e-05,4.5794287672951916e-05,0.014142925875421306,0.0394832956291453
rich6d_rough,90,0.003792690190732238,100,0.00011768435106411339,0.030988610664502262,0.0004220623196287621,0.030161368518029887,0.03181585281097463,0.9999615457933525,1.2761543332150217e-05,0.9999365331684215,0.9999865584182835,0.013064957641101455,0.0028106481853660426,0.007556087197784012,0.0185738280844189,0.014177232067861907,1.2761543332150217e-05,0.014152219442930892,0.014202244692792921,6.817680934699114e-06,9.961291385286215e-07,4.865267823183016e-06,8.770094046215211e-06,1.2132630097299107e-05,1.2395989875735671e-05,-1.2163510059142809e-05,3.642877025374102e-05,0.014158281756829972,0.031166309609607618
rich6d_rough,90,0.004832930238571752,100,0.00011768435106411339,0.024434013681212854,0.0003348226257681234,0.023777761334707333,0.025090266027718376,0.9999686395991345,1.0051545618407032e-05,0.9999489385697224,0.9999883406285466,0.013020778369285845,0.0028084917832205867,0.0075161344741734954,0.018525422264398194,0.014184325873644503,1.0051545618407032e-05,0.014164624844232426,0.01420402690305658,4.2458032944792076e-06,6.206814348342787e-07,3.0292676822040217e-06,5.4623389067543935e-06,9.633362260458987e-06,9.82803848273528e-06,-9.629593165702163e-06,2.8896317686620136e-05,0.014170446708089623,0.024571179211298776
rich6d_rough,90,0.006158482110660254,100,0.00011768435106411339,0.019246632366691673,0.0002650098580199409,0.018727213044972588,0.01976605168841076,0.999974646755904,7.912115856939981e-06,0.9999591390088244,0.9999901545029836,0.012986012561624911,0.002806794219608244,0.007484695891192754,0.01848732923205707,0.01419033303041391,7.912115856939985e-06,0.014174825283334308,0.014205840777493513,2.637909952956588e-06,3.857893663966656e-07,1.8817627948191235e-06,3.3940571110940526e-06,7.629992205262361e-06,7.77530376444565e-06,-7.609603173051114e-06,2.2869587583575837e-05,0.014180065128255738,0.019352818970792038
rich6d_rough,90,0.00784759970351459,100,0.00011768435106411339,0.015148561384177415,0.00020937443979127538,0.014738187482186516,0.015558935286168314,0.9999796392664888,6.224640061436183e-06,0.9999674389719684,0.9999918395610092,0.012958670469032898,0.0028054587562346403,0.007459971306813003,0.018457369631252794,0.01419532554099872,6.224640061436183e-06,0.014183125246478304,0.014207525835519135,1.6358721062620713e-06,2.3932198485662056e-07,1.166801015943095e-06,2.1049431965810476e-06,6.031405079927738e-06,6.14080817003893e-06,-6.004578933348564e-06,1.8067389093204042e-05,0.014187658263812566,0.015230972260004198
rich6d_rough,90,0.01,100,0.00011768435106411339,0.011915611315098879,0.00016518242941723237,0.011591853753441104,0.012239368876756654,0.9999837321801925,4.894764892634172e-06,0.999974138441003,0.9999933259193821,0.012937176810981117,0.0028044087081629636,0.007440535742981709,0.018433817878980525,0.014199418454702266,4.894764892634171e-06,0.014189824715512703,0.014209012193891828,1.0129724280713278e-06,1.482325028619573e-07,7.224367224618916e-07,1.303508133680764e-06,4.760364354277569e-06,4.843349762509995e-06,-4.732601180242022e-06,1.425332988879716e-05,0.014193645117919967,0.01197970565492254
rich6d_rough,120,1e-12,100,0.00011768435106411339,119.99122154431475,1.8150799097415104e-05,119.99118596874852,119.99125711988098,2.0873247327196123,0.014879327353691818,2.0581612511063763,2.1164882143328483,0.013674965608928731,0.00157593404395135,0.010586134882784086,0.016763796335073376,1.1015404189941227,0.014879327353691818,1.0723769373808867,1.1307039006073587,1.1014226849032764,0.014879328277890777,1.0722592014786105,1.1305861683279423,4.968602282259125e-08,1.1151259150311198e-08,2.78295548879813e-08,7.15424907572012e-08,0.00011768440482345585,511.55579899539526
rich6d_rough,120,1.2742749857031321e-12,100,0.00011768435106411339,119.9888142982143,2.3127029424788626e-05,119.98876896923662,119.98885962719197,2.0872665404459623,0.014878302999099058,2.058105066567728,2.1164280143241965,0.01367528891745179,0.0015759419292845414,0.010586442736054089,0.01676413509884949,1.101482226720472,0.014878302999099058,1.0723207528422378,1.1306437005987062,1.1013644790361659,0.014878304176247744,1.0722030028507203,1.1305259552216114,6.324605889006636e-08,1.4206565815167157e-08,3.5401189892338726e-08,9.109092788779399e-08,0.00011768443824707389,511.4342511796711
rich6d_rough,120,1.6237767391887243e-12,100,0.00011768435106411339,119.98574709450193,2.946681860318956e-05,119.98568933953747,119.98580484946639,2.0871923995014527,0.014876997981126,2.0580334834584457,2.1163513155444598,0.0136757008716097,0.0015759519769999273,0.010586834996689842,0.01676456674652956,1.1014080857759623,0.014876997981126003,1.0722491697329553,1.1305670018189693,1.1012903208002007,0.014876999480269285,1.072131401818873,1.1304492397815284,8.04833582424641e-08,1.8097874536644047e-08,4.501152415064177e-08,1.1595519233428644e-07,0.0001176844924022126,511.27954317913793
rich6d_rough,120,2.06913808111479e-12,100,0.00011768435106411339,119.98183910396841,3.7543348646775e-05,119.98176551900507,119.98191268893176,2.0870979430526937,0.014875335502451412,2.057942285467889,2.1162536006374983,0.013676225766112987,0.0015759647799556,0.010587334797400011,0.016765116734825964,1.1013136293272046,0.014875335502451412,1.0721579717423997,1.1304692869120094,1.1011958423664885,0.014875337411364719,1.0720401810402136,1.1303515036927634,1.0238062171178721e-07,2.3053244504554733e-08,5.7196262482859935e-08,1.4756498094071447e-07,0.00011768458009623131,511.0826898713984
rich6d_rough,120,2.6366508987303555e-12,100,0.00011768435106411339,119.97686001305476,4.783165280806669e-05,119.97676626301526,119.97695376309426,2.0869776112177316,0.014873217815285594,2.057826104299772,2.1161291181356914,0.013676894547510183,0.0015759810934732252,0.010587971604302662,0.016765817490717705,1.1011932974922423,0.014873217815285588,1.0720417905742825,1.130344804410202,1.1010754825960296,0.014873220245483163,1.0719239709148827,1.1302269942771765,1.301742174737548e-07,2.9362523103524883e-08,7.262367219084603e-08,1.8772476275666356e-07,0.00011768472199382395,510.832309506444
rich6d_rough,120,3.359818286283788e-12,100,0.00011768435106411339,119.97051652164191,6.093623775807369e-05,119.9703970866159,119.97063595666792,2.0868243267451287,0.014870520545512975,2.0576781064759233,2.115970547014334,0.013677746631437298,0.0015760018798087884,0.010588782947012073,0.01676671031586252,1.101040013019638,0.01487052054551298,1.0718937927504326,1.1301862332888435,1.1009221626541021,0.014870523638552197,1.0717759363225399,1.1300683889856644,1.6541415503890413e-07,3.739382534188965e-08,9.212225736880041e-08,2.3870605270900784e-07,0.00011768495137976995,510.51400782195174
rich6d_rough,120,4.281332398719396e-12,100,0.00011768435106411339,119.96243518112888,7.76260874785673e-05,119.96228303399742,119.96258732826034,2.08662908354368,0.014867085503783392,2.0574895959562642,2.1157685711310954,0.01367883221376284,0.0015760283647651638,0.010589816618823118,0.01676784780870256,1.1008447698181891,0.014867085503783392,1.0717052822307738,1.1299842574056045,1.1007268744616112,0.014867089439168707,1.0715873791608406,1.1298663697623819,2.1003482771222185e-07,4.7614250187181734e-08,1.1671089734534566e-07,3.0335875807909803e-07,0.00011768532174880227,510.10961823238847
rich6d_rough,120,5.455594781168514e-12,100,0.00011768435106411339,119.95214059610218,9.887895319800005e-05,119.95194679335391,119.95233439885045,2.0863804252763587,0.014862711595546871,2.0572495105490867,2.1155113400036307,0.013680215208396884,0.0015760621097429099,0.01059113347330078,0.016769296943492988,1.1005961115508682,0.014862711595546871,1.0714651968235964,1.12972702627814,1.1004781591957848,0.014862716600598217,1.0713472346586124,1.1296090837329573,2.6643624661842027e-07,6.061582823762366e-08,1.476292232726779e-07,3.8524326996416265e-07,0.00011768591883755224,509.596273316758
rich6d_rough,120,6.951927961775591e-12,100,0.00011768435106411339,119.93902776176026,0.00012593728204666495,119.93878092468745,119.93927459883307,2.086063785671232,0.014857143352173068,2.0569437847009726,2.115183786641491,0.013681976979048353,0.0015761051034082832,0.010592810976368118,0.016771142981728587,1.1002794719457416,0.014857143352173068,1.0711594709754824,1.1293994729160008,1.10016144749245,0.014857149714267836,1.071041434052485,1.1292814609324149,3.3757371686425647e-07,7.71478724668176e-08,1.8636388682929398e-07,4.88783546899219e-07,0.00011768687957382923,508.94528429571903
rich6d_rough,120,8.858667904100833e-12,100,0.00011768435106411339,119.92232699952805,0.00016037866332903328,119.92201265734793,119.92264134170817,2.085660655537241,0.01485005650113754,2.056554544795011,2.1147667662794705,0.013684221075500148,0.001576159878267713,0.01059494771409543,0.016773494436904866,1.0998763418117514,0.014850056501137538,1.0707702310695217,1.128982452553981,1.0997582263391914,0.01485006458278488,1.070652099756933,1.1288643529214497,4.2705089096365647e-07,9.81570793279972e-08,2.3466301548078198e-07,6.19438766446531e-07,0.00011768842166771237,508.12081130785185
rich6d_rough,120,1.1288378916846884e-11,100,0.00011768435106411339,119.90105957518554,0.00020420426984718047,119.90065933481664,119.90145981555445,2.0851475336509235,0.014841039876141018,2.056059095493687,2.11423597180816,0.013687079238059199,0.001576229658839298,0.010597669106734174,0.016776489369384223,1.0993632199254337,0.014841039876141018,1.0702747817681972,1.1284516580826702,1.0992449898297598,0.014841050133346642,1.0701565315684003,1.1283334480911194,5.392063476019538e-07,1.2483687711927013e-07,2.9452606844818436e-07,7.838866267557232e-07,0.00011769088932708088,507.0783211369148
rich6d_rough,120,1.4384498882876659e-11,100,0.00011768435106411339,119.87398162856374,0.0002599494198530105,119.87347212770082,119.87449112942666,2.0844946097911374,0.014829572844962632,2.0554286470150105,2.1135605725672644,0.013690718999128066,0.0015763185498496204,0.01060113464142281,0.016780303356833323,1.0987102960656463,0.014829572844962627,1.0696443332895196,1.127776258841773,1.0985919220660179,0.014829585849297167,1.0695259338013954,1.1276579103306403,6.791767169544479e-07,1.5868760654593383e-07,3.6814900812441757e-07,9.902044257844782e-07,0.00011769482291213752,505.76285487598955
rich6d_rough,120,1.8329807108324375e-11,100,0.00011768435106411339,119.83951350620481,0.0003308210298598612,119.83886509698628,119.84016191542334,2.0836641185761375,0.014814997316244947,2.0546267238362974,2.1127015133159777,0.01369535328931182,0.0015764317750658556,0.010605547010182743,0.016785159568440896,1.0978798048506468,0.014814997316244947,1.0688424101108067,1.126917199590487,1.0977612508779417,0.0148150137808648,1.0687238238674468,1.1267986778884367,8.529095074426826e-07,2.0158909126402957e-07,4.5779488856518466e-07,1.2480241263201806e-06,0.0001177010631978094,504.1071712676116
rich6d_rough,120,2.3357214690901212e-11,100,0.00011768435106411339,119.79565097083118,0.0004208672655316225,119.79482607099074,119.79647587067161,2.0826082931880965,0.014796483301129513,2.053607185917883,2.11160940045831,0.013701252548852969,0.0015765759800462913,0.010611163627962238,0.0167913414697437,1.0968239794626053,0.01479648330112951,1.0678228721923915,1.1258250867328192,1.0967052014722867,0.014796504110658169,1.0677040534153968,1.1257063495291766,1.0670864147837653e-06,2.5588694927437567e-07,5.655479942059889e-07,1.5686248353615417e-06,0.00011771090390379733,502.0298980840705
rich6d_rough,120,2.976351441631313e-11,100,0.00011768435106411339,119.73985408152812,0.0005351849398588797,119.73880511904599,119.74090304401025,2.0812668400851138,0.014772986995427598,2.0523117855740756,2.110221894596152,0.013708759952972055,0.0015767596153891806,0.010618311106809261,0.016799208799134848,1.0954825263596235,0.014772986995427598,1.0665274718485853,1.1244375808706617,1.095363471146671,0.014773013238984816,1.0664083651982608,1.1243185770950814,1.3289046555935574e-06,3.2449353660142683e-07,6.928973238547608e-07,1.964911987332354e-06,0.00011772630829701841,499.43391860157857
rich6d_rough,120,3.7926901907322536e-11,100,0.00011768435106411339,119.66890884018301,0.0006801698379443112,119.66757570730064,119.67024197306537,2.079563852140015,0.014743200485344882,2.0506671791887388,2.108460525091291,0.013718310479907783,0.0015769934210320326,0.010627403374684999,0.016809217585130567,1.093779538414524,0.014743200485344882,1.0648828654632478,1.1226762113658,1.0936601425554873,0.014743233490979482,1.0647634049131676,1.122556880197807,1.6456540423732367e-06,4.110036495251372e-07,8.400868893039678e-07,2.4512211954425055e-06,0.00011775020499503117,496.2053427481855
rich6d_rough,120,4.832930238571752e-11,100,0.00011768435106411339,119.57875607139349,0.0008638136538134378,119.57706299663201,119.58044914615496,2.077404082903329,0.01470549257967593,2.048581317447164,2.106226848359494,0.013730454676730371,0.001577291036917241,0.010638964244372578,0.016821945109088163,1.0916197691778384,0.01470549257967593,1.0627970037216736,1.1204425346340032,1.0914999582772078,0.014705533946864488,1.0626771117413534,1.1203228048130622,2.024029286623703e-06,5.198240317819132e-07,1.0051741843311533e-06,3.042884388916253e-06,0.00011778687134627285,492.2135516602387
rich6d_rough,120,6.158482110660255e-11,100,0.00011768435106411339,119.46428160439507,0.0010960478167154318,119.4621333506743,119.46642985811583,2.0746685262258278,0.014657841110226052,2.0459391576497845,2.103397894801871,0.01374588809785483,0.0015776697709035102,0.01065365534688395,0.01683812084882571,1.088884212500338,0.014657841110226052,1.060154843924295,1.117613581076381,1.0887639009617296,0.014657892734833334,1.0600344312014562,1.117493370722003,2.469143013192374e-06,6.563144119494405e-07,1.1827667657714708e-06,3.7555192606132775e-06,0.0001178423955944894,487.3129300546083
rich6d_rough,120,7.847599703514623e-11,100,0.00011768435106411339,119.31906192524599,0.001389128001484907,119.31633923436308,119.3217846161289,2.071209294491356,0.01459775857401297,2.0425976876862904,2.0998209012964213,0.013765487481519276,0.0015781515611912583,0.01067231042158441,0.01685866454145414,1.0854249807658658,0.014597758574012973,1.0568133739608003,1.1140365875709313,1.0853040723182859,0.014597822657139428,1.0566923399102925,1.1139158047262792,2.9832700831728094e-06,8.269363772017602e-07,1.3624747838573595e-06,4.604065382488259e-06,0.00011792517749793785,481.3469573021195
rich6d_rough,120,1e-10,100,0.00011768435106411339,119.13506049287481,0.0017580419588521183,119.13161473063546,119.13850625511417,2.0668438813623253,0.014522215558323231,2.038380338868012,2.0953074238566387,0.013790354752702644,0.0015787641775761416,0.010695976964653407,0.01688473254075188,1.0810595676368344,0.014522215558323231,1.0525960251425208,1.109523110131148,1.0809379567877826,0.014522294587003798,1.0524742593972551,1.10940165417831,3.564467955861251e-06,1.0394049640996608e-06,1.5272342262259158e-06,5.601701685496587e-06,0.00011804638109682263,474.15523564810377
rich6d_rough,120,1.274274985703132e-10,100,0.00011768435106411339,118.90227250720531,0.0022209054522678855,118.89791953251887,118.90662548189175,2.061349052888621,0.014427570407949647,2.0330710148890394,2.0896270908882024,0.013821869838705399,0.0015795427133622679,0.010725966120515355,0.016917773556895443,1.07556473916313,0.014427570407949647,1.0472867011635487,1.1038427771627113,1.0754423135884574,0.014427667092312014,1.047164086087526,1.1037205410893889,4.205372468687123e-06,1.3028361430586235e-06,1.6518136282922212e-06,6.7589313090820256e-06,0.00011822020220394504,465.5837090438867
rich6d_rough,120,1.6237767391887175e-10,100,0.00011768435106411339,118.60832099202557,0.0027992843868287426,118.60283439462738,118.61380758942376,2.0544548601109915,0.014309519472503593,2.0264082019448844,2.0825015182770987,0.01386175297188511,0.0015805314272612412,0.010763911374453077,0.016959594569317143,1.068670546385501,0.014309519472503598,1.040623888219394,1.096717204551608,1.0685471899837502,0.014309636621747205,1.0405003022051256,1.0965940777623748,4.892621435692124e-06,1.6278802391622743e-06,1.7019761669340661e-06,8.083266704450182e-06,0.00011846378031504269,455.49772664525614
rich6d_rough,120,2.0691380811147902e-10,100,0.00011768435106411339,118.23801579633205,0.0035183441122358266,118.23111984187207,118.24491175079203,2.045839632258223,0.014163090210373541,2.018079975445891,2.0735992890705552,0.013912136522708184,0.0015817860015060984,0.010811835959756232,0.017012437085660137,1.060055318532733,0.014163090210373541,1.0322956617204009,1.0878149753450652,1.0599309144972935,0.014163230530092927,1.0321709826583114,1.0876908463362756,5.607430011539842e-06,2.0268242841258507e-06,1.6348544146531745e-06,9.580005608426509e-06,0.00011879660542839232,443.79679304137244
rich6d_rough,120,2.6366508987303556e-10,100,0.00011768435106411339,117.77290088671387,0.004406680022725254,117.76426379386933,117.78153797955841,2.0351273046676694,0.013982709011340837,2.007721195005441,2.0625334143298977,0.013975645326992888,0.0015833762879020243,0.01087222780270492,0.017079062851280854,1.0493429909421794,0.013982709011340837,1.0219368812799514,1.0767491006044074,1.0492174238272225,0.013982874808317596,1.02181098920292,1.076623858451525,6.327738219126138e-06,2.5136316735630054e-06,1.4010201389426475e-06,1.1254456299309627e-05,0.0001192393767387237,430.4290299650896
rich6d_rough,120,3.3598182862837877e-10,100,0.00011768435106411339,117.1908353082824,0.005495632555178693,117.18006386847425,117.20160674809055,2.0218890352499166,0.01376238511324209,1.994914760427962,2.048863310071871,0.01405548282813034,0.001585389616652278,0.010948119179491875,0.017162846476768804,1.0361047215244257,0.013762385113242093,1.009130446702471,1.0630789963463803,1.0359778770404373,0.013762577900890088,1.0090032243546927,1.062952529726182,7.032020559954133e-06,3.103861963580989e-06,9.484511113353942e-07,1.311559000857287e-05,0.00011981246342869165,415.4028718256957
rich6d_rough,120,4.281332398719396e-10,100,0.00011768435106411339,116.46567978191551,0.006817848877010561,116.45231679811657,116.47904276571445,2.0056516688631527,0.013496057475370147,1.9791993962114272,2.0321039415148783,0.014155518104108327,0.0015879347420555089,0.01104316600967953,0.017267870198537125,1.0198673551376631,0.013496057475370147,0.9934150824859377,1.0463196277893887,1.0197391164546294,0.0134962774821454,0.9932864125896245,1.0461918203196345,7.704337922895649e-06,3.814377154023273e-06,2.2815870101003374e-07,1.5180517144781263e-05,0.00012053434511110142,398.7936297528796
rich6d_rough,120,5.455594781168515e-10,100,0.00011768435106411339,115.56719235398131,0.008404849824926595,115.55071884832445,115.58366585963817,1.9859160009144858,0.01317814589185263,1.9600868349664546,2.011745166862517,0.014280366120345387,0.0015911464915637507,0.011161718996880437,0.017399013243810338,1.0001316871889956,0.01317814589185263,0.9743025212409644,1.0259608531370268,1.0000019269407,0.013178391484053448,0.9741722796319552,1.0258315742494446,8.33967707065612e-06,4.662700402832517e-06,-7.992157188956141e-07,1.7478569860207854e-05,0.00012142057122488392,380.74338360398104
rich6d_rough,120,6.951927961775591e-10,100,0.00011768435106411339,114.46126734310447,0.010283433531012808,114.44111181338369,114.48142287282525,1.9621875985515902,0.012804321035986267,1.937091129321057,1.9872840677821233,0.014435450771287866,0.001595191162600007,0.011308876092591853,0.01756202544998388,0.9764032848260998,0.012804321035986268,0.9513068155955667,1.0014997540566328,0.9762718527999423,0.012804588074850683,0.951174860173235,1.0013688454266496,8.948253010067985e-06,5.665865749585395e-06,-2.1568438591193895e-06,2.005334987925536e-05,0.0001224837731473461,361.4539883315178
rich6d_rough,120,8.858667904100832e-10,100,0.00011768435106411339,113.11067121133465,0.012470939474978257,113.08622816996369,113.1351142527056,1.9340216722564627,0.012372450539603333,1.9097716691988402,1.9582716753140852,0.014627038269431021,0.0016002726566932686,0.011490503862312214,0.01776357267654983,0.948237358530972,0.012372450539603331,0.9239873554733495,0.9724873615885945,0.9481040661173266,0.01237273170408457,0.9238535119773208,0.9723546202573323,9.55737086619042e-06,6.8386101710223055e-06,-3.846305069013298e-06,2.296104680139414e-05,0.00012373504277967025,341.1743639987196
rich6d_rough,120,1.1288378916846883e-09,100,0.00011768435106411339,111.47642056703567,0.014969729541950434,111.44707989713345,111.5057612369379,1.9010807237617842,0.011883587033564088,1.8777888931759985,1.9243725543475698,0.01486222837176817,0.0016066392154551385,0.0117132155094761,0.01801124123406024,0.9152964100362937,0.011883587033564088,0.892004579450508,0.9385882406220794,0.9151610137691315,0.01188387116353901,0.8918686262885951,0.9384534012496679,1.0209675331395454e-05,8.190844503627305e-06,-5.844379895714062e-06,2.626373055850497e-05,0.00012518659183122748,320.1842177937985
rich6d_rough,120,1.4384498882876659e-09,100,0.00011768435106411339,109.51989269994436,0.017761676371756654,109.48507981425573,109.554705585633,1.8631994160345509,0.011342755959492414,1.8409676143539457,1.885431217715156,0.015148893960132987,0.001614590366616709,0.011984296841564237,0.018313491078701737,0.8774151023090601,0.011342755959492416,0.8551833006284549,0.8996469039896652,0.8772772900661271,0.011343027520734938,0.8550449561254866,0.8995096240067676,1.0957112553677262e-05,9.724522084607775e-06,-8.102950732153975e-06,3.00171758395085e-05,0.00012685513037736552,298.7766729612716
rich6d_rough,120,1.8329807108324374e-09,100,0.00011768435106411339,107.20564554854346,0.02080385066087773,107.16487000124813,107.24642109583878,1.820446166422333,0.010759222448143048,1.7993580904239728,1.8415342424206933,0.015495566104951165,0.0016244832330430143,0.012311578968186857,0.018679553241715472,0.8346618526968436,0.01075922244814305,0.8135737766984832,0.8557499286952039,0.8345212370526076,0.010759461296235763,0.8134326929119855,0.8556097811932297,1.185065262548936e-05,1.1430299776627887e-05,-1.05527349367013e-05,3.425404018768002e-05,0.00012876499161056446,277.2419981120626
rich6d_rough,120,2.335721469090121e-09,100,0.00011768435106411339,104.50475833759319,0.024026755861277692,104.45766589610508,104.55185077908129,1.773167262392639,0.010145939937922042,1.753281220114312,1.7930533046709662,0.015911271049197616,0.0016367366916513575,0.012703267133560955,0.019119274964834277,0.7873829486671481,0.010145939937922042,0.7674969063888208,0.8072689909454753,0.7872390720897162,0.010146121654187663,0.7673526736475084,0.8071254705319241,1.2926750064516632e-05,1.3284707538868776e-05,-1.3111276711666168e-05,3.8964776840699436e-05,0.00013094982736767263,255.85398912362106
rich6d_rough,120,2.9763514416313133e-09,100,0.00011768435106411339,101.3983218000015,0.027336174951512998,101.34474289709654,101.45190070290646,1.7219992923855472,0.009518072077137982,1.7033438711143567,1.7406547136567376,0.016405335097708622,0.0016518311473379967,0.013167746048926149,0.019642924146491096,0.7362149786600568,0.009518072077137982,0.7175595573888663,0.7548703999312473,0.7360673342568912,0.009518169237983433,0.7174117225504437,0.7547229459633387,1.4192586858995533e-05,1.5248827376754128e-05,-1.569511479944256e-05,4.408028851743362e-05,0.00013345181630721598,234.85983268649733
rich6d_rough,120,3.792690190732238e-09,100,0.00011768435106411339,97.88056946325682,0.030618938921964028,97.82055634296977,97.94058258354387,1.667840988912023,0.00889082514345036,1.6504149716308603,1.6852670061931856,0.01698718004106919,0.0016703013177240874,0.01371338945832998,0.020260970623808404,0.6820566751865317,0.008890825143450364,0.664630657905369,0.6994826924676943,0.6819047442590727,0.008890809935093471,0.6644787567862894,0.6993307317318559,1.5613140091888815e-05,1.7269655195448792e-05,-1.8235384091190816e-05,4.9461664274968446e-05,0.0001363177873671944,214.47364689376235
rich6d_rough,120,4.832930238571752e-09,100,0.00011768435106411339,93.96111373935601,0.033751926871715375,93.89495996268745,94.02726751602457,1.6117854218576744,0.008277196889303375,1.5955621159546398,1.628008727760709,0.017666133190422886,0.0016927199697309527,0.01434840204975022,0.020983864331095555,0.6260011081321846,0.008277196889303375,0.60977780222915,0.6422244140352191,0.6258444120837308,0.008277045490635921,0.6096214029220843,0.6420674212453772,1.7103670613687484e-05,1.928535425677634e-05,-2.0695623729594145e-05,5.490296495696912e-05,0.00013959237784066762,194.8733960629921
rich6d_rough,120,6.158482110660254e-09,100,0.00011768435106411339,89.66586536564029,0.036612767772404346,89.59410434080637,89.7376263904742,1.55502432538536,0.007686409326230374,1.5399589631059485,1.5700896876647714,0.018451271800796393,0.0017196723163296172,0.015080714060790344,0.021821829540802442,0.5692400116598697,0.007686409326230374,0.5541746493804581,0.5843053739392813,0.5690781715727075,0.00768610847135405,0.5540133989688535,0.5841429441765614,1.8530921102470678e-05,2.12355123463229e-05,-2.3090683096322207e-05,6.0152525301263563e-05,0.00014330916605967067,176.20051895330542
rich6d_rough,120,7.847599703514623e-09,100,0.00011768435106411339,85.03644798784241,0.03909038480381654,84.95983083362692,85.11306514205789,1.4987435630280745,0.007123569171622987,1.4847813674516934,1.5127057586044557,0.019351312175480292,0.001751723306295987,0.01591793449514016,0.022784689855820425,0.5129592493025843,0.007123569171622987,0.49899705372620323,0.5269214448789653,0.5127920428765452,0.0071231252020455705,0.4988307174805359,0.5267533682725546,1.9724906235965162e-05,2.3077224246501908e-05,-2.5506453287178578e-05,6.49562657591089e-05,0.00014748151980342045,158.56143581388838
rich6d_rough,120,1e-08,100,0.00011768435106411339,80.12819665845903,0.04109378974911128,80.04765283055077,80.20874048636729,1.4440293706186969,0.006590546386609874,1.4311118997009415,1.4569468415364522,0.020374539781580023,0.001789382060197788,0.01686735094359236,0.023881728619567687,0.45824505689320744,0.006590546386609876,0.4453275859754521,0.4711625278109628,0.45807246047055405,0.006589996646178466,0.44515606704404426,0.47098885389706385,2.0500812624494246e-05,2.4807103415087503e-05,-2.812111006907726e-05,6.912273531806575e-05,0.000152095610028994,142.03016438674965
rich6d_rough,120,1.274274985703132e-08,100,0.00011768435106411339,75.00706129426442,0.04255818831446242,74.92364724516807,75.09047534336077,1.3917994951600619,0.0060874970529104875,1.3798680009363573,1.4037309893837664,0.021528759919727664,0.0018330680758006199,0.01793594649115845,0.02512157334829688,0.4060151814345717,0.006087497052910488,0.3940836872108672,0.41794667565827626,0.40583738517691864,0.0060869223644182385,0.39390701734265887,0.4177677530111784,2.0687749696848553e-05,2.6487747062097716e-05,-3.122823454486297e-05,7.260373393856007e-05,0.00015710850795627208,126.65153146481829
rich6d_rough,120,1.623776739188721e-08,100,0.00011768435106411339,69.74586385032444,0.04344814850016457,69.66070547926412,69.83102222138476,1.342764868751412,0.0056142439466941975,1.3317609506158914,1.3537687868869326,0.022821233243205133,0.001883082700505047,0.01913039115021524,0.026512075336195026,0.35698055502592246,0.005614243946694196,0.3459766368904018,0.3679844731614431,0.3567979420755804,0.005613779286533398,0.34579493467397493,0.3678009494771859,2.0158765273497474e-05,2.8274101904954978e-05,-3.525847446021429e-05,7.557600500720923e-05,0.00016245418506859698,112.44473552856861
rich6d_rough,120,2.0691380811147902e-08,100,0.00011768435106411339,64.42037056551149,0.04375803198351121,64.3346048228238,64.50613630819917,1.2974197733109287,0.005170980285820295,1.287284651950721,1.3075548946711364,0.024258552574192835,0.0019395881191076024,0.020456959860741933,0.028060145287643737,0.3116354595854382,0.005170980285820292,0.3015003382252304,0.321770580945646,0.31144854471980393,0.005170819539704474,0.30131373842198317,0.3215833510176247,1.8855577802972973e-05,3.0430168891230575e-05,-4.078755322383896e-05,7.84987088297849e-05,0.00016805928783143742,99.40712075409623
rich6d_rough,120,2.6366508987303555e-08,100,0.00011768435106411339,59.105568273058786,0.043510018950750684,59.020288635915314,59.19084791020226,1.2560538793624636,0.004758263332696003,1.2467276832303795,1.2653800754945477,0.025846418898781573,0.002002595632931096,0.021921331458236624,0.02977150633932652,0.2702695656369735,0.004758263332696004,0.26094336950488933,0.2795957617690577,0.2700788941986671,0.004758654344864678,0.2607519316827323,0.2794058567146019,1.680241108802772e-05,3.3321760832775086e-05,-4.8508240144211446e-05,8.211306232026689e-05,0.00017386902721840992,87.5179592570985
rich6d_rough,120,3.3598182862837814e-08,100,0.00011768435106411339,53.87242230653641,0.04275001469366365,53.78863227773682,53.95621233533599,1.2187783297584354,0.004376657469729034,1.2102000811177664,1.2273565783991043,0.027589278822442553,0.002071964566635367,0.023528228271837235,0.031650329373047875,0.23299401603294453,0.004376657469729034,0.22441576739227562,0.24157226467361345,0.23280002771372282,0.004377885905608575,0.22421937133873002,0.24138068408871563,1.4105916889447103e-05,3.73754296497103e-05,-5.9149925223985086e-05,8.736175900287928e-05,0.00017988240233236114,76.74197214556904
rich6d_rough,120,4.281332398719396e-08,100,0.00011768435106411339,48.785281020734026,0.04154175514336051,48.70385918065304,48.86670286081501,1.1855589951461039,0.004026437106240949,1.1776671784178716,1.193450811874336,0.029489782338729228,0.00214741146522352,0.02528085586689113,0.03369870881056733,0.1997746814206137,0.004026437106240947,0.19188286469238144,0.20766649814884594,0.19957754348466902,0.004028800928797162,0.1916810936642266,0.20747399330511146,1.094151111950288e-05,4.301588864800502e-05,-7.336963063058696e-05,9.525265286959273e-05,0.00018619642482528218,67.03240026522778
rich6d_rough,120,5.4555947811685146e-08,100,0.00011768435106411339,43.89999721210839,0.03995969079035513,43.82167621815929,43.97831820605749,1.1562516450284521,0.003707506444941818,1.1489849323963661,1.1635183576605381,0.031548004238713345,0.0022285262833856272,0.027180092723277517,0.03591591575414917,0.17046733130296218,0.0037075064449418197,0.1632006186708762,0.17773404393504816,0.17026674043803436,0.0037112851184333147,0.16299262160590505,0.17754085927016366,7.529361034913209e-06,5.061813324930787e-05,-9.168218013373022e-05,0.00010674090220355663,0.0001930615038929582,58.333636446912216
rich6d_rough,120,6.951927961775605e-08,100,0.00011768435106411339,39.262761422186074,0.03808167697099684,39.18812133532292,39.33740150904923,1.130635146899353,0.00341940014039819,1.1239331226241724,1.1373371711745335,0.033760357990721766,0.0023147891851007935,0.029223371187924212,0.038297344793519324,0.14485083317386263,0.0034194001403981904,0.13814880889868217,0.1515528574490431,0.14464577414489987,0.003424822600631728,0.13793312184766168,0.15135842644213807,4.104814774271783e-06,6.0501040926530145e-05,-0.00011447722544172729,0.00012268685499027085,0.0002009542141885902,50.58358636174
rich6d_rough,120,8.858667904100815e-08,100,0.00011768435106411339,34.90958173385518,0.03598286096653365,34.83905532636077,34.98010814134958,1.1084398988780921,0.0031611661220085686,1.1022440132789553,1.114635784477229,0.03611814973386249,0.0024055802258758775,0.03140321249114577,0.040833086976579204,0.12265558515260193,0.003161166122008569,0.11645969955346513,0.12885147075173872,0.12244401895438829,0.0031683792868311246,0.11623399555219929,0.1286540423565773,8.879232378858657e-07,7.295200939503032e-05,-0.00014209801517637357,0.0001438738616521453,0.00021067827497577886,43.715904472213474
rich6d_rough,120,1.1288378916846883e-07,100,0.00011768435106411339,30.86630015841139,0.0337320422714149,30.800185355559417,30.932414961263365,1.0893699658677527,0.002931134722536816,1.0836249418115806,1.0951149899239248,0.038605806129330754,0.002500177371842661,0.03370545848051914,0.04350615377814237,0.10358565214226281,0.0029311347225368157,0.09784062808609065,0.10933067619843498,0.1033640883456097,0.0029401712304394775,0.09760135273394832,0.10912682395727108,-1.944755492553968e-06,8.825145567433535e-05,-0.00017491760861425125,0.0001710280976291433,0.00022350855214576908,37.66208920801571
rich6d_rough,120,1.438449888287663e-07,100,0.00011768435106411339,27.149016249681207,0.03139093643974389,27.08749001425931,27.210542485103105,1.0731190053760697,0.0027268141787880626,1.0677744495856452,1.0784635611664943,0.04119895842401076,0.002597747196239091,0.03610737391938214,0.04629054292863938,0.08733469165057924,0.0027268141787880626,0.08199013586015463,0.09267924744100384,0.08709758168037278,0.0027375554593782334,0.08173197297999144,0.09246319038075412,-4.28484566990718e-06,0.00010667388262464103,-0.0002133656556142036,0.00020479596427438923,0.00024139481587642786,32.353278733271864
rich6d_rough,120,1.8329807108324338e-07,100,0.00011768435106411339,23.764801820782587,0.029015415430472015,23.70793160653886,23.821672035026314,1.0593815325521465,0.0025451502474279435,1.0543930380671878,1.0643700270371053,0.043862701399826454,0.0026973403939816267,0.038575914227622465,0.04914948857203044,0.07359721882665651,0.0025451502474279426,0.06860872434169775,0.07858571331161528,0.07333609315536233,0.0025572802323727624,0.0683238238999117,0.07834836241081294,-6.113838231218239e-06,0.0001284566883326767,-0.0002578889473632646,0.00024566127090082813,0.0002672395095254035,27.721599842943153
rich6d_rough,120,2.3357214690901212e-07,100,0.00011768435106411339,20.712628435866137,0.02665673623376305,20.66038123284796,20.764875638884313,1.047861555562913,0.00238311640594331,1.043190647407264,1.0525324637185618,0.04655037296040678,0.0027978978492597317,0.041066493175857706,0.05203425274495586,0.0620772418374231,0.0023831164059433104,0.05740633368177421,0.06674814999307199,0.06177951205868195,0.00239606457255579,0.0570832254964726,0.0664757986208913,-7.523205795119315e-06,0.0001537358119229958,-0.0003088453971641911,0.00029379898557395243,0.00030525298453631423,23.701074316732157
rich6d_rough,120,2.976351441631313e-07,100,0.00011768435106411339,17.984465340398106,0.02436093017474276,17.93671791725561,18.032212763540603,1.0382798078674247,0.002238310365656107,1.0338927195507388,1.0426668961841106,0.0492031263143609,0.0028982534043107333,0.043522549641911865,0.05488370298680993,0.05249549414193424,0.002238310365656106,0.04810840582524827,0.056882582458620205,0.05214286309365112,0.0022511932118745815,0.04773052439837694,0.0565552017889253,-8.733832345968188e-06,0.000182451214672106,-0.00036633821310329593,0.0003488705484113596,0.00036136488062914196,20.228240952404445
rich6d_rough,120,3.792690190732246e-07,100,0.00011768435106411339,15.566512677528463,0.02216608098869392,15.523067158790623,15.609958196266303,1.0303794047842718,0.002109194182990954,1.0262453841856096,1.034513425382934,0.05175054189467341,0.0029971169278692417,0.045876192716049695,0.05762489107329712,0.04459509105878114,0.002109194182990955,0.040461070460118875,0.04872911165744341,0.04416157796284342,0.002120781229801021,0.04000484675243342,0.048318309173253415,-1.0112613246493585e-05,0.00021423071680458359,-0.0004300048181834774,0.00040977959169049026,0.00044362570918424216,17.24267939128246
rich6d_rough,120,4.832930238571752e-07,100,0.00011768435106411339,13.440509983316776,0.020099141632690387,13.401115665716702,13.47990430091685,1.0239289508221159,0.0019948524152089125,1.0200190400883065,1.0278388615559253,0.054112643474948346,0.0030930611870408865,0.04805024354834821,0.060175043401548486,0.038144637096626216,0.001994852415208912,0.03423472636281675,0.04205454783043568,0.037594348226162845,0.0020035989904557193,0.033667294204869636,0.041521402247456055,-1.217806525732491e-05,0.00024827097887837466,-0.0004987891838589393,0.00047443305334428945,0.0005624669357207537,14.68751883435202
rich6d_rough,120,6.158482110660254e-07,100,0.00011768435106411339,11.585029432414206,0.018174650886662747,11.549407116676347,11.620651748152065,1.0187225546750123,0.0018944424380310239,1.0150094474964715,1.022435661853553,0.05620376152114071,0.0031845817431858056,0.049961981304496535,0.06244554173778489,0.03293824094952187,0.0018944424380310237,0.029225133770981064,0.03665134812806268,0.03222320672373562,0.0018986328417660066,0.028501886353874243,0.03594452709359699,-1.557919163846421e-05,0.0002832492893650158,-0.0005707477987938952,0.0005395894155169667,0.000730613417424782,12.509885919480524
rich6d_rough,120,7.847599703514607e-07,100,0.00011768435106411339,9.976660361930508,0.01639651404398602,9.944523194404296,10.00879752945672,1.014577378830093,0.001806654832881851,1.0110363353576446,1.0181184223025412,0.05793840536813378,0.0032702719604500623,0.051528672325651656,0.0643481384106159,0.028793065104602805,0.0018066548328818503,0.025252021632154377,0.032334108577051233,0.02785169612662806,0.0018046721925918732,0.02431453862914799,0.031388853624108135,-2.102704791820051e-05,0.0003173146560039531,-0.0006429637736859486,0.0006009096778495476,0.0009623960258929986,10.661196957648686
rich6d_rough,120,1e-06,100,0.00011768435106411339,8.59102559112312,0.014761928131144445,8.562092211986077,8.619958970260164,1.0113301751922672,0.0017294397392070213,1.0079404733034214,1.014719877081113,0.05923861382487141,0.003349043262713311,0.05267448902995332,0.0658027386197895,0.025545861466777467,0.0017294397392070213,0.022156159577931704,0.02893556335562323,0.02430276660640334,0.0017201210651953656,0.020931329318620424,0.027674203894186258,-2.916328447808286e-05,0.00034821111249310583,-0.0007116570649645703,0.0006533304960084046,0.001272258144852257,9.097247592051238
rich6d_rough,120,1.2742749857031322e-06,100,0.00011768435106411339,7.403618837270756,0.013265406192517037,7.377618641133422,7.429619033408089,1.0088341260755742,0.001660089316056298,1.0055803510161039,1.0120879011350445,0.060041546435439755,0.0034202284253751123,0.05333789872170454,0.06674519414917497,0.02304981235008419,0.001660089316056298,0.019796037290613848,0.026303587409554532,0.02141773116542546,0.0016430564378500153,0.01819734054723943,0.02463812178361149,-4.0370519404446693e-05,0.0003735663154186645,-0.0007725604976250291,0.0006918194588161357,0.0016724517040632254,7.778134019839804
rich6d_rough,120,1.6237767391887209e-06,100,0.00011768435106411339,6.390484960170687,0.011901467827149723,6.367158083229473,6.413811837111901,1.0069565690645659,0.0015956191852507587,1.0038291554614744,1.0100839826676573,0.06030585882883571,0.003483448661563059,0.05347829945217212,0.06713341820549931,0.021172255339075838,0.0015956191852507591,0.01804484173598435,0.024299668942167327,0.019056540857706143,0.0015714394034677926,0.01597651962690927,0.022136562088503016,-5.45645445463809e-05,0.0003913259276445358,-0.000821563362729671,0.0007124342736369093,0.0021702790259161223,6.66808368745221
rich6d_rough,120,2.06913808111479e-06,100,0.00011768435106411339,5.528768516729835,0.010665925589689646,5.5078633025740436,5.549673730885627,1.0055776121743176,0.0015333062929267598,1.0025723318401811,1.0085828925084541,0.060015788627097694,0.0035382936350130457,0.053080733102472126,0.06695084415172327,0.01979329844882747,0.0015333062929267596,0.01678801811469102,0.02279857878296392,0.01709871257080953,0.0015033709872307936,0.014152105435837175,0.020045319705781887,-7.104258836359066e-05,0.0004002382941345142,-0.0008555096448672384,0.000713424468140057,0.002765628466381575,5.735260839780249
rich6d_rough,120,2.6366508987303555e-06,100,0.00011768435106411339,4.797143317623085,0.009556335943378624,4.7784128991740635,4.815873736072107,1.0045895881585942,0.0014711975329248764,1.0017060409940615,1.007473135323127,0.059182512363304476,0.003584024352541842,0.052157824632322464,0.06620720009428649,0.018805274433103824,0.0014711975329248768,0.015921727268571065,0.021688821597636583,0.01544401756249317,0.0014373182571755425,0.012626873778429106,0.018261161346557232,-8.846762831396157e-05,0.0004002270740452718,-0.0008729126934426942,0.0006959774368147711,0.003449724498924671,4.951573132423569
rich6d_rough,120,3.359818286283781e-06,100,0.00011768435106411339,4.176125570608905,0.008571753105749435,4.159324934521636,4.192926206696174,1.0038974153765068,0.0014083949520444182,1.0011369612704997,1.006657869482514,0.05784281464429356,0.0036195304888532913,0.05074853488614111,0.06493709440244601,0.018113101651016806,0.0014083949520444184,0.015352647545009746,0.020873555757023866,0.014012385236303668,0.001372256153963619,0.011322763174534975,0.016702007298072363,-0.00010502670293314665,0.00039247544556940373,-0.000874278576249178,0.0006642251703828847,0.00420574311764634,4.2924763781268584
rich6d_rough,120,4.281332398719387e-06,100,0.00011768435106411339,3.6482734400813954,0.007711361848465213,3.6331591708584035,3.6633877093043874,1.003419730998587,0.0013449766156039783,1.0007835768320033,1.0060558851651709,0.05605532480099293,0.0036436240813968123,0.048913821601455174,0.06319682800053068,0.017635417273096907,0.0013449766156039783,0.01499926310651311,0.020271571439680704,0.012742888482452228,0.0013076709513848567,0.01017985341773791,0.015305923547166547,-0.00011872597394621518,0.0003791146982451934,-0.0008617907825067943,0.0006243388346143638,0.005011254764590941,3.736767441436591
rich6d_rough,120,5.455594781168514e-06,100,0.00011768435106411339,3.1982804820613886,0.006971922924601084,3.1846155131291707,3.2119454509936065,1.0030901179912874,0.001281545009663675,1.0005782897723468,1.0056019462102281,0.05389470584004577,0.0036555222768715296,0.04672988217737757,0.06105952950271397,0.017305804265797545,0.001281545009663675,0.014793976046856741,0.01981763248473835,0.011591833271033445,0.0012433905614065918,0.009154787770676525,0.014028878771390365,-0.0001277246887592086,0.00036256251710137916,-0.0008383472222779117,0.0005828978447594945,0.005841695683523362,3.2663591401325967
rich6d_rough,120,6.951927961775606e-06,100,0.00011768435106411339,2.812971490151904,0.006345244457088554,2.8005348110160107,2.8254081692877975,1.002857360769453,0.0012185713371089448,1.0004689609487196,1.0052457605901866,0.05144454004714715,0.0036552460428500586,0.044280257803161034,0.05860882229113327,0.01707304704396325,0.0012185713371089444,0.01468464722322972,0.01946144686469678,0.010529960701984314,0.0011792721721655681,0.008218587244539801,0.012841334159428827,-0.00013060590300706902,0.0003447510118343532,-0.0008063178862024011,0.0005451060801882632,0.006673692244986066,2.8660320535011623
rich6d_rough,120,8.858667904100815e-06,100,0.00011768435106411339,2.4812070870462724,0.005817848562817761,2.4698041038631495,2.492610070229395,1.0026839335317212,0.0011558332402331578,1.0004185003808643,1.0049493666825782,0.048790300273816145,0.003643758692775395,0.04164853323597637,0.05593206731165592,0.01689961980623085,0.0011558332402331578,0.014634186655373861,0.01916505295708784,0.009538859858905312,0.0011148669991855077,0.0073537205405017165,0.011723999177308906,-0.00012653067209357691,0.00032661362145316585,-0.000766693370141782,0.0005136320259546282,0.0074872906194191746,2.523154989318927
rich6d_rough,120,1.1288378916846883e-05,100,0.00011768435106411339,2.1937052615645563,0.005374161048403398,2.1831719059096857,2.204238617219427,1.002542827276387,0.001092224447254341,1.0004020673597684,1.0046835871930055,0.04601408310257504,0.0036228630357781184,0.03891327155244993,0.053114894652700154,0.01675851355089648,0.0010922244472543407,0.014617753634277973,0.018899273467514986,0.008607004203875048,0.0010492305955466697,0.006550512236603576,0.010663496171146522,-0.00011528270693745809,0.000308108362253333,-0.0007191750969539907,0.0004886096830790745,0.008266792053958943,2.2273673240478233
rich6d_rough,120,1.43844988828766e-05,100,0.00011768435106411339,1.942799208418809,0.005001957755201211,1.9329953712186148,1.9526030456190033,1.0024137922198948,0.0010260254113928912,1.0004027824135646,1.004424802026225,0.043191891939328694,0.0035949378816813537,0.03614581369123324,0.050237970187424145,0.016629478494404184,0.001026025411392891,0.014618468688074118,0.01864048830073425,0.0077261850566356415,0.0009809997357157615,0.005803425574632749,0.009648944538638534,-9.724336003519247e-05,0.0002887247080871916,-0.0006631437878860879,0.000468657067815703,0.009000536797803783,1.9702293754162432
rich6d_rough,120,1.8329807108324338e-05,100,0.00011768435106411339,1.7221673536541713,0.004696518935832122,1.7129621765399403,1.7313725307684023,1.0022804534108318,0.0009554815227696556,1.0004077096262034,1.0041531971954603,0.04039262048634102,0.0035625329069363873,0.033410055988745704,0.047375184983936336,0.016496139685341308,0.000955481522769655,0.014623395900712785,0.018368883469969833,0.006889203523736811,0.000908728719454423,0.005108095233606141,0.00867031181386748,-7.333457674195774e-05,0.00026811624172075864,-0.0005988424105146447,0.00045217325703072916,0.009680270738346493,1.744867486335052
rich6d_rough,120,2.3357214690901213e-05,100,0.00011768435106411339,1.5265820381751067,0.00446002275435471,1.5178403935765714,1.535323682773642,1.0021292958951646,0.0008794134186270966,1.0004056455946555,1.0038529461956738,0.03767713726169234,0.0035278703497306956,0.03076251137622018,0.0445917631471645,0.01634498216967496,0.0008794134186270966,0.01462133186916585,0.01806863247018407,0.006089322464057803,0.0008313553347585436,0.0044598660079310576,0.007718778920184548,-4.4946994196128004e-05,0.00024649368604735594,-0.0005280746188489456,0.0004381806304566896,0.010300606699813331,1.5456557019736028
rich6d_rough,120,2.976351441631313e-05,100,0.00011768435106411339,1.3517179156431214,0.004295315818469467,1.3432990966389213,1.3601367346473214,1.0019505195906901,0.0007976407869668006,1.0003871436482352,1.003513895533145,0.035096738395187954,0.003492448565816258,0.028251539206188087,0.04194193758418782,0.01616620586519954,0.0007976407869668004,0.014602829922744611,0.01772958180765447,0.005321303866422702,0.0007486263876975179,0.003853996146535567,0.0067886115863098374,-1.3850938865749631e-05,0.00022464181278293054,-0.00045414889192029346,0.00042644701418879423,0.010858752937642652,1.367973777896663
rich6d_rough,120,3.792690190732246e-05,100,0.00011768435106411339,1.1940386832969478,0.004197083445038786,1.185812399744672,1.2022649668492238,1.0017398345411876,0.0007111400152527705,1.0003460001112923,1.003133668971083,0.03269154289094596,0.003456971739231244,0.02591587828205272,0.039467207499839195,0.015955520815697205,0.0007111400152527705,0.014561686385801775,0.017349355245592633,0.004583210894096585,0.0006613532886237341,0.003286958448394066,0.0058794633397991035,1.792176273042388e-05,0.00020364091738405034,-0.0003812144353423148,0.00041705796080316254,0.011354388158870259,1.2080597277896303
rich6d_rough,120,4.8329302385717524e-05,100,0.00011768435106411339,1.050750271792442,0.004146199562401093,1.0426237206501359,1.058876822934748,1.0014998775291228,0.0006219557384600563,1.000280844281741,1.0027189107765047,0.03048974900728595,0.003421627798862839,0.023783358521514784,0.03719613949305711,0.015715563803632756,0.0006219557384600563,0.014496530556251046,0.016934597051014466,0.0038778618997560603,0.0005714352017295674,0.0027578489043661083,0.004997874895146012,4.823748828399383e-05,0.000184462712294771,-0.00031330942781375735,0.000409784404381745,0.011789464415592747,1.0629435064759833
rich6d_rough,120,6.158482110660255e-05,100,0.00011768435106411339,0.9197834500921178,0.004111519510877517,0.9117248718507979,0.9278420283334378,1.0012401893899172,0.0005329151735746014,1.000195675649711,1.0022847031301234,0.028508045579329132,0.0033865011902319193,0.02187050324647457,0.035145587912183696,0.015455875664427125,0.0005329151735746013,0.014411361924220907,0.016500389404633345,0.0032130107328426517,0.00048164259124921615,0.0022689912539941882,0.004157030211691115,7.506552001560434e-05,0.00016761641872380074,-0.0002534626606830451,0.00040359370071425376,0.012167799411568913,0.9304212601394518
rich6d_rough,120,7.847599703514606e-05,100,0.00011768435106411339,0.7997596727639248,0.004058013702803055,0.7918059659064308,0.8077133796214188,1.0009753923128557,0.0004471961384891137,1.000098887881417,1.0018518967442944,0.026752813818903726,0.0033518674609067747,0.02018315359552645,0.033322474042281,0.015191078587365507,0.00044719613848911364,0.014314574155926844,0.01606758301880417,0.0025998985172461164,0.00039519967907460373,0.001825307146259893,0.0033744898882323397,9.671201541615971e-05,0.00015299587857823708,-0.00020315990659718498,0.0003965839374295044,0.012494468054703289,0.8090188349682454
rich6d_rough,120,0.0001,100,0.00011768435106411339,0.6899044906224612,0.0039562864416691134,0.6821501691967897,0.6976588120481326,1.0007220056408188,0.00036781839853052434,1.000001081579699,1.0014429297019387,0.025221647004986428,0.0033182600930899307,0.018717857222530165,0.03172543678744269,0.014937691915328408,0.00036781839853052424,0.01421676785420858,0.015658615976448235,0.0020505337330601462,0.00031525256045836995,0.0014326387145617411,0.002668428751558551,0.00011204151972123715,0.00013999926092309815,-0.00016235703168803524,0.0003864400711305095,0.012775116662547076,0.6979034808267797
rich6d_rough,120,0.0001274274985703132,100,0.00011768435106411339,0.5898982736359217,0.003789182713980224,0.5824714755165205,0.597325071755323,1.0004949036656536,0.0002971621042116616,0.9999124659413988,1.0010773413899086,0.02390497171450547,0.003286360219175188,0.0174637056849221,0.030346237744088837,0.014710589940163554,0.0002971621042116616,0.014128152215908697,0.015293027664418412,0.0015746080037104416,0.0002443512426162578,0.0010956795681825763,0.0020535364392383067,0.0001206257662386099,0.00012784565745144893,-0.00012995172236623,0.0003712032548434498,0.013015356170214541,0.5967296754683038
rich6d_rough,120,0.00016237767391887175,100,0.00011768435106411339,0.499683178649085,0.0035539138584033034,0.4927175074866145,0.5066488498115554,1.0003045255611325,0.0002366318381161454,0.9998407271584249,1.00076832396384,0.022787751573236176,0.0032568263063467765,0.016404372012796493,0.029171131133675858,0.014520211835642078,0.0002366318381161454,0.014056413432934433,0.014984010238349723,0.0011770956180938413,0.00018408044173241702,0.0008162979522983039,0.0015378932838893786,0.00012276668187752117,0.00011590113294802627,-0.00010439953870061033,0.0003499329024556527,0.01322034953567077,0.5054370769985984
rich6d_rough,120,0.00020691380811147902,100,0.00011768435106411339,0.41926527445605316,0.0032602164980741442,0.41287525011982784,0.4256552987922785,1.0001555756502083,0.00018655161123914355,0.9997899344921796,1.000521216808237,0.02185124960577922,0.0032301579667578426,0.015520139990933851,0.028182359220624592,0.014371261924717856,0.0001865516112391435,0.014005620766689134,0.014736903082746578,0.0008572550257579112,0.0001349275907291419,0.0005927969479287931,0.0011217131035870295,0.00011937838328685695,0.00010385879374413195,-8.418485245164168e-05,0.0003229416190253556,0.013394628515673133,0.4240414271789661
rich6d_rough,120,0.00026366508987303556,100,0.00011768435106411339,0.34855323997796395,0.0029260502404787362,0.34281818150662563,0.35428829844930226,1.0000473168932622,0.00014630110762225388,0.9997605667223226,1.0003340670642018,0.02107473780626474,0.003206631933020887,0.0147897392175438,0.02735973639498568,0.014263003167771649,0.0001463011076222539,0.013976252996832032,0.014549753338711266,0.0006091410995471854,9.639288475110123e-05,0.000420211045435027,0.0007980711536593437,0.00011176370467671818,9.174257008589027e-05,-6.805173269162676e-05,0.00029157914204506314,0.013542098363547788,0.35246301543677444
rich6d_rough,120,0.0003359818286283774,100,0.00011768435106411339,0.2872609377223124,0.0025725795960127207,0.2822186817141275,0.29230319373049735,0.9999749972505029,0.00011462294126372277,0.9997503362856259,1.0001996582153798,0.020437002772703612,0.0031863037397545603,0.014191847442784674,0.02668215810262255,0.014190683525012161,0.00011462294126372274,0.013966022560135264,0.014415344489889058,0.00042318113140237597,6.726756600308666e-05,0.0002913367020363261,0.0005550255607684258,0.00010135528439249325,7.979903748283476e-05,-5.5050829073862876e-05,0.0002577613978588494,0.013666147109217345,0.29042249625870764
rich6d_rough,120,0.00042813323987193956,100,0.00011768435106411339,0.23487925355780348,0.0022198782195701197,0.23052829224744603,0.23923021486816093,0.9999317029361267,8.998395204657139e-05,0.9997553343901153,1.000108071482138,0.019917531049360105,0.0031690496803741816,0.013706193675826709,0.0261288684228935,0.014147389210636548,8.99839520465714e-05,0.013971020664625269,0.014323757756647827,0.00028812022032660744,4.5970493648306736e-05,0.00019801805277592623,0.00037822238787728866,8.949187657313676e-05,6.83604810112824e-05,-4.4494666208976736e-05,0.00022347841935525028,0.013769777113736854,0.2374101245064357
rich6d_rough,120,0.0005455594781168515,100,0.00011768435106411339,0.19070361667455032,0.0018841464321789324,0.1870106896674796,0.19439654368162104,0.9999100275945042,7.087918199060833e-05,0.9997711043978026,1.0000489507912058,0.019497329308618444,0.003154623677788878,0.013314266900152243,0.025680391717084645,0.01412571386901374,7.087918199060836e-05,0.013986790672312148,0.014264637065715331,0.00019273444496871117,3.0846916571298374e-05,0.00013227448848896636,0.00025319440144845596,7.727300170914935e-05,5.7735097375047535e-05,-3.5887789145943826e-05,0.00019043379256424253,0.013855706422335934,0.19271388635984585
rich6d_rough,120,0.0006951927961775591,100,0.00011768435106411339,0.153894112727195,0.0015765510712026603,0.1508040726276378,0.1569841528267522,0.9999032268677728,5.601593711038683e-05,0.9997934356310364,1.000013018104509,0.01915940095662624,0.003142711813249716,0.012999685802656796,0.025319116110595685,0.014118913142282126,5.601593711038683e-05,0.014009121905545768,0.014228704379018483,0.00012699046468884665,2.0376625126383847e-05,8.70522794411343e-05,0.000166928649936559,6.549948109902657e-05,4.814475945448813e-05,-2.886424743177017e-05,0.00015986320962982332,0.013926423196494312,0.15548185001092912
rich6d_rough,120,0.0008858667904100832,100,0.00011768435106411339,0.12354541222029662,0.0013033325582827659,0.1209908804060624,0.12609994403453084,0.9999058071136921,4.4376630783965334e-05,0.9998188289173556,0.9999927853100287,0.018888941797504707,0.003132975974921541,0.012748308886658486,0.02502957470835093,0.01412149338820201,4.437663078396532e-05,0.014034515191865438,0.014208471584538581,8.261024337137118e-05,1.32831646789723e-05,5.657524060058547e-05,0.00010864524614215688,5.468164764950622e-05,3.970616713720052e-05,-2.3142439939406793e-05,0.00013250573523841924,0.013984201497181187,0.12479459016592293
rich6d_rough,120,0.0011288378916846883,100,0.00011768435106411339,0.09875008461704753,0.0010666553209738605,0.09665944018793876,0.10084072904615629,0.9999136685903829,3.519986278465092e-05,0.999844676859325,0.9999826603214408,0.018673331837710055,0.0031250843876391558,0.012548166437937311,0.0247984972374828,0.014129354864892361,3.519986278465092e-05,0.014060363133834445,0.014198346595950278,5.3171237214285103e-05,8.564082503221053e-06,3.638563550797184e-05,6.995683892059836e-05,4.5087304726100084e-05,3.244069879800125e-05,-1.8496464917982368e-05,0.00010867107437018253,0.014031096322952021,0.09973048525659375
rich6d_rough,120,0.00143844988828766,100,0.00011768435106411339,0.07864677620853941,0.0008657319219684278,0.07694994164148129,0.08034361077559753,0.9999239769354169,2.7926665196942112e-05,0.9998692406716309,0.999978713199203,0.018501996079423398,0.0031187302930517627,0.012389284705041944,0.024614707453804854,0.014139663209927107,2.79266651969421e-05,0.0140849269461411,0.014194399473713114,3.3924777411048285e-05,5.471618666953131e-06,2.320040482382015e-05,4.464914999827642e-05,3.6804234521006e-05,2.6297807772035173e-05,-1.473946871218294e-05,8.834793775419493e-05,0.01406893419799509,0.07941513756692442
rich6d_rough,120,0.0018329807108324375,100,0.00011768435106411339,0.06245120645527789,0.0006979052723053165,0.061083312121559465,0.0638191007889963,0.999934914349503,2.214433443617472e-05,0.9998915114540081,0.9999783172449979,0.018366193476480587,0.0031136414490972194,0.012263456236250038,0.024468930716711135,0.014150600624012313,2.2144334436174717e-05,0.014107197728517411,0.014194003519507215,2.1491004604342892e-05,3.470031150534685e-06,1.468974354929491e-05,2.8292265659390875e-05,2.9800351437429704e-05,2.1180988500209096e-05,-1.1714386022980122e-05,7.131508889783953e-05,0.014099309267970584,0.06305296124762638
rich6d_rough,120,0.002335721469090121,100,0.00011768435106411339,0.0494719127752971,0.0005595306224558915,0.04837523275528355,0.050568592795310646,0.9999454112684656,1.7541949670206427e-05,0.9999110290471119,0.9999797934898192,0.018258777048838427,0.0031095832646122045,0.012163993850198507,0.024353560247478347,0.014161097542975416,1.754194967020642e-05,0.01412671532162181,0.01419547976432902,1.353591886984757e-05,2.187492765865183e-06,9.248433048751813e-06,1.782340469094333e-05,2.3973061879115197e-05,1.6970261172909625e-05,-9.288650019787667e-06,5.723477377801806e-05,0.014123588562226513,0.04994306993740415
rich6d_rough,120,0.002976351441631313,100,0.00011768435106411339,0.03911438225786516,0.00044661359879438485,0.03823901960422817,0.03998974491150216,0.9999549110869306,1.3879614736192469e-05,0.9999277070420476,0.9999821151318136,0.018173953440255547,0.00310635794823372,0.012085491861717455,0.02426241501879364,0.014170597361440313,1.3879614736192469e-05,0.014143393316557376,0.01419780140632325,8.48597150770731e-06,1.3723505674763416e-06,5.796164395453681e-06,1.117577861996094e-05,1.9185514511352025e-05,1.3538919772971702e-05,-7.35076824367251e-06,4.572179726637656e-05,0.014142925875421306,0.0394832956291453
rich6d_rough,120,0.003792690190732238,100,0.00011768435106411339,0.030877400950345805,0.00035522529625338416,0.03018115936968917,0.031573642531002435,0.9999631866512583,1.0968495141532138e-05,0.9999416884007809,0.9999846849017356,0.018107058591580724,0.0031038014448243182,0.01202360775972506,0.02419050942343639,0.014178872925768556,1.0968495141532136e-05,0.014157374675291153,0.014200371176245959,5.3003129551704006e-06,8.576439534733197e-07,3.619330806362694e-06,6.981295103978107e-06,1.5290855983454674e-05,1.0764551745625798e-05,-5.80766543797189e-06,3.638937740488124e-05,0.014158281756829972,0.031166309609607618
rich6d_rough,120,0.004832930238571752,100,0.00011768435106411339,0.024344869171768698,0.00028174188174927273,0.023792655083540122,0.024897083259997274,0.9999702082009613,8.657978543620428e-06,0.9999532385630158,0.9999871778389068,0.018054357900004328,0.003101779366006194,0.011974870342632189,0.024133845457376468,0.014185894475470938,8.65797854362043e-06,0.014168924837525443,0.014202864113416433,3.3007712694201585e-06,5.34333934354847e-07,2.2534767580846587e-06,4.348065780755658e-06,1.2146996111947455e-05,8.53536505154019e-06,-4.582319389071317e-06,2.8876311612966228e-05,0.014170446708089623,0.024571179211298776
rich6d_rough,120,0.006158482110660254,100,0.00011768435106411339,0.019175497240944167,0.00022295960174030814,0.018738496421533163,0.01961249806035517,0.9999760541442515,6.82712775357366e-06,0.9999626729738545,0.9999894353146485,0.01801287377410348,0.003100182672089437,0.011936515736808186,0.024089231811398777,0.014191740418761175,6.8271277535736594e-06,0.014178359248364171,0.014205121589158178,2.0507270188155323e-06,3.320908325032132e-07,1.3998289871092344e-06,2.7016250505218304e-06,9.624563486671245e-06,6.753115754147032e-06,-3.6115433914569375e-06,2.2860670364799425e-05,0.014180065128255738,0.019352818970792038
rich6d_rough,120,0.00784759970351459,100,0.00011768435106411339,0.015091999249381234,0.00017612870161250445,0.014746786994220726,0.015437211504541743,0.999980854053156,5.378636987118267e-06,0.9999703119246612,0.9999913961816507,0.017980240195223596,0.003098923540207284,0.011906350056417318,0.024054130334029873,0.014196540327665827,5.378636987118268e-06,0.014185998199171075,0.01420708245616058,1.2717184290739478e-06,2.0599647770585052e-07,8.679653327704807e-07,1.6754715253774148e-06,7.6103454242228165e-06,5.3338033770817755e-06,-2.8439091948574626e-06,1.8064600043303096e-05,0.014187658263812566,0.015230972260004198
rich6d_rough,120,0.01,100,0.00011768435106411339,0.011870762821508255,0.00013893912067634091,0.011598442144982627,0.012143083498033884,0.9999847542654561,4.234280620988546e-06,0.999976455075439,0.9999930534554732,0.017954582107296918,0.003097931638463165,0.011882636095909114,0.02402652811868472,0.01420044053996629,4.234280620988545e-06,0.014192141349949153,0.014208739729983428,7.874702715239752e-07,1.2758436935863677e-07,5.374049075810472e-07,1.0375356354669032e-06,6.007951774862935e-06,4.207039163886292e-06,-2.2378449863541965e-06,1.4253748536080066e-05,0.014193645117919967,0.01197970565492254
rich6d_rough,180,1e-12,100,0.00011768435106411339,179.96818041250984,5.295850901690324e-05,179.96807661383215,179.96828421118752,2.4132085112016486,0.017172963546302093,2.3795495026508964,2.446867519752401,0.011309076844442975,0.0012777759875329858,0.008804635908878323,0.013813517780007627,1.4274241974761566,0.01717296354630209,1.3937651889254046,1.4610832060269086,1.4273064390466828,0.01717296451815087,1.3936474285911071,1.4609654495022584,7.402464714646741e-08,1.7175809427857454e-08,4.0360060667866796e-08,1.0768923362506802e-07,0.00011768440482345585,511.55579899539526
rich6d_rough,180,1.2742749857031321e-12,100,0.00011768435106411339,179.95945781766898,6.746601024521163e-05,179.9593255842889,179.95959005104905,2.4129836889853986,0.01716865735978263,2.379333120560225,2.4466342574105724,0.011309943663346127,0.001277804139965769,0.008805447549013221,0.013814439777679034,1.427199375259908,0.017168657359782635,1.393548806834734,1.460849943685082,1.4270815965678787,0.01716865859574665,1.3934310257202154,1.460732167415542,9.425377895079297e-08,2.1878414603785882e-08,5.137208632737264e-08,1.371354715742133e-07,0.00011768443824707389,511.4342511796711
rich6d_rough,180,1.6237767391887243e-12,100,0.00011768435106411339,179.94834577594042,8.594153723272778e-05,179.94817733052744,179.9485142213534,2.4126973454064875,0.01716317392587635,2.37905752451177,2.446337166301205,0.011311047977854599,0.0012778400040393274,0.008806481569937517,0.01381561438577168,1.426913031680997,0.017163173925876355,1.3932732107862793,1.4605528525757148,1.4267952272032296,0.01716317549688264,1.3931554032293396,1.4604350511771196,1.1998536415974265e-07,2.7865676907321108e-08,6.536863742139328e-08,1.7460209089809204e-07,0.0001176844924022126,511.27954317913793
rich6d_rough,180,2.06913808111479e-12,100,0.00011768435106411339,179.93419075437677,0.00010946656560006091,179.9339761999082,179.93440530884536,2.4123326948967083,0.01715619273790007,2.3787065571304242,2.4459588326629924,0.011312454770688008,0.001277885688722479,0.008807798820791949,0.013817110720584067,1.4265483811712176,0.017156192737900068,1.3929222434049335,1.4601745189375017,1.4264305438908875,0.017156194733392825,1.3928044022134376,1.4600566855683375,1.5270023171079456e-07,3.548675576682275e-08,8.314619040782197e-08,2.2225427301376715e-07,0.00011768458009623131,511.0826898713984
rich6d_rough,180,2.6366508987303555e-12,100,0.00011768435106411339,179.9161611121837,0.0001394149369531767,179.91588785890727,179.9164343654601,2.411868402814511,0.017147306860695762,2.3782596813675476,2.445477124261475,0.011314246750413624,0.0012779438776037574,0.008809476750310258,0.013819016750516989,1.426084089089021,0.017147306860695762,1.3924753676420574,1.4596928105359845,1.4259662100990662,0.017147309393138268,1.3923574836885153,1.4595749365096171,1.9426796195942426e-07,4.518461024279373e-08,1.0570612588354856e-07,2.8282979803529995e-07,0.00011768472199382395,510.832309506444
rich6d_rough,180,3.359818286283788e-12,100,0.00011768435106411339,179.89319895780184,0.0001775304142135821,179.89285099818997,179.89354691741372,2.4112773716791494,0.0171360001392919,2.3776908114061373,2.4448639319521615,0.011316529152824691,0.0012780179841317106,0.008811613903926537,0.013821444401722845,1.4254930579536593,0.0171360001392919,1.3919064976806472,1.4590796182266714,1.4253751259593215,0.017136003349556415,1.391788559394191,1.458961692524452,2.470429549285507e-07,5.752052458874346e-08,1.343027267346135e-07,3.5978318312248786e-07,0.00011768495137976995,510.51400782195174
rich6d_rough,180,4.281332398719396e-12,100,0.00011768435106411339,179.86395923933495,0.00022602388842078258,179.86351623251363,179.86440224615626,2.410525215402138,0.01712161871772864,2.37696684271539,2.4440835880888865,0.011319435821899947,0.0012781123479704139,0.008814335619877935,0.013824536023921958,1.424740901676647,0.01712161871772864,1.391182528989899,1.4582992743633951,1.4246229023743229,0.017121622781399497,1.39106452172278,1.4581812830258658,3.139805759708323e-07,7.320463750038676e-08,1.7049948647007426e-07,4.5746166547159033e-07,0.00011768532174880227,510.10961823238847
rich6d_rough,180,5.455594781168514e-12,100,0.00011768435106411339,179.82673283593442,0.00028769464019868065,179.82616895443962,179.82729671742922,2.4095683487091204,0.01710333564795135,2.376045810839136,2.443090886579105,0.011323136898197193,0.0012782324828563888,0.00881780123179867,0.013828472564595715,1.4237840349836288,0.017103335647951353,1.3902614971136442,1.4573065728536134,1.4236659502894984,0.017103340782471464,1.3901434023558543,1.4571884982231424,3.987752920272424e-07,9.313369739419053e-08,2.1623324513462894e-07,5.813173389198558e-07,0.00011768591883755224,509.596273316758
rich6d_rough,180,6.951927961775591e-12,100,0.00011768435106411339,179.77934969501388,0.0003660806764943784,179.77863217688795,179.7800672131398,2.4083516066427286,0.01708010723706545,2.3748745964580804,2.441828616827377,0.011327848518842658,0.001278385388660045,0.00882221315706897,0.013833483880616346,1.4225672929172393,0.01708010723706545,1.389090282732591,1.4560443031018875,1.4224491000163477,0.017080113709431827,1.3889720771458614,1.455926122886834,5.060213186340679e-07,1.1843736497148521e-07,2.7388408328995696e-07,7.381585539781789e-07,0.00011768687957382923,508.94528429571903
rich6d_rough,180,8.858667904100833e-12,100,0.00011768435106411339,179.71905723710395,0.0004656436075508027,179.71814457563315,179.71996989857476,2.40680529785248,0.017050619729246177,2.3733860831831572,2.4402245125218025,0.011333845021401882,0.00127857994294912,0.008827828333221608,0.013839861709582157,1.4210209841269903,0.017050619729246177,1.3876017694576679,1.4544401987963127,1.4209026543116847,0.01705062786360637,1.3874834236990163,1.454321884924353,6.413936390136802e-07,1.5053438872307523e-07,3.4634623711645277e-07,9.364410409109078e-07,0.00011768842166771237,508.12081130785185
rich6d_rough,180,1.1288378916846884e-11,100,0.00011768435106411339,179.6423683558579,0.0005919935666282116,179.64120804846732,179.6435286632485,2.404841588091215,0.01701322503074893,2.3714956670309473,2.438187509151483,0.01134147424373245,0.0012788273902375107,0.008834972558866928,0.013847975928597971,1.4190572743657262,0.01701322503074893,1.3857113533054584,1.452403195425994,1.4189387716336825,0.017013235214648627,1.3855928306129712,1.4522847126543939,8.11842712816647e-07,1.9119981414791242e-07,4.370910770867386e-07,1.1865943485465552e-06,0.00011769088932708088,507.0783211369148
rich6d_rough,180,1.4384498882876659e-11,100,0.00011768435106411339,179.5448724430289,0.0007521589176267472,179.54339821155037,179.54634667450745,2.4023501117440875,0.016965864598811838,2.369097017130416,2.435603206357759,0.011351176618110746,0.0012791419499409476,0.008844058396226488,0.013858294839995004,1.4165657980185977,0.01696586459881184,1.3833127034049264,1.449818892632269,1.416447077406617,0.016965877285881486,1.3831939579262893,1.4497001968869445,1.0257890650081303e-06,2.4264395020839243e-07,5.502069225996811e-07,1.5013712074165795e-06,0.00011769482291213752,505.76285487598955
rich6d_rough,180,1.8329807108324375e-11,100,0.00011768435106411339,179.42100209897538,0.0009549033292456897,179.41913048845007,179.4228737095007,2.399192727129826,0.01690598153566509,2.366057003319922,2.4323284509397296,0.011363508861383056,0.0012795415665419786,0.008855607390960779,0.013871410331805334,1.4134084134043354,0.016905981535665086,1.380272689594432,1.446544137214239,1.413289419047545,0.016905997241081515,1.3801536644550252,1.4464251736400646,1.293293592740589e-06,3.0760297203513716e-07,6.903917675517203e-07,1.8961954179294579e-06,0.0001177010631978094,504.1071712676116
rich6d_rough,180,2.3357214690901212e-11,100,0.00011768435106411339,179.263747781209,0.0012110882913559558,179.26137404815793,179.26612151426005,2.395197377866322,0.016830422665743937,2.3622097494414636,2.42818500629118,0.01137917314631924,0.0012800488269035099,0.00887027744558836,0.013888068847050121,1.4094130641408313,0.01683042266574393,1.3764254357159733,1.4424006925656894,1.4092937270712014,0.01683044194868243,1.3763060608517839,1.4422813932906189,1.6261657253476326e-06,3.8943965551650713e-07,8.628640005352785e-07,2.3894674501599868e-06,0.00011771090390379733,502.0298980840705
rich6d_rough,180,2.976351441631313e-11,100,0.00011768435106411339,179.06431298136394,0.0015340709825672333,179.06130620223811,179.06731976048977,2.390151115698063,0.016735335350053133,2.357349858411959,2.422952372984167,0.011399052672074299,0.0012806920689374473,0.008888896216956902,0.013909209127191695,1.4043668019725728,0.016735335350053133,1.3715655446864687,1.4371680592586769,1.4042470377086567,0.016735358774432572,1.371445734510769,1.4370483409065444,2.0379556182728644e-06,4.922507201714977e-07,1.073144206736729e-06,3.002767029809e-06,0.00011772630829701841,499.43391860157857
rich6d_rough,180,3.7926901907322536e-11,100,0.00011768435106411339,178.81170420550148,0.0019401138062592354,178.80790158244122,178.81550682856175,2.3837925046439077,0.01661606853940778,2.3512250103066683,2.416359998981147,0.01142425448759163,0.0012815067014332686,0.008912501352782425,0.013936007622400836,1.3980081909184177,0.01661606853940778,1.3654406965811785,1.4305756852556568,1.3978878969515076,0.016616096600587535,1.365320347614356,1.4304554462886592,2.54376191369719e-06,6.209746534517834e-07,1.3266515929316948e-06,3.7608722344626855e-06,0.00011775020499503117,496.2053427481855
rich6d_rough,180,4.832930238571752e-11,100,0.00011768435106411339,178.49225394950702,0.0024487608124660323,178.4874543783146,178.49705352069944,2.375803893487053,0.01646709465902936,2.3435283879553555,2.408079399018751,0.01145616018896468,0.0012825367446058203,0.008942388169537272,0.01396993220839209,1.3900195797615629,0.01646709465902936,1.3577440742298654,1.4222950852932603,1.3898986331096739,0.016467127660089592,1.3576230628958983,1.4221742033234495,3.159780542455084e-06,7.814910300885807e-07,1.6280581234814658e-06,4.691502961428702e-06,0.00011778687134627285,492.2135516602387
rich6d_rough,180,6.158482110660255e-11,100,0.00011768435106411339,178.0890822291133,0.0030831056637711006,178.0830393420123,178.0951251162143,2.36580444739981,0.01628197875658704,2.3338917690368994,2.3977171257627203,0.011496484614279262,0.0012838365824202626,0.008980164912735547,0.014012804315822977,1.3800201336743187,0.016281978756587042,1.348107455311408,1.4119328120372294,1.3798983887443597,0.016282016614627578,1.3479856361796896,1.4118111413090297,3.902534365095493e-06,9.806999731887859e-07,1.980362417645473e-06,5.824706312545513e-06,0.0001178423955944894,487.3129300546083
rich6d_rough,180,7.847599703514623e-11,100,0.00011768435106411339,177.58151456643927,0.003869835046473533,177.57392968974818,177.58909944313035,2.353345394861985,0.016053433749615535,2.3218806647127384,2.3848101250112315,0.011547341774281185,0.0012854728888004054,0.00902781491223239,0.01406686863632998,1.3675610811364955,0.016053433749615535,1.336096350987249,1.399025811285742,1.3674383681863276,0.016053475712489877,1.3359735557898473,1.3989031805828078,4.787772674813324e-06,1.2265697044018638e-06,2.3836960541856713e-06,7.191849295440977e-06,0.00011792517749793785,481.3469573021195
rich6d_rough,180,1e-10,100,0.00011768435106411339,176.94449327541759,0.004838883021308459,176.93500906469583,176.95397748613934,2.337909665171613,0.015773514054984793,2.306993577623843,2.3688257527193834,0.011611315856908262,0.0012875266501280748,0.009087763622657235,0.014134868091159289,1.3521253514461227,0.015773514054984797,1.3212092638983524,1.383041438993893,1.3520014759404746,0.015773558316161177,1.3210853016407986,1.3829176502401506,5.829124548744001e-06,1.5281423103046873e-06,2.833965620546814e-06,8.824283476941188e-06,0.00011804638109682263,474.15523564810377
rich6d_rough,180,1.274274985703132e-10,100,0.00011768435106411339,176.14804561402656,0.006022484853413276,176.13624154371388,176.15984968433924,2.3189188828250975,0.015434010460479966,2.2886682223225567,2.3491695433276383,0.011691533136347455,0.0012900951601683476,0.009162946622417494,0.014220119650277415,1.3331345690996081,0.015434010460479958,1.3028839085970674,1.363385229602149,1.333009312171856,0.015434053680444518,1.3027585669581847,1.3632600573855274,7.0367255476026e-06,1.895493108788864e-06,3.3215590543764265e-06,1.0751892040828773e-05,0.00011822020220394504,465.5837090438867
rich6d_rough,180,1.6237767391887175e-10,100,0.00011768435106411339,175.15690658657826,0.0074533930063930874,175.14229793628573,175.1715152368708,2.295751334882286,0.01502710943986876,2.266298200380143,2.325204469384429,0.011791728033629118,0.0012932938235974097,0.009256872139378196,0.01432658392788004,1.3099670211567958,0.01502710943986876,1.280513886654653,1.3394201556589385,1.3098401411988347,0.015027146223831823,1.2803869346001244,1.339293347797545,8.41617764531531e-06,2.33964478169125e-06,3.830473873200459e-06,1.300188141743016e-05,0.00011846378031504269,455.49772664525614
rich6d_rough,180,2.0691380811147902e-10,100,0.00011768435106411339,173.93043246545727,0.009162046018167669,173.91247485526168,173.94839007565287,2.2677746381411916,0.014546359218477165,2.239263774072976,2.296285502209407,0.011916293696165122,0.0012972575959886265,0.009373668808027414,0.01445891858430283,1.2819903244157016,0.014546359218477167,1.2534794603474864,1.3105011884839168,1.2818615595338274,0.0145463816681152,1.2533506514643216,1.3103724676033333,9.968276446486708e-06,2.8724369109217036e-06,4.338300101080169e-06,1.559825279189325e-05,0.00011879660542839232,443.79679304137244
rich6d_rough,180,2.6366508987303556e-10,100,0.00011768435106411339,172.4229749358986,0.011172605326734409,172.4010766294582,172.44487324233899,2.234395822067875,0.013987930389792274,2.206979478503882,2.2618121656318677,0.012070304963125684,0.0013021419492880426,0.00951810674252112,0.014622503183730248,1.2486115083423843,0.013987930389792272,1.2211951647783914,1.2760278519063772,1.2484805791046334,0.013987927940574605,1.2210642403411072,1.2758969178681596,1.1689861010324117e-05,3.5063343167881012e-06,4.8174457494194385e-06,1.8562276271228794e-05,0.0001192393767387237,430.4290299650896
rich6d_rough,180,3.3598182862837877e-10,100,0.00011768435106411339,170.58490017559944,0.013498031520143436,170.55844403381997,170.61135631737892,2.1951287864558133,0.013352063368569363,2.1689587422534173,2.2212988306582093,0.012259500606925138,0.0013081234203759832,0.009695578702988211,0.014823422510862065,1.2093444727303242,0.013352063368569367,1.1831744285279282,1.2355145169327202,1.2092110844113584,0.013352023228509424,1.18304111888348,1.2353810499392368,1.357585553636956e-05,4.254115315254439e-06,5.23778951847086e-06,2.1913921554268258e-05,0.00011981246342869165,415.4028718256957
rich6d_rough,180,4.281332398719396e-10,100,0.00011768435106411339,168.36441193630912,0.016134755815026904,168.33278781491168,168.39603605770657,2.1496742927302575,0.012644466176356447,2.124891139024599,2.174457446435916,0.012490213756954676,0.0013154000798598167,0.009912029600429435,0.015068397913479917,1.1638899790047685,0.012644466176356447,1.13910682529911,1.1886731327104272,1.1637538225518667,0.012644374756384866,1.1389708480293523,1.188536797074381,1.562210778884841e-05,5.128318301369116e-06,5.570603918164945e-06,2.567361165953188e-05,0.00012053434511110142,398.7936297528796
rich6d_rough,180,5.455594781168515e-10,100,0.00011768435106411339,165.71025339499138,0.019057930000436152,165.67289985219054,165.74760693779223,2.098001400302571,0.011877296145170534,2.074721899858037,2.1212809007471054,0.012769245685114575,0.0013241925623165255,0.010173828262974185,0.015364663107254964,1.1122170865770815,0.011877296145170536,1.0889375861325472,1.1354965870216158,1.112077837894236,0.01187714184149856,1.0887986398848988,1.1353570359035732,1.782811162014073e-05,6.140270279357852e-06,5.7931818725993395e-06,2.9863041367682116e-05,0.00012142057122488392,380.74338360398104
rich6d_rough,180,6.951927961775591e-10,100,0.00011768435106411339,162.57521235760046,0.0222185269241978,162.53166404482903,162.6187606703719,2.0404135106962356,0.011069284343844443,2.0187177133823004,2.0621093080101707,0.013103688846372108,0.0013347464050116223,0.010487585892549329,0.015719791800194886,1.0546291969707446,0.01106928434384444,1.0329333996568095,1.0763249942846798,1.0544865148852305,0.011069061789991171,1.0327911537768477,1.0761818759936133,2.019831236738163e-05,7.2985249834150565e-06,5.89320339988812e-06,3.450342133487514e-05,0.0001224837731473461,361.4539883315178
rich6d_rough,180,8.858667904100832e-10,100,0.00011768435106411339,158.9201577070786,0.025543489447072725,158.87009246776233,158.97022294639487,1.9775799971054215,0.010244606970412188,1.9575005674434136,1.9976594267674295,0.01350071849092794,0.0013473360352685084,0.010859939861801664,0.016141497120054218,0.9917956833799317,0.010244606970412186,0.9717162537179238,1.0118751130419397,0.9916492077147505,0.010244322303442882,0.9715703360000024,1.0117280794294985,2.2740622404536634e-05,8.606650211277178e-06,5.871587990433366e-06,3.96096568186399e-05,0.00012373504277967025,341.1743639987196
rich6d_rough,180,1.1288378916846883e-09,100,0.00011768435106411339,154.71814327002284,0.028939559169343505,154.66142173405092,154.77486480599475,1.9105185756316105,0.009430324163805565,1.8920351402705515,1.9290020109926695,0.0139673846213069,0.0013622696428493978,0.011297336121322079,0.01663743312129172,0.9247342619061201,0.009430324163805567,0.9062508265450612,0.943217697267179,0.9245836141237105,0.009429999904331798,0.9061008143112201,0.9430664139362008,2.5461190577988878e-05,1.00605284271283e-05,5.742554860817411e-06,4.517982629516034e-05,0.00012518659183122748,320.1842177937985
rich6d_rough,180,1.4384498882876659e-09,100,0.00011768435106411339,149.9579995413984,0.03230046852758706,149.89469062308433,150.0213084597125,1.8405245207950083,0.008652608404027862,1.8235654083231136,1.857483633266903,0.01451044314658438,0.0013798926766560846,0.011805853500338453,0.017215032792830307,0.8547402070695186,0.008652608404027864,0.837781094597624,0.8716993195414132,0.8545849964544472,0.008652285451699604,0.8376265169691159,0.8715434759397784,2.835548469456345e-05,1.1645600977910816e-05,5.5301067778582495e-06,5.118086261126865e-05,0.00012685513037736552,298.7766729612716
rich6d_rough,180,1.8329807108324374e-09,100,0.00011768435106411339,144.64685251458576,0.035516214103409736,144.57724073494308,144.71646429422844,1.7690572286371897,0.007932517441507341,1.7535094944518352,1.7846049628225442,0.015136263507879895,0.001400586778304087,0.012391113422403885,0.017881413593355905,0.7832729149116993,0.007932517441507341,0.7677251807263449,0.7988206490970536,0.7831127526525266,0.007932251145248198,0.7675655404078401,0.798659964897213,3.139726756234997e-05,1.3334672905377186e-05,5.261308667810688e-06,5.753322645688926e-05,0.00012876499161056446,277.2419981120626
rich6d_rough,180,2.335721469090121e-09,100,0.00011768435106411339,138.8111734162773,0.03848256546876368,138.73574758795854,138.88659924459608,1.6976065664099735,0.007282537956142063,1.683332792015935,1.711880340804012,0.015850838769665965,0.0014247617532244642,0.013058305733346015,0.018643371805985916,0.7118222526844826,0.007282537956142063,0.6975484782904442,0.7260960270785211,0.7116567742578791,0.007282386347610756,0.697383297016562,0.7259302514991962,3.452859923717273e-05,1.50869147463397e-05,4.958246334346922e-06,6.409895213999854e-05,0.00013094982736767263,255.85398912362106
rich6d_rough,180,2.9763514416313133e-09,100,0.00011768435106411339,132.49622489367613,0.04110901326555504,132.41565122767565,132.5767985596766,1.6275657406820927,0.00670517873274238,1.6144235903659176,1.6407078909982677,0.016659904218440606,0.001452840868369206,0.013812336116436962,0.01950747232044425,0.641781426956603,0.00670517873274238,0.628639276640428,0.6549235772727781,0.6416103203500108,0.006705184397475523,0.6284681589309588,0.6547524817690628,3.765479028615708e-05,1.6848579267485218e-05,4.6315749218860556e-06,7.067800565042811e-05,0.00013345181630721598,234.85983268649733
rich6d_rough,180,3.792690190732238e-09,100,0.00011768435106411339,125.76404237740664,0.043323922174025156,125.67912748994554,125.84895726486774,1.5601327774866953,0.0061942273631406175,1.5479920918549397,1.572273463118451,0.01756914480136317,0.0014852427611218473,0.014658068989564347,0.02048022061316199,0.5743484637612053,0.006194227363140618,0.5622077781294497,0.5864891493929609,0.5741714983294903,0.006194398685930335,0.5620304769050669,0.5863125197539137,4.064764434735634e-05,1.85558379408315e-05,4.278201983326605e-06,7.701708671138608e-05,0.0001363177873671944,214.47364689376235
rich6d_rough,180,4.832930238571752e-09,100,0.00011768435106411339,118.69029402906718,0.0450764555614783,118.60194417616668,118.77864388196767,1.4962521818989303,0.0057381075705353135,1.4850054910606811,1.5074988727371794,0.0185844457870455,0.0015223639961608481,0.015600612354570238,0.021568279219520762,0.5104678681734403,0.0057381075705353135,0.49922117733519106,0.5217145590116895,0.5102849172949533,0.005738407062900072,0.4990376394516691,0.5215321951382375,4.335850064677472e-05,2.0140187081092876e-05,3.883733967832688e-06,8.283326732571675e-05,0.00013959237784066762,194.8733960629921
rich6d_rough,180,6.158482110660254e-09,100,0.00011768435106411339,111.36045896257527,0.04633563208949818,111.26964112367985,111.45127680147068,1.4365969461752957,0.005323865989927617,1.4261621688350374,1.4470317235155539,0.01971212265149222,0.0015645636450954895,0.01664557790710506,0.02277866739587938,0.4508126324498062,0.005323865989927619,0.4403778551095481,0.4612474097900643,0.4506236828845443,0.005324211043622986,0.4401882292390432,0.4610591365300454,4.564039920204448e-05,2.153711098008887e-05,3.427661681070293e-06,8.785313672301866e-05,0.00014330916605967067,176.20051895330542
rich6d_rough,180,7.847599703514623e-09,100,0.00011768435106411339,103.86575753615234,0.04708750642109797,103.773466023567,103.95804904873769,1.381582810036015,0.00494032852598884,1.371899766125077,1.3912658539469531,0.020959062149097284,0.0016121470359956528,0.017799253958545803,0.024118870339648765,0.3957984963105243,0.004940328525988838,0.38611545239958617,0.4054815402214624,0.3956036378593148,0.004940604701998843,0.38592005264339707,0.4052872230752325,4.737693140628479e-05,2.2698975502881352e-05,2.886939420637342e-06,9.186692339193224e-05,0.00014748151980342045,158.56143581388838
rich6d_rough,180,1e-08,100,0.00011768435106411339,96.29919392426312,0.047331818255648674,96.20642356048205,96.39196428804419,1.3314030307888407,0.004579730911101855,1.322426758203081,1.3403793033746003,0.02233271858480463,0.0016653437758673377,0.01906864478410465,0.02559679238550461,0.3456187170633512,0.004579730911101856,0.33664244447759156,0.3545949896491108,0.3454181075492419,0.004579813201570987,0.3364416736741628,0.35439454142432103,4.851390408048442e-05,2.361318378408063e-05,2.2320638636863814e-06,9.479574429728246e-05,0.000152095610028994,142.03016438674965
rich6d_rough,180,1.274274985703132e-08,100,0.00011768435106411339,88.75196874307905,0.04707941057807431,88.65969309834603,88.84424438781207,1.2860722191352658,0.004237941851280203,1.2777658531067566,1.294378585163775,0.023840934155082857,0.0017242777797570508,0.020461349706759037,0.027220518603406678,0.3002879054097758,0.004237941851280202,0.2919815393812666,0.308594271438285,0.3000817086428597,0.0042377174535842745,0.2917757824338345,0.3083876348518849,4.908825896010198e-05,2.432608639966015e-05,1.40912961676809e-06,9.676738830343586e-05,0.00015710850795627208,126.65153146481829
rich6d_rough,180,1.623776739188721e-08,100,0.00011768435106411339,81.31041687971486,0.04635123380727414,81.21956846145261,81.40126529797712,1.2454704387731537,0.003913790273456558,1.2377994098371787,1.2531414677091286,0.02549158433465512,0.0017889331912499707,0.021985275279805178,0.028997893389505064,0.2596861250476633,0.00391379027345656,0.25201509611168843,0.2673571539836382,0.25947442374337626,0.003913177291587515,0.25180459625186474,0.2671442512348878,4.9247119218446385e-05,2.4971257046564486e-05,3.034554071799914e-07,9.819078302971277e-05,0.00016245418506859698,112.44473552856861
rich6d_rough,180,2.0691380811147902e-08,100,0.00011768435106411339,74.05353941264302,0.04517894856448618,73.96498867345663,74.14209015182941,1.209382250135797,0.0036080081166710034,1.2023105542271217,1.216453946044472,0.02729208081247114,0.0018591254107159093,0.023648195007467957,0.03093596661747432,0.22359793641030687,0.003608008116671003,0.21652624050163172,0.23066963231898202,0.22338062690922267,0.003606967066611224,0.21631097145866468,0.23045028235978066,4.9250213252677443e-05,2.579569345743375e-05,-1.309345923892711e-06,9.980977242924759e-05,0.00016805928783143742,99.40712075409623
rich6d_rough,180,2.6366508987303555e-08,100,0.00011768435106411339,67.05113728103782,0.04360630317519852,66.96566892681443,67.13660563526122,1.1775286470001403,0.0033221458827359224,1.171017241069978,1.1840400529303026,0.029248781655124866,0.0019344866305503513,0.025457187859246177,0.03304037545100355,0.19174433327464946,0.0033221458827359224,0.18523292734448704,0.19825573920481188,0.1915210113632076,0.003320683581251945,0.18501247154395378,0.1980295511824614,4.945288422357348e-05,2.7167422514498285e-05,-3.7952639048431623e-06,0.00010270103235199011,0.00017386902721840992,87.5179592570985
rich6d_rough,180,3.3598182862837814e-08,100,0.00011768435106411339,60.362521318605204,0.041689924064767916,60.280809067438256,60.44423356977215,1.149592204676535,0.003057671396151187,1.1435991687400786,1.1555852406129914,0.03136634228174178,0.0020144696936685745,0.027417981682151375,0.035314702881332184,0.16380789095104464,0.003057671396151187,0.1578148550145883,0.16980092688750098,0.1635777350394326,0.003055838729465775,0.15758829112967968,0.16956717894918552,5.0273509279705814e-05,2.953993854050603e-05,-7.6247702596860036e-06,0.00010817178881909764,0.00017988240233236114,76.74197214556904
rich6d_rough,180,4.281332398719396e-08,100,0.00011768435106411339,54.03576400567601,0.039498156428068414,53.958347619076996,54.11318039227502,1.1252368491910794,0.00281535801191178,1.1197187474877324,1.1307549508944263,0.033646980074075176,0.0020983665763195146,0.02953418158448893,0.037759778563661424,0.139452535465589,0.00281535801191178,0.1339344337622419,0.1449706371689361,0.13921418423258702,0.002813243738381624,0.13370022650535904,0.144728141959815,5.215480817664262e-05,3.336876876748771e-05,-1.3247978607633287e-05,0.00011755759496091853,0.00018619642482528218,67.03240026522778
rich6d_rough,180,5.4555947811685146e-08,100,0.00011768435106411339,48.10745888371388,0.037107209151901674,48.03472875377616,48.180189013651606,1.1041235110048349,0.002594991895689969,1.0990373268892826,1.1092096951203871,0.03608953766751884,0.002185333042127189,0.03180628490494955,0.040372790430088124,0.11833919727934475,0.0025949918956899684,0.11325301316379241,0.12342538139489709,0.11809060618500224,0.0025927141479184703,0.11300888645508203,0.12317232591492244,5.5529590449654505e-05,3.902951786245409e-05,-2.0968264560755512e-05,0.0001320274454600645,0.0001930615038929582,58.333636446912216
rich6d_rough,180,6.951927961775605e-08,100,0.00011768435106411339,42.60294545515584,0.034594972003004675,42.53513931002995,42.67075160028173,1.0859220967700407,0.0023953698704805657,1.0812271718238988,1.0906170217161826,0.03868817519333552,0.0022744104995317963,0.0342303306142532,0.04314601977241784,0.10013778304455055,0.002395369870480566,0.09544285809840865,0.10483270799069246,0.09987603156664791,0.0023930657971628273,0.09518562260420878,0.10456644052908705,6.0797263714160556e-05,4.680151128736812e-05,-3.093369840908096e-05,0.00015252822583740208,0.0002009542141885902,50.58358636174
rich6d_rough,180,8.858667904100815e-08,100,0.00011768435106411339,37.53693032031417,0.03203408599956553,37.474143511755024,37.599717128873316,1.070319543730109,0.002214522098756733,1.0659790804165457,1.0746600070436723,0.04143058160148543,0.0023645385900676608,0.03679608596495282,0.046065077238018046,0.08453523000461914,0.0022145220987567333,0.08019476669105595,0.08887569331818233,0.0842562412236006,0.002212334509037918,0.07992006558588628,0.08859241686131493,6.831050604283366e-05,5.691309403397507e-05,-4.323915826375747e-05,0.00017986017034942478,0.00021067827497577886,43.715904472213474
rich6d_rough,180,1.1288378916846883e-07,100,0.00011768435106411339,32.914399383630595,0.029486489969724427,32.856605863289936,32.972192903971255,1.0570238524078015,0.002050080465498108,1.0530056946954252,1.0610420101201778,0.04429580771427416,0.00245455728051264,0.03948487544446939,0.04910673998407893,0.0712395386823112,0.002050080465498108,0.06722138096993491,0.07525769639468749,0.07093766455457569,0.0020481388476000285,0.06692331241327963,0.07495201669587175,7.83655755897662e-05,6.9591151575221e-05,-5.803308149766694e-05,0.00021476423267719933,0.00022350855214576908,37.66208920801571
rich6d_rough,180,1.438449888287663e-07,100,0.00011768435106411339,28.731698581054033,0.02700112706896845,28.678776371998854,28.784620790109212,1.0457648941061743,0.0018997165836034734,1.0420414496023116,1.049488338610037,0.047252111394711235,0.0025432062198215088,0.04226742720386108,0.052236795585561394,0.059980580380683886,0.0018997165836034742,0.056257135876821074,0.0637040248845467,0.05964799865452946,0.0018981092206553844,0.05592770458204491,0.06336829272701401,9.118691027806808e-05,8.507576392623468e-05,-7.556158701735189e-05,0.000257935407573488,0.00024139481587642786,32.353278733271864
rich6d_rough,180,1.8329807108324338e-07,100,0.00011768435106411339,24.977683992720664,0.024614834522399036,24.92943891705676,25.025929068384567,1.036293727765162,0.001761571031577537,1.03284104854327,1.0397464069870541,0.05025537830250307,0.0026291390847024147,0.045102265696486336,0.0554084909085198,0.050509414039671935,0.001761571031577537,0.047056734817779965,0.053962093261563905,0.05013527785649569,0.0017603060130653026,0.046685078070887696,0.05358547764210369,0.00010689667365089491,0.00010359457163960307,-9.61486867627271e-05,0.00030994203406451695,0.0002672395095254035,27.721599842943153
rich6d_rough,180,2.3357214690901212e-07,100,0.00011768435106411339,21.634898365790704,0.022354695003196447,21.59108316358444,21.67871356799697,1.0283822451849,0.00163457185592742,1.0251784843472824,1.0315860060225177,0.05324857439829398,0.002710971744619061,0.04793506977884062,0.05856207901774734,0.042597931459409905,0.0016345718559274195,0.039394170621792166,0.045801692297027644,0.04216721700913156,0.0016335281327137757,0.03896550186901256,0.045368932149250564,0.00012546146574205503,0.00012530348890917893,-0.00012013337251993568,0.0003710563040040457,0.00030525298453631423,23.701074316732157
rich6d_rough,180,2.976351441631313e-07,100,0.00011768435106411339,18.68078071261159,0.020239676355541455,18.64111094695473,18.72045047826845,1.021823929343366,0.0015185191873523251,1.0188476317361554,1.0248002269505765,0.056162359311013016,0.0027873658575499247,0.050699122230215166,0.061625596391810866,0.036039615617876074,0.0015185191873523254,0.03306331801066552,0.03901591322508663,0.03553163916804,0.0015173947502771445,0.0325575454574968,0.03850573287858321,0.0001466115692070183,0.00015020042866259903,-0.00014778127097167583,0.00044100440938571244,0.00036136488062914196,20.228240952404445
rich6d_rough,180,3.792690190732246e-07,100,0.00011768435106411339,16.088919812445248,0.0182806707201534,16.053089697833748,16.124749927056747,1.0164350499897215,0.0014138510346783039,1.013663901961752,1.019206198017691,0.05891676836003363,0.0028571208352132517,0.05331681152301566,0.06451672519705161,0.03065073626423135,0.0014138510346783039,0.027879588236261875,0.033421884292200825,0.030037375418142286,0.0014121240165131184,0.027269612345776573,0.032805138490508,0.00016973513690486127,0.0001780200748874498,-0.0001791842098745403,0.0005186544836842629,0.00044362570918424216,17.24267939128246
rich6d_rough,180,4.832930238571752e-07,100,0.00011768435106411339,13.830319766574323,0.01647995443788512,13.798019055876068,13.862620477272579,1.0120548519591517,0.0013211310093932983,1.0094654351807408,1.0146442687375625,0.06142403786961521,0.0029192353035046915,0.055702336674746014,0.0671457390644844,0.02627053823366154,0.001321131009393298,0.023681121455250677,0.028859955012072405,0.025514307650367996,0.0013180593273069197,0.022930911368846434,0.028097703931889557,0.0001937636475728586,0.00020812508156408524,-0.0002141615122927485,0.0006016888074384657,0.0005624669357207537,14.68751883435202
rich6d_rough,180,6.158482110660254e-07,100,0.00011768435106411339,11.87459678939043,0.014831873741659212,11.845526316856779,11.903667261924083,1.0085437691666979,0.0012404553943677773,1.006112476593737,1.0109750617396587,0.0635930170869016,0.0029729294990789696,0.05776607526870682,0.06941995890509638,0.022759455441207496,0.001240455394367777,0.020328162868246652,0.02519074801416834,0.02181175615511479,0.0012351444786815693,0.019390872976898916,0.024232639333330665,0.00021708586866798018,0.00023942176143956746,-0.000252180783753572,0.0006863525210895324,0.000730613417424782,12.509885919480524
rich6d_rough,180,7.847599703514607e-07,100,0.00011768435106411339,10.191017177835246,0.013325529850593537,10.164899139328082,10.21713521634241,1.0057799158688512,0.0011710472629282045,1.003484663233512,1.0080751685041904,0.06533555935759627,0.0030176725651117477,0.059420921129977246,0.0712501975852153,0.01999560214336066,0.0011710472629282045,0.01770034950802138,0.022290854778699944,0.01879565724263361,0.0011626018845161655,0.016516957548981928,0.021074356936285295,0.00023754887483409977,0.00027034168003435674,-0.00029232081803323945,0.000767418567701439,0.0009623960258929986,10.661196957648686
rich6d_rough,180,1e-06,100,0.00011768435106411339,8.749326649227054,0.011948500056393922,8.725907589116522,8.772745709337586,1.003655015782301,0.0011112150076376215,1.0014770343673312,1.0058329971972708,0.06657446102304916,0.0030532656512911134,0.06059006034651858,0.07255886169957974,0.01787070205681028,0.0011112150076376215,0.015692720641840543,0.02004868347178002,0.016345832244733145,0.001098954238134654,0.014191881937989223,0.018499782551477065,0.00025261166722494416,0.00029893521441860956,-0.00033330135303553054,0.0008385246874854189,0.001272258144852257,9.097247592051238
rich6d_rough,180,1.2742749857031322e-06,100,0.00011768435106411339,7.520379064605149,0.01068991238566316,7.499426836329249,7.541331292881049,1.0020709269017576,0.0010586596045641162,0.999995954076812,1.0041458997267032,0.06725145979567103,0.0030799586791143124,0.06121474078460698,0.07328817880673508,0.016286613176267218,0.0010586596045641162,0.01421164035132155,0.018361586001212887,0.014354470171433509,0.0010423260209330115,0.012311511170404807,0.016397429172462213,0.00025969130077053667,0.00032310687194440625,-0.0003735981682404996,0.0008929807697815729,0.0016724517040632254,7.778134019839804
rich6d_rough,180,1.6237767391887209e-06,100,0.00011768435106411339,6.476607610764706,0.009541976439661566,6.457905336942969,6.495309884586443,1.0009373000407686,0.0010109638904730164,0.9989558108154415,1.0029187892660958,0.06733350447823672,0.0030984964937524036,0.061260451350482005,0.07340655760599142,0.015152986315278602,0.0010109638904730166,0.01317149708995149,0.017134475540605716,0.012726032973363862,0.0009908300289805912,0.010784006116561903,0.01466805983016582,0.0002566743159986639,0.00034097745899700497,-0.0004116415036354658,0.0009249901356327936,0.0021702790259161223,6.66808368745221
rich6d_rough,180,2.06913808111479e-06,100,0.00011768435106411339,5.5923801094327885,0.008500270909100462,5.5757195784509515,5.609040640414626,1.0001703791033625,0.0009660692319627635,0.9982768834087155,1.0020638747980095,0.06681622920258942,0.0031100038155079867,0.06072062172419377,0.07291183668098508,0.014386065377872095,0.0009660692319627635,0.01249256968322508,0.01627956107251911,0.011377961458458376,0.0009428666435116435,0.009529942837175554,0.013225980079741198,0.00024247545303219078,0.0003512932183755076,-0.0004460592549838041,0.0009310101610481857,0.002765628466381575,5.735260839780249
rich6d_rough,180,2.6366508987303555e-06,100,0.00011768435106411339,4.844259231722887,0.007563452339153415,4.829434865138147,4.8590835983076275,0.9996928442430238,0.0009225969803484011,0.997884554161541,1.0015011343245068,0.06572453163122498,0.0031157368921111367,0.05961768732268715,0.07183137593976281,0.013908530517534046,0.0009225969803484012,0.01210024043605118,0.015716820599016912,0.010241346353118817,0.0008972710659348697,0.008482695063886473,0.011999997642351162,0.0002174596654905997,0.0003537458656071177,-0.000475882231099351,0.0009108015620805504,0.003449724498924671,4.951573132423569
rich6d_rough,180,3.359818286283781e-06,100,0.00011768435106411339,4.211172149090912,0.0067324866533452305,4.197976475250356,4.224367822931469,0.9994346470485462,0.0008799322462105495,0.9977099798459735,1.0011593142511188,0.06411054649385516,0.003116847793401686,0.05800152481878785,0.07021956816892246,0.01365033332305624,0.0008799322462105495,0.011925666120483564,0.015375000525628917,0.009261034674985603,0.0008533239157709807,0.007588519800074482,0.010933549549896726,0.00018355553042434126,0.00034905904837100727,-0.000500600204382833,0.0008677112652315154,0.00420574311764634,4.2924763781268584
rich6d_rough,180,4.281332398719387e-06,100,0.00011768435106411339,3.67449155168636,0.006008943325931319,3.6627140227675343,3.6862690806051854,0.9993345854206521,0.0008380453679820117,0.9976920164994074,1.0009771543418968,0.06204916728768508,0.0031143028502214395,0.05594513370125106,0.06815320087411911,0.013550271695161818,0.0008380453679820114,0.011907702773917075,0.01519284061640656,0.00839502688343797,0.0008106562118035185,0.006806140708303074,0.009983913058572866,0.0001439900471329513,0.0003387609466133189,-0.0005199814082291537,0.0008079615024950563,0.005011254764590941,3.736767441436591
rich6d_rough,180,5.455594781168514e-06,100,0.00011768435106411339,3.2180336140316443,0.0053922225575427345,3.2074648578188607,3.228602370244428,0.9993419168009566,0.0007971069382383204,0.9977795872020095,1.0009042463999038,0.05963122524077393,0.003108954607605201,0.053537674209867735,0.06572477627168012,0.013557603075466471,0.0007971069382383206,0.011995273476519363,0.01511993267441358,0.007613191440618326,0.0007690705804650394,0.006105813102906849,0.009120569778329804,0.00010271595132483515,0.0003246904724449354,-0.0005336773746672383,0.0007391092773169086,0.005841695683523362,3.2663591401325967
rich6d_rough,180,6.951927961775606e-06,100,0.00011768435106411339,2.827978843709851,0.004876796964544495,2.818420321659344,2.837537365760358,0.9994170403223164,0.0007570476575508081,0.9979332269135168,1.000900853731116,0.05695487322396357,0.003101620387991032,0.05087569726350115,0.063034049184426,0.013632726596826078,0.0007570476575508085,0.012148913188026493,0.015116540005625663,0.00689532895110972,0.0007283137439266041,0.005467834013013576,0.008322823889205863,6.370540073034947e-05,0.00030842744393409506,-0.0005408123893804769,0.0006682231908411758,0.006673692244986066,2.8660320535011623
rich6d_rough,180,8.858667904100815e-06,100,0.00011768435106411339,2.4927187166670843,0.00445155219873887,2.4839936743575564,2.5014437589766123,0.9995305831171157,0.0007172661711167207,0.9981247414217269,1.0009364248125046,0.054116487277795985,0.003093028460879522,0.04805415149447212,0.06017882306111985,0.013746269391625363,0.0007172661711167206,0.01234042769623659,0.015152111087014135,0.006228675123977908,0.0006878738519959327,0.00488044237406588,0.007576907873889936,3.0303648228326056e-05,0.00029091070464026147,-0.0005398813328665865,0.0006004886293232385,0.0074872906194191746,2.523154989318927
rich6d_rough,180,1.1288378916846883e-05,100,0.00011768435106411339,2.202632450319074,0.0041026458303239964,2.1945912644916388,2.210673636146509,0.9996610356572191,0.0006766336192085482,0.9983348337635704,1.000987237550868,0.051202977597298915,0.003083648216875424,0.04515902709222309,0.05724692810237474,0.01387672193172862,0.0006766336192085483,0.012550520038079865,0.015202923825377374,0.00560514491635904,0.0006468989873406269,0.004337222901171412,0.0068730669315466685,4.784961410691292e-06,0.00027242721764608377,-0.0005291723851756329,0.0005387423079970154,0.008266792053958943,2.2273673240478233
rich6d_rough,180,1.43844988828766e-05,100,0.00011768435106411339,1.9498098632079484,0.003818791628350509,1.9423250316163814,1.9572946947995153,0.9997918891774917,0.0006337910717685415,0.9985496586768254,1.001034119678158,0.04828722474874467,0.0030735480551681345,0.042263070560615124,0.05431137893687421,0.014007575452001797,0.0006337910717685414,0.012765344951335456,0.015249805952668137,0.0050188670751903,0.0006042986700095935,0.0038344416819714967,0.006203292468409103,-1.1828420992227606e-05,0.0002529339422491814,-0.0005075789478006231,0.0004839221058161679,0.009000536797803783,1.9702293754162432
rich6d_rough,180,1.8329807108324338e-05,100,0.00011768435106411339,1.7277539204442618,0.0035954861793959514,1.7207067675326457,1.7348010733558779,0.9999094934734056,0.0005875868518740768,0.9987578232437324,1.0010611637030788,0.045427251294019644,0.0030623992481028086,0.03942494876773814,0.05142955382030115,0.014125179747915762,0.0005875868518740767,0.012973509518242572,0.015276849977588953,0.004464609404310497,0.0005590061218726493,0.0033689574054401048,0.005560261403180889,-1.9700394741157568e-05,0.00023247737865349517,-0.0004753560569020081,0.00043595526741969297,0.009680270738346493,1.744867486335052
rich6d_rough,180,2.3357214690901213e-05,100,0.00011768435106411339,1.531108325341416,0.003434636650989649,1.5243764375054762,1.5378402131773556,1.000002411831436,0.0005374608408562577,0.9989489885833577,1.0010558350795142,0.042668269025524334,0.0030496295518645726,0.03669099510386977,0.0486455429471789,0.01421809810594572,0.0005374608408562576,0.013164674857867455,0.015271521354023983,0.003937429529903134,0.0005103029531091782,0.0029372357418091443,0.004937623317997123,-1.9938123770687124e-05,0.00021146233027180897,-0.0004344042911034327,0.0003945280435620585,0.010300606699813331,1.5456557019736028
rich6d_rough,180,2.976351441631313e-05,100,0.00011768435106411339,1.3554507360891548,0.0033386393894821683,1.3489070028857697,1.3619944692925399,1.000062208786859,0.0004836551296488019,0.9991142447327472,1.0010101728409706,0.04004582944621636,0.003034651593089859,0.034097912323760235,0.045993746568672486,0.014277895061368763,0.0004836551296488018,0.013329931007257111,0.015225859115480415,0.003433406527951968,0.0004580893775972657,0.0025355513478613275,0.004331261708042609,-1.4264404225818646e-05,0.00019066347171233468,-0.00038796480878199464,0.0003594360003303573,0.010858752937642652,1.367973777896663
rich6d_rough,180,3.792690190732246e-05,100,0.00011768435106411339,1.1971697025529848,0.003301984702545084,1.1906978125359964,1.2036415925699733,1.0000848820128325,0.00042722927585090754,0.9992475126321647,1.0009222513935003,0.03758840588452838,0.0030170812276178707,0.03167492667839735,0.04350188509065941,0.014300568287342108,0.00042722927585090744,0.01346319890667433,0.015137937668009886,0.002950867591141755,0.00040301790453712,0.002160952498249,0.0037407826840345102,-4.687462669850324e-06,0.00017102276034184133,-0.0003398920729398593,0.00033051714760015866,0.011354388158870259,1.2080597277896303
rich6d_rough,180,4.8329302385717524e-05,100,0.00011768435106411339,1.0534124744882885,0.0033062378383494928,1.0469322483251235,1.0598927006514534,1.0000719037911832,0.000369912869343803,0.9993468745672693,1.000796933015097,0.035318571744368074,0.002996885460595679,0.02944467624160054,0.04119246724713561,0.014287590065693018,0.000369912869343803,0.013562560841779165,0.015012619289606871,0.0024913445622649515,0.0003464588940565621,0.0018122851299140898,0.0031704039946158133,6.781087835373226e-06,0.00015334780469250062,-0.000293780609361928,0.00030734278503267445,0.011789464415592747,1.0629435064759833
rich6d_rough,180,6.158482110660255e-05,100,0.00011768435106411339,0.9220652012204846,0.00332228621615126,0.9155535202368281,0.9285768822041411,1.0000301058222651,0.00031383659622266446,0.9994149860936687,1.0006452255508616,0.03325290210843475,0.0029744305002125816,0.02742301832801809,0.039082785888851404,0.014245792096774915,0.00031383659622266446,0.013630672368178493,0.014860911825371336,0.002059649619287933,0.00029030739106946203,0.0014906471327917877,0.002628652105784079,1.8343065918117844e-05,0.00013804075710450848,-0.00025221681800671877,0.00028890294984295446,0.012167799411568913,0.9304212601394518
rich6d_rough,180,7.847599703514606e-05,100,0.00011768435106411339,0.8017177237496236,0.0033181483635291815,0.7952141529571064,0.8082212945421408,0.9999702135128123,0.0002611831769644659,0.999458294485962,1.0004821325396627,0.0314013145203694,0.0029504290541210823,0.02561847357429208,0.03718415546644672,0.014185899787322362,0.0002611831769644659,0.013673980760472009,0.014697818814172715,0.0016628643447824361,0.0002366727630756996,0.0011989857291540649,0.0021267429604108073,2.856738783668939e-05,0.0001249785580680723,-0.00021639058597673234,0.0002735253616501111,0.012494468054703289,0.8090188349682454
rich6d_rough,180,0.0001,100,0.00011768435106411339,0.6915758615445898,0.003267452373797134,0.6851716548919474,0.6979800681972322,0.999904428826775,0.0002138157294099117,0.9994853499971316,1.0003235076564185,0.029766604868166843,0.0029258097500264764,0.02403201775811495,0.03550119197821874,0.014120115101284724,0.0002138157294099117,0.013701036271641298,0.014539193930928151,0.0013085147774541525,0.0001875211700497306,0.0009409732841566805,0.0016760562707516244,3.648366128355153e-05,0.000113611735997251,-0.0001861953412710604,0.0002591626638381635,0.012775116662547076,0.6979034808267797
rich6d_rough,180,0.0001274274985703132,100,0.00011768435106411339,0.5913101182867089,0.003154998808706498,0.5851263206216442,0.5974939159517736,0.9998438352666309,0.00017296446701045194,0.9995048249112904,1.0001828456219715,0.02834460480993906,0.002901549639889566,0.02265756751575551,0.03403164210412261,0.014059521541140351,0.0001729644670104519,0.013720511185799866,0.014398531896480837,0.0010025535003194573,0.00014435836327301768,0.0007196111083043427,0.001285495892334572,4.161187060639811e-05,0.00010323012780959914,-0.0001607191799004162,0.00024394292111321243,0.013015356170214541,0.5967296754683038
rich6d_rough,180,0.00016237767391887175,100,0.00011768435106411339,0.5008597046000548,0.002978396222489978,0.4950220480039744,0.5066973611961352,0.9997964214003541,0.000139057515107825,0.9995238686707427,1.0000689741299653,0.027125012965291805,0.0028785181737831017,0.021483117344676925,0.03276690858590668,0.014012107674863127,0.00013905751510782499,0.01373955494525179,0.014284660404474464,0.0007478343645144545,0.00010803174726230937,0.0005360921398803282,0.0009595765891485808,4.392377467796176e-05,9.324206206767565e-05,-0.0001388306669746825,0.00022667821633060606,0.01322034953567077,0.5054370769985984
rich6d_rough,180,0.00020691380811147902,100,0.00011768435106411339,0.42023139863666314,0.002746347581579974,0.4148485573767664,0.4256142398965599,0.9997662102670722,0.00011175045743734024,0.9995471793704951,0.9999852411636494,0.026092725934880785,0.0028573713158190975,0.020492278155875353,0.03169317371388622,0.013981896541582195,0.00011175045743734024,0.013762865645005009,0.01420092743815938,0.0005435246455290542,7.869150790427559e-05,0.00038928929003667406,0.0006977600010214344,4.3743380380068295e-05,8.333204659161529e-05,-0.00011958743093949765,0.00020707419169963424,0.013394628515673133,0.4240414271789661
rich6d_rough,180,0.00026366508987303556,100,0.00011768435106411339,0.34933546741063004,0.0024748590803315746,0.34448474361318016,0.3541861912080799,0.9997535162980724,9.014369755165434e-05,0.9995768346508712,0.9999301979452736,0.025229417451878944,0.0028385107611301605,0.01966593636006383,0.030792898543694058,0.013969202572582228,9.014369755165434e-05,0.013792520925380986,0.01414588421978347,0.00038549333059325437,5.589654050852136e-05,0.0002759361111965525,0.0004950505499899563,4.161087844124776e-05,7.346788211416815e-05,-0.00010238617050252182,0.00018560792738501732,0.013542098363547788,0.35246301543677444
rich6d_rough,180,0.0003359818286283774,100,0.00011768435106411339,0.2878864913094202,0.0021828335738084573,0.2836081375047556,0.29216484511408475,0.9997559674148868,7.310004317389773e-05,0.999612691330266,0.9998992434995077,0.02451512006724045,0.0028220990504357105,0.018983805928386457,0.030046434206094444,0.01397165368939683,7.310004317389767e-05,0.01382837760477599,0.01411492977401767,0.00026736244301173086,3.8808376683993756e-05,0.0001912980247111031,0.00034342686131235865,3.814413716780557e-05,6.381155200745159e-05,-8.692650476679957e-05,0.0001632147791024107,0.013666147109217345,0.29042249625870764
rich6d_rough,180,0.00042813323987193956,100,0.00011768435106411339,0.2353745495595384,0.001888281541565885,0.23167351773806927,0.23907558138100754,0.9997697845780977,5.953366775447738e-05,0.999653098589299,0.9998864705668965,0.023929614577351405,0.002808108380347089,0.01842572215187111,0.029433507002831698,0.013985470852607675,5.953366775447738e-05,0.0138687848638089,0.01410215684140645,0.00018176619968500435,2.6403428773402764e-05,0.00013001547928913495,0.00023351692008087376,3.3927539185865256e-05,5.46051203685074e-05,-7.309849673640925e-05,0.00014095357510813974,0.013769777113736854,0.2374101245064357
rich6d_rough,180,0.0005455594781168515,100,0.00011768435106411339,0.191092879177488,0.0016058465040895895,0.1879454200294724,0.19424033832550358,0.999790901104769,4.857557314371625e-05,0.9996956929814073,0.9998861092281307,0.02345350869063316,0.0027963806017993033,0.017972602711106525,0.028934414670159794,0.01400658737927881,4.857557314371625e-05,0.013911379255917128,0.014101795502640494,0.00012143765347473764,1.764948741550257e-05,8.684465814035261e-05,0.00015603064880912267,2.944330346821115e-05,4.607901498842038e-05,-6.087156590909279e-05,0.0001197581728455151,0.013855706422335934,0.19271388635984585
rich6d_rough,180,0.0006951927961775591,100,0.00011768435106411339,0.1541985021423537,0.0013457529817521986,0.1515608262981194,0.156836177986588,0.9998157104395312,3.9605604169967715e-05,0.9997380834553581,0.9998933374237043,0.02306896706280652,0.002786682789867657,0.017607068794665913,0.028530865330947126,0.014031396714041562,3.960560416996772e-05,0.013953769729868426,0.014109023698214698,7.992895974362745e-05,1.1621243133339246e-05,5.715132320228253e-05,0.00010270659628497237,2.50445578036741e-05,3.839965384743646e-05,-5.021876373730136e-05,0.00010030787934464956,0.013926423196494312,0.15548185001092912
rich6d_rough,180,0.0008858667904100832,100,0.00011768435106411339,0.12378270979140592,0.0011138743424179791,0.12159951608026667,0.12596590350254516,0.9998414241758357,3.2204362072962336e-05,0.9997783036261727,0.9999045447254986,0.02276011894141474,0.0027787508460804774,0.017313767283097005,0.028206470599732476,0.01405711045034574,3.220436207296234e-05,0.013993989900682733,0.014120231000008745,5.1949654697603375e-05,7.555403571982806e-06,3.714106369651708e-05,6.675824569868968e-05,2.0959298467003286e-05,3.165278505393173e-05,-4.10801602387029e-05,8.299875717270947e-05,0.013984201497181187,0.12479459016592293
rich6d_rough,180,0.0011288378916846883,100,0.00011768435106411339,0.0989347998848606,0.0009124636347050406,0.09714637116083873,0.10072322860888248,0.9998661341265372,2.6084787125773428e-05,0.9998150079437708,0.9999172603093037,0.022513206701766483,0.0027723195963655174,0.017079460292890068,0.027946953110642898,0.014081820401047315,2.6084787125773435e-05,0.0140306942182808,0.014132946583813831,3.341249290930221e-05,4.860485639213572e-06,2.3885941056443612e-05,4.293904476216081e-05,1.731158518604016e-05,2.585037423643334e-05,-3.335514831736919e-05,6.797831868944951e-05,0.014031096322952021,0.09973048525659375
rich6d_rough,180,0.00143844988828766,100,0.00011768435106411339,0.07879050138225147,0.000741133946822884,0.07733787884647861,0.08024312391802432,0.9998887019575343,2.1036848758138648e-05,0.9998474697339683,0.9999299341811003,0.022316550065001703,0.0027671411129500207,0.01689295348361966,0.027740146646383745,0.014104388232044301,2.1036848758138648e-05,0.01406315600847835,0.014145620455610252,2.1305449164856273e-05,3.0998078183260502e-06,1.5229825840937213e-05,2.7381072488775332e-05,1.4148584884414546e-05,2.094863625358551e-05,-2.6910742172613054e-05,5.520791194144215e-05,0.01406893419799509,0.07941513756692442
rich6d_rough,180,0.0018329807108324375,100,0.00011768435106411339,0.06256307069394416,0.0005978084605037799,0.06139136611135675,0.06373477527653157,0.9999085795000225,1.6893369757946337e-05,0.999875468495297,0.9999416905047481,0.022160394992947408,0.0027629941537996236,0.016744926451500147,0.02757586353439467,0.014124265774532564,1.6893369757946337e-05,0.014091154769806989,0.014157376779258138,1.3490285678660391e-05,1.963006590451505e-06,9.642792761375441e-06,1.733777859594534e-05,1.1466220883377822e-05,1.686829570582969e-05,-2.1595638700048375e-05,4.4528080466804015e-05,0.014099309267970584,0.06305296124762638
rich6d_rough,180,0.002335721469090121,100,0.00011768435106411339,0.04955904033702228,0.00047949851374125827,0.04861922325008941,0.05049885742395514,0.9999256257338912,1.351264857938885e-05,0.9998991409426756,0.9999521105251068,0.022036702138437635,0.0027596875775707497,0.016627714486398965,0.027445689790476305,0.014141312008400986,1.351264857938885e-05,0.014114827217185384,0.014167796799616588,8.493443531454644e-06,1.2360279071630488e-06,6.070828833415069e-06,1.091605822949422e-05,9.230002643063004e-06,1.3512181111940758e-05,-1.7253872336340884e-05,3.571387762246689e-05,0.014123588562226513,0.04994306993740415
rich6d_rough,180,0.002976351441631313,100,0.00011768435106411339,0.03918230410184554,0.00038286924314565594,0.03843188038528005,0.03993272781841103,0.9999399528990262,1.0771048424383866e-05,0.9999188416441144,0.9999610641539379,0.0219389138757927,0.0027570600497709625,0.01653507617824161,0.027342751573343788,0.014155639173535848,1.0771048424383866e-05,0.014134527918624056,0.01417675042844764,5.323078317745564e-06,7.74714153038e-07,3.8046385777910843e-06,6.841518057700044e-06,7.390219796851903e-06,1.0778325949929178e-05,-1.3735299065009287e-05,2.8515738658713094e-05,0.014142925875421306,0.0394832956291453
rich6d_rough,180,0.003792690190732238,100,0.00011768435106411339,0.030930400786149483,0.00030460995103948676,0.030333365282112088,0.031527436290186873,0.9999518115166581,8.560301805534988e-06,0.9999350333251192,0.999968589708197,0.021861724956280356,0.0027549777112241313,0.01646196864228106,0.027261481270279653,0.014167497791168264,8.560301805534988e-06,0.014150719599629415,0.014184275982707113,3.3239567170727104e-06,4.837942139509546e-07,2.3757200577288394e-06,4.272193376416582e-06,5.892077621270714e-06,8.568567846479389e-06,-1.0902315357828887e-05,2.2686470600370317e-05,0.014158281756829972,0.031166309609607618
rich6d_rough,180,0.004832930238571752,100,0.00011768435106411339,0.024386262892674128,0.00024165013387216465,0.023912628630284684,0.024859897155063572,0.9999615118993908,6.786490356494017e-06,0.9999482103782921,0.9999748134204894,0.021800871072827358,0.002753330916643173,0.01640434247620674,0.027197399669447977,0.014177198173900308,6.786490356494018e-06,0.014163896652801579,0.014190499694999036,2.0695880555981895e-06,3.0123822905796066e-07,1.4791611266445865e-06,2.6600149845517925e-06,4.681877755145135e-06,6.793459367093578e-06,-8.633302604358277e-06,1.7997058114648548e-05,0.014170446708089623,0.024571179211298776
rich6d_rough,180,0.006158482110660254,100,0.00011768435106411339,0.019207853084752452,0.00019126551073813682,0.018832972683705703,0.0195827334857992,0.9999693748451132,5.369290997623057e-06,0.9999588510347578,0.9999798986554685,0.02175294210328256,0.002752030724095995,0.01635896188405441,0.02714692232251071,0.01418506111962265,5.369290997623058e-06,0.014174537309267307,0.014195584929977991,1.285608332807469e-06,1.871333515417714e-07,9.188269637855971e-07,1.652389701829341e-06,3.7103830341410125e-06,5.37450974561965e-06,-6.823656067273501e-06,1.4244422135555526e-05,0.014180065128255738,0.019352818970792038
rich6d_rough,180,0.00784759970351459,100,0.00011768435106411339,0.015117308780015704,0.00015111213482344677,0.014821128995761748,0.01541348856426966,0.999975703458935,4.241008329143194e-06,0.9999673910826099,0.9999840158352602,0.021715221975618988,0.002751005519847731,0.016323251156717435,0.027107192794520542,0.014191389733444837,4.241008329143194e-06,0.014183077357119716,0.014199702109769957,7.971467622588578e-07,1.1603622976857156e-07,5.697157519124575e-07,1.0245777726052581e-06,2.9343228700701743e-06,4.244677579263849e-06,-5.385245185286971e-06,1.125389092542732e-05,0.014187658263812566,0.015230972260004198
rich6d_rough,180,0.01,100,0.00011768435106411339,0.011890572703190485,0.00011921744879515023,0.011656906503551992,0.012124238902828979,0.9999807691588106,3.345344723332788e-06,0.9999742122831529,0.9999873260344684,0.021685554262433036,0.002750197970683318,0.016295166239893733,0.02707594228497234,0.014196455433320675,3.345344723332788e-06,0.014189898557662943,0.014203012308978406,4.935591923826353e-07,7.184633318919463e-08,3.527403793318138e-07,6.343780054334568e-07,2.3167562083777313e-06,3.347827273294756e-06,-4.244985247279991e-06,8.878497664035453e-06,0.014193645117919967,0.01197970565492254
rich6d_rough,240,1e-12,100,0.00011768435106411339,239.911776769111,0.0001192973510756956,239.9115429463029,239.91201059191908,2.848962968305672,0.020862042922424686,2.8080733641777194,2.8898525724336244,0.010269493907473188,0.001200239868976219,0.007917023764279798,0.012621964050666578,1.863178654580183,0.020862042922424683,1.8222890504522307,1.9040682587081352,1.8630609074559938,0.02086203886260617,1.8221713112852858,1.903950503626702,6.271936172106393e-08,2.9359633101702904e-08,5.174480841726244e-09,1.2026424260040162e-07,0.00011768440482345585,511.55579899539526
rich6d_rough,240,1.2742749857031321e-12,100,0.00011768435106411339,239.88761126126,0.000151912984752006,239.88731351180988,239.8879090107101,2.8482195575283473,0.02084743463445054,2.8073585856448244,2.88908052941187,0.010271447849835627,0.0012002784661485325,0.007918902056184503,0.01262399364348675,1.8624352438028569,0.020847434634450532,1.8215742719193337,1.90329621568638,1.862317479495381,0.02084742946368657,1.8214565177465554,1.9031784412442065,7.9869224415208e-08,3.738597224413198e-08,6.592718816709321e-09,1.5314573001370667e-07,0.00011768443824707389,511.4342511796711
rich6d_rough,240,1.6237767391887243e-12,100,0.00011768435106411339,239.85683762000824,0.00019340927989119252,239.85645853781966,239.8572167021968,2.847273472821846,0.020828855379861087,2.8064489162773185,2.8880980293663736,0.010273936213408124,0.0012003276190181258,0.007921294080132597,0.01262657834668365,1.8614891590963554,0.020828855379861087,1.8206646025518276,1.9023137156408831,1.8613713729136714,0.020828848795039514,1.820546829275394,1.9021959165519489,1.016902856594259e-07,4.759742643105567e-08,8.399329854556794e-09,1.9498124146429501e-07,0.0001176844924022126,511.27954317913793
rich6d_rough,240,2.06913808111479e-12,100,0.00011768435106411339,239.81765573678084,0.0002461817423378941,239.81717322056585,239.81813825299582,2.846069885054754,0.02080523812114363,2.8052916183373124,2.8868481517721953,0.010277104647142536,0.0012003902037852612,0.007924339847723425,0.012629869446561647,1.8602855713292632,0.02080523812114362,1.8195073046118218,1.9010638380467046,1.8601677573055806,0.020805229737005736,1.8193895070210493,1.900946007590112,1.2944358740082588e-07,6.058322990670706e-08,1.0700456783680054e-08,2.481867180179717e-07,0.00011768458009623131,511.0826898713984
rich6d_rough,240,2.6366508987303555e-12,100,0.00011768435106411339,239.76777941893693,0.00031325812657918026,239.76716543300884,239.768393404865,2.8445393952436353,0.02077523675057997,2.8038199312124985,2.885258859274772,0.010281138172316035,0.0012004698737763822,0.007928217219714326,0.012634059124917744,1.858755081518145,0.02077523675057997,1.8180356174870083,1.8994745455492819,1.858637232072489,0.020775226077802855,1.8179177889599956,1.8993566751849826,1.647236565402203e-07,7.708802635220241e-08,1.3631124889903586e-08,3.1581618819053706e-07,0.00011768472199382395,510.832309506444
rich6d_rough,240,3.359818286283788e-12,100,0.00011768435106411339,239.70430777694116,0.00039845672745361996,239.70352680175534,239.70508875212698,2.842594325095996,0.020737157822184483,2.8019494957645144,2.8832391544274776,0.010286271626776913,0.0012005712653729013,0.007933151946646027,0.0126393913069078,1.8568100113705048,0.020737157822184483,1.8161651820390232,1.8974548407019864,1.8566921168766897,0.02073714423982674,1.8160473141666293,1.89733691958675,2.0954243355058827e-07,9.805071940363174e-08,1.7363023519470085e-08,4.017218435817065e-07,0.00011768495137976995,510.51400782195174
rich6d_rough,240,4.281332398719396e-12,100,0.00011768435106411339,239.62356421150187,0.0005065790109742266,239.62257131664038,239.62455710636337,2.8401241632013257,0.020688878506809182,2.7995739613279795,2.880674365074672,0.01029280275733787,0.0012007002559974458,0.007939430255582875,0.012646175259092864,1.854339849475836,0.02068887850680918,1.8137896476024902,1.894890051349182,1.8542218977223717,0.02068886122780802,1.813671729715868,1.8947720657288754,2.66431720123902e-07,1.2465172391321576e-07,2.2114341253999136e-08,5.107490989938049e-07,0.00011768532174880227,510.10961823238847
rich6d_rough,240,5.455594781168514e-12,100,0.00011768435106411339,239.52089584332592,0.0006436407077714347,239.5196343075387,239.52215737911314,2.836990037241818,0.020627749857382038,2.7965596475213492,2.877420426962287,0.010301108556431576,0.0012008642858235246,0.007947414556217468,0.012654802556645684,1.851205723516327,0.02062774985738204,1.8107753337958583,1.8916361132367958,1.851087699030868,0.020627727885563125,1.8106573523751643,1.8915180456865717,3.3856661721584433e-07,1.5836961696525063e-07,2.816216796395312e-08,6.489710664677355e-07,0.00011768591883755224,509.596273316758
rich6d_rough,240,6.951927961775591e-12,100,0.00011768435106411339,239.39042527701272,0.0008171436943029524,239.3888236753719,239.39202687865355,2.833018104488082,0.020550485783346603,2.7927391523527225,2.873297056623441,0.01031166552672627,0.0012010727564946103,0.007957562923996834,0.012665768129455706,1.8472337907625902,0.020550485783346603,1.806954838627231,1.8875127428979495,1.8471156739713408,0.020550457860206768,1.8068367765653355,1.8873945713773461,4.299116846890695e-07,2.0104775291082434e-07,3.585808898385381e-08,8.239652803942852e-07,0.00011768687957382923,508.94528429571903
rich6d_rough,240,8.858667904100833e-12,100,0.00011768435106411339,239.22474594189757,0.0010363872379772023,239.22271462291113,239.226777260884,2.827991810442774,0.02045304055936494,2.7879038509464187,2.8680797699391296,0.010325074626156384,0.0012013375214006009,0.007970453084211206,0.012679696168101561,1.8422074967172855,0.02045304055936493,1.8021195372209302,1.8822954562136407,1.842089262905701,0.020453005098746677,1.8020013729121576,1.8821771528992446,5.453899217285345e-07,2.549705096420723e-07,4.564772283007274e-08,1.0451321206269962e-06,0.00011768842166771237,508.12081130785185
rich6d_rough,240,1.1288378916846884e-11,100,0.00011768435106411339,239.0145522733036,0.0013128103898122235,239.01197916493956,239.01712538166763,2.821643081171988,0.02033048180044702,2.781795336843112,2.8614908255008644,0.010342091670977226,0.001201673482444297,0.007986811645386404,0.012697371696568049,1.8358587674464975,0.02033048180044702,1.7960110231176214,1.8757065117753735,1.8357403854855323,0.02033043680927681,1.7958927293393498,1.8755880416317148,6.910716425143219e-07,3.229472327067177e-07,5.809506640915526e-08,1.3240482186194885e-06,0.00011769088932708088,507.0783211369148
rich6d_rough,240,1.4384498882876659e-11,100,0.00011768435106411339,238.7481972683329,0.0016603460395446731,238.74494299009538,238.7514515465704,2.8136427196722433,0.020176872326731578,2.7740960499118494,2.8531893894326372,0.010363663911381195,0.0012020993068024004,0.00800754927004849,0.0127197785527139,1.827858405946752,0.020176872326731578,1.788311736186358,1.8674050757071459,1.8277398367485533,0.020176815310279768,1.788193278740405,1.8672863947567018,8.7437528500312e-07,4.083993382988957e-07,7.391258193728446e-08,1.6748379880689555e-06,0.00011769482291213752,505.76285487598955
rich6d_rough,240,1.8329807108324375e-11,100,0.00011768435106411339,238.4111733379528,0.0020957497502687534,238.40706566844227,238.4152810074633,2.80359060982894,0.019985183949795298,2.7644196492873414,2.8427615703705387,0.010390973283836386,0.0012026382729184177,0.008033802268916288,0.012748144298756484,1.8178062961034507,0.0199851839497953,1.7786353355618518,1.8569772566450495,1.8176874907758434,0.019985111800830575,1.7785166716462155,1.8568583099054712,1.10426440823468e-06,5.154421141343984e-07,9.399786453125923e-08,2.114530951938101e-06,0.0001177010631978094,504.1071712676116
rich6d_rough,240,2.3357214690901212e-11,100,0.00011768435106411339,237.98551909231261,0.0026388415011383438,237.98034696297037,237.99069122165486,2.7910068357580027,0.019747279400260203,2.7523021681334927,2.8297115033825126,0.010425486394578319,0.0012033192461140814,0.00806698067219472,0.012783992116961919,1.8052225220325122,0.01974727940026021,1.7665178544080022,1.8439271896570222,1.8051034197146223,0.019747188273189786,1.7663989306991703,1.8438079087300743,1.3914139935177014e-06,6.489473355113049e-07,1.1947721591554385e-07,2.663350771119859e-06,0.00011771090390379733,502.0298980840705
rich6d_rough,240,2.976351441631313e-11,100,0.00011768435106411339,237.449166284444,0.0033125655607628376,237.4426736559449,237.4556589129431,2.7753255313179164,0.01945401494626706,2.737195662023233,2.8134554006126,0.010469010490922774,0.0012041777690547924,0.008108822063575381,0.012829198918270166,1.7895412175924281,0.019454014946267067,1.7514113482977447,1.8276710868871116,1.7894217429796493,0.01945390012057869,1.7512920987433152,1.8275513872159834,1.748304479118497e-06,8.145661018529255e-07,1.5175491948676318e-07,3.344854038750231e-06,0.00011772630829701841,499.43391860157857
rich6d_rough,240,3.7926901907322536e-11,100,0.00011768435106411339,236.77525930947155,0.004142735444764827,236.76713954799982,236.78337907094328,2.7558941755414437,0.01909553329409024,2.7184669302850266,2.7933214207978607,0.010523753406002265,0.0012052572290595159,0.008161449237045613,0.012886057574958917,1.7701098618159536,0.019095533294090243,1.7326826165595368,1.8075371070723705,1.7699899224263393,0.019095389036810406,1.732562959914191,1.8074168849384877,2.189184611309751e-06,1.0186843673045022e-06,1.9256325139292658e-07,4.185805971226575e-06,0.00011775020499503117,496.2053427481855
rich6d_rough,240,4.832930238571752e-11,100,0.00011768435106411339,235.93150580898418,0.005157295349993799,235.9213975100982,235.94161410787018,2.731982043996909,0.018661828126053832,2.6954048608698438,2.7685592271239745,0.010592383618621977,0.001206610032675003,0.00822742795457897,0.012957339282664983,1.7461977302714187,0.01866182812605383,1.709620547144353,1.7827749133984843,1.7460772135732348,0.018661647571697873,1.709500384332707,1.7826540428137625,2.729826836607184e-06,1.2682790430044028e-06,2.439999123185549e-07,5.2156537608958134e-06,0.00011778687134627285,492.2135516602387
rich6d_rough,240,6.158482110660255e-11,100,0.00011768435106411339,234.87965117972522,0.006384913171061893,234.86713674990995,234.89216560954048,2.7028023501489735,0.018143656976193082,2.667240782475635,2.738363917822312,0.010678084149397997,0.0012082986810077715,0.008309818734622765,0.013046349564173228,1.7170180364234826,0.018143656976193086,1.681456468750144,1.7525796040968211,1.7168968070411077,0.01814343205622161,1.6813356802109134,1.752457933871302,3.386986778194192e-06,1.5706448900066147e-06,3.0852279378122704e-07,6.465450762607157e-06,0.0001178423955944894,487.3129300546083
rich6d_rough,240,7.847599703514623e-11,100,0.00011768435106411339,233.5752094068257,0.00785274958777711,233.55981801763366,233.59060079601775,2.6675527707246327,0.01753384154663159,2.6331864412932346,2.7019191001560308,0.01078459122063284,0.0012103966063821817,0.008412213872123764,0.013156968569141916,1.6817684569991413,0.017533841546631585,1.6474021275677435,1.7161347864305392,1.6816463543425164,0.017533563020610227,1.6472805708221203,1.7160121378629125,4.177479132286216e-06,1.932978189442272e-06,3.888418809793635e-07,7.966116383593068e-06,0.00011792517749793785,481.3469573021195
rich6d_rough,240,1e-10,100,0.00011768435106411339,231.96762010781202,0.009583354691253482,231.94883673261717,231.98640348300688,2.625477819449973,0.01682890587924441,2.5924931639266537,2.658462474973292,0.010916205996753605,0.001212988621419156,0.00853874829877206,0.01329366369473515,1.6396935057244806,0.016828905879244408,1.6067088502011615,1.6726781612477997,1.6395703425375954,0.016828563548279624,1.6065863579829673,1.6725543270922234,5.116805789947439e-06,2.361838715896648e-06,4.876019067900091e-07,9.746009673104868e-06,0.00011804638109682263,474.15523564810377
rich6d_rough,240,1.274274985703132e-10,100,0.00011768435106411339,230.00102315271317,0.011590850653972345,229.9783050854314,230.02374121999495,2.575953131136807,0.016030854282034993,2.5445326567440185,2.6073736055295953,0.011077766320468214,0.0012161708760979547,0.008694071403316222,0.013461461237620206,1.5901688174113158,0.016030854282034997,1.5587483430185272,1.6215892918041044,1.5900443798807422,0.01603043750171081,1.558624722377389,1.6214640373840954,6.217328373930799e-06,2.862567922871401e-06,6.066952451028527e-07,1.1827961502758745e-05,0.00011822020220394504,465.5837090438867
rich6d_rough,240,1.6237767391887175e-10,100,0.00011768435106411339,227.61582829587894,0.013876851889317624,227.58862966617588,227.643026925582,2.5185857561881027,0.015148702370182444,2.488894299542545,2.54827721283366,0.011274566632858075,0.0012200503545096307,0.008883267938019199,0.01366586532769695,1.5328014424626122,0.01514870237018244,1.5031099858170547,1.5624928991081697,1.5326754926056663,0.015148201019613571,1.5029850186072238,1.5623659666041088,7.486076628583313e-06,3.4388062430173632e-06,7.460163922692814e-07,1.4226136864897344e-05,0.00011846378031504269,455.49772664525614
rich6d_rough,240,2.0691380811147902e-10,100,0.00011768435106411339,224.75118810524194,0.016426873703219082,224.71899143278364,224.78338477770023,2.4533167533781812,0.014199214218598577,2.425486293509728,2.4811472132466346,0.011512219805248443,0.0012247441984549726,0.009111721176276698,0.013912718434220189,1.4675324396526894,0.014199214218598577,1.4397019797842363,1.4953628995211425,1.46740472061192,0.014198620306488555,1.4395754248112025,1.4952340164126376,8.922435342692194e-06,4.092293801510834e-06,9.015394917309589e-07,1.694333119365343e-05,0.00011879660542839232,443.79679304137244
rich6d_rough,240,2.6366508987303556e-10,100,0.00011768435106411339,221.3483486185675,0.019208140905942857,221.31070066239187,221.38599657474316,2.3805050896954065,0.013206283413614179,2.3546207742047227,2.4063894051860903,0.011796465434353118,0.0012303795082194058,0.009384921598243083,0.014208009270463154,1.3947207759699167,0.013206283413614173,1.368836460479233,1.4206050914606005,1.3945910204364713,0.013205593471919436,1.3687080572315091,1.4204739836414335,1.0516156708476791e-05,4.823108697200453e-06,1.0628636619639038e-06,1.9969449754989678e-05,0.0001192393767387237,430.4290299650896
rich6d_rough,240,3.3598182862837877e-10,100,0.00011768435106411339,217.3546676009618,0.022169575569081383,217.3112152328464,217.3981199690772,2.300968912883221,0.01219864558220429,2.277059567542101,2.3248782582243415,0.012132944739601978,0.001237094654288886,0.009708239217195762,0.014557650262008195,1.3151845991577318,0.01219864558220429,1.2912752538166115,1.339093944498852,1.3150525403266677,0.01219786385129684,1.291144727178126,1.3389603534752095,1.2246367633970729e-05,5.630356929127761e-06,1.2108680528803174e-06,2.3281867215061138e-05,0.00011981246342869165,415.4028718256957
rich6d_rough,240,4.281332398719396e-10,100,0.00011768435106411339,212.7278994952893,0.025244270002677354,212.67842072608406,212.77737826449456,2.2159652090735564,0.01120614814045332,2.194001158718268,2.237929259428845,0.012526979616236982,0.0012450433500449574,0.010086694650148866,0.014967264582325099,1.2301808953480657,0.01120614814045332,1.2082168449927773,1.2521449457033542,1.2300462786386794,0.011205290228759716,1.2080839097903104,1.2520086474870484,1.4082364276903282e-05,6.5130920328609584e-06,1.3167038924958046e-06,2.684802466131076e-05,0.00012053434511110142,398.7936297528796
rich6d_rough,240,5.455594781168515e-10,100,0.00011768435106411339,207.44021451001313,0.028354085745919678,207.38464050195114,207.49578851807513,2.1271023701074965,0.010255453816972127,2.1070016806262313,2.1472030595887617,0.012983407046915085,0.0012544025079070007,0.010524778131417363,0.015442035962412807,1.1413180563820056,0.01025545381697213,1.1212173669007401,1.161418745863271,1.1411806490226564,0.010254550040521776,1.1210817309432337,1.161279567102079,1.598678812629123e-05,7.471007274542795e-06,1.3436138681873536e-06,3.062996238439511e-05,0.00012142057122488392,380.74338360398104
rich6d_rough,240,6.951927961775591e-10,100,0.00011768435106411339,201.48140480107156,0.03141546591944343,201.41983048786946,201.54297911427366,2.0361983389777865,0.009366452424030156,2.0178400922266873,2.0545565857288857,0.013506522665035237,0.0012653839400797284,0.01102637014247897,0.015986675187591504,1.0504140252522967,0.009366452424030156,1.0320557785011975,1.0687722720033959,1.0502736204382292,0.009365549568781828,1.0319171432834169,1.0686300975930416,1.792104091966258e-05,8.50436150141285e-06,1.252492376893395e-06,3.4589589462431764e-05,0.0001224837731473461,361.4539883315178
rich6d_rough,240,8.858667904100832e-10,100,0.00011768435106411339,194.86085108509255,0.034345372878586175,194.79353415425052,194.92816801593457,1.9451124252820273,0.00855046253755433,1.9283535187084209,1.9618713318556338,0.014100172471950662,0.0012782481597861319,0.011594806078769844,0.01660553886513148,0.9593281115565371,0.00855046253755433,0.9425692049829306,0.9760870181301435,0.9591845249528461,0.008549622648304818,0.9424272645621686,0.9759417853435236,1.9851560908130717e-05,9.612784738492927e-06,1.01050282068458e-06,3.8692618995576856e-05,0.00012373504277967025,341.1743639987196
rich6d_rough,240,1.1288378916846883e-09,100,0.00011768435106411339,187.60804144374274,0.03706649434031071,187.53539111483573,187.68069177264974,1.8555848535330532,0.007810539920749529,1.8402761952883842,1.8708935117777223,0.01476799837635633,0.0012933162883637013,0.012233098451163476,0.017302898301549186,0.8698005398075637,0.007810539920749529,0.8544918815628946,0.8851091980522328,0.8696535988348066,0.007809835162810294,0.8543463219156985,0.8849608757539148,2.175438092551198e-05,1.0793031741663957e-05,6.00038711850624e-07,4.290872313917334e-05,0.00012518659183122748,320.1842177937985
rich6d_rough,240,1.4384498882876659e-09,100,0.00011768435106411339,179.77167673906595,0.0395112757073073,179.69423463867963,179.84911883945227,1.7691125783983344,0.007143343764620879,1.7551116246196774,1.7831135321769913,0.015513799059400767,0.0013109745298770486,0.012944288980841752,0.01808330913795978,0.7833282646728447,0.007143343764620875,0.7693273108941877,0.7973292184515016,0.7831777944268592,0.007142847410394,0.7691778135024869,0.7971777753512315,2.3615115606767716e-05,1.2036221392189085e-05,2.4121678077110894e-08,4.720610953545832e-05,0.00012685513037736552,298.7766729612716
rich6d_rough,240,1.8329807108324374e-09,100,0.00011768435106411339,171.41759109378046,0.04162465616213227,171.33600676770268,171.49917541985823,1.6868764347078116,0.006541598360156548,1.6740549019219046,1.6996979674937185,0.01634192870441052,0.0013316663716198345,0.013731862616035647,0.018951994792785396,0.7010921209823209,0.006541598360156549,0.6882705881964141,0.7139136537682277,0.7009379331349767,0.006541373197859109,0.6881168416671728,0.7137590246027805,2.542285573320451e-05,1.3325371754137921e-05,-6.948729049058152e-07,5.154058437131483e-05,0.00012876499161056446,277.2419981120626
rich6d_rough,240,2.335721469090121e-09,100,0.00011768435106411339,162.62582121745683,0.04336550223676695,162.54082483307278,162.7108176018409,1.6097197650647095,0.005996362298052293,1.597966894960527,1.621472635168892,0.017257639740146772,0.0013558713010303988,0.014600131990127191,0.019915147490166353,0.6239354513392197,0.005996362298052294,0.6121825812350372,0.6356883214434021,0.6237773423449824,0.005996448790891864,0.6120243027148343,0.6355303819751305,2.7159166870125836e-05,1.463397740239803e-05,-1.5234288385742997e-06,5.584176257882597e-05,0.00013094982736767263,255.85398912362106
rich6d_rough,240,2.9763514416313133e-09,100,0.00011768435106411339,153.4871754890098,0.044706751780525994,153.39955025551996,153.57480072249962,1.5381677946738372,0.005498755456280437,1.5273902339795276,1.548945355368147,0.01826729054680854,0.001384074092995059,0.015554505324538226,0.020980075769078857,0.5523834809483473,0.005498755456280438,0.5416059202540376,0.563161041642657,0.5522212428576486,0.005499162416267314,0.5414428845217647,0.5629996011935325,2.8786274392151485e-05,1.5926063317337525e-05,-2.4288097098300634e-06,6.000135849413303e-05,0.00013345181630721598,234.85983268649733
rich6d_rough,240,3.792690190732238e-09,100,0.00011768435106411339,144.0996102149251,0.04563437674673188,144.0101668365015,144.1890535933487,1.4724724371085063,0.005041119593690018,1.4625918427048739,1.4823530315121387,0.019378378905984678,0.0014167327183233992,0.016601582778070816,0.02215517503389854,0.48668812338301654,0.005041119593690018,0.4768075289793841,0.49656871778664896,0.48652156557587156,0.00504181980944112,0.47663959874936696,0.49640353240237617,3.0240019778283437e-05,1.715787272456627e-05,-3.3894107618664534e-06,6.386945031843332e-05,0.0001363177873671944,214.47364689376235
rich6d_rough,240,4.832930238571752e-09,100,0.00011768435106411339,134.56465101838288,0.04614549654120347,134.47420584516212,134.65509619160363,1.4126680204134152,0.004617682711732609,1.4036173622984194,1.421718678528411,0.020599408493318486,0.0014542532262868048,0.01774907216979635,0.023449744816840624,0.4268837066879253,0.004617682711732609,0.4178330485729294,0.4359343648029212,0.4267126818804608,0.004618614996866416,0.41766019648660263,0.43576516727431897,3.143242962365624e-05,1.8281398902496026e-05,-4.39911222523597e-06,6.726397147254845e-05,0.00013959237784066762,194.8733960629921
rich6d_rough,240,6.158482110660254e-09,100,0.00011768435106411339,124.98402907915951,0.0462461968123723,124.89338653340727,125.07467162491176,1.3586271878793068,0.004224761428047743,1.3503466554803332,1.3669077202782804,0.02193962774580964,0.0014969763841412443,0.0190055540328928,0.02487370145872648,0.3728428741538158,0.004224761428047744,0.3645623417548422,0.38112340655278937,0.37266729892516215,0.004225839230094416,0.3643846540341771,0.3809499438161472,3.226606259402949e-05,1.925041540883582e-05,-5.464751607288716e-06,6.999687679534768e-05,0.00014330916605967067,176.20051895330542
rich6d_rough,240,7.847599703514623e-09,100,0.00011768435106411339,115.45664868473887,0.04594964021711409,115.36658738991332,115.54670997956441,1.310110590563252,0.0038605149742328123,1.3025439812137556,1.3176771999127483,0.02340868470134259,0.0015451752580137063,0.020380141195635727,0.026437228207049454,0.3243262768377619,0.0038605149742328123,0.31675966748826556,0.3318928861872582,0.32414613657951125,0.003861640277584042,0.3165773216354465,0.331714951523576,3.265873844733963e-05,2.0030237363767174e-05,-6.600526785644028e-06,7.19180036803233e-05,0.00014748151980342045,158.56143581388838
rich6d_rough,240,1e-08,100,0.00011768435106411339,106.07596493752139,0.045274828266987754,105.9872262741181,106.16470360092468,1.2668075066872329,0.0035243302116761085,1.2598998194723476,1.273715193902118,0.025016219850410276,0.0015990575871981574,0.021882066979501888,0.028150372721318664,0.2810231929617424,0.0035243302116761076,0.2741155057468572,0.28793088017662755,0.2808385236070593,0.003525410153646244,0.27392871970591265,0.28774832750820595,3.25737446543055e-05,2.0612742712056443e-05,-7.827231061325128e-06,7.297472036993613e-05,0.000152095610028994,142.03016438674965
rich6d_rough,240,1.274274985703132e-08,100,0.00011768435106411339,96.92782076017876,0.04424602739351656,96.84109854648747,97.01454297387005,1.2283667721638905,0.0032160318179205276,1.2220633498007663,1.2346701945270147,0.0267713893746689,0.0016587635112205966,0.02352021289267653,0.03002256585666127,0.24258245843840012,0.0032160318179205267,0.2362790360752759,0.24888588080152435,0.24239330213277646,0.0032169944094163133,0.2360879930903205,0.24869861117523243,3.204779766751723e-05,2.1037820177371225e-05,-9.18632988013037e-06,7.328192521516484e-05,0.00015710850795627208,126.65153146481829
rich6d_rough,240,1.623776739188721e-08,100,0.00011768435106411339,88.0887621710684,0.04289264260654883,88.00469259155956,88.17283175057723,1.1944186629215958,0.002935176872102383,1.1886657162522751,1.2001716095909165,0.028682297740114136,0.0017243492176891387,0.025302573273443422,0.03206202220678485,0.20863434919610568,0.0029351768721023836,0.20288140252678502,0.21438729586542635,0.20844068710994065,0.002935981837043692,0.202686162709335,0.2141952115105463,3.1207901096374995e-05,2.1420762810646e-05,-1.0776794012491166e-05,7.319259620524116e-05,0.00016245418506859698,112.44473552856861
rich6d_rough,240,2.0691380811147902e-08,100,0.00011768435106411339,79.62481908161026,0.041249314317287386,79.54397042554837,79.70566773767214,1.16458914340641,0.002680642139017415,1.1593350848139359,1.169843201998884,0.03075533500243509,0.0017957508555694474,0.027235663325518973,0.034275006679351204,0.1788048296809198,0.002680642139017415,0.17355077108844566,0.18405888827339392,0.17860650008964044,0.002681283587263176,0.1733511842586046,0.18386181592067627,3.027030344785614e-05,2.198027528770244e-05,-1.2811036116040639e-05,7.335164301175292e-05,0.00016805928783143742,99.40712075409623
rich6d_rough,240,2.6366508987303555e-08,100,0.00011768435106411339,71.5907144959784,0.03935609100990382,71.513576557599,71.66785243435781,1.1385084952216644,0.002450569190662858,1.1337053796079652,1.1433116108353636,0.03299444781621581,0.001872729593909025,0.029323897812154123,0.0366649978202775,0.15272418149617414,0.0024505691906628584,0.14792106588247494,0.15752729710987334,0.15252079187846312,0.0024510687145348686,0.14771669719797478,0.15732488655895147,2.952059049260567e-05,2.3050927964799865e-05,-1.5659228318402064e-05,7.470040930361341e-05,0.00017386902721840992,87.5179592570985
rich6d_rough,240,3.3598182862837814e-08,100,0.00011768435106411339,64.02946006199103,0.03725845810516461,63.956433484104906,64.10248663987716,1.1158166748103395,0.0022425850133189077,1.1114212081842345,1.1202121414364445,0.035400387360436145,0.001954805909623671,0.03156896777757375,0.03923180694329854,0.1300323610848493,0.002242585013318908,0.12563689445874424,0.13442782771095438,0.12982319723588615,0.002242976260244106,0.1254269637658077,0.1342194307059646,2.9281446630837308e-05,2.5052988236147547e-05,-1.9822410312011887e-05,7.83853035736865e-05,0.00017988240233236114,76.74197214556904
rich6d_rough,240,4.281332398719396e-08,100,0.00011768435106411339,56.97231249293281,0.03500675247201898,56.90369925808765,57.04092572777797,1.0961675058983993,0.002054140622885948,1.0921413902775428,1.1001936215192558,0.03796993676361676,0.002041197048879578,0.03396919054781279,0.041970682979420734,0.11038319217290919,0.002054140622885949,0.10635707655205273,0.11440930779376565,0.11016711619825989,0.0020544483481004837,0.10614039743598294,0.11419383496053684,2.9879549823911518e-05,2.841077231561628e-05,-2.580556391469639e-05,8.556466356251942e-05,0.00018619642482528218,67.03240026522778
rich6d_rough,240,5.4555947811685146e-08,100,0.00011768435106411339,50.439087117148866,0.03265437391641956,50.37508454427268,50.50308969002505,1.0792328684616672,0.0018828214489083003,1.075542538421807,1.0829231985015275,0.040695029718684,0.002130774253649554,0.036518712181530875,0.04487134725583713,0.09344855473617716,0.0018828214489083003,0.08975822469631689,0.09713888477603744,0.09322387109575128,0.0018830386036894822,0.08953311543251989,0.09691462675898267,3.162213653296921e-05,3.347040651257905e-05,-3.397986023168572e-05,9.722413329762414e-05,0.0001930615038929582,58.333636446912216
rich6d_rough,240,6.951927961775605e-08,100,0.00011768435106411339,44.438824745739836,0.030254606373269443,44.37952571724823,44.498123774231445,1.0647067582394212,0.0017265440924720036,1.0613227318181762,1.0680907846606662,0.04356160167226038,0.0022220540222928353,0.03920637578856642,0.04791682755595433,0.07892244451393099,0.0017265440924720034,0.07553841809268587,0.08230647093517611,0.07868670293810985,0.001726609556278304,0.07530254820780438,0.08207085766841532,3.4787361632578976e-05,4.0486366024679185e-05,-4.4565915775792225e-05,0.00011414063904095018,0.0002009542141885902,50.58358636174
rich6d_rough,240,8.858667904100815e-08,100,0.00011768435106411339,38.97077128880423,0.027856758202925897,38.916172042726494,39.025370534881965,1.0523081787676392,0.00158362425262003,1.049204275232504,1.0554120823027744,0.04654807727173054,0.0023132306462119523,0.04201414520515512,0.051082009338305964,0.0665238650421488,0.00158362425262003,0.06341996150701354,0.06962776857728406,0.06627356231960334,0.0015834019565195358,0.06317009448482505,0.06937703015438162,3.9624447569730815e-05,4.967029870861405e-05,-5.772933789915271e-05,0.00013697823303861434,0.00021067827497577886,43.715904472213474
rich6d_rough,240,1.1288378916846883e-07,100,0.00011768435106411339,34.02557292827673,0.02550308596993276,33.97558687977566,34.0755589767778,1.0417818879690477,0.0014527597323436086,1.0389344788936543,1.044629297044441,0.049623650804242844,0.0024022490583848755,0.044915242649808486,0.0543320589586772,0.055997574243557405,0.0014527597323436084,0.05315016516816393,0.058844983318950876,0.05572771161361443,0.0014520179727838028,0.052881756386958176,0.05857366684027068,4.635407779721946e-05,6.123975263472971e-05,-7.367583736685079e-05,0.0001663839929612897,0.00022350855214576908,37.66208920801571
rich6d_rough,240,1.438449888287663e-07,100,0.00011768435106411339,29.58655595783286,0.023227768493831975,29.54102953158495,29.63208238408077,1.0328970157066453,0.0013330037096780695,1.0302843284356762,1.0355097029776144,0.05274685852439126,0.0024869124347322315,0.04787251015231608,0.05762120689646644,0.047112701981154796,0.0013330037096780695,0.04450001471018578,0.04972538925212381,0.04681614858309699,0.001331392363133429,0.04420661955135547,0.04942567761483851,5.515858218143779e-05,7.542919631519695e-05,-9.268264259634822e-05,0.00020299980695922382,0.00024139481587642786,32.353278733271864
rich6d_rough,240,1.8329807108324338e-07,100,0.00011768435106411339,25.63098395651718,0.02105790067503109,25.58971047119412,25.67225744184024,1.0254447328772847,0.0012237830528014065,1.023046118093794,1.0278433476607753,0.05586511896714161,0.002565021701323612,0.05083767643254733,0.06089256150173589,0.0396604191517941,0.001223783052801406,0.03726180436830334,0.04205903393528486,0.039327025372056526,0.0012208074237249936,0.03693424282155554,0.041719807922557514,6.615427021220457e-05,9.246175585194701e-05,-0.00011507077125761156,0.00024737931168202073,0.0002672395095254035,27.721599842943153
rich6d_rough,240,2.3357214690901212e-07,100,0.00011768435106411339,22.131256035151115,0.019015015455179685,22.093986604858962,22.168525465443267,1.0192365229475897,0.0011249415338860495,1.017031637541173,1.0214414083540064,0.05891570427852388,0.0026345531632524315,0.05375198007854911,0.06407942847849864,0.033452209222099745,0.0011249415338860495,0.031247323815683088,0.0356570946285164,0.0330676137519629,0.0011199360960134177,0.030872539003776598,0.03526268850014919,7.934248560055651e-05,0.00011249035775789044,-0.00014113861560490875,0.00029982358680602175,0.00030525298453631423,23.701074316732157
rich6d_rough,240,2.976351441631313e-07,100,0.00011768435106411339,19.056075471554216,0.017115368668151252,19.02252934896464,19.089621594143793,1.0141038259429396,0.001036708073394251,1.012071878119087,1.0161357737667922,0.06182804894905883,0.0026938825627493444,0.056548039126070114,0.06710805877204755,0.028319512217449657,0.001036708073394251,0.026287564393596925,0.03035146004130239,0.0278636071137799,0.0010288218751094232,0.02584711623856543,0.02988009798899437,9.454022304068045e-05,0.00013551539817456413,-0.00017106995738146527,0.00036015040346282614,0.00036136488062914196,20.228240952404445
rich6d_rough,240,3.792690190732246e-07,100,0.00011768435106411339,16.371626127985746,0.015368569281792968,16.34150373219343,16.40174852377806,1.009898501639567,0.0009594852482848722,1.0080179105529286,1.0117790927262054,0.06452679195169049,0.0027420387931690374,0.05915239591707918,0.06990118798630181,0.02411418791407654,0.0009594852482848722,0.02223359682743819,0.02599477900071489,0.023559265873106142,0.0009477008920666261,0.021701772124655554,0.02541675962155673,0.00011129633178620677,0.00016128659129233865,-0.00020482538714677694,0.0004274180507191905,0.00044362570918424216,17.24267939128246
rich6d_rough,240,4.832930238571752e-07,100,0.00011768435106411339,14.042742125876984,0.013775989450769138,14.015741186553477,14.069743065200491,1.006492764644886,0.000893458914376806,1.0047415851727075,1.0082439441170645,0.06693493906559934,0.002778924180847869,0.06148824767113752,0.07238163046006117,0.020708450919396004,0.0008934589143768063,0.018957271447217462,0.022459630391574545,0.020017176262704255,0.0008766720204256369,0.01829889910267001,0.021735453422738502,0.00012880772097105032,0.00018920322294966812,-0.00024203059601029918,0.0004996460379523998,0.0005624669357207537,14.68751883435202
rich6d_rough,240,6.158482110660254e-07,100,0.00011768435106411339,12.03399471130521,0.01233098984071784,12.009825971217403,12.058163451393018,1.0037775616047215,0.0008381823851696408,1.002134724129789,1.005420399079654,0.06897705346858676,0.002805415302240096,0.06347843947619618,0.07447566746097735,0.017993247879231167,0.000838182385169641,0.01635041040429867,0.019636085354163665,0.017116771877006817,0.0008153588965573485,0.015518668439754415,0.01871487531425922,0.00014586258479963007,0.00021823870496117472,-0.00028188527692427236,0.0005736104465235326,0.000730613417424782,12.509885919480524
rich6d_rough,240,7.847599703514607e-07,100,0.00011768435106411339,10.31060523709481,0.011021684775478702,10.289002734934872,10.332207739254748,1.0016593987849691,0.0007923571652515614,1.000106378741076,1.0032124188288623,0.07058288888508948,0.002823289456272734,0.06504924155079493,0.07611653621938404,0.01587508505947927,0.0007923571652515612,0.01432206501558621,0.01742810510337233,0.01475183816870747,0.000762757105081392,0.013256834242747942,0.016246842094666997,0.000160850864878843,0.0002469275343257566,-0.00032312710239963986,0.0006448288321573259,0.0009623960258929986,10.661196957648686
rich6d_rough,240,1e-06,100,0.00011768435106411339,8.83913633360642,0.00983497316370352,8.819859786205562,8.858412881007279,1.0000564738846294,0.0007539385147115084,0.9985787543957948,1.0015341933734638,0.07169180225119667,0.0028349809332244803,0.0661352396220767,0.07724836488031665,0.014272160159139237,0.0007539385147115084,0.01279444067030468,0.015749879647973794,0.012828016008011884,0.0007173544143901354,0.011422001355807218,0.01423403066021655,0.0001718860062751518,0.00027345666054356466,-0.0003640890483902349,0.0007078610609405386,0.001272258144852257,9.097247592051238
rich6d_rough,240,1.2742749857031322e-06,100,0.00011768435106411339,7.587977133412369,0.008759770269422424,7.5708079836843005,7.605146283140437,0.998895073404618,0.0007205119978356325,0.9974828698888601,1.0003072769203758,0.07225768493006349,0.002843215338979832,0.06668498286566302,0.07783038699446396,0.01311075967912807,0.0007205119978356322,0.01169855616337023,0.01452296319488591,0.011261244644762365,0.0006774358346879362,0.009933470408774011,0.01258901888075072,0.00017706333030251256,0.0002958875584289194,-0.00040287628421816954,0.0007570029448231946,0.0016724517040632254,7.778134019839804
rich6d_rough,240,1.6237767391887209e-06,100,0.00011768435106411339,6.527676364574244,0.007788338383402664,6.5124112213427745,6.542941507805714,0.9981067891559648,0.0006897721816744317,0.996754835679883,0.9994587426320467,0.0722536164065775,0.0028505939618072022,0.06666645224143539,0.07784078057171961,0.012322475430474435,0.0006897721816744317,0.010970521954392548,0.013674428906556322,0.009977363857999256,0.0006413971394518446,0.008720225464673641,0.011234502251324871,0.0001748325465591039,0.0003124933188702325,-0.00043765435842655183,0.0007873194515447596,0.0021702790259161223,6.66808368745221
rich6d_rough,240,2.06913808111479e-06,100,0.00011768435106411339,5.631173881973314,0.006916104290052787,5.617618317564811,5.644729446381818,0.9976267554046239,0.0006599437423931766,0.9963332656695333,0.9989202451397144,0.07167537312669314,0.002859218832706752,0.06607130421458791,0.07727944203879837,0.011842441679132999,0.0006599437423931766,0.010548951944042373,0.013135931414223624,0.008912415137123809,0.0006079461660110886,0.007720840651742075,0.010103989622505543,0.00016439807562766207,0.0003221349851649516,-0.000466986495295643,0.0007957826465509671,0.002765628466381575,5.735260839780249
rich6d_rough,240,2.6366508987303555e-06,100,0.00011768435106411339,4.873956063352293,0.006140914818425494,4.861919870308179,4.885992256396407,0.9973930533874846,0.0006300426672119311,0.9961581697597492,0.99862793701522,0.07054315704749885,0.002870441560881115,0.06491709158817185,0.07616922250682584,0.011608739661994927,0.0006300426672119311,0.010373856034259542,0.012843623289730313,0.008012999165098655,0.0005761791778670165,0.006883687976479303,0.009142310353718007,0.00014601599797164788,0.00032455069706353054,-0.0004901033682728719,0.0007821353642161677,0.003449724498924671,4.951573132423569
rich6d_rough,240,3.359818286283781e-06,100,0.00011768435106411339,4.234140467056921,0.005462111207243112,4.223434729090725,4.2448462050231175,0.9973474092354843,0.0005999127525127318,0.9961715802405593,0.9985232382304092,0.06890107137478871,0.002884746894356337,0.0632469674618503,0.07455517528772712,0.011563095509994433,0.0005999127525127318,0.01038726651506948,0.012738924504919386,0.007236284568911101,0.0005455732136154135,0.0061669610702248905,0.008305608067597312,0.00012106782343703904,0.0003204260137274187,-0.0005069671634687016,0.0007491028103427796,0.00420574311764634,4.2924763781268584
rich6d_rough,240,4.281332398719387e-06,100,0.00011768435106411339,3.6924903872136827,0.00487906382951679,3.68292742210783,3.7020533523195356,0.9974369904510872,0.0005700084085046113,0.9963197739704182,0.9985542069317563,0.06681394160378873,0.002901706033052232,0.06112659777900636,0.07250128542857111,0.01165267672559706,0.0005700084085046113,0.010535460244928022,0.012769893206266099,0.0065495565544152375,0.0005159208805425361,0.005538351628551867,0.007560761480278608,9.186540659092795e-05,0.00031117572096608286,-0.0005180390065025944,0.0007017698196844503,0.005011254764590941,3.736767441436591
rich6d_rough,240,5.455594781168514e-06,100,0.00011768435106411339,3.2323626255460884,0.00438893042505851,3.2237603219129736,3.2409649291792033,0.9976165550578989,0.0005409709344288667,0.9965562520264184,0.9986768580893794,0.0643614657730624,0.0029199874884641686,0.05863829029567263,0.07008464125045216,0.011832241332408415,0.0005409709344288667,0.010771938300927836,0.012892544363888994,0.005929304930075422,0.00048720635000348313,0.004974380484068595,0.006884229376082249,6.124071880969031e-05,0.00029848587868297265,-0.0005237916034089361,0.0006462730410283168,0.005841695683523362,3.2663591401325967
rich6d_rough,240,6.951927961775606e-06,100,0.00011768435106411339,2.839591627947056,0.003984489710869889,2.831782028113751,2.8474012277803613,0.9978498790869783,0.0005131512514297434,0.996844102634176,0.9988556555397806,0.061630655158981085,0.0029375576238669394,0.05587304221620189,0.06738826810176028,0.012065565361488116,0.0005131512514297434,0.011059788908685819,0.013071341814290413,0.005359828933919718,0.0004594278153800288,0.0044593504157748615,0.006260307452064575,3.204418258239149e-05,0.0002837935661058935,-0.0005241912069851597,0.0005882795721499428,0.006673692244986066,2.8660320535011623
rich6d_rough,240,8.858667904100815e-06,100,0.00011768435106411339,2.502309718724405,0.0036538792316949203,2.495148115430283,2.5094713220185274,0.998109661157294,0.00048629543107611597,0.9971565221123848,0.9990628002022033,0.058708524147468674,0.00295219024590222,0.05292223126550032,0.06449481702943702,0.012325347431803454,0.0004862954310761159,0.011372208386894267,0.013278486476712642,0.00483137019743972,0.0004324125016128595,0.003983841694278515,0.005678898700600924,6.686614944600542e-06,0.0002679439843895181,-0.000518483594458855,0.0005318568243480561,0.0074872906194191746,2.523154989318927
rich6d_rough,240,1.1288378916846883e-05,100,0.00011768435106411339,2.210704520903999,0.003383453174574516,2.2040729526818326,2.217336089126165,0.9983758959103955,0.00045955071777366676,0.9974751765035592,0.9992766153172319,0.05567687081934498,0.002962128215050523,0.04987109951784595,0.061482642120844005,0.012591582184905557,0.00045955071777366676,0.01169086277806917,0.013492301591741944,0.0043379669793922335,0.0004057055602011305,0.003542784081398018,0.005133149877386449,-1.3176848445566124e-05,0.0002511864089673408,-0.0005055022100215541,0.0004791485131304218,0.008266792053958943,2.2273673240478233
rich6d_rough,240,1.43844988828766e-05,100,0.00011768435106411339,1.9567266692171728,0.0031626627669352563,1.9505278501939796,1.962925488240366,0.9986335241556104,0.00043177498194364283,0.9977872451910008,0.9994798031202199,0.05260957821289497,0.0029665000735743475,0.04679523806868925,0.05842391835710069,0.012849210430120089,0.0004317749819436428,0.012002931465510548,0.013695489394729629,0.003875451552715247,0.0003786000799565559,0.0031333953960003976,0.004617507709430097,-2.677792039888581e-05,0.00023346939457767824,-0.00048437793377113515,0.0004308220929733635,0.009000536797803783,1.9702293754162432
rich6d_rough,240,1.8329807108324338e-05,100,0.00011768435106411339,1.7337795129561036,0.0029878052481733296,1.7279234146696838,1.7396356112425233,0.9988704857082062,0.00040196762332632603,0.9980826291664866,0.9996583422499259,0.049571561268802744,0.002965259052282499,0.043759653526329045,0.05538346901127644,0.013086171982715849,0.00040196762332632603,0.012298315440996249,0.013874028524435448,0.0034400914216200246,0.00035030861788423403,0.0027534865305669258,0.0041266963126731235,-3.419017725063239e-05,0.00021482093052324855,-0.00045523920107619955,0.0003868588465749348,0.009680270738346493,1.744867486335052
rich6d_rough,240,2.3357214690901213e-05,100,0.00011768435106411339,1.5364354409531646,0.002861588873531461,1.530826726761043,1.5420441551452864,0.9990769559394056,0.00036961299142055363,0.9983525144762213,0.9998013974025899,0.0466184646086143,0.0029588340300838647,0.04081914990964993,0.052417779307578675,0.013292642213915367,0.00036961299142055363,0.012568200750731081,0.014017083677099652,0.0030281897108196455,0.0003202049483915077,0.0024005880119722903,0.0036557914096670007,-3.6154196717554836e-05,0.00019559076380937799,-0.00041951209378393567,0.000347203700348826,0.010300606699813331,1.5456557019736028
rich6d_rough,240,2.976351441631313e-05,100,0.00011768435106411339,1.360219643451308,0.0027877447062420882,1.3547556638270737,1.3656836230755425,0.999245810565354,0.0003348291967583666,0.9985895453397076,0.9999020757910004,0.0437968234125265,0.0029478442376727866,0.03801904870668783,0.04957459811836516,0.013461496839864195,0.0003348291967583666,0.012805231614217797,0.014117762065510594,0.00263658131282605,0.0002880400376926853,0.002072022838948387,0.003201139786703713,-3.3837410604452675e-05,0.00017646168050444684,-0.0003797023043931685,0.00031202748318426315,0.010858752937642652,1.367973777896663
rich6d_rough,240,3.792690190732246e-05,100,0.00011768435106411339,1.2014800485043526,0.002763344984367174,1.1960638923349929,1.2068962046737124,0.9993737034295394,0.0002983330011751374,0.998788970747236,0.9999584361118427,0.04114450379781284,0.0029330071966869394,0.03539580969230644,0.04689319790331924,0.013589389704049756,0.0002983330011751375,0.013004657021746488,0.014174122386353025,0.002263591986287942,0.0002540628371684617,0.0017656288254377572,0.002761555147138127,-2.859044110839406e-05,0.00015827130644688838,-0.0003388022017442953,0.0002816213195275072,0.011354388158870259,1.2080597277896303
rich6d_rough,240,4.8329302385717524e-05,100,0.00011768435106411339,1.0573310105978626,0.002773979688006252,1.0518940104093704,1.0627680107863549,0.9994618930328956,0.0002612842620279616,0.9989497758793208,0.9999740101864704,0.0386910189065284,0.002915140571266844,0.03297734338684539,0.044404694426211415,0.013677579307405856,0.00026128426202796164,0.013165462153831051,0.014189696460980662,0.0019098572412742825,0.00021902005773181935,0.0014805779281199167,0.0023391365544286483,-2.174234946112813e-05,0.00014174944257002733,-0.0002995712568983817,0.00025608655797612547,0.011789464415592747,1.0629435064759833
rich6d_rough,240,6.158482110660255e-05,100,0.00011768435106411339,0.9256320688287281,0.002795389922807216,0.920153104580026,0.9311110330774302,0.9995161561386433,0.0002250663017418943,0.9990750261872292,0.9999572860900574,0.03645747098309337,0.0028951535881480738,0.030782969950323147,0.04213197201586359,0.013731842413152928,0.00022506630174189425,0.013290712461738815,0.01417297236456704,0.0015784957675774234,0.000184042375133972,0.0012177727123148382,0.0019392188228400085,-1.4452765993361073e-05,0.0001272841364435134,-0.00026392967342264733,0.0002350241414359252,0.012167799411568913,0.9304212601394518
rich6d_rough,240,7.847599703514606e-05,100,0.00011768435106411339,0.8049530808546917,0.0028002006629891923,0.7994646875552329,0.8104414741541506,0.9995455997981675,0.00019103866808114475,0.9991711640087284,0.9999200355876066,0.03445630689910982,0.0028740053905125665,0.02882325633370519,0.04008935746451445,0.013761286072677072,0.0001910386680811447,0.013386850283238029,0.014135721862116115,0.0012744390432149239,0.00015044605481877904,0.000979564775770117,0.0015693133106597307,-7.621025241081505e-06,0.00011481584072825668,-0.0002326600730684646,0.0002174180225863016,0.012494468054703289,0.8090188349682454
rich6d_rough,240,0.0001,100,0.00011768435106411339,0.6944873368085749,0.002765415715503273,0.6890671220061885,0.6999075516109613,0.9995606811342681,0.00016029809027803165,0.9992464968773231,0.9998748653912131,0.032691296304663144,0.0028526380687157377,0.027100125689980298,0.03828246691934599,0.01377636740877742,0.00016029809027803165,0.013462183151832478,0.01409055166572236,0.0010030965409355815,0.0001194964617275981,0.0007688834759494892,0.0012373096059216738,-1.8457947051748002e-06,0.00010391308359095641,-0.00020551543854344936,0.00020182384913309978,0.012775116662547076,0.6979034808267797
rich6d_rough,240,0.0001274274985703132,100,0.00011768435106411339,0.5939003917032566,0.002677436814145651,0.5886526155475311,0.5991481678589821,0.999571063635436,0.00013349852598621169,0.9993094065245031,0.999832720746369,0.031158041099411227,0.00283189528151928,0.025607526347633438,0.03670855585118901,0.013786749909945604,0.0001334985259862117,0.01352509279901263,0.014048407020878579,0.000768822785192171,9.219174799326398e-05,0.0005881269591253735,0.0009495186112589685,2.5709545389316584e-06,9.398983141637311e-05,-0.00018164911503715966,0.00018679102411502295,0.013015356170214541,0.5967296754683038
rich6d_rough,240,0.00016237767391887175,100,0.00011768435106411339,0.5031329295973754,0.002533669184692218,0.4981669379953787,0.5080989211993722,0.9995839671090517,0.00011078548018537721,0.9993668275678884,0.999801106650215,0.029845102491852807,0.002812449202545226,0.024332702054864163,0.03535750292884145,0.01379965338356149,0.00011078548018537724,0.01358251384239815,0.01401679292472483,0.0005737217901289654,6.912106356621499e-05,0.00043824450553918404,0.0007091990747187468,5.58205776180288e-06,8.454183734697126e-05,-0.0001601199434382608,0.00017128405896186654,0.01322034953567077,0.5054370769985984
rich6d_rough,240,0.00020691380811147902,100,0.00011768435106411339,0.4221973720486365,0.0023411868582159526,0.41760864580653323,0.42678609829073977,0.9996034196670395,9.186960261817145e-05,0.9994233552459079,0.9997834840881711,0.02873562887017013,0.0027947606924163424,0.0232578979130341,0.03421335982730616,0.013819105941549292,9.186960261817144e-05,0.013639041520417675,0.013999170362680908,0.00041715117396879823,5.0426931367636546e-05,0.0003183143884882306,0.0005159879594493659,7.326251907411494e-06,7.528775457811562e-05,-0.00014023774706569512,0.00015489025088051813,0.013394628515673133,0.4240414271789661
rich6d_rough,240,0.00026366508987303556,100,0.00011768435106411339,0.3510111783405303,0.0021135381419831708,0.3468686435822433,0.3551537130988173,0.9996304371713052,7.620450859309028e-05,0.9994810763344627,0.9997797980081476,0.0278092326051841,0.0027790804513097497,0.02236223492061699,0.03325623028975121,0.01384612344581489,7.620450859309031e-05,0.013696762608972433,0.013995484282657348,0.00029597631905069286,3.586522298032161e-05,0.0002256804820092625,0.00036627215609212323,8.048763216458516e-06,6.618386855360329e-05,-0.00012167161914860395,0.00013776914558152097,0.013542098363547788,0.35246301543677444
rich6d_rough,240,0.0003359818286283774,100,0.00011768435106411339,0.2892954622294678,0.0018669526853374824,0.2856362349662063,0.29295468949272924,0.9996638362556796,6.318443625955569e-05,0.9995399947606108,0.9997876777507483,0.027043827052585047,0.002765480489267482,0.021623485293620782,0.03246416881154931,0.01387952253018927,6.318443625955563e-05,0.01375568103512054,0.014003364025257998,0.00020534634330585734,2.4926540970365554e-05,0.00015649032300394086,0.0002542023636077738,8.029077666116913e-06,5.7353562817617386e-05,-0.00010438390545641316,0.000120442060788647,0.013666147109217345,0.29042249625870764
rich6d_rough,240,0.00042813323987193956,100,0.00011768435106411339,0.23654484095826367,0.0016170339018046105,0.23337545451072664,0.2397142274058007,0.9997012638948956,5.228191626316847e-05,0.9995987913390197,0.9998037364507714,0.02641719374941804,0.0027538991957970866,0.02101955132565575,0.03181483617318033,0.013916950169405123,5.2281916263168456e-05,0.013814477613529313,0.014019422725280933,0.00013964469987372407,1.697288259859776e-05,0.00010637784998047245,0.0001729115497669757,7.528355794595058e-06,4.899157209854647e-05,-8.849512551855604e-05,0.00010355183710774614,0.013769777113736854,0.2374101245064357
rich6d_rough,240,0.0005455594781168515,100,0.00011768435106411339,0.19205466464027465,0.001376566707488158,0.18935659389359785,0.19475273538695145,0.9997400991028593,4.3098160553148094e-05,0.9996556267081752,0.9998245714975434,0.02590815760088361,0.002744186939347775,0.02052955119976197,0.03128676400200525,0.013955785377368992,4.309816055314809e-05,0.013871312982684823,0.014040257772053161,9.3318613275889e-05,1.1353057126554953e-05,7.10666213078413e-05,0.00011557060524393671,6.7603417572243045e-06,4.128514148065662e-05,-7.415853554486267e-05,8.767921905931128e-05,0.013855706422335934,0.19271388635984585
rich6d_rough,240,0.0006951927961775591,100,0.00011768435106411339,0.15498187215840714,0.001154557018283652,0.1527189404025712,0.1572448039142431,0.9997780524643056,3.5349843763396e-05,0.9997087667705293,0.9998473381580819,0.025497351117570545,0.0027361450908909585,0.02013450673942427,0.030860195495716822,0.013993738738815674,3.5349843763395995e-05,0.013924453045039418,0.01406302443259193,6.143325607361386e-05,7.4792746816079355e-06,4.6773877697662305e-05,7.609263444956541e-05,5.882286247794468e-06,3.436823354774188e-05,-6.147945150577962e-05,7.324402400136855e-05,0.013926423196494312,0.15548185001092912
rich6d_rough,240,0.0008858667904100832,100,0.00011768435106411339,0.12441603495984417,0.000956253251658232,0.12254177858659404,0.1262902913330943,0.9998134488288044,2.8831645823410445e-05,0.9997569388029905,0.9998699588546183,0.02516761819436074,0.002729555877853947,0.019817688673767004,0.030517547714954473,0.014029135103314263,2.8831645823410452e-05,0.013972625077500378,0.014085645129128148,3.993466580272844e-05,4.864556784932545e-06,3.0400134504260655e-05,4.946919710119623e-05,4.998940330405088e-06,2.8306515826039448e-05,-5.048183068863223e-05,6.0479711349442405e-05,0.013984201497181187,0.12479459016592293
rich6d_rough,240,0.0011288378916846883,100,0.00011768435106411339,0.09944371980200191,0.0007837568573170158,0.09790755636166056,0.10097988324234326,0.9998452708510455,2.3381846785566856e-05,0.9997994424313458,0.9998910992707452,0.02490413995944619,0.0027242030975569995,0.019564701888234472,0.03024357803065791,0.014060957125555457,2.3381846785566842e-05,0.014015128705855747,0.014106785545255168,2.568801622386273e-05,3.1304461727510564e-06,1.9552341725270658e-05,3.18236907224548e-05,4.172786379617519e-06,2.310290911965435e-05,-4.110891549490501e-05,4.9454488254140045e-05,0.014031096322952021,0.09973048525659375
rich6d_rough,240,0.00143844988828766,100,0.00011768435106411339,0.0791974521722318,0.0006368611117206604,0.07794920439325931,0.08044569995120429,0.9998730651177631,1.8860725094155914e-05,0.9998360980965786,0.9999100321389476,0.0246943694563983,0.002719885012824339,0.019363394831262593,0.030025344081534004,0.014088751392272782,1.8860725094155907e-05,0.014051784371088236,0.014125718413457328,1.638156821821129e-05,1.996973971651561e-06,1.2467499233774232e-05,2.029563720264835e-05,3.435626059535542e-06,1.871297764091382e-05,-3.3241810116655544e-05,4.011306223572663e-05,0.01406893419799509,0.07941513756692442
rich6d_rough,240,0.0018329807108324375,100,0.00011768435106411339,0.06288720669651082,0.0005138715690326046,0.06188001842120692,0.06389439497181473,0.9998967952266692,1.5140699874495202e-05,0.9998671194549151,0.9999264709984232,0.02452785045221709,0.0027164212228483506,0.019203664855434323,0.029852036048999858,0.014112481501179054,1.5140699874495198e-05,0.014082805729425043,0.014142157272933066,1.037337295976488e-05,1.2648726901274446e-06,7.894222487115089e-06,1.2852523432414672e-05,2.7988602487591815e-06,1.506236911354865e-05,-2.672338321379617e-05,3.232110371131453e-05,0.014099309267970584,0.06305296124762638
rich6d_rough,240,0.002335721469090121,100,0.00011768435106411339,0.04981640718756093,0.0004122817463838607,0.04900833496464856,0.0506244794104733,0.9999166952003826,1.2103697836333877e-05,0.9998929719526234,0.9999404184481419,0.024395978107549378,0.002713655285826437,0.019077213747329562,0.029714742467769194,0.014132381474892272,1.2103697836333877e-05,0.014108658227133059,0.014156104722651486,6.531448537202023e-06,7.965666307657125e-07,4.970177940901227e-06,8.09271913350282e-06,2.2614641286129374e-06,1.2061996182399072e-05,-2.138004838888924e-05,2.5902976646115116e-05,0.014123588562226513,0.04994306993740415
rich6d_rough,240,0.002976351441631313,100,0.00011768435106411339,0.03938614855520619,0.00032926651915273045,0.03874078617766684,0.04003151093274554,0.9999331488696573,9.641690304620031e-06,0.9999142511566603,0.9999520465826544,0.02429174158782619,0.0027114546016064186,0.01897729056867761,0.02960619260697477,0.014148835144167126,9.641690304620033e-06,0.01412993743117007,0.014167732857164182,4.093640526047206e-06,4.993320024032204e-07,3.114949801336894e-06,5.072331250757518e-06,1.815628219823274e-06,9.619335346326788e-06,-1.703826905897723e-05,2.066952549862378e-05,0.014142925875421306,0.0394832956291453
rich6d_rough,240,0.003792690190732238,100,0.00011768435106411339,0.03109153643628849,0.0002620066628583377,0.03057800337708615,0.031605069495490835,0.9999466022852611,7.657912450049958e-06,0.9999315927768591,0.9999616117936632,0.024209473852998792,0.0027097087067334586,0.018898444787801214,0.02952050291819637,0.014162288559770926,7.657912450049956e-06,0.014147279051368828,0.014177298068173024,2.5563412648223857e-06,3.1185383333546275e-07,1.945107751484879e-06,3.1675747781598925e-06,1.4504616761794886e-06,7.64581884604716e-06,-1.3535343262072944e-05,1.643626661443192e-05,0.014158281756829972,0.031166309609607618
rich6d_rough,240,0.004832930238571752,100,0.00011768435106411339,0.024513440494163607,0.0002078793401764383,0.024105996987417787,0.024920884000909426,0.9999575063877097,6.067634949175876e-06,0.9999456138232093,0.9999693989522102,0.024144622719097435,0.002708326790890022,0.018836302208952993,0.029452943229241878,0.014173192662219489,6.067634949175876e-06,0.014161300097719104,0.014185085226719874,1.5916971575137502e-06,1.9419314800529253e-07,1.2110785874233768e-06,1.9723157276041235e-06,1.1542569724119112e-06,6.061021683683238e-06,-1.0725345527607236e-05,1.3033859472431058e-05,0.014170446708089623,0.024571179211298776
rich6d_rough,240,0.006158482110660254,100,0.00011768435106411339,0.019308106373587253,0.00016455271583645537,0.018985583050547802,0.019630629696626704,0.9999662833896998,4.798190052643766e-06,0.9999568789371966,0.999975687842203,0.02409354961349981,0.00270723496012787,0.018787369091649183,0.029399730135350435,0.014181969664209648,4.798190052643765e-06,0.014172565211706466,0.01419137411671283,9.887704247048572e-07,1.2064275591235702e-07,7.523106231166375e-07,1.225230226293077e-06,9.157655292599818e-07,4.794530594400929e-06,-8.481514435765839e-06,1.0313045494285803e-05,0.014180065128255738,0.019352818970792038
rich6d_rough,240,0.00784759970351459,100,0.00011768435106411339,0.015196261772668836,0.0001300176802905035,0.014941427119299449,0.015451096426038223,0.9999733099256963,3.7883472051417576e-06,0.9999658847651742,0.9999807350862184,0.024053357571050586,0.0027063735606738843,0.018748865392129773,0.0293578497499714,0.014188996200206219,3.7883472051417584e-06,0.01418157103968414,0.014196421360728297,6.131025592807356e-07,7.481079499849196e-08,4.664734010836914e-07,7.597317174777798e-07,7.248338344153228e-07,3.786297136105741e-06,-6.696308552351929e-06,8.145976221182575e-06,0.014187658263812566,0.015230972260004198
rich6d_rough,240,0.01,100,0.00011768435106411339,0.011952703901441028,0.00010258176297278144,0.011751643646014377,0.01215376415686768,0.9999789111049577,2.987259321925416e-06,0.9999730560766867,0.9999847661332287,0.02402174718526752,0.0027056947308923634,0.01871858551271849,0.02932490885781655,0.014194597379467846,2.9872593219254173e-06,0.014188742351196873,0.014200452407738819,3.796124168515863e-07,4.632244247785725e-08,2.888204295949861e-07,4.704044041081865e-07,5.726491310711349e-07,2.9860966720677252e-06,-5.280100346181607e-06,6.425398608323876e-06,0.014193645117919967,0.01197970565492254
rich6d_rough,360,1e-12,100,0.00011768435106411339,359.48287281366504,0.0007897495781561596,359.4813249044918,359.48442072283825,4.390585291649998,0.04099192533722628,4.310241117989035,4.470929465310961,0.007823133925525957,0.0008539570350009282,0.006149378136924138,0.009496889714127776,3.4048009779245074,0.04099192533722627,3.324456804263544,3.485145151585471,3.404683220541691,0.04099191728743617,3.324339062658316,3.485027378425066,7.297799216166038e-08,6.361352090422862e-08,-5.170450881062771e-08,1.976604931339485e-07,0.00011768440482345585,511.55579899539526
rich6d_rough,360,1.2742749857031321e-12,100,0.00011768435106411339,359.3421747864702,0.001001976007757758,359.340210913495,359.3441386594454,4.381705265031629,0.04078114612129692,4.301774218633887,4.461636311429371,0.00783342426483587,0.0008542151820746114,0.006159162507969633,0.009507686021702108,3.395920951306138,0.04078114612129692,3.3159899049083963,3.47585199770388,3.3958031741610935,0.040781135863281234,3.315872147869062,3.475734200453125,9.270682179226958e-08,8.089175773011637e-08,-6.58410233587585e-08,2.512546669432977e-07,0.00011768443824707389,511.4342511796711
rich6d_rough,360,1.6237767391887243e-12,100,0.00011768435106411339,359.1635844912276,0.0012697554167408964,359.16109577061076,359.16607321184443,4.370490038395577,0.040516001059948285,4.291078676318078,4.449901400473076,0.007846472421144014,0.0008545437955495238,0.006171566581866948,0.009521378260421081,3.3847057246700865,0.040516001059948285,3.305294362592588,3.464117086747585,3.3845879225056086,0.0405159879882112,3.305176586048715,3.4639992589625024,1.1767206142805153e-07,1.0280533376251833e-07,-8.38263927464844e-08,3.191705156025875e-07,0.0001176844924022126,511.27954317913793
rich6d_rough,360,2.06913808111479e-12,100,0.00011768435106411339,358.93713216910805,0.0016067484455708724,358.9339829421547,358.9402813960614,4.356358956940776,0.04018360634052766,4.277599088513341,4.43511882536821,0.007862995835171242,0.00085496198475141,0.006187270345058478,0.009538721325284006,3.3705746432152854,0.04018360634052766,3.2918147747878512,3.4493345116427196,3.370456809429634,0.04018358968400823,3.291696973648978,3.44921664521029,1.4920554571024209e-07,1.3056301992073952e-07,-1.0669797333440737e-07,4.0510906475489154e-07,0.00011768458009623131,511.0826898713984
rich6d_rough,360,2.6366508987303555e-12,100,0.00011768435106411339,358.6503651576554,0.00202946014455475,358.6463874157721,358.65434289953873,4.338606618508153,0.039768686986042384,4.260659992015509,4.416553245000796,0.007883885767938753,0.0008554939568688787,0.0062071176124757505,0.009560653923401755,3.352822304782661,0.03976868698604239,3.274875678290018,3.430768931275304,3.3527044311166874,0.03976866576337827,3.274757846220466,3.430651016012909,1.889439801034967e-07,1.656681909541925e-07,-1.357656741667206e-07,5.13653634373714e-07,0.00011768472199382395,510.832309506444
rich6d_rough,360,3.359818286283788e-12,100,0.00011768435106411339,358.2878113202251,0.002557536072342065,358.2827985495233,358.2928240909269,4.316387422660714,0.0392535156912816,4.239450531905803,4.393324313415626,0.007910242003551733,0.0008561703190181283,0.006232148178276202,0.009588335828827264,3.330603108935224,0.0392535156912816,3.253666218180312,3.407539999690136,3.3304851851043016,0.03925348865460153,3.2535483473412827,3.4074220228673204,2.388795331078242e-07,2.0997868802991226e-07,-1.7267869543080383e-07,6.504377616464522e-07,0.00011768495137976995,510.51400782195174
rich6d_rough,360,4.281332398719396e-12,100,0.00011768435106411339,357.8303732157492,0.0032139107946797065,357.82407395059164,357.83667248090677,4.288704990011203,0.038618097955858126,4.213013518017721,4.3643964620046845,0.007943410280250689,0.000857029672009516,0.006263632123112038,0.00962318843738934,3.3029206762857113,0.03861809795585813,3.2272292042922293,3.3786121482791933,3.3028026895558003,0.038618063520664235,3.2271112850552983,3.378494094056302,3.0140815762407565e-07,2.6577204735519e-07,-2.1950505519209674e-07,8.223213704402481e-07,0.00011768532174880227,510.10961823238847
rich6d_rough,360,5.455594781168514e-12,100,0.00011768435106411339,357.25467129753486,0.004024688119907325,357.24678290881985,357.26255968624986,4.254411202021252,0.03784074531862387,4.18024334119675,4.328579062845755,0.007985020149996648,0.0008581205314043772,0.006303103908444068,0.009666936391549226,3.268626888295764,0.03784074531862387,3.194459027471261,3.3427947491202668,3.268508823008006,0.037840701477347624,3.1943410481124044,3.3426765979036075,3.7936892362553293e-07,3.3581248243478973e-07,-2.7882354194665497e-07,1.0375613891977208e-06,0.00011768591883755224,509.596273316758
rich6d_rough,360,6.951927961775591e-12,100,0.00011768435106411339,356.5323730086608,0.005018595716940586,356.5225365610556,356.542209456266,4.212221299910256,0.03689920052383044,4.139898866883549,4.284543732936964,0.008037019426467047,0.0008595035928310021,0.006352392384518283,0.00972164646841581,3.226436986184766,0.03689920052383044,3.1541145531580583,3.2987594192114735,3.226318823240009,0.0368991447409829,3.1539964995476826,3.2986411469323356,4.760651800924719e-07,4.234133280242209e-07,-3.5382494283500106e-07,1.305955303019945e-06,0.00011768687957382923,508.94528429571903
rich6d_rough,360,8.858667904100833e-12,100,0.00011768435106411339,355.6295695449363,0.006225833415322155,355.6173669114423,355.64177217843036,4.160752830349021,0.03577246609150772,4.090638796809666,4.230866863888377,0.00810169953996907,0.0008612543187051333,0.006413641075307008,0.009789758004631131,3.174968516623528,0.03577246609150771,3.104854483084173,3.2450825501628833,3.1748502329450288,0.03577239517945831,3.1047363383932907,3.244964127496767,5.95256855999889e-07,5.324852021152679e-07,-4.484141401460363e-07,1.638927852145814e-06,0.00011768842166771237,508.12081130785185
rich6d_rough,360,1.1288378916846884e-11,100,0.00011768435106411339,354.5062917245754,0.007676146776701097,354.4912464768931,354.52133697225776,4.098596372623262,0.034443409374492015,4.031087290249257,4.1661054549972665,0.008181704320798656,0.0008634657512430402,0.006489311448362298,0.009874097193235015,3.112812058897775,0.03444340937449201,3.0453029765237707,3.1803211412717793,3.1126936268939023,0.03444331935074521,3.0451847209664415,3.180202532821363,7.411145559985894e-07,6.67556162674506e-07,-5.672955228434422e-07,2.049524634840621e-06,0.00011769088932708088,507.0783211369148
rich6d_rough,360,1.4384498882876659e-11,100,0.00011768435106411339,353.11628603697244,0.009396034226660748,353.0978698098882,353.13470226405667,4.024423695409525,0.032902041716449185,3.959935693645285,4.088911697173765,0.008280013626596243,0.0008662513390628963,0.006582161002032966,0.009977866251159519,3.0386393816840336,0.032902041716449185,2.9741513799197934,3.1031273834482738,3.038520768727997,0.03290192764611593,2.97403299054161,3.103008546914384,9.181330959726131e-07,8.337462259450633e-07,-7.160095068797109e-07,2.552275698824937e-06,0.00011769482291213752,505.76285487598955
rich6d_rough,360,1.8329807108324375e-11,100,0.00011768435106411339,351.4071924631888,0.011405161952426735,351.38483834576203,351.4295465806155,3.9371329993923285,0.031149090476141374,3.8760807820590912,3.998185216725566,0.008399893837009302,0.0008697473881318009,0.0066951889562709725,0.010104598717747632,2.951348685666839,0.031149090476141374,2.890296468333602,3.0124009030000765,2.951229853586068,0.03114894630615022,2.890177918826014,3.0122817883461224,1.1310175504082603e-06,1.0366757526228145e-06,-9.008669247324561e-07,3.1629020255489767e-06,0.0001177010631978094,504.1071712676116
rich6d_rough,360,2.3357214690901212e-11,100,0.00011768435106411339,349.32126416075437,0.013712316603008676,349.29438802021247,349.34814030129627,3.836020685242708,0.029199155417696528,3.7787903406240226,3.893251029861393,0.008544810678027613,0.0008741145077227824,0.00683154624289096,0.010258075113164266,2.8502363715172163,0.02919915541769653,2.793006026898531,2.9074667161359016,2.8501172760339855,0.029198973811252582,2.7928872873639303,2.9073472647040406,1.3845793182637004e-06,1.2822866806030188e-06,-1.1287025757182162e-06,3.8978612122456166e-06,0.00011771090390379733,502.0298980840705
rich6d_rough,360,2.976351441631313e-11,100,0.00011768435106411339,346.79673225150225,0.016311524700943374,346.7647616630884,346.8287028399161,3.720956027631317,0.027082508260930626,3.667874311439893,3.774037743822741,0.008718306833505886,0.0008795371289014907,0.006994414060858965,0.010442199606152808,2.735171713905828,0.027082508260930633,2.682089997714404,2.788253430097252,2.7350523038902685,0.027082280440348567,2.6819710342271854,2.7881335735533517,1.6837072414990195e-06,1.5765587839288351e-06,-1.4063479750014974e-06,4.773762457999537e-06,0.00011772630829701841,499.43391860157857
rich6d_rough,360,3.7926901907322536e-11,100,0.00011768435106411339,343.7698399148037,0.019179206240890118,343.73224867057155,343.80743115903584,3.592523362973615,0.024844658876163127,3.543827831576335,3.641218894370895,0.008923856816642189,0.0008862198788676615,0.007186865854061572,0.010660847779222805,2.606739049248126,0.024844658876163127,2.5580435178508463,2.655434580645406,2.606619265550076,0.02484437448265359,2.557924291564075,2.655314239536077,2.0334930527946544e-06,1.925111542666124e-06,-1.739725570830948e-06,5.806711676420257e-06,0.00011775020499503117,496.2053427481855
rich6d_rough,360,4.832930238571752e-11,100,0.00011768435106411339,340.17745678011414,0.02227327491727594,340.13380116127627,340.221112398952,3.4520921680054983,0.0225433131832442,3.4079072741663397,3.496277061844657,0.009164722204051325,0.0008943794327491306,0.007411738515863029,0.01091770589223962,2.4663078542800068,0.022543313183244207,2.422122960440848,2.5104927481191655,2.4661876278435217,0.022542960174145064,2.4220034259021976,2.510371829784846,2.439565141461205e-06,2.3326976729785104e-06,-2.1325222975766755e-06,7.011652580499086e-06,0.00011778687134627285,492.2135516602387
rich6d_rough,360,6.158482110660255e-11,100,0.00011768435106411339,335.9600642367597,0.025534848742170563,335.91001593322505,336.01011254029436,3.301784232170348,0.02024318226081897,3.2621075949391427,3.341460869401553,0.009443837414150174,0.0009042307024959567,0.007671545237258099,0.01121612959104225,2.315999918444856,0.02024318226081897,2.2763232812136507,2.355676555676061,2.315879167452644,0.02024274691023685,2.2762033835085798,2.3555549513967082,2.908596621229673e-06,2.8026194000235214e-06,-2.584537402816429e-06,8.401730645275774e-06,0.0001178423955944894,487.3129300546083
rich6d_rough,360,7.847599703514623e-11,100,0.00011768435106411339,331.06481443010784,0.028892691573811868,331.0081847546232,331.1214441055925,3.144329615534411,0.018009847753131157,3.109030313938274,3.179628917130548,0.009763755280205254,0.0009159672391321037,0.007968459491506331,0.011559051068904177,2.1585453018089202,0.018009847753131168,2.123246000212783,2.1938446034050574,2.158423927821749,0.01800931491870805,2.1231256705810813,2.193722185062417,3.448809678511647e-06,3.3361349799883003e-06,-3.090014882265421e-06,9.987634239288716e-06,0.00011792517749793785,481.3469573021195
rich6d_rough,360,1e-10,100,0.00011768435106411339,325.4483452559305,0.03226978875596538,325.3850964699688,325.51159404189224,2.982832513235785,0.01590402473663511,2.9516606247519803,3.01400440171959,0.010126670248417301,0.0009297377572298233,0.008304384244246848,0.011948956252587755,1.9970481995102978,0.015904024736635113,1.965876311026493,2.028220087994103,1.9969260829680155,0.015903378679206166,1.9657554607567715,2.0280967051792596,4.070161174734571e-06,3.931967653234279e-06,-3.636495425604616e-06,1.1776817775073758e-05,0.00011804638109682263,474.15523564810377
rich6d_rough,360,1.274274985703132e-10,100,0.00011768435106411339,319.079090902107,0.03559077822813114,319.0093329767799,319.1488488274341,2.8204927212083164,0.013976929537736781,2.7930979393143525,2.8478875031022803,0.010534516820572689,0.0009456233247232572,0.008681095104115105,0.012387938537030272,1.8347084074828266,0.013976929537736785,1.8073136255888624,1.8621031893767908,1.8345854034027156,0.013976155613134578,1.8071921384009717,1.8619786684044595,4.783877898146847e-06,4.586068570351276e-06,-4.204816499741653e-06,1.3772572296035346e-05,0.00011822020220394504,465.5837090438867
rich6d_rough,360,1.6237767391887175e-10,100,0.00011768435106411339,311.93894030475093,0.038788553735893946,311.86291473942856,312.0149658700733,2.6603376729848787,0.012266549163131385,2.6362952366251413,2.684380109344616,0.010989118507470828,0.0009636216048845684,0.009100420161897074,0.012877816853044583,1.6745533592593884,0.012266549163131385,1.6505109228996508,1.698595795619126,1.6744292942650156,0.012265636430769567,1.6503886468607072,1.698469941669324,5.601214051900302e-06,5.291794856763248e-06,-4.770703867355663e-06,1.5973131971156267e-05,0.00011846378031504269,455.49772664525614
rich6d_rough,360,2.0691380811147902e-10,100,0.00011768435106411339,304.0242208506692,0.041808437741228034,303.94227631269644,304.106165388642,2.5050110452295296,0.010794287707859649,2.4838542413221245,2.5261678491369346,0.011492348100503497,0.0009836438669741112,0.009564406121234239,0.013420290079772756,1.5192267315040382,0.010794287707859649,1.4980699275966334,1.540383535411443,1.5191014031799275,0.010793231758077292,1.497946668934096,1.540256137425759,6.531718682736292e-06,6.040618239527201e-06,-5.307893066737021e-06,1.8371330432209607e-05,0.00011879660542839232,443.79679304137244
rich6d_rough,360,2.6366508987303556e-10,100,0.00011768435106411339,295.3460797281083,0.04460897345873241,295.2586461401292,295.4335133160874,2.3566424931813645,0.009562225654707802,2.3379005308981373,2.3753844554645918,0.012046262223606751,0.00100552689073784,0.010075429517760585,0.014017094929452918,1.3708581794558745,0.009562225654707804,1.3521162171726473,1.3896001417391017,1.3707313583265344,0.009561030019903384,1.3519917394875238,1.389470977165545,7.581752609546001e-06,6.823367326042936e-06,-5.792047349498154e-06,2.0955552568590156e-05,0.0001192393767387237,430.4290299650896
rich6d_rough,360,3.3598182862837877e-10,100,0.00011768435106411339,285.9303786557691,0.04715946874854192,285.837946097022,286.02281121451625,2.216799480172977,0.00855252644430023,2.2000365283421486,2.233562432003805,0.01265319295938517,0.0010290573203021636,0.010636240611592929,0.01467014530717741,1.2310151664474878,0.00855252644430023,1.2142522146166592,1.2477781182783163,1.23088659978175,0.00855120084790928,1.2141262461198479,1.247646953443652,8.754202303647802e-06,7.631841236738368e-06,-6.2042065203593975e-06,2.3712611127655e-05,0.00011981246342869165,415.4028718256957
rich6d_rough,360,4.281332398719396e-10,100,0.00011768435106411339,275.8172122250946,0.04943555131919052,275.720318544509,275.9141059056802,2.0865051783179296,0.0077308583250454265,2.0713526960008406,2.1016576606350186,0.01331580698195026,0.0010540034220590062,0.011249960274714609,0.015381653689185912,1.1007208645924387,0.007730858325045426,1.0855683822753497,1.1158733469095277,1.1005902801818817,0.007729413806168661,1.085440629121791,1.1157399312419722,1.005006544461331e-05,8.46045148780497e-06,-6.532419471484433e-06,2.663255036071105e-05,0.00012053434511110142,398.7936297528796
rich6d_rough,360,5.455594781168515e-10,100,0.00011768435106411339,265.06012521724216,0.051414664596814444,264.9593524746324,265.1608979598519,1.96629952165304,0.007053969996176752,1.9524737404605335,1.9801253028455463,0.014037161742955244,0.0010801496612924272,0.011920068406822085,0.016154255079088402,0.980515207927549,0.007053969996176754,0.9666894267350425,0.9943409891200554,0.9803823155738387,0.0070524138402457736,0.966559584446957,0.9942050467007204,1.1471782489599482e-05,9.307407728545924e-06,-6.7707366583505285e-06,2.9714301637549492e-05,0.00012142057122488392,380.74338360398104
rich6d_rough,360,6.951927961775591e-10,100,0.00011768435106411339,253.72506342033944,0.05307330237093807,253.6210397476924,253.82908709298647,1.856321967271157,0.0064788789496522895,1.8436233645298385,1.8690205700124756,0.014820786753414606,0.0011073311454313432,0.012650417708369173,0.01699115579846004,0.8705376535456669,0.0064788789496522895,0.8578390508043484,0.8832362562869854,0.8704021427066821,0.006477213451444227,0.8577068043418514,0.8830974810715129,1.3027065838623613e-05,1.0174924537683124e-05,-6.915786255235309e-06,3.2969917932482536e-05,0.0001224837731473461,361.4539883315178
rich6d_rough,360,8.858667904100832e-10,100,0.00011768435106411339,241.8890635547158,0.05438689758986,241.78246523543967,241.9956618739919,1.7564001172635753,0.005970140959419864,1.7446986409831122,1.7681015935440383,0.015670796797310378,0.0011354650540330053,0.013445285291405687,0.017896308303215067,0.7706158035380849,0.005970140959419864,0.758914327257622,0.7823172798185478,0.7704773375234949,0.005968367739063562,0.7587793367549304,0.7821753382920594,1.4730971810116618e-05,1.1068045500907722e-05,-6.962397371662517e-06,3.642434099189575e-05,0.00012373504277967025,341.1743639987196
rich6d_rough,360,1.1288378916846883e-09,100,0.00011768435106411339,229.63867922867203,0.05533210123888786,229.5302283102438,229.74713014710025,1.6661342580432552,0.005503232806694227,1.6553479217421345,1.676920594344376,0.016592016432467202,0.0011645741694450594,0.014309451060354885,0.01887458180457952,0.6803499443177643,0.005503232806694226,0.6695636080166436,0.691136280618885,0.680208154070443,0.005501360722329601,0.669425487054677,0.690990821086209,1.660365549032107e-05,1.199197256343393e-05,-6.9006107340094315e-06,4.010792171465157e-05,0.00012518659183122748,320.1842177937985
rich6d_rough,360,1.4384498882876659e-09,100,0.00011768435106411339,217.06815047272477,0.055890300519785774,216.95860548370598,217.17769546174355,1.5849722473967467,0.005064354873493335,1.5750461118446997,1.5948983829487937,0.017590078135127984,0.001194795931716098,0.015248278108964432,0.019931878161291536,0.5991879336712558,0.005064354873493336,0.5892617981192089,0.6091140692233027,0.5990424163799907,0.005062407526062773,0.5891200976289076,0.6089647351310737,1.8662160887484503e-05,1.2948204136094407e-05,-6.716319219260534e-06,4.404064099422954e-05,0.00012685513037736552,298.7766729612716
rich6d_rough,360,1.8329807108324374e-09,100,0.00011768435106411339,204.27734694760187,0.056050992563200897,204.167487002178,204.38720689302573,1.5122719807049585,0.004648104935448259,1.50316169503148,1.521382266378437,0.018671459669543148,0.001226372108956632,0.016267770335988148,0.021075149003098148,0.5264876669794675,0.004648104935448261,0.5173773813059889,0.5355979526529461,0.5263379951783862,0.0046461241874308275,0.5172315917710217,0.5354443985857507,2.0906809472315047e-05,1.3930219679634972e-05,-6.3964210997695e-06,4.8210040044399594e-05,0.00012876499161056446,277.2419981120626
rich6d_rough,360,2.335721469090121e-09,100,0.00011768435106411339,191.36953940959305,0.05581400820070255,191.26014395351967,191.47893486566642,1.4473505531566062,0.004254401969932846,1.4390119252955378,1.4556891810176746,0.019843447948432513,0.0012596198502212177,0.017374593041998926,0.0223123028548661,0.46156623943111624,0.0042544019699328455,0.4532276115700479,0.4699048672921846,0.46141198400495037,0.004252445754564437,0.4530771903260041,0.46974677768389667,2.3305598797260363e-05,1.4919780191518077e-05,-5.9371703781150665e-06,5.254836797263579e-05,0.00013094982736767263,255.85398912362106
rich6d_rough,360,2.9763514416313133e-09,100,0.00011768435106411339,178.4490719615243,0.05519023458322617,178.3408991017412,178.55724482130742,1.3895206664163045,0.0038855488570221147,1.381904990656541,1.3971363421760679,0.021114045668372335,0.0012948917380145035,0.018576057861863907,0.023652033474880763,0.40373635269081376,0.0038855488570221164,0.3961206769310504,0.4113520284505771,0.4035771186302658,0.003883683581775067,0.39596509880998665,0.41118913845054494,2.578224423960108e-05,1.5885046774476912e-05,-5.352447438373667e-06,5.691693591757583e-05,0.00013345181630721598,234.85983268649733
rich6d_rough,360,3.792690190732238e-09,100,0.00011768435106411339,165.6190153452766,0.05420103809160241,165.51278131061707,165.72524937993614,1.3381158728763571,0.0035439354153598557,1.3311697594622518,1.3450619862904625,0.02249185786310983,0.001332536134059543,0.019880087040353128,0.025103628685866533,0.3523315591508669,0.0035439354153598557,0.34538544573676155,0.35927767256497223,0.35216702747426376,0.0035422248530143905,0.34522426676235557,0.35910978818617195,2.82138892358415e-05,1.678161474598977e-05,-4.678075666298454e-06,6.110585413798144e-05,0.0001363177873671944,214.47364689376235
rich6d_rough,360,4.832930238571752e-09,100,0.00011768435106411339,152.9788813939077,0.05287681674090762,152.8752428330955,153.08251995471988,1.2925068189981508,0.003230643742016561,1.2861747572637983,1.2988388807325033,0.023985994083611236,0.001372867169667195,0.021295174431063532,0.02667681373615894,0.3067225052726604,0.003230643742016562,0.3003904435383079,0.31305456700701284,0.3065524702368318,0.0032291373490954144,0.3002233610326048,0.3128815794410588,3.044265798840572e-05,1.755725786454483e-05,-3.969567426102143e-06,6.485488340291358e-05,0.00013959237784066762,194.8733960629921
rich6d_rough,360,6.158482110660254e-09,100,0.00011768435106411339,140.62247697382577,0.05125501386279161,140.5220171466547,140.72293680099685,1.2521107219371714,0.0029450059502421355,1.2463385102746969,1.257882933599646,0.025605992512152672,0.0014161473696466022,0.02283034366764533,0.028381641356660013,0.26632640821168113,0.0029450059502421355,0.26055419654920653,0.27209861987415573,0.26615079740229375,0.002943729940530785,0.2603810867188534,0.2719205080857341,3.2301643327954176e-05,1.816077008850161e-05,-3.293466045508978e-06,6.789675270141732e-05,0.00014330916605967067,176.20051895330542
rich6d_rough,360,7.847599703514623e-09,100,0.00011768435106411339,128.63597692293257,0.04937769320076584,128.53919664425908,128.73275720160606,1.216395983793083,0.0026849351036955637,1.2111335109898396,1.2216584565963262,0.0273617240058568,0.0014625786507486617,0.024495069850389423,0.03022837816132418,0.2306116700675927,0.0026849351036955637,0.2253491972643494,0.235874142870836,0.23043053698383964,0.0026838890146002187,0.2251701145152232,0.23569095945245608,3.365156394983723e-05,1.8554873383558684e-05,-2.7159878819377895e-06,7.001911578161224e-05,0.00014748151980342045,158.56143581388838
rich6d_rough,360,1e-08,100,0.00011768435106411339,117.09629684811476,0.04728868592999095,117.00361102369197,117.18898267253755,1.184883276943779,0.0024476685879937323,1.1800858465113113,1.1896807073762465,0.029263189918103553,0.0015122925634903446,0.02629909649366248,0.03222728334254463,0.19909896321828843,0.0024476685879937323,0.1943015327858207,0.20389639365075615,0.1989124474364717,0.002446828397612636,0.19411666377715095,0.20370823109579247,3.44201717878437e-05,1.8732807588593163e-05,-2.2961310857988994e-06,7.11364746614863e-05,0.000152095610028994,142.03016438674965
rich6d_rough,360,1.274274985703132e-08,100,0.00011768435106411339,106.06983742432378,0.045030555952506574,105.98157753465686,106.1580973139907,1.1571438330376858,0.0022305177569697664,1.152772018234025,1.1615156478413464,0.03132011492689924,0.0015653297141199536,0.028252068687224133,0.03438816116657435,0.17135951931219534,0.002230517756969767,0.1669877045085346,0.1757313341158561,0.17116777700557934,0.002229844428453827,0.16679728192580984,0.17553827208534883,3.4633798659612964e-05,1.873797241845164e-05,-2.0926272805522485e-06,7.136022459977817e-05,0.00015710850795627208,126.65153146481829
rich6d_rough,360,1.623776739188721e-08,100,0.00011768435106411339,95.6116416153741,0.04264208880998566,95.52806312130653,95.69522010944166,1.1327952922161943,0.0020313318310190005,1.1288138818273972,1.1367767026049915,0.033541273175413784,0.0016216014943725037,0.030362934246443676,0.03671961210438389,0.14701097849070408,0.002031331831019,0.14302956810190684,0.1509923888795013,0.14681409333186007,0.002030782562988948,0.14283375950840174,0.1507944271553184,3.443097377556268e-05,1.8685435947384347e-05,-2.192480681310641e-06,7.1054428232436e-05,0.00016245418506859698,112.44473552856861
rich6d_rough,360,2.0691380811147902e-08,100,0.00011768435106411339,85.76495796932875,0.04015726913420151,85.68624972182572,85.84366621683178,1.1114955318462834,0.0018485942232516154,1.1078722871687101,1.1151187765238566,0.03593356935802081,0.0016808341670620664,0.032639134390579166,0.03922800432546246,0.12571121812079336,0.0018485942232516158,0.1220879734432202,0.12933446279836652,0.12550910577615262,0.0018481334097922978,0.12188676429295972,0.12913144725934553,3.405305680925528e-05,1.8781255156035842e-05,-2.7582032965749713e-06,7.086431691508553e-05,0.00016805928783143742,99.40712075409623
rich6d_rough,360,2.6366508987303555e-08,100,0.00011768435106411339,76.56115854991108,0.03760631676584818,76.48745016905002,76.63486693077215,1.0929353853617925,0.0016812635609980697,1.0896401087822363,1.0962306619413487,0.038500990941342655,0.0017425048686057498,0.035085681398875385,0.041916300483809926,0.10715107163630275,0.0016812635609980697,0.10385579505674652,0.11044634821585897,0.10694338755299392,0.0016808713312743864,0.10364887974369612,0.11023789536229171,3.38150560903958e-05,1.9326921635029888e-05,-4.065710314262781e-06,7.169582249505437e-05,0.00017386902721840992,87.5179592570985
rich6d_rough,360,3.3598182862837814e-08,100,0.00011768435106411339,68.01994708409158,0.03501829821533276,67.95131121958953,68.08858294859364,1.076831726248522,0.0015285527383321683,1.073835762881391,1.0798276896156531,0.041243588321956216,0.0018057881513594905,0.037704243545291616,0.04478293309862082,0.09104741252303183,0.0015285527383321683,0.08805144915590078,0.09404337589016289,0.09083346298646507,0.0015282301167938634,0.0878381319575491,0.09382879401538104,3.4067134234475414e-05,2.068620218610938e-05,-6.4778220502989656e-06,7.46120905192498e-05,0.00017988240233236114,76.74197214556904
rich6d_rough,360,4.281332398719396e-08,100,0.00011768435106411339,60.14982062870938,0.032423764809432314,60.08627004968289,60.21337120773587,1.0629224804953503,0.0013897849860576431,1.0601985019226774,1.0656464590680232,0.04415656388589396,0.0018695354829815734,0.040492274339250074,0.04782085343253784,0.0771381667698598,0.0013897849860576433,0.07441418819718681,0.07986214534253278,0.07691681088770155,0.0013895553941783822,0.07419328231511192,0.07964033946029118,3.515945733298123e-05,2.3208245719386345e-05,-1.0328704277016006e-05,8.064761894297847e-05,0.00018619642482528218,67.03240026522778
rich6d_rough,360,5.4555947811685146e-08,100,0.00011768435106411339,52.94879119780924,0.029855658485385454,52.89027410717789,53.0073082884406,1.0509644127660525,0.0012643436932864211,1.048486299127211,1.0534425264048939,0.047229366070559414,0.0019323055542610165,0.04344204718420782,0.05101668495691101,0.06518009904056181,0.0012643436932864211,0.06270198540172042,0.0676582126794032,0.0649496185845883,0.001264250392737119,0.06247168781482354,0.06742754935435305,3.741895208061048e-05,2.7157049272110247e-05,-1.5808864492725603e-05,9.064676865394656e-05,0.0001930615038929582,58.333636446912216
rich6d_rough,360,6.951927961775605e-08,100,0.00011768435106411339,46.40538672982717,0.027347704083960145,46.35178522982261,46.45898822983173,1.0407332530871012,0.0011516470164729224,1.0384760249348142,1.0429904812393882,0.05044451905184384,0.00199245305498505,0.04653931106407314,0.05434972703961454,0.05494893936161134,0.001151647016472922,0.052691711209324414,0.057206167513898266,0.054706846096792744,0.0011517453637880462,0.052449425183768175,0.05696426700981731,4.1139050630063314e-05,3.271013637496188e-05,-2.297281666486196e-05,0.00010525091792498858,0.0002009542141885902,50.58358636174
rich6d_rough,360,8.858667904100815e-08,100,0.00011768435106411339,40.49990654695219,0.02493110479702764,40.451041581550015,40.548771512354364,1.0320246548802299,0.0010510878068848582,1.0299645227787355,1.0340847869817242,0.05377597190109601,0.0020482747796622047,0.049761353332958086,0.05779059046923393,0.046240341154739795,0.001051087806884858,0.044180209053245476,0.048300473256234114,0.04598308594948563,0.0010514303589314248,0.04392228244598004,0.04804388945299122,4.657693027844108e-05,4.00115600891773e-05,-3.1845727496346426e-05,0.0001249995880532286,0.00021067827497577886,43.715904472213474
rich6d_rough,360,1.1288378916846883e-07,100,0.00011768435106411339,35.20582826516574,0.0226314565680097,35.16147061029244,35.250185920039044,1.0246543533366357,0.0009619566338635064,1.0227689183342632,1.0265397883390082,0.057187120024013965,0.0020982076739010716,0.05307463298316786,0.06129960706486007,0.03887003961114522,0.0009619566338635064,0.036984604608772745,0.040755474613517695,0.0385925812404136,0.0009625687258647963,0.0367059465377186,0.0404792159431086,5.394981858590439e-05,4.921745713947784e-05,-4.2516397407472176e-05,0.00015041603457928096,0.00022350855214576908,37.66208920801571
rich6d_rough,360,1.438449888287663e-07,100,0.00011768435106411339,30.491213867715093,0.020467532844982046,30.45109750333893,30.531330232091257,1.0184568379172618,0.0008834267466549785,1.0167253214938181,1.0201883543407055,0.06062916056894272,0.002141067176787329,0.05643266890243956,0.06482565223544588,0.0326725241917714,0.0008834267466549786,0.03094100776832764,0.03440404061521515,0.03236770678099939,0.0008842703082155342,0.030634536976896946,0.03410087658510184,6.342259489564185e-05,6.0504442245719357e-05,-5.516611190596809e-05,0.0001820113016972518,0.00024139481587642786,32.353278733271864
rich6d_rough,360,1.8329807108324338e-07,100,0.00011768435106411339,26.319992293177148,0.018452082369716065,26.283826211732503,26.356158374621792,1.0132831577569772,0.0008146550755870217,1.0116864338088267,1.0148798817051277,0.06404068451068892,0.002176296576388605,0.059775143220967254,0.06830622580041058,0.027498844031486475,0.0008146550755870216,0.025902120083335912,0.029095567979637037,0.027156523200323624,0.0008155790931368642,0.02555798817777537,0.028755058222871877,7.508132163750619e-05,7.404477012642042e-05,-7.004642781027783e-05,0.0002202090710852902,0.0002672395095254035,27.721599842943153
rich6d_rough,360,2.3357214690901212e-07,100,0.00011768435106411339,22.653090964133174,0.016593220074873023,22.620568252786423,22.685613675479924,1.008999136927568,0.00075495196209493,1.0075194310818618,1.010478842773274,0.06734906648768123,0.0022041733127686576,0.06302888679465465,0.0716692461807078,0.023214823202077916,0.0007549519620949301,0.021735117356371854,0.024694529047783978,0.022820680483208528,0.0007556301005843281,0.021339645486063246,0.02430171548035381,8.888973433312126e-05,8.995794781624445e-05,-8.742784338671786e-05,0.00026520731205296035,0.00030525298453631423,23.701074316732157
rich6d_rough,360,2.976351441631313e-07,100,0.00011768435106411339,19.44947672570925,0.01489475522448568,19.42028300546926,19.47867044594924,1.0054848190482553,0.0007038853099586674,1.0041052038407363,1.0068644342557742,0.07047343709043785,0.0022259086291919012,0.06611065617722173,0.07483621800365398,0.0197005053227654,0.0007038853099586675,0.018320890115246413,0.02108012053028439,0.01923451239534168,0.0007037477036615902,0.01785516689616496,0.020613857894518396,0.000104628046794659,0.00010824471314411133,-0.0001075315909677992,0.00031678768455711717,0.00036136488062914196,20.228240952404445
rich6d_rough,360,3.792690190732246e-07,100,0.00011768435106411339,16.66717889388528,0.013355163937219625,16.641002772568328,16.69335501520223,1.0026348569592927,0.0006612044805693153,1.0013388961773768,1.0039308177412085,0.07332841790256044,0.002243599311320086,0.06893096325237306,0.07772587255274781,0.01685054323380261,0.0006612044805693151,0.015554582451886751,0.018146504015718466,0.01628509990828757,0.0006593840157065854,0.014992707237502664,0.017577492579072478,0.0001218176163308465,0.00012870883737552675,-0.00013045170492518592,0.00037408693758687894,0.00044362570918424216,17.24267939128246
rich6d_rough,360,4.832930238571752e-07,100,0.00011768435106411339,14.26430137637787,0.01196661583745318,14.240846809336462,14.28775594341928,1.0003587742325883,0.0006265942138194443,0.9991306495735023,1.0015868988916745,0.07582790763553954,0.002260028154451366,0.07139825245281486,0.08025756281826421,0.014574460507098017,0.0006265942138194442,0.013346335848011906,0.015802585166184126,0.013872349968026634,0.000621923443275434,0.012653380019206783,0.015091319916846485,0.00013964360335068233,0.00015087754440606865,-0.0001560763836852122,0.0004353635903865769,0.0005624669357207537,14.68751883435202
rich6d_rough,360,6.158482110660254e-07,100,0.00011768435106411339,12.199951807797465,0.010715817323339157,12.17894880584372,12.220954809751209,0.9985801311022138,0.0005993976326132182,0.9974053117422919,0.9997549504621357,0.07788890565231452,0.002278331751376595,0.0734233754196164,0.08235443588501264,0.01279581737672407,0.0005993976326132182,0.011620998016802163,0.013970636736645977,0.011908302747240983,0.0005904965963370233,0.010750929418420417,0.01306567607606155,0.0001569012120583571,0.00017394109750054637,-0.00018402333904271375,0.0004978257631594279,0.000730613417424782,12.509885919480524
rich6d_rough,360,7.847599703514607e-07,100,0.00011768435106411339,10.434992757746006,0.009587015934807243,10.416202206513784,10.453783308978227,0.9972343801185878,0.0005784705509166255,0.9961005778387912,0.9983681823983843,0.07943589571006544,0.002301562027355408,0.07492483413644885,0.08394695728368204,0.01145006639309756,0.0005784705509166255,0.010316264113300975,0.012583868672894145,0.010315665377305707,0.0005639430613430003,0.009210336977073427,0.011420993777537988,0.00017200498989890345,0.00019674228985052088,-0.00021360989820811747,0.0005576198780059243,0.0009623960258929986,10.661196957648686
rich6d_rough,360,1e-06,100,0.00011768435106411339,8.932566645594157,0.008565696329071993,8.915777880789177,8.949355410399138,0.9962658915279516,0.0005622359723623218,0.9951639090221215,0.9973678740337818,0.08040607982141637,0.0023321953502176015,0.07583497693498988,0.08497718270784287,0.010481577802461471,0.0005622359723623219,0.009379595296631321,0.011583560308291621,0.009026214923427842,0.000540942866126546,0.007965966905819813,0.010086462941035872,0.00018310473418141568,0.00021784988832046866,-0.00024388104692670288,0.0006100905152895342,0.001272258144852257,9.097247592051238
rich6d_rough,360,1.2742749857031322e-06,100,0.00011768435106411339,7.658416945516569,0.007641035057504944,7.643440516803859,7.673393374229279,0.9956248270367554,0.0005488946268419237,0.9945489935681452,0.9967006605053655,0.08075498066881927,0.002371692942324183,0.07610646250186387,0.08540349883577467,0.009840513311265224,0.0005488946268419237,0.008764679842655054,0.010916346779875394,0.007979728396478689,0.0005202192272288455,0.006960098711110151,0.008999358081847226,0.00018833321072333706,0.0002357373482812287,-0.00027371199190787116,0.0006503784133545453,0.0016724517040632254,7.778134019839804
rich6d_rough,360,1.6237767391887209e-06,100,0.00011768435106411339,6.581069468534042,0.0068063225473777,6.567729076341182,6.594409860726902,0.9952643822324303,0.0005367036450850283,0.9942124430880637,0.9963163213767969,0.08046143100588136,0.002420240325596297,0.07571775996771263,0.0852051020440501,0.009480068506940326,0.0005367036450850285,0.00842812936257367,0.010532007651306982,0.0071236248256920705,0.0005007004966827018,0.006142251852193975,0.008104997799190166,0.00018616465533218452,0.00024905395034167087,-0.00030198108733749037,0.0006743103980018593,0.0021702790259161223,6.66808368745221
rich6d_rough,360,2.06913808111479e-06,100,0.00011768435106411339,5.671931862044434,0.006057989206172451,5.660058203200336,5.683805520888532,0.9951387814186746,0.0005242478033391825,0.9941112557241298,0.9961663071132194,0.07953114344783342,0.002476754542504411,0.07467670454452477,0.08438558235114207,0.009354467693184394,0.0005242478033391826,0.008326941998639596,0.010381993387729192,0.006413037236127962,0.00048159772680528214,0.005469105691589609,0.007356968780666315,0.00017580199067490247,0.0002569265126204864,-0.00032777397406125094,0.0006793779554110559,0.002765628466381575,5.735260839780249
rich6d_rough,360,2.6366508987303555e-06,100,0.00011768435106411339,4.905339351090335,0.005394299099987907,4.894766524854359,4.9159121773263115,0.9952024082897192,0.0005106364242672785,0.9942015608981553,0.9962032556812831,0.0779984262932113,0.002539159179860054,0.0730216743006856,0.082975178285737,0.009418094564228855,0.0005106364242672783,0.00841724717266499,0.01041894195579272,0.005810901976321328,0.0004624182468113308,0.00490456221257112,0.006717241740071536,0.00015746808898290824,0.0002591882746744101,-0.0003505409293789355,0.000665477107344752,0.003449724498924671,4.951573132423569
rich6d_rough,360,3.359818286283781e-06,100,0.00011768435106411339,4.25855076423433,0.004814148664063939,4.249115032852765,4.267986495615895,0.9954103528441424,0.0004955570337698346,0.9944390610579535,0.9963816446303312,0.07592554590230896,0.0026048232541945326,0.07082009232408767,0.08103099948053025,0.00962603911865195,0.0004955570337698345,0.008654747332463075,0.010597330904840826,0.005287809229057747,0.0004429456498241599,0.004419635755402393,0.0061559827027131,0.00013248677194791262,0.0002564269328533975,-0.0003701100164447464,0.0006350835603405716,0.00420574311764634,4.2924763781268584
rich6d_rough,360,4.281332398719387e-06,100,0.00011768435106411339,3.7116925474697293,0.004315676908167475,3.703233820729721,3.7201512742097376,0.995720228014664,0.00047914471120992107,0.9947811043806926,0.9966593516486354,0.0733989181146745,0.002670989370188072,0.06816377894910589,0.07863405728024311,0.009935914289173581,0.00047914471120992107,0.008996790655202137,0.010875037923145026,0.004821551438425258,0.00042319030779058766,0.003992098435155706,0.00565100444169481,0.00010310808615742729,0.00024979482936402485,-0.0003864897793960614,0.000592705951710916,0.005011254764590941,3.736767441436591
rich6d_rough,360,5.455594781168514e-06,100,0.00011768435106411339,3.2476512306529215,0.0038944684613409658,3.2400180724686933,3.2552843888371497,0.9960945092344634,0.00046170054978752746,0.9951895761568799,0.996999442312047,0.07052158703343989,0.002735042887426249,0.06516090297408444,0.07588227109279533,0.010310195508973115,0.00046170054978752735,0.00940526243138956,0.011215128586556669,0.004396375148259679,0.0004032950607765911,0.0036059168291375605,0.005186833467381797,7.212467719012754e-05,0.00024062408667572844,-0.00039949853269430016,0.0005437478870745552,0.005841695683523362,3.2663591401325967
rich6d_rough,360,6.951927961775606e-06,100,0.00011768435106411339,2.851915108715227,0.0035420391844204766,2.844972711913763,2.858857505516691,0.9965023212547695,0.00044337701661657455,0.9956333023022009,0.997371340207338,0.06740272972286837,0.0027946053708870944,0.06192530319592966,0.07288015624980708,0.010718007529279743,0.00044337701661657455,0.009848988576711256,0.01158702648184823,0.004001923655783567,0.00038339372981949867,0.00325047194533735,0.004753375366229785,4.239162851016614e-05,0.00022999974501438638,-0.00040840787171803115,0.0004931911287383634,0.006673692244986066,2.8660320535011623
rich6d_rough,360,8.858667904100815e-06,100,0.00011768435106411339,2.512362644584181,0.0032460397693929743,2.5060004066361707,2.5187248825321915,0.996919861071168,0.00042398061021452926,0.9960888590751475,0.9977508630671885,0.06414655070512523,0.0028475729682837445,0.05856530768728909,0.06972779372296137,0.011135547345677684,0.00042398061021452926,0.010304545349657206,0.011966549341698161,0.003631881997064758,0.00036345893198434147,0.0029195024903754486,0.004344261503754067,1.637472919380771e-05,0.00021849539801561745,-0.0004118762509168025,0.0004446257093044179,0.0074872906194191746,2.523154989318927
rich6d_rough,360,1.1288378916846883e-05,100,0.00011768435106411339,2.2189963452617523,0.002993015291301268,2.213130035290802,2.2248626552327027,0.9973293897348212,0.00040298655300103026,0.9965395360909391,0.9981192433787033,0.06084366540533709,0.0028922351419264115,0.05517488452716132,0.06651244628351285,0.011545076009330532,0.0004029865530010301,0.010755222365448514,0.012334929653212551,0.003282462008563126,0.0003432078526851966,0.002609774617300141,0.003955149399826111,-4.178053191489383e-06,0.00020620118817009603,-0.00040833238200487757,0.0003999762756218988,0.008266792053958943,2.2273673240478233
rich6d_rough,360,1.43844988828766e-05,100,0.00011768435106411339,1.9636328850359053,0.002772724639434101,1.9581983447426143,1.9690674253291962,0.9977174779205545,0.00037974413407717086,0.9969731794177633,0.9984617764233458,0.05756716673149732,0.002927480673613581,0.0518293046112147,0.06330502885177994,0.011933164195063859,0.0003797441340771709,0.011188865692272603,0.012677462697855114,0.0029510216612386926,0.0003221250468718932,0.002319656569369782,0.003582386753107603,-1.8394263978571018e-05,0.00019299533483497445,-0.00039666512025512095,0.0003598765922979789,0.009000536797803783,1.9702293754162432
rich6d_rough,360,1.8329807108324338e-05,100,0.00011768435106411339,1.7395792406387032,0.0025815732071216334,1.7345193571527449,1.7446391241246615,0.9980734859219298,0.0003537559716507359,0.9973801242174943,0.9987668476263653,0.054373451013089956,0.002952953999421565,0.048585661174223686,0.060161240851956226,0.012289172196439546,0.0003537559716507359,0.011595810492004104,0.012982533900874988,0.002635163479935774,0.00029960615868406324,0.0020479354089150102,0.003222391550956538,-2.6262021842666107e-05,0.00017886714041577713,-0.00037684161705758926,0.00032431757337225703,0.009680270738346493,1.744867486335052
rich6d_rough,360,2.3357214690901213e-05,100,0.00011768435106411339,1.5413382800207436,0.0024228717891692153,1.536589451313972,1.5460871087275152,0.9983889664099195,0.0003249030866382953,0.9977521563601084,0.9990257764597306,0.05130589798876071,0.002969025340461703,0.04548660832145577,0.05712518765606565,0.012604652684429124,0.00032490308663829515,0.011967842634618066,0.013241462734240182,0.0023325235831879705,0.00027516468407949633,0.0017932008023921577,0.002871846363983783,-2.8477598572121294e-05,0.00016410645012167056,-0.00035012624081059556,0.000293171043666353,0.010300606699813331,1.5456557019736028
rich6d_rough,360,2.976351441631313e-05,100,0.00011768435106411339,1.3643841861520138,0.002303083464153384,1.3598701425622732,1.3688982297417545,0.9986580483274226,0.00029354758745720225,0.9980826950560064,0.9992334015988387,0.04839888038592808,0.0029765915098815873,0.04256476102656017,0.05423299974529599,0.012873734601932321,0.00029354758745720225,0.012298381330516205,0.013449087873348437,0.002041195152708288,0.00024862052762023474,0.0015538989185726279,0.002528491386843948,-2.621348841855687e-05,0.00014929219686226475,-0.00031882619426859576,0.000266399217431482,0.010858752937642652,1.367973777896663
rich6d_rough,360,3.792690190732246e-05,100,0.00011768435106411339,1.2050264477041452,0.0022253379823860796,1.2006647852586685,1.209388110149622,0.9988783018164534,0.000260513074352584,0.9983676961907224,0.9993889074421844,0.0456804130852692,0.002976853256560971,0.0398457807024097,0.0515150454681287,0.013093988090963182,0.000260513074352584,0.012583382465232117,0.013604593716694247,0.001760468563782292,0.00022021005297785142,0.0013288568599457032,0.002192080267618881,-2.0868631689315823e-05,0.00013512456745149934,-0.0002857127838942545,0.00024397552051562285,0.011354388158870259,1.2080597277896303
rich6d_rough,360,4.8329302385717524e-05,100,0.00011768435106411339,1.0603499508062488,0.002183772079480189,1.0560697575304676,1.06463014408203,0.9990513776600981,0.0002269743487785525,0.9986065079364922,0.999496247383704,0.043173061692242866,0.0029711780005747127,0.03734955281111643,0.0489965705733693,0.013267063934607642,0.0002269743487785524,0.01282219421100168,0.013711933658213604,0.00149144751084288,0.0001905940904473684,0.001117883093566038,0.001865011928119722,-1.3847991827942875e-05,0.00012219490722802437,-0.00025335000999487066,0.00022565402633898489,0.011789464415592747,1.0629435064759833
rich6d_rough,360,6.158482110660255e-05,100,0.00011768435106411339,0.9281920702666189,0.0021626541163215656,0.9239532681986286,0.9324308723346092,0.9991828851113321,0.00019428520699445328,0.998802086105623,0.9995636841170412,0.04089359499754183,0.0029610329566022503,0.03508997040260142,0.04669721959248224,0.013398571385841981,0.0001942852069944533,0.013017772380132853,0.01377937039155111,0.0012371676901526986,0.00016076862394462794,0.0009220611872212278,0.0015522741930841695,-6.395715879566673e-06,0.00011079259424094559,-0.00022354920059182,0.00021075776883268667,0.012167799411568913,0.9304212601394518
rich6d_rough,360,7.847599703514606e-05,100,0.00011768435106411339,0.8071072273155333,0.0021409579283521774,0.802910949775963,0.8113035048551036,0.9992813606016671,0.00016376519467245374,0.9989603808201091,0.999602340383225,0.03885212920950473,0.0029479166142064076,0.03307421264566017,0.044630045773349294,0.013497046876175962,0.00016376519467245368,0.013176067094617952,0.013818026657733972,0.0010020659070773131,0.00013190074516324665,0.0007435404465573497,0.0012605913675972765,5.129143954135321e-07,0.00010083226151600752,-0.0001971183181759612,0.00019814414696678827,0.012494468054703289,0.8090188349682454
rich6d_rough,360,0.0001,100,0.00011768435106411339,0.6962795222072928,0.0020990812903024106,0.6921653228783001,0.7003937215362855,0.9993565841168972,0.00013647468920913316,0.9990890937260473,0.9996240745077472,0.037051429616260095,0.002933252475648854,0.03130225476398834,0.04280060446853185,0.013572270391407135,0.00013647468920913319,0.013304780000557234,0.013839760782257036,0.0007909294659249207,0.00010512729536807,0.0005848799670035035,0.000996978964846338,6.224262935186813e-06,9.193685344270695e-05,-0.0001739719698125188,0.00018642049568289243,0.012775116662547076,0.6979034808267797
rich6d_rough,360,0.0001274274985703132,100,0.00011768435106411339,0.5953704568855948,0.0020239889869128236,0.5914034384712457,0.5993374752999439,0.9994177588762184,0.00011302987325522908,0.9991962203246382,0.9996392974277987,0.03548680973646557,0.0029182667162270986,0.029767006972660458,0.04120661250027068,0.013633445150727987,0.00011302987325522906,0.013411906599147738,0.013854983702308235,0.0006076801756698953,8.136508300192406e-05,0.0004482046129861241,0.0007671557383536665,1.0408804843607045e-05,8.36293630988356e-05,-0.00015350474683011072,0.0001743223565173248,0.013015356170214541,0.5967296754683038
rich6d_rough,360,0.00016237767391887175,100,0.00011768435106411339,0.5043199373709195,0.0019112630993400673,0.500573861696213,0.508066013045626,0.9994720951965224,9.352275420810836e-05,0.9992887905982745,0.9996553997947702,0.03414679558612424,0.0029038957448261423,0.028455159926265003,0.03983843124598348,0.013687781471032279,9.352275420810839e-05,0.013504476872784386,0.013871086069280171,0.00045441220475989205,6.118071914667385e-05,0.0003344979952324113,0.0005743264142873727,1.3019730601670917e-05,7.55258994230874e-05,-0.00013501103226758038,0.00016105049347092223,0.01322034953567077,0.5054370769985984
rich6d_rough,360,0.00020691380811147902,100,0.00011768435106411339,0.42314072762995125,0.001764392174578952,0.41968251896777653,0.426598936292126,0.9995241398258488,7.75892505923443e-05,0.9993720648946878,0.9996762147570097,0.033014468094986205,0.0028907545944763945,0.02734858908981247,0.03868034710015994,0.013739826100358536,7.75892505923443e-05,0.013587751169197542,0.01389190103151953,0.0003309780542734579,4.474903010023836e-05,0.00024326995527699073,0.0004186861532699251,1.4219530411995413e-05,6.744166306651422e-05,-0.00011796612919837246,0.00014640519002236327,0.013394628515673133,0.4240414271789661
rich6d_rough,360,0.00026366508987303556,100,0.00011768435106411339,0.35174998069753266,0.0015923541293408367,0.34862896660402465,0.3548709947910407,0.9995758793553491,6.46024701459686e-05,0.999449258513863,0.9997025001968352,0.03206921654939627,0.0028791655998471207,0.026426051973695915,0.037712381125096624,0.013791565629858971,6.460247014596863e-05,0.013664944788372872,0.01391818647134507,0.0002351745191242406,3.189807182117906e-05,0.00017265429835472965,0.00029769473989375156,1.4292747186977683e-05,5.939218026895732e-05,-0.00010211592614017865,0.000130701420514134,0.013542098363547788,0.35246301543677444
rich6d_rough,360,0.0003359818286283774,100,0.00011768435106411339,0.2898669298667208,0.001406632529289621,0.2871099301093131,0.2926239296241285,0.9996273809041577,5.389796229849938e-05,0.9995217408980527,0.9997330209102627,0.03128857002435934,0.002869224007807783,0.025664890969056088,0.0369122490796626,0.013843067178667743,5.3897962298499385e-05,0.013737427172562685,0.0139487071847728,0.00016335533365348557,2.221150488293269e-05,0.0001198207840829375,0.00020688988322403365,1.3564735796969195e-05,5.1527248854807004e-05,-8.742867195845253e-05,0.00011455814355239092,0.013666147109217345,0.29042249625870764
rich6d_rough,360,0.00042813323987193956,100,0.00011768435106411339,0.23698268480756277,0.0012185790483744284,0.2345942698727489,0.23937109974237664,0.9996776268084352,4.492957137924073e-05,0.9995895648485319,0.9997656887683385,0.030649821455862158,0.002860872934662082,0.025042510503924476,0.03625713240779984,0.01389331308294534,4.4929571379240725e-05,0.013805251123042029,0.013981375042848652,0.00011119498716974045,1.5148203075741357e-05,8.150450914128738e-05,0.00014088546519819351,1.2340982038780489e-05,4.4047311608586136e-05,-7.399174871404834e-05,9.867371279160931e-05,0.013769777113736854,0.2374101245064357
rich6d_rough,360,0.0005455594781168515,100,0.00011768435106411339,0.1923879789894093,0.0010376364893775517,0.1903542114702293,0.1944217465085893,0.9997252560544609,3.731820701270367e-05,0.9996521123687161,0.9997983997402058,0.030131274377334424,0.002853968741771166,0.02453749564346294,0.03572505311120591,0.013940942328970465,3.731820701270367e-05,0.013867798643225565,0.014014086014715365,7.436361734181003e-05,1.0145795472265513e-05,5.4477858216169626e-05,9.424937646745043e-05,1.0872289292775767e-05,3.713637591683184e-05,-6.191500750421464e-05,8.365958608976618e-05,0.013855706422335934,0.19271388635984585
rich6d_rough,360,0.0006951927961775591,100,0.00011768435106411339,0.15523472602417207,0.0008705223004537962,0.15352850231528262,0.15694094973306152,0.9997690643089067,3.08243291194486e-05,0.9997086486238326,0.9998294799939808,0.029713064718541068,0.0028483292034034,0.024130339479870404,0.035295789957211735,0.013984750583416267,3.082432911944859e-05,0.013924334898342149,0.014045166268490386,4.8984529190898076e-05,6.691056572603575e-06,3.587005830859507e-05,6.209900007320108e-05,9.342857731116508e-06,3.092418648808797e-05,-5.1268547785535917e-05,6.995426324776894e-05,0.013926423196494312,0.15548185001092912
rich6d_rough,360,0.0008858667904100832,100,0.00011768435106411339,0.12460766242722537,0.0007211835460906703,0.12319414267688766,0.12602118217756308,0.9998082467976936,2.5295165384986553e-05,0.9997586682735391,0.9998578253218482,0.02937759864815148,0.0028437646818336,0.023803819871757625,0.034951377424545335,0.014023933072203615,2.5295165384986553e-05,0.013974354548049042,0.014073511596358189,3.1857616420995414e-05,4.355628599287021e-06,2.3320584366392854e-05,4.0394648475597974e-05,7.873958601487852e-06,2.5475144474004465e-05,-4.20573245675609e-05,5.78052417705366e-05,0.013984201497181187,0.12479459016592293
rich6d_rough,360,0.0011288378916846883,100,0.00011768435106411339,0.0995890872497775,0.0005912207521997584,0.09843029457546597,0.10074787992408903,0.9998424457474522,2.0619994652116998e-05,0.999802030557934,0.9998828609369703,0.029109691518455504,0.0028400959687329298,0.02354310341973896,0.03467627961717205,0.014058132021962164,2.0619994652116998e-05,0.014017716832444014,0.014098547211480314,2.0500162497320172e-05,2.8048640211380806e-06,1.5002629015889535e-05,2.599769597875081e-05,6.535536512887277e-06,2.0794880487408946e-05,-3.422242924243426e-05,4.729350226820881e-05,0.014031096322952021,0.09973048525659375
rich6d_rough,360,0.00143844988828766,100,0.00011768435106411339,0.07930798445056254,0.000480501028299686,0.07836620243509516,0.08024976646602992,0.9998716849593582,1.6703622959664498e-05,0.9998389458583572,0.9999044240603592,0.028896501648589912,0.0028371629888246817,0.023335662190493538,0.03445734110668629,0.014087371233867975,1.6703622959664498e-05,0.014054632132867033,0.014120110334868917,1.3077073507690388e-05,1.7902563819679955e-06,9.568170999033117e-06,1.658597601634766e-05,5.3599623652359e-06,1.6845075211133703e-05,-2.765638504858616e-05,3.8376309779057955e-05,0.01406893419799509,0.07941513756692442
rich6d_rough,360,0.0018329807108324375,100,0.00011768435106411339,0.0629715165867763,0.00038776792952875954,0.06221149144489993,0.06373154172865267,0.9998962603428098,1.3455173027203407e-05,0.9998698882036764,0.9999226324819431,0.028727340963804138,0.002834827828083831,0.023171078420759827,0.03428360350684845,0.014111946617319826,1.3455173027203409e-05,0.014085574478186508,0.014138318756453144,8.282771926817637e-06,1.134430250190457e-06,6.059288636444341e-06,1.0506255217190933e-05,4.354577422480143e-06,1.3559729634869884e-05,-2.2222492661864827e-05,3.0931647506825114e-05,0.014099309267970584,0.06305296124762638
rich6d_rough,360,0.002335721469090121,100,0.00011768435106411339,0.049880942262101595,0.0003111479564976837,0.04927109226736613,0.05049079225683706,0.9999166299891202,1.0785886221184935e-05,0.9998954896521267,0.9999377703261138,0.028593424952018668,0.0028329745392423637,0.023040794855103637,0.0341460550489337,0.014132316263629754,1.0785886221184935e-05,0.014111175926636231,0.014153456600623277,5.2160776181851485e-06,7.146639747809914e-07,3.8153362276144054e-06,6.616819008755892e-06,3.511623785114732e-06,1.0859160279066261e-05,-1.777233036185514e-05,2.4795577932084604e-05,0.014123588562226513,0.04994306993740415
rich6d_rough,360,0.002976351441631313,100,0.00011768435106411339,0.03943572288067261,0.00024852237576730057,0.0389486190241687,0.03992282673717652,0.9999333246569683,8.610759119240318e-06,0.9999164475690946,0.999950201744842,0.028487604699293477,0.002831507309017705,0.022937850373618774,0.034037359024968177,0.014149010931478228,8.61075911924032e-06,0.014132133843604518,0.014165888019351938,3.269685463095296e-06,4.4811204230506824e-07,2.3913858601773624e-06,4.1479850660132296e-06,2.815370593883055e-06,8.660356945104401e-06,-1.4158929018521572e-05,1.978967020628768e-05,0.014142925875421306,0.0394832956291453
rich6d_rough,360,0.003792690190732238,100,0.00011768435106411339,0.031129746751238627,0.00019777279428535513,0.03074211207443933,0.03151738142803792,0.9999468843497104,6.85096512739684e-06,0.9999334564580606,0.9999603122413601,0.0284041074548835,0.0028303479433553673,0.02285662548590698,0.03395158942386002,0.014162570624220362,6.850965127396842e-06,0.014149142732570664,0.01417599851587006,2.0420362955409154e-06,2.799244559556565e-07,1.4933843618678288e-06,2.590688229214002e-06,2.2468310949009023e-06,6.8837413800123375e-06,-1.1245302009923278e-05,1.5738964199725085e-05,0.014158281756829972,0.031166309609607618
rich6d_rough,360,0.004832930238571752,100,0.00011768435106411339,0.024542981815652277,0.0001569258845908385,0.024235407081854232,0.02485055654945032,0.9999578186590705,5.435703550392585e-06,0.9999471646801118,0.9999684726380292,0.028338300166290145,0.002829433212302619,0.02279261107017701,0.033883989262403276,0.01417350493358025,5.435703550392587e-06,0.01416285095462148,0.014184158912539019,1.2715778205674734e-06,1.743397853568884e-07,9.29871841267972e-07,1.6132837998669747e-06,1.7866476701068112e-06,5.456994544573699e-06,-8.909061637257637e-06,1.2482356977471261e-05,0.014170446708089623,0.024571179211298776
rich6d_rough,360,0.006158482110660254,100,0.00011768435106411339,0.019331006693425756,0.00012422569854694462,0.019087524324273745,0.019574489062577766,0.99996658551397,4.30311420766189e-06,0.999958151410123,0.999975019617817,0.028286482325611352,0.002828712337854323,0.02274220614341688,0.03383075850780583,0.014182271788479665,4.30311420766189e-06,0.014173837684632647,0.014190705892326683,7.899646321161557e-07,1.0832311896987561e-07,5.776513189351996e-07,1.002277945297112e-06,1.4166955918662993e-06,4.316771230708351e-06,-7.044176020322069e-06,9.877567204054667e-06,0.014180065128255738,0.019352818970792038
rich6d_rough,360,0.00784759970351459,100,0.00011768435106411339,0.0152140547050153,9.815833362437494e-05,0.015021664371111526,0.015406445038919076,0.999973582694646,3.400357541840015e-06,0.999966917993864,0.999980247395428,0.02824570942785076,0.002828144754402204,0.02270254570922244,0.033788873146479076,0.014189268969155561,3.4003575418400137e-06,0.014182604268373554,0.014195933669937568,4.898561513655651e-07,6.717833312174968e-08,3.581866184469357e-07,6.215256842841945e-07,1.1208491916869375e-06,3.4090356689522036e-06,-5.5608607194593814e-06,7.802559102833256e-06,0.014187658263812566,0.015230972260004198
rich6d_rough,360,0.01,100,0.00011768435106411339,0.011966555126548682,7.744786857995653e-05,0.011814757304131967,0.012118352948965396,0.9999791473929966,2.683109038848769e-06,0.9999738884992805,0.9999844062867128,0.0282136454777334,0.002827698184031826,0.02267135703703102,0.03375593391843578,0.014194833667506561,2.6831090388487687e-06,0.014189574773790417,0.014200092561222705,3.033151316016414e-07,4.1599853605771896e-08,2.2177941853432852e-07,3.8485084466895433e-07,8.852344550373354e-07,2.688584282935313e-06,-4.384390739515878e-06,6.154859649590549e-06,0.014193645117919967,0.01197970565492254
rich6d_rough,540,1e-12,100,0.00011768435106411339,505.10917997567225,0.02068823705099359,505.0686310310523,505.1497289202922,13.684735752244691,0.2456148033022981,13.203330737772188,14.166140766717195,0.004771949561408424,0.0008034723270354896,0.003197143800418865,0.006346755322397984,12.698951438519185,0.24561480330229823,12.217546424046681,13.180356452991688,12.698833757894606,0.2456147958004634,12.217428758125697,13.180238757663515,-3.780225708652997e-09,2.2401978841893163e-07,-4.42859011009759e-07,4.35298559592453e-07,0.00011768440482345585,511.55579899539526
rich6d_rough,540,1.2742749857031321e-12,100,0.00011768435106411339,503.6381793087725,0.022720378020404185,503.59364736785255,503.6827112496925,12.79982635042202,0.21843877790535435,12.371686345727525,13.227966355116514,0.004905552529177256,0.0008008173662614126,0.0033359504913048877,0.006475154567049625,11.814042036696534,0.21843877790535432,11.38590203200204,12.242182041391029,11.813924360946801,0.2184387659806853,11.385784379624658,12.242064342268945,-8.688561471689133e-09,2.7512306739662344e-07,-5.479297735690711e-07,5.305526506256928e-07,0.00011768443824707389,511.4342511796711
rich6d_rough,540,1.6237767391887243e-12,100,0.00011768435106411339,501.91479576417737,0.024632407495468626,501.86651624548625,501.9630752828685,11.901461569756425,0.1923669215453099,11.524422403527618,12.278500735985231,0.005058195949983039,0.000797873039095782,0.0034943647933553066,0.006622027106610771,10.91567725603093,0.1923669215453099,10.538638089802124,11.292716422259737,10.915559586986756,0.19236690384506622,10.538520455450426,11.292598718523086,-1.5448246032024882e-08,3.364801422344318e-07,-6.749493248115113e-07,6.440528327474615e-07,0.0001176844924022126,511.27954317913793
rich6d_rough,540,2.06913808111479e-12,100,0.00011768435106411339,499.91089534836124,0.026389581810700356,499.8591717680123,499.9626189287102,11.006665047450767,0.1678415809464307,10.677695548795763,11.335634546105771,0.005230816906975074,0.0007947638841793352,0.0036730796939835773,0.006788554119966571,10.020880733725276,0.1678415809464307,9.691911235070272,10.34985023238028,10.020763073371755,0.1678415560856838,9.691793623443814,10.349732523299696,-2.4226283332009786e-08,4.0978612698652053e-07,-8.2740709222559e-07,7.789545255615704e-07,0.00011768458009623131,511.0826898713984
rich6d_rough,540,2.6366508987303555e-12,100,0.00011768435106411339,497.5973610372366,0.0279707142839347,497.5425384372401,497.6521836372331,10.131068640612531,0.14519021893803194,9.846495811493988,10.415641469731074,0.0054240842870083685,0.0007916897103117917,0.003872372454797257,0.00697579611921948,9.145284326887039,0.145190218938032,8.860711497768495,9.429857156005582,9.145166677152833,0.14519018565638248,8.860593913266323,9.429739441039343,-3.4987786021584424e-08,4.969310934305363e-07,-1.0089727291454356e-06,9.389971571022668e-07,0.00011768472199382395,510.832309506444
rich6d_rough,540,3.359818286283788e-12,100,0.00011768435106411339,494.9440344233356,0.02936891881816201,494.886471342452,495.0015975042192,9.28794966707466,0.12462023392749469,9.04369400857677,9.53220532557255,0.005638447910336225,0.0007889333110227698,0.004092138620731597,0.007184757199940854,8.30216535334917,0.12462023392749469,8.057909694851281,8.54642101184706,8.30204771581269,0.12462019127081607,8.057792140921892,8.54630329070349,-4.741495359511425e-08,5.99993520372172e-07,-1.2234022535245711e-06,1.1285723463343427e-06,0.00011768495137976995,510.51400782195174
rich6d_rough,540,4.281332398719396e-12,100,0.00011768435106411339,491.91963746195114,0.030591899470222124,491.8596773389895,491.97959758491277,8.487668998154692,0.10622513704318574,8.27946772955005,8.695870266759336,0.0058742625004182215,0.0007868571703597827,0.0043320224465130475,0.0074165025543233955,7.501884684429201,0.10622513704318574,7.293683415824557,7.710085953033845,7.501767059970728,0.10622508454502275,7.293565894262484,7.709968225678972,-6.086327995013067e-08,7.212207880504005e-07,-1.4744560245289155e-06,1.3527294646286542e-06,0.00011768532174880227,510.10961823238847
rich6d_rough,540,5.455594781168514e-12,100,0.00011768435106411339,488.49171801362064,0.03166176822936096,488.4296609478911,488.5537750793502,7.737510331730456,0.08999906455908227,7.561112165194655,7.913908498266257,0.0061319705068540176,0.0007858832671081393,0.004591639303322064,0.007672301710385971,6.7517260180049625,0.08999906455908224,6.5753278514691615,6.9281241845407635,6.751608406473864,0.08999900239804717,6.575210361773692,6.928006451174037,-7.438779783765706e-08,8.629955565838202e-07,-1.7658590887419447e-06,1.6170834930666305e-06,0.00011768591883755224,509.596273316758
rich6d_rough,540,6.951927961775591e-12,100,0.00011768435106411339,484.62666106995414,0.03261364270989269,484.5627383302427,484.69058380966555,7.041853198844244,0.07585704138842139,6.893173397722938,7.19053299996555,0.006412298669134283,0.0007864533420150633,0.004870850118784759,0.007953747219483807,6.056068885118759,0.07585704138842139,5.907389083997454,6.204748686240065,6.055951285094427,0.07585697050427626,5.907271622906045,6.2046309472828085,-8.685527449774707e-08,1.0277886984637438e-06,-2.101321123486685e-06,1.9276105744911906e-06,0.00011768687957382923,508.94528429571903
rich6d_rough,540,8.858667904100833e-12,100,0.00011768435106411339,480.2898013292641,0.03349222693293585,480.22415656447555,480.35544609405264,6.402571389135345,0.0636581950485485,6.277801326840191,6.5273414514305,0.006716408527041415,0.0007889737199616241,0.005170020035916632,0.008262797018166198,5.416787075409856,0.06365819504854849,5.292017013114702,5.541557137705011,5.416669484109182,0.063658117211471,5.291899574374699,5.541439393843665,-9.712103180002208e-08,1.2181007428971046e-06,-2.4845984878783473e-06,2.290356424278303e-06,0.00011768842166771237,508.12081130785185
rich6d_rough,540,1.1288378916846884e-11,100,0.00011768435106411339,475.44566493784083,0.034346432934142655,475.37834592928994,475.5129839463917,5.8195384245374235,0.053228594376814285,5.715210379558868,5.923866469515979,0.007045951791931312,0.0007937562291740437,0.005490189582750186,0.008601714001112438,4.833754110811933,0.0532285943768143,4.729426065833377,4.938082155790489,4.833636524122561,0.05322851221492284,4.729308640181312,4.937964408063809,-1.041999148325164e-07,1.4363933789824039e-06,-2.919530937638028e-06,2.711131107972995e-06,0.00011769088932708088,507.0783211369148
rich6d_rough,540,1.4384498882876659e-11,100,0.00011768435106411339,470.05836041516505,0.0352232909524413,469.98932276489825,470.12739806543186,5.291140352074225,0.04438071531065536,5.2041541500653405,5.37812655408311,0.007403014403228304,0.0008009703318452059,0.005833112552811701,0.008972916253644908,4.305356038348735,0.044380715310655364,4.21836983633985,4.392342240357619,4.305238450844686,0.04438063230123923,4.218252411534257,4.392224490155115,-1.0731886657738997e-07,1.6850095884119183e-06,-3.4099376598647496e-06,3.1952999267099695e-06,0.00011769482291213752,505.76285487598955
rich6d_rough,540,1.8329807108324375e-11,100,0.00011768435106411339,464.09213180399536,0.0361629582744541,464.02125240577743,464.1630112022133,4.814732202758734,0.03692789229995179,4.742353533850828,4.887110871666639,0.007789972552128972,0.0008106182286754929,0.006201160823925006,0.009378784280332939,3.8289478890332442,0.03692789229995179,3.7565692201253387,3.90132655794115,3.8288302936984304,0.03692781270360466,3.7564517807993654,3.9012088065974955,-1.0572834633699724e-07,1.966075272324089e-06,-3.959235880092211e-06,3.747779187418217e-06,0.0001177010631978094,504.1071712676116
rich6d_rough,540,2.3357214690901212e-11,100,0.00011768435106411339,457.51208101875375,0.03719600805989346,457.43917684295633,457.58498519455117,4.387011561880801,0.030693502049975795,4.326852297862848,4.447170825898754,0.008209311245305266,0.0008225363898383596,0.006597139921222081,0.00982148256938845,3.4012272481553083,0.030693502049975792,3.341067984137356,3.4613865121732608,3.4011096354446964,0.030693430710555088,3.3409505112520086,3.461268759637384,-9.819328263707922e-08,2.2813676714265336e-06,-4.569673918633085e-06,4.373287353358927e-06,0.00011771090390379733,502.0298980840705
rich6d_rough,540,2.976351441631313e-11,100,0.00011768435106411339,450.285060540172,0.038342766457327836,450.20990871791565,450.3602123624284,4.00430846815007,0.025515379701708307,3.9542983239347214,4.054318612365418,0.008663459402125557,0.000836419620558621,0.007024076945830659,0.010302841858420455,3.01852415442458,0.025515379701708307,2.9685140102092316,3.0685342986399284,3.0184065103029387,0.0255153215717471,2.9683964800223146,3.068416540583563,-8.218665610109346e-08,2.6321289485329147e-06,-5.241159395225606e-06,5.0767860830234195e-06,0.00011772630829701841,499.43391860157857
rich6d_rough,540,3.7926901907322536e-11,100,0.00011768435106411339,442.3807306395089,0.039613384571302576,442.3030884057491,442.4583728732687,3.6628025587612196,0.021246454701100672,3.621159507547062,3.704445609975377,0.009154675906314582,0.0008518615002352764,0.0074850273658534396,0.010824324446775724,2.677018245035727,0.02124645470110068,2.6353751938215697,2.7186612962498846,2.6769005477764085,0.021246413938253238,2.635257576457432,2.718543519095385,-5.294569585802816e-08,3.0188023212310867e-06,-5.969798245470958e-06,5.863906853754901e-06,0.00011775020499503117,496.2053427481855
rich6d_rough,540,4.832930238571752e-11,100,0.00011768435106411339,433.77276575827744,0.04100741350272266,433.6923912278121,433.8531402887428,3.3586806584966222,0.01775323232814057,3.3238843231334667,3.3934769938597777,0.009684991102039676,0.0008684061974390698,0.007982914955059098,0.011387067249020253,2.3728963447711338,0.017753232328140574,2.3381000094079782,2.4076926801342893,2.372778560567184,0.017753210906312152,2.3379822671908124,2.4075748539435557,-2.667398871670695e-09,3.4406821523105735e-06,-6.746404417400394e-06,6.741069619657053e-06,0.00011778687134627285,492.2135516602387
rich6d_rough,540,6.158482110660255e-11,100,0.00011768435106411339,424.440181939546,0.04251270116376564,424.35685704526503,424.52350683382696,3.088246957083501,0.014914131337219463,3.059015259662551,3.1174786545044513,0.010256185150558208,0.0008856067545284154,0.008520395911682514,0.0119919743894339,2.102462643358011,0.014914131337219463,2.073230945937061,2.131694340778961,2.1023447211155246,0.014914127335590282,2.0731130315377677,2.1315764106932815,7.984689156752563e-08,3.8955092430811305e-06,-7.555351224871491e-06,7.715045008006541e-06,0.0001178423955944894,487.3129300546083
rich6d_rough,540,7.847599703514623e-11,100,0.00011768435106411339,414.3687421051177,0.044104511376284405,414.2822972628202,414.4551869474152,2.8479968462321974,0.01261912080695276,2.82326336945057,2.872730323013825,0.010869780001970414,0.0009030823867676935,0.009099738523905734,0.012639821480035094,1.8622125325067065,0.012619120806952757,1.837479055725079,1.886946009288334,1.86209439845227,0.01261912678640198,1.837360909950922,1.886827886953618,2.0887692818652343e-07,4.3791119570218105e-06,-8.374182507576224e-06,8.791936363949271e-06,0.00011792517749793785,481.3469573021195
rich6d_rough,540,1e-10,100,0.00011768435106411339,403.5523804049193,0.04574609047899531,403.46271806758045,403.6420427422581,2.6346644685083542,0.01077064004776227,2.61355401401474,2.6557749230019683,0.011527034795387412,0.0009205649696193815,0.009722727454933425,0.0133313421358414,1.6488801547828646,0.010770640047762271,1.6277697002892506,1.6699906092764787,1.6487617076246317,0.010770642037084884,1.6276512492319453,1.6698721660173181,4.007771210286006e-07,4.885275788082114e-06,-9.174363423612343e-06,9.975917665669544e-06,0.00011804638109682263,474.15523564810377
rich6d_rough,540,1.274274985703132e-10,100,0.00011768435106411339,391.9945730911537,0.04739135974716442,391.9016860260493,392.08746015625815,2.4452519205431575,0.009284472401251475,2.4270543546367045,2.4634494864496106,0.012228954377014696,0.0009379261106891284,0.010390619200064004,0.014067289553965388,1.4594676068176682,0.009284472401251475,1.4412700409112154,1.477665172724121,1.4593487141087218,0.00928444990234253,1.4411511923001303,1.4775462359173133,6.725067523191621e-07,5.406074467977703e-06,-9.923399204917136e-06,1.126841270955546e-05,0.00011822020220394504,465.5837090438867
rich6d_rough,540,1.6237767391887175e-10,100,0.00011768435106411339,379.70957331482305,0.048989414338551,379.61355406271946,379.80559256692663,2.2770447431363228,0.008089215543348858,2.261189880671359,2.2928996056012867,0.012976334694075286,0.0009551813172817237,0.011104179312203108,0.014848490075947464,1.2912604294108334,0.008089215543348858,1.2754055669458697,1.3071152918757971,1.29114092548526,0.008089142668451057,1.2752862058550958,1.306995645115424,1.040145254158105e-06,5.932857715091113e-06,-1.0588255867420476e-05,1.2668546375736688e-05,0.00011846378031504269,455.49772664525614
rich6d_rough,540,2.0691380811147902e-10,100,0.00011768435106411339,366.72342224517735,0.05048963812628952,366.6244625544498,366.8223819359049,2.127615296615173,0.007124298554199578,2.1136516714489417,2.141578921781404,0.013769869996563022,0.0009724740640186007,0.011863820831086565,0.01567591916203948,1.1418309828896822,0.0071242985541995745,1.127867357723451,1.1557946080559134,1.1417106683358305,0.007124146029796534,1.1277473421174293,1.1556739945542316,1.5179484199469903e-06,6.457928085396666e-06,-1.1139590627430474e-05,1.4175487467324456e-05,0.00011879660542839232,443.79679304137244
rich6d_rough,540,2.6366508987303556e-10,100,0.00011768435106411339,353.07464997430134,0.05184595135639806,352.97303190964277,353.1762680389599,1.9948145163203888,0.006337866716679771,1.9823922975556965,2.007236735085081,0.014610334751407557,0.000990046902132829,0.012669842823227213,0.0165508266795879,1.0090302025949005,0.006337866716679771,0.9966079838302081,1.0214524213595928,1.0089088447951793,0.0063376041672453835,0.9964871406273783,1.0213305489629803,2.1184229726840784e-06,6.976670343289544e-06,-1.1555850900163428e-05,1.5792696845531586e-05,0.0001192393767387237,430.4290299650896
rich6d_rough,540,3.3598182862837877e-10,100,0.00011768435106411339,338.81458780555505,0.05301914221853471,338.7106702868067,338.9185053243034,1.8767535312702086,0.0056859103664238814,1.8656091469520177,1.8878979155883995,0.015498832310930884,0.0010082076190684839,0.013522745377556655,0.017474919244305113,0.8909692175447177,0.0056859103664238814,0.8798248332265269,0.9021136018629085,0.8908465515021788,0.00568550829371484,0.8797029552464978,0.9019901477578599,2.8535791110000184e-06,7.489605167081935e-06,-1.1826047016480575e-05,1.7533205238480612e-05,0.00011981246342869165,415.4028718256957
rich6d_rough,540,4.281332398719396e-10,100,0.00011768435106411339,324.00722961561127,0.053977149976097816,323.9014344016581,324.11302482956444,1.7717782814067937,0.005132751137107448,1.761718089178063,1.7818384736355244,0.016437080288442117,0.001027296329319761,0.014423579482975386,0.01845058109390885,0.7859939676813035,0.005132751137107448,0.7759337754525729,0.796054159910034,0.7858696963595203,0.005132182509932097,0.7758106186400534,0.7959287740789872,3.736976673543037e-06,8.003650944333073e-06,-1.1950179177349787e-05,1.9424132524435862e-05,0.00012053434511110142,398.7936297528796
rich6d_rough,540,5.455594781168515e-10,100,0.00011768435106411339,308.7286039821199,0.054694045426166425,308.62140365308466,308.8358043111552,1.6784410028807577,0.004651763499537548,1.669323546421664,1.6875584593398514,0.0174276884185475,0.0010476560062781999,0.015374282646242228,0.019481094190852772,0.6926566891552675,0.004651763499537548,0.6835392326961739,0.701774145614361,0.692530483023804,0.004651005491705237,0.6834145122600618,0.7016464537875463,4.785560237208853e-06,8.531908377224452e-06,-1.193698018215107e-05,2.1508100656568778e-05,0.00012142057122488392,380.74338360398104
rich6d_rough,540,6.951927961775591e-10,100,0.00011768435106411339,293.0656490264024,0.05514881506707525,292.9575573488709,293.1737407039339,1.595471833666113,0.004225121402329456,1.5871905957175472,1.6037530716146786,0.0184743850218574,0.001069606344762264,0.016377956586123364,0.020570813457591437,0.6096875199406216,0.004225121402329456,0.6014062819920559,0.6179687578891874,0.6095590162886201,0.004224157846673777,0.6012796669091395,0.6178383656681007,6.019878850990792e-06,9.091580864940933e-06,-1.1799619644293436e-05,2.3839377346275022e-05,0.0001224837731473461,361.4539883315178
rich6d_rough,540,8.858667904100832e-10,100,0.00011768435106411339,277.1146154320084,0.05532477293896084,277.00617887704806,277.22305198696876,1.5217525195860153,0.0038422115754153984,1.5142217848982011,1.5292832542738295,0.019582163127102162,0.0010934202757377674,0.017439059386656137,0.021725266867548186,0.5359682058605251,0.0038422115754153984,0.5284374711727109,0.5434989405483392,0.535837009399354,0.003841035938777998,0.5283085789593491,0.5433654398393588,7.461418391671866e-06,9.700161779881175e-06,-1.1550898696895239e-05,2.647373548023897e-05,0.00012373504277967025,341.1743639987196
rich6d_rough,540,1.1288378916846883e-09,100,0.00011768435106411339,260.97905660897095,0.05520978291733362,260.870845434453,261.0872677834889,1.4562931528166436,0.0034972151434927096,1.4494386111353978,1.4631476944978894,0.020757340298114935,0.0011193039830439968,0.0185635044913487,0.02295117610488117,0.4705088390911537,0.0034972151434927096,0.463654297409908,0.4773633807723994,0.470374525967833,0.00349583291823448,0.46352269344809344,0.4772263584875726,9.126531489669472e-06,1.0370617598494658e-05,-1.1199879003380058e-05,2.9452941982719002e-05,0.00012518659183122748,320.1842177937985
rich6d_rough,540,1.4384498882876659e-09,100,0.00011768435106411339,244.767495663279,0.054796926945515266,244.66009368646579,244.8748976400922,1.3982123772186552,0.003186672200399267,1.3919664997058727,1.4044582547314377,0.022007547655280818,0.0011473836220048485,0.019758675756151315,0.02425641955441032,0.4124280634931651,0.003186672200399267,0.4061821859803825,0.4186739410059476,0.4122901907865216,0.003185101428896279,0.4060473919858849,0.41853298958715834,1.1017576265022806e-05,1.110675729670232e-05,-1.0751668036513742e-05,3.2786820566559356e-05,0.00012685513037736552,298.7766729612716
rich6d_rough,540,1.8329807108324374e-09,100,0.00011768435106411339,228.59088367392772,0.05408510140913626,228.4848768751658,228.69689047268963,1.3467213232409827,0.0029076710529828244,1.3410222879771363,1.3524203585048291,0.023341674751575888,0.0011777029791004265,0.02103337691253905,0.025649972590612725,0.360937009515492,0.0029076710529828244,0.35523797425164566,0.36663604477933837,0.36079513160006543,0.0029059405457819458,0.3550994881303328,0.36649077506979805,1.3112923816933344e-05,1.190006761071101e-05,-1.0211208700060235e-05,3.643705633392692e-05,0.00012876499161056446,277.2419981120626
rich6d_rough,540,2.335721469090121e-09,100,0.00011768435106411339,212.5599783345382,0.053079262896468984,212.4559429792611,212.66401368981528,1.3011113357401825,0.0026569311981215578,1.2959037505918642,1.3063189208885007,0.024769793119182863,0.0012102342356811971,0.022397734017247716,0.02714185222111801,0.31532702201469226,0.0026569311981215573,0.310119436866374,0.3205346071630105,0.3151807140178212,0.002655077304437694,0.3099767625011233,0.3203846655345191,1.535816950325759e-05,1.2728893853384805e-05,-9.590462449376629e-06,4.030680145589181e-05,0.00013094982736767263,255.85398912362106
rich6d_rough,540,2.9763514416313133e-09,100,0.00011768435106411339,196.7827710309729,0.05179043718238717,196.68126177409542,196.88428028785037,1.2607451789990085,0.002430693992742633,1.255981018773233,1.265509339224784,0.02630306401490712,0.001244899007776273,0.023863061959665626,0.028743066070148617,0.27496086527351765,0.002430693992742634,0.27019670504774207,0.27972502549929323,0.27480975226159926,0.00242875753716633,0.27004938748875323,0.2795701170344453,1.7661195611111418e-05,1.3560111562587473e-05,-8.916623051560029e-06,4.423901427378286e-05,0.00013345181630721598,234.85983268649733
rich6d_rough,540,3.792690190732238e-09,100,0.00011768435106411339,181.36207179599688,0.05023583466349857,181.26360956005644,181.46053403193733,1.225050949358037,0.002225111361663714,1.2206897310891762,1.2294121676268979,0.02795361287919622,0.001281591744689598,0.025441693059604607,0.03046553269878783,0.239266635632547,0.0022251113616637143,0.23490541736368611,0.24362785390140787,0.23911042408749025,0.0022231359736459536,0.23475307757914418,0.24346777059583632,1.989375768938976e-05,1.4352786069147102e-05,-8.237703006138559e-06,4.8025218384918075e-05,0.0001363177873671944,214.47364689376235
rich6d_rough,540,4.832930238571752e-09,100,0.00011768435106411339,166.3933315074654,0.04843926120247717,166.29839055550855,166.48827245942226,1.1935176217056318,0.002036770524253567,1.189525551478095,1.1975096919331687,0.029734333198844425,0.001320195876119741,0.027146749281649733,0.032321917116039114,0.20773330798014175,0.002036770524253567,0.20374123775260475,0.21172537820767875,0.20757181380793452,0.0020348023445856452,0.20358360121254665,0.2115600264033224,2.190179436663127e-05,1.5063201318928385e-05,-7.6220802184683655e-06,5.1425668951730906e-05,0.00013959237784066762,194.8733960629921
rich6d_rough,540,6.158482110660254e-09,100,0.00011768435106411339,151.96275407025982,0.04643151509441264,151.87174830067477,152.05375983984487,1.1656911605835063,0.0018630785183551828,1.16203952668753,1.1693427944794825,0.0316585692743352,0.0013605857601318209,0.02899182118447683,0.034325317364193565,0.17990684685801572,0.0018630785183551828,0.17625521296203955,0.1835584807539919,0.17974001246169,0.0018611660275878767,0.17609212704761776,0.18338789787576223,2.3525230265748705e-05,1.5651169835325473e-05,-7.151062611489222e-06,5.420152314298663e-05,0.00014330916605967067,176.20051895330542
rich6d_rough,540,7.847599703514623e-09,100,0.00011768435106411339,138.14574258053705,0.044249972298082155,138.0590126348328,138.23247252624128,1.1411704131342872,0.0017023744152165885,1.1378337592804628,1.1445070669881117,0.03373961869588864,0.001402611858928922,0.03099049945238795,0.036488737939389324,0.1553860994087968,0.0017023744152165885,0.1520494455549723,0.1587227532626213,0.15521399248214193,0.0017005666224521713,0.15188088190213567,0.1585471030621482,2.4625406851229063e-05,1.608829148876844e-05,-6.907644466757084e-06,5.6158458169215214e-05,0.00014748151980342045,158.56143581388838
rich6d_rough,540,1e-08,100,0.00011768435106411339,125.00573196447108,0.041936565630794474,124.92353629583472,125.08792763310744,1.1196023777993942,0.0015537705423100446,1.1165569875364665,1.122647768062322,0.035989993065502615,0.0014460690606670709,0.033155697706595155,0.038824288424410075,0.13381806407390442,0.0015537705423100442,0.13077267381097674,0.1368634543368321,0.1336408535508361,0.001552112267690847,0.13059871350616203,0.13668299359551017,2.511491303951145e-05,1.6369097366354486e-05,-6.968517798543343e-06,5.719834387756624e-05,0.000152095610028994,142.03016438674965
rich6d_rough,540,1.274274985703132e-08,100,0.00011768435106411339,112.59346469221356,0.03953408996773718,112.5159778758768,112.67095150855032,1.1006767161423816,0.0014168168497768244,1.097899755116819,1.1034536771679442,0.03842039545492225,0.0014906480197215532,0.035498725336268,0.041342065573576496,0.11489240241689125,0.0014168168497768246,0.11211544139132867,0.11766936344245382,0.11471031202816791,0.001415341218286487,0.11193624324032639,0.11748438081600943,2.4981880767218785e-05,1.6525396150003198e-05,-7.40789568678748e-06,5.737165722122505e-05,0.00015710850795627208,126.65153146481829
rich6d_rough,540,1.623776739188721e-08,100,0.00011768435106411339,100.94673845506681,0.03708189151463973,100.87405794769812,101.0194189624355,1.0841195302797617,0.001291128374912707,1.0815889186649328,1.0866501418945906,0.041038438705357866,0.001535870145724262,0.03802813321973831,0.04404874419097742,0.09833521655427203,0.0012911283749127067,0.09580460493944312,0.10086582816910095,0.09814846173157683,0.0012898484475061477,0.09562035877446479,0.10067656468868888,2.4300637626746587e-05,1.664273620385716e-05,-8.319125332813446e-06,5.6920400586306616e-05,0.00016245418506859698,112.44473552856861
rich6d_rough,540,2.0691380811147902e-08,100,0.00011768435106411339,90.09059085044193,0.03461273869616554,90.02274988259744,90.15843181828642,1.069686631461711,0.0011761124960046044,1.067381450969542,1.07199181195388,0.0438472431943042,0.001581012441118801,0.04074845880971135,0.04694602757889705,0.08390231773622114,0.0011761124960046041,0.08159713724405213,0.08620749822839016,0.08371103430700401,0.001175015326618874,0.08140800426683102,0.086014064347177,2.322414138576527e-05,1.687540164115179e-05,-9.851645830892242e-06,5.6299928602422784e-05,0.00016805928783143742,99.40712075409623
rich6d_rough,540,2.6366508987303555e-08,100,0.00011768435106411339,80.03781985773527,0.0321523239079531,79.97480130287569,80.10083841259485,1.0571569003685426,0.0010708829564035171,1.0550579697739917,1.0592558309630935,0.046844167519172066,0.001625038591883586,0.043659091879080236,0.050029243159263895,0.07137258664305236,0.001070882956403517,0.06927365604850147,0.07347151723760326,0.07117675767325114,0.0010699293529491385,0.06907969614147083,0.07327381920503145,2.195994258287887e-05,1.745146302049758e-05,-1.2244924937296387e-05,5.616481010305412e-05,0.00017386902721840992,87.5179592570985
rich6d_rough,540,3.3598182862837814e-08,100,0.00011768435106411339,70.78972024062459,0.0297214362184972,70.73146622563634,70.84797425561284,1.0463267339740236,0.0009743678115347144,1.0444169730634156,1.0482364948846317,0.050019942969380594,0.0016665619178054124,0.046753481610481984,0.053286404328279205,0.06054242024853309,0.0009743678115347145,0.05863265933792505,0.062452181159141126,0.060341800398081735,0.0009734994912575748,0.05843374139521689,0.06224985940094658,2.07374481190106e-05,1.865417531604981e-05,-1.5824735500447025e-05,5.729963173846823e-05,0.00017988240233236114,76.74197214556904
rich6d_rough,540,4.281332398719396e-08,100,0.00011768435106411339,62.3369651509522,0.02733926474792216,62.28338019204627,62.39055010985813,1.0370066030181413,0.0008855389041218551,1.0352709467660623,1.0387422592702202,0.05335832176969082,0.0017038671906617303,0.05001874207599383,0.05669790146338781,0.05122228929265123,0.0008855389041218549,0.049486633040572395,0.05295794554473006,0.05101631620720773,0.0008846924425548995,0.049282319019800125,0.052750313394615334,1.977666061822001e-05,2.077426149705269e-05,-2.0940891916003262e-05,6.049421315244328e-05,0.00018619642482528218,67.03240026522778
rich6d_rough,540,5.4555947811685146e-08,100,0.00011768435106411339,54.66064171024861,0.02502566977957426,54.611591397480645,54.70969202301658,1.0290201443519336,0.0008036435242608963,1.0274450030443822,1.0305952856594849,0.05683604908509615,0.0017350096614668323,0.05343543014862116,0.06023666802157114,0.043235830626443254,0.0008036435242608966,0.0416606893188919,0.04481097193399461,0.043023502934316574,0.0008027686900807834,0.04145007630175824,0.04459692956687491,1.9266188233769383e-05,2.405858757652128e-05,-2.788864341621233e-05,6.642101988375109e-05,0.0001930615038929582,58.333636446912216
rich6d_rough,540,6.951927961775605e-08,100,0.00011768435106411339,47.73348797732339,0.022801074246164166,47.68879787180091,47.778178082845876,1.0222051842832829,0.0007283245514369522,1.0207776681624665,1.0236327004040993,0.06042273444900446,0.0017579942630934389,0.056977065693341315,0.06386840320466759,0.03642087055779248,0.0007283245514369521,0.03499335443697606,0.0378483866786089,0.036200563445645824,0.0007274035985354516,0.03477485239251634,0.03762627449877531,1.9352897958122393e-05,2.869601970779224e-05,-3.6891300669150394e-05,7.559709658539519e-05,0.0002009542141885902,50.58358636174
rich6d_rough,540,8.858667904100815e-08,100,0.00011768435106411339,41.52133310119302,0.020684331019532935,41.480791812394735,41.56187438999131,1.016415266854129,0.000659574179880114,1.0151225014615641,1.017708032246694,0.06408028780344414,0.0017710209241724394,0.06060908679206616,0.06755148881482212,0.030630953128638568,0.000659574179880114,0.029338187736073544,0.03192371852120359,0.03040013452005276,0.0006586376063029584,0.02910920481169896,0.031691064228406556,2.014033361006498e-05,3.4843432850867106e-05,-4.815279477763454e-05,8.84334619977645e-05,0.00021067827497577886,43.715904472213474
rich6d_rough,540,1.1288378916846883e-07,100,0.00011768435106411339,35.984642598314394,0.018690304200365215,35.948009602081676,36.02127559454711,1.011520255610727,0.0005975560015570585,1.0103490458476752,1.0126914653737789,0.06776206387363895,0.0017727663520706884,0.0642874418235804,0.0712366859236975,0.02573594188523688,0.0005975560015570584,0.024564732122185046,0.02690715164828871,0.02549074289235349,0.0005966882850539366,0.024321233853647775,0.026660251931059205,2.169044073767474e-05,4.2656580221746015e-05,-6.191645649694744e-05,0.00010529733797229692,0.00022350855214576908,37.66208920801571
rich6d_rough,540,1.438449888287663e-07,100,0.00011768435106411339,31.080002123384794,0.01682892700230993,31.04701742646027,31.11298682030932,1.0074054461579731,0.000542404607198192,1.0063423331278647,1.0084685591880815,0.07141242553314683,0.0017626609172303083,0.06795761013537543,0.07486724093091823,0.021621132432482777,0.0005424046071981919,0.02055801940237432,0.02268424546259123,0.021355713955440656,0.0005417308139953812,0.020293921560009708,0.022417506350871603,2.4023661165749255e-05,5.229877716205835e-05,-7.848194207188511e-05,0.0001265292644033836,0.00024139481587642786,32.353278733271864
rich6d_rough,540,1.8329807108324338e-07,100,0.00011768435106411339,26.761403231835867,0.015106108171333047,26.731795259820053,26.79101120385168,1.0039697518390336,0.0004941179175841441,1.0030012807205686,1.0049382229574986,0.07496757319575045,0.0017411169795294606,0.07155498391587271,0.07838016247562819,0.018185438113543985,0.000494117917584144,0.01721696699507906,0.01915390923200891,0.017891084056145316,0.0004937607289322952,0.016923313027438016,0.018858855084852615,2.711454787332957e-05,6.392323765848872e-05,-9.817499793730832e-05,0.00015240409368396746,0.0002672395095254035,27.721599842943153
rich6d_rough,540,2.3357214690901212e-07,100,0.00011768435106411339,22.981307779958534,0.013525202704637251,22.954798382657444,23.007817177259625,1.0011240757789437,0.00045257906022832763,1.0002370208208962,1.0020111307369912,0.07835791606926099,0.0017096787249090567,0.07500694576843923,0.08170888637008274,0.015339762053453429,0.00045257906022832763,0.014452707095405908,0.01622681701150095,0.015003627466684755,0.00045257852977253013,0.014116573548330597,0.015890681385038914,3.088160223239849e-05,7.763393174059682e-05,-0.00012128090397917128,0.00018304410844396826,0.00030525298453631423,23.701074316732157
rich6d_rough,540,2.976351441631313e-07,100,0.00011768435106411339,19.69157414288529,0.012087349449355078,19.667882937964553,19.715265347806028,0.9987906034133274,0.000417637055436722,0.9979720347846714,0.9996091720419833,0.08151133248789492,0.00167108807080382,0.07823599986911944,0.0847866651066704,0.013006289687837024,0.000417637055436722,0.01218772105918105,0.013824858316492999,0.01260975470169501,0.0004178360306645923,0.01179079608159241,0.013428713321797611,3.517010551293945e-05,9.34297821865602e-05,-0.00014795226757271853,0.00021829247859859744,0.00036136488062914196,20.228240952404445
rich6d_rough,540,3.792690190732246e-07,100,0.00011768435106411339,16.84434502394624,0.01079024497551772,16.823196143794224,16.865493904098255,0.996902847118103,0.00038913088253664946,0.9961401505883312,0.9976655436478747,0.08435618587862763,0.0016292696722390119,0.08116281732103917,0.08754955443621609,0.01111853339261245,0.00038913088253664946,0.010355836862840617,0.011881229922384282,0.01063518128347928,0.00038905137868704636,0.00987264058125267,0.011397721985705891,3.972639994896393e-05,0.00011113753206456183,-0.00017810316289757725,0.00025755596279550513,0.00044362570918424216,17.24267939128246
rich6d_rough,540,4.832930238571752e-07,100,0.00011768435106411339,14.392921272625788,0.009626680377580733,14.37405297908573,14.411789566165845,0.995405622280418,0.0003667984889451007,0.9946866972420856,0.9961245473187503,0.08682344572298004,0.0015892010827157517,0.08370861160085716,0.08993827984510291,0.009621308554927903,0.0003667984889451008,0.008902383516595506,0.0103402335932603,0.00901467771325571,0.0003655653843518223,0.008298169559926138,0.009731185866585283,4.416390595149032e-05,0.00013034319909003712,-0.0002113087642649824,0.00029963657616796305,0.0005624669357207537,14.68751883435202
rich6d_rough,540,6.158482110660254e-07,100,0.00011768435106411339,12.29255462868301,0.008584680957161764,12.275728654006974,12.309380603359047,0.9942541787370373,0.0003501155354637609,0.9935679522875283,0.9949404051865463,0.08884831812322283,0.0015565677772177485,0.08579744527987604,0.09189919096656962,0.008469865011546611,0.0003501155354637611,0.007783638562037639,0.009156091461055582,0.0076913242075858125,0.00034650235421628515,0.007012179593321894,0.008370468821849731,4.792738653609128e-05,0.0001503401711644577,-0.00024673934894624576,0.00034259412201842834,0.000730613417424782,12.509885919480524
rich6d_rough,540,7.847599703514607e-07,100,0.00011768435106411339,10.501063693380683,0.0076498133915530245,10.486070059133239,10.516057327628127,0.9934122562785639,0.00033816858036877205,0.9927494458610411,0.9940750666960867,0.09037241577395973,0.0015370958445780239,0.0873597079185868,0.09338512362933266,0.007627942553073676,0.00033816858036877205,0.006965132135550883,0.00829075297059647,0.006615274064480164,0.0003308124396785736,0.00596688168271016,0.007263666446250168,5.027246270055755e-05,0.0001701203658597476,-0.0002831634543845478,0.00038370837978566285,0.0009623960258929986,10.661196957648686
rich6d_rough,540,1e-06,100,0.00011768435106411339,8.979225694972229,0.0068084182879270564,8.965881195127892,8.992570194816565,0.9928493556606444,0.0003296486028495476,0.9922032443990593,0.9934954669222295,0.09134710218905051,0.0015356046387761178,0.08833731709704933,0.0943568872810517,0.007065041935154091,0.0003296486028495478,0.006418930673568977,0.007711153196739204,0.005742495871189711,0.0003173991194761044,0.0051203935970165464,0.006364598145362875,5.028791911216782e-05,0.00018843721562434562,-0.0003190490235115496,0.00041962486173588524,0.001272258144852257,9.097247592051238
rich6d_rough,540,1.2742749857031322e-06,100,0.00011768435106411339,7.690971253866884,0.006049936704506034,7.679113377926052,7.702829129807716,0.9925377165155091,0.00032299049248893624,0.9919046551502309,0.9931707778807874,0.09173766500793962,0.0015550790572929863,0.08868971005564537,0.09478561996023387,0.006753402790019255,0.00032299049248893624,0.00612034142474094,0.0073864641552975705,0.005033960650074951,0.0003052639485480148,0.004435643310920842,0.0056322779892290595,4.6990435881114794e-05,0.000203957832200335,-0.00035276691523154183,0.0004467477869937714,0.0016724517040632254,7.778134019839804
rich6d_rough,540,1.6237767391887209e-06,100,0.00011768435106411339,6.603451654864653,0.005367494793893852,6.592931365068621,6.613971944660685,0.9924494846976735,0.00031663035144303275,0.9918288892088452,0.9930700801865018,0.09152734255529321,0.0015961742776786421,0.08839884097104307,0.09465584413954335,0.006665170972183181,0.0003166303514430327,0.006044575483354837,0.007285766461011525,0.004455386135788223,0.00029360328623408323,0.00387992369476942,0.005030848576807026,3.950581047888459e-05,0.00021549237923521367,-0.0003828592528221342,0.0004618708737799034,0.0021702790259161223,6.66808368745221
rich6d_rough,540,2.06913808111479e-06,100,0.00011768435106411339,5.687040608836186,0.004757267267000289,5.677716364992865,5.6963648526795065,0.9925545723200987,0.00030931290627626764,0.9919483190237972,0.9931608256164002,0.0907203472635977,0.0016573416882716997,0.08747195755458517,0.09396873697261024,0.006770258594608459,0.00030931290627626775,0.006164005298306975,0.007376511890909944,0.003977314745362664,0.00028184489582617545,0.00342489874954336,0.004529730741181967,2.7315382864270874e-05,0.00022224779121991176,-0.0004082902879267562,0.0004629210536552979,0.002765628466381575,5.735260839780249
rich6d_rough,540,2.6366508987303555e-06,100,0.00011768435106411339,4.915299645971417,0.00421756655178674,4.907033215529915,4.923566076412919,0.9928197604485378,0.0003003492134400714,0.9922310759901952,0.9934084449068804,0.08934343330435851,0.0017353939693443492,0.08594206112444358,0.09274480548427344,0.007035446723047209,0.0003003492134400714,0.006446762264704669,0.007624131181389749,0.003575218504385209,0.00026965029345319335,0.0030467039292169503,0.004103733079553468,1.0503719737373498e-05,0.00022401999960072307,-0.0004285754794800437,0.00044958291895479075,0.003449724498924671,4.951573132423569
rich6d_rough,540,3.359818286283781e-06,100,0.00011768435106411339,4.264910383928979,0.003747990405809283,4.257564322733592,4.272256445124365,0.9932094211634234,0.0002897168323505978,0.9926415761720162,0.9937772661548305,0.08744562300594681,0.0018261785261718406,0.08386631309465001,0.09102493291724362,0.007425107437932872,0.00028971683235059776,0.0068572624465257,0.007992952429340044,0.003229446065997808,0.0002569046559947114,0.0027259129402481736,0.003732979191747442,-1.0081745711223969e-05,0.00022123816916711018,-0.0004437085572787599,0.000423545065856312,0.00420574311764634,4.2924763781268584
rich6d_rough,540,4.281332398719387e-06,100,0.00011768435106411339,3.715569586041846,0.003348209137779571,3.7090070961317982,3.722132075951894,0.9936877016028248,0.0002779349188429371,0.9931429491618927,0.9942324540437569,0.08509551095985522,0.0019251593080665825,0.08132219871604472,0.08886882320366572,0.00790338787733421,0.00027793491884293704,0.007358635436402054,0.008448140318266366,0.002924969000412331,0.00024369101688736903,0.0024473346073130876,0.0034026033935115746,-3.2835887669006666e-05,0.00021481906710460412,-0.0004538812591940307,0.0003882094838560174,0.005011254764590941,3.736767441436591
rich6d_rough,540,5.455594781168514e-06,100,0.00011768435106411339,3.24984508832317,0.0030160253416369243,3.243933678653562,3.2557564979927784,0.9942213498334657,0.0002657356290099065,0.9937005080006063,0.994742191666325,0.08237577436732892,0.0020278782629248146,0.07840113297199627,0.08635041576266156,0.00843703610797554,0.00026573562900990657,0.007916194275116124,0.008957877940834956,0.002650933566969242,0.00023023072426733631,0.0021996813474052627,0.003102185786533221,-5.559314251701604e-05,0.00020586908160676954,-0.00045909654246628433,0.00034791025743225227,0.005841695683523362,3.2663591401325967
rich6d_rough,540,6.951927961775606e-06,100,0.00011768435106411339,2.8529905580503243,0.0027453364857455797,2.847609698538263,2.8583714175623856,0.99478203502037,0.0002536607909865205,0.9942848598700365,0.9952792101707035,0.07937545792130823,0.0021303154085270215,0.07520003972059527,0.0835508761220212,0.008997721294879546,0.00025366079098652054,0.008500546144545967,0.009494896445213126,0.0024000094724404408,0.0002167822425447226,0.0019751162770527846,0.002824902667828097,-7.59804225469003e-05,0.0001953516765685112,-0.0004588697086211823,0.00030690886352738165,0.006673692244986066,2.8660320535011623
rich6d_rough,540,8.858667904100815e-06,100,0.00011768435106411339,2.5127137660750867,0.002525623236703773,2.5077635445311475,2.517663987619026,0.9953473057018808,0.00024177903351848764,0.9948734187961845,0.9958211926075771,0.0761817201456419,0.0022291284888102444,0.07181262830757382,0.08055081198370997,0.009562991976390127,0.00024177903351848764,0.00908910507069389,0.010036878882086363,0.0021675399829862354,0.00020351940774782014,0.0017686419438005078,0.002566438022171963,-9.183862601523075e-05,0.0001838705916406236,-0.000452224985630853,0.0002685477336003915,0.0074872906194191746,2.523154989318927
rich6d_rough,540,1.1288378916846883e-05,100,0.00011768435106411339,2.2188948164416336,0.0023441569352211184,2.2143002688486,2.223489364034667,0.9959000807343336,0.00022967211154108417,0.995449923395713,0.9963502380729541,0.07287318295395914,0.002321738349837142,0.06832257578827834,0.07742379011963994,0.01011576700884337,0.00022967211154108414,0.009665609670222845,0.010565924347463895,0.0019505793789969556,0.0001904375143638902,0.0015773218508437308,0.00232383690715018,-0.00010160442411247764,0.00017166467171029505,-0.00043806718066465597,0.00023485833243970067,0.008266792053958943,2.2273673240478233
rich6d_rough,540,1.43844988828766e-05,100,0.00011768435106411339,1.963263678112421,0.0021901226433119767,1.9589710377315297,1.9675563184933125,0.9964272995842977,0.00021667848731880086,0.9960026097491528,0.9968519894194425,0.06951652246111184,0.0024062757302015353,0.06480022202991684,0.07423282289230684,0.010642985858807307,0.00021667848731880086,0.010218296023662457,0.011067675693952157,0.0017470056332794565,0.00017733614013621814,0.001399426798612469,0.002094584467946444,-0.00010455657227587711,0.0001587866275527012,-0.0004157783622791714,0.0002066652177274172,0.009000536797803783,1.9702293754162432
rich6d_rough,540,1.8329807108324338e-05,100,0.00011768435106411339,1.739066197565094,0.0020581577064903173,1.735032208460373,1.743100186669815,0.9969186396701799,0.00020223007554239398,0.9965222687221168,0.997315010618243,0.06616675899307956,0.0024814625012423686,0.061303092490644515,0.0710304254955146,0.011134325944689766,0.00020223007554239398,0.010737954996626674,0.011530696892752858,0.0015549289446773642,0.0001638926572001171,0.0012336993365651347,0.0018761585527895938,-0.00010087373833403284,0.00014533452650591455,-0.0003857294102856253,0.00018398193361755967,0.009680270738346493,1.744867486335052
rich6d_rough,540,2.3357214690901213e-05,100,0.00011768435106411339,1.5407619272177144,0.0019490157086581327,1.5369418564287445,1.5445819980066844,0.9973659416104057,0.0001861018207480505,0.9970011820417395,0.9977307011790719,0.06287032487148583,0.0025465050490200477,0.05787917497540654,0.06786147476756513,0.011581627884915256,0.00018610182074805054,0.011216868316249077,0.011946387453581436,0.0013725314076639295,0.0001497928767291405,0.0010789373692748142,0.0016661254460530448,-9.151022256194805e-05,0.0001316002429857801,-0.00034944669881407703,0.00016642625369018096,0.010300606699813331,1.5456557019736028
rich6d_rough,540,2.976351441631313e-05,100,0.00011768435106411339,1.3637940876583088,0.0018666902861445434,1.3601353746974654,1.3674528006191522,0.9977634223062768,0.0001684947665906512,0.9974331725637591,0.9980936720487945,0.05966899595567777,0.0026010407394069083,0.05457095610644023,0.0647670358049153,0.011979108580786626,0.00016849476659065116,0.011648858838268949,0.012309358323304303,0.001198303904357524,0.00013486133162839332,0.000933975694365873,0.0014626321143491748,-7.794826121349427e-05,0.0001180761568369403,-0.00030937752861389723,0.00015348100618690872,0.010858752937642652,1.367973777896663
rich6d_rough,540,3.792690190732246e-05,100,0.00011768435106411339,1.2044501066743403,0.0018132701572226664,1.200896097166184,1.2080041161824966,0.9981082772724988,0.00014997724820327578,0.9978143218660204,0.9984022326789773,0.05660267778552844,0.00264513609707411,0.05141821103526319,0.06178714453579369,0.012323963547008553,0.00014997724820327575,0.012030008140530133,0.012617918953486974,0.0010314837941297486,0.00011914497890685436,0.0007979596354723141,0.0012650079527871832,-6.190840599140504e-05,0.00010534255015166463,-0.0002683798042886677,0.00014456299230585764,0.011354388158870259,1.2080597277896303
rich6d_rough,540,4.8329302385717524e-05,100,0.00011768435106411339,1.0597997299431023,0.0017844332908350962,1.0563022406930656,1.0632972191931391,0.9984011138663448,0.0001313473885879202,0.9981436729847124,0.9986585547479772,0.05370984886629762,0.0026793011457887615,0.04845841862055165,0.058961279112043595,0.012616800140854381,0.00013134738858792014,0.012359359259222057,0.012874241022486705,0.0008724230804923348,0.00010293158809128004,0.0006706771678334259,0.0010741689931512437,-4.508735523065182e-05,9.38976980036791e-05,-0.00022912684331786288,0.00013895213285655922,0.011789464415592747,1.0629435064759833
rich6d_rough,540,6.158482110660255e-05,100,0.00011768435106411339,0.9276709474311164,0.0017685597348974977,0.9242045703507173,0.9311373245115155,0.9986458128051795,0.00011346615394666984,0.998423419143444,0.998868206466915,0.0510256740974367,0.002704468593864597,0.04572491565346209,0.05632643254141131,0.012861499079689032,0.00011346615394666984,0.012639105417953558,0.013083892741424505,0.0007226602199658758,8.670632289405964e-05,0.0005527158270935188,0.0008926046128382327,-2.8960551845697845e-05,8.400082249030797e-05,-0.00019360216392670147,0.00013568106023530577,0.012167799411568913,0.9304212601394518
rich6d_rough,540,7.847599703514606e-05,100,0.00011768435106411339,0.8066136067563516,0.0017499716322233558,0.8031836623571939,0.8100435511555094,0.9988487290422993,9.708764624245193e-05,0.998658437255664,0.9990390208289345,0.04857880835403485,0.0027219040953162547,0.04324387632721499,0.05391374038085471,0.013064415316808554,9.708764624245194e-05,0.01287412353017335,0.01325470710344376,0.000584604406913194,7.106232239412209e-05,0.00044532225502071467,0.0007238865588056733,-1.4657144807880172e-05,7.559583828203574e-05,-0.00016282498784067024,0.00013351069822490987,0.012494468054703289,0.8090188349682454
rich6d_rough,540,0.0001,100,0.00011768435106411339,0.6958109291434502,0.0017139375664448134,0.6924516115132184,0.699170246773682,0.9990174407609268,8.271097375724885e-05,0.9988553272523626,0.999179554269491,0.04638832887719823,0.0027330572924850562,0.04103153658392752,0.05174512117046894,0.013233127035436953,8.271097375724885e-05,0.013071013526872744,0.013395240544001161,0.0004609109443231255,5.6588702285349836e-05,0.0003499970878438398,0.0005718248008024111,-2.9005714331954213e-06,6.835979931166608e-05,-0.00013688577808406094,0.00013108463521767008,0.012775116662547076,0.6979034808267797
rich6d_rough,540,0.0001274274985703132,100,0.00011768435106411339,0.5949258422998424,0.001650663972461272,0.5916905409138182,0.5981611436858665,0.9991594226328361,7.04935446859711e-05,0.9990212552852515,0.9992975899804206,0.044461981769494605,0.0027393966402935012,0.03909276435451934,0.04983119918446987,0.013375108907346176,7.049354468597112e-05,0.013236941559761673,0.013513276254930678,0.00035375949883416477,4.376438539704957e-05,0.00026798130345594763,0.0004395376942123819,5.99323829752106e-06,6.185548757217335e-05,-0.00011524351734393869,0.00012722999393898081,0.013015356170214541,0.5967296754683038
rich6d_rough,540,0.00016237767391887175,100,0.00011768435106411339,0.5039005045477054,0.0015569970831213905,0.5008487902647875,0.5069522188306234,0.9992810142174489,6.0268567992583386e-05,0.9991628878241834,0.9993991406107143,0.042796235461290466,0.0027422710897934345,0.03742138412529533,0.0481710867972856,0.013496700491958821,6.0268567992583386e-05,0.013378574098693358,0.013614826885224285,0.00026428398763521843,3.288474824181305e-05,0.00019982988108126486,0.000328738094189172,1.206696865288823e-05,5.5702167648926564e-05,-9.710927993900783e-05,0.0001212432172447843,0.01322034953567077,0.5054370769985984
rich6d_rough,540,0.00020691380811147902,100,0.00011768435106411339,0.4227495295261262,0.0014359595869185512,0.41993504873576587,0.42556401031648655,0.9993869027902175,5.166879962477474e-05,0.999285631942953,0.999488173637482,0.04137791918577444,0.002742821241942449,0.036001989551567234,0.04675384881998164,0.013602589064726618,5.1668799624774754e-05,0.01350131821746206,0.013703859911991176,0.00019232707809001384,2.403710464203031e-05,0.00014521435299163444,0.00023943980318839325,1.563347096352156e-05,4.967942438463691e-05,-8.173820083036678e-05,0.0001130051427574099,0.013394628515673133,0.4240414271789661
rich6d_rough,540,0.00026366508987303556,100,0.00011768435106411339,0.35139081772995673,0.0012948901911850373,0.34885283295523406,0.3539288025046794,0.9994801269080611,4.4292650617191004e-05,0.9993933133128514,0.9995669405032708,0.04018680668675478,0.0027419424508213055,0.03481259948314502,0.045561013890364536,0.013695813182570894,4.4292650617191004e-05,0.0136089995873612,0.013782626777780587,0.00013654804966818917,1.7123869609419994e-05,0.00010298526523372598,0.00017011083410265235,1.716676935496871e-05,4.37394338140807e-05,-6.856252092062947e-05,0.00010289605963056688,0.013542098363547788,0.35246301543677444
rich6d_rough,540,0.0003359818286283774,100,0.00011768435106411339,0.2895431425742383,0.0011430888558919125,0.28730268841669016,0.29178359673178644,0.9995624370331138,3.782611674735681e-05,0.9994882978442889,0.9996365762219386,0.039198445595342996,0.0027402900026772823,0.033827477190095524,0.04456941400059047,0.01377812330762371,3.782611674735681e-05,0.01370398411879889,0.013852262496448529,9.478026963792003e-05,1.191726397844449e-05,7.142243224016884e-05,0.00011813810703567123,1.7195928768494754e-05,3.7957227194585555e-05,-5.720023653289293e-05,9.159209406988244e-05,0.013666147109217345,0.29042249625870764
rich6d_rough,540,0.00042813323987193956,100,0.00011768435106411339,0.23669627684142078,0.0009897151075197188,0.23475643523068213,0.23863611845215943,0.9996347879437057,3.208081797886571e-05,0.9995719095404672,0.9996976663469443,0.038386705779660725,0.002738311170512986,0.033019615885455274,0.043753795673866176,0.013850474218215785,3.208081797886571e-05,0.013787595814977209,0.013913352621454362,6.447564817532772e-05,8.123536827522546e-06,4.855351599338353e-05,8.039778035727192e-05,1.6221456303655515e-05,3.246256535094439e-05,-4.7405171784195495e-05,7.984808439150652e-05,0.013769777113736854,0.2374101245064357
rich6d_rough,540,0.0005455594781168515,100,0.00011768435106411339,0.19213924317229542,0.0008423678791367387,0.1904882021291874,0.19379028421540342,0.9996977796058084,2.696888659620028e-05,0.9996449205880799,0.999750638623537,0.037725765063072805,0.0027362890701707948,0.032362638485538046,0.043088891640607564,0.013913465880317945,2.6968886596200274e-05,0.013860606862589393,0.013966324898046497,4.309563258111807e-05,5.438527704687317e-06,3.2436118279930927e-05,5.375514688230521e-05,1.4663825400943996e-05,2.7383691464988158e-05,-3.900820987043279e-05,6.833586067232078e-05,0.013855706422335934,0.19271388635984585
rich6d_rough,540,0.0006951927961775591,100,0.00011768435106411339,0.15502232064194432,0.0007064353816430456,0.15363770729392395,0.1564069339899647,0.9997519543970549,2.2456688413330596e-05,0.9997079392877648,0.999795969506345,0.03719146098101003,0.0027343869363534775,0.031832062585757215,0.04255085937626285,0.01396764067156414,2.2456688413330593e-05,0.01392362556227401,0.014011655780854268,2.8374537685476333e-05,3.585312262579446e-06,2.1347325650820618e-05,3.540174972013205e-05,1.2842937384409316e-05,2.2814387815968486e-05,-3.187326273488892e-05,5.7559137503707546e-05,0.013926423196494312,0.15548185001092912
rich6d_rough,540,0.0008858667904100832,100,0.00011768435106411339,0.12442897006173105,0.0005850653204607474,0.12328224203362799,0.12557569808983413,0.9997979421117887,1.852629071453086e-05,0.9997616305819883,0.9998342536415892,0.03676207169789062,0.0027326862871723664,0.031406006575032785,0.042118136820748456,0.014013628386298674,1.8526290714530863e-05,0.013977316856498194,0.014049939916099154,1.8446436975499472e-05,2.333161892961668e-06,1.3873439665294603e-05,2.301943428570434e-05,1.0980452142050329e-05,1.8802687561767836e-05,-2.587281547901463e-05,4.783371976311529e-05,0.013984201497181187,0.12479459016592293
rich6d_rough,540,0.0011288378916846883,100,0.00011768435106411339,0.09944067844595994,0.0004795117662826407,0.09850083538404597,0.10038052150787391,0.9998364913835774,1.515388512501854e-05,0.9998067897687324,0.9998661929984225,0.03641865085556275,0.002731216553750771,0.03106546641021124,0.04177183530091426,0.014052177658087412,1.5153885125018539e-05,0.014022476043242376,0.014081879272932448,1.1866285895036087e-05,1.5020703762703141e-06,8.922227957546272e-06,1.4810343832525903e-05,9.215049240411903e-06,1.5354056604047833e-05,-2.0878901703521853e-05,3.9309000184345655e-05,0.014031096322952021,0.09973048525659375
rich6d_rough,540,0.00143844988828766,100,0.00011768435106411339,0.07918605708085184,0.0003896330347617834,0.07842237633271874,0.07994973782898494,0.9998684377219729,1.2302632039509375e-05,0.9998443245631754,0.9998925508807703,0.03614505160845492,0.0027299763570426227,0.03079429794865138,0.04149580526825846,0.014084123996482711,1.2302632039509376e-05,0.014060010837685273,0.014108237155280149,7.567486319574206e-06,9.585136247669647e-07,5.688799615030955e-06,9.446173024117458e-06,7.622312168092339e-06,1.2441559268832493e-05,-1.6763143998819347e-05,3.2007768335004026e-05,0.01406893419799509,0.07941513756692442
rich6d_rough,540,0.0018329807108324375,100,0.00011768435106411339,0.06287224351435901,0.00031438538873866824,0.062256048152431215,0.0634884388762868,0.9998946489395198,9.9239796228999e-06,0.999875197939459,0.9999140999395807,0.03592775775212036,0.0027289478398891094,0.030579019985937702,0.04127649551830301,0.014110335214029924,9.923979622899899e-06,0.01409088421396904,0.014129786214090808,4.792057097419329e-06,6.07271484849758e-07,3.601804987113803e-06,5.982309207724854e-06,6.233888961971253e-06,1.0017581269591785e-05,-1.3400570326428644e-05,2.586834825037115e-05,0.014099309267970584,0.06305296124762638
rich6d_rough,540,0.002335721469090121,100,0.00011768435106411339,0.049800708900902615,0.00025223218716654915,0.04930633381405618,0.050295083987749054,0.9999159728864128,7.962381725714248e-06,0.9999003666182303,0.9999315791545952,0.035755612160327986,0.0027281057737318626,0.030408524843813536,0.04110269947684243,0.01413165916092226,7.962381725714246e-06,0.01411605289273986,0.014147265429104659,3.0172667258038705e-06,3.8251087665548556e-07,2.2675454075591188e-06,3.766988044048622e-06,5.053331969996708e-06,8.024105932502116e-06,-1.0673915657707438e-05,2.0780579597700856e-05,0.014123588562226513,0.04994306993740415
rich6d_rough,540,0.002976351441631313,100,0.00011768435106411339,0.03937126523555735,0.00020144365479632877,0.03897643567215654,0.03976609479895815,0.999933198620298,6.360337576347547e-06,0.9999207323586483,0.9999456648819476,0.03561950504760722,0.002727423001775976,0.030273755964126306,0.04096525413108813,0.01414888489480773,6.360337576347545e-06,0.01413641863315809,0.01416135115645737,1.8910981601832097e-06,2.3981571537608e-07,1.421059358046093e-06,2.3611369623203264e-06,4.06792122628754e-06,6.4003984405683625e-06,-8.47685971722645e-06,1.661270216980153e-05,0.014142925875421306,0.0394832956291453
rich6d_rough,540,0.003792690190732238,100,0.00011768435106411339,0.03107821262878176,0.0001602944396164857,0.030764035527133447,0.03139238973043007,0.9999470332194949,5.062367179560569e-06,0.999937110979823,0.9999569554591667,0.03551206158298068,0.0027268734529200724,0.03016738961525734,0.04085673355070402,0.014162719494004812,5.06236717956057e-06,0.014152797254332872,0.014172641733676751,1.1809250346890509e-06,1.4979286534556693e-07,8.873310186117397e-07,1.474519050766362e-06,3.2568121401943605e-06,5.0880584755291956e-06,-6.715782471842862e-06,1.3229406752231582e-05,0.014158281756829972,0.031166309609607618
rich6d_rough,540,0.004832930238571752,100,0.00011768435106411339,0.02450193936900639,0.00012717969072785753,0.024252667175179786,0.02475121156283299,0.9999580919887637,4.017578950514618e-06,0.9999502175340207,0.9999659664435068,0.03542735132605098,0.0027264336226239623,0.030083541425708016,0.040771161226393945,0.014173778263273557,4.017578950514617e-06,0.014165903808530549,0.014181652718016566,7.352966911533918e-07,9.328553531138036e-08,5.524570419430863e-07,9.181363403636973e-07,2.596258492824817e-06,4.033905519056126e-06,-5.3101963245251894e-06,1.0502713310174823e-05,0.014170446708089623,0.024571179211298776
rich6d_rough,540,0.006158482110660254,100,0.00011768435106411339,0.019298420794482494,0.000100672735938146,0.019101102232043726,0.01949573935692126,0.9999668983331564,3.1809888903874086e-06,0.9999606635949313,0.9999731330713816,0.03536063032326143,0.002726083133770853,0.030017507381070556,0.0407037532654523,0.014182584607666193,3.1809888903874086e-06,0.014176349869441034,0.014188819345891352,4.5676854233794776e-07,5.795796684758763e-08,3.43170927316676e-07,5.703661573592195e-07,2.0627108681738927e-06,3.1912920127671112e-06,-4.192221476849645e-06,8.317643213197431e-06,0.014180065128255738,0.019352818970792038
rich6d_rough,540,0.00784759970351459,100,0.00011768435106411339,0.015188246401086727,7.954440008865095e-05,0.015032339376912972,0.015344153425260482,0.9999738896900923,2.5139182425869562e-06,0.9999689624103368,0.9999788169698477,0.035308119338094995,0.0027258047777530096,0.029965541973699095,0.04065069670249089,0.014189575964601636,2.5139182425869562e-06,0.014184648684846165,0.014194503244357106,2.8322556328779646e-07,3.5941876617989864e-08,2.1277948511653634e-07,3.536716414590566e-07,1.6344752258318018e-06,2.5203852258166682e-06,-3.3054798167688675e-06,6.5744302684324715e-06,0.014187658263812566,0.015230972260004198
rich6d_rough,540,0.01,100,0.00011768435106411339,0.01194615449447658,6.275924389969014e-05,0.011823146376433188,0.012069162612519972,0.9999794266599169,1.9837958237107184e-06,0.9999755384201024,0.9999833148997314,0.03526681738968877,0.002725584286509888,0.029924672188129393,0.04060896259124815,0.01419511293442638,1.983795823710718e-06,0.014191224694611907,0.014199001174240852,1.7536320313932533e-07,2.2256001681417642e-08,1.3174143984374674e-07,2.189849664349039e-07,1.292453303324725e-06,1.987838056309256e-06,-2.603709287041417e-06,5.188615893690867e-06,0.014193645117919967,0.01197970565492254
rich6d_rough,720,1e-12,100,0.00011768435106411339,510.4718757591467,0.0014990963422163539,510.46893753031594,510.4748139879775,3.4733946996142278,0.026604859563507326,3.4212491748697533,3.525540224358702,0.00930419089629243,0.0008811291561400895,0.007577177750257854,0.011031204042327006,2.4876103858887384,0.026604859563507322,2.435464861144264,2.539755910633213,2.4874925890993955,0.02660484820847031,2.435347086610794,2.5396380915879972,1.1238446752435164e-07,1.0529561968708627e-07,-9.399494706233746e-08,3.1876388211104076e-07,0.00011768440482345585,511.55579899539526
rich6d_rough,720,1.2742749857031321e-12,100,0.00011768435106411339,510.0599260721767,0.0018912128432846149,510.05621929500387,510.0636328493496,3.4596464217598584,0.02631966113311362,3.4080598859389557,3.511232957580761,0.009329516467667123,0.0008815093517847109,0.00760175813816909,0.011057274797165156,2.473862108034369,0.026319661133113625,2.4222755722134663,2.5254486438552717,2.4737442815919346,0.02631964684615425,2.4221577737734723,2.525330789410397,1.4200417449287603e-07,1.3354391630884693e-07,-1.1974190147246394e-07,4.0375025045821603e-07,0.00011768443824707389,511.4342511796711
rich6d_rough,720,1.6237767391887243e-12,100,0.00011768435106411339,509.53931116885025,0.002379756334019459,509.5346468464356,509.5439754912649,3.442459669354157,0.02596628416540968,3.391565752389954,3.49335358631836,0.009361509083040141,0.0008819893895475337,0.0076328098795269755,0.011090208286553308,2.4566753556286667,0.02596628416540968,2.4057814386644636,2.5075692725928698,2.4565574921008415,0.025966266249290167,2.405663610252233,2.50745137394945,1.7903543683505064e-07,1.6916062271051976e-07,-1.5251938367756808e-07,5.105902573476694e-07,0.0001176844924022126,511.27954317913793
rich6d_rough,720,2.06913808111479e-12,100,0.00011768435106411339,508.8827667824306,0.002984983717974939,508.8769162143434,508.88861735051785,3.4210792641232173,0.025531540654617164,3.3710374444401676,3.471121083806267,0.009401833676455675,0.0008825939865695782,0.007671949462779302,0.011131717890132047,2.435294950397726,0.025531540654617164,2.3852531307146765,2.485336770080776,2.435177040712093,0.025531518280684777,2.385135264881951,2.4852188165422353,2.2510554206013432e-07,2.1394478786423555e-07,-1.9422624215376733e-07,6.444373262740359e-07,0.00011768458009623131,511.0826898713984
rich6d_rough,720,2.6366508987303555e-12,100,0.00011768435106411339,508.0569812158241,0.003729545449545571,508.049671306743,508.06429112490525,3.394641663493343,0.025001365605173475,3.3456389869072027,3.443644340079483,0.009452519985408305,0.0008833530800045047,0.007721147948599476,0.011183892022217133,2.4088573497678523,0.025001365605173482,2.359854673181712,2.4578600263539925,2.4087393829733945,0.025001337808058167,2.3597367608696005,2.4577420050771885,2.82072481611492e-07,2.700648668817868e-07,-2.4725465747681014e-07,8.113996206997941e-07,0.00011768472199382395,510.832309506444
rich6d_rough,720,3.359818286283788e-12,100,0.00011768435106411339,507.02168388872144,0.004637779007286959,507.01259384186716,507.0307739355757,3.362190357327273,0.024361688526924573,3.314441447814501,3.4099392668400452,0.00951601492954316,0.0008843023933610644,0.0077827822385554725,0.011249247620530846,2.3764060436017833,0.024361688526924573,2.328657134089011,2.4241549531145554,2.37628800666281,0.024361654211037125,2.328539164409177,2.424036848916443,3.5198758242162974e-07,3.400961107900356e-07,-3.1460079472683997e-07,1.0185759595700993e-06,0.00011768495137976995,510.51400782195174
rich6d_rough,720,4.281332398719396e-12,100,0.00011768435106411339,505.72882202160804,0.005734430591043861,505.7175825376496,505.7400615055665,3.32271032445757,0.023599789706310603,3.2764547366332013,3.3689659122819386,0.009595228028222637,0.0008854837258127152,0.007859679925629715,0.011330776130815559,2.336926010732081,0.02359978970631061,2.2906704229077124,2.3831815985564497,2.3368078883972068,0.02359974767090914,2.290552382962225,2.3830633938321886,4.370130936855927e-07,4.270400007576818e-07,-3.9998530779946357e-07,1.274011495170649e-06,0.00011768532174880227,510.10961823238847
rich6d_rough,720,5.455594781168514e-12,100,0.00011768435106411339,504.1219592884655,0.0070427067860942775,504.1081555831648,504.13576299376626,3.2751870559779643,0.02270616619267289,3.2306829702403252,3.3196911417156034,0.009693561221690575,0.0008869447214294536,0.007955149567688847,0.011431972875692304,2.289402742252473,0.02270616619267289,2.2448986565148346,2.333906827990112,2.2892845170533613,0.022706115183026482,2.2447805312946296,2.333788502812093,5.392802918140352e-07,5.343122258837698e-07,-5.079716709181535e-07,1.5865322545462239e-06,0.00011768591883755224,509.596273316758
rich6d_rough,720,6.951927961775591e-12,100,0.00011768435106411339,502.1360692242594,0.00858167347689633,502.1192491442447,502.15288930427414,3.218693265180106,0.02167679880221916,3.1762067395277565,3.2611797908324553,0.009814912109550065,0.0008887377938278712,0.008072986033647438,0.011556838185452693,2.2329089514546165,0.021676798802219167,2.190422425802267,2.275395477106966,2.23279060389685,0.021676737593368807,2.190304198213847,2.275277009579853,6.606781938730478e-07,6.656823486530771e-07,-6.440592094869831e-07,1.965415597233079e-06,0.00011768687957382923,508.94528429571903
rich6d_rough,720,8.858667904100833e-12,100,0.00011768435106411339,499.6979191063538,0.010363216994575833,499.67760720104445,499.7182310116632,3.1525010931863253,0.02051551160122355,3.112290690447927,3.1927114959247236,0.009963638351598993,0.000890917832258485,0.008217439400372364,0.011709837302825623,2.1667167794608364,0.02051551160122355,2.126506376722438,2.2069271821992347,2.166598288464635,0.02051543911683809,2.1263880277956324,2.2068085491336373,8.025745408352849e-07,8.251465278494236e-07,-8.147126537495855e-07,2.4198617354201556e-06,0.00011768842166771237,508.12081130785185
rich6d_rough,720,1.1288378916846884e-11,100,0.00011768435106411339,496.7272285346634,0.012389034498710549,496.7029460270459,496.7515110422809,3.0762093271927338,0.019235892337476888,3.038506978211279,3.1139116761741885,0.01014447194627125,0.000893538363682082,0.008393136753454369,0.01189580713908813,2.0904250134672417,0.019235892337476895,2.052722664485787,2.1281273624486965,2.0903063570875178,0.01923580779699796,2.0526041738054017,2.128008540369634,9.654903971691484e-07,1.016716226947537e-06,-1.027273407648024e-06,2.9582542019863206e-06,0.00011769088932708088,507.0783211369148
rich6d_rough,720,1.4384498882876659e-11,100,0.00011768435106411339,493.13872374019394,0.014648340824050426,493.1100129921788,493.1674344882091,2.9898654763577537,0.017862092476172868,2.954855775104455,3.0248751776110523,0.010362376419884262,0.000896646089182011,0.00860495008508752,0.012119802754681004,2.0040811626322634,0.017862092476172868,1.9690714613789646,2.039090863885562,2.0039623190345934,0.017861995549654897,1.9689528077572698,2.038971830311917,1.148774749741298e-06,1.2441126920246918e-06,-1.2896861266270979e-06,3.5872356261096937e-06,0.00011769482291213752,505.76285487598955
rich6d_rough,720,1.8329807108324375e-11,100,0.00011768435106411339,488.84508804481817,0.017117034578226713,488.8115386570448,488.8786374325915,2.894055161716348,0.016427875164816395,2.861856526393308,2.9262537970393883,0.01062234813569699,0.0009002742499471424,0.008857810605800591,0.01238688566559339,1.9082708479908583,0.01642787516481639,1.8760722126678182,1.9404694833138985,1.9081517965799428,0.016427766096024313,1.8759533750317352,1.9403502181281505,1.3503477155124306e-06,1.5103708210066188e-06,-1.6099790936605425e-06,4.310674524685403e-06,0.0001177010631978094,504.1071712676116
rich6d_rough,720,2.3357214690901212e-11,100,0.00011768435106411339,483.76064777844323,0.019758841335031307,483.7219204494266,483.79937510745987,2.7899309314200673,0.014973616115147281,2.7605826438343786,2.819279219005756,0.010929174327511242,0.0009044361247782549,0.009156479522945862,0.012701869132076622,1.8041466176945768,0.014973616115147281,1.774798330108888,1.8334949052802656,1.804027340202273,0.014973495754836027,1.7746792885227944,1.8333753918817517,1.5665884326372751e-06,1.8173776350615806e-06,-1.9954717320834227e-06,5.128648597357973e-06,0.00011771090390379733,502.0298980840705
rich6d_rough,720,2.976351441631313e-11,100,0.00011768435106411339,477.80547396872345,0.02252844409565006,477.76131821829597,477.8496297191509,2.679162531912216,0.01354155261286849,2.6526210887909936,2.705703975033438,0.011287173094186665,0.0009091209299046056,0.009505296071573638,0.013069050116799692,1.693378218186724,0.013541552612868494,1.6668367750655018,1.7199196613079464,1.693258699451251,0.013541422289987398,1.6667175117628759,1.7197998871396263,1.7924271865852281e-06,2.165398959560346e-06,-2.45175477415305e-06,6.036609147323506e-06,0.00011772630829701841,499.43391860157857
rich6d_rough,720,3.7926901907322536e-11,100,0.00011768435106411339,470.9094789080224,0.025375985897252783,470.8597419756638,470.959215840381,2.563809524888609,0.012170236196200435,2.539955861944056,2.587663187833162,0.011699951455438562,0.0009142950052106784,0.009907933245225632,0.013491969665651492,1.57802521116312,0.012170236196200439,1.554171548218567,1.6018788741076728,1.5779054392943126,0.01217009735391832,1.5540520484806326,1.6017588301079926,2.021663817439273e-06,2.552679236046554e-06,-2.981587485211973e-06,7.024915120090519e-06,0.00011775020499503117,496.2053427481855
rich6d_rough,720,4.832930238571752e-11,100,0.00011768435106411339,463.01608522966563,0.028251855210529402,462.96071159345297,463.0714588658783,2.4461383083475448,0.010889599470969737,2.424794693384444,2.4674819233106455,0.012170223278896074,0.0009199107587758746,0.010367198191695359,0.013973248366096789,1.460353994622055,0.010889599470969739,1.4390103796589542,1.4816976095851557,1.4602339602558942,0.010889453017344192,1.4388906323418997,1.4815772881698888,2.2474948283620722e-06,2.9752250012808586e-06,-3.583946174148411e-06,8.078935830872555e-06,0.00011778687134627285,492.2135516602387
rich6d_rough,720,6.158482110660255e-11,100,0.00011768435106411339,454.08514640229487,0.03111055627239407,454.02416971200097,454.14612309258877,2.3284202071035396,0.009718033779614135,2.309372860895496,2.347467553311583,0.012699726337179675,0.0009259239171942535,0.010884915459478938,0.014514537214880411,1.3426358933780482,0.009718033779614133,1.3235885471700046,1.3616832395860918,1.3425155877671002,0.009717879160513544,1.3234685446124936,1.3615626309217068,2.463215346194245e-06,3.4268883779752037e-06,-4.2534858746371545e-06,9.179916567025644e-06,0.0001178423955944894,487.3129300546083
rich6d_rough,720,7.847599703514623e-11,100,0.00011768435106411339,444.09496111119154,0.033912762287719785,444.02849209710763,444.16143012527544,2.2127494092490227,0.008662257276055916,2.195771384987953,2.2297274335100923,0.013289265027812183,0.0009323164038372621,0.011461924876291149,0.015116605179333217,1.2269650955235323,0.008662257276055917,1.2099870712624627,1.2439431197846018,1.2268445072641847,0.008662091371837159,1.2098668081753838,1.2438222063529856,2.663081860616736e-06,3.899836701461997e-06,-4.980598074248778e-06,1.030676179548225e-05,0.00011792517749793785,481.3469573021195
rich6d_rough,720,1e-10,100,0.00011768435106411339,433.04338748086144,0.036625220824680796,432.97160204804504,433.11517291367784,2.100909452725242,0.0077196832949008535,2.0857788734672362,2.1160400319832475,0.013938883278622992,0.000939118803252105,0.012098210424248867,0.015779556132997117,1.1151251389997514,0.007719683294900854,1.0999945597417458,1.130255718257757,1.115004249255015,0.00771949935193193,1.0998740305252284,1.1301344679848015,2.843363635704699e-06,4.385419739410609e-06,-5.752059053540094e-06,1.1438786324949492e-05,0.00011804638109682263,474.15523564810377
rich6d_rough,720,1.274274985703132e-10,100,0.00011768435106411339,420.9481749035643,0.03921882333955035,420.87130600981874,421.0250437973098,1.9943003467447382,0.006882012260723483,1.9808116027137201,2.007789090775756,0.014648146231212664,0.0009464246132858216,0.012793153989172454,0.016503138473252875,1.008516033019248,0.006882012260723483,0.9950272889882299,1.022004777050266,1.0083948091788089,0.006881799156665959,0.9949064828317435,1.0218831355258742,3.0036382346679083e-06,4.87533909751576e-06,-6.55202639646298e-06,1.2559302865798797e-05,0.00011822020220394504,465.5837090438867
rich6d_rough,720,1.6237767391887175e-10,100,0.00011768435106411339,407.8466719873569,0.0416656579682873,407.76500729773903,407.92833667697477,1.8939223963112581,0.00613852102845199,1.8818908950954922,1.905953897527024,0.015416488797022884,0.0009543897723611205,0.013545884843195088,0.01728709275085068,0.9081380825857682,0.00613852102845199,0.8961065813700023,0.9201695838015341,0.9080164704486985,0.006138263199603295,0.895985474577476,0.920047466319921,3.1483567449388335e-06,5.362923782299111e-06,-7.362973868367424e-06,1.3659687358245092e-05,0.00011846378031504269,455.49772664525614
rich6d_rough,720,2.0691380811147902e-10,100,0.00011768435106411339,393.7950514130935,0.04393607748657384,393.70893670121984,393.8811661249672,1.8004024591260992,0.005478177111230112,1.7896652319880881,1.8111396862641103,0.016243583098579352,0.0009632155063069586,0.014355680706217714,0.018131485490940992,0.8146181454006093,0.005478177111230111,0.8038809182625982,0.8253553725386203,0.8144960602105855,0.005477855409393263,0.8037594636081747,0.8252326568129963,3.2885846013406395e-06,5.844272364463269e-06,-8.166189233007368e-06,1.4743358435688647e-05,0.00011879660542839232,443.79679304137244
rich6d_rough,720,2.6366508987303556e-10,100,0.00011768435106411339,378.8671453908362,0.0459966906251192,378.77699187721095,378.9572989044614,1.7140451999252468,0.0048906761080513535,1.7044594747534663,1.7236309250970274,0.017129687286905247,0.0009731189796058583,0.015222374086877766,0.01903700048693273,0.7282608861997556,0.0048906761080513535,0.7186751610279749,0.7378466113715363,0.7281382032127128,0.004890269686533383,0.7185532746271074,0.7377231317983183,3.443610307461534e-06,6.319063576939472e-06,-8.941754303339831e-06,1.5828974918262898e-05,0.0001192393767387237,430.4290299650896
rich6d_rough,720,3.3598182862837877e-10,100,0.00011768435106411339,363.15293731736676,0.04780984027874607,363.0592300304204,363.24664460431313,1.6348943523520554,0.004366995552194089,1.626335041069755,1.6434536636343557,0.01807595725592315,0.000984301807855114,0.016146725712527128,0.020005188799319173,0.6491100386265641,0.004366995552194089,0.6405507273442638,0.6576693499088645,0.648986584306727,0.0043664846540388425,0.6404282743848109,0.657544894228643,3.641856412601836e-06,6.790930817208186e-06,-9.668367989126207e-06,1.695208081432988e-05,0.00011981246342869165,415.4028718256957
rich6d_rough,720,4.281332398719396e-10,100,0.00011768435106411339,346.75672382276645,0.04933476019065606,346.66002769279277,346.8534199527401,1.5627940181948698,0.0038998450490213784,1.5551503218987879,1.5704377144909518,0.019084716535078268,0.0009969281110256388,0.017130737437468017,0.02103869563268852,0.5770097044693797,0.003899845049021379,0.5693660081732979,0.5846534007654616,0.5768852497817064,0.003899214413203949,0.5692427895318267,0.5845277100315861,3.920342561865155e-06,7.267352201890613e-06,-1.0323667753840445e-05,1.8164352877570756e-05,0.00012053434511110142,398.7936297528796
rich6d_rough,720,5.455594781168515e-10,100,0.00011768435106411339,329.7949520398116,0.050530317261732384,329.69591261797865,329.8939914616446,1.497444826336471,0.003483915590106468,1.4906163517798623,1.5042733008930798,0.020159678889558448,0.0010111198596856755,0.018177883964574523,0.022141473814542373,0.5116605126109816,0.003483915590106468,0.5048320380543729,0.5184889871675902,0.5115347700520951,0.0034831581788122104,0.5047077800216232,0.5183617600825671,4.321987660738299e-06,7.758955056689169e-06,-1.0885564250372471e-05,1.952953957184907e-05,0.00012142057122488392,380.74338360398104
rich6d_rough,720,6.951927961775591e-10,100,0.00011768435106411339,312.3937464369893,0.05135901717166831,312.29308276333285,312.4944101106458,1.4384528470201012,0.0031156405101201365,1.4323461916202658,1.4445595024199367,0.021306106364730973,0.0010269692581235499,0.019293246618808817,0.02331896611065313,0.45266853329461126,0.0031156405101201356,0.4465618778947758,0.4587751886944467,0.452541159139456,0.0031147612621238423,0.44643622706569325,0.4586460912132187,4.890382012153355e-06,8.27802173886371e-06,-1.1334540596019515e-05,2.1115304620326224e-05,0.0001224837731473461,361.4539883315178
rich6d_rough,720,8.858667904100832e-10,100,0.00011768435106411339,294.68616135805297,0.05179168971250908,294.58464964621646,294.7876730698895,1.3853704762824117,0.0027924012150190238,1.3798973699009744,1.390843582663849,0.022530876557208025,0.0010445599501039417,0.020483539055004298,0.02457821405941175,0.39958616255692225,0.002792401215019023,0.394113056175485,0.40505926893835953,0.39945676526184715,0.0027914203066145547,0.39398558146088264,0.40492794906281165,5.662252295742919e-06,8.835995646912528e-06,-1.1656299172205633e-05,2.298080376369147e-05,0.00012373504277967025,341.1743639987196
rich6d_rough,720,1.1288378916846883e-09,100,0.00011768435106411339,276.8092235812579,0.05181197878153715,276.7076721028461,276.91077505966973,1.337728902684627,0.0025114667940956516,1.3328064277681997,1.3426513776010545,0.023842439106810595,0.001063985028552396,0.0217570284508479,0.025927849762773292,0.3519445889591373,0.002511466794095652,0.3470221140427098,0.35686706387556477,0.35181274386449446,0.0025104214267430954,0.346892317868078,0.3567331698609109,6.658502812112148e-06,9.440091342558032e-06,-1.1844076219301594e-05,2.5161081843525892e-05,0.00012518659183122748,320.1842177937985
rich6d_rough,720,1.4384498882876659e-09,100,0.00011768435106411339,258.90085960342526,0.051419576915279354,258.8000772326713,259.0016419741792,1.2950621077773612,0.0022691393925083404,1.290614594568045,1.2995096209866774,0.025250662516961144,0.00108535162971433,0.023123373322721057,0.02737795171120123,0.30927779405187034,0.002269139392508341,0.304830280842554,0.3137253072611867,0.30914306365985345,0.0022680828385332166,0.3046976212963283,0.31358850602337857,7.87526163902345e-06,1.0089661292625554e-05,-1.1900474494522637e-05,2.7650997772569537e-05,0.00012685513037736552,298.7766729612716
rich6d_rough,720,1.8329807108324374e-09,100,0.00011768435106411339,241.09683057450596,0.05063125768990333,240.99759330943374,241.19606783957818,1.2569229644388873,0.002060481884438345,1.2528844199453881,1.2609615089323865,0.02676659566247654,0.0011087677921413654,0.024593410789879463,0.028939780535073616,0.27113865071339677,0.0020604818844383445,0.2671001062198976,0.27517719520689593,0.27100060901289846,0.002059478957804723,0.2669640302556012,0.2750371877701957,9.276708887709511e-06,1.0773444181301024e-05,-1.1839241707640493e-05,3.0392659483059514e-05,0.00012876499161056446,277.2419981120626
rich6d_rough,720,2.335721469090121e-09,100,0.00011768435106411339,223.52781598809358,0.04947927515407008,223.4308366087916,223.62479536739556,1.2228926647394953,0.0018797124138287904,1.2192084284083908,1.2265769010705998,0.02840217910840032,0.0011343143574764122,0.02617892296774655,0.03062543524905409,0.23710835101400504,0.0018797124138287904,0.2334241146829006,0.24079258734510947,0.2369666095590608,0.0018788317301554169,0.2332840993679562,0.2406491197501654,1.0791627576536618e-05,1.1468835295676337e-05,-1.1687289602989002e-05,3.327054475606224e-05,0.00013094982736767263,255.85398912362106
rich6d_rough,720,2.9763514416313133e-09,100,0.00011768435106411339,206.3167839015055,0.04800750617134868,206.22268918940964,206.41087861360134,1.1925850643295637,0.0017210311927710574,1.1892118431917325,1.195958285467395,0.030169934231807635,0.001162010195839769,0.027892394247961687,0.03244747421565358,0.20680075060407282,0.0017210311927710574,0.20342752946624154,0.2101739717419041,0.20665498322280815,0.0017203358151297212,0.2032831250251539,0.2100268414204624,1.231556495762554e-05,1.2143762084114012e-05,-1.1486208727237923e-05,3.6117338642489e-05,0.00013345181630721598,234.85983268649733
rich6d_rough,720,3.792690190732238e-09,100,0.00011768435106411339,189.57675227537257,0.04626646403307956,189.48607000586773,189.6674345448774,1.165647460970292,0.0015794722774201647,1.1625516953065484,1.1687432266340356,0.032082639264807436,0.0011917810487911185,0.029746748409176845,0.03441853012043803,0.17986314724480185,0.0015794722774201647,0.1767673815810583,0.18295891290854538,0.17971310944179525,0.0015790108011181254,0.17661824827160372,0.18280797061198678,1.3720015639407215e-05,1.2760916427815676e-05,-1.1291380559111509e-05,3.873141183792594e-05,0.0001363177873671944,214.47364689376235
rich6d_rough,720,4.832930238571752e-09,100,0.00011768435106411339,173.40898907939507,0.04430858987571727,173.32214424323865,173.4958339155515,1.1417590410345253,0.0014514278524733377,1.1389142424436776,1.144603839625373,0.034152980974396625,0.0012234402472200046,0.031755038089845415,0.036550923858947836,0.1559747273090346,0.0014514278524733375,0.15312992871818687,0.15881952589988235,0.15582026611130956,0.001451227613371655,0.15297585998910113,0.158664672233518,1.4868819884075993e-05,1.3283524712940975e-05,-1.1166888553288318e-05,4.090452832144031e-05,0.00013959237784066762,194.8733960629921
rich6d_rough,720,6.158482110660254e-09,100,0.00011768435106411339,157.90164357435765,0.04218482256855359,157.81896132212327,157.98432582659203,1.1206280088184755,0.0013347044506356609,1.1180119880952295,1.1232440295417214,0.03639315206697601,0.0012566845052544686,0.03393005043667725,0.03885625369727477,0.1348436950929848,0.0013347044506356609,0.1322276743697389,0.1374597158162307,0.13468474601504943,0.00133476791100806,0.13206860090947364,0.1373008911206252,1.5639911875569595e-05,1.3681918009030341e-05,-1.1176647422129873e-05,4.245647117326906e-05,0.00014330916605967067,176.20051895330542
rich6d_rough,720,7.847599703514623e-09,100,0.00011768435106411339,143.128779253588,0.03994258034413064,143.0504917961135,143.20706671106248,1.1019883191970739,0.0012281876702536015,1.0995810713633767,1.104395567030771,0.038814340483200226,0.0012911019380017709,0.03628378068471676,0.041344900281683694,0.11620400547158338,0.0012281876702536015,0.11379675763788633,0.11861125330528044,0.11604057583536603,0.0012284925142515932,0.11363273050743292,0.11844842116329915,1.594811641405725e-05,1.3940824601959362e-05,-1.1375899805783098e-05,4.32721326338976e-05,0.00014748151980342045,158.56143581388838
rich6d_rough,720,1e-08,100,0.00011768435106411339,129.14980009157026,0.03762455104155132,129.0760559715288,129.2235442116117,1.0855967709340621,0.0011313106792721764,1.0833794020026888,1.0878141398654355,0.04142602334417869,0.0013261843275927624,0.038826702062096874,0.04402534462626051,0.09981245720857167,0.0011313106792721762,0.0975950882771982,0.10202982613994513,0.09964459868488194,0.0011318136348419097,0.0974262439605918,0.10186295340917209,1.5762913660672136e-05,1.4067996320932497e-05,-1.1810359128355557e-05,4.333618644969983e-05,0.000152095610028994,142.03016438674965
rich6d_rough,720,1.274274985703132e-08,100,0.00011768435106411339,116.00929647737765,0.03526763633328939,115.9401719101644,116.0784210445909,1.0712307994742372,0.0010435347971114802,1.0691854712718987,1.0732761276765757,0.04423495718179395,0.0013613329137422937,0.04156674467085906,0.04690316969272885,0.08544648574874675,0.0010435347971114802,0.08340115754640824,0.08749181395108525,0.0852742620825009,0.0010441785312272321,0.08322767216129552,0.08732085200370628,1.5115158289698249e-05,1.4104816495411071e-05,-1.2530282041307452e-05,4.276059862070395e-05,0.00015710850795627208,126.65153146481829
rich6d_rough,720,1.623776739188721e-08,100,0.00011768435106411339,103.73733575051504,0.03290204364855774,103.67284774496387,103.80182375606621,1.0586867462382907,0.0009640003368939238,1.0567973055779787,1.0605761868986028,0.04724379820032702,0.0013958480054688507,0.04450793610960808,0.04997966029104597,0.07290243251280068,0.0009640003368939236,0.07101299185248859,0.07479187317311277,0.07272588901706657,0.0009647221134455571,0.07083503367471328,0.07461674435941987,1.4089310665629034e-05,1.4138409720868089e-05,-1.362197238727242e-05,4.180059371853049e-05,0.00016245418506859698,112.44473552856861
rich6d_rough,720,2.0691380811147902e-08,100,0.00011768435106411339,92.35016277562599,0.030551227767754225,92.2902823692012,92.41004318205079,1.0477780661789655,0.0008914288145700962,1.0460308657024082,1.0495252666555228,0.05044942987069476,0.0014288986290958339,0.04764878855766693,0.053250071183722596,0.06199375245347518,0.0008914288145700962,0.06024655197691779,0.06374095293003257,0.061812890875687004,0.0008921693722221676,0.06006423890613156,0.06356154284524246,1.2802289956811877e-05,1.4311900451996314e-05,-1.5249034929100898e-05,4.085361484272465e-05,0.00016805928783143742,99.40712075409623
rich6d_rough,720,2.6366508987303555e-08,100,0.00011768435106411339,81.85119575157557,0.028233370670447462,81.7958583450615,81.90653315808964,1.038333160631653,0.0008242703886625566,1.0367175906698745,1.0399487305934316,0.053841280678603456,0.0014594789626913647,0.050980701911728384,0.05670185944547853,0.052548846906162974,0.0008242703886625566,0.05093327694438436,0.05416441686794159,0.05236360312590081,0.0008249819311089151,0.05074663854092734,0.05398056771087428,1.1374753043791915e-05,1.4824504762189066e-05,-1.7681276290098655e-05,4.043078237768249e-05,0.00017386902721840992,87.5179592570985
rich6d_rough,720,3.3598182862837814e-08,100,0.00011768435106411339,72.2321718090006,0.025964185304498184,72.1812820058038,72.28306161219741,1.0301931294438247,0.0007610095363722828,1.028701550752535,1.0316847081351144,0.05740004750850753,0.0014863712100517258,0.05448675993680615,0.06031333508020891,0.044408815718335166,0.0007610095363722831,0.042917237027045495,0.04590039440962484,0.04421903018077807,0.0007616625689824589,0.042726171545572456,0.04571188881598369,9.903135224768952e-06,1.5910301061399252e-05,-2.1281054855573576e-05,4.108732530511148e-05,0.00017988240233236114,76.74197214556904
rich6d_rough,720,4.281332398719396e-08,100,0.00011768435106411339,63.47435230295799,0.02375972625768364,63.42778323949293,63.520921366423046,1.023210182735763,0.0007004942602425402,1.0218372139856875,1.0245831514858383,0.061097153077834074,0.0015081457719392404,0.05814118736483316,0.06405311879083499,0.0374258690102727,0.0007004942602425403,0.03605290026019732,0.03879883776034808,0.03723123270780527,0.0007010835897116324,0.03585710887197047,0.03860535654364007,8.439877642189805e-06,1.7796446870113843e-05,-2.644115822323333e-05,4.3320913507612936e-05,0.00018619642482528218,67.03240026522778
rich6d_rough,720,5.4555947811685146e-08,100,0.00011768435106411339,55.54979824587392,0.021637566972362677,55.50738861460809,55.59220787713976,1.0172472859336108,0.0006421596195780022,1.015988653079238,1.0185059187879837,0.06489495101195925,0.0015232328637910801,0.06190941459892873,0.06788048742498977,0.03146297220812059,0.0006421596195780023,0.030204339353747705,0.032721605062493477,0.03126292515841799,0.0006427095314032749,0.030003214476867573,0.03252263583996841,6.985545809719159e-06,2.0667848863032438e-05,-3.352343796182442e-05,4.7494529581262736e-05,0.0001930615038929582,58.333636446912216
rich6d_rough,720,6.951927961775605e-08,100,0.00011768435106411339,48.422782939110895,0.019615582021743065,48.38433639834828,48.46122947987351,1.0121788961815752,0.0005860695228779664,1.0110301999167344,1.013327592446416,0.0687473679146675,0.0015300879039519511,0.06574839562292167,0.07174634020641332,0.02639458245608504,0.0005860695228779666,0.025245886191244227,0.027543278720925855,0.026188136174586898,0.0005866367139303631,0.025038328215283387,0.02733794413389041,5.4920673096124465e-06,2.466711401613367e-05,-4.285547616200955e-05,5.3839610781234445e-05,0.0002009542141885902,50.58358636174
rich6d_rough,720,8.858667904100815e-08,100,0.00011768435106411339,42.05136427724539,0.01770914715550884,42.016654348820595,42.08607420567019,1.0078919395994033,0.0005327761466866899,1.0068476983518972,1.0089361808469093,0.07260066008749164,0.001527443424496829,0.06960687097547785,0.07559444919950542,0.02210762587391371,0.0005327761466866899,0.021063384626407798,0.023151867121419624,0.02189307438552163,0.000533446546423149,0.020847519154532257,0.022938629616511004,3.873213416370484e-06,2.9921797011538832e-05,-5.477350872624563e-05,6.251993555898659e-05,0.00021067827497577886,43.715904472213474
rich6d_rough,720,1.1288378916846883e-07,100,0.00011768435106411339,36.389025957268814,0.015928717040184344,36.357805671870054,36.420246242667574,1.0042860652993877,0.000483066501867443,1.0033392549557274,1.005232875643048,0.07639436610797237,0.0015146010001166582,0.07342574814774372,0.07936298406820103,0.018501751573897815,0.0004830665018674429,0.01755494123023763,0.019448561917558,0.01827622521475244,0.0004839391673109794,0.017327704446822922,0.01922474598268196,2.0178069996705054e-06,3.656843864591984e-05,-6.965633274633239e-05,7.369194674567339e-05,0.00022350855214576908,37.66208920801571
rich6d_rough,720,1.438449888287663e-07,100,0.00011768435106411339,31.386215137094077,0.014279486047961618,31.35822734444007,31.414202929748082,1.0012728119585745,0.00043770640452343146,1.0004149074057087,1.0021307165114404,0.08006300614126577,0.0014916865155245444,0.07713930057083766,0.08298671171169388,0.01548849823308398,0.00043770640452343135,0.014630593680218056,0.016346402785949905,0.0152473007841401,0.0004388553202717073,0.014387144356407554,0.016107457211872647,-1.9736693248842597e-07,4.4755953489279645e-05,-8.791903577147653e-05,8.752430190649969e-05,0.00024139481587642786,32.353278733271864
rich6d_rough,720,1.8329807108324338e-07,100,0.00011768435106411339,26.991633405249953,0.012763190815457834,26.966617551251655,27.01664925924825,0.9987741654355995,0.0003972824196834075,0.9979954918930201,0.9995528389781789,0.08353903175585499,0.0014597933943205318,0.08067783670298674,0.08640022680872324,0.01298985171010958,0.0003972824196834076,0.012211178167530102,0.013768525252689059,0.01272550795575932,0.0003986872021761064,0.011944081039494151,0.013506934872024487,-2.895755175098306e-06,5.462766288236779e-05,-0.00010996597442453917,0.00010417446407434255,0.0002672395095254035,27.721599842943153
rich6d_rough,720,2.3357214690901212e-07,100,0.00011768435106411339,23.15326172021131,0.011380332766210113,23.13095626798954,23.175567172433084,0.9967213979541951,0.00036217806717342936,0.9960115289425352,0.997431266965855,0.0867567622715078,0.0014209820303987075,0.08397163749192633,0.08954188705108927,0.010937084228704754,0.0003621780671734295,0.010227215217044833,0.011646953240364676,0.010638021116674848,0.0003636201030211957,0.009925325714753304,0.011350716518596392,-6.1898725063493086e-06,6.628595111155505e-05,-0.00013611033668499723,0.0001237305916722986,0.00030525298453631423,23.701074316732157
rich6d_rough,720,2.976351441631313e-07,100,0.00011768435106411339,19.81921781727721,0.010130774267979795,19.79936149971197,19.83907413484245,0.9950547585489958,0.0003326340760582221,0.9944027957599217,0.9957067213380699,0.08965611774912578,0.0013781682114292427,0.08695490805472447,0.09235732744352709,0.009270444823505457,0.000332634076058222,0.008618482034431342,0.009922407612579573,0.008919250865263463,0.00033356928522755715,0.008265455066217451,0.009573046664309475,-1.0170922387082388e-05,7.974282256962165e-05,-0.00016646685462354084,0.00014612500984937605,0.00036136488062914196,20.228240952404445
rich6d_rough,720,3.792690190732246e-07,100,0.00011768435106411339,16.93856375026763,0.009012187618749602,16.92089986253488,16.956227638000378,0.9937238427644042,0.000308792279381333,0.9931186098968168,0.9943290756319916,0.09218478593175794,0.0013349646694674681,0.08956825517960171,0.09480131668391417,0.007939529038914168,0.00030879227938133307,0.007334296171326755,0.00854476190650158,0.007510804731113088,0.0003082381316712532,0.006906657993037432,0.008114951469188744,-1.4901401383124529e-05,9.486036964560758e-05,-0.00020082772588851536,0.00017102492312226633,0.00044362570918424216,17.24267939128246
rich6d_rough,720,4.832930238571752e-07,100,0.00011768435106411339,14.462099569908672,0.008017885828544511,14.446384513684725,14.477814626132618,0.9926879183396075,0.0002906464730848706,0.9921182512523611,0.9932575854268538,0.09429835307797303,0.001295496639713268,0.09175917966413502,0.09683752649181104,0.006903604614117238,0.0002906464730848705,0.006333937526870892,0.007473271701363584,0.0063615524420871815,0.00028715216078856106,0.005798734206941602,0.006924370677232761,-2.041476369063682e-05,0.00011128945075768217,-0.00023854208717569386,0.00019771255979442024,0.0005624669357207537,14.68751883435202
rich6d_rough,720,6.158482110660254e-07,100,0.00011768435106411339,12.343079306138568,0.007136257480744039,12.32909224147631,12.357066370800826,0.9919154826214082,0.00027790400283663646,0.9913707907758483,0.992460174466968,0.09595917500152451,0.0012641254870382516,0.09348148904692953,0.09843686095611949,0.006131168895917618,0.00027790400283663646,0.005586477050357811,0.006675860741477425,0.005427281270388975,0.00026968200244269365,0.004898704545601295,0.005955857995176655,-2.6725791896076442e-05,0.0001284221884067283,-0.00027843328117326395,0.00022498169738111105,0.000730613417424782,12.509885919480524
rich6d_rough,720,7.847599703514607e-07,100,0.00011768435106411339,10.537752590222459,0.00635270519338714,10.52530128804342,10.550203892401498,0.991382739817722,0.0002698423674898361,0.9908538487774419,0.991911630858002,0.09713532619145444,0.0012449832667967094,0.0946951589885329,0.09957549339437599,0.005598426092231832,0.0002698423674898361,0.005069535051951753,0.0061273171325119105,0.004669881022521459,0.0002550922416042814,0.004169900228977068,0.005169861816065851,-3.385095618257658e-05,0.00014538145253530725,-0.00031879860315177876,0.0002510966907866256,0.0009623960258929986,10.661196957648686
rich6d_rough,720,1e-06,100,0.00011768435106411339,9.00568416658245,0.005652921422687419,8.994604440593982,9.016763892570918,0.9910711266518311,0.0002652701804668526,0.990551197098116,0.9915910562055461,0.0978005385800171,0.0012413210766779302,0.09536754926972835,0.10023352789030585,0.005286812926340534,0.00026527018046685247,0.004766883372625503,0.005806742480055565,0.004056384677715175,0.00024262343765178235,0.0035808427399176817,0.004531926615512669,-4.182989622684768e-05,0.00016107292075657803,-0.0003575328209097406,0.00027387302845604524,0.001272258144852257,9.097247592051238
rich6d_rough,720,1.2742749857031322e-06,100,0.00011768435106411339,7.709880511918276,0.005025483023835273,7.700030565191558,7.719730458644993,0.9909642621294301,0.00026265366570901917,0.9904494609446405,0.9914790633142198,0.09793525551945677,0.001254858790747678,0.09547573228959132,0.10039477874932222,0.005179948403939639,0.00026265366570901917,0.004665147219149962,0.005694749588729316,0.0035582272140975884,0.00023157584233032016,0.003104338563130161,0.004012115865065016,-5.073051422113642e-05,0.00017431586627088112,-0.0003923896121120634,0.0002909285836697906,0.0016724517040632254,7.778134019839804
rich6d_rough,720,1.6237767391887209e-06,100,0.00011768435106411339,6.616796101528251,0.004462676756863483,6.608049255084798,6.625542947971703,0.9910448237190853,0.0002603842409743691,0.9905344706067756,0.991555176831395,0.09752852825433087,0.0012854311089031656,0.09500908328088066,0.10004797322778107,0.005260509993594755,0.0002603842409743691,0.004750156881284991,0.005770863105904519,0.003150848551895915,0.0002213615825929608,0.002716979850013712,0.003584717253778118,-6.0617584217237466e-05,0.00018404372617731335,-0.00042134328752477165,0.0003001081190902967,0.0021702790259161223,6.66808368745221
rich6d_rough,720,2.06913808111479e-06,100,0.00011768435106411339,5.696283469824782,0.003959944613423283,5.6885219783824725,5.704044961267091,0.9912919915503738,0.00025709625485117793,0.9907880828908655,0.9917959002098822,0.09658054632399711,0.00133112826276572,0.0939715349289763,0.09918955771901793,0.005507677824883405,0.00025709625485117793,0.005003769165375096,0.006011586484391714,0.002813524332772011,0.00021152169799965674,0.0023989418046926835,0.0032281068608513382,-7.14749742701248e-05,0.0001895299502099131,-0.0004429536766815545,0.0003000037281413049,0.002765628466381575,5.735260839780249
rich6d_rough,720,2.6366508987303555e-06,100,0.00011768435106411339,4.921516739382579,0.0035149296463528193,4.914627477275727,4.928406001489431,0.991680180401338,0.00025192356042888665,0.9911864102228973,0.9921739505797786,0.09510559229689246,0.0013888965001091027,0.09238335515667861,0.0978278294371063,0.005895866675847482,0.00025192356042888665,0.005402096497406864,0.006389636854288099,0.0025292372837081136,0.00020172747243224934,0.0021338514377409047,0.0029246231296753225,-8.309510678525728e-05,0.00019056521244892956,-0.0004566029231851592,0.00029041270961464464,0.003449724498924671,4.951573132423569
rich6d_rough,720,3.359818286283781e-06,100,0.00011768435106411339,4.268891111738123,0.0031266053836205,4.262762965186226,4.275019258290019,0.9921795571971457,0.00024460475949421865,0.991700131868537,0.9926589825257544,0.093134733236782,0.0014553779823908409,0.09028219239129595,0.09598727408226804,0.00639524347165547,0.0002446047594942186,0.005915818143046802,0.006874668800264138,0.00228447641364843,0.00019178158384249225,0.001908584509317145,0.002660368317979715,-9.497605963925146e-05,0.0001875098199258329,-0.00046249530669388394,0.000272543187415381,0.00420574311764634,4.2924763781268584
rich6d_rough,720,4.281332398719387e-06,100,0.00011768435106411339,3.717892847015558,0.0027942443248763402,3.7124161281388006,3.7233695658923156,0.9927582312097917,0.00023539972578997794,0.9922968477472434,0.99321961467234,0.09071687311375448,0.0015277093585237724,0.08772256277104788,0.09371118345646108,0.00697391748430157,0.00023539972578997788,0.006512534021753213,0.007435300946849926,0.002068942648350799,0.0001816154537040783,0.0017129763590908057,0.0024249089376107928,-0.00010627992864012163,0.00018118136914583614,-0.00046139541216596046,0.00024883555488571717,0.005011254764590941,3.736767441436591
rich6d_rough,720,5.455594781168514e-06,100,0.00011768435106411339,3.2509362067778333,0.0025159180473103213,3.2460050074051052,3.2558674061505615,0.9933852825362457,0.00022485217195881667,0.9929445722792064,0.993825992793285,0.0879167033078611,0.0016040222182227548,0.0847728197601445,0.09106058685557769,0.007600968810755505,0.00022485217195881662,0.007160258553716224,0.008041679067794785,0.001875166978383903,0.0001712673233027903,0.001539483024710434,0.0022108509320573717,-0.00011589385115169711,0.00017260376885570958,-0.0004541972381088879,0.00022240953580549366,0.005841695683523362,3.2663591401325967
rich6d_rough,720,6.951927961775606e-06,100,0.00011768435106411339,2.853163734866818,0.00228696168011177,2.8486812899737988,2.857646179759837,0.9940334371706449,0.0002135000303507108,0.9936149771111574,0.9944518972301323,0.08480919063030877,0.0016834870330770142,0.08150955604547783,0.08810882521513971,0.008249123445154856,0.00021350003035071086,0.007830663385667463,0.00866758350464225,0.0016980308100422456,0.0001608319865522994,0.0013828001163997388,0.0020132615036847525,-0.0001225996098733936,0.0001627123726455443,-0.0004415158602586604,0.0001963166405118732,0.006673692244986066,2.8660320535011623
rich6d_rough,720,8.858667904100815e-06,100,0.00011768435106411339,2.51220321917933,0.0020996044551764913,2.5080879944471843,2.516318443911476,0.994680473154072,0.0002016620372781953,0.9942852155610068,0.9950757307471373,0.08147212107571235,0.0017659227908287326,0.07801091240568803,0.08493332974573667,0.008896159428581497,0.0002016620372781953,0.008500901835516234,0.00929141702164676,0.0015341827580453594,0.00015039234365455173,0.001239413764482438,0.0018289517516082807,-0.00012531394888298504,0.00015214289282647545,-0.0004235140188228769,0.00017288612105690682,0.0074872906194191746,2.523154989318927
rich6d_rough,720,1.1288378916846883e-05,100,0.00011768435106411339,2.217876922514139,0.0019446665998366888,2.2140653759784588,2.221688469049819,0.9953091773842941,0.00018938802204136398,0.9949379768610931,0.9956803779074952,0.07797951568418285,0.0018511756867768746,0.07435121133810017,0.08160782003026552,0.009524863658803916,0.00018938802204136404,0.009153663135602843,0.009896064182004989,0.0013814008065930175,0.00013996036326576839,0.0011070784945921115,0.0016557231185939235,-0.00012332920174799218,0.00014119531271441994,-0.00040007201466825523,0.0001534136111722709,0.008266792053958943,2.2273673240478233
rich6d_rough,720,1.43844988828766e-05,100,0.00011768435106411339,1.9618721272695419,0.0018147139742701632,1.9583152878799723,1.9654289666591114,0.9959063909591461,0.00017656580606062837,0.9955603219792672,0.996252459939025,0.07439829763678638,0.0019385448593375622,0.07059874971248475,0.078197845561088,0.010122077233655965,0.00017656580606062832,0.009776008253777132,0.010468146213534797,0.0012380188952414702,0.00012945662856534302,0.0009842839032533977,0.0014917538872295426,-0.00011647845938923965,0.0001299644233698254,-0.00037120872919409745,0.00013825181041561817,0.009000536797803783,1.9702293754162432
rich6d_rough,720,1.8329807108324338e-05,100,0.00011768435106411339,1.7374022227599155,0.0017066991169896368,1.7340570924906158,1.7407473530292152,0.9964619679263892,0.00016309365185692077,0.9961423043687496,0.9967816314840288,0.0707886663830487,0.0020264934032811393,0.06681673931261767,0.07476059345347974,0.010677654200898896,0.00016309365185692077,0.010357990643259332,0.01099731775853846,0.0011025595647278315,0.00011873987522450697,0.0008698294092877978,0.0013352897201678652,-0.00010517610217538951,0.00011853377237595737,-0.00033750229603226597,0.00012715009168148692,0.009680270738346493,1.744867486335052
rich6d_rough,720,2.3357214690901213e-05,100,0.00011768435106411339,1.5389016797663444,0.0016221692415234333,1.5357222280529585,1.5420811314797302,0.9969682449933983,0.00014901442921651502,0.9966761767121339,0.9972603132746627,0.06720666775338663,0.0021127550738416563,0.06306566780865698,0.07134766769811628,0.011183931267907763,0.00014901442921651502,0.010891862986643394,0.011475999549172132,0.0009736560310454592,0.00010767250456470512,0.0007626179220986372,0.0011846941399922812,-9.033146295097303e-05,0.00010711334637999838,-0.00030027362185576983,0.00011961069595382377,0.010300606699813331,1.5456557019736028
rich6d_rough,720,2.976351441631313e-05,100,0.00011768435106411339,1.3617948751864375,0.0015644328298846468,1.3587285868398635,1.3648611635330115,0.9974201230456815,0.00013455973564685387,0.9971563859638136,0.9976838601275494,0.0637066542473782,0.0021947438986373745,0.05940495620604895,0.06800835228870745,0.011635809320191103,0.0001345597356468539,0.01137207223832327,0.011899546402058937,0.0008502329249051072,9.619267703410367e-05,0.000661695277918264,0.0010387705718919503,-7.317654235659883e-05,9.606100021965893e-05,-0.00026145610278713034,0.00011510301807393265,0.010858752937642652,1.367973777896663
rich6d_rough,720,3.792690190732246e-05,100,0.00011768435106411339,1.2023564439701777,0.0015339466166264032,1.19934990860159,1.2053629793387655,0.9978154425145271,0.00012011240576937869,0.9975800221992192,0.9980508628298351,0.06034185256456188,0.002270023590610943,0.05589260632696443,0.06479109880215933,0.012031128789037171,0.0001201124057693787,0.011795708473729188,0.012266549104345154,0.0007318073579252979,8.436550906026281e-05,0.0005664509601671828,0.0008971637556834131,-5.506672775833565e-05,8.57995763521776e-05,-0.00022323389740860374,0.00011310044189193243,0.011354388158870259,1.2080597277896303
rich6d_rough,720,4.8329302385717524e-05,100,0.00011768435106411339,1.0576492211522928,0.0015247932095552963,1.0546606264615643,1.0606378158430212,0.9981552012438687,0.00010612311327893158,0.997947199941842,0.9983632025458954,0.05716252556020234,0.0023366480451599923,0.05258269539168876,0.06174235572871593,0.012370887518378204,0.00010612311327893155,0.012162886216351499,0.012578888820404909,0.0006187257589261141,7.239809434384732e-05,0.00047682549401217335,0.0007606260238400549,-3.7302656140613206e-05,7.668103934324933e-05,-0.0001875974932533819,0.00011299218097215547,0.011789464415592747,1.0629435064759833
rich6d_rough,720,6.158482110660255e-05,100,0.00011768435106411339,0.925499285388427,0.0015247960044137007,0.9225106852197761,0.9284878855570778,0.9984433024155163,9.301370915597835e-05,0.9982609955455706,0.998625609285462,0.05421249430747712,0.0023933532785235193,0.04952152188157102,0.05890346673338322,0.012658988690025925,9.301370915597831e-05,0.012476681820080207,0.012841295559971643,0.0005121853086734464,6.061572474055305e-05,0.0003933784881819624,0.0006309921291649303,-2.0996030216377726e-05,6.886011297956662e-05,-0.0001559618516563283,0.00011396979122357286,0.012167799411568913,0.9304212601394518
rich6d_rough,720,7.847599703514606e-05,100,0.00011768435106411339,0.8044577268587446,0.0015190828635548517,0.8014803244461771,0.8074351292713121,0.9986857846160239,8.109053696733996e-05,0.9985268471635679,0.9988447220684799,0.05152545963018983,0.002439653210828632,0.04674373933696571,0.05630717992341394,0.012901470890533824,8.109053696733996e-05,0.012742533438077838,0.01306040834298981,0.0004139841563255697,4.940640505044393e-05,0.00031714760242669955,0.0005108207102244397,-6.981320494990555e-06,6.223820637182723e-05,-0.00012896820498377193,0.00011500556399379081,0.012494468054703289,0.8090188349682454
rich6d_rough,720,0.0001,100,0.00011768435106411339,0.6937096700273436,0.001494589532746614,0.6907802745431603,0.696639065511527,0.99888972418457,7.048938034011102e-05,0.9987515649991033,0.9990278833700367,0.0491224319098311,0.002475844385633432,0.044269776913989575,0.053975086905672626,0.013105410459079949,7.048938034011102e-05,0.01296725127361333,0.013243569644546567,0.00032606219215622107,3.91484636580412e-05,0.00024933120338646033,0.0004027931809259818,4.231604376691445e-06,5.6513108948956884e-05,-0.00010653408916326405,0.00011499729791664693,0.012775116662547076,0.6979034808267797
rich6d_rough,720,0.0001274274985703132,100,0.00011768435106411339,0.5929181830722478,0.0014432471881688064,0.5900894185834369,0.5957469475610586,0.9990621205179595,6.117237992816491e-05,0.9989422226533003,0.9991820183826187,0.04701093661509739,0.002502890733272284,0.042105270777883716,0.05191660245231107,0.013277806792469447,6.117237992816489e-05,0.013157908927810245,0.01339770465712865,0.00024998496314630145,3.014112445719002e-05,0.00019090835921020902,0.00030906156708239386,1.2465659108666713e-05,5.1310642686832526e-05,-8.810320055752503e-05,0.00011303451877485847,0.013015356170214541,0.5967296754683038
rich6d_rough,720,0.00016237767391887175,100,0.00011768435106411339,0.5020222221555516,0.0013630918442881566,0.4993505621407468,0.5046938821703564,0.9992090534790341,5.2980519096768484e-05,0.9991052116616045,0.9993128952964637,0.045185977997615055,0.002522199113327684,0.040242467735492796,0.050129488259737315,0.013424739753544045,5.298051909676851e-05,0.013320897936114379,0.01352858157097371,0.0001865457188106927,2.2557218191502885e-05,0.00014233357115534705,0.00023075786646603835,1.784449906262218e-05,4.6322596577421315e-05,-7.294779022912358e-05,0.00010863678835436796,0.01322034953567077,0.5054370769985984
rich6d_rough,720,0.00020691380811147902,100,0.00011768435106411339,0.4210295719204053,0.0012575796746352407,0.4185647157581202,0.4234944280826904,0.9993352698583545,4.571589240831231e-05,0.9992456667092342,0.9994248730074748,0.043632298876303356,0.0025353525110774515,0.03866300795459155,0.04860158979801516,0.01355095613286419,4.571589240831232e-05,0.013461352983743898,0.013640559281984481,0.00013560383036836533,1.642916424135624e-05,0.00010340266845530711,0.00016780499228142355,2.0723786822744912e-05,4.1383754027804245e-05,-6.0388371071751416e-05,0.00010183594471724123,0.013394628515673133,0.4240414271789661
rich6d_rough,720,0.00026366508987303556,100,0.00011768435106411339,0.34984861382540733,0.0011338029442069203,0.3476263600547618,0.3520708675960529,0.9994441856988681,3.921205982934792e-05,0.9993673300616025,0.9995210413361336,0.04232730920320182,0.0025438791068267646,0.037341306153821356,0.04731331225258228,0.01365987197337759,3.921205982934791e-05,0.013583016336112069,0.013736727610643113,9.617448852519154e-05,1.1667043390277501e-05,7.330708348024764e-05,0.00011904189357013543,2.159912130466541e-05,3.647369125265953e-05,-4.9889313550547264e-05,9.308755615987808e-05,0.013542098363547788,0.35246301543677444
rich6d_rough,720,0.0003359818286283774,100,0.00011768435106411339,0.28818755337043306,0.0010003709193268848,0.28622682636855235,0.29014828037231377,0.9995381639977318,3.336517670644383e-05,0.9994727682513871,0.9996035597440764,0.04124409525522363,0.0025491029109269447,0.036247853549806815,0.04624033696064044,0.013753850272240813,3.336517670644383e-05,0.013688454525896183,0.013819246018585443,6.669189803668809e-05,8.097246119607314e-06,5.082129564225776e-05,8.256250043111842e-05,2.101126498683509e-05,3.1670809621326354e-05,-4.106352187096456e-05,8.308605184463474e-05,0.013666147109217345,0.29042249625870764
rich6d_rough,720,0.00042813323987193956,100,0.00011768435106411339,0.23552623159959954,0.0008655779485440826,0.23382969882045312,0.23722276437874595,0.9996188882232749,2.8127486881033432e-05,0.9995637583489881,0.9996740180975617,0.04035407692824177,0.0025520801081496706,0.03535199991626842,0.045356153940215124,0.01383457449778492,2.8127486881033425e-05,0.013779444623498094,0.013889704372071746,4.532904786508425e-05,5.506491578805866e-06,3.453632437062476e-05,5.6121771359543744e-05,1.9468336183046256e-05,2.7094380753365203e-05,-3.3636650093549543e-05,7.257332245964206e-05,0.013769777113736854,0.2374101245064357
rich6d_rough,720,0.0005455594781168515,100,0.00011768435106411339,0.1911456044650821,0.0007362030853267337,0.1897026464178417,0.1925885625123225,0.9996876916345283,2.3482399918663855e-05,0.9996416661306877,0.9997337171383689,0.03962907613623105,0.002553599484243927,0.03462402114711296,0.04463413112534915,0.01390337790903831,2.3482399918663855e-05,0.013857352405197728,0.013949403412878892,3.0275242432632475e-05,3.6790483647894215e-06,2.306430763764521e-05,3.748617722761974e-05,1.739624426978827e-05,2.2858252619211994e-05,-2.7405930863867236e-05,6.219841940344377e-05,0.013855706422335934,0.19271388635984585
rich6d_rough,720,0.0006951927961775591,100,0.00011768435106411339,0.1541903260225207,0.000616993302007488,0.152981019150586,0.15539963289445538,0.9997457757991133,1.9419754861591886e-05,0.9997077130795845,0.999783838518642,0.03904273496909192,0.0025542188204622923,0.03403646608098583,0.04404900385719801,0.013961462073622947,1.9419754861591886e-05,0.013923399354094227,0.013999524793151667,1.9920663140836713e-05,2.421287945024218e-06,1.5174938768589246e-05,2.466638751308418e-05,1.5118213987854405e-05,1.9044532710761566e-05,-2.220907012523826e-05,5.2445498100947075e-05,0.013926423196494312,0.15548185001092912
rich6d_rough,720,0.0008858667904100832,100,0.00011768435106411339,0.12374066821913099,0.0005106829092070611,0.12273972971708515,0.12474160672117683,0.9997943155431411,1.5920430786530352e-05,0.9997631114987995,0.9998255195874828,0.03857134413897781,0.0025543143419644175,0.03356488802872755,0.04357780024922807,0.014010001817650433,1.5920430786530352e-05,0.013978797773308833,0.014041205861992033,1.2943517529926526e-05,1.573456550543281e-06,9.859542690861696e-06,1.6027492368991357e-05,1.285680293936178e-05,1.5695259984754358e-05,-1.7905906630756763e-05,4.361951250948033e-05,0.013984201497181187,0.12479459016592293
rich6d_rough,720,0.0011288378916846883,100,0.00011768435106411339,0.09887698356186882,0.0004183291116245386,0.09805705850308472,0.09969690862065292,0.9998344818085718,1.2951041644135948e-05,0.9998090977669493,0.9998598658501944,0.038194204125552716,0.0025541290206344937,0.033188111245109106,0.04320029700599633,0.014050168083081672,1.295104164413595e-05,0.014024784041459166,0.014075552124704177,8.322605868494285e-06,1.0118109038529574e-06,6.339456496942488e-06,1.030575524004608e-05,1.0749154261217966e-05,1.2815867208122399e-05,-1.4369945466701934e-05,3.5868253989137864e-05,0.014031096322952021,0.09973048525659375
rich6d_rough,720,0.00143844988828766,100,0.00011768435106411339,0.07872826272071651,0.0003397663144766268,0.07806232074434231,0.0793942046970907,0.9998674208143689,1.0465472393737421e-05,0.9998469084884771,0.9998879331402606,0.03789365574709898,0.0025538130761508923,0.03288818211784323,0.042899129376354726,0.014083107088878348,1.0465472393737421e-05,0.014062594762986623,0.014103619414770074,5.3056154963423495e-06,6.450589177840092e-07,4.041300017485691e-06,6.569930975199008e-06,8.867275386979725e-06,1.0384184745545843e-05,-1.1485726714290127e-05,2.9220277488249577e-05,0.01406893419799509,0.07941513756692442
rich6d_rough,720,0.0018329807108324375,100,0.00011768435106411339,0.06250299777193569,0.0002740467133221181,0.061965866213824335,0.06304012933004703,0.9998942195572103,8.409529032378741e-06,0.9998777368803068,0.9999107022341137,0.037654902413835935,0.0025534549271948484,0.03265013075653403,0.04265967407113784,0.01410990583172,8.409529032378741e-06,0.014093423154816537,0.014126388508623461,3.35873380829781e-06,4.0837014340259406e-07,2.5583283272287257e-06,4.159139289366894e-06,7.2378299411580534e-06,8.360525950709779e-06,-9.148800922233115e-06,2.362446080454922e-05,0.014099309267970584,0.06305296124762638
rich6d_rough,720,0.002335721469090121,100,0.00011768435106411339,0.04950454003781528,0.0002198007008372812,0.049073730664174205,0.04993534941145635,0.9999158752086349,6.726045006596478e-06,0.9999026921604219,0.9999290582568479,0.03746571955256074,0.002553103378856715,0.03246163693000158,0.042469802175119906,0.014131561483144914,6.726045006596478e-06,0.014118378434931985,0.014144744531357842,2.1142769010939095e-06,2.5706889829055494e-07,1.6104218604444216e-06,2.6181319417433973e-06,5.858644017353837e-06,6.696422610640093e-06,-7.266344299500746e-06,1.898363233420842e-05,0.014123588562226513,0.04994306993740415
rich6d_rough,720,0.002976351441631313,100,0.00011768435106411339,0.03913477625720542,0.0001754984342277405,0.03879079932611905,0.03947875318829179,0.9999332755796576,5.359069828395449e-06,0.999922771802794,0.9999437793565212,0.037316118495818645,0.002552782783809898,0.032312664239551245,0.042319572752086046,0.014148961854167535,5.359069828395449e-06,0.01413845807730388,0.01415946563103119,1.324883112368251e-06,1.6109092002770292e-07,1.0091449091139532e-06,1.6406213156225486e-06,4.711095633912872e-06,5.34111357252722e-06,-5.757486968240477e-06,1.5179678236066222e-05,0.014142925875421306,0.0394832956291453
rich6d_rough,720,0.003792690190732238,100,0.00011768435106411339,0.030890057130472836,0.00013962079577376293,0.03061640037075626,0.03116371389018941,0.9999471913687965,4.256705172299922e-06,0.9999388482266588,0.9999555345109342,0.037198008003213184,0.0025525030105563507,0.03219510210252274,0.04220091390390363,0.014162877643306033,4.256705172299922e-06,0.014154534501168325,0.01417122078544374,8.272145319924861e-07,1.0058085484914676e-07,6.300760564881584e-07,1.0243530074968138e-06,3.7686719441128984e-06,4.245792446210512e-06,-4.553081250459706e-06,1.2090425138685503e-05,0.014158281756829972,0.031166309609607618
rich6d_rough,720,0.004832930238571752,100,0.00011768435106411339,0.02435266910325444,0.00011075893327948082,0.024135581594026657,0.024569756612482223,0.9999582778758933,3.3726723135704417e-06,0.9999516674381587,0.999964888313628,0.037104878313596094,0.002552265780927004,0.03210243738297917,0.04210731924421302,0.014173964150403591,3.372672313570442e-06,0.014167353712668994,0.014180574588138189,5.149968411106311e-07,6.26187007670466e-08,3.9226418760721975e-07,6.377294946140425e-07,3.0024454729115045e-06,3.3660248669529826e-06,-3.5949632663163416e-06,9.599854212139351e-06,0.014170446708089623,0.024571179211298776
rich6d_rough,720,0.006158482110660254,100,0.00011768435106411339,0.019180270231054175,8.766302067660258e-05,0.019008450710528035,0.019352089751580315,0.9999670830379075,2.666901854638234e-06,0.9999618559102724,0.9999723101655426,0.037031519973967066,0.002552068571493129,0.03202946557384053,0.0420335743740936,0.014182769312417362,2.666901854638235e-06,0.01417754218478227,0.014187996440052454,3.198861077162584e-07,3.889522974520309e-08,2.4365145741566033e-07,3.961207580168565e-07,2.3842980539644235e-06,2.6628444591843035e-06,-2.8348770860368115e-06,7.603473193965658e-06,0.014180065128255738,0.019352818970792038
rich6d_rough,720,0.00784759970351459,100,0.00011768435106411339,0.015094897326265176,6.925789033283665e-05,0.014959151861212817,0.015230642791317535,0.999974058937172,2.1054656994595943e-06,0.999969932224401,0.9999781856499429,0.03697378158197183,0.0025519069334242897,0.031972043992460224,0.041975519171483434,0.014189745211681757,2.1054656994595948e-06,0.014185618498910816,0.014193871924452699,1.9833427981711274e-07,2.4115689731362087e-08,1.5106752794364305e-07,2.456010316905824e-07,1.8886135894325599e-06,2.1029849789497733e-06,-2.233236969308996e-06,6.0104641481741155e-06,0.014187658263812566,0.015230972260004198
rich6d_rough,720,0.01,100,0.00011768435106411339,0.011872506578730322,5.463887121389878e-05,0.01176541439115108,0.011979598766309564,0.999979574631933,1.6601209087883766e-06,0.9999763207949518,0.9999828284689142,0.03692836578955303,0.002551775814528855,0.031926885193076474,0.04192984638602959,0.014195260906443288,1.6601209087883766e-06,0.014192007069462062,0.014198514743424514,1.2279397110256694e-07,1.4930678911524322e-08,9.352984043597926e-08,1.5205810176915461e-07,1.4929945522809107e-06,1.6586020304724943e-06,-1.757865427445178e-06,4.743854532006999e-06,0.014193645117919967,0.01197970565492254
rich6d_rough,1080,1e-12,100,0.00011768435106411339,511.1617929527989,0.0005648251750171103,511.1606858954559,511.1629000101419,1.8934427217441314,0.007225062545043967,1.8792815991558451,1.9076038443324177,0.015088782521327124,0.0007690943209572293,0.013581357652250955,0.016596207390403295,0.9076584080186403,0.007225062545043967,0.8934972854303541,0.9218195306069265,0.9075406997991766,0.007225057693361457,0.8933795867201881,0.9217018128781651,2.3814646425358302e-08,5.6919167328844414e-08,-8.774692153917675e-08,1.3537621438989336e-07,0.00011768440482345585,511.55579899539526
rich6d_rough,1080,1.2742749857031321e-12,100,0.00011768435106411339,510.9333315823195,0.000717534706548625,510.93192521429467,510.93473795034436,1.891875146353229,0.0072056349168871285,1.8777521019161303,1.9059981907903278,0.015101352731296487,0.000769284794318547,0.013593554534432135,0.01660915092816084,0.9060908326277386,0.0072056349168871285,0.8919677881906398,0.9202138770648374,0.9059731178428387,0.0072056287527139705,0.8918500854875193,0.9200961501981582,3.034664510624051e-08,7.237483617469279e-08,-1.1150803379615736e-07,1.7220132400863836e-07,0.00011768443824707389,511.4342511796711
rich6d_rough,1080,1.6237767391887243e-12,100,0.00011768435106411339,510.64309558002805,0.0009107783800637367,510.64131045440314,510.64488070565295,1.8898895261200193,0.007181094865153824,1.8758145801843178,1.9039644720557207,0.0151173198511282,0.0007695269091572098,0.013609047109180069,0.016625592593076333,0.9041052123945298,0.007181094865153821,0.8900302664588283,0.9181801583302313,0.9039874892321086,0.007181087039624279,0.889912558634445,0.9180624198297722,3.8670010206567504e-08,9.197378090400319e-08,-1.4159860036527872e-07,2.1893862077841375e-07,0.0001176844924022126,511.27954317913793
rich6d_rough,1080,2.06913808111479e-12,100,0.00011768435106411339,510.2746839397015,0.0011548595151073795,510.2724204150519,510.2769474643511,1.8873784056227336,0.007150169577852467,1.8733640732501429,1.9013927379953244,0.015137584567550473,0.0007698344597142766,0.013628709026510491,0.016646460108590454,0.9015940918972433,0.007150169577852467,0.8875797595246524,0.9156084242698341,0.9014763580415682,0.007150159653107005,0.8874620451214785,0.9154906709616579,4.927558428169971e-08,1.1679406834803303e-07,-1.7964078968044503e-07,2.7819195824384447e-07,0.00011768458009623131,511.0826898713984
rich6d_rough,1080,2.6366508987303555e-12,100,0.00011768435106411339,509.807524240818,0.0014624283449082794,509.80465788126196,509.81039060037403,1.8842091234884777,0.007111312348444927,1.8702709512855256,1.8981472956914298,0.01516327596944246,0.0007702247981840923,0.01365363536500164,0.01667291657388328,0.8984248097629874,0.007111312348444927,0.8844866375600354,0.9123629819659395,0.8983070622528407,0.0071112997771435845,0.8843689146896393,0.9122452098160422,6.278816264190859e-08,1.481745657382723e-07,-2.2763398620510512e-07,3.5321031148892233e-07,0.00011768472199382395,510.832309506444
rich6d_rough,1080,3.359818286283788e-12,100,0.00011768435106411339,509.2159209335602,0.0018488558966230164,509.21229717600283,509.21954469111756,1.8802193304410468,0.007062668873091269,1.866376499449788,1.8940621614323057,0.015195803289862126,0.0007707196753069616,0.013685192726260481,0.01670641385346377,0.8944350167155561,0.007062668873091269,0.8805921857242972,0.9082778477068151,0.8943172517617418,0.007062652974499291,0.8804744519317232,0.9081600515917604,8.000243330583743e-08,1.8776623930543236e-07,-2.8801939573281e-07,4.480242623444848e-07,0.00011768495137976995,510.51400782195174
rich6d_rough,1080,4.281332398719396e-12,100,0.00011768435106411339,508.46795099670084,0.0023325702906531643,508.46337915893116,508.4725228344705,1.8752125689878392,0.00700205487264309,1.8614885414374587,1.8889365965382197,0.015236915758752873,0.0007713462326508485,0.013725077142757211,0.016748754374748535,0.8894282552623491,0.00700205487264309,0.8757042277119687,0.9031522828127296,0.889310468012681,0.007002034805485721,0.875586479793929,0.903034456231433,1.019279119329524e-07,2.3758642497773487e-07,-3.637414810234079e-07,5.675973048893127e-07,0.00011768532174880227,510.10961823238847
rich6d_rough,1080,5.455594781168514e-12,100,0.00011768435106411339,507.5242214507869,0.0029352837171303667,507.51846829470134,507.5299746068725,1.868954525446809,0.006926956227245926,1.8553776912414068,1.882531359652211,0.015288769692047212,0.0007721381445240517,0.013775378928780072,0.016802160455314352,0.8831702117213189,0.006926956227245924,0.8695933775159169,0.8967470459267209,0.8830523959580344,0.006926930960048786,0.8694756112763388,0.8966291806397301,1.2984444864138644e-07,3.000714195802202e-07,-4.5829553373584507e-07,7.17984431018618e-07,0.00011768591883755224,509.596273316758
rich6d_rough,1080,6.951927961775591e-12,100,0.00011768435106411339,506.3365319470362,0.003682002261104239,506.3293152226044,506.34374867146795,1.8611709196187027,0.006834567073842353,1.8477751681539718,1.8745666710834337,0.015354000401532232,0.0007731368850264804,0.013838652106880331,0.016869348696184134,0.8753866058932118,0.006834567073842353,0.8619908544284808,0.8887823573579429,0.8752687536441376,0.006834535354296639,0.8618730643497162,0.888664442938559,1.653694883462346e-07,3.781193678943011e-07,-5.757444727265957e-07,9.064834494190648e-07,0.00011768687957382923,508.94528429571903
rich6d_rough,1080,8.858667904100833e-12,100,0.00011768435106411339,504.84652897763567,0.004600670249552739,504.83751166394654,504.8555462913248,1.851548427576907,0.006721884960404469,1.8383735330545141,1.8647233220992998,0.015435794254547339,0.0007743930584547657,0.013917983859975998,0.01695360464911868,0.8657641138514148,0.006721884960404467,0.8525892193290221,0.8789390083738076,0.8656462148927081,0.006721845286400077,0.852471398131364,0.8788210316540522,2.105370294041213e-07,4.7511086943877477e-07,-7.206802746958772e-07,1.1417543335041198e-06,0.00011768842166771237,508.12081130785185
rich6d_rough,1080,1.1288378916846884e-11,100,0.00011768435106411339,502.9844980848408,0.005721265839635556,502.97328440379516,502.9957117658865,1.8397404682618943,0.006585882971484056,1.8268321376377856,1.852648798886003,0.015537953223513274,0.0007759676737913592,0.01401705658288221,0.017058849864144337,0.8539561545364046,0.006585882971484056,0.8410478239122958,0.8668644851605134,0.8538381957616431,0.006585833567888675,0.8409299619685813,0.8667464295547049,2.678854389419462e-07,5.948892219736222e-07,-8.980974361263534e-07,1.4338683140102457e-06,0.00011769088932708088,507.0783211369148
rich6d_rough,1080,1.4384498882876659e-11,100,0.00011768435106411339,500.66851484272314,0.0070741542871272005,500.6546495003204,500.6823801851259,1.8253799678565175,0.0064237732759274985,1.8127893722356996,1.8379705634773353,0.01566494078175952,0.0007779331617531475,0.014140191784723352,0.01718968977879569,0.839595654131028,0.006423773275927499,0.8270050585102101,0.8521862497518459,0.8394776187622891,0.006423712082832702,0.826887143079937,0.8520680944446412,3.4054581847641436e-07,7.416766347065847e-07,-1.1131403855484918e-06,1.7942320225013203e-06,0.00011769482291213752,505.76285487598955
rich6d_rough,1080,1.8329807108324375e-11,100,0.00011768435106411339,497.8042549254926,0.00868754848049159,497.78722733047084,497.8212825205144,1.8081010813803653,0.0062333607263910925,1.7958836943566387,1.8203184684040918,0.01582189471565812,0.0007803738252060231,0.014292362018254314,0.017351427413061924,0.8223167676548748,0.006233360726391092,0.8100993806311483,0.8345341546786014,0.822198634278658,0.006233285406364794,0.809981394882183,0.834415873675133,4.323130143902091e-07,9.198990220533399e-07,-1.3706890688343372e-06,2.2353150976147554e-06,0.0001177010631978094,504.1071712676116
rich6d_rough,1080,2.3357214690901212e-11,100,0.00011768435106411339,494.285827506518,0.010584055074599448,494.2650827585718,494.3065722544642,1.7875709492040297,0.006013456499211451,1.7757845744655754,1.799357323942484,0.01601459064132389,0.000783385289803221,0.014479155473309576,0.0175500258093382,0.8017866354785395,0.006013456499211451,0.790000260740085,0.8135730102169939,0.8016683769082625,0.006013364473233185,0.7898821825407255,0.8134545712757996,5.476663623687268e-07,1.1338934331439762e-06,-1.6747647665934666e-06,2.77009749133092e-06,0.00011771090390379733,502.0298980840705
rich6d_rough,1080,2.976351441631313e-11,100,0.00011768435106411339,489.998010920358,0.012776517222880951,489.97296894660116,490.02305289411487,1.7635305903904503,0.005764283554940569,1.7522325946227668,1.7748285861581339,0.016249341624655318,0.0007870724096367234,0.014706679701767339,0.017792003547543296,0.7777462766649605,0.0057642835549405694,0.766448280897277,0.7890442724326441,0.7776278586694708,0.005764172079811861,0.7663300813930396,0.788925635945902,6.916872133989251e-07,1.3874832195849595e-06,-2.0277798969875953e-06,3.4111543237854457e-06,0.00011772630829701841,499.43391860157857
rich6d_rough,1080,3.7926901907322536e-11,100,0.00011768435106411339,484.8201934926233,0.015263678403998749,484.79027668295146,484.8501103022951,1.7358409777425754,0.005487771274220088,1.725084946045104,1.7465970094400467,0.016532826293313926,0.0007915450410759297,0.014981398012805104,0.018084254573822747,0.7500566640170839,0.0054877712742200865,0.7393006323196125,0.7608126957145553,0.7499380440118931,0.005487637579613101,0.7391822743558515,0.7606938136679348,8.698001893188096e-07,1.683431011535262e-06,-2.429724593290304e-06,4.169324971927923e-06,0.00011775020499503117,496.2053427481855
rich6d_rough,1080,4.832930238571752e-11,100,0.00011768435106411339,478.632122106956,0.018026497655588565,478.59679017155105,478.66745404236093,1.7045268123314932,0.005187629287549353,1.6943590589278965,1.7146945657350898,0.016871851202257693,0.0007969112231676715,0.015309905204849057,0.01843379719966633,0.7187424986060029,0.005187629287549353,0.7085747452024062,0.7289102520095997,0.7186236244759867,0.005187470799359121,0.7084561817092428,0.7287910672427306,1.0872586840094736e-06,2.0228199051837045e-06,-2.8774683301505873e-06,5.051985698169534e-06,0.00011778687134627285,492.2135516602387
rich6d_rough,1080,6.158482110660255e-11,100,0.00011768435106411339,471.3212362199798,0.021026097761724937,471.28002506836685,471.3624473715928,1.6698078881489775,0.004869132677251957,1.6602643881015637,1.6793513881963913,0.01727307154596677,0.0008032677159850416,0.015698666822636088,0.01884747626929745,0.6840235744234875,0.004869132677251957,0.6744800743760736,0.6935670744709014,0.6839043837006739,0.004868947361649201,0.6743612468718414,0.6934475205295063,1.3483272243495169e-06,2.4044638274502185e-06,-3.364421877452911e-06,6.061076326151945e-06,0.0001178423955944894,487.3129300546083
rich6d_rough,1080,7.847599703514623e-11,100,0.00011768435106411339,462.7909726211368,0.02420417988740158,462.7435324285575,462.8384128137161,1.6321079665826477,0.0045386424348142365,1.6232122274104117,1.6410037057548836,0.017742712818707453,0.000810688633323099,0.016153763097394178,0.01933166254002073,0.6463236528571573,0.004538642434814236,0.6374279136849215,0.6552193920293932,0.646204072465786,0.00453842929112896,0.6373087510551733,0.6550993938763988,1.6552138840718206e-06,2.8244942486993063e-06,-3.88079484337882e-06,7.191222611522461e-06,0.00011792517749793785,481.3469573021195
rich6d_rough,1080,1e-10,100,0.00011768435106411339,452.9690814320536,0.027486244767560904,452.9152083923092,453.022954471798,1.5920349148415212,0.004202987454564939,1.583797059430574,1.6002727702524684,0.018286347383519298,0.0008192139810123235,0.016680687980735142,0.019892006786303453,0.6062506011160304,0.0042029874545649396,0.5980127457050831,0.6144884565269776,0.6061305477479992,0.0042027471398244694,0.5978931633539433,0.6143679321420552,2.0069869332781728e-06,3.276289555219134e-06,-4.41454059495133e-06,8.428514461507676e-06,0.00011804638109682263,474.15523564810377
rich6d_rough,1080,1.274274985703132e-10,100,0.00011768435106411339,441.814831810108,0.030787238698258397,441.7544888222594,441.87517479795656,1.5503329293348669,0.0038688833435783316,1.5427499179814534,1.5579159406882803,0.01890877731225661,0.000828840879373796,0.017284249188683973,0.02053330543582925,0.5645486156093764,0.0038688833435783316,0.5569656042559629,0.57213162696279,0.5644279964817382,0.003868618807539929,0.55684550361896,0.5720104893445165,2.3989254364135486e-06,3.7508831402491566e-06,-4.952805518474798e-06,9.750656391301896e-06,0.00011822020220394504,465.5837090438867
rich6d_rough,1080,1.6237767391887175e-10,100,0.00011768435106411339,429.3240940669294,0.03401854018669232,429.25741772816343,429.3907704056953,1.5078154177514165,0.003542518652637559,1.500872081192247,1.514758754310586,0.01961405601685701,0.0008395204057866092,0.017968596021515255,0.021259516012198765,0.5220311040259267,0.003542518652637561,0.5150877674667571,0.5289744405850962,0.5219098173766524,0.0035422355184146505,0.5149670357605597,0.5288525989927452,2.8228689577108792e-06,4.237899961740962e-06,-5.483414967301408e-06,1.1129152882723165e-05,0.00011846378031504269,455.49772664525614
rich6d_rough,1080,2.0691380811147902e-10,100,0.00011768435106411339,415.53164741070003,0.03709478819882218,415.45894162583033,415.60435319556973,1.4652922317752006,0.0032293286736503274,1.458962747574846,1.4716217159755554,0.02040565058909259,0.0008511617298908904,0.018737373598506447,0.022073927579678736,0.4795079180497097,0.0032293286736503274,0.4731784338493551,0.48583740225006433,0.479385852489412,0.0032290350029800866,0.47305694388357106,0.48571476109525297,3.2689548606279675e-06,4.726951877012939e-06,-5.995870818317393e-06,1.2533780539573329e-05,0.00011879660542839232,443.79679304137244
rich6d_rough,1080,2.6366508987303556e-10,100,0.00011768435106411339,400.51055966875725,0.03993910700412201,400.4322790190292,400.5888403184853,1.4235053115368117,0.0029338817028443805,1.4177549033992367,1.4292557196743867,0.02128671423674149,0.0008636427183427714,0.019593974508789656,0.022979453964693322,0.4377209978113207,0.0029338817028443796,0.4319705896737457,0.44347140594889567,0.4375980298860133,0.0029335868699445233,0.431848199620922,0.4433478601511046,3.7285485668002375e-06,5.209317674987136e-06,-6.481714076174548e-06,1.3938811209775024e-05,0.0001192393767387237,430.4290299650896
rich6d_rough,1080,3.3598182862837877e-10,100,0.00011768435106411339,384.3689548124587,0.0424858439793965,384.28568255825905,384.45222706665834,1.3830827340856897,0.002659785020372347,1.3778695554457598,1.3882959127256196,0.022260414623645496,0.0008768238164756027,0.020541839943353315,0.023978989303937676,0.3972984203601996,0.002659785020372348,0.39208524172026976,0.4025115990001294,0.3971744105609148,0.0026594977703306272,0.39196179493106675,0.40238702619076283,4.197335856187786e-06,5.67968113309304e-06,-6.934839164674573e-06,1.5329510877050145e-05,0.00011981246342869165,415.4028718256957
rich6d_rough,1080,4.281332398719396e-10,100,0.00011768435106411339,367.2448000569602,0.04468086467296391,367.1572255622012,367.33237455171917,1.344514929452286,0.0024095672576550215,1.339792177627282,1.34923768127729,0.023330256681710813,0.0008905615515195306,0.021584756040732532,0.025075757322689095,0.35873061572679615,0.002409567257655022,0.3540078639017923,0.3634533675518,0.3586054044385724,0.0024092935658450465,0.3538831890495161,0.36332761982762873,4.676943113754274e-06,6.137673714759064e-06,-7.3528973671734925e-06,1.670678359468204e-05,0.00012053434511110142,398.7936297528796
rich6d_rough,1080,5.455594781168515e-10,100,0.00011768435106411339,349.29946295142224,0.046480404274471074,349.20836135904426,349.3905645438002,1.3081511167551845,0.002184550620201083,1.3038693975395903,1.3124328359707786,0.024500348874174693,0.0009047200007844492,0.022727097672637173,0.026273600075712212,0.32236680302969456,0.0021845506202010836,0.31808508381410044,0.3266485222452887,0.3222402088027674,0.002184292404228523,0.3179589956904795,0.3265214219150553,5.17365570438406e-06,6.588878514868362e-06,-7.740546184757929e-06,1.808785759352605e-05,0.00012142057122488392,380.74338360398104
rich6d_rough,1080,6.951927961775591e-10,100,0.00011768435106411339,330.71074206164593,0.04784999637148043,330.6169560687578,330.80452805453405,1.2742105253839426,0.0019847530093235312,1.2703204094856686,1.2781006412822167,0.02577558502691272,0.0009191813671659869,0.023973989547267385,0.027577180506558052,0.28842621165845245,0.0019847530093235312,0.28453609576017835,0.29231632755672654,0.2882980338928205,0.001984508677972073,0.2844083968839952,0.29218767090164577,5.693992485756907e-06,7.044754427259661e-06,-8.113726191672029e-06,1.9501711163185844e-05,0.0001224837731473461,361.4539883315178
rich6d_rough,1080,8.858667904100832e-10,100,0.00011768435106411339,311.66593232800665,0.048764746131931214,311.57035342558805,311.76151123042524,1.2428020251085818,0.001808871708347312,1.2392566365602211,1.2463474136569426,0.027161740528036153,0.0009338576408931363,0.025331379551885608,0.0289921015041867,0.2570177113830917,0.001808871708347312,0.253472322834731,0.26056309993145244,0.25688773780578095,0.0018086387593618507,0.25334280583743174,0.26043266977413015,6.238534530584483e-06,7.520792079217912e-06,-8.502217944682623e-06,2.097928700585159e-05,0.00012373504277967025,341.1743639987196
rich6d_rough,1080,1.1288378916846883e-09,100,0.00011768435106411339,292.35531785770104,0.04921124166016187,292.2588638240471,292.45177189135495,1.2139467247579179,0.0016544176101831968,1.2107040662419588,1.217189383273877,0.028665501743684034,0.0009487029394532236,0.026806043982355716,0.030524959505012352,0.22816241103242732,0.0016544176101831968,0.22491975251646826,0.23140506954838638,0.2280304279100307,0.0016541963091680236,0.22478820314406137,0.23127265267600003,6.796530565907489e-06,8.03247867394979e-06,-8.9471276350341e-06,2.254018876684908e-05,0.00012518659183122748,320.1842177937985
rich6d_rough,1080,1.4384498882876659e-09,100,0.00011768435106411339,272.9663396679868,0.049190220600492926,272.8699268356098,273.0627525003638,1.1875998934693137,0.00151806261763418,1.1846244907387506,1.1905752961998768,0.03029445277413708,0.0009637222884295267,0.028405557088815207,0.03218334845945895,0.20181557974382336,0.0015180626176341798,0.19884017701326037,0.20479098247438635,0.2016813809029162,0.0015178589690028857,0.19870637732367055,0.20465638448216186,7.343710529149202e-06,8.589572005008242e-06,-9.49185060066695e-06,2.4179271658965356e-05,0.00012685513037736552,298.7766729612716
rich6d_rough,1080,1.8329807108324374e-09,100,0.00011768435106411339,253.67858556988188,0.04871841393304551,253.5830974785731,253.77407366119064,1.1636703310061554,0.0013961855825709772,1.1609338072643163,1.1664068547479944,0.032057030441453166,0.0009789707992840303,0.030138247674856466,0.03397581320804986,0.17788601728066478,0.0013961855825709774,0.17514949353882567,0.18062254102250389,0.17774940779808948,0.0013960119952372621,0.17501322428742444,0.18048559130875452,7.844490963975168e-06,9.190415306742775e-06,-1.016872303724067e-05,2.5857704965191007e-05,0.00012876499161056446,277.2419981120626
rich6d_rough,1080,2.335721469090121e-09,100,0.00011768435106411339,234.65969006992717,0.04782818006564441,234.5659468369985,234.75343330285583,1.1420365453721535,0.0012854777383543325,1.139517009004979,1.1445560817393279,0.033962430271575604,0.0009945394574974607,0.03201313293488058,0.035911727608270626,0.1562522316466634,0.0012854777383543325,0.1537326952794889,0.1587717680138379,0.15611302379391642,0.0012853508767482087,0.15359373607548993,0.15863231151234292,8.258025379086497e-06,9.818618282126467e-06,-1.0986466453881378e-05,2.750251721205437e-05,0.00013094982736767263,255.85398912362106
rich6d_rough,1080,2.9763514416313133e-09,100,0.00011768435106411339,216.0621903205962,0.04656450118337581,215.97092389827677,216.1534567429156,1.122559666367894,0.0011833984767405379,1.1202402053534826,1.1248791273823056,0.036020416873918715,0.0010105288288415205,0.03403978036938934,0.03800105337844809,0.13677535264240398,0.0011833984767405379,0.1344558916279925,0.13909481365681545,0.1366333547061199,0.0011833349710507304,0.13431401816286045,0.13895269124937934,8.546119977121492e-06,1.0443693977777725e-05,-1.1923520219322847e-05,2.901576017356583e-05,0.00013345181630721598,234.85983268649733
rich6d_rough,1080,3.792690190732238e-09,100,0.00011768435106411339,198.02133125502078,0.04498010945302844,197.93317024049284,198.10949226954872,1.1050931440323961,0.0010883291434974122,1.1029600189111413,1.107226269153651,0.038240981638704256,0.0010270164188737952,0.03622802945771162,0.04025393381969689,0.11930883030690578,0.0010883291434974122,0.11717570518565086,0.1214419554281607,0.11916383208006011,0.0010883404712552333,0.11703068475639986,0.12129697940372036,8.680439478695208e-06,1.1025596029211162e-05,-1.2929728738558668e-05,3.0290607695949083e-05,0.0001363177873671944,214.47364689376235
rich6d_rough,1080,4.832930238571752e-09,100,0.00011768435106411339,180.65373884707736,0.043130309841122164,180.56920343978877,180.73827425436596,1.0894893278638744,0.000999421539347431,1.0875304616467534,1.0914481940809955,0.04063381120796714,0.0010440241225447837,0.038587523927779366,0.04268009848815492,0.1037050141383842,0.0009994215393474308,0.10174614792126324,0.10566388035550517,0.1035567748789133,0.0009995095289694425,0.1015977362021332,0.1055158135556934,8.646881630407993e-06,1.1521731585720244e-05,-1.3935712277603684e-05,3.122947553841967e-05,0.00013959237784066762,194.8733960629921
rich6d_rough,1080,6.158482110660254e-09,100,0.00011768435106411339,164.05680953180538,0.041069042066659615,163.97631420935474,164.13730485425603,1.075603277309355,0.0009162773183852611,1.0738073737653198,1.07739918085339,0.043207568918474965,0.0010614888717695357,0.04112705072980667,0.04528808710714326,0.08981896358386486,0.0009162773183852609,0.08802306003982975,0.09161486712789997,0.08966720809701463,0.0009164316932271599,0.0878710019782894,0.09146341421573986,8.446320790588656e-06,1.1894758259142138e-05,-1.4867405397329935e-05,3.1760046978507246e-05,0.00014330916605967067,176.20051895330542
rich6d_rough,1080,7.847599703514623e-09,100,0.00011768435106411339,148.30864240379836,0.0388468897125756,148.2325024999617,148.38478230763502,1.0632945769067825,0.0008386422298120846,1.0616508381363507,1.0649383156772143,0.04596901160173041,0.001079235027835464,0.0438537109471729,0.048084312256287925,0.07751026318129269,0.0008386422298120846,0.075866524410861,0.07915400195172437,0.07735468920271656,0.0008388413942286529,0.0757105600700284,0.07899881833540472,8.092458772695336e-06,1.2120231725267307e-05,-1.5663195408828586e-05,3.184811295421926e-05,0.00014748151980342045,158.56143581388838
rich6d_rough,1080,1e-08,100,0.00011768435106411339,133.4683918993011,0.03651062689793786,133.39683107058116,133.53995272802106,1.0524281864225478,0.0007662393142406143,1.050926357366636,1.0539300154784594,0.04892193761237189,0.001096945147453059,0.046771925123363894,0.05107195010137988,0.06664387269705813,0.0007662393142406144,0.06514204364114652,0.06814570175296973,0.0664841687059638,0.0007664548623987702,0.06498191717566221,0.06798642023626539,7.608381065483155e-06,1.219424961188854e-05,-1.6292348173818382e-05,3.1509110304784694e-05,0.000152095610028994,142.03016438674965
rich6d_rough,1080,1.274274985703132e-08,100,0.00011768435106411339,119.57700482695898,0.034103264163536665,119.51016242919845,119.64384722471952,1.0428751431976213,0.0006987496686138967,1.041505593847138,1.0442446925481046,0.052065914592477495,0.0011141282617628044,0.0498822231994224,0.05424960598553259,0.05709082947213137,0.0006987496686138966,0.055721280121648134,0.05846037882261461,0.056926697866287054,0.0006989538560041782,0.055556748308518866,0.05829664742405524,7.023097888145675e-06,1.2141842405572585e-05,-1.677491322677659e-05,3.082110900306794e-05,0.00015710850795627208,126.65153146481829
rich6d_rough,1080,1.623776739188721e-08,100,0.00011768435106411339,106.65834855969189,0.03166383788136355,106.59628743744442,106.72040968193936,1.0345133286893775,0.0006358627430973223,1.0332670377129067,1.0357596196658483,0.05539475329946358,0.0011300899537821638,0.05317977699005053,0.05760972960887662,0.04872901496388748,0.0006358627430973222,0.04748272398741673,0.049975305940358226,0.048560192515842725,0.0006360369882397277,0.04731356001889286,0.04980682501279259,6.368262976232316e-06,1.2026502388156043e-05,-1.7203681704553526e-05,2.994020765701816e-05,0.00016245418506859698,112.44473552856861
rich6d_rough,1080,2.0691380811147902e-08,100,0.00011768435106411339,94.72069089919056,0.029227022568839734,94.66340593495563,94.77797586342548,1.0272279735539824,0.0005773139160235746,1.0260964382785762,1.0283595088293886,0.05889485152070187,0.001143912999324425,0.05665278204202599,0.061136920999377745,0.04144365982849162,0.0005773139160235744,0.040312124553085416,0.04257519510389783,0.041269926083812664,0.0005774560243125158,0.04013811227616013,0.042401739891465194,5.674456847604187e-06,1.1959522452031346e-05,-1.776620715837725e-05,2.9115120853585624e-05,0.00016805928783143742,99.40712075409623
rich6d_rough,1080,2.6366508987303555e-08,100,0.00011768435106411339,83.75839778630508,0.02682316828983595,83.705824376457,83.81097119615316,1.0209115388425039,0.0005228853634139427,1.0198866835302125,1.0219363941547952,0.06254378356483993,0.001154460069316542,0.06028104182897951,0.06480652530070036,0.03512722511701391,0.0005228853634139423,0.03410236980472258,0.03615208042930524,0.034948389468237875,0.0005230137805578795,0.03392328245834443,0.03597349647813132,4.966621557646142e-06,1.2103851958087119e-05,-1.875692828020461e-05,2.8690171395496894e-05,0.00017386902721840992,87.5179592570985
rich6d_rough,1080,3.3598182862837814e-08,100,0.00011768435106411339,73.75367055848119,0.024479042911922544,73.70569163437382,73.80164948258856,1.0154630600328378,0.00047239985828926353,1.014537156310591,1.0163889637550847,0.06630965892227517,0.001160413127868224,0.06403524919165345,0.06858406865289689,0.02967874630734701,0.0004723998582892637,0.028752842585100056,0.030604650029593967,0.02949460473127327,0.0004725543656778282,0.028568398174544724,0.030420811288001812,4.259173741442253e-06,1.2661819591175817e-05,-2.055799265726235e-05,2.9076340140146854e-05,0.00017988240233236114,76.74197214556904
rich6d_rough,1080,4.281332398719396e-08,100,0.00011768435106411339,64.67820892191759,0.02221874238494737,64.63466018684309,64.72175765699208,1.0107875157007808,0.00042573936342721867,1.0099530665484635,1.0116219648530982,0.07015160620562978,0.001160369055695723,0.06787728285646616,0.0724259295547934,0.025003201975290303,0.00042573936342721867,0.024168752822972955,0.02583765112760765,0.02481345347064859,0.00042597837672698065,0.023978535852263706,0.02564837108903347,3.552079816483758e-06,1.38394472503045e-05,-2.3573236794113065e-05,3.067739642708058e-05,0.00018619642482528218,67.03240026522778
rich6d_rough,1080,5.4555947811685146e-08,100,0.00011768435106411339,56.49481492512115,0.02006381104451161,56.45548985547391,56.53413999476839,1.0067958088871816,0.0003828818451651742,1.0060453604706578,1.0075462573037053,0.0740212622443282,0.001153011982075683,0.07176135875945987,0.07628116572919653,0.021011495161691127,0.0003828818451651743,0.020261046745167384,0.02176194357821487,0.02081560455901318,0.0003832761835826865,0.020064383239191116,0.021566825878835245,2.8290987850475942e-06,1.580436005862142e-05,-2.8147446929850388e-05,3.380564449994558e-05,0.0001930615038929582,58.333636446912216
rich6d_rough,1080,6.951927961775605e-08,100,0.00011768435106411339,49.159034930337775,0.018032130489857946,49.12369195457765,49.1943779060979,1.0034054697961947,0.0003439166207407624,1.0027313932195427,1.0040795463728467,0.0778646955179576,0.0011373668845164296,0.0756354564243054,0.08009393461160981,0.01762115607070455,0.00034391662074076233,0.016947079494052653,0.018295232647356444,0.01741814321743719,0.0003445381845567931,0.016742848375705877,0.018093438059168503,2.0586390788308666e-06,1.867288685839592e-05,-3.454021916362513e-05,3.865749732128686e-05,0.0002009542141885902,50.58358636174
rich6d_rough,1080,8.858667904100815e-08,100,0.00011768435106411339,42.62089532518478,0.01613625026320328,42.5892682746689,42.65252237570066,1.0005416036195611,0.00030900470923299794,0.9999359543894645,1.0011472528496579,0.08162420796611954,0.0011130992886203798,0.07944253336042359,0.08380588257181548,0.014757289894071187,0.00030900470923299794,0.01415164066397451,0.015362939124167863,0.014545414670487278,0.0003099066265018466,0.01393799768254366,0.015152831658430897,1.19694860818607e-06,2.253325943138515e-05,-4.296823987732882e-05,4.536213709370096e-05,0.00021067827497577886,43.715904472213474
rich6d_rough,1080,1.1288378916846883e-07,100,0.00011768435106411339,36.826658360002554,0.01438258775866268,36.79846848799558,36.85484823200953,0.9981374126560438,0.00027829235237925216,0.9975919596453805,0.9986828656667072,0.08524001810776267,0.001080778462459164,0.08312169232134271,0.08735834389418264,0.012353098930553377,0.0002782923523792522,0.011807645919890043,0.012898551941216712,0.012129397120805708,0.0002794760580582545,0.011581624047011529,0.012677170194599886,1.9325760196576013e-07,2.7474859243668375e-05,-5.365746651562425e-05,5.404398171955578e-05,0.00022350855214576908,37.66208920801571
rich6d_rough,1080,1.438449888287663e-07,100,0.00011768435106411339,31.720424934037975,0.012772532851901552,31.69539076964825,31.745459098427702,0.9961339768681421,0.00025182943827212954,0.9956403911691287,0.9966275625671555,0.08865240394906305,0.0010420017664377844,0.086610080486845,0.09069472741128111,0.0103496631426521,0.0002518294382721295,0.009856077443638726,0.010843248841665475,0.01010927135484319,0.0002531949453900554,0.009613009261878682,0.0106055334478077,-1.0030280674661405e-06,3.3598958300374146e-05,-6.685698633619945e-05,6.485093020126719e-05,0.00024139481587642786,32.353278733271864
rich6d_rough,1080,1.8329807108324338e-07,100,0.00011768435106411339,27.245436088092873,0.011305078565375586,27.22327813410474,27.267594042081008,0.994479570078154,0.00022955100280558295,0.9940296501126551,0.9949294900436529,0.09180475955282912,0.0009993124752416959,0.08984610710135539,0.09376341200430284,0.008695256352663997,0.00022955100280558303,0.008245336387165054,0.00914517631816294,0.008430449491772019,0.0002308298422232175,0.007978023001014512,0.008882875982529525,-2.432648633374056e-06,4.1007929903775844e-05,-8.28081912447747e-05,7.79428939780266e-05,0.0002672395095254035,27.721599842943153
rich6d_rough,1080,2.3357214690901212e-07,100,0.00011768435106411339,23.345058269837438,0.009979260455023982,23.32549891934559,23.364617620329284,0.9931291141240848,0.00021133438091881928,0.9927148987374839,0.9935433295106857,0.09464710232548768,0.000955924549513719,0.09277349020844079,0.09652071444253456,0.007344800398595023,0.00021133438091881928,0.006930585011994137,0.0077590157851959085,0.0070436619788411085,0.0002120111236158111,0.006628120176554119,0.007459203781128098,-4.114564782336983e-06,4.977817894518319e-05,-0.00010167979551489604,9.345066595022207e-05,0.00030525298453631423,23.701074316732157
rich6d_rough,1080,2.976351441631313e-07,100,0.00011768435106411339,19.963567140753014,0.008794628429290272,19.946329669031606,19.980804612474422,0.9920441745360558,0.0001970772241754275,0.9916579031766719,0.9924304458954396,0.09713867616871343,0.0009153494475967324,0.09534459125142383,0.09893276108600302,0.006259860810565391,0.00019707722417542745,0.005873589451181553,0.006646132169949228,0.00590452992162113,0.00019631777044655483,0.005519747091545882,0.006289312751696377,-6.033991684827151e-06,5.992126456859475e-05,-0.00012347967023927287,0.00011141168686961856,0.00036136488062914196,20.228240952404445
rich6d_rough,1080,3.792690190732246e-07,100,0.00011768435106411339,17.046867288549638,0.007749382596444701,17.031678498660607,17.06205607843867,0.9911933780027705,0.00018671147497650685,0.9908274235118165,0.9915593324937245,0.09924839112754105,0.0008810422577438688,0.09752154830236306,0.10097523395271904,0.005409064277280056,0.00018671147497650685,0.005043109786326102,0.005775018768234009,0.0049735737264491485,0.00018333551737257948,0.004614236112398893,0.005332911340499404,-8.135158353293437e-06,7.133713787950325e-05,-0.00014795594859711982,0.00013168563189053294,0.00044362570918424216,17.24267939128246
rich6d_rough,1080,4.832930238571752e-07,100,0.00011768435106411339,14.543197511923118,0.006837609501000168,14.529795797301158,14.556599226545078,0.9905527207054512,0.00018010963662374753,0.9901997058176687,0.9909057355932337,0.1009529675605914,0.0008561258486955268,0.09927496089714817,0.10263097422403462,0.004768406979961176,0.0001801096366237475,0.004415392092178631,0.005121421867743721,0.004216265185475698,0.00017265962717383937,0.0038778523162149724,0.004554678054736422,-1.0325141235221669e-05,8.376611218870491e-05,-0.00017450672112508328,0.00015385643865463994,0.0005624669357207537,14.68751883435202
rich6d_rough,1080,6.158482110660254e-07,100,0.00011768435106411339,12.403762815430369,0.0060478044288226115,12.391909118749876,12.415616512110862,0.9901052081345253,0.00017692618948159238,0.9897584328031414,0.9904519834659092,0.1022338539917234,0.000843168819352556,0.10058124310579239,0.1038864648776544,0.004320894409035262,0.00017692618948159246,0.003974119077651341,0.004667669740419183,0.003602774869696441,0.00016386966735480334,0.0032815903216810265,0.003923959417711856,-1.2493878085897591e-05,9.675163421024902e-05,-0.00020212708113798568,0.0001771393249661905,0.000730613417424782,12.509885919480524
rich6d_rough,1080,7.847599703514607e-07,100,0.00011768435106411339,10.583196523419407,0.0053639171258425405,10.572683245852755,10.593709800986058,0.9898395426532106,0.00017647926300074748,0.9894936432977292,0.9901854420086921,0.10307434211202604,0.0008439758222627079,0.10142014950039113,0.10472853472366095,0.0040552289277204475,0.0001764792630007475,0.0037093295722389823,0.004401128283201912,0.0031073830176040823,0.00015652246309573258,0.0028005989899364462,0.0034141670452717183,-1.4550115776580319e-05,0.00010963176016462219,-0.00022942836569923982,0.00020032813414607917,0.0009623960258929986,10.661196957648686
rich6d_rough,1080,1e-06,100,0.00011768435106411339,9.03980475931464,0.004768303224681416,9.030458884994264,9.049150633635016,0.9897479014816796,0.0001777598801781605,0.9893994921165303,0.9900963108468288,0.10345783056791272,0.0008594111094020924,0.10177338479348462,0.10514227634234082,0.003963587756189384,0.00017775988017816052,0.003615178391040189,0.004311997121338579,0.002707793654120657,0.00015018052470062613,0.00241343982570743,0.003002147482533884,-1.6464042783477722e-05,0.00012157919607349409,-0.00025475926708752616,0.0002218311815205707,0.001272258144852257,9.097247592051238
rich6d_rough,1080,1.2742749857031322e-06,100,0.00011768435106411339,7.735624217234038,0.00424481735365648,7.727304375220871,7.743944059247205,0.9898230839690693,0.000179577134923894,0.9894711127846184,0.9901750551535201,0.10336760976347077,0.0008893258699843277,0.10162453105830149,0.10511068846864005,0.004038770243578746,0.00017957713492389402,0.003686799059127914,0.004390741428029579,0.002384616627730075,0.00014445589516236775,0.002101483073211834,0.002667750182248316,-1.8298088214517495e-05,0.00013170255639266695,-0.0002764350987441447,0.00023983892231510973,0.0016724517040632254,7.778134019839804
rich6d_rough,1080,1.6237767391887209e-06,100,0.00011768435106411339,6.636368072114981,0.0037806851746481638,6.62895792917267,6.643778215057291,0.9900555007692742,0.00018078172105144444,0.9897011685960133,0.990409832942535,0.10278834114615774,0.0009326272429996815,0.10096039174987836,0.10461629054243712,0.0042711870437837085,0.00018078172105144439,0.003916854870522878,0.004625519217044539,0.0021211120724514993,0.00013904107705123753,0.0018485915614310736,0.002393632583471925,-2.0204054583858516e-05,0.00013920204118617833,-0.00029304005530876804,0.00025263194614105105,0.0021702790259161223,6.66808368745221
rich6d_rough,1080,2.06913808111479e-06,100,0.00011768435106411339,5.711325446666827,0.0033669927310581065,5.7047261409139525,5.717924752419701,0.9904306831143229,0.00018049248576376754,0.990076917842226,0.9907844483864199,0.10170936973719497,0.000987470294197113,0.09977392796056862,0.10364481151382131,0.004646369388833084,0.00018049248576376746,0.004292604116736099,0.005000134660930068,0.0019031143294302,0.00013371705048915305,0.00164102891047146,0.00216519974838894,-2.237340697864183e-05,0.00014354477457436795,-0.000303721165144403,0.00025897435118711935,0.002765628466381575,5.735260839780249
rich6d_rough,1080,2.6366508987303555e-06,100,0.00011768435106411339,4.933243872055049,0.0029983609249303943,4.927367084642185,4.939120659467912,0.990928084521553,0.000178257788186372,0.9905786992567077,0.9912774697863983,0.10012961049181629,0.0010515576647127686,0.09806855746897926,0.10219066351465332,0.005143770796062554,0.000178257788186372,0.0047943855312172655,0.005493156060907843,0.0017189946134930508,0.00012834656981101076,0.0014674353366634697,0.001970553890322632,-2.4948316355116368e-05,0.0001446012137103651,-0.00030836669522743196,0.0002584700625171992,0.003449724498924671,4.951573132423569
rich6d_rough,1080,3.359818286283781e-06,100,0.00011768435106411339,4.278196108332112,0.002672241707589099,4.272958514585237,4.2834337020789865,0.9915217022359196,0.00017409757774596436,0.9911804709835376,0.9918629334883017,0.098062857828794,0.001122556818565924,0.09586264646440479,0.1002630691931832,0.0057373885104295645,0.0001740975777459643,0.005396157258047474,0.0060786197628116545,0.0015595699064589318,0.00012286299238340278,0.0013187584413874623,0.0018003813715304013,-2.792451367565607e-05,0.00014268095424734267,-0.0003075791840004477,0.00025173015664913553,0.00420574311764634,4.2924763781268584
rich6d_rough,1080,4.281332398719387e-06,100,0.00011768435106411339,3.7254246296250777,0.00238784597622808,3.7207444515116705,3.730104807738485,0.9921824120291123,0.00016840248302084024,0.9918523431623915,0.9925124808958331,0.09554153127761372,0.0011985877432469255,0.09319229930084975,0.09789076325437769,0.006398098303622195,0.00016840248302084026,0.0060680294369013475,0.006728167170343042,0.0014179318446105962,0.00011725614528482642,0.0011881097998523364,0.001647753889368856,-3.108830557929899e-05,0.00013843416425151777,-0.0003024192675122738,0.00024024265635367583,0.005011254764590941,3.736767441436591
rich6d_rough,1080,5.455594781168514e-06,100,0.00011768435106411339,3.257159266062903,0.0021446486296310364,3.252955754748826,3.2613627773769798,0.992881184503011,0.00016171884791246568,0.9925642155611025,0.9931981534449195,0.09261691461422528,0.0012785950723191127,0.09011086827247981,0.09512296095597074,0.007096870777520695,0.0001617188479124657,0.006779901835612262,0.0074138397194291284,0.0012891952103608558,0.00011155034825161849,0.0010705565277876836,0.001507833892934028,-3.402011636347198e-05,0.00013263955201077605,-0.00029399363830459304,0.00022595340557764908,0.005841695683523362,3.2663591401325967
rich6d_rough,1080,6.951927961775606e-06,100,0.00011768435106411339,2.8584034977632586,0.0019408370411180017,2.854599457162667,2.86220753836385,0.9935919962258483,0.00015450609712029062,0.9932891642754925,0.993894828176204,0.08935522786687995,0.0013623459836628223,0.08668502973890083,0.09202542599485908,0.007807682500357638,0.00015450609712029062,0.007504850550001868,0.008110514450713407,0.0011701604144593405,0.00010577267088887721,0.0009628459795171412,0.0013774748494015398,-3.6170159087710014e-05,0.0001259606765133052,-0.0002830530850537882,0.00021071276687836818,0.006673692244986066,2.8660320535011623
rich6d_rough,1080,8.858667904100815e-06,100,0.00011768435106411339,2.5166816918300707,0.0017725308545380731,2.5132075313551763,2.520155852304965,0.9942935117614646,0.00014697771135007873,0.9940054354472185,0.9945815880757107,0.08583081158078257,0.001449938099338409,0.08298893290607928,0.08867269025548585,0.008509198035974837,0.0001469777113500788,0.008221121721728682,0.008797274350220992,0.0010588902210387644,9.991895909719014e-05,0.0008630490612082717,0.001254731380869257,-3.6982804483045724e-05,0.00011878375014183532,-0.0002697989547610429,0.0001958333457949515,0.0074872906194191746,2.523154989318927
rich6d_rough,1080,1.1288378916846883e-05,100,0.00011768435106411339,2.2217415475507827,0.001634453234569466,2.2185380192110267,2.2249450758905387,0.9949693160607557,0.00013909649370907377,0.9946966869330859,0.9952419451884255,0.08211908759928942,0.001541020518210755,0.07909868738359634,0.0851394878149825,0.00918500233526553,0.0001390964937090738,0.008912373207595746,0.009457631462935314,0.0009542390734066304,9.393255059309071e-05,0.0007701312742441727,0.0011383468725690883,-3.602879209999048e-05,0.00011121511474677427,-0.000254010417003668,0.00018195283280368708,0.008266792053958943,2.2273673240478233
rich6d_rough,1080,1.43844988828766e-05,100,0.00011768435106411339,1.9652193983607793,0.0015217882900018357,1.9622366933123756,1.968202103409183,0.9956071682058132,0.00013070269541784642,0.9953509909227942,0.9958633454888322,0.07829187308623115,0.0016341728314749342,0.07508889433654027,0.08149485183592202,0.009822854480322411,0.00013070269541784642,0.009566677197303431,0.01007903176334139,0.0008554223592881578,8.770848020104589e-05,0.0006835137380941079,0.0010273309804822077,-3.310467676947719e-05,0.00010322116635028665,-0.000235418162816039,0.00016920880927708465,0.009000536797803783,1.9702293754162432
rich6d_rough,1080,1.8329807108324338e-05,100,0.00011768435106411339,1.740296513781213,0.0014319363843414354,1.7374899184679038,1.7431031090945222,0.9961980401247942,0.00012167970877069352,0.9959595478956036,0.9964365323539848,0.07441615172715149,0.0017268085733864104,0.07103160692331413,0.07780069653098885,0.0104137263993035,0.00012167970877069352,0.010175234170112941,0.010652218628494059,0.0007617301408795984,8.112435096471509e-05,0.0006027264129887568,0.00092073386877044,-2.8274479922531655e-05,9.480915271483749e-05,-0.00021410041924361313,0.00015755145939854982,0.009680270738346493,1.744867486335052
rich6d_rough,1080,2.3357214690901213e-05,100,0.00011768435106411339,1.54138928049152,0.0013647405809714779,1.5387143889528159,1.544064172030224,0.9967355197490652,0.00011206327181022113,0.9965158757363172,0.9969551637618131,0.07055549145650254,0.0018156283056521636,0.0669968599774243,0.07411412293558078,0.010951206023575057,0.00011206327181022114,0.010731562010827023,0.01117085003632309,0.0006724504194435384,7.408607841617582e-05,0.0005272417057478338,0.000817659133139243,-2.1851095681750142e-05,8.614273429815283e-05,-0.0001906908549061297,0.0001469886635426294,0.010300606699813331,1.5456557019736028
rich6d_rough,1080,2.976351441631313e-05,100,0.00011768435106411339,1.3639133888489767,0.0013206809404962244,1.3613248542056042,1.3665019234923492,0.9972157188076254,0.00010205836188424504,0.9970156844183322,0.9974157531969186,0.06677205132820978,0.0018973559946816473,0.06305323357863375,0.0704908690777858,0.011431405082135465,0.00010205836188424501,0.011231370692842345,0.011631439471428586,0.0005869860617275506,6.657119600609407e-05,0.0004565065175556063,0.000717465605899495,-1.4333917234678989e-05,7.754785818941449e-05,-0.0001663277192859314,0.0001376598848165734,0.010858752937642652,1.367973777896663
rich6d_rough,1080,3.792690190732246e-05,100,0.00011768435106411339,1.2041401935397005,0.001297968272674159,1.2015961757252591,1.2066842113541418,0.997637445780627,9.198404458434441e-05,0.9974571570532417,0.9978177345080123,0.06312713883877656,0.001969433034480762,0.05926705009119427,0.06698722758635886,0.011853132055137001,9.198404458434441e-05,0.011672843327751686,0.012033420782522317,0.0005050705233249477,5.8655686799945345e-05,0.0003901053771970548,0.0006200356694528405,-6.326627058142423e-06,6.942764101529896e-05,-0.00014240480344812837,0.00012975154933184355,0.011354388158870259,1.2080597277896303
rich6d_rough,1080,4.8329302385717524e-05,100,0.00011768435106411339,1.0591317311141808,0.001290504059472401,1.0566023431576148,1.0616611190707468,0.9980022742434488,8.218742865646463e-05,0.9978411868832822,0.9981633616036154,0.05967933185019445,0.002030440106123148,0.05569966924219308,0.06365899445819583,0.012217960517958506,8.218742865646463e-05,0.012056873157791834,0.012379047878125177,0.00042695081658624475,5.051729458391502e-05,0.0003279369192017713,0.0005259647139707181,1.545285779558748e-06,6.2134029630879e-05,-0.00012023741229696407,0.00012332798385608157,0.011789464415592747,1.0629435064759833
rich6d_rough,1080,6.158482110660255e-05,100,0.00011768435106411339,0.9267140008531918,0.0012882407314285618,0.9241890490195918,0.9292389526867918,0.9983142471989241,7.296123038345963e-05,0.9981712431873726,0.9984572512104757,0.05648053186444292,0.0020801611503715395,0.0524034160097147,0.06055764771917114,0.012529933473433862,7.296123038345963e-05,0.01238692946188228,0.012672937484985443,0.00035342665436563075,4.2414545379731547e-05,0.00027029414542135695,0.00043655916330990455,8.70740749936272e-06,5.5849504377752705e-05,-0.00010075762108103259,0.00011817243607975802,0.012167799411568913,0.9304212601394518
rich6d_rough,1080,7.847599703514606e-05,100,0.00011768435106411339,0.8054378952715975,0.0012796966185042737,0.8029296898993291,0.8079461006438658,0.9985791791330152,6.448672812866802e-05,0.998452785145883,0.9987055731201474,0.05357131883493434,0.002119351123701516,0.049417390632479366,0.05772524703738931,0.012794865407525386,6.448672812866804e-05,0.012668471420393197,0.012921259394657575,0.0002857006521893548,3.464586937006009e-05,0.00021779474822403698,0.00035360655615467257,1.469670063278826e-05,5.0530518040097966e-05,-8.434311472580376e-05,0.00011373651599138028,0.012494468054703289,0.8090188349682454
rich6d_rough,1080,0.0001,100,0.00011768435106411339,0.6944879161589239,0.0012550467646406716,0.6920280245002282,0.6969478078176197,0.9988037147096003,5.6815301326270065e-05,0.9986923567190008,0.9989150727001997,0.05097728482309916,0.002149363723089861,0.04676453192584304,0.05519003772035529,0.013019400984110528,5.681530132627008e-05,0.012908042993511039,0.013130758974710017,0.00022507762155876473,2.7498209615457167e-05,0.0001711811307124687,0.00027897411240506077,1.9206700004737256e-05,4.594504411451877e-05,-7.084558645971952e-05,0.00010925898646919404,0.012775116662547076,0.6979034808267797
rich6d_rough,1080,0.0001274274985703132,100,0.00011768435106411339,0.5935259670637457,0.0012083631910868,0.5911575752092156,0.5958943589182758,0.9989943982609896,4.9892201102093294e-05,0.9988966095468295,0.9990921869751497,0.04870757576349423,0.0021717933105726444,0.04445086087477185,0.05296429065221661,0.013210084535499473,4.9892201102093294e-05,0.013112295821339371,0.013307873249659576,0.00017261646280354394,2.1198329374024273e-05,0.00013106773723045638,0.0002141651883766315,2.2111902481437928e-05,4.1785792927254794e-05,-5.9788251655981465e-05,0.00010401205661885731,0.013015356170214541,0.5967296754683038
rich6d_rough,1080,0.00016237767391887175,100,0.00011768435106411339,0.5024892091650452,0.0011384319012376937,0.5002578826386194,0.5047205356914711,0.9991569844690058,4.3610109804974017e-05,0.999071508653788,0.9992424602842236,0.04675594888045768,0.0021882152757995246,0.04246704693989061,0.051044850821024744,0.013372670743516184,4.3610109804974017e-05,0.013287194928298435,0.013458146558733933,0.00012885635505623314,1.5879943455695616e-05,9.773166588306973e-05,0.00015998104422939655,2.34648527892227e-05,3.779269819460787e-05,-5.0608835672208726e-05,9.753854125065412e-05,0.01322034953567077,0.5054370769985984
rich6d_rough,1080,0.00020691380811147902,100,0.00011768435106411339,0.42138295052087793,0.0010482489518622155,0.419328382575228,0.4234375184665279,0.9992961084170723,3.7865805868158857e-05,0.9992218914375707,0.9993703253965739,0.045103773369368175,0.002200036882540356,0.04079170107958908,0.04941584565914727,0.013511794691581676,3.7865805868158857e-05,0.013437577712080085,0.013586011671083267,9.370161222969534e-05,1.1574396488857523e-05,7.101579511153459e-05,0.00011638742934785609,2.3464563678908858e-05,3.382355859419829e-05,-4.28296111657198e-05,8.975873852353752e-05,0.013394628515673133,0.4240414271789661
rich6d_rough,1080,0.00026366508987303556,100,0.00011768435106411339,0.350112473281544,0.0009436502008066379,0.34826291888796296,0.351962027675125,0.9994152945407723,3.2594968432642225e-05,0.9993514084026442,0.9994791806789003,0.043723964068365484,0.0022084335104369454,0.03939543438790907,0.048052493748821895,0.013630980815281793,3.259496843264222e-05,0.013567094677153814,0.013694866953409771,6.647864621423498e-05,8.224028966308086e-06,5.035954944027113e-05,8.259774298819883e-05,2.240380551982192e-05,2.985864067427556e-05,-3.6119130201758186e-05,8.092674124140202e-05,0.013542098363547788,0.35246301543677444
rich6d_rough,1080,0.0003359818286283774,100,0.00011768435106411339,0.288382460611379,0.0008316484348498763,0.2867524296790733,0.29001249154368475,0.9995171840691215,2.7777225664005693e-05,0.9994627407068201,0.9995716274314229,0.04258489180070421,0.0022143392392795637,0.038244786891716266,0.046924996709692156,0.01373287034363163,2.7777225664005693e-05,0.013678426981330179,0.01378731370593308,4.611361316096305e-05,5.710076017167169e-06,3.49218641673154e-05,5.73053621546107e-05,2.060962125337149e-05,2.5962880344887805e-05,-3.0277624222608605e-05,7.149686672935159e-05,0.013666147109217345,0.29042249625870764
rich6d_rough,1080,0.00042813323987193956,100,0.00011768435106411339,0.23566910144696573,0.0007189765020724486,0.23425990750290374,0.23707829539102773,0.9996038336235507,2.3420636025313294e-05,0.9995579291769411,0.9996497380701602,0.04165364805483555,0.00221846761462782,0.03730545153016502,0.046001844579506075,0.013819519898060947,2.3420636025313308e-05,0.013773615451451334,0.01386542434467056,3.135090949629569e-05,3.8843156564274275e-06,2.3737650809697932e-05,3.896416818289345e-05,1.8391874827850475e-05,2.223697542665685e-05,-2.5192597008396955e-05,6.19763466640979e-05,0.013769777113736854,0.2374101245064357
rich6d_rough,1080,0.0005455594781168515,100,0.00011768435106411339,0.19124986682458062,0.0006111247330068537,0.19005206234788719,0.19244767130127405,0.9996769734202025,1.9540525126391196e-05,0.9996386739909547,0.9997152728494502,0.04089841216475662,0.002221346348574315,0.03654457332155096,0.04525225100796228,0.013892659694712166,1.95405251263912e-05,0.01385436026546444,0.013930959123959892,2.094409672298209e-05,2.5958259948521895e-06,1.58562777730718e-05,2.603191567289238e-05,1.600917565330736e-05,1.8778017664021252e-05,-2.0795738968174294e-05,5.2814090274789014e-05,0.013855706422335934,0.19271388635984585
rich6d_rough,1080,0.0006951927961775591,100,0.00011768435106411339,0.15426631690586134,0.000511924873636734,0.15326294415353334,0.15526968965818935,0.9997381745404431,1.6143346331188924e-05,0.999706533581634,0.9997698154992523,0.04028993844262397,0.0022233555743148914,0.03593216151696678,0.04464771536828116,0.013953860814953074,1.6143346331188924e-05,0.013922219856143944,0.013985501773762204,1.3783578759159226e-05,1.7086824016168188e-06,1.0434561251990262e-05,1.713259626632819e-05,1.3654039699660671e-05,1.565695324278665e-05,-1.7033588656201164e-05,4.434166805552251e-05,0.013926423196494312,0.15548185001092912
rich6d_rough,1080,0.0008858667904100832,100,0.00011768435106411339,0.12379613868016635,0.0004235671785396005,0.12296594701022874,0.12462633035010397,0.9997889260682227,1.3219164544666973e-05,0.9997630165057151,0.9998148356307303,0.03980232109981841,0.0022247635102573817,0.035441784619713944,0.04416285757992288,0.014004612342732637,1.3219164544666973e-05,0.01397870278022509,0.014030521905240184,8.957359516126612e-06,1.1105174980452997e-06,6.780745219957825e-06,1.11339738122954e-05,1.1453486035372282e-05,1.2911269786047757e-05,-1.3852602745281321e-05,3.6759574816025885e-05,0.013984201497181187,0.12479459016592293
rich6d_rough,1080,0.0011288378916846883,100,0.00011768435106411339,0.09891762948947559,0.00034687454032894673,0.09823775539043085,0.09959750358852033,0.999830649296431,1.0741435416764873e-05,0.9998095960830141,0.9998517025098478,0.03941323620410833,0.0022257565316177444,0.03505075340213755,0.043775719006079114,0.014046335570940198,1.074143541676487e-05,0.014025282357523339,0.014067388784357057,5.760281399371688e-06,7.141865146690964e-07,4.360475830620259e-06,7.160086968123117e-06,9.478966588867151e-06,1.0547694318383673e-05,-1.1194514275164849e-05,3.0152447452899154e-05,0.014031096322952021,0.09973048525659375
rich6d_rough,1080,0.00143844988828766,100,0.00011768435106411339,0.0787582091493431,0.0002816737075045828,0.07820612868263412,0.07931028961605209,0.9998646804365994,8.670971647937475e-06,0.9998476853321694,0.9998816755410294,0.03910384463499824,0.002226462819878344,0.03473997750803669,0.04346771176195979,0.014080366711109531,8.670971647937476e-06,0.014063371606679573,0.01409736181553949,3.672535211879913e-06,4.5534743853098773e-07,2.780054232359177e-06,4.565016191400649e-06,7.759977902613652e-06,8.549628669424536e-06,-8.997294289458437e-06,2.451725009468574e-05,0.01406893419799509,0.07941513756692442
rich6d_rough,1080,0.0018329807108324375,100,0.00011768435106411339,0.06252520472257131,0.00022715553463714737,0.0620799798746825,0.06297042957046012,0.9998922455637554,6.961275253089915e-06,0.9998786014642594,0.9999058896632514,0.03885850132785942,0.0022269700376445025,0.034493640054076194,0.04322336260164264,0.014107931838265335,6.961275253089914e-06,0.014094287738769279,0.01412157593776139,2.325105023818342e-06,2.8828431933223166e-07,1.760067757927168e-06,2.890142289709516e-06,6.297465270977174e-06,6.885553037479682e-06,-7.198218682483002e-06,1.979314922443735e-05,0.014099309267970584,0.06305296124762638
rich6d_rough,1080,0.002335721469090121,100,0.00011768435106411339,0.049521122288614314,0.0001821697788651516,0.04916406952203862,0.04987817505519001,0.999914441012238,5.563455142716579e-06,0.9999035366401583,0.9999253453843178,0.0386643740040614,0.002227338049191445,0.034298791427646164,0.04302995658047663,0.014130127286748007,5.563455142716578e-06,0.014119222914668283,0.01414103165882773,1.4637207929063533e-06,1.8148234633179254e-07,1.10801539409604e-06,1.8194261917166667e-06,5.0750037286292494e-06,5.51633654441698e-06,-5.737015898428031e-06,1.588702335568653e-05,0.014123588562226513,0.04994306993740415
rich6d_rough,1080,0.002976351441631313,100,0.00011768435106411339,0.03914724437578921,0.00014543902458521725,0.03886218388760218,0.03943230486397624,0.9999322240046615,4.429941343171815e-06,0.9999235413196289,0.9999409066896942,0.03851103842881556,0.002227607825527449,0.034144927090781756,0.04287714976684936,0.0141479102791711,4.429941343171817e-06,0.014139227594138484,0.014156592964203718,9.172702787393496e-07,1.1372854032339546e-07,6.943623397054945e-07,1.1401782177732047e-06,4.067133471117623e-06,4.400686973326469e-06,-4.558212996602256e-06,1.2692479938837502e-05,0.014142925875421306,0.0394832956291453
rich6d_rough,1080,0.003792690190732238,100,0.00011768435106411339,0.030899493507682133,0.00011569838736372546,0.030672724668449232,0.031126262346915033,0.9999464132517736,3.5168651847797384e-06,0.9999395201960114,0.9999533063075358,0.03839008987313601,0.002227807556583333,0.03402358706223268,0.04275659268403934,0.014162099526283032,3.5168651847797392e-06,0.014155206470520864,0.0141689925820452,5.72738603026629e-07,7.101074829559953e-08,4.3355753636725393e-07,7.119196696860042e-07,3.2450308500897975e-06,3.498733897131331e-06,-3.612487588287611e-06,1.0102549288467205e-05,0.014158281756829972,0.031166309609607618
rich6d_rough,1080,0.004832930238571752,100,0.00011768435106411339,0.02435985375394775,9.177668115960218e-05,0.02417997145887493,0.02453973604902057,0.9999576970523517,2.7853043929421442e-06,0.9999522378557415,0.9999631562489619,0.038294791474668514,0.002227956790996357,0.03392799616431565,0.042661586785021376,0.014173383326861752,2.7853043929421442e-06,0.014167924130251586,0.014178842523471919,3.565804576843736e-07,4.421002674078792e-08,2.699288052724293e-07,4.432321100963179e-07,2.580038314495272e-06,2.7740823871426166e-06,-2.8571631643042565e-06,8.0172397932948e-06,0.014170446708089623,0.024571179211298776
rich6d_rough,1080,0.006158482110660254,100,0.00011768435106411339,0.01918576946034094,7.263596188388977e-05,0.01904340297504852,0.019328135945633363,0.9999666459845173,2.201698056633646e-06,0.9999623306563263,0.9999709613127084,0.038219767947641606,0.002228069217689836,0.033852752280969525,0.042586783614313686,0.014182332259027618,2.2016980566336456e-06,0.014178016930836616,0.01418664758721862,2.2149296695035929e-07,2.746118038884262e-08,1.6766905338822776e-07,2.753168805124908e-07,2.045637804983768e-06,2.1947598855735178e-06,-2.2560915707403267e-06,6.347367180707863e-06,0.014180065128255738,0.019352818970792038
rich6d_rough,1080,0.00784759970351459,100,0.00011768435106411339,0.015099125759196681,5.73839273445078e-05,0.014986653261601446,0.015211598256791916,0.9999737276991296,1.7377233630523575e-06,0.999970321761338,0.9999771336369212,0.03816074574934001,0.0022281545283449754,0.03379356287378386,0.04252792862489616,0.014189413973639169,1.7377233630523575e-06,0.014186008035847587,0.014192819911430751,1.373319175306003e-07,1.702657485862002e-08,1.0395983080770505e-07,1.7070400425349555e-07,1.6183779091171822e-06,1.7334373544498397e-06,-1.7791593056045036e-06,5.015915123838868e-06,0.014187658263812566,0.015230972260004198
rich6d_rough,1080,0.01,100,0.00011768435106411339,0.011875770458918657,4.527011778502955e-05,0.011787041028059999,0.011964499889777316,0.9999793220176442,1.3698656671513536e-06,0.9999766370809365,0.9999820069543518,0.0381143367902725,0.002228219664909172,0.03374702624705052,0.04248164733349448,0.01419500829215401,1.3698656671513539e-06,0.014192323355446393,0.014197693228861627,8.502721321976778e-08,1.0541704547895001e-08,6.436547230589359e-08,1.0568895413364198e-07,1.2781470208704665e-06,1.3672197659049097e-06,-1.4016037203031563e-06,3.957897762044089e-06,0.014193645117919967,0.01197970565492254
rich6d_rough,1440,1e-12,100,0.00011768435106411339,511.31815294025154,0.0003908237343277613,511.31738692573225,511.3189189547708,1.5393043451674482,0.004135856787714936,1.531198065863527,1.5474106244713695,0.01903410170794263,0.000734345164609773,0.017594785185307472,0.020473418230577786,0.553520031441958,0.004135856787714937,0.5454137521380368,0.5616263107458793,0.5534023351238921,0.004135852319823646,0.5452960645770378,0.5615086056707465,1.1913239221666437e-08,4.3674987096775134e-08,-7.368973548801283e-08,9.75162139313457e-08,0.00011768440482345585,511.55579899539526
rich6d_rough,1440,1.2742749857031321e-12,100,0.00011768435106411339,511.13198043573243,0.0004969790687930265,511.1310063567576,511.13295451470725,1.5386779217375137,0.00412845450318352,1.530586150911274,1.5467696925637535,0.019044097397060478,0.0007344174996171827,0.0176046390978108,0.020483555696310156,0.5528936080120236,0.0041284545031835184,0.5448018371857839,0.5609853788382633,0.552775908366986,0.004128448813352408,0.5446841486928152,0.5608676680411567,1.5206787216230637e-08,5.5553277751845456e-08,-9.367763717738647e-08,1.2409121160984773e-07,0.00011768443824707389,511.4342511796711
rich6d_rough,1440,1.6237767391887243e-12,100,0.00011768435106411339,510.89526594111294,0.0006316111124502927,510.89402798333253,510.89650389889334,1.5378828350575793,0.004119073876494378,1.5298094502596502,1.5459562198555084,0.01905680830128212,0.0007345094835732605,0.017617169713478528,0.02049644688908571,0.5520985213320896,0.004119073876494378,0.5440251365341606,0.5601719061300185,0.5519808174201607,0.0041190666317436645,0.5439074468219431,0.5600541880183783,1.941952386988008e-08,7.062734996613466e-08,-1.1901008206374385e-07,1.5784912980350402e-07,0.0001176844924022126,511.27954317913793
rich6d_rough,1440,2.06913808111479e-12,100,0.00011768435106411339,510.5944672941722,0.0008021404544595872,510.59289509888146,510.59603948946295,1.5368747502471984,0.0041072038724742,1.528824630657149,1.544924869837248,0.019072962936372128,0.0007346263887361704,0.017633095214449234,0.020512830658295022,0.5510904365217084,0.0041072038724742,0.543040316931659,0.5591405561117578,0.5509727271285714,0.004107194649833801,0.5429226256148971,0.5590228286422456,2.4813032168833455e-08,8.973565977282898e-08,-1.5106886098591134e-07,2.0069492532357824e-07,0.00011768458009623131,511.0826898713984
rich6d_rough,1440,2.6366508987303555e-12,100,0.00011768435106411339,510.21252317919345,0.0010177889031412516,510.2105283129433,510.2145180454436,1.535598332627574,0.004092212144546149,1.5275775968242635,1.5436190684308844,0.019093479776414474,0.0007347748625651416,0.017653321045786798,0.02053363850704215,0.5498140189020834,0.004092212144546149,0.541793283098773,0.5578347547053938,0.5496963024539648,0.004092200407203632,0.5416755896558457,0.557717015252084,3.172612013743785e-08,1.1392361049822077e-07,-1.9156415643907485e-07,2.5501639671395054e-07,0.00011768472199382395,510.832309506444
rich6d_rough,1440,3.359818286283788e-12,100,0.00011768435106411339,509.728004803787,0.0012899368796937276,509.7254765275028,509.73053308007115,1.5339849124293214,0.004073322660260679,1.5260012000152106,1.5419686248434323,0.019119513466260046,0.0007349632628832755,0.017678985471008827,0.020560041461511264,0.5482005987038306,0.0040733226602606785,0.5402168862897198,0.5561843111179415,0.5480828731534673,0.004073307727658728,0.5400991900072561,0.5560665562996784,4.0598977062699405e-08,1.4448670428270045e-07,-2.4259496333139344e-07,3.237929174567923e-07,0.00011768495137976995,510.51400782195174
rich6d_rough,1440,4.281332398719396e-12,100,0.00011768435106411339,509.1141028785587,0.0016325030179159244,509.1109031726436,509.1173025844738,1.5319498917841667,0.004049593127937715,1.5240126892534087,1.5398870943149248,0.019152510300565664,0.0007352020609521736,0.017711514261099404,0.020593506340031924,0.5461655780586767,0.004049593127937715,0.5382283755279188,0.5541027805894346,0.5460478407315573,0.004049574138479981,0.5381106754201366,0.5539850060429781,5.200537594625339e-08,1.8301780453738863e-07,-3.0670952094702834e-07,4.107202728395351e-07,0.00011768532174880227,510.10961823238847
rich6d_rough,1440,5.455594781168514e-12,100,0.00011768435106411339,508.3374421856729,0.0020623139067130368,508.3334000504157,508.3414843209301,1.5293900205636655,0.004019895047287048,1.5215110262709828,1.5372690148563481,0.01919427364875663,0.0007355043182574374,0.017752685184972052,0.020635862112541207,0.5436057068381751,0.004019895047287048,0.5357267125454925,0.5514847011308577,0.5434879542237533,0.004019870912100387,0.5356090072360365,0.55136690121147,6.669558815022772e-08,2.3145557494216925e-07,-3.86957338736424e-07,5.203485150368794e-07,0.00011768591883755224,509.596273316758
rich6d_rough,1440,6.951927961775591e-12,100,0.00011768435106411339,507.35673249811,0.0025994077214043163,507.351637658976,507.36182733724394,1.5261807866894683,0.003982901029336062,1.5183743006719697,1.533987272706967,0.019247039282794656,0.0007358862384051843,0.017804702255520496,0.020689376310068817,0.5403964729639776,0.003982901029336063,0.532589986946479,0.5482029589814763,0.5402787004310738,0.003982870375383502,0.5324722744953222,0.5480851263668255,8.56533240778023e-08,2.921285431861191e-07,-4.869186205669912e-07,6.582252687225957e-07,0.00011768687957382923,508.94528429571903
rich6d_rough,1440,8.858667904100833e-12,100,0.00011768435106411339,506.12129285352364,0.0032671821000152023,506.1148891766076,506.12769653043966,1.5221743377103656,0.003937086401466674,1.5144576483634908,1.5298910270572403,0.019313559304723525,0.0007363677879144466,0.01787027844041121,0.02075684016903584,0.5363900239848749,0.0039370864014666735,0.5286733346380003,0.5441067133317495,0.5362722253927371,0.003937047502292146,0.5285556122882445,0.5439888384972297,1.1017047426221177e-07,3.677854051908892e-07,-6.10688919911931e-07,8.310298684363546e-07,0.00011768842166771237,508.12081130785185
rich6d_rough,1440,1.1288378916846884e-11,100,0.00011768435106411339,504.56953035500095,0.0040922548587120884,504.56150953547785,504.57755117452405,1.5171985757594069,0.0038807548149514203,1.509592296322102,1.5248048551967117,0.0193971913983212,0.0007369733680117476,0.017952723597018175,0.020841659199624225,0.5314142620339164,0.0038807548149514203,0.5238079825966117,0.5390205414712211,0.531296429201331,0.0038807055075340212,0.5236902464065644,0.5389026119960977,1.419432525619273e-07,4.6159699868269783e-07,-7.627868648561604e-07,1.046673369980015e-06,0.00011769088932708088,507.0783211369148
rich6d_rough,1440,1.4384498882876659e-11,100,0.00011768435106411339,502.6275182022939,0.0051038613793326386,502.6175146339904,502.6375217705974,1.5110583299019211,0.0038120999634749984,1.5035866139735101,1.5185300458303321,0.019501987322679395,0.000737732503403918,0.018056031616007717,0.020947943029351074,0.5252740161764305,0.0038120999634749992,0.5178023002480195,0.5327457321048416,0.5251561381618517,0.0038120375503031536,0.5176845445632575,0.5326277317604459,1.8319166902087053e-07,5.771090654391983e-07,-9.479420992399582e-07,1.3143254372816991e-06,0.00011769482291213752,505.76285487598955
rich6d_rough,1440,1.8329807108324375e-11,100,0.00011768435106411339,500.207900907443,0.006332577969352213,500.19548905462307,500.2203127602629,1.503539753835344,0.003729316310818639,1.4962302938661396,1.5108492138045486,0.01963277097766806,0.0007386804940705321,0.018184957209289816,0.0210805847460463,0.5177554401098533,0.003729316310818638,0.5104459801406488,0.5250649000790578,0.5176375022470099,0.0037292374476942058,0.5103281968495292,0.5249468076444905,2.367996472734098e-07,7.181185198050001e-07,-1.1707126515443903e-06,1.64431194609121e-06,0.0001177010631978094,504.1071712676116
rich6d_rough,1440,2.3357214690901212e-11,100,0.00011768435106411339,497.20945101058504,0.007808160240743445,497.19414701651317,497.2247550046569,1.4944192125723035,0.003630768877730569,1.4873029055719516,1.5015355195726554,0.01979519241108061,0.0007398589545808121,0.018345068860102218,0.021245315962059003,0.5086348988468132,0.003630768877730569,0.5015185918464613,0.5157512058471652,0.5085168814793588,0.003630669450537171,0.501400769356306,0.5156329936024117,3.064635518501402e-07,8.884418438612117e-07,-1.4348824621178347e-06,2.0478095658181152e-06,0.00011771090390379733,502.0298980840705
rich6d_rough,1440,2.976351441631313e-11,100,0.00011768435106411339,493.5176924920426,0.009556353968297956,493.4989620382647,493.5364229458205,1.4834777358686537,0.003515223214794858,1.4765878983676557,1.4903675733696518,0.019995740780142296,0.0007413161458762204,0.018542761134224903,0.02144872042605969,0.49769342214316414,0.003515223214794858,0.4908035846421662,0.5045832596441621,0.4975752990145409,0.0035150982132335215,0.4906857065166032,0.5044648915124786,3.9682032862337475e-07,1.0915467067223076e-06,-1.7426112165523484e-06,2.5362518737990976e-06,0.00011772630829701841,499.43391860157857
rich6d_rough,1440,3.7926901907322536e-11,100,0.00011768435106411339,489.00705674791135,0.011594708737490935,488.98433111878586,489.02978237703684,1.4705214223522642,0.003382120036512396,1.4638924670806999,1.4771503776238286,0.020241698182803736,0.000743106989904946,0.018785208482590042,0.02169818788301743,0.4847371086267742,0.003382120036512396,0.4781081533552099,0.49136606389833853,0.48461884491947294,0.003381963440930802,0.47799019657524855,0.4912474932636973,5.135023090896701e-07,1.3300330482777603e-06,-2.09336246553474e-06,3.12036708371408e-06,0.00011775020499503117,496.2053427481855
rich6d_rough,1440,4.832930238571752e-11,100,0.00011768435106411339,483.5449977322901,0.013927717177766006,483.51769940662166,483.5722960579585,1.4554068332589836,0.0032318558876362263,1.4490723957192166,1.4617412707987505,0.020541019568153886,0.0007452926462002224,0.01908024598160145,0.022001793154706323,0.4696225195334929,0.003231855887636226,0.4632880819937259,0.47595695707325986,0.46950406962418056,0.0032316605975096675,0.46317001485306164,0.4758381243952995,6.630379722185133e-07,1.6049840143303997e-06,-2.4827306958690702e-06,3.8088066403060968e-06,0.00011778687134627285,492.2135516602387
rich6d_rough,1440,6.158482110660255e-11,100,0.00011768435106411339,476.9983114533838,0.016541977129228166,476.9658891782105,477.0307337285571,1.438068505034707,0.003066008106976724,1.4320591291450326,1.4440778809243815,0.020902133443103016,0.0007479395101200177,0.01943617200326778,0.022368094882938252,0.4522841913092166,0.0030660081069767238,0.4462748154195422,0.45829356719889097,0.4521654964144869,0.0030657659565988603,0.44615659513955314,0.45817439768942064,8.524991386392304e-07,1.9152629146136763e-06,-2.901416174003575e-06,4.606414451282036e-06,0.0001178423955944894,487.3129300546083
rich6d_rough,1440,7.847599703514623e-11,100,0.00011768435106411339,469.2415542063576,0.019402415873263707,469.203525471246,469.2795829414692,1.4185437206490064,0.002887430909753805,1.4128843560658888,1.424203085232124,0.021333673941264144,0.0007511174458962052,0.019861483747307583,0.022805864135220705,0.43275940692351705,0.002887430909753805,0.4271000423403996,0.4384187715066345,0.43264039293807083,0.0028871328347883753,0.4269816125818856,0.43829917329425605,1.0888079448247563e-06,2.2569024878534706e-06,-3.3347209313680454e-06,5.512336821017558e-06,0.00011792517749793785,481.3469573021195
rich6d_rough,1440,1e-10,100,0.00011768435106411339,460.1669673754806,0.02245074741958612,460.12296391053826,460.210970840423,1.396988498410731,0.002700161676877822,1.3916961815240505,1.4022808152974116,0.02184417400727552,0.000754896986648043,0.020364575913445357,0.023323772101105686,0.4112041846852408,0.002700161676877822,0.40591186779856026,0.4164965015719213,0.4110847606169344,0.0026997981043245037,0.4057931563324584,0.4163763649014104,1.3776872102163912e-06,2.6227945250903124e-06,-3.7629900589606213e-06,6.518364479393403e-06,0.00011804638109682263,474.15523564810377
rich6d_rough,1440,1.274274985703132e-10,100,0.00011768435106411339,449.6948111440798,0.025607092595442183,449.64462124259273,449.7450010455668,1.3736793461026011,0.0025091157759329122,1.3687614791817726,1.3785972130234296,0.022441765587555854,0.0007593451646554347,0.020953449064831202,0.023930082110280505,0.38789503237711126,0.0025091157759329122,0.38297716545628274,0.3928128992979398,0.3877750898033394,0.0025086772911528847,0.38285808231267976,0.39269209729399907,1.7223715674081076e-06,3.0029051852033617e-06,-4.163322595590481e-06,7.608065730406697e-06,0.00011822020220394504,465.5837090438867
rich6d_rough,1440,1.6237767391887175e-10,100,0.00011768435106411339,437.7826641506488,0.02877504101513092,437.72626507025916,437.8390632310385,1.348998094839988,0.0023196021568650652,1.3444516746125326,1.3535445150674434,0.023133938132931738,0.0007645197187312312,0.021635479484218526,0.02463239678164495,0.363213781114498,0.0023196021568650657,0.35866736088704243,0.36776020134195353,0.3630931949853843,0.0023190804350711482,0.35854779733264486,0.3676385926381237,2.122348802192305e-06,3.385180562228384e-06,-4.512605099775327e-06,8.757302704159936e-06,0.00011846378031504269,455.49772664525614
rich6d_rough,1440,2.0691380811147902e-10,100,0.00011768435106411339,424.4322277794719,0.03184953723422133,424.3698026864928,424.49465287245096,1.3234013961515436,0.0021367377998382092,1.3192133900638607,1.3275894022392265,0.023927396647758777,0.0007704618723430567,0.022417291377966386,0.025437501917551168,0.33761708242605354,0.0021367377998382092,0.33342907633837066,0.3418050885137364,0.33749571335483275,0.0021361266770157502,0.33330890506788186,0.34168252164178364,2.5724657947881084e-06,3.7571651353689502e-06,-4.791577870535034e-06,9.936509460111252e-06,0.00011879660542839232,443.79679304137244
rich6d_rough,1440,2.6366508987303556e-10,100,0.00011768435106411339,409.6925412885144,0.03472615550207461,409.6244780237303,409.7606045532985,1.2973805911039054,0.001964860639398013,1.2935294642506852,1.3012317179571256,0.02482803697303212,0.0007771888236994313,0.023304746878581237,0.026351327067483006,0.31159627737841494,0.0019648606393980134,0.30774515052519485,0.31544740423163503,0.3114739753976933,0.0019641570870299507,0.3076242275071146,0.31532372328827196,3.0626039821008646e-06,4.108179486001267e-06,-4.989427810461619e-06,1.111463577466335e-05,0.0001192393767387237,430.4290299650896
rich6d_rough,1440,3.3598182862837877e-10,100,0.00011768435106411339,393.6591684049877,0.037309933888912516,393.58604093456546,393.73229587541,1.271419897474477,0.0018070410973118158,1.267878096923746,1.274961698025208,0.025841028050715423,0.0007846883677032932,0.02430303885001697,0.027379017251413878,0.28563558374898695,0.0018070410973118165,0.2820937831982558,0.2891773842997181,0.2855121934646256,0.001806245850838118,0.28197195159698285,0.2890524353322683,3.577820934628847e-06,4.4317684887856e-06,-5.108445303390928e-06,1.2264087172648623e-05,0.00011981246342869165,415.4028718256957
rich6d_rough,1440,4.281332398719396e-10,100,0.00011768435106411339,376.4696412254728,0.039522167130475724,376.3921777778971,376.5471046730485,1.2459604115621754,0.0016647850383800134,1.2426974328869507,1.2492233902374001,0.026970970362784424,0.0007929190477509212,0.02541684902919262,0.02852509169637623,0.2601760978366852,0.0016647850383800134,0.25691311916146037,0.26343907651191006,0.2600514649063656,0.0016639027881111448,0.25679021544166775,0.26331271437106346,4.098585208310494e-06,4.728067611751284e-06,-5.168427310722023e-06,1.3365597727343012e-05,0.00012053434511110142,398.7936297528796
rich6d_rough,1440,5.455594781168515e-10,100,0.00011768435106411339,358.2960184977121,0.041304339856326,358.2150619915937,358.3769750038305,1.2213748248587166,0.0015380038724536638,1.2183603372687075,1.2243893124487257,0.028222094435435854,0.0008018189673067446,0.026650529259514635,0.029793659611357073,0.2355905111332262,0.001538003872453664,0.23257602354321702,0.2386049987232354,0.2354644897621624,0.0015370432089510794,0.23245188507261827,0.2384770944517065,4.600799837073275e-06,5.005656245267528e-06,-5.210286403651079e-06,1.441188607779763e-05,0.00012142057122488392,380.74338360398104
rich6d_rough,1440,6.951927961775591e-10,100,0.00011768435106411339,339.3357010767934,0.04261936783344414,339.2521671158398,339.41923503774694,1.197954386451155,0.0014252780552850754,1.1951608414627963,1.2007479314395137,0.029598472652127034,0.0008113241564780953,0.028008277305429968,0.0311886679988241,0.21217007272566446,0.0014252780552850754,0.20937652773730572,0.2149636177140232,0.21204253315677973,0.0014242515499263656,0.20925100011892406,0.2148340661946354,5.05579573836269e-06,5.282214666972144e-06,-5.297345008902711e-06,1.540893648562809e-05,0.0001224837731473461,361.4539883315178
rich6d_rough,1440,8.858667904100832e-10,100,0.00011768435106411339,319.8016436666128,0.0434510163329231,319.71647967460024,319.88680765862534,1.1759068252053562,0.0013243502404203973,1.1733110987341322,1.1785025516765801,0.031104232906810254,0.0008213933946509624,0.029494301853294366,0.03271416396032614,0.1901225114798659,0.0013243502404203973,0.18752678500864192,0.19271823795108986,0.18999334537271437,0.0013232748940658705,0.18739972658034526,0.19258696416508347,5.4310643712087276e-06,5.5828998625038915e-06,-5.511419359298899e-06,1.6373548101716354e-05,0.00012373504277967025,341.1743639987196
rich6d_rough,1440,1.1288378916846883e-09,100,0.00011768435106411339,299.9128979383429,0.04380244309867142,299.8270451498695,299.9987507268163,1.155362370745714,0.0012326961098919316,1.1529462863703257,1.1577784551211021,0.032743771649153444,0.0008320321037234988,0.031112988725855387,0.034374554572451504,0.16957805702022344,0.0012326961098919312,0.16716197264483526,0.17199414139561162,0.16944717773614038,0.0012315939237690847,0.16703325364555296,0.17186110182672779,5.692692251180924e-06,5.935344434169355e-06,-5.9405828397910115e-06,1.732596734215286e-05,0.00012518659183122748,320.1842177937985
rich6d_rough,1440,1.4384498882876659e-09,100,0.00011768435106411339,279.8861366106271,0.04369432884119185,279.80049572609835,279.97177749515583,1.1363846745164594,0.0011480008682433376,1.1341345928147024,1.1386347562182164,0.03452195711928968,0.0008433055353696687,0.03286907826996513,0.03617483596861423,0.15060036079096956,0.0011480008682433376,0.1483502790892126,0.1528504424927265,0.1504676956513907,0.001146898817849197,0.14821977396840627,0.15271561733437514,5.8100092021088975e-06,6.361440649723399e-06,-6.658414471348964e-06,1.827843287556676e-05,0.00012685513037736552,298.7766729612716
rich6d_rough,1440,1.8329807108324374e-09,100,0.00011768435106411339,259.9285377736398,0.04316244477118479,259.8439393818883,260.0131361653913,1.118983905481874,0.0010684362702298475,1.1168897703922236,1.1210780405715244,0.03644428951895951,0.0008553325980428031,0.03476783762679562,0.038120741411123406,0.13319959175638416,0.001068436270229847,0.13110545666673365,0.13529372684603466,0.13306506471285479,0.00106736489002473,0.1309730295284063,0.13515709989730326,5.762051918569731e-06,6.868524090751704e-06,-7.700255299303608e-06,1.922435913644307e-05,0.00012876499161056446,277.2419981120626
rich6d_rough,1440,2.335721469090121e-09,100,0.00011768435106411339,240.2322022579496,0.04225425517696441,240.14938391780277,240.31502059809645,1.1031300551586996,0.0009927345057991256,1.1011842955273332,1.105075814790066,0.03851695324537297,0.0008682562395085983,0.03681517101593612,0.04021873547480982,0.11734574143320878,0.0009927345057991256,0.1153999818018425,0.11929150106457506,0.11720924711122116,0.0009917247310501601,0.11526546663836285,0.11915302758407947,5.5444946199286565e-06,7.444083206055949e-06,-9.045908463941004e-06,2.0134897703798315e-05,0.00013094982736767263,255.85398912362106
rich6d_rough,1440,2.9763514416313133e-09,100,0.00011768435106411339,220.97013297370293,0.04102445844582579,220.88972503514913,221.05054091225674,1.0887651519780912,0.0009201237556761236,1.086961709416966,1.0905685945392165,0.04074667749354148,0.0008821925972153485,0.039017580002999395,0.042475774984083565,0.10298083825260117,0.0009201237556761234,0.10117739569147596,0.10478428081372637,0.10284221134046277,0.0009192024048327403,0.1010405746269906,0.10464384805393494,5.1750958310994735e-06,8.05655272384721e-06,-1.0615747507641056e-05,2.096593916984e-05,0.00013345181630721598,234.85983268649733
rich6d_rough,1440,3.792690190732238e-09,100,0.00011768435106411339,202.29369235588794,0.03953001236938725,202.21621353164394,202.37117118013194,1.075813537069026,0.0008502032062972526,1.0741471387846835,1.0774799353533686,0.043140338046740355,0.0008971669300694447,0.04138189086380424,0.04489878522967647,0.0900292233435352,0.0008502032062972526,0.08836282505919259,0.09169562162787782,0.08988820983489179,0.0008493882021484982,0.08822340895868074,0.09155301071110285,4.695721276053002e-06,8.661350726834056e-06,-1.2280526148541745e-05,2.167196870064775e-05,0.0001363177873671944,214.47364689376235
rich6d_rough,1440,4.832930238571752e-09,100,0.00011768435106411339,184.33134676715756,0.03782569504940629,184.2572084048607,184.4054851294544,1.0641897094377004,0.0007828155210363782,1.062655391016469,1.0657240278589317,0.04570429119326942,0.000913048218318754,0.04391471668536467,0.04749386570117418,0.07840539571221006,0.0007828155210363784,0.07687107729097875,0.07993971413344136,0.07826163357252149,0.0007821123745201253,0.07672869331846204,0.07979457382658094,4.169761847961368e-06,9.209332619208417e-06,-1.388053008568713e-05,2.2220053781609866e-05,0.00013959237784066762,194.8733960629921
rich6d_rough,1440,6.158482110660254e-09,100,0.00011768435106411339,167.1884179966324,0.03596120591542985,167.11793403303815,167.25890196022667,1.053803679183553,0.0007179509316436939,1.0523964953575313,1.0552108630095747,0.0484435017092054,0.0009294959694174005,0.046621689609147296,0.05026531380926351,0.06801936545806267,0.0007179509316436939,0.06661218163204102,0.06942654928408432,0.06787238113124451,0.000717351929941922,0.06646637134855835,0.06927839091393068,3.6751607584338165e-06,9.655318905324062e-06,-1.5249264296001345e-05,2.2599585812868976e-05,0.00014330916605967067,176.20051895330542
rich6d_rough,1440,7.847599703514623e-09,100,0.00011768435106411339,150.9475391860197,0.033980157330699784,150.88093807765154,151.01414029438786,1.0445642718400099,0.0006556977307314801,1.0432791042877763,1.0458494393922435,0.051360552788155184,0.0009459321915558276,0.04950652569270576,0.053214579883604604,0.05877995811451953,0.0006556977307314801,0.05749479056228583,0.06006512566675323,0.05862918177935297,0.0006551845450063971,0.05734502007114043,0.0599133434875655,3.29481536336706e-06,9.96593338612543e-06,-1.623841407343878e-05,2.2828044800172902e-05,0.00014748151980342045,158.56143581388838
rich6d_rough,1440,1e-08,100,0.00011768435106411339,135.66958540432023,0.0319204581981425,135.60702130625188,135.73214950238858,1.0363811710658086,0.0005962338617402144,1.035212552696798,1.0375497894348193,0.054454568146842616,0.0009615480331767375,0.05256993400181621,0.05633920229186902,0.050596857340318484,0.0005962338617402144,0.049428238971307666,0.0517654757093293,0.050441654626831776,0.0005957830832858072,0.049273919783591594,0.05160938947007196,3.1071034577696637e-06,1.0127194884067539e-05,-1.674219851500271e-05,2.295640543054204e-05,0.000152095610028994,142.03016438674965
rich6d_rough,1440,1.274274985703132e-08,100,0.00011768435106411339,121.39497656140412,0.02981516891988694,121.33653883032115,121.4534142924871,1.0291664176901012,0.0005398341339527763,1.0281083427875537,1.0302244925926487,0.05771997987289576,0.0009753476395673794,0.0558082984993437,0.05963166124644782,0.04338210396461049,0.0005398341339527764,0.04232402906206305,0.044440178867157926,0.043221816293809924,0.0005394241552711805,0.04216454494947841,0.04427908763814144,3.1791628443598606e-06,1.0152571703429313e-05,-1.671987769436159e-05,2.3078203383081313e-05,0.00015710850795627208,126.65153146481829
rich6d_rough,1440,1.623776739188721e-08,100,0.00011768435106411339,108.14533456677856,0.027693207917297485,108.09105587926065,108.19961325429647,1.0228356351965286,0.00048685896599623874,1.021881391623176,1.0237898787698814,0.06114506894824336,0.0009862228910024627,0.059212072081878536,0.06307806581460819,0.03705132147103858,0.00048685896599623874,0.03609707789768595,0.03800556504439121,0.0368853028884516,0.00048647633425008666,0.03593180927332143,0.03783879650358177,3.5643975184809273e-06,1.0091628604849941e-05,-1.6215194547024957e-05,2.334398958398681e-05,0.00016245418506859698,112.44473552856861
rich6d_rough,1440,2.0691380811147902e-08,100,0.00011768435106411339,95.92545088506337,0.025579949032407297,95.87531418495985,95.97558758516689,1.0173087982923767,0.0004377031824979962,1.0164509000546806,1.0181666965300729,0.06471039224353183,0.0009930457925708658,0.06276402249009293,0.06665676199697072,0.03152448456688651,0.0004377031824979962,0.030666586329190434,0.03238238280458258,0.0313521211102712,0.0004373472302177567,0.030494920539044394,0.032209321681498,4.304168783924477e-06,1.0038053389194266e-05,-1.5370415858896283e-05,2.3978753426745237e-05,0.00016805928783143742,99.40712075409623
rich6d_rough,1440,2.6366508987303555e-08,100,0.00011768435106411339,84.72542357710549,0.02349805686504946,84.67936738565,84.77147976856098,1.012510296100846,0.00039271202451536796,1.011740580532796,1.0132800116688963,0.06838752141446838,0.0009947637171144783,0.066437784528924,0.07033725830001276,0.026725982375355527,0.00039271202451536796,0.025956266807305405,0.027495697943405648,0.026546680807335906,0.00039239764316430903,0.02577758142673386,0.02731578018793795,5.432540801246784e-06,1.0132955114357747e-05,-1.44280512228944e-05,2.5293132825387967e-05,0.00017386902721840992,87.5179592570985
rich6d_rough,1440,3.3598182862837814e-08,100,0.00011768435106411339,74.52276909550626,0.02146854478101604,74.48069074773547,74.56484744327706,1.008368399363525,0.0003520975925747769,1.0076782880820785,1.0090585106449717,0.07213869857172418,0.000990486820445011,0.07019734440365197,0.0740800527397964,0.02258408563803468,0.00035209759257477695,0.021893974356588117,0.023274196919481245,0.022397220596244553,0.00035185660101323435,0.021707581658258614,0.02308685953423049,6.982639457832443e-06,1.0554747170873828e-05,-1.3704664997080257e-05,2.766994391274514e-05,0.00017988240233236114,76.74197214556904
rich6d_rough,1440,4.281332398719396e-08,100,0.00011768435106411339,65.28438015871518,0.019511437842293703,65.24613774054428,65.32262257688608,1.0048146575984915,0.0003158934960558064,1.0041955063462222,1.0054338088507608,0.07591781232296863,0.000979565317653474,0.07399786430036781,0.07783776034556944,0.01903034387300099,0.0003158934960558064,0.01841119262073161,0.01964949512527037,0.018835154008082566,0.00031577471117814334,0.018216235574173404,0.019454072441991727,8.993440093187787e-06,1.1488316802655512e-05,-1.3523660840017015e-05,3.151054102639259e-05,0.00018619642482528218,67.03240026522778
rich6d_rough,1440,5.4555947811685146e-08,100,0.00011768435106411339,56.9683445357902,0.017645313125396554,56.93375972206442,57.00292934951598,1.00178380956305,0.0002839634813752475,1.0012272411395546,1.0023403779865454,0.07967254913277905,0.0009616640744321999,0.07778768754689193,0.08155741071866617,0.015999495837559947,0.0002839634813752476,0.015442927414064462,0.016556064261055433,0.015794918181243914,0.0002840304986762857,0.015238218403838395,0.016351617958649433,1.151615242313108e-05,1.3086214625209562e-05,-1.4132828242279659e-05,3.716513308854182e-05,0.0001930615038929582,58.333636446912216
rich6d_rough,1440,6.951927961775605e-08,100,0.00011768435106411339,49.525736290308345,0.015885655547226003,49.49460040543578,49.55687217518091,0.9992144010369975,0.0002560470632415004,0.9987125487930442,0.9997162532809509,0.08334706892089935,0.0009368454300822272,0.08151085187793819,0.08518328596386052,0.013430087311507482,0.0002560470632415004,0.01292823506755414,0.013931939555460822,0.013214513609149058,0.00025637142586908124,0.01271202561444566,0.013717001603852457,1.4619488169877889e-05,1.545405107996161e-05,-1.567045194684686e-05,4.490942828660264e-05,0.0002009542141885902,50.58358636174
rich6d_rough,1440,8.858667904100815e-08,100,0.00011768435106411339,42.90245387546931,0.014242953948758968,42.87453768572974,42.93037006520888,0.9970497784777068,0.00023180936850177242,0.9965954321154433,0.9975041248399703,0.08688454455600755,0.0009056581527554614,0.08510945457660685,0.08865963453540826,0.011265464752216424,0.00023180936850177234,0.01081111838995295,0.011719811114479898,0.011036393495086899,0.00023245577243348548,0.010580780181117267,0.011492006809056531,1.83929821538073e-05,1.8669600715080184e-05,-1.8199435247749862e-05,5.4985399555364465e-05,0.00021067827497577886,43.715904472213474
rich6d_rough,1440,1.1288378916846883e-07,100,0.00011768435106411339,37.041043247698894,0.01272193977799333,37.016108245734024,37.065978249663765,0.995238890753502,0.00021087795197791246,0.9948255699676253,0.9956522115393788,0.09022942828277088,0.0008692036536619768,0.0885257891215934,0.09193306744394836,0.0094545770280115,0.0002108779519779124,0.009041256242134792,0.009867897813888207,0.00920812105582664,0.00021187781995327172,0.008792840528718227,0.009623401582935053,2.2947420039142664e-05,2.280933299318558e-05,-2.1758872627501072e-05,6.765371270578641e-05,0.00022350855214576908,37.66208920801571
rich6d_rough,1440,1.438449888287663e-07,100,0.00011768435106411339,31.882335947589276,0.011322791607796475,31.860143276037995,31.904528619140557,0.9937365545442312,0.00019287881477396727,0.9933585120672742,0.9941145970211881,0.09332981498840179,0.0008291350554119158,0.09170471027979443,0.09495491969700914,0.00795224081874054,0.00019287881477396727,0.007574198341783564,0.008330283295697516,0.0076824345628724346,0.0001941892061667878,0.00730182371878553,0.008063045406959339,2.8411439991735276e-05,2.7958904674263022e-05,-2.6388013169820247e-05,8.32108931532908e-05,0.00024139481587642786,32.353278733271864
rich6d_rough,1440,1.8329807108324338e-07,100,0.00011768435106411339,27.366754801293826,0.01004375410705499,27.347069043243998,27.386440559343654,0.9925033003993762,0.00017749236548272006,0.9921554153630301,0.9928511854357223,0.09614012240781453,0.0007875663511542211,0.09459649235955225,0.0976837524560768,0.006718986673886282,0.00017749236548272,0.006371101637540151,0.007066871710232413,0.00641682383623309,0.00017893895336193897,0.00606610348764369,0.00676754418482249,3.492332812782953e-05,3.4204533947915396e-05,-3.211755841008464e-05,0.0001019642146657437,0.0002672395095254035,27.721599842943153
rich6d_rough,1440,2.3357214690901212e-07,100,0.00011768435106411339,23.435277562345348,0.008883480090106264,23.41786594136874,23.452689183321958,0.991505209150925,0.00016452365684469511,0.9911827427835094,0.9918276755183406,0.09862352850215961,0.0007469189676326895,0.09715956732559954,0.10008748967871968,0.005720895425434715,0.0001645236568446951,0.005398429058019113,0.006043361792850318,0.0053730258811279285,0.00016573066941074225,0.005048193769082873,0.005697857993172984,4.2616559770527274e-05,4.161039593106204e-05,-3.893981625435433e-05,0.00012417293579540889,0.00030525298453631423,23.701074316732157
rich6d_rough,1440,2.976351441631313e-07,100,0.00011768435106411339,20.030183392832853,0.007841498931528263,20.014814054927058,20.04555273073865,0.9907140426422094,0.00015394497398077588,0.9904123104932071,0.9910157747912117,0.10075300432053341,0.000709766417068042,0.09936186214308006,0.10214414649798677,0.004929728916718864,0.0001539449739807759,0.004627996767716544,0.005231461065721185,0.004516767284457505,0.00015426500916904394,0.004214407866486179,0.004819126702428831,5.159675163227565e-05,5.018624784453059e-05,-4.67682941430043e-05,0.00014996179740755562,0.00036136488062914196,20.228240952404445
rich6d_rough,1440,3.792690190732246e-07,100,0.00011768435106411339,17.095729868750915,0.006916573191189654,17.082173385296183,17.109286352205647,0.9901075968241712,0.0001458607630320543,0.9898217097286284,0.9903934839197139,0.10251011583888608,0.0006787176081358963,0.10117982932693972,0.10384040235083244,0.004323283098680832,0.00014586076303205433,0.004037396003138006,0.004609170194223659,0.0038177501733841494,0.00014433536439644015,0.003534852859167127,0.004100647487601172,6.190721611249108e-05,5.9848535517749076e-05,-5.5395913502297116e-05,0.00017921034572727928,0.00044362570918424216,17.24267939128246
rich6d_rough,1440,4.832930238571752e-07,100,0.00011768435106411339,14.578816215742757,0.0061042888099539176,14.566851809675248,14.590780621810266,0.9896698880570169,0.00014037943298693525,0.9893947443683625,0.9899450317456714,0.10388187684454131,0.0006563198354415647,0.10259548996707585,0.10516826372200677,0.0038855743315268977,0.00014037943298693525,0.0036104306428725048,0.0041607180201812905,0.00324962552630586,0.00013577827647653652,0.002983500104411848,0.0035157509481998717,7.348186950033426e-05,7.038026818838728e-05,-6.44634561489048e-05,0.00021142719514957335,0.0005624669357207537,14.68751883435202
rich6d_rough,1440,6.158482110660254e-07,100,0.00011768435106411339,12.429575186572036,0.005395781499830071,12.418999454832369,12.440150918311703,0.9893907417627681,0.00013743682385370976,0.9891213655880148,0.9896601179375214,0.10485689501682391,0.0006449215526880707,0.10359284877355529,0.10612094126009253,0.003606428037277194,0.00013743682385370973,0.0033370518625239227,0.0038758042120304653,0.0027897251200055036,0.00012841496501727595,0.002538031788571643,0.0030414184514393643,8.608949984696655e-05,8.139954986255414e-05,-7.345361788363956e-05,0.00024563261757757265,0.000730613417424782,12.509885919480524
rich6d_rough,1440,7.847599703514607e-07,100,0.00011768435106411339,10.601796195176306,0.004778591857683705,10.592430155135245,10.611162235217366,0.9892645435742274,0.00013666258365496717,0.9889966849102637,0.9895324022381912,0.1054221911503784,0.0006464641002393078,0.10415512151390936,0.10668926078684744,0.003480229848736981,0.0001366625836549672,0.003212371184773245,0.0037480885127007166,0.002418551223732769,0.00012202402174985269,0.0021793841411030575,0.0026577183063624804,9.928259911125892e-05,9.235175407039812e-05,-8.172683886672139e-05,0.00028029203708923925,0.0009623960258929986,10.661196957648686
rich6d_rough,1440,1e-06,100,0.00011768435106411339,9.053131782640097,0.004239049587204239,9.044823245449177,9.061440319831018,0.9892881623985567,0.00013736922910511919,0.9890189187095106,0.9895574060876027,0.10556157684402687,0.0006622541928975984,0.10426355862594758,0.10685959506210616,0.003503848673066453,0.00013736922910511919,0.0032346049840204197,0.0037730923621124867,0.0021192163447386727,0.00011635657659438126,0.0018911574546136853,0.00234727523486366,0.00011237418347556988,0.00010254225257690787,-8.860863157516955e-05,0.0003133569985263093,0.001272258144852257,9.097247592051238
rich6d_rough,1440,1.2742749857031322e-06,100,0.00011768435106411339,7.7451194994112,0.0037646854446492456,7.737740715939688,7.752498282882713,0.9894582692982631,0.00013867391857016648,0.9891864684178655,0.9897300701786607,0.10525599896782346,0.0006928162890354025,0.10389807904131408,0.10661391889433285,0.0036739555727726392,0.0001386739185701665,0.003402154692375113,0.003945756453170165,0.0018770334995042645,0.00011117342406811118,0.0016591335883307666,0.0020949334106777624,0.00012447036920518932,0.00011122077252061849,-9.35223449352229e-05,0.00034246308334560157,0.0016724517040632254,7.778134019839804
rich6d_rough,1440,1.6237767391887209e-06,100,0.00011768435106411339,6.643095662427811,0.003345581514662902,6.636538322659072,6.64965300219655,0.9897684907778196,0.00013969540233562397,0.9894946877892418,0.9900422937663974,0.10448610791654517,0.0007378794123229584,0.10303986426839216,0.10593235156469817,0.003984177052329379,0.00013969540233562397,0.003710374063751556,0.004257980040907202,0.0016793215242257248,0.00010627621202237367,0.0014710201486618725,0.001887622899789577,0.0001345765021875773,0.00011771207988197094,-9.613917438108574e-05,0.0003652921787562403,0.0021702790259161223,6.66808368745221
rich6d_rough,1440,2.06913808111479e-06,100,0.00011768435106411339,5.716067463510824,0.002974605980432003,5.710237235789178,5.721897691232471,0.9902070625365665,0.00013974930496696937,0.9899331538988313,0.9904809711743018,0.10323716068439151,0.0007964814868703741,0.10167605697012558,0.10479826439865744,0.004422748811076178,0.00013974930496696937,0.004148840173340918,0.0046966574488114384,0.0015153531649868312,0.00010152033065161269,0.0013163733169096704,0.001714333013063992,0.00014176717970782276,0.00012156381406662341,-9.649789586275913e-05,0.0003800322552784046,0.002765628466381575,5.735260839780249
rich6d_rough,1440,2.6366508987303555e-06,100,0.00011768435106411339,4.936573067697764,0.002647069123269406,4.931384812216156,4.941761323179372,0.9907557451033224,0.0001384785286869858,0.9904843271870959,0.991027163019549,0.10150572636134272,0.000867164368485312,0.09980608419911151,0.10320536852357394,0.004971431377832322,0.0001384785286869858,0.004700013461605829,0.005242849294058815,0.0013763317350901389,9.681418679966218e-05,0.001186575928962801,0.0015660875412174767,0.00014537514381754758,0.00012266166576337898,-9.504172107867523e-05,0.0003857920087137704,0.003449724498924671,4.951573132423569
rich6d_rough,1440,3.359818286283781e-06,100,0.00011768435106411339,4.280530684601227,0.0023601781154355943,4.275904735494973,4.285156633707481,0.9913905119897835,0.0001358770522928379,0.9911241929672895,0.9916568310122774,0.0993065138111645,0.0009482561472491883,0.09744793176255609,0.1011650958597729,0.0056061982642932155,0.0001358770522928379,0.005339879241799253,0.005872517286787178,0.0012553226688181557,9.211360696248424e-05,0.0010747799991716867,0.0014358653384646247,0.0001451324778287749,0.0001212590868208497,-9.253533234009051e-05,0.00038280028799764036,0.00420574311764634,4.2924763781268584
rich6d_rough,1440,4.281332398719387e-06,100,0.00011768435106411339,3.727069298283456,0.0021122639398189202,3.722929260961411,3.731209335605501,0.992083898319313,0.00013219640446493751,0.9918247933665617,0.9923430032720643,0.09667673004021216,0.0010382031088497583,0.09464185194686663,0.09871160813355769,0.006299584593823048,0.00013219640446493754,0.00604047964107177,0.006558689546574325,0.0011471205484305936,8.741380345405456e-05,0.0009757894936606468,0.0013184516032005405,0.0001412092808015612,0.00011789253457519409,-8.986008696581921e-05,0.0003722786485689416,0.005011254764590941,3.736767441436591
rich6d_rough,1440,5.455594781168514e-06,100,0.00011768435106411339,3.2583358585153817,0.0019016891848565262,3.254608547713063,3.2620631693177002,0.9928082020320375,0.00012776986213405714,0.9925577731022547,0.9930586309618202,0.0936756885755999,0.001135818126360466,0.09144948504793338,0.09590189210326641,0.007023888306547609,0.00012776986213405714,0.006773459376764857,0.007274317236330361,0.001048054069483708,8.273524745786914e-05,0.0008858929844662844,0.0012102151545011315,0.00013413855354059016,0.0001132006467723829,-8.77347141332803e-05,0.00035601182121446063,0.005841695683523362,3.2663591401325967
rich6d_rough,1440,6.951927961775606e-06,100,0.00011768435106411339,2.8592737131760684,0.0017257216141773747,2.855891298812281,2.862656127539856,0.9935383991493707,0.00012283392313041654,0.9932976446600351,0.9937791536387063,0.09037919530214918,0.0012402663109328047,0.08794827333272087,0.09281011727157748,0.007754085423880126,0.00012283392313041654,0.00751333093454451,0.007994839913215743,0.0009557274270910118,7.810088329870047e-05,0.000802649695825559,0.0011088051583564647,0.00012466575180310194,0.00010771870681810134,-8.646291356037667e-05,0.0003357944171665805,0.006673692244986066,2.8660320535011623
rich6d_rough,1440,8.858667904100815e-06,100,0.00011768435106411339,2.517363881491516,0.0015800542574638701,2.5142669751468865,2.520460787836145,0.9942538906034533,0.00011743576947305799,0.9940237164952861,0.9944840647116204,0.08687061157998542,0.001350716873828294,0.08422320650728196,0.08951801665268888,0.008469576877963224,0.00011743576947305797,0.00823940276979603,0.008699750986130418,0.0008686994184157063,7.350949043136004e-05,0.0007246208171702406,0.001012778019661172,0.00011358684012839058,0.00010174614771317506,-8.583560938943255e-05,0.0003130092896462137,0.0074872906194191746,2.523154989318927
rich6d_rough,1440,1.1288378916846883e-05,100,0.00011768435106411339,2.222322856078355,0.001459499727471718,2.2194622366125105,2.2251834755441995,0.9949388628037198,0.00011146762526171577,0.9947203862582068,0.9951573393492328,0.08323191139340787,0.0014658033806885385,0.08035893676725833,0.0861048860195574,0.009154549078229586,0.00011146762526171577,0.008936072532716622,0.009373025623742549,0.0007861287728301714,6.89170451423257e-05,0.000651051364351213,0.0009212061813091298,0.00010162825144052683,9.535252206969079e-05,-8.526269181606712e-05,0.0002885191946971208,0.008266792053958943,2.2273673240478233
rich6d_rough,1440,1.43844988828766e-05,100,0.00011768435106411339,1.9657641931762908,0.0013595845572603904,1.9630994074440604,1.9684289789085212,0.995581690721412,0.00010479085544965776,0.9953763006447307,0.9957870807980933,0.07953763305205376,0.0015831788911984934,0.07643460242530471,0.08264066367880281,0.009797376995921422,0.00010479085544965773,0.009591986919240092,0.010002767072602751,0.0007074509414651799,6.423761596074198e-05,0.0005815452141821256,0.0008333566687482341,8.938925665251599e-05,8.850373845486258e-05,-8.407807071901467e-05,0.0002628565840240467,0.009000536797803783,1.9702293754162432
rich6d_rough,1440,1.8329807108324338e-05,100,0.00011768435106411339,1.7408518414751115,0.0012779712821470095,1.7383470177621034,1.7433566651881196,0.9961740855169587,9.736609801525665e-05,0.9959832479648488,0.9963649230690687,0.07585280818657661,0.0016994318995928106,0.0725219216633747,0.07918369470977851,0.010389771791468203,9.736609801525663e-05,0.0101989342393583,0.010580609343578105,0.000632165454777634,5.936627163686248e-05,0.0005158075623693836,0.0007485233471858845,7.733559834413644e-05,8.121927787185814e-05,-8.185418628470551e-05,0.00023652538297297838,0.009680270738346493,1.744867486335052
rich6d_rough,1440,2.3357214690901213e-05,100,0.00011768435106411339,1.541988038257949,0.001214585630034939,1.5396074504230806,1.5443686260928173,0.9967105231019816,8.932167675051558e-05,0.9965354526155505,0.9968855935884127,0.07223401431842934,0.001810478013060041,0.06868547741283165,0.07578255122402702,0.010926209376491185,8.932167675051558e-05,0.010751138890060173,0.011101279862922196,0.0005597838956037538,5.421511331517717e-05,0.00045352227350600657,0.0006660455177015011,6.581878107415041e-05,7.366981101078109e-05,-7.857404850698053e-05,0.00021021161065528136,0.010300606699813331,1.5456557019736028
rich6d_rough,1440,2.976351441631313e-05,100,0.00011768435106411339,1.3645759161511244,0.0011700808244178033,1.3622825577352655,1.3668692745669833,0.9971880921867315,8.09427068197985e-05,0.9970294444813648,0.9973467398920983,0.06873167635081495,0.0019123146379121491,0.06498353966050714,0.07247981304112276,0.011403778461241148,8.094270681979849e-05,0.011245130755874343,0.011562426166607952,0.0004899266826822014,4.874815253262205e-05,0.00039438030371826213,0.0005854730616461405,5.509884091634955e-05,6.61780899625405e-05,-7.461021541022982e-05,0.00018480789724292893,0.010858752937642652,1.367973777896663
rich6d_rough,1440,3.792690190732246e-05,100,0.00011768435106411339,1.2048750140257625,0.0011433783279782275,1.2026339925029252,1.2071160355485997,0.9976065570457968,7.260288818386271e-05,0.9974642553849564,0.9977488587066372,0.0653918003111822,0.002001824288054556,0.06146822470659528,0.06931537591576914,0.011822243320306743,7.26028881838627e-05,0.011679941659466371,0.011964544981147114,0.00042249499042308446,4.300337416554359e-05,0.000338208377058619,0.0005067816037875499,4.536017101345401e-05,5.913851740528515e-05,-7.055132310090489e-05,0.0001612716651278129,0.011354388158870259,1.2080597277896303
rich6d_rough,1440,4.8329302385717524e-05,100,0.00011768435106411339,1.0599361653158876,0.0011298470726344872,1.057721665053524,1.0621506655782513,0.9979683122888577,6.467262144331482e-05,0.9978415539508289,0.9980950706268866,0.06225606849989166,0.0020772909291675795,0.058184578278723205,0.06632755872106011,0.012183998563367408,6.467262144331481e-05,0.01205724022533851,0.012310756901396306,0.0003578141032809862,3.709650731686736e-05,0.0002851049489399262,0.00043052325762204624,3.672004449373063e-05,5.289463515106604e-05,-6.695344040235881e-05,0.00014039352938982006,0.011789464415592747,1.0629435064759833
rich6d_rough,1440,6.158482110660255e-05,100,0.00011768435106411339,0.9275752807088341,0.0011214275265927023,0.9253772827567124,0.9297732786609558,0.9982780061996219,5.7431780298088756e-05,0.9981654399102377,0.9983905724890062,0.059360220126416674,0.0021384766466198786,0.05516880589904171,0.06355163435379163,0.012493692474131483,5.743178029808877e-05,0.012381126184747229,0.012606258763515737,0.0002966593851033503,3.120633262921994e-05,0.00023549497315007923,0.0003578237970566214,2.923367745927513e-05,4.7621467236487134e-05,-6.410439832423965e-05,0.0001225717532427899,0.012167799411568913,0.9304212601394518
rich6d_rough,1440,7.847599703514606e-05,100,0.00011768435106411339,0.8063351924650688,0.001108630368926692,0.8041622769419725,0.8085081079881651,0.9985418092679383,5.1010146950012964e-05,0.9984418293799163,0.9986417891559604,0.056731504911103965,0.002186337274236317,0.052446283853600784,0.06101672596860715,0.012757495542448007,5.1010146950012944e-05,0.012657515654425982,0.012857475430470033,0.00024012808281583903,2.554509483220149e-05,0.00019005969694472412,0.00029019646868695394,2.2899404928935362e-05,4.326579448353067e-05,-6.190155225878474e-05,0.00010770036211665547,0.012494468054703289,0.8090188349682454
rich6d_rough,1440,0.0001,100,0.00011768435106411339,0.6953953383153967,0.0010831558166156077,0.6932723529148301,0.6975183237159632,0.9987664838167472,4.5375975973583694e-05,0.9986775469038389,0.9988554207296554,0.054386391389427385,0.002222575993744592,0.050030142441687984,0.058742640337166786,0.012982170091256365,4.537597597358371e-05,0.01289323317834814,0.013071107004164589,0.00018938755767713544,2.032087177340084e-05,0.0001495586490012698,0.00022921646635300108,1.766587103220268e-05,3.958355857988699e-05,-5.991790378437582e-05,9.524964584878118e-05,0.012775116662547076,0.6979034808267797
rich6d_rough,1440,0.0001274274985703132,100,0.00011768435106411339,0.5944161627627268,0.0010398753885242054,0.5923780070012193,0.5964543185242343,0.9989584964913818,4.038043182186004e-05,0.998879350845011,0.9990376421377526,0.05232950527027981,0.0022492143667426382,0.047921045111464236,0.056737965429095386,0.013174182765891688,4.038043182186004e-05,0.013095037119520843,0.013253328412262533,0.0001453847913816327,1.5701357739908762e-05,0.00011461013021141152,0.00017615945255185388,1.3441804295568943e-05,3.6257790894671317e-05,-5.762346585798683e-05,8.450707444912472e-05,0.013015356170214541,0.5967296754683038
rich6d_rough,1440,0.00016237767391887175,100,0.00011768435106411339,0.5033369207985081,0.00097760967574751,0.501420805834043,0.5052530357629732,0.9991233892996462,3.583766129263493e-05,0.9990531474835126,0.9991936311157797,0.050554170220856724,0.0022682728580478376,0.046108355419082966,0.05499998502263048,0.013339075574155838,3.583766129263492e-05,0.013268833758022274,0.013409317390289402,0.00010861797650290312,1.178862034786896e-05,8.551228062107997e-05,0.00013172367238472628,1.0108061982214809e-05,3.302475644258027e-05,-5.462046064524251e-05,7.483658460967213e-05,0.01322034953567077,0.5054370769985984
rich6d_rough,1440,0.00020691380811147902,100,0.00011768435106411339,0.42216781279758336,0.0008987529994515528,0.4204062569186583,0.42392936867650843,0.9992655138941333,3.1599174066098686e-05,0.9992035795129638,0.9993274482753028,0.04904430912677261,0.002281575390477012,0.044572421361437665,0.05351619689210755,0.013481200168643105,3.1599174066098686e-05,0.013419265787473551,0.013543134549812659,7.904080913121278e-05,8.610766154756727e-06,6.21637074678896e-05,9.591791079453597e-05,7.530843838802958e-06,2.974345522645088e-05,-5.076632840504077e-05,6.582801608264668e-05,0.013394628515673133,0.4240414271789661
rich6d_rough,1440,0.00026366508987303556,100,0.00011768435106411339,0.3508205933305016,0.0008081323701920117,0.34923665388492525,0.3524045327760779,0.9993880977334281,2.759034872724019e-05,0.9993340206499227,0.9994421748169334,0.04777711731123226,0.0022906549180769994,0.043287433671801344,0.05226680095066318,0.01360378400793764,2.759034872724019e-05,0.01354970692443225,0.013657861091443032,5.611127054026791e-05,6.130355384335288e-06,4.4095773986970744e-05,6.812676709356508e-05,5.574373849639852e-06,2.639692758454997e-05,-4.616360421607809e-05,5.73123519153578e-05,0.013542098363547788,0.35246301543677444
rich6d_rough,1440,0.0003359818286283774,100,0.00011768435106411339,0.28900670020514463,0.0007116001606375774,0.287611963890295,0.2904014365199943,0.9994935143431057,2.380588056631871e-05,0.9994468548171958,0.9995401738690157,0.04672588372605106,0.002296729611121023,0.04222429368825386,0.051227473763848265,0.013709200617615958,2.3805880566318704e-05,0.013662541091705973,0.013755860143525943,3.894221587243731e-05,4.263967450948696e-06,3.058483966857786e-05,4.729959207629676e-05,4.111292526219692e-06,2.3052440247752684e-05,-4.107149035937557e-05,4.9294075411814955e-05,0.013666147109217345,0.29042249625870764
rich6d_rough,1440,0.00042813323987193956,100,0.00011768435106411339,0.2362083230077877,0.0006147940262710512,0.23500332671629645,0.23741331929927897,0.9995836072466276,2.0282103900693076e-05,0.9995438543229823,0.999623360170273,0.04586249674186329,0.0023007232579305894,0.04135307915631933,0.050371914327407244,0.013799293521136943,2.0282103900693076e-05,0.013759540597491585,0.013839046444782302,2.6486801845902542e-05,2.9051185198709814e-06,2.079276954695542e-05,3.218083414484966e-05,3.0296055542349256e-06,1.981249505451138e-05,-3.580288475260738e-05,4.186209586107723e-05,0.013769777113736854,0.2374101245064357
rich6d_rough,1440,0.0005455594781168515,100,0.00011768435106411339,0.19170757714137998,0.0005223145718637108,0.19068384058052712,0.19273131370223284,0.9996599571114295,1.706650766683772e-05,0.9996265067564025,0.9996934074664565,0.04515938898294461,0.002303309049339642,0.040644903246238914,0.049673874719650304,0.013875643385939718,1.706650766683772e-05,0.013842193030912716,0.01390909374096672,1.770098265802177e-05,1.944053631567348e-06,1.3890637540149768e-05,2.1511327775893773e-05,2.235980945819269e-06,1.677627180534414e-05,-3.064551179265524e-05,3.5117473684293784e-05,0.013855706422335934,0.19271388635984585
rich6d_rough,1440,0.0006951927961775591,100,0.00011768435106411339,0.1546491348430835,0.00043736754294086455,0.15379189445891941,0.1555063752272476,0.9997240456318748,1.4196242926438606e-05,0.999696220995739,0.9997518702680106,0.04459086149769345,0.0023049612710662375,0.04007313740640363,0.049108585588983275,0.013939731906385026,1.4196242926438601e-05,0.013911907270249206,0.013967556542520847,1.1652703059796897e-05,1.281114242444598e-06,9.141719144605485e-06,1.4163686974988309e-05,1.6560068309763915e-06,1.4017800730917432e-05,-2.5818882601621775e-05,2.913089626357456e-05,0.013926423196494312,0.15548185001092912
rich6d_rough,1440,0.0008858667904100832,100,0.00011768435106411339,0.12411239413531674,0.0003617749381751509,0.12340331525649345,0.12482147301414004,0.9997773220875423,1.1688265993176279e-05,0.9997544130861957,0.9998002310888889,0.04413384823095365,0.0023060047752648414,0.03961407887143456,0.048653617590472736,0.013993008362051997,1.1688265993176279e-05,0.013970099360705372,0.014015917363398623,7.574433157553316e-06,8.334202453001531e-07,5.940929476765016e-06,9.207936838341616e-06,1.232431713298262e-06,1.1578876746963929e-05,-2.1462166710751038e-05,2.3927030137347563e-05,0.013984201497181187,0.12479459016592293
rich6d_rough,1440,0.0011288378916846883,100,0.00011768435106411339,0.09917625372430294,0.0002962053865764354,0.09859569116661313,0.09975681628199276,0.9998212043680982,9.538522759383849e-06,0.9998025088634898,0.9998398998727066,0.04376823939986045,0.0023066569491842098,0.0392471917794594,0.0482892870202615,0.01403689064260766,9.538522759383854e-06,0.014018195137999267,0.014055586147216052,4.871911854111909e-06,5.364016774943856e-07,3.8205645662229136e-06,5.9232591420009045e-06,9.224078015708791e-07,9.471555808988243e-06,-1.7641841584046076e-05,1.9486657187187834e-05,0.014031096322952021,0.09973048525659375
rich6d_rough,1440,0.00143844988828766,100,0.00011768435106411339,0.07896795666938633,0.0002404876788977668,0.07849660081874671,0.07943931252002595,0.999857049075125,7.726151603518703e-06,0.999841905817982,0.9998721923322679,0.04347689414069258,0.0023070605330294757,0.03895505549595481,0.04799873278543035,0.014072735349635285,7.726151603518703e-06,0.01405759209249239,0.014087878606778181,3.106638548082888e-06,3.42214866752718e-07,2.4358974092475607e-06,3.777379686918215e-06,6.945130921716717e-07,7.685169850021631e-06,-1.4368419813870725e-05,1.5757445998214067e-05,0.01406893419799509,0.07941513756692442
rich6d_rough,1440,0.0018329807108324375,100,0.00011768435106411339,0.06269417335565096,0.0001939154430446771,0.062314099087283394,0.06307424762401853,0.9998861160967958,6.219365367698205e-06,0.999873926140675,0.9998983060529165,0.04324545811809535,0.0023073078184842498,0.03872313479386622,0.047767781442324485,0.014101802371305323,6.219365367698207e-06,0.014089612415184635,0.014113992327426012,1.967083165392126e-06,2.1677129371901414e-07,1.542211429702858e-06,2.3919549010813934e-06,5.260201693999515e-07,6.1942797880196004e-06,-1.1614768215118466e-05,1.2666808553918369e-05,0.014099309267970584,0.06305296124762638
rich6d_rough,1440,0.002335721469090121,100,0.00011768435106411339,0.04965650619537648,0.00015549652957971163,0.04935173299740025,0.049961279393352716,0.9999095413713913,4.980979670739144e-06,0.9998997786512367,0.999919304091546,0.043062076185682543,0.0023074577315322815,0.038539459031879275,0.04758469333948581,0.0141252276459013,4.980979670739144e-06,0.01411546492574665,0.01413499036605595,1.2384618531833912e-06,1.3651992149279933e-07,9.708828070575045e-07,1.5060408993092779e-06,4.0062182165576024e-07,4.965615837484014e-06,-9.331985219812907e-06,1.0133228863124428e-05,0.014123588562226513,0.04994306993740415
rich6d_rough,1440,0.002976351441631313,100,0.00011768435106411339,0.039255250439462534,0.00012413391914191545,0.03901194795794438,0.03949855292098069,0.9999283224247586,3.972692724228505e-06,0.9999205359470191,0.9999361089024981,0.04291706353636537,0.002307547503648648,0.03839427042921402,0.047439856643516715,0.014144008699267964,3.9726927242285045e-06,0.014136222221528476,0.014151795177007452,7.761701383313188e-07,8.558071977709271e-08,6.084319275682171e-07,9.439083490944205e-07,3.0665370838148285e-07,3.963276519367137e-06,-7.461368269578106e-06,8.074675686341072e-06,0.014142925875421306,0.0394832956291453
rich6d_rough,1440,0.003792690190732238,100,0.00011768435106411339,0.030985361359269468,9.874374684058658e-05,0.030791823615461917,0.03117889910307702,0.9999433159146,3.157950684863368e-06,0.9999371263312576,0.9999495054979423,0.04280257603280769,0.0023076004500625484,0.03827967915068509,0.047325472914930285,0.014159002189109886,3.1579506848633683e-06,0.014152812605767553,0.014165191772452219,4.846676282293999e-07,5.3449792575179184e-08,3.799060347820487e-07,5.894292216767511e-07,2.3576465175160124e-07,3.1521755320236786e-06,-5.942499391014809e-06,6.4140286945180115e-06,0.014158281756829972,0.031166309609607618
rich6d_rough,1440,0.004832930238571752,100,0.00011768435106411339,0.024427934180220327,7.83237313299553e-05,0.024274419666813613,0.02458144869362704,0.999955244148508,2.5035933726453224e-06,0.9999503371054976,0.9999601511915184,0.0427123031682496,0.0023076310559233424,0.03818934629863985,0.047235260037859356,0.014170930423017456,2.503593372645323e-06,0.01416602338000707,0.014175837466027841,3.0176385953833946e-07,3.3283919636157034e-08,2.3652737705147168e-07,3.6700034202520724e-07,1.8195106834889564e-07,2.5000489519779648e-06,-4.718144877527916e-06,5.082047014225707e-06,0.014170446708089623,0.024571179211298776
rich6d_rough,1440,0.006158482110660254,100,0.00011768435106411339,0.019239629942318336,6.19863501805076e-05,0.01911813669596454,0.01936112318867213,0.9999647071739693,1.9805933479935724e-06,0.9999608252110073,0.9999685891369314,0.042641195144717654,0.0023076482535441508,0.03811820456777112,0.04716418572166419,0.014180393448479305,1.9805933479935724e-06,0.014176511485517239,0.014184275411441372,1.874507222526727e-07,2.0677860686991402e-08,1.4692211530616955e-07,2.2797932919917586e-07,1.4086950136912368e-07,1.978416688126362e-06,-3.7368272073585457e-06,4.018566210096793e-06,0.014180065128255738,0.019352818970792038
rich6d_rough,1440,0.00784759970351459,100,0.00011768435106411339,0.015141663250719486,4.896904198300327e-05,0.0150456839284328,0.015237642573006173,0.9999721975706803,1.5641918275799608e-06,0.9999691317546983,0.9999752633866624,0.042585227873860126,0.002307657509845449,0.038062219154563044,0.04710823659315721,0.014187883845189889,1.5641918275799608e-06,0.014184818029207832,0.014190949661171945,1.1622845465336873e-07,1.2822455680994783e-08,9.109644151861896e-08,1.4136046778811851e-07,1.0935292271887696e-07,1.5628544199560567e-06,-2.953841740394994e-06,3.1725475858327484e-06,0.014187658263812566,0.015230972260004198
rich6d_rough,1440,0.01,100,0.00011768435106411339,0.011909319819567853,3.863071571107387e-05,0.011833603616774147,0.011985036022361558,0.9999781158788131,1.2336746071536126e-06,0.9999756978765831,0.9999805338810431,0.04254120516265231,0.002307662143739331,0.03801818736092322,0.0470642229643814,0.01419380215332303,1.2336746071536122e-06,0.01419138415109301,0.01419622015555305,7.196309011644138e-08,7.939628161612072e-09,5.640141891968172e-08,8.752476131320104e-08,8.507231299872833e-08,1.2328524981909995e-06,-2.3313185834556307e-06,2.501463209453087e-06,0.014193645117919967,0.01197970565492254
