policy,scenario,return_date,total_wealth
linear,gross,1978-02-28,1.034327353358
linear,gross,1978-03-31,1.060480280601
linear,gross,1978-04-30,1.077138706338
linear,gross,1978-05-31,1.107732459162
linear,gross,1978-06-30,1.126616417881
linear,gross,1978-07-31,1.166289637158
linear,gross,1978-08-31,1.208906970108
linear,gross,1978-09-30,1.230229160454
linear,gross,1978-10-31,1.219253311688
linear,gross,1978-11-30,1.27732886149
linear,gross,1978-12-31,1.305743362462
linear,gross,1979-01-31,1.351744326593
linear,gross,1979-02-28,1.372450363746
linear,gross,1979-03-31,1.394413898383
linear,gross,1979-04-30,1.423094506601
linear,gross,1979-05-31,1.458908327461
linear,gross,1979-06-30,1.460991207739
linear,gross,1979-07-31,1.524404071888
linear,gross,1979-08-31,1.600897033981
linear,gross,1979-09-30,1.655198629501
linear,gross,1979-10-31,1.689789940415
linear,gross,1979-11-30,1.763434322905
linear,gross,1979-12-31,1.829538271585
linear,gross,1980-01-31,1.869739899761
linear,gross,1980-02-29,1.939009957898
linear,gross,1980-03-31,2.009244269803
linear,gross,1980-04-30,2.091423691767
linear,gross,1980-05-31,2.15089484924
linear,gross,1980-06-30,2.25203482084
linear,gross,1980-07-31,2.322753482208
linear,gross,1980-08-31,2.324112855414
linear,gross,1980-09-30,2.406505989979
linear,gross,1980-10-31,2.500311717074
linear,gross,1980-11-30,2.53379750398
linear,gross,1980-12-31,2.611919313967
linear,gross,1981-01-31,2.67173400693
linear,gross,1981-02-28,2.720856395302
linear,gross,1981-03-31,2.834257999161
linear,gross,1981-04-30,2.962880748618
linear,gross,1981-05-31,3.024688443447
linear,gross,1981-06-30,3.270723004898
linear,gross,1981-07-31,3.287678112139
linear,gross,1981-08-31,3.368096641488
linear,gross,1981-09-30,3.620639586606
linear,gross,1981-10-31,3.909366528815
linear,gross,1981-11-30,4.10813069897
linear,gross,1981-12-31,4.362446398917
linear,gross,1982-01-31,4.575201661148
linear,gross,1982-02-28,4.82705076052
linear,gross,1982-03-31,5.064024509969
linear,gross,1982-04-30,5.306907932123
linear,gross,1982-05-31,5.642851297557
linear,gross,1982-06-30,5.981407989432
linear,gross,1982-07-31,6.261022753831
linear,gross,1982-08-31,6.373921398142
linear,gross,1982-09-30,6.986571782004
linear,gross,1982-10-31,7.126941355217
linear,gross,1982-11-30,7.454614387249
linear,gross,1982-12-31,7.632383736072
linear,gross,1983-01-31,7.720932885254
linear,gross,1983-02-28,8.234989735199
linear,gross,1983-03-31,8.53616565261
linear,gross,1983-04-30,8.843898386307
linear,gross,1983-05-31,8.865102218845
linear,gross,1983-06-30,9.175020074201
linear,gross,1983-07-31,9.679472940206
linear,gross,1983-08-31,9.876378217454
linear,gross,1983-09-30,10.35390974326
linear,gross,1983-10-31,10.55980557248
linear,gross,1983-11-30,10.93100568095
linear,gross,1983-12-31,11.43870340878
linear,gross,1984-01-31,11.50397816413
linear,gross,1984-02-29,11.67947732135
linear,gross,1984-03-31,12.09796220381
linear,gross,1984-04-30,12.61272058561
linear,gross,1984-05-31,13.06102726282
linear,gross,1984-06-30,13.54349281641
linear,gross,1984-07-31,14.09298308666
linear,gross,1984-08-31,14.66462144701
linear,gross,1984-09-30,15.46545766172
linear,gross,1984-10-31,16.06986966171
linear,gross,1984-11-30,16.82037481252
linear,gross,1984-12-31,17.41951051141
linear,gross,1985-01-31,17.13573143061
linear,gross,1985-02-28,17.62335806684
linear,gross,1985-03-31,18.23498441083
linear,gross,1985-04-30,18.8586799163
linear,gross,1985-05-31,19.58813832085
linear,gross,1985-06-30,20.14757482751
linear,gross,1985-07-31,20.6127891624
linear,gross,1985-08-31,21.22972579678
linear,gross,1985-09-30,21.91832671101
linear,gross,1985-10-31,22.9250929175
linear,gross,1985-11-30,23.70297927172
linear,gross,1985-12-31,24.37178369615
linear,gross,1986-01-31,25.32432562903
linear,gross,1986-02-28,26.13334502862
linear,gross,1986-03-31,27.22318149645
linear,gross,1986-04-30,28.03466579748
linear,gross,1986-05-31,28.92283276681
linear,gross,1986-06-30,29.63643747044
linear,gross,1986-07-31,30.02124121876
linear,gross,1986-08-31,30.70676110379
linear,gross,1986-09-30,30.80195360747
linear,gross,1986-10-31,32.24350477488
linear,gross,1986-11-30,33.45559242928
linear,gross,1986-12-31,34.38513219475
linear,gross,1987-01-31,36.19752213944
linear,gross,1987-02-28,36.47858729872
linear,gross,1987-03-31,37.84753451051
linear,gross,1987-04-30,38.78498416459
linear,gross,1987-05-31,39.34018815954
linear,gross,1987-06-30,40.44202215687
linear,gross,1987-07-31,41.54752146085
linear,gross,1987-08-31,43.01802791001
linear,gross,1987-09-30,44.25189937124
linear,gross,1987-10-31,45.36469162977
linear,gross,1987-11-30,47.82187958944
linear,gross,1987-12-31,52.57441208239
linear,gross,1988-01-31,53.19862995281
linear,gross,1988-02-29,55.20458858525
linear,gross,1988-03-31,56.77910736258
linear,gross,1988-04-30,58.57870797577
linear,gross,1988-05-31,60.62839661791
linear,gross,1988-06-30,62.97418842074
linear,gross,1988-07-31,64.53624103941
linear,gross,1988-08-31,65.84239814107
linear,gross,1988-09-30,67.95038002598
linear,gross,1988-10-31,70.24105515621
linear,gross,1988-11-30,72.11686847268
linear,gross,1988-12-31,75.07669470722
linear,gross,1989-01-31,77.63521834372
linear,gross,1989-02-28,79.15364392866
linear,gross,1989-03-31,81.94915304279
linear,gross,1989-04-30,85.04307827943
linear,gross,1989-05-31,87.74824830363
linear,gross,1989-06-30,90.147031016
linear,gross,1989-07-31,94.53325837781
linear,gross,1989-08-31,97.69498420235
linear,gross,1989-09-30,100.0256803208
linear,gross,1989-10-31,101.6155785673
linear,gross,1989-11-30,104.7260514527
linear,gross,1989-12-31,109.0568426048
linear,gross,1990-01-31,109.8291427557
linear,gross,1990-02-28,114.2320385714
linear,gross,1990-03-31,117.5528837691
linear,gross,1990-04-30,120.1306154824
linear,gross,1990-05-31,123.9209042079
linear,gross,1990-06-30,127.1339395645
linear,gross,1990-07-31,132.1015343759
linear,gross,1990-08-31,133.1525423275
linear,gross,1990-09-30,134.8166823509
linear,gross,1990-10-31,142.5992625785
linear,gross,1990-11-30,149.4291604469
linear,gross,1990-12-31,160.1245055675
linear,gross,1991-01-31,165.8477793489
linear,gross,1991-02-28,164.9185070364
linear,gross,1991-03-31,170.2696301512
linear,gross,1991-04-30,173.3323714507
linear,gross,1991-05-31,178.4952196765
linear,gross,1991-06-30,180.579296125
linear,gross,1991-07-31,187.4249239643
linear,gross,1991-08-31,188.5458962352
linear,gross,1991-09-30,189.8733246819
linear,gross,1991-10-31,192.71316615
linear,gross,1991-11-30,193.4016026263
linear,gross,1991-12-31,206.2957054405
linear,gross,1992-01-31,212.9038711249
linear,gross,1992-02-29,218.952913068
linear,gross,1992-03-31,224.302563764
linear,gross,1992-04-30,228.0133918649
linear,gross,1992-05-31,230.3617822415
linear,gross,1992-06-30,234.9129325267
linear,gross,1992-07-31,243.0690849044
linear,gross,1992-08-31,249.2779246817
linear,gross,1992-09-30,254.5582370803
linear,gross,1992-10-31,263.4451805022
linear,gross,1992-11-30,267.0945642352
linear,gross,1992-12-31,275.8317280101
linear,gross,1993-01-31,284.1641922222
linear,gross,1993-02-28,294.8145641457
linear,gross,1993-03-31,304.9224101419
linear,gross,1993-04-30,308.2231663876
linear,gross,1993-05-31,309.0202003256
linear,gross,1993-06-30,318.6274026694
linear,gross,1993-07-31,324.7344739075
linear,gross,1993-08-31,332.5569007545
linear,gross,1993-09-30,339.3007763141
linear,gross,1993-10-31,342.8044837729
linear,gross,1993-11-30,349.0937796222
linear,gross,1993-12-31,361.3857365058
linear,gross,1994-01-31,374.4222218492
linear,gross,1994-02-28,389.7993034105
linear,gross,1994-03-31,398.3479460757
linear,gross,1994-04-30,417.4500548551
linear,gross,1994-05-31,424.9838634404
linear,gross,1994-06-30,439.8319130999
linear,gross,1994-07-31,451.9801790332
linear,gross,1994-08-31,467.6141188909
linear,gross,1994-09-30,479.8736448325
linear,gross,1994-10-31,502.9914742238
linear,gross,1994-11-30,516.374576923
linear,gross,1994-12-31,547.6748381355
linear,gross,1995-01-31,569.7439023088
linear,gross,1995-02-28,589.6682195589
linear,gross,1995-03-31,605.6549163357
linear,gross,1995-04-30,623.1182065877
linear,gross,1995-05-31,634.3187383572
linear,gross,1995-06-30,642.2202775948
linear,gross,1995-07-31,656.0283351604
linear,gross,1995-08-31,669.6108907867
linear,gross,1995-09-30,680.6980661717
linear,gross,1995-10-31,709.4838006342
linear,gross,1995-11-30,734.3687178253
linear,gross,1995-12-31,755.3940328768
linear,gross,1996-01-31,763.1334065265
linear,gross,1996-02-29,782.9578470662
linear,gross,1996-03-31,790.0539740703
linear,gross,1996-04-30,801.611736566
linear,gross,1996-05-31,806.6372965088
linear,gross,1996-06-30,858.9661200455
linear,gross,1996-07-31,903.2620296801
linear,gross,1996-08-31,923.7006615926
linear,gross,1996-09-30,952.0726704646
linear,gross,1996-10-31,1022.678797635
linear,gross,1996-11-30,1062.468834252
linear,gross,1996-12-31,1137.704065252
linear,gross,1997-01-31,1181.920703562
linear,gross,1997-02-28,1219.62420407
linear,gross,1997-03-31,1285.765975527
linear,gross,1997-04-30,1343.888203292
linear,gross,1997-05-31,1387.03578355
linear,gross,1997-06-30,1438.89487513
linear,gross,1997-07-31,1524.889392622
linear,gross,1997-08-31,1567.857368842
linear,gross,1997-09-30,1633.28586663
linear,gross,1997-10-31,1702.073905598
linear,gross,1997-11-30,1760.678822713
linear,gross,1997-12-31,1819.380556165
linear,gross,1998-01-31,1883.033122449
linear,gross,1998-02-28,1932.432574518
linear,gross,1998-03-31,2015.875033672
linear,gross,1998-04-30,2073.22012628
linear,gross,1998-05-31,2115.670722413
linear,gross,1998-06-30,2169.685359394
linear,gross,1998-07-31,2251.623673727
linear,gross,1998-08-31,2320.300790492
linear,gross,1998-09-30,2546.74480005
linear,gross,1998-10-31,2691.142390878
linear,gross,1998-11-30,2827.258794339
linear,gross,1998-12-31,2993.082706913
linear,gross,1999-01-31,3274.006706966
linear,gross,1999-02-28,3388.94696511
linear,gross,1999-03-31,3448.765585237
linear,gross,1999-04-30,3456.197345241
linear,gross,1999-05-31,3683.263879926
linear,gross,1999-06-30,3843.194055457
linear,gross,1999-07-31,4062.950897425
linear,gross,1999-08-31,4195.419070598
linear,gross,1999-09-30,4254.019143119
linear,gross,1999-10-31,4548.273656817
linear,gross,1999-11-30,4888.441817035
linear,gross,1999-12-31,4778.111033447
linear,gross,2000-01-31,4858.9068493
linear,gross,2000-02-29,4785.460238339
linear,gross,2000-03-31,5303.111279724
linear,gross,2000-04-30,5684.492416067
linear,gross,2000-05-31,6087.072814265
linear,gross,2000-06-30,6050.544249851
linear,gross,2000-07-31,6663.969660539
linear,gross,2000-08-31,6968.049766631
linear,gross,2000-09-30,7554.460326503
linear,gross,2000-10-31,8153.736575957
linear,gross,2000-11-30,9026.481285551
linear,gross,2000-12-31,9477.480854242
linear,gross,2001-01-31,10103.50822736
linear,gross,2001-02-28,10888.22289024
linear,gross,2001-03-31,11099.60341565
linear,gross,2001-04-30,11832.02479487
linear,gross,2001-05-31,12374.74429437
linear,gross,2001-06-30,12640.60011136
linear,gross,2001-07-31,13228.91193595
linear,gross,2001-08-31,13473.78825037
linear,gross,2001-09-30,13704.93443862
linear,gross,2001-10-31,15070.80607889
linear,gross,2001-11-30,15608.08760322
linear,gross,2001-12-31,16234.49769269
linear,gross,2002-01-31,17316.98040457
linear,gross,2002-02-28,17732.88917325
linear,gross,2002-03-31,18201.81313223
linear,gross,2002-04-30,19132.27556091
linear,gross,2002-05-31,19692.52684424
linear,gross,2002-06-30,20071.58611715
linear,gross,2002-07-31,20487.42779833
linear,gross,2002-08-31,21017.15045326
linear,gross,2002-09-30,21259.51462388
linear,gross,2002-10-31,23160.65056512
linear,gross,2002-11-30,24300.29099711
linear,gross,2002-12-31,25018.69883039
linear,gross,2003-01-31,25785.25406002
linear,gross,2003-02-28,25964.0152327
linear,gross,2003-03-31,26463.00548832
linear,gross,2003-04-30,27288.86973083
linear,gross,2003-05-31,28429.75593452
linear,gross,2003-06-30,28936.32249362
linear,gross,2003-07-31,30464.73815818
linear,gross,2003-08-31,31133.87905259
linear,gross,2003-09-30,31854.12369057
linear,gross,2003-10-31,33041.35058447
linear,gross,2003-11-30,33658.21539249
linear,gross,2003-12-31,33624.28994996
linear,gross,2004-01-31,35780.19418024
linear,gross,2004-02-29,35923.98045538
linear,gross,2004-03-31,35958.60712904
linear,gross,2004-04-30,35844.51409537
linear,gross,2004-05-31,36019.09797108
linear,gross,2004-06-30,36362.21973921
linear,gross,2004-07-31,36346.70714402
linear,gross,2004-08-31,36345.49925573
linear,gross,2004-09-30,36624.15520931
linear,gross,2004-10-31,36808.45024352
linear,gross,2004-11-30,37232.20905849
linear,gross,2004-12-31,37386.52373951
linear,gross,2005-01-31,37573.09087766
linear,gross,2005-02-28,38946.58629194
linear,gross,2005-03-31,39846.65824596
linear,gross,2005-04-30,40010.13933289
linear,gross,2005-05-31,40697.87491372
linear,gross,2005-06-30,41441.08345427
linear,gross,2005-07-31,42076.62737109
linear,gross,2005-08-31,42590.8810861
linear,gross,2005-09-30,43607.97003639
linear,gross,2005-10-31,44158.15846157
linear,gross,2005-11-30,45054.5812011
linear,gross,2005-12-31,45565.7365421
linear,gross,2006-01-31,46759.89638633
linear,gross,2006-02-28,46943.02899914
linear,gross,2006-03-31,47656.61098562
linear,gross,2006-04-30,48112.48270622
linear,gross,2006-05-31,47799.52092672
linear,gross,2006-06-30,48836.80296973
linear,gross,2006-07-31,49255.88592746
linear,gross,2006-08-31,49509.78547733
linear,gross,2006-09-30,49669.52513025
linear,gross,2006-10-31,50405.98945157
linear,gross,2006-11-30,51069.80333665
linear,gross,2006-12-31,52056.96703889
linear,gross,2007-01-31,52661.56229069
linear,gross,2007-02-28,52466.43104005
linear,gross,2007-03-31,53131.28664141
linear,gross,2007-04-30,53401.23542176
linear,gross,2007-05-31,53329.32737051
linear,gross,2007-06-30,53810.79818258
linear,gross,2007-07-31,53515.66966789
linear,gross,2007-08-31,53632.91466679
linear,gross,2007-09-30,54749.36825246
linear,gross,2007-10-31,55407.80515843
linear,gross,2007-11-30,55083.66766577
linear,gross,2007-12-31,56001.88858251
linear,gross,2008-01-31,55393.08665383
linear,gross,2008-02-29,57801.28479661
linear,gross,2008-03-31,58650.91273942
linear,gross,2008-04-30,60213.69734481
linear,gross,2008-05-31,62183.75599236
linear,gross,2008-06-30,63698.41843087
linear,gross,2008-07-31,65841.61199167
linear,gross,2008-08-31,66196.29042126
linear,gross,2008-09-30,64708.26111642
linear,gross,2008-10-31,64082.03900501
linear,gross,2008-11-30,63743.30563419
linear,gross,2008-12-31,67201.12660311
linear,gross,2009-01-31,70035.39842792
linear,gross,2009-02-28,72448.73358903
linear,gross,2009-03-31,70253.98101163
linear,gross,2009-04-30,68699.57497657
linear,gross,2009-05-31,69561.28573278
linear,gross,2009-06-30,73185.00505819
linear,gross,2009-07-31,73144.0670701
linear,gross,2009-08-31,68502.76085347
linear,gross,2009-09-30,70216.7922994
linear,gross,2009-10-31,72287.98493012
linear,gross,2009-11-30,73331.88809383
linear,gross,2009-12-31,75558.70223793
linear,gross,2010-01-31,75382.00101904
linear,gross,2010-02-28,77064.47715818
linear,gross,2010-03-31,78657.39367615
linear,gross,2010-04-30,79571.2447391
linear,gross,2010-05-31,80690.6832983
linear,gross,2010-06-30,81124.82709662
linear,gross,2010-07-31,82859.5820874
linear,gross,2010-08-31,82649.061004
linear,gross,2010-09-30,85931.83940943
linear,gross,2010-10-31,88492.4180334
linear,gross,2010-11-30,91095.91287
linear,gross,2010-12-31,90246.69220168
linear,gross,2011-01-31,91328.3727003
linear,gross,2011-02-28,92916.07052541
linear,gross,2011-03-31,94010.10730266
linear,gross,2011-04-30,94487.83900302
linear,gross,2011-05-31,95054.58123117
linear,gross,2011-06-30,96211.85475815
linear,gross,2011-07-31,95978.5432781
linear,gross,2011-08-31,96650.92637078
linear,gross,2011-09-30,96517.46665593
linear,gross,2011-10-31,99640.61392485
linear,gross,2011-11-30,101438.119068
linear,gross,2011-12-31,103075.3090122
linear,gross,2012-01-31,103783.1102572
linear,gross,2012-02-29,103589.4669419
linear,gross,2012-03-31,105180.8630966
linear,gross,2012-04-30,105241.8911786
linear,gross,2012-05-31,106174.2540389
linear,gross,2012-06-30,107119.4017288
linear,gross,2012-07-31,107434.8918156
linear,gross,2012-08-31,106521.875452
linear,gross,2012-09-30,106060.824093
linear,gross,2012-10-31,106175.9093322
linear,gross,2012-11-30,107393.7279111
linear,gross,2012-12-31,107992.9093837
linear,gross,2013-01-31,109556.0660317
linear,gross,2013-02-28,111142.8239746
linear,gross,2013-03-31,111895.6682576
linear,gross,2013-04-30,113374.2160664
linear,gross,2013-05-31,115197.1599825
linear,gross,2013-06-30,117332.2627644
linear,gross,2013-07-31,120009.7197163
linear,gross,2013-08-31,119532.0578536
linear,gross,2013-09-30,121590.8110302
linear,gross,2013-10-31,124462.0211248
linear,gross,2013-11-30,125660.3938728
linear,gross,2013-12-31,125116.0232285
linear,gross,2014-01-31,124437.0499878
linear,gross,2014-02-28,124327.1875208
linear,gross,2014-03-31,126072.4704444
linear,gross,2014-04-30,125157.6592864
linear,gross,2014-05-31,125736.4896664
linear,gross,2014-06-30,126113.1141938
linear,gross,2014-07-31,126077.3121574
linear,gross,2014-08-31,127770.8032988
linear,gross,2014-09-30,127874.0269672
linear,gross,2014-10-31,130334.3114404
linear,gross,2014-11-30,132124.7769059
linear,gross,2014-12-31,133795.6442927
linear,gross,2015-01-31,135416.1622491
linear,gross,2015-02-28,136416.2449122
linear,gross,2015-03-31,137901.482221
linear,gross,2015-04-30,135909.3898655
linear,gross,2015-05-31,137942.6406539
linear,gross,2015-06-30,139156.4240684
linear,gross,2015-07-31,142286.0825369
linear,gross,2015-08-31,142751.9141556
linear,gross,2015-09-30,151742.1475147
linear,gross,2015-10-31,155737.462439
linear,gross,2015-11-30,156266.3251693
linear,gross,2015-12-31,159405.3820526
linear,gross,2016-01-31,165614.3393194
linear,gross,2016-02-29,165296.1440293
linear,gross,2016-03-31,160788.2763236
linear,gross,2016-04-30,154241.5438063
linear,gross,2016-05-31,159838.7910192
linear,gross,2016-06-30,159065.9308652
linear,gross,2016-07-31,163247.6700503
linear,gross,2016-08-31,164265.0434094
linear,gross,2016-09-30,164576.5163482
linear,gross,2016-10-31,169401.105697
linear,gross,2016-11-30,175590.8103983
linear,gross,2016-12-31,178223.6498122
linear,gross,2017-01-31,179333.1475582
linear,gross,2017-02-28,180698.9499341
linear,gross,2017-03-31,180157.4682179
linear,gross,2017-04-30,183352.8043184
linear,gross,2017-05-31,184684.131762
linear,gross,2017-06-30,184109.7705936
linear,gross,2017-07-31,186615.7558978
linear,gross,2017-08-31,187695.683552
linear,gross,2017-09-30,189808.5173799
linear,gross,2017-10-31,194561.834155
linear,gross,2017-11-30,196049.5908636
linear,gross,2017-12-31,195521.9961235
linear,gross,2018-01-31,198608.6396464
linear,gross,2018-02-28,200894.5152979
linear,gross,2018-03-31,201117.5778157
linear,gross,2018-04-30,201536.7143723
linear,gross,2018-05-31,204115.8917466
linear,gross,2018-06-30,204004.1570039
linear,gross,2018-07-31,208056.8967341
linear,gross,2018-08-31,211550.4983137
linear,gross,2018-09-30,209524.7005881
linear,gross,2018-10-31,211187.2143032
linear,gross,2018-11-30,210699.3275195
linear,gross,2018-12-31,210806.1859734
linear,gross,2019-01-31,210364.5003889
linear,gross,2019-02-28,210536.6357775
linear,gross,2019-03-31,209843.2036191
linear,gross,2019-04-30,213253.0665065
linear,gross,2019-05-31,212946.1104444
linear,gross,2019-06-30,213529.6368299
linear,gross,2019-07-31,217391.4979295
linear,gross,2019-08-31,217381.6197317
linear,gross,2019-09-30,218593.1442338
linear,gross,2019-10-31,223753.6961987
linear,gross,2019-11-30,222502.2344589
linear,gross,2019-12-31,217596.5621503
linear,gross,2020-01-31,216365.9246421
linear,gross,2020-02-29,208580.9596042
linear,gross,2020-03-31,201523.7228075
linear,gross,2020-04-30,210580.1384704
linear,gross,2020-05-31,207606.8664421
linear,gross,2020-06-30,209050.7254006
linear,gross,2020-07-31,207461.4861144
linear,gross,2020-08-31,211958.6554529
linear,gross,2020-09-30,206489.2264815
linear,gross,2020-10-31,210794.6180051
linear,gross,2020-11-30,207123.7613951
linear,gross,2020-12-31,203549.8489166
linear,gross,2021-01-31,188458.5764513
linear,gross,2021-02-28,190973.1649432
linear,gross,2021-03-31,195897.7092817
linear,gross,2021-04-30,198772.1552615
linear,gross,2021-05-31,202820.0441376
linear,gross,2021-06-30,201648.934674
linear,gross,2021-07-31,204810.9859594
linear,gross,2021-08-31,205556.0625789
linear,gross,2021-09-30,205545.1631064
linear,gross,2021-10-31,208275.9958946
linear,gross,2021-11-30,211035.1258354
linear,gross,2021-12-31,216440.0860807
linear,gross,2022-01-31,220011.3417705
linear,gross,2022-02-28,221783.0805816
linear,gross,2022-03-31,221872.6515863
linear,gross,2022-04-30,228246.6261108
linear,gross,2022-05-31,232531.4865636
linear,gross,2022-06-30,229723.5694829
linear,gross,2022-07-31,231705.3072503
linear,gross,2022-08-31,229559.3608286
linear,gross,2022-09-30,230358.3016039
linear,gross,2022-10-31,240736.8923245
linear,gross,2022-11-30,247082.1316096
linear,gross,2022-12-31,249841.0591785
linear,gross,2023-01-31,245751.7972723
linear,gross,2023-02-28,249783.3301094
linear,gross,2023-03-31,251192.9394133
linear,gross,2023-04-30,252173.4518173
linear,gross,2023-05-31,251536.8221842
linear,gross,2023-06-30,256711.7571219
linear,gross,2023-07-31,257577.7302493
linear,gross,2023-08-31,264620.1443223
linear,gross,2023-09-30,267383.1994714
linear,gross,2023-10-31,269610.2167695
linear,gross,2023-11-30,278464.9229187
linear,gross,2023-12-31,278350.5804518
linear,gross,2024-01-31,283738.4628953
linear,gross,2024-02-29,285863.8860709
linear,gross,2024-03-31,290400.7975639
linear,gross,2024-04-30,290033.2688643
linear,gross,2024-05-31,292835.6996523
linear,gross,2024-06-30,294577.3417772
linear,gross,2024-07-31,299784.3972433
linear,gross,2024-08-31,305689.6652877
linear,gross,2024-09-30,307956.5235848
linear,gross,2024-10-31,306228.1304488
linear,gross,2024-11-30,313748.639562
linear,gross,2024-12-31,312053.6902573
linear,gross,2025-01-31,318756.3277418
gaussian,gross,1978-02-28,1.038930335371
gaussian,gross,1978-03-31,1.064560159856
gaussian,gross,1978-04-30,1.080943720687
gaussian,gross,1978-05-31,1.114897179191
gaussian,gross,1978-06-30,1.137641658907
gaussian,gross,1978-07-31,1.182923534596
gaussian,gross,1978-08-31,1.228748614392
gaussian,gross,1978-09-30,1.253273463865
gaussian,gross,1978-10-31,1.250064420241
gaussian,gross,1978-11-30,1.315264321238
gaussian,gross,1978-12-31,1.349485255091
gaussian,gross,1979-01-31,1.400010305474
gaussian,gross,1979-02-28,1.424692961086
gaussian,gross,1979-03-31,1.45076192059
gaussian,gross,1979-04-30,1.48191546957
gaussian,gross,1979-05-31,1.521182541972
gaussian,gross,1979-06-30,1.523861716812
gaussian,gross,1979-07-31,1.590429905431
gaussian,gross,1979-08-31,1.671332859612
gaussian,gross,1979-09-30,1.730283164144
gaussian,gross,1979-10-31,1.761251476198
gaussian,gross,1979-11-30,1.843892794272
gaussian,gross,1979-12-31,1.926115848905
gaussian,gross,1980-01-31,1.973475744217
gaussian,gross,1980-02-29,2.051902914762
gaussian,gross,1980-03-31,2.105537749438
gaussian,gross,1980-04-30,2.182249377526
gaussian,gross,1980-05-31,2.254783643312
gaussian,gross,1980-06-30,2.361795866799
gaussian,gross,1980-07-31,2.461545061422
gaussian,gross,1980-08-31,2.47694643402
gaussian,gross,1980-09-30,2.574750227794
gaussian,gross,1980-10-31,2.688443516274
gaussian,gross,1980-11-30,2.756752356812
gaussian,gross,1980-12-31,2.813989451448
gaussian,gross,1981-01-31,2.882403408381
gaussian,gross,1981-02-28,2.938863105447
gaussian,gross,1981-03-31,3.054265666366
gaussian,gross,1981-04-30,3.203127541814
gaussian,gross,1981-05-31,3.283456114702
gaussian,gross,1981-06-30,3.527286884451
gaussian,gross,1981-07-31,3.564437814395
gaussian,gross,1981-08-31,3.638148369578
gaussian,gross,1981-09-30,3.897885385354
gaussian,gross,1981-10-31,4.213028857587
gaussian,gross,1981-11-30,4.446865867147
gaussian,gross,1981-12-31,4.709644931008
gaussian,gross,1982-01-31,4.92461275688
gaussian,gross,1982-02-28,5.158516486438
gaussian,gross,1982-03-31,5.401819289735
gaussian,gross,1982-04-30,5.644881361539
gaussian,gross,1982-05-31,5.971498827701
gaussian,gross,1982-06-30,6.326212150535
gaussian,gross,1982-07-31,6.615780118548
gaussian,gross,1982-08-31,6.788697601893
gaussian,gross,1982-09-30,7.485900993478
gaussian,gross,1982-10-31,7.688534527363
gaussian,gross,1982-11-30,8.123774554067
gaussian,gross,1982-12-31,8.346944599782
gaussian,gross,1983-01-31,8.440511180487
gaussian,gross,1983-02-28,9.030987408605
gaussian,gross,1983-03-31,9.37658372457
gaussian,gross,1983-04-30,9.768992912374
gaussian,gross,1983-05-31,9.835376112506
gaussian,gross,1983-06-30,10.21793781173
gaussian,gross,1983-07-31,10.81903631866
gaussian,gross,1983-08-31,11.10502283005
gaussian,gross,1983-09-30,11.65364046978
gaussian,gross,1983-10-31,11.94470121172
gaussian,gross,1983-11-30,12.30761622884
gaussian,gross,1983-12-31,12.90194532112
gaussian,gross,1984-01-31,13.05237229077
gaussian,gross,1984-02-29,13.33041884346
gaussian,gross,1984-03-31,13.83122865612
gaussian,gross,1984-04-30,14.45323568107
gaussian,gross,1984-05-31,15.08345620773
gaussian,gross,1984-06-30,15.64871860825
gaussian,gross,1984-07-31,16.25212300344
gaussian,gross,1984-08-31,17.01995782277
gaussian,gross,1984-09-30,17.9551883726
gaussian,gross,1984-10-31,18.63072987183
gaussian,gross,1984-11-30,19.52094755558
gaussian,gross,1984-12-31,20.21518785553
gaussian,gross,1985-01-31,20.05471773837
gaussian,gross,1985-02-28,20.72632731604
gaussian,gross,1985-03-31,21.50606506276
gaussian,gross,1985-04-30,22.29336441323
gaussian,gross,1985-05-31,23.22866545522
gaussian,gross,1985-06-30,23.92400010155
gaussian,gross,1985-07-31,24.53468154064
gaussian,gross,1985-08-31,25.34429370063
gaussian,gross,1985-09-30,26.15025031916
gaussian,gross,1985-10-31,27.37460289232
gaussian,gross,1985-11-30,28.4589034646
gaussian,gross,1985-12-31,29.27397516407
gaussian,gross,1986-01-31,30.57615393102
gaussian,gross,1986-02-28,31.5497971807
gaussian,gross,1986-03-31,32.9136171367
gaussian,gross,1986-04-30,33.92352754456
gaussian,gross,1986-05-31,35.05928893469
gaussian,gross,1986-06-30,35.95178477845
gaussian,gross,1986-07-31,36.34644120106
gaussian,gross,1986-08-31,37.29736900577
gaussian,gross,1986-09-30,37.45519858146
gaussian,gross,1986-10-31,39.27513240335
gaussian,gross,1986-11-30,40.79502084797
gaussian,gross,1986-12-31,41.96804262765
gaussian,gross,1987-01-31,44.36034582625
gaussian,gross,1987-02-28,44.8486511904
gaussian,gross,1987-03-31,46.62494633781
gaussian,gross,1987-04-30,48.90963872247
gaussian,gross,1987-05-31,49.34922482997
gaussian,gross,1987-06-30,50.33783262225
gaussian,gross,1987-07-31,51.70761482901
gaussian,gross,1987-08-31,54.11815270663
gaussian,gross,1987-09-30,56.3647417106
gaussian,gross,1987-10-31,62.11759578688
gaussian,gross,1987-11-30,67.03260977204
gaussian,gross,1987-12-31,74.45249073405
gaussian,gross,1988-01-31,75.93712433504
gaussian,gross,1988-02-29,78.8544105905
gaussian,gross,1988-03-31,81.30244954092
gaussian,gross,1988-04-30,84.00931735242
gaussian,gross,1988-05-31,87.10800530657
gaussian,gross,1988-06-30,90.6352747154
gaussian,gross,1988-07-31,93.1462082933
gaussian,gross,1988-08-31,95.18287816916
gaussian,gross,1988-09-30,98.31763377878
gaussian,gross,1988-10-31,101.6604491666
gaussian,gross,1988-11-30,104.7098323263
gaussian,gross,1988-12-31,109.1181532496
gaussian,gross,1989-01-31,112.9530094913
gaussian,gross,1989-02-28,115.5707841006
gaussian,gross,1989-03-31,119.838344431
gaussian,gross,1989-04-30,124.2874193667
gaussian,gross,1989-05-31,128.2490609062
gaussian,gross,1989-06-30,132.0460132323
gaussian,gross,1989-07-31,138.5506664219
gaussian,gross,1989-08-31,143.3414957917
gaussian,gross,1989-09-30,147.0229383604
gaussian,gross,1989-10-31,149.4743171865
gaussian,gross,1989-11-30,154.4359068049
gaussian,gross,1989-12-31,160.9957705967
gaussian,gross,1990-01-31,163.0198072885
gaussian,gross,1990-02-28,169.6567754536
gaussian,gross,1990-03-31,174.4748509627
gaussian,gross,1990-04-30,179.0891088874
gaussian,gross,1990-05-31,184.4814379313
gaussian,gross,1990-06-30,189.4782701843
gaussian,gross,1990-07-31,197.573278116
gaussian,gross,1990-08-31,201.127476493
gaussian,gross,1990-09-30,204.746990318
gaussian,gross,1990-10-31,217.2184921199
gaussian,gross,1990-11-30,227.0079140971
gaussian,gross,1990-12-31,243.1617706248
gaussian,gross,1991-01-31,252.0761272572
gaussian,gross,1991-02-28,250.3491794094
gaussian,gross,1991-03-31,258.2773440499
gaussian,gross,1991-04-30,262.664816196
gaussian,gross,1991-05-31,269.8774798454
gaussian,gross,1991-06-30,274.0017039694
gaussian,gross,1991-07-31,283.6253945561
gaussian,gross,1991-08-31,284.975372337
gaussian,gross,1991-09-30,287.3324812438
gaussian,gross,1991-10-31,291.7793830409
gaussian,gross,1991-11-30,293.4782012894
gaussian,gross,1991-12-31,311.5808920027
gaussian,gross,1992-01-31,321.5174187997
gaussian,gross,1992-02-29,325.5896199007
gaussian,gross,1992-03-31,336.7808722012
gaussian,gross,1992-04-30,346.3612534782
gaussian,gross,1992-05-31,359.3173520601
gaussian,gross,1992-06-30,377.575118897
gaussian,gross,1992-07-31,394.9112932814
gaussian,gross,1992-08-31,413.5636143037
gaussian,gross,1992-09-30,427.2462798946
gaussian,gross,1992-10-31,445.9243056463
gaussian,gross,1992-11-30,446.013816928
gaussian,gross,1992-12-31,458.2184159337
gaussian,gross,1993-01-31,474.2725662934
gaussian,gross,1993-02-28,492.5661747502
gaussian,gross,1993-03-31,514.4668982654
gaussian,gross,1993-04-30,519.8219698926
gaussian,gross,1993-05-31,524.3701759171
gaussian,gross,1993-06-30,540.4603224627
gaussian,gross,1993-07-31,554.0111771191
gaussian,gross,1993-08-31,572.2939895949
gaussian,gross,1993-09-30,588.4950436265
gaussian,gross,1993-10-31,599.1737438975
gaussian,gross,1993-11-30,613.8958086814
gaussian,gross,1993-12-31,627.5553400836
gaussian,gross,1994-01-31,657.7903488376
gaussian,gross,1994-02-28,690.354040462
gaussian,gross,1994-03-31,711.2394669289
gaussian,gross,1994-04-30,752.4608561109
gaussian,gross,1994-05-31,763.7207487757
gaussian,gross,1994-06-30,781.7012375642
gaussian,gross,1994-07-31,810.169638077
gaussian,gross,1994-08-31,844.7986828926
gaussian,gross,1994-09-30,875.7569120448
gaussian,gross,1994-10-31,938.2320061349
gaussian,gross,1994-11-30,975.8034500696
gaussian,gross,1994-12-31,1031.291481617
gaussian,gross,1995-01-31,1097.083272894
gaussian,gross,1995-02-28,1139.722729225
gaussian,gross,1995-03-31,1189.492576219
gaussian,gross,1995-04-30,1235.347515369
gaussian,gross,1995-05-31,1281.663426684
gaussian,gross,1995-06-30,1332.531424276
gaussian,gross,1995-07-31,1390.71476212
gaussian,gross,1995-08-31,1461.536250544
gaussian,gross,1995-09-30,1497.330400902
gaussian,gross,1995-10-31,1578.386702056
gaussian,gross,1995-11-30,1636.345082652
gaussian,gross,1995-12-31,1709.163104874
gaussian,gross,1996-01-31,1759.721300145
gaussian,gross,1996-02-29,1813.269496863
gaussian,gross,1996-03-31,1859.512474806
gaussian,gross,1996-04-30,1875.927722857
gaussian,gross,1996-05-31,1871.439079321
gaussian,gross,1996-06-30,2000.211840638
gaussian,gross,1996-07-31,2111.654607452
gaussian,gross,1996-08-31,2156.138193149
gaussian,gross,1996-09-30,2239.391162261
gaussian,gross,1996-10-31,2383.117522304
gaussian,gross,1996-11-30,2448.796783359
gaussian,gross,1996-12-31,2617.991571851
gaussian,gross,1997-01-31,2695.629688298
gaussian,gross,1997-02-28,2770.960025046
gaussian,gross,1997-03-31,2899.548865825
gaussian,gross,1997-04-30,3033.745652281
gaussian,gross,1997-05-31,3154.406265354
gaussian,gross,1997-06-30,3314.761930603
gaussian,gross,1997-07-31,3518.380451422
gaussian,gross,1997-08-31,3634.652237604
gaussian,gross,1997-09-30,3834.402801184
gaussian,gross,1997-10-31,3993.65037923
gaussian,gross,1997-11-30,4086.788795214
gaussian,gross,1997-12-31,4186.048240878
gaussian,gross,1998-01-31,4332.151908949
gaussian,gross,1998-02-28,4502.167605986
gaussian,gross,1998-03-31,4761.94564979
gaussian,gross,1998-04-30,4909.813054972
gaussian,gross,1998-05-31,5027.459178182
gaussian,gross,1998-06-30,5220.176875176
gaussian,gross,1998-07-31,5327.96917408
gaussian,gross,1998-08-31,5403.157555171
gaussian,gross,1998-09-30,6033.163143228
gaussian,gross,1998-10-31,6389.581633147
gaussian,gross,1998-11-30,6672.379781895
gaussian,gross,1998-12-31,7012.372129106
gaussian,gross,1999-01-31,7686.269811924
gaussian,gross,1999-02-28,7936.471689257
gaussian,gross,1999-03-31,8160.643024047
gaussian,gross,1999-04-30,8338.088501116
gaussian,gross,1999-05-31,8877.831056688
gaussian,gross,1999-06-30,9218.829453056
gaussian,gross,1999-07-31,9706.27569265
gaussian,gross,1999-08-31,10015.21322303
gaussian,gross,1999-09-30,10190.62079122
gaussian,gross,1999-10-31,10842.49823499
gaussian,gross,1999-11-30,11544.27502399
gaussian,gross,1999-12-31,11484.59729235
gaussian,gross,2000-01-31,11677.44726153
gaussian,gross,2000-02-29,11571.35101506
gaussian,gross,2000-03-31,12672.91874747
gaussian,gross,2000-04-30,13725.79016053
gaussian,gross,2000-05-31,14809.14833705
gaussian,gross,2000-06-30,14610.14798462
gaussian,gross,2000-07-31,16061.8648321
gaussian,gross,2000-08-31,16492.08576197
gaussian,gross,2000-09-30,17981.85588491
gaussian,gross,2000-10-31,19540.97690587
gaussian,gross,2000-11-30,21645.26637594
gaussian,gross,2000-12-31,22661.81353606
gaussian,gross,2001-01-31,23884.24906532
gaussian,gross,2001-02-28,26077.73490207
gaussian,gross,2001-03-31,26687.00946967
gaussian,gross,2001-04-30,28592.42368983
gaussian,gross,2001-05-31,30626.05976388
gaussian,gross,2001-06-30,31427.08159686
gaussian,gross,2001-07-31,32838.11018645
gaussian,gross,2001-08-31,33792.62925826
gaussian,gross,2001-09-30,35314.09528229
gaussian,gross,2001-10-31,37915.33579736
gaussian,gross,2001-11-30,39933.63467394
gaussian,gross,2001-12-31,41343.6384775
gaussian,gross,2002-01-31,44104.75562099
gaussian,gross,2002-02-28,44961.4794871
gaussian,gross,2002-03-31,45852.92868039
gaussian,gross,2002-04-30,47705.40404414
gaussian,gross,2002-05-31,49054.79692547
gaussian,gross,2002-06-30,49986.21603036
gaussian,gross,2002-07-31,51713.92925584
gaussian,gross,2002-08-31,53026.50959311
gaussian,gross,2002-09-30,53732.37319949
gaussian,gross,2002-10-31,57959.09082473
gaussian,gross,2002-11-30,59968.46313611
gaussian,gross,2002-12-31,62095.40136346
gaussian,gross,2003-01-31,64062.73742689
gaussian,gross,2003-02-28,64332.60027603
gaussian,gross,2003-03-31,65339.46271333
gaussian,gross,2003-04-30,67118.85217795
gaussian,gross,2003-05-31,69273.44751063
gaussian,gross,2003-06-30,70256.46237498
gaussian,gross,2003-07-31,73284.70684587
gaussian,gross,2003-08-31,74168.08458164
gaussian,gross,2003-09-30,75762.93317174
gaussian,gross,2003-10-31,76589.74038658
gaussian,gross,2003-11-30,77412.75096853
gaussian,gross,2003-12-31,77332.23401138
gaussian,gross,2004-01-31,81105.90495214
gaussian,gross,2004-02-29,80378.05312082
gaussian,gross,2004-03-31,80622.97460611
gaussian,gross,2004-04-30,81459.23255418
gaussian,gross,2004-05-31,82872.75148304
gaussian,gross,2004-06-30,84967.62011631
gaussian,gross,2004-07-31,84913.8041145
gaussian,gross,2004-08-31,83370.07117596
gaussian,gross,2004-09-30,85955.68580215
gaussian,gross,2004-10-31,88209.23702904
gaussian,gross,2004-11-30,92185.84694402
gaussian,gross,2004-12-31,94247.34480317
gaussian,gross,2005-01-31,94319.34744554
gaussian,gross,2005-02-28,97322.40190595
gaussian,gross,2005-03-31,99376.48671427
gaussian,gross,2005-04-30,99642.5140785
gaussian,gross,2005-05-31,101435.1414662
gaussian,gross,2005-06-30,103353.1386328
gaussian,gross,2005-07-31,104648.0211709
gaussian,gross,2005-08-31,105980.625702
gaussian,gross,2005-09-30,108279.0547831
gaussian,gross,2005-10-31,109511.4467508
gaussian,gross,2005-11-30,111379.3237624
gaussian,gross,2005-12-31,112535.7862507
gaussian,gross,2006-01-31,115061.1081887
gaussian,gross,2006-02-28,115984.4705292
gaussian,gross,2006-03-31,117383.1979625
gaussian,gross,2006-04-30,119091.5060399
gaussian,gross,2006-05-31,118769.1508359
gaussian,gross,2006-06-30,121758.7008258
gaussian,gross,2006-07-31,122815.4331047
gaussian,gross,2006-08-31,123530.0982641
gaussian,gross,2006-09-30,124268.6110248
gaussian,gross,2006-10-31,126136.6900097
gaussian,gross,2006-11-30,128193.9162843
gaussian,gross,2006-12-31,130630.4148335
gaussian,gross,2007-01-31,132687.9036443
gaussian,gross,2007-02-28,132481.4296825
gaussian,gross,2007-03-31,134445.8483715
gaussian,gross,2007-04-30,136054.6556502
gaussian,gross,2007-05-31,136849.5266265
gaussian,gross,2007-06-30,137901.1104173
gaussian,gross,2007-07-31,136685.1466971
gaussian,gross,2007-08-31,136937.6561952
gaussian,gross,2007-09-30,140426.9429092
gaussian,gross,2007-10-31,142809.4273039
gaussian,gross,2007-11-30,141076.4436643
gaussian,gross,2007-12-31,143753.8884534
gaussian,gross,2008-01-31,142604.2174193
gaussian,gross,2008-02-29,151994.5764076
gaussian,gross,2008-03-31,155329.5353665
gaussian,gross,2008-04-30,161990.056329
gaussian,gross,2008-05-31,169355.4408471
gaussian,gross,2008-06-30,178808.1382954
gaussian,gross,2008-07-31,183046.1369708
gaussian,gross,2008-08-31,184378.6826409
gaussian,gross,2008-09-30,180798.8850538
gaussian,gross,2008-10-31,185306.9089539
gaussian,gross,2008-11-30,193245.4471857
gaussian,gross,2008-12-31,211255.0630455
gaussian,gross,2009-01-31,235316.7291581
gaussian,gross,2009-02-28,246570.56198
gaussian,gross,2009-03-31,235286.9385738
gaussian,gross,2009-04-30,230075.353819
gaussian,gross,2009-05-31,232204.2710911
gaussian,gross,2009-06-30,242749.6973023
gaussian,gross,2009-07-31,241164.7562361
gaussian,gross,2009-08-31,226279.5263062
gaussian,gross,2009-09-30,231977.0203505
gaussian,gross,2009-10-31,240563.9433394
gaussian,gross,2009-11-30,246586.2725103
gaussian,gross,2009-12-31,252271.6360241
gaussian,gross,2010-01-31,254415.0397785
gaussian,gross,2010-02-28,259074.8704061
gaussian,gross,2010-03-31,263644.0155477
gaussian,gross,2010-04-30,264162.6608619
gaussian,gross,2010-05-31,272824.0320782
gaussian,gross,2010-06-30,280319.3587747
gaussian,gross,2010-07-31,285752.2830697
gaussian,gross,2010-08-31,289224.8204603
gaussian,gross,2010-09-30,298529.4353371
gaussian,gross,2010-10-31,307301.9055232
gaussian,gross,2010-11-30,314875.4860664
gaussian,gross,2010-12-31,309681.1987684
gaussian,gross,2011-01-31,315711.7161908
gaussian,gross,2011-02-28,321518.0608827
gaussian,gross,2011-03-31,325693.6852577
gaussian,gross,2011-04-30,327755.3643483
gaussian,gross,2011-05-31,329885.0368433
gaussian,gross,2011-06-30,335117.3986544
gaussian,gross,2011-07-31,335224.1271588
gaussian,gross,2011-08-31,338961.4698237
gaussian,gross,2011-09-30,340675.3451184
gaussian,gross,2011-10-31,349270.1731892
gaussian,gross,2011-11-30,356677.6406331
gaussian,gross,2011-12-31,363109.2475981
gaussian,gross,2012-01-31,363732.0324352
gaussian,gross,2012-02-29,363282.9775021
gaussian,gross,2012-03-31,368660.8327542
gaussian,gross,2012-04-30,369370.3927239
gaussian,gross,2012-05-31,372303.292528
gaussian,gross,2012-06-30,376606.8483819
gaussian,gross,2012-07-31,377817.4141504
gaussian,gross,2012-08-31,374087.4879134
gaussian,gross,2012-09-30,373781.8213253
gaussian,gross,2012-10-31,375093.0565787
gaussian,gross,2012-11-30,379036.8394914
gaussian,gross,2012-12-31,381847.5381447
gaussian,gross,2013-01-31,388274.5775218
gaussian,gross,2013-02-28,394353.2535171
gaussian,gross,2013-03-31,398019.1906476
gaussian,gross,2013-04-30,403653.1374053
gaussian,gross,2013-05-31,409467.7035065
gaussian,gross,2013-06-30,418336.4384026
gaussian,gross,2013-07-31,428389.2684148
gaussian,gross,2013-08-31,427217.2585614
gaussian,gross,2013-09-30,435897.013536
gaussian,gross,2013-10-31,447652.9302299
gaussian,gross,2013-11-30,451671.8782386
gaussian,gross,2013-12-31,450626.1937311
gaussian,gross,2014-01-31,447982.2845962
gaussian,gross,2014-02-28,448451.5181637
gaussian,gross,2014-03-31,454813.9832184
gaussian,gross,2014-04-30,452172.2968391
gaussian,gross,2014-05-31,454930.1758425
gaussian,gross,2014-06-30,456501.4568541
gaussian,gross,2014-07-31,456137.5779223
gaussian,gross,2014-08-31,462608.9251251
gaussian,gross,2014-09-30,462427.9929968
gaussian,gross,2014-10-31,471865.5069141
gaussian,gross,2014-11-30,479260.2126816
gaussian,gross,2014-12-31,485145.4089699
gaussian,gross,2015-01-31,490704.7481071
gaussian,gross,2015-02-28,501134.4071696
gaussian,gross,2015-03-31,510556.9056725
gaussian,gross,2015-04-30,510574.322652
gaussian,gross,2015-05-31,516989.609721
gaussian,gross,2015-06-30,519997.9464015
gaussian,gross,2015-07-31,526400.5733323
gaussian,gross,2015-08-31,529226.3548284
gaussian,gross,2015-09-30,549766.1151379
gaussian,gross,2015-10-31,574076.7237546
gaussian,gross,2015-11-30,569809.4515121
gaussian,gross,2015-12-31,574391.2349224
gaussian,gross,2016-01-31,611956.3976423
gaussian,gross,2016-02-29,618121.8187373
gaussian,gross,2016-03-31,630063.6542328
gaussian,gross,2016-04-30,620571.4003228
gaussian,gross,2016-05-31,642700.1768359
gaussian,gross,2016-06-30,650628.1420808
gaussian,gross,2016-07-31,676487.9086818
gaussian,gross,2016-08-31,676353.8656605
gaussian,gross,2016-09-30,677333.2033721
gaussian,gross,2016-10-31,702253.0166434
gaussian,gross,2016-11-30,706400.9713427
gaussian,gross,2016-12-31,723656.967398
gaussian,gross,2017-01-31,733841.6415056
gaussian,gross,2017-02-28,733399.8187315
gaussian,gross,2017-03-31,727380.9917153
gaussian,gross,2017-04-30,746201.4366796
gaussian,gross,2017-05-31,754171.7981183
gaussian,gross,2017-06-30,770198.5648338
gaussian,gross,2017-07-31,780500.8191607
gaussian,gross,2017-08-31,784856.5495482
gaussian,gross,2017-09-30,795914.1450885
gaussian,gross,2017-10-31,820477.9241762
gaussian,gross,2017-11-30,829291.7489129
gaussian,gross,2017-12-31,825929.9775045
gaussian,gross,2018-01-31,809651.4621672
gaussian,gross,2018-02-28,816270.3927199
gaussian,gross,2018-03-31,818225.8870813
gaussian,gross,2018-04-30,821283.3801461
gaussian,gross,2018-05-31,823923.5129248
gaussian,gross,2018-06-30,834856.2184298
gaussian,gross,2018-07-31,859564.5990983
gaussian,gross,2018-08-31,874380.551627
gaussian,gross,2018-09-30,870176.3609435
gaussian,gross,2018-10-31,873407.5022674
gaussian,gross,2018-11-30,879435.9668978
gaussian,gross,2018-12-31,889400.9386291
gaussian,gross,2019-01-31,899328.1436052
gaussian,gross,2019-02-28,912780.778367
gaussian,gross,2019-03-31,929381.8341555
gaussian,gross,2019-04-30,946555.3965374
gaussian,gross,2019-05-31,978210.7061061
gaussian,gross,2019-06-30,990740.6766628
gaussian,gross,2019-07-31,1020194.940615
gaussian,gross,2019-08-31,1044181.2777
gaussian,gross,2019-09-30,1046514.823129
gaussian,gross,2019-10-31,1076794.960006
gaussian,gross,2019-11-30,1066574.486426
gaussian,gross,2019-12-31,1043295.333789
gaussian,gross,2020-01-31,1065483.148681
gaussian,gross,2020-02-29,1016028.751838
gaussian,gross,2020-03-31,908707.2438921
gaussian,gross,2020-04-30,977210.8766137
gaussian,gross,2020-05-31,991203.324365
gaussian,gross,2020-06-30,1006388.836474
gaussian,gross,2020-07-31,1024240.977554
gaussian,gross,2020-08-31,1078236.847427
gaussian,gross,2020-09-30,1046710.363496
gaussian,gross,2020-10-31,1057973.537514
gaussian,gross,2020-11-30,1123445.600345
gaussian,gross,2020-12-31,1129503.12828
gaussian,gross,2021-01-31,1004766.242701
gaussian,gross,2021-02-28,1019318.200442
gaussian,gross,2021-03-31,1047738.376582
gaussian,gross,2021-04-30,1063942.847187
gaussian,gross,2021-05-31,1086472.000188
gaussian,gross,2021-06-30,1079870.439307
gaussian,gross,2021-07-31,1097839.68579
gaussian,gross,2021-08-31,1103094.153181
gaussian,gross,2021-09-30,1101376.336718
gaussian,gross,2021-10-31,1117514.529259
gaussian,gross,2021-11-30,1132378.281294
gaussian,gross,2021-12-31,1162654.497747
gaussian,gross,2022-01-31,1179964.825322
gaussian,gross,2022-02-28,1189085.752255
gaussian,gross,2022-03-31,1189729.30605
gaussian,gross,2022-04-30,1220403.501326
gaussian,gross,2022-05-31,1243057.460785
gaussian,gross,2022-06-30,1226676.854704
gaussian,gross,2022-07-31,1239280.372204
gaussian,gross,2022-08-31,1227049.944578
gaussian,gross,2022-09-30,1229191.108764
gaussian,gross,2022-10-31,1286741.846253
gaussian,gross,2022-11-30,1321264.241251
gaussian,gross,2022-12-31,1336114.302459
gaussian,gross,2023-01-31,1315207.060166
gaussian,gross,2023-02-28,1336415.445933
gaussian,gross,2023-03-31,1342209.62683
gaussian,gross,2023-04-30,1346471.367709
gaussian,gross,2023-05-31,1342256.917874
gaussian,gross,2023-06-30,1370626.19288
gaussian,gross,2023-07-31,1376485.746236
gaussian,gross,2023-08-31,1413271.060282
gaussian,gross,2023-09-30,1427242.039527
gaussian,gross,2023-10-31,1438805.691731
gaussian,gross,2023-11-30,1487764.305114
gaussian,gross,2023-12-31,1490086.036544
gaussian,gross,2024-01-31,1520026.371954
gaussian,gross,2024-02-29,1531600.783049
gaussian,gross,2024-03-31,1556324.672306
gaussian,gross,2024-04-30,1553067.608889
gaussian,gross,2024-05-31,1568455.37964
gaussian,gross,2024-06-30,1577908.542222
gaussian,gross,2024-07-31,1608393.499792
gaussian,gross,2024-08-31,1640646.927388
gaussian,gross,2024-09-30,1652762.685612
gaussian,gross,2024-10-31,1643158.176364
gaussian,gross,2024-11-30,1686469.698247
gaussian,gross,2024-12-31,1675836.698105
gaussian,gross,2025-01-31,1711403.119141
matern32,gross,1978-02-28,1.041252587137
matern32,gross,1978-03-31,1.06732479297
matern32,gross,1978-04-30,1.084282602624
matern32,gross,1978-05-31,1.119961771098
matern32,gross,1978-06-30,1.145180195197
matern32,gross,1978-07-31,1.194209914878
matern32,gross,1978-08-31,1.241001569365
matern32,gross,1978-09-30,1.266673933658
matern32,gross,1978-10-31,1.264624214159
matern32,gross,1978-11-30,1.334048212167
matern32,gross,1978-12-31,1.371373560718
matern32,gross,1979-01-31,1.425503492106
matern32,gross,1979-02-28,1.451513292882
matern32,gross,1979-03-31,1.47939010779
matern32,gross,1979-04-30,1.511385060263
matern32,gross,1979-05-31,1.54988874056
matern32,gross,1979-06-30,1.554103107748
matern32,gross,1979-07-31,1.620728850518
matern32,gross,1979-08-31,1.70025059917
matern32,gross,1979-09-30,1.758914544787
matern32,gross,1979-10-31,1.784016566868
matern32,gross,1979-11-30,1.86816285193
matern32,gross,1979-12-31,1.952201646883
matern32,gross,1980-01-31,2.002139721054
matern32,gross,1980-02-29,2.086778693878
matern32,gross,1980-03-31,2.124739099556
matern32,gross,1980-04-30,2.191951542658
matern32,gross,1980-05-31,2.271004297488
matern32,gross,1980-06-30,2.381721210793
matern32,gross,1980-07-31,2.490512957072
matern32,gross,1980-08-31,2.513217947095
matern32,gross,1980-09-30,2.619638753399
matern32,gross,1980-10-31,2.746608087724
matern32,gross,1980-11-30,2.833690116635
matern32,gross,1980-12-31,2.877041386961
matern32,gross,1981-01-31,2.946725846245
matern32,gross,1981-02-28,2.997719824872
matern32,gross,1981-03-31,3.114055964724
matern32,gross,1981-04-30,3.255263983456
matern32,gross,1981-05-31,3.333924171636
matern32,gross,1981-06-30,3.572636305348
matern32,gross,1981-07-31,3.61829881894
matern32,gross,1981-08-31,3.681339184386
matern32,gross,1981-09-30,3.924748512532
matern32,gross,1981-10-31,4.234576188794
matern32,gross,1981-11-30,4.468373760153
matern32,gross,1981-12-31,4.719265254896
matern32,gross,1982-01-31,4.916913100245
matern32,gross,1982-02-28,5.143962201004
matern32,gross,1982-03-31,5.384549757501
matern32,gross,1982-04-30,5.608203476217
matern32,gross,1982-05-31,5.897745251238
matern32,gross,1982-06-30,6.254090886127
matern32,gross,1982-07-31,6.515474557466
matern32,gross,1982-08-31,6.666657537323
matern32,gross,1982-09-30,7.315701736098
matern32,gross,1982-10-31,7.56308259333
matern32,gross,1982-11-30,7.951861422603
matern32,gross,1982-12-31,8.172629767498
matern32,gross,1983-01-31,8.245022659001
matern32,gross,1983-02-28,8.839854216463
matern32,gross,1983-03-31,9.215571053165
matern32,gross,1983-04-30,9.579805065403
matern32,gross,1983-05-31,9.637543607781
matern32,gross,1983-06-30,10.01480767133
matern32,gross,1983-07-31,10.57092801448
matern32,gross,1983-08-31,10.81301414633
matern32,gross,1983-09-30,11.33781083122
matern32,gross,1983-10-31,11.61163972459
matern32,gross,1983-11-30,11.98796006791
matern32,gross,1983-12-31,12.53322532489
matern32,gross,1984-01-31,12.71496411373
matern32,gross,1984-02-29,13.02656797694
matern32,gross,1984-03-31,13.51275774339
matern32,gross,1984-04-30,14.09702418195
matern32,gross,1984-05-31,14.73682601528
matern32,gross,1984-06-30,15.25273255851
matern32,gross,1984-07-31,15.83094516311
matern32,gross,1984-08-31,16.5510136353
matern32,gross,1984-09-30,17.49194493643
matern32,gross,1984-10-31,18.14345900903
matern32,gross,1984-11-30,19.01716107675
matern32,gross,1984-12-31,19.66970171635
matern32,gross,1985-01-31,19.58652113076
matern32,gross,1985-02-28,20.2858272972
matern32,gross,1985-03-31,21.08926905563
matern32,gross,1985-04-30,21.87125504165
matern32,gross,1985-05-31,22.82884435046
matern32,gross,1985-06-30,23.56122366406
matern32,gross,1985-07-31,24.19952066487
matern32,gross,1985-08-31,25.03979549586
matern32,gross,1985-09-30,25.80231446547
matern32,gross,1985-10-31,26.99626336835
matern32,gross,1985-11-30,28.12335958713
matern32,gross,1985-12-31,28.92955089394
matern32,gross,1986-01-31,30.26929745963
matern32,gross,1986-02-28,31.26878484426
matern32,gross,1986-03-31,32.63853416392
matern32,gross,1986-04-30,33.67891357397
matern32,gross,1986-05-31,34.85088214121
matern32,gross,1986-06-30,35.76836152104
matern32,gross,1986-07-31,36.14806188344
matern32,gross,1986-08-31,37.17496288018
matern32,gross,1986-09-30,37.33968607898
matern32,gross,1986-10-31,39.23080547511
matern32,gross,1986-11-30,40.76361876831
matern32,gross,1986-12-31,41.96364117724
matern32,gross,1987-01-31,44.44811994576
matern32,gross,1987-02-28,44.95618953841
matern32,gross,1987-03-31,46.75574956819
matern32,gross,1987-04-30,48.69747245143
matern32,gross,1987-05-31,49.21443130945
matern32,gross,1987-06-30,50.31928112543
matern32,gross,1987-07-31,51.54641061652
matern32,gross,1987-08-31,53.81506371806
matern32,gross,1987-09-30,56.03249970233
matern32,gross,1987-10-31,61.46945295632
matern32,gross,1987-11-30,66.47213315552
matern32,gross,1987-12-31,73.7155833381
matern32,gross,1988-01-31,74.93581027343
matern32,gross,1988-02-29,77.12398336367
matern32,gross,1988-03-31,80.43821564689
matern32,gross,1988-04-30,83.77644427684
matern32,gross,1988-05-31,88.2006883078
matern32,gross,1988-06-30,91.44576797212
matern32,gross,1988-07-31,93.58206755346
matern32,gross,1988-08-31,97.59309321308
matern32,gross,1988-09-30,101.3682777293
matern32,gross,1988-10-31,104.7790619187
matern32,gross,1988-11-30,108.95909206
matern32,gross,1988-12-31,113.2146593067
matern32,gross,1989-01-31,117.5626076742
matern32,gross,1989-02-28,121.0953311492
matern32,gross,1989-03-31,126.2692036558
matern32,gross,1989-04-30,131.0183921965
matern32,gross,1989-05-31,136.0405343822
matern32,gross,1989-06-30,140.6807849813
matern32,gross,1989-07-31,147.8847704842
matern32,gross,1989-08-31,154.1912824225
matern32,gross,1989-09-30,158.6359427792
matern32,gross,1989-10-31,161.9666620539
matern32,gross,1989-11-30,167.4305349637
matern32,gross,1989-12-31,175.3573764607
matern32,gross,1990-01-31,180.3124192316
matern32,gross,1990-02-28,189.2305560126
matern32,gross,1990-03-31,195.5211945993
matern32,gross,1990-04-30,200.9358353334
matern32,gross,1990-05-31,207.2334013293
matern32,gross,1990-06-30,215.1420747868
matern32,gross,1990-07-31,225.433306716
matern32,gross,1990-08-31,235.98074659
matern32,gross,1990-09-30,242.1803819875
matern32,gross,1990-10-31,259.2460075791
matern32,gross,1990-11-30,273.1069566376
matern32,gross,1990-12-31,295.2375323964
matern32,gross,1991-01-31,307.8348190702
matern32,gross,1991-02-28,306.1787022917
matern32,gross,1991-03-31,316.0369911764
matern32,gross,1991-04-30,321.2085176893
matern32,gross,1991-05-31,329.517276805
matern32,gross,1991-06-30,334.8605908725
matern32,gross,1991-07-31,346.8289502456
matern32,gross,1991-08-31,348.5254684088
matern32,gross,1991-09-30,351.8995220488
matern32,gross,1991-10-31,357.6655652605
matern32,gross,1991-11-30,359.9729482695
matern32,gross,1991-12-31,381.7056411204
matern32,gross,1992-01-31,393.9289530733
matern32,gross,1992-02-29,398.9719552684
matern32,gross,1992-03-31,415.2944672008
matern32,gross,1992-04-30,427.5950204345
matern32,gross,1992-05-31,442.4645550823
matern32,gross,1992-06-30,465.2336613679
matern32,gross,1992-07-31,484.1439763319
matern32,gross,1992-08-31,505.4262914517
matern32,gross,1992-09-30,518.0752278082
matern32,gross,1992-10-31,541.071094751
matern32,gross,1992-11-30,542.2060805834
matern32,gross,1992-12-31,558.8937032463
matern32,gross,1993-01-31,581.8988586059
matern32,gross,1993-02-28,607.8509739979
matern32,gross,1993-03-31,633.4075226097
matern32,gross,1993-04-30,642.0481075955
matern32,gross,1993-05-31,647.9067937591
matern32,gross,1993-06-30,666.8590503382
matern32,gross,1993-07-31,683.2717094588
matern32,gross,1993-08-31,706.2809768976
matern32,gross,1993-09-30,726.0875466341
matern32,gross,1993-10-31,735.5769896686
matern32,gross,1993-11-30,756.3858064828
matern32,gross,1993-12-31,772.7054185596
matern32,gross,1994-01-31,815.8900249224
matern32,gross,1994-02-28,856.4865412332
matern32,gross,1994-03-31,882.6797018757
matern32,gross,1994-04-30,930.7559816044
matern32,gross,1994-05-31,946.1297017414
matern32,gross,1994-06-30,974.6774700698
matern32,gross,1994-07-31,1011.056007514
matern32,gross,1994-08-31,1056.269903004
matern32,gross,1994-09-30,1092.881900441
matern32,gross,1994-10-31,1169.58316971
matern32,gross,1994-11-30,1222.250741076
matern32,gross,1994-12-31,1296.961056694
matern32,gross,1995-01-31,1378.994430344
matern32,gross,1995-02-28,1431.109736517
matern32,gross,1995-03-31,1488.58445171
matern32,gross,1995-04-30,1544.612792679
matern32,gross,1995-05-31,1600.011900608
matern32,gross,1995-06-30,1661.386305997
matern32,gross,1995-07-31,1728.935503148
matern32,gross,1995-08-31,1808.981606014
matern32,gross,1995-09-30,1856.323594568
matern32,gross,1995-10-31,1958.449493694
matern32,gross,1995-11-30,2030.587999089
matern32,gross,1995-12-31,2119.556859071
matern32,gross,1996-01-31,2183.969860637
matern32,gross,1996-02-29,2248.362055117
matern32,gross,1996-03-31,2307.597855235
matern32,gross,1996-04-30,2341.779214391
matern32,gross,1996-05-31,2342.649481115
matern32,gross,1996-06-30,2504.957714829
matern32,gross,1996-07-31,2651.534582049
matern32,gross,1996-08-31,2716.207428868
matern32,gross,1996-09-30,2826.545105429
matern32,gross,1996-10-31,3013.548964983
matern32,gross,1996-11-30,3106.898620396
matern32,gross,1996-12-31,3327.119124443
matern32,gross,1997-01-31,3411.537249493
matern32,gross,1997-02-28,3513.087678386
matern32,gross,1997-03-31,3677.082186576
matern32,gross,1997-04-30,3844.950050944
matern32,gross,1997-05-31,4011.498965101
matern32,gross,1997-06-30,4233.848255637
matern32,gross,1997-07-31,4487.795582823
matern32,gross,1997-08-31,4628.075825499
matern32,gross,1997-09-30,4879.737183216
matern32,gross,1997-10-31,5091.034008896
matern32,gross,1997-11-30,5245.380155815
matern32,gross,1997-12-31,5404.286147531
matern32,gross,1998-01-31,5573.037070975
matern32,gross,1998-02-28,5795.192148314
matern32,gross,1998-03-31,6133.527290888
matern32,gross,1998-04-30,6331.598282949
matern32,gross,1998-05-31,6495.170595627
matern32,gross,1998-06-30,6738.91696577
matern32,gross,1998-07-31,6875.860314281
matern32,gross,1998-08-31,7012.380823455
matern32,gross,1998-09-30,7757.131994782
matern32,gross,1998-10-31,8214.778607797
matern32,gross,1998-11-30,8562.335934057
matern32,gross,1998-12-31,9024.751879711
matern32,gross,1999-01-31,9806.02165809
matern32,gross,1999-02-28,10131.43878519
matern32,gross,1999-03-31,10475.97976294
matern32,gross,1999-04-30,10755.59746941
matern32,gross,1999-05-31,11456.68918354
matern32,gross,1999-06-30,11854.99107156
matern32,gross,1999-07-31,12456.36922275
matern32,gross,1999-08-31,12837.48733263
matern32,gross,1999-09-30,13103.52386087
matern32,gross,1999-10-31,13910.17446708
matern32,gross,1999-11-30,14724.93966861
matern32,gross,1999-12-31,14614.23708171
matern32,gross,2000-01-31,14894.96572116
matern32,gross,2000-02-29,14722.63567831
matern32,gross,2000-03-31,16089.23128015
matern32,gross,2000-04-30,17436.09249169
matern32,gross,2000-05-31,18773.49444709
matern32,gross,2000-06-30,18594.0057775
matern32,gross,2000-07-31,20352.88568175
matern32,gross,2000-08-31,20886.32380371
matern32,gross,2000-09-30,22772.70845022
matern32,gross,2000-10-31,24666.53937371
matern32,gross,2000-11-30,27172.54135986
matern32,gross,2000-12-31,28231.43692241
matern32,gross,2001-01-31,30317.82280424
matern32,gross,2001-02-28,33508.18065653
matern32,gross,2001-03-31,34423.73837701
matern32,gross,2001-04-30,36923.52627786
matern32,gross,2001-05-31,39451.74323395
matern32,gross,2001-06-30,40744.24335649
matern32,gross,2001-07-31,42650.94061776
matern32,gross,2001-08-31,44115.55872205
matern32,gross,2001-09-30,46493.07808071
matern32,gross,2001-10-31,49406.28252049
matern32,gross,2001-11-30,52303.36109104
matern32,gross,2001-12-31,53675.10525155
matern32,gross,2002-01-31,57223.6209996
matern32,gross,2002-02-28,58359.9867664
matern32,gross,2002-03-31,59195.58821867
matern32,gross,2002-04-30,61173.86625197
matern32,gross,2002-05-31,62837.46320074
matern32,gross,2002-06-30,64106.66114516
matern32,gross,2002-07-31,66907.36572942
matern32,gross,2002-08-31,68640.12539239
matern32,gross,2002-09-30,69622.31296607
matern32,gross,2002-10-31,74772.26231558
matern32,gross,2002-11-30,77339.80110292
matern32,gross,2002-12-31,80372.65771682
matern32,gross,2003-01-31,83059.48922153
matern32,gross,2003-02-28,83590.95316167
matern32,gross,2003-03-31,84671.2560892
matern32,gross,2003-04-30,86677.45441418
matern32,gross,2003-05-31,88754.85729127
matern32,gross,2003-06-30,89944.01336115
matern32,gross,2003-07-31,93425.84073794
matern32,gross,2003-08-31,94134.77498125
matern32,gross,2003-09-30,96178.88473075
matern32,gross,2003-10-31,96768.56705482
matern32,gross,2003-11-30,97668.19763589
matern32,gross,2003-12-31,97803.49301125
matern32,gross,2004-01-31,101976.1468674
matern32,gross,2004-02-29,100935.8465912
matern32,gross,2004-03-31,101154.0655924
matern32,gross,2004-04-30,101569.7655134
matern32,gross,2004-05-31,103116.9553706
matern32,gross,2004-06-30,105565.4201413
matern32,gross,2004-07-31,105393.4970109
matern32,gross,2004-08-31,103696.3049846
matern32,gross,2004-09-30,107154.6651986
matern32,gross,2004-10-31,110221.0078289
matern32,gross,2004-11-30,114913.439673
matern32,gross,2004-12-31,117883.5660525
matern32,gross,2005-01-31,118035.2998136
matern32,gross,2005-02-28,121657.0588966
matern32,gross,2005-03-31,124296.5448775
matern32,gross,2005-04-30,124825.2095709
matern32,gross,2005-05-31,127043.6305734
matern32,gross,2005-06-30,129415.854599
matern32,gross,2005-07-31,130886.6809788
matern32,gross,2005-08-31,132584.5126927
matern32,gross,2005-09-30,135176.3181191
matern32,gross,2005-10-31,136705.5326312
matern32,gross,2005-11-30,139040.4551858
matern32,gross,2005-12-31,140588.4251334
matern32,gross,2006-01-31,143426.8719812
matern32,gross,2006-02-28,144551.7540907
matern32,gross,2006-03-31,146271.8972083
matern32,gross,2006-04-30,148328.3953532
matern32,gross,2006-05-31,147464.3590904
matern32,gross,2006-06-30,150766.4438169
matern32,gross,2006-07-31,152272.46925
matern32,gross,2006-08-31,153373.7505435
matern32,gross,2006-09-30,154714.5661281
matern32,gross,2006-10-31,157478.6224442
matern32,gross,2006-11-30,160267.970058
matern32,gross,2006-12-31,163164.4538688
matern32,gross,2007-01-31,166081.8339588
matern32,gross,2007-02-28,165817.4915318
matern32,gross,2007-03-31,168238.2750626
matern32,gross,2007-04-30,170997.7172166
matern32,gross,2007-05-31,172403.4116958
matern32,gross,2007-06-30,173643.6381973
matern32,gross,2007-07-31,171569.9285182
matern32,gross,2007-08-31,171780.2923715
matern32,gross,2007-09-30,176344.70506
matern32,gross,2007-10-31,178919.0352049
matern32,gross,2007-11-30,176378.6755372
matern32,gross,2007-12-31,179599.1029051
matern32,gross,2008-01-31,178693.0712281
matern32,gross,2008-02-29,189627.4931985
matern32,gross,2008-03-31,193670.1268823
matern32,gross,2008-04-30,201373.3673126
matern32,gross,2008-05-31,209889.8475314
matern32,gross,2008-06-30,221366.7733906
matern32,gross,2008-07-31,227021.8909323
matern32,gross,2008-08-31,227034.6104466
matern32,gross,2008-09-30,223421.8737784
matern32,gross,2008-10-31,229412.047326
matern32,gross,2008-11-30,237541.6042011
matern32,gross,2008-12-31,257512.3276228
matern32,gross,2009-01-31,286266.6441003
matern32,gross,2009-02-28,298951.3514317
matern32,gross,2009-03-31,286991.4737216
matern32,gross,2009-04-30,282474.5268186
matern32,gross,2009-05-31,287817.3754057
matern32,gross,2009-06-30,303127.5412144
matern32,gross,2009-07-31,303336.247875
matern32,gross,2009-08-31,286557.4653936
matern32,gross,2009-09-30,295172.8571672
matern32,gross,2009-10-31,305354.4778776
matern32,gross,2009-11-30,314349.4479806
matern32,gross,2009-12-31,321577.7391368
matern32,gross,2010-01-31,325448.6536913
matern32,gross,2010-02-28,331233.2873373
matern32,gross,2010-03-31,337424.906714
matern32,gross,2010-04-30,336664.1141005
matern32,gross,2010-05-31,348114.8415826
matern32,gross,2010-06-30,359305.5582808
matern32,gross,2010-07-31,366150.9136918
matern32,gross,2010-08-31,371579.6947786
matern32,gross,2010-09-30,382836.1012547
matern32,gross,2010-10-31,393182.1421344
matern32,gross,2010-11-30,402005.0764093
matern32,gross,2010-12-31,395605.6802525
matern32,gross,2011-01-31,403381.7246817
matern32,gross,2011-02-28,411354.8915134
matern32,gross,2011-03-31,417023.9953906
matern32,gross,2011-04-30,420158.4194612
matern32,gross,2011-05-31,423092.1783083
matern32,gross,2011-06-30,430532.6344876
matern32,gross,2011-07-31,431354.1322317
matern32,gross,2011-08-31,436695.5856794
matern32,gross,2011-09-30,439900.9785594
matern32,gross,2011-10-31,450563.7043797
matern32,gross,2011-11-30,461559.9496983
matern32,gross,2011-12-31,470125.3789875
matern32,gross,2012-01-31,469441.609472
matern32,gross,2012-02-29,470184.8189912
matern32,gross,2012-03-31,477296.3807641
matern32,gross,2012-04-30,478735.3428428
matern32,gross,2012-05-31,481753.7792445
matern32,gross,2012-06-30,487709.9897163
matern32,gross,2012-07-31,489164.5834588
matern32,gross,2012-08-31,485066.1865179
matern32,gross,2012-09-30,485628.0658903
matern32,gross,2012-10-31,487702.9451347
matern32,gross,2012-11-30,492645.6506989
matern32,gross,2012-12-31,497320.4247113
matern32,gross,2013-01-31,506698.6701105
matern32,gross,2013-02-28,514482.9845498
matern32,gross,2013-03-31,520422.0535135
matern32,gross,2013-04-30,528023.2361117
matern32,gross,2013-05-31,535246.4166806
matern32,gross,2013-06-30,547000.5978918
matern32,gross,2013-07-31,560277.4311674
matern32,gross,2013-08-31,558818.3343816
matern32,gross,2013-09-30,570952.8676239
matern32,gross,2013-10-31,587074.9924295
matern32,gross,2013-11-30,592730.5764203
matern32,gross,2013-12-31,592416.9824687
matern32,gross,2014-01-31,588672.7381785
matern32,gross,2014-02-28,589528.1975168
matern32,gross,2014-03-31,598392.3165536
matern32,gross,2014-04-30,595379.0707884
matern32,gross,2014-05-31,599405.7293294
matern32,gross,2014-06-30,601534.8760849
matern32,gross,2014-07-31,601424.2660451
matern32,gross,2014-08-31,609931.131436
matern32,gross,2014-09-30,609540.7355397
matern32,gross,2014-10-31,622829.2320271
matern32,gross,2014-11-30,632875.3383269
matern32,gross,2014-12-31,640817.543828
matern32,gross,2015-01-31,648205.6365585
matern32,gross,2015-02-28,663202.0272249
matern32,gross,2015-03-31,677665.3509776
matern32,gross,2015-04-30,682913.5897007
matern32,gross,2015-05-31,688242.4668496
matern32,gross,2015-06-30,691024.8932922
matern32,gross,2015-07-31,701347.3640378
matern32,gross,2015-08-31,697864.2513724
matern32,gross,2015-09-30,728909.6449611
matern32,gross,2015-10-31,758898.4516798
matern32,gross,2015-11-30,757505.874047
matern32,gross,2015-12-31,757854.9637457
matern32,gross,2016-01-31,800466.3329295
matern32,gross,2016-02-29,807906.4783412
matern32,gross,2016-03-31,820300.8447468
matern32,gross,2016-04-30,808282.2602647
matern32,gross,2016-05-31,840082.6563189
matern32,gross,2016-06-30,853622.9000871
matern32,gross,2016-07-31,881189.7250075
matern32,gross,2016-08-31,881206.7798798
matern32,gross,2016-09-30,879819.4410121
matern32,gross,2016-10-31,917760.4078479
matern32,gross,2016-11-30,920075.8614748
matern32,gross,2016-12-31,946153.8775993
matern32,gross,2017-01-31,966691.4580497
matern32,gross,2017-02-28,973204.7938742
matern32,gross,2017-03-31,965174.4783221
matern32,gross,2017-04-30,986001.2755285
matern32,gross,2017-05-31,1003005.508856
matern32,gross,2017-06-30,1013295.364125
matern32,gross,2017-07-31,1034602.14071
matern32,gross,2017-08-31,1030373.411474
matern32,gross,2017-09-30,1053156.575892
matern32,gross,2017-10-31,1088098.142416
matern32,gross,2017-11-30,1105814.542624
matern32,gross,2017-12-31,1113011.876299
matern32,gross,2018-01-31,1103509.399655
matern32,gross,2018-02-28,1110966.011684
matern32,gross,2018-03-31,1115243.746724
matern32,gross,2018-04-30,1117777.244615
matern32,gross,2018-05-31,1118942.765699
matern32,gross,2018-06-30,1139607.026168
matern32,gross,2018-07-31,1172811.407985
matern32,gross,2018-08-31,1188783.955748
matern32,gross,2018-09-30,1184223.070582
matern32,gross,2018-10-31,1191933.998757
matern32,gross,2018-11-30,1199021.552462
matern32,gross,2018-12-31,1223226.725953
matern32,gross,2019-01-31,1233361.943502
matern32,gross,2019-02-28,1250823.977623
matern32,gross,2019-03-31,1289414.642222
matern32,gross,2019-04-30,1307955.730165
matern32,gross,2019-05-31,1375741.961037
matern32,gross,2019-06-30,1400842.510743
matern32,gross,2019-07-31,1451870.390605
matern32,gross,2019-08-31,1498019.336521
matern32,gross,2019-09-30,1473093.243642
matern32,gross,2019-10-31,1527550.233547
matern32,gross,2019-11-30,1538370.844788
matern32,gross,2019-12-31,1506442.98948
matern32,gross,2020-01-31,1563508.398144
matern32,gross,2020-02-29,1495843.338628
matern32,gross,2020-03-31,1350330.77834
matern32,gross,2020-04-30,1436057.07431
matern32,gross,2020-05-31,1449670.580998
matern32,gross,2020-06-30,1458908.155607
matern32,gross,2020-07-31,1499508.830067
matern32,gross,2020-08-31,1581498.306807
matern32,gross,2020-09-30,1528997.471713
matern32,gross,2020-10-31,1545384.32505
matern32,gross,2020-11-30,1650415.470614
matern32,gross,2020-12-31,1681537.214181
matern32,gross,2021-01-31,1493851.80002
matern32,gross,2021-02-28,1516498.246712
matern32,gross,2021-03-31,1559889.425624
matern32,gross,2021-04-30,1584058.358788
matern32,gross,2021-05-31,1618014.35258
matern32,gross,2021-06-30,1607952.91114
matern32,gross,2021-07-31,1634956.526002
matern32,gross,2021-08-31,1643471.869489
matern32,gross,2021-09-30,1640394.351561
matern32,gross,2021-10-31,1665186.251583
matern32,gross,2021-11-30,1687194.897113
matern32,gross,2021-12-31,1732709.434601
matern32,gross,2022-01-31,1758177.516586
matern32,gross,2022-02-28,1771802.039127
matern32,gross,2022-03-31,1773126.21704
matern32,gross,2022-04-30,1815353.118126
matern32,gross,2022-05-31,1848133.601685
matern32,gross,2022-06-30,1823512.374573
matern32,gross,2022-07-31,1843122.533311
matern32,gross,2022-08-31,1825071.283976
matern32,gross,2022-09-30,1825981.100634
matern32,gross,2022-10-31,1910696.372846
matern32,gross,2022-11-30,1961412.570293
matern32,gross,2022-12-31,1982891.280127
matern32,gross,2023-01-31,1953406.614255
matern32,gross,2023-02-28,1984109.977251
matern32,gross,2023-03-31,1991599.686488
matern32,gross,2023-04-30,1996868.772597
matern32,gross,2023-05-31,1990786.981635
matern32,gross,2023-06-30,2032680.17882
matern32,gross,2023-07-31,2042161.973258
matern32,gross,2023-08-31,2094246.102594
matern32,gross,2023-09-30,2113577.384105
matern32,gross,2023-10-31,2130049.965903
matern32,gross,2023-11-30,2201763.843477
matern32,gross,2023-12-31,2207325.240572
matern32,gross,2024-01-31,2251275.521378
matern32,gross,2024-02-29,2269156.501085
matern32,gross,2024-03-31,2305921.838125
matern32,gross,2024-04-30,2299958.542507
matern32,gross,2024-05-31,2322601.88037
matern32,gross,2024-06-30,2336281.129543
matern32,gross,2024-07-31,2382217.251142
matern32,gross,2024-08-31,2430328.718276
matern32,gross,2024-09-30,2448507.339149
matern32,gross,2024-10-31,2433982.349175
matern32,gross,2024-11-30,2500480.256293
matern32,gross,2024-12-31,2486286.831984
matern32,gross,2025-01-31,2539082.357698
linear,trade25_borrow30,1978-02-28,1.029837038885
linear,trade25_borrow30,1978-03-31,1.05203249534
linear,trade25_borrow30,1978-04-30,1.064637587513
linear,trade25_borrow30,1978-05-31,1.090052712801
linear,trade25_borrow30,1978-06-30,1.10425379535
linear,trade25_borrow30,1978-07-31,1.13874517003
linear,trade25_borrow30,1978-08-31,1.175328339746
linear,trade25_borrow30,1978-09-30,1.191080212054
linear,trade25_borrow30,1978-10-31,1.175778927209
linear,trade25_borrow30,1978-11-30,1.227386391888
linear,trade25_borrow30,1978-12-31,1.249486810967
linear,trade25_borrow30,1979-01-31,1.288770089426
linear,trade25_borrow30,1979-02-28,1.301167418946
linear,trade25_borrow30,1979-03-31,1.314362129642
linear,trade25_borrow30,1979-04-30,1.333547965431
linear,trade25_borrow30,1979-05-31,1.358272772676
linear,trade25_borrow30,1979-06-30,1.352443417368
linear,trade25_borrow30,1979-07-31,1.402880860284
linear,trade25_borrow30,1979-08-31,1.463953124607
linear,trade25_borrow30,1979-09-30,1.504247842747
linear,trade25_borrow30,1979-10-31,1.526855445709
linear,trade25_borrow30,1979-11-30,1.584469611647
linear,trade25_borrow30,1979-12-31,1.634617682595
linear,trade25_borrow30,1980-01-31,1.660733966197
linear,trade25_borrow30,1980-02-29,1.710438141292
linear,trade25_borrow30,1980-03-31,1.761028345516
linear,trade25_borrow30,1980-04-30,1.822831656161
linear,trade25_borrow30,1980-05-31,1.862956772428
linear,trade25_borrow30,1980-06-30,1.938148326895
linear,trade25_borrow30,1980-07-31,1.986309853688
linear,trade25_borrow30,1980-08-31,1.973158585446
linear,trade25_borrow30,1980-09-30,2.029752507671
linear,trade25_borrow30,1980-10-31,2.095374395714
linear,trade25_borrow30,1980-11-30,2.109194566709
linear,trade25_borrow30,1980-12-31,2.159720412038
linear,trade25_borrow30,1981-01-31,2.195121381582
linear,trade25_borrow30,1981-02-28,2.218933273501
linear,trade25_borrow30,1981-03-31,2.294164243913
linear,trade25_borrow30,1981-04-30,2.379661402524
linear,trade25_borrow30,1981-05-31,2.408545808575
linear,trade25_borrow30,1981-06-30,2.585928571872
linear,trade25_borrow30,1981-07-31,2.5803373203
linear,trade25_borrow30,1981-08-31,2.62274862595
linear,trade25_borrow30,1981-09-30,2.800004981401
linear,trade25_borrow30,1981-10-31,3.003100523631
linear,trade25_borrow30,1981-11-30,3.133001364585
linear,trade25_borrow30,1981-12-31,3.302721278563
linear,trade25_borrow30,1982-01-31,3.438656130209
linear,trade25_borrow30,1982-02-28,3.598780212668
linear,trade25_borrow30,1982-03-31,3.748005403403
linear,trade25_borrow30,1982-04-30,3.899426430155
linear,trade25_borrow30,1982-05-31,4.110083608919
linear,trade25_borrow30,1982-06-30,4.324602404998
linear,trade25_borrow30,1982-07-31,4.494132633982
linear,trade25_borrow30,1982-08-31,4.539725239681
linear,trade25_borrow30,1982-09-30,4.938444292248
linear,trade25_borrow30,1982-10-31,5.001702999875
linear,trade25_borrow30,1982-11-30,5.183980677721
linear,trade25_borrow30,1982-12-31,5.264118577218
linear,trade25_borrow30,1983-01-31,5.284348564857
linear,trade25_borrow30,1983-02-28,5.587585892659
linear,trade25_borrow30,1983-03-31,5.755876493899
linear,trade25_borrow30,1983-04-30,5.925525192725
linear,trade25_borrow30,1983-05-31,5.898128036138
linear,trade25_borrow30,1983-06-30,6.062702000508
linear,trade25_borrow30,1983-07-31,6.355229094964
linear,trade25_borrow30,1983-08-31,6.442811289888
linear,trade25_borrow30,1983-09-30,6.713756290886
linear,trade25_borrow30,1983-10-31,6.805964606557
linear,trade25_borrow30,1983-11-30,7.001118909606
linear,trade25_borrow30,1983-12-31,7.27919426904
linear,trade25_borrow30,1984-01-31,7.274803514969
linear,trade25_borrow30,1984-02-29,7.341766492123
linear,trade25_borrow30,1984-03-31,7.568676918956
linear,trade25_borrow30,1984-04-30,7.85244550922
linear,trade25_borrow30,1984-05-31,8.087384899216
linear,trade25_borrow30,1984-06-30,8.346354347068
linear,trade25_borrow30,1984-07-31,8.642526796133
linear,trade25_borrow30,1984-08-31,8.948301902846
linear,trade25_borrow30,1984-09-30,9.386967198448
linear,trade25_borrow30,1984-10-31,9.706745084214
linear,trade25_borrow30,1984-11-30,10.10929196132
linear,trade25_borrow30,1984-12-31,10.42119561048
linear,trade25_borrow30,1985-01-31,10.20297842475
linear,trade25_borrow30,1985-02-28,10.43682791648
linear,trade25_borrow30,1985-03-31,10.74730952747
linear,trade25_borrow30,1985-04-30,11.06308725042
linear,trade25_borrow30,1985-05-31,11.43331581426
linear,trade25_borrow30,1985-06-30,11.70739754245
linear,trade25_borrow30,1985-07-31,11.92533265968
linear,trade25_borrow30,1985-08-31,12.22033960398
linear,trade25_borrow30,1985-09-30,12.55947954288
linear,trade25_borrow30,1985-10-31,13.07996569804
linear,trade25_borrow30,1985-11-30,13.45790650501
linear,trade25_borrow30,1985-12-31,13.7682363925
linear,trade25_borrow30,1986-01-31,14.23783758879
linear,trade25_borrow30,1986-02-28,14.6190347444
linear,trade25_borrow30,1986-03-31,15.15871112316
linear,trade25_borrow30,1986-04-30,15.53759751343
linear,trade25_borrow30,1986-05-31,15.95032661887
linear,trade25_borrow30,1986-06-30,16.27364096952
linear,trade25_borrow30,1986-07-31,16.41423746243
linear,trade25_borrow30,1986-08-31,16.71652251174
linear,trade25_borrow30,1986-09-30,16.69781206529
linear,trade25_borrow30,1986-10-31,17.40941487076
linear,trade25_borrow30,1986-11-30,17.98060264736
linear,trade25_borrow30,1986-12-31,18.40258684744
linear,trade25_borrow30,1987-01-31,19.29210583305
linear,trade25_borrow30,1987-02-28,19.34730108135
linear,trade25_borrow30,1987-03-31,19.97743082251
linear,trade25_borrow30,1987-04-30,20.37561281255
linear,trade25_borrow30,1987-05-31,20.56097369641
linear,trade25_borrow30,1987-06-30,21.04200303771
linear,trade25_borrow30,1987-07-31,21.51917686184
linear,trade25_borrow30,1987-08-31,22.1744368691
linear,trade25_borrow30,1987-09-30,22.7056383426
linear,trade25_borrow30,1987-10-31,23.17037973301
linear,trade25_borrow30,1987-11-30,24.32274167359
linear,trade25_borrow30,1987-12-31,26.62109141442
linear,trade25_borrow30,1988-01-31,26.81331985196
linear,trade25_borrow30,1988-02-29,27.68789243245
linear,trade25_borrow30,1988-03-31,28.35187614669
linear,trade25_borrow30,1988-04-30,29.12151417213
linear,trade25_borrow30,1988-05-31,29.98986400361
linear,trade25_borrow30,1988-06-30,31.02495779868
linear,trade25_borrow30,1988-07-31,31.65765795615
linear,trade25_borrow30,1988-08-31,32.14632770653
linear,trade25_borrow30,1988-09-30,33.04375722874
linear,trade25_borrow30,1988-10-31,34.01999622945
linear,trade25_borrow30,1988-11-30,34.77482337404
linear,trade25_borrow30,1988-12-31,36.06182475036
linear,trade25_borrow30,1989-01-31,37.13791671638
linear,trade25_borrow30,1989-02-28,37.68326977146
linear,trade25_borrow30,1989-03-31,38.83666539079
linear,trade25_borrow30,1989-04-30,40.12967078034
linear,trade25_borrow30,1989-05-31,41.19320318161
linear,trade25_borrow30,1989-06-30,42.13797989028
linear,trade25_borrow30,1989-07-31,44.00148796209
linear,trade25_borrow30,1989-08-31,45.25354536508
linear,trade25_borrow30,1989-09-30,46.13212566461
linear,trade25_borrow30,1989-10-31,46.65722143782
linear,trade25_borrow30,1989-11-30,47.86899805713
linear,trade25_borrow30,1989-12-31,49.64047495886
linear,trade25_borrow30,1990-01-31,49.78558418042
linear,trade25_borrow30,1990-02-28,51.54820580071
linear,trade25_borrow30,1990-03-31,52.81917373343
linear,trade25_borrow30,1990-04-30,53.74779176431
linear,trade25_borrow30,1990-05-31,55.17703258253
linear,trade25_borrow30,1990-06-30,56.35702394435
linear,trade25_borrow30,1990-07-31,58.31434350434
linear,trade25_borrow30,1990-08-31,58.51108755092
linear,trade25_borrow30,1990-09-30,59.01198147117
linear,trade25_borrow30,1990-10-31,62.17983580788
linear,trade25_borrow30,1990-11-30,64.86953916283
linear,trade25_borrow30,1990-12-31,69.22303684465
linear,trade25_borrow30,1991-01-31,71.40764618888
linear,trade25_borrow30,1991-02-28,70.69579812058
linear,trade25_borrow30,1991-03-31,72.67985235419
linear,trade25_borrow30,1991-04-30,73.69378188031
linear,trade25_borrow30,1991-05-31,75.55267974211
linear,trade25_borrow30,1991-06-30,76.14091830081
linear,trade25_borrow30,1991-07-31,78.73393553742
linear,trade25_borrow30,1991-08-31,78.87372403202
linear,trade25_borrow30,1991-09-30,79.13335459585
linear,trade25_borrow30,1991-10-31,80.02185834936
linear,trade25_borrow30,1991-11-30,79.98002287371
linear,trade25_borrow30,1991-12-31,84.9889556619
linear,trade25_borrow30,1992-01-31,87.37708654749
linear,trade25_borrow30,1992-02-29,89.46007409289
linear,trade25_borrow30,1992-03-31,91.32297419246
linear,trade25_borrow30,1992-04-30,92.51690875425
linear,trade25_borrow30,1992-05-31,93.12108482528
linear,trade25_borrow30,1992-06-30,94.64783023846
linear,trade25_borrow30,1992-07-31,97.61396553697
linear,trade25_borrow30,1992-08-31,99.72441423462
linear,trade25_borrow30,1992-09-30,101.5042622913
linear,trade25_borrow30,1992-10-31,104.6970964813
linear,trade25_borrow30,1992-11-30,105.74893425
linear,trade25_borrow30,1992-12-31,108.8248048673
linear,trade25_borrow30,1993-01-31,111.7166684632
linear,trade25_borrow30,1993-02-28,115.3795176968
linear,trade25_borrow30,1993-03-31,118.8167638422
linear,trade25_borrow30,1993-04-30,119.5809090755
linear,trade25_borrow30,1993-05-31,119.3049353473
linear,trade25_borrow30,1993-06-30,122.4806754488
linear,trade25_borrow30,1993-07-31,124.285153804
linear,trade25_borrow30,1993-08-31,126.6968022234
linear,trade25_borrow30,1993-09-30,128.6905094442
linear,trade25_borrow30,1993-10-31,129.4485293876
linear,trade25_borrow30,1993-11-30,131.1898807951
linear,trade25_borrow30,1993-12-31,135.2317539065
linear,trade25_borrow30,1994-01-31,139.5143274008
linear,trade25_borrow30,1994-02-28,144.5619406835
linear,trade25_borrow30,1994-03-31,147.1168284177
linear,trade25_borrow30,1994-04-30,153.5523251774
linear,trade25_borrow30,1994-05-31,155.6093306635
linear,trade25_borrow30,1994-06-30,160.3685340768
linear,trade25_borrow30,1994-07-31,164.136176291
linear,trade25_borrow30,1994-08-31,169.0166777063
linear,trade25_borrow30,1994-09-30,172.7134525354
linear,trade25_borrow30,1994-10-31,180.2771364732
linear,trade25_borrow30,1994-11-30,184.2335219038
linear,trade25_borrow30,1994-12-31,194.5882089456
linear,trade25_borrow30,1995-01-31,201.5715429656
linear,trade25_borrow30,1995-02-28,207.6185423401
linear,trade25_borrow30,1995-03-31,212.3388157199
linear,trade25_borrow30,1995-04-30,217.5400036459
linear,trade25_borrow30,1995-05-31,220.4006301361
linear,trade25_borrow30,1995-06-30,222.176057058
linear,trade25_borrow30,1995-07-31,225.9670996151
linear,trade25_borrow30,1995-08-31,229.584670665
linear,trade25_borrow30,1995-09-30,232.3990321226
linear,trade25_borrow30,1995-10-31,241.2178173132
linear,trade25_borrow30,1995-11-30,248.6055188981
linear,trade25_borrow30,1995-12-31,254.655907869
linear,trade25_borrow30,1996-01-31,256.2018450599
linear,trade25_borrow30,1996-02-29,261.0324804507
linear,trade25_borrow30,1996-03-31,261.76179955
linear,trade25_borrow30,1996-04-30,263.9573403586
linear,trade25_borrow30,1996-05-31,263.6077720663
linear,trade25_borrow30,1996-06-30,278.9620269086
linear,trade25_borrow30,1996-07-31,291.6836523255
linear,trade25_borrow30,1996-08-31,296.4164051148
linear,trade25_borrow30,1996-09-30,303.721573403
linear,trade25_borrow30,1996-10-31,324.3120948728
linear,trade25_borrow30,1996-11-30,334.7247199954
linear,trade25_borrow30,1996-12-31,356.1322113357
linear,trade25_borrow30,1997-01-31,367.6928308564
linear,trade25_borrow30,1997-02-28,376.776980011
linear,trade25_borrow30,1997-03-31,394.9583000094
linear,trade25_borrow30,1997-04-30,410.4749798284
linear,trade25_borrow30,1997-05-31,420.8430605657
linear,trade25_borrow30,1997-06-30,434.0003829432
linear,trade25_borrow30,1997-07-31,457.2755378547
linear,trade25_borrow30,1997-08-31,466.9284493887
linear,trade25_borrow30,1997-09-30,483.5454236374
linear,trade25_borrow30,1997-10-31,500.8422447277
linear,trade25_borrow30,1997-11-30,514.8993003402
linear,trade25_borrow30,1997-12-31,529.167577749
linear,trade25_borrow30,1998-01-31,544.4837021087
linear,trade25_borrow30,1998-02-28,554.8668544521
linear,trade25_borrow30,1998-03-31,575.1648630783
linear,trade25_borrow30,1998-04-30,587.8210351155
linear,trade25_borrow30,1998-05-31,595.3921504299
linear,trade25_borrow30,1998-06-30,607.0425687633
linear,trade25_borrow30,1998-07-31,626.2107215031
linear,trade25_borrow30,1998-08-31,640.9392173736
linear,trade25_borrow30,1998-09-30,699.2397098571
linear,trade25_borrow30,1998-10-31,734.016636974
linear,trade25_borrow30,1998-11-30,765.4184779551
linear,trade25_borrow30,1998-12-31,805.0246523
linear,trade25_borrow30,1999-01-31,874.8802597126
linear,trade25_borrow30,1999-02-28,899.1576622249
linear,trade25_borrow30,1999-03-31,909.8417649764
linear,trade25_borrow30,1999-04-30,906.3462294709
linear,trade25_borrow30,1999-05-31,959.0148303912
linear,trade25_borrow30,1999-06-30,995.0423996002
linear,trade25_borrow30,1999-07-31,1046.024899439
linear,trade25_borrow30,1999-08-31,1073.389749103
linear,trade25_borrow30,1999-09-30,1082.457760844
linear,trade25_borrow30,1999-10-31,1150.799808746
linear,trade25_borrow30,1999-11-30,1229.098386286
linear,trade25_borrow30,1999-12-31,1193.757856487
linear,trade25_borrow30,2000-01-31,1206.277152752
linear,trade25_borrow30,2000-02-29,1179.67081823
linear,trade25_borrow30,2000-03-31,1298.810006994
linear,trade25_borrow30,2000-04-30,1384.540482873
linear,trade25_borrow30,2000-05-31,1472.967449162
linear,trade25_borrow30,2000-06-30,1456.397080111
linear,trade25_borrow30,2000-07-31,1594.760333312
linear,trade25_borrow30,2000-08-31,1657.11571995
linear,trade25_borrow30,2000-09-30,1786.161561213
linear,trade25_borrow30,2000-10-31,1917.64393114
linear,trade25_borrow30,2000-11-30,2110.207855146
linear,trade25_borrow30,2000-12-31,2204.25656539
linear,trade25_borrow30,2001-01-31,2337.05172366
linear,trade25_borrow30,2001-02-28,2500.667601346
linear,trade25_borrow30,2001-03-31,2536.762835918
linear,trade25_borrow30,2001-04-30,2690.919891591
linear,trade25_borrow30,2001-05-31,2796.158731755
linear,trade25_borrow30,2001-06-30,2841.545451192
linear,trade25_borrow30,2001-07-31,2958.79338335
linear,trade25_borrow30,2001-08-31,2995.843844806
linear,trade25_borrow30,2001-09-30,3032.098070546
linear,trade25_borrow30,2001-10-31,3317.722977415
linear,trade25_borrow30,2001-11-30,3415.143643434
linear,trade25_borrow30,2001-12-31,3533.749449815
linear,trade25_borrow30,2002-01-31,3749.505832882
linear,trade25_borrow30,2002-02-28,3818.517091525
linear,trade25_borrow30,2002-03-31,3901.932237341
linear,trade25_borrow30,2002-04-30,4082.727456483
linear,trade25_borrow30,2002-05-31,4179.147569426
linear,trade25_borrow30,2002-06-30,4239.263802444
linear,trade25_borrow30,2002-07-31,4308.237563437
linear,trade25_borrow30,2002-08-31,4398.064614506
linear,trade25_borrow30,2002-09-30,4429.169305084
linear,trade25_borrow30,2002-10-31,4804.358830922
linear,trade25_borrow30,2002-11-30,5015.115933247
linear,trade25_borrow30,2002-12-31,5139.539760776
linear,trade25_borrow30,2003-01-31,5272.83636676
linear,trade25_borrow30,2003-02-28,5282.049737304
linear,trade25_borrow30,2003-03-31,5359.829180903
linear,trade25_borrow30,2003-04-30,5503.063063985
linear,trade25_borrow30,2003-05-31,5701.275470938
linear,trade25_borrow30,2003-06-30,5774.294464779
linear,trade25_borrow30,2003-07-31,6052.647030832
linear,trade25_borrow30,2003-08-31,6154.563915856
linear,trade25_borrow30,2003-09-30,6268.624594349
linear,trade25_borrow30,2003-10-31,6474.882060821
linear,trade25_borrow30,2003-11-30,6562.404061715
linear,trade25_borrow30,2003-12-31,6526.757412226
linear,trade25_borrow30,2004-01-31,6915.331179471
linear,trade25_borrow30,2004-02-29,6906.788663953
linear,trade25_borrow30,2004-03-31,6910.126920957
linear,trade25_borrow30,2004-04-30,6885.20980291
linear,trade25_borrow30,2004-05-31,6914.815187084
linear,trade25_borrow30,2004-06-30,6977.188806915
linear,trade25_borrow30,2004-07-31,6970.927358794
linear,trade25_borrow30,2004-08-31,6966.810764838
linear,trade25_borrow30,2004-09-30,7016.97497256
linear,trade25_borrow30,2004-10-31,7049.093664852
linear,trade25_borrow30,2004-11-30,7126.326295248
linear,trade25_borrow30,2004-12-31,7152.212353579
linear,trade25_borrow30,2005-01-31,7184.543928747
linear,trade25_borrow30,2005-02-28,7409.936926822
linear,trade25_borrow30,2005-03-31,7550.981494475
linear,trade25_borrow30,2005-04-30,7553.053462741
linear,trade25_borrow30,2005-05-31,7646.04569025
linear,trade25_borrow30,2005-06-30,7754.261576308
linear,trade25_borrow30,2005-07-31,7842.611437721
linear,trade25_borrow30,2005-08-31,7899.920790608
linear,trade25_borrow30,2005-09-30,8056.156515123
linear,trade25_borrow30,2005-10-31,8126.478701383
linear,trade25_borrow30,2005-11-30,8253.390919564
linear,trade25_borrow30,2005-12-31,8313.346317622
linear,trade25_borrow30,2006-01-31,8498.468227022
linear,trade25_borrow30,2006-02-28,8494.119766267
linear,trade25_borrow30,2006-03-31,8591.230477451
linear,trade25_borrow30,2006-04-30,8641.691884837
linear,trade25_borrow30,2006-05-31,8545.828468139
linear,trade25_borrow30,2006-06-30,8700.080013023
linear,trade25_borrow30,2006-07-31,8744.094864627
linear,trade25_borrow30,2006-08-31,8753.147288475
linear,trade25_borrow30,2006-09-30,8748.651346874
linear,trade25_borrow30,2006-10-31,8845.785539893
linear,trade25_borrow30,2006-11-30,8923.84826487
linear,trade25_borrow30,2006-12-31,9061.788903796
linear,trade25_borrow30,2007-01-31,9133.363056866
linear,trade25_borrow30,2007-02-28,9055.403209302
linear,trade25_borrow30,2007-03-31,9132.384766453
linear,trade25_borrow30,2007-04-30,9142.2355748
linear,trade25_borrow30,2007-05-31,9082.852616706
linear,trade25_borrow30,2007-06-30,9125.287025478
linear,trade25_borrow30,2007-07-31,9039.587083493
linear,trade25_borrow30,2007-08-31,9015.036725562
linear,trade25_borrow30,2007-09-30,9161.087625961
linear,trade25_borrow30,2007-10-31,9232.433179254
linear,trade25_borrow30,2007-11-30,9133.508073779
linear,trade25_borrow30,2007-12-31,9247.390019545
linear,trade25_borrow30,2008-01-31,9108.284519263
linear,trade25_borrow30,2008-02-29,9457.988945416
linear,trade25_borrow30,2008-03-31,9555.571510446
linear,trade25_borrow30,2008-04-30,9768.450155676
linear,trade25_borrow30,2008-05-31,10036.82973404
linear,trade25_borrow30,2008-06-30,10236.83799662
linear,trade25_borrow30,2008-07-31,10538.78194448
linear,trade25_borrow30,2008-08-31,10544.72757811
linear,trade25_borrow30,2008-09-30,10265.58714072
linear,trade25_borrow30,2008-10-31,10125.60823381
linear,trade25_borrow30,2008-11-30,10027.90205607
linear,trade25_borrow30,2008-12-31,10531.64715118
linear,trade25_borrow30,2009-01-31,10929.29785644
linear,trade25_borrow30,2009-02-28,11250.66595653
linear,trade25_borrow30,2009-03-31,10863.80524447
linear,trade25_borrow30,2009-04-30,10574.33324227
linear,trade25_borrow30,2009-05-31,10641.25162031
linear,trade25_borrow30,2009-06-30,11149.22638471
linear,trade25_borrow30,2009-07-31,11097.48910486
linear,trade25_borrow30,2009-08-31,10341.46367766
linear,trade25_borrow30,2009-09-30,10552.66134185
linear,trade25_borrow30,2009-10-31,10817.11081229
linear,trade25_borrow30,2009-11-30,10924.17380079
linear,trade25_borrow30,2009-12-31,11209.46615227
linear,trade25_borrow30,2010-01-31,11137.95329897
linear,trade25_borrow30,2010-02-28,11334.65097681
linear,trade25_borrow30,2010-03-31,11533.52432629
linear,trade25_borrow30,2010-04-30,11630.84624205
linear,trade25_borrow30,2010-05-31,11747.44143821
linear,trade25_borrow30,2010-06-30,11778.67474998
linear,trade25_borrow30,2010-07-31,11997.75693987
linear,trade25_borrow30,2010-08-31,11924.5897302
linear,trade25_borrow30,2010-09-30,12362.21937136
linear,trade25_borrow30,2010-10-31,12690.70799367
linear,trade25_borrow30,2010-11-30,13018.74872999
linear,trade25_borrow30,2010-12-31,12858.26907449
linear,trade25_borrow30,2011-01-31,12972.06516847
linear,trade25_borrow30,2011-02-28,13153.71664456
linear,trade25_borrow30,2011-03-31,13271.18399996
linear,trade25_borrow30,2011-04-30,13303.56563112
linear,trade25_borrow30,2011-05-31,13338.70083002
linear,trade25_borrow30,2011-06-30,13467.36383079
linear,trade25_borrow30,2011-07-31,13402.50142044
linear,trade25_borrow30,2011-08-31,13456.07306087
linear,trade25_borrow30,2011-09-30,13402.65792006
linear,trade25_borrow30,2011-10-31,13803.59738566
linear,trade25_borrow30,2011-11-30,14007.50170085
linear,trade25_borrow30,2011-12-31,14197.28549688
linear,trade25_borrow30,2012-01-31,14259.94077841
linear,trade25_borrow30,2012-02-29,14184.08787678
linear,trade25_borrow30,2012-03-31,14359.33491307
linear,trade25_borrow30,2012-04-30,14327.09424319
linear,trade25_borrow30,2012-05-31,14403.02264298
linear,trade25_borrow30,2012-06-30,14493.12120056
linear,trade25_borrow30,2012-07-31,14496.64275851
linear,trade25_borrow30,2012-08-31,14324.76693633
linear,trade25_borrow30,2012-09-30,14222.88253406
linear,trade25_borrow30,2012-10-31,14199.39552123
linear,trade25_borrow30,2012-11-30,14314.45663606
linear,trade25_borrow30,2012-12-31,14354.96213271
linear,trade25_borrow30,2013-01-31,14521.83729667
linear,trade25_borrow30,2013-02-28,14684.4710909
linear,trade25_borrow30,2013-03-31,14746.50175012
linear,trade25_borrow30,2013-04-30,14904.01550047
linear,trade25_borrow30,2013-05-31,15094.38823635
linear,trade25_borrow30,2013-06-30,15335.95174758
linear,trade25_borrow30,2013-07-31,15646.97663352
linear,trade25_borrow30,2013-08-31,15537.16544828
linear,trade25_borrow30,2013-09-30,15763.6750267
linear,trade25_borrow30,2013-10-31,16094.70173826
linear,trade25_borrow30,2013-11-30,16202.02375381
linear,trade25_borrow30,2013-12-31,16089.60909805
linear,trade25_borrow30,2014-01-31,15962.06818568
linear,trade25_borrow30,2014-02-28,15901.90244397
linear,trade25_borrow30,2014-03-31,16086.63522489
linear,trade25_borrow30,2014-04-30,15933.94918818
linear,trade25_borrow30,2014-05-31,15961.08050435
linear,trade25_borrow30,2014-06-30,15974.51443892
linear,trade25_borrow30,2014-07-31,15935.83403369
linear,trade25_borrow30,2014-08-31,16106.31199451
linear,trade25_borrow30,2014-09-30,16082.13878803
linear,trade25_borrow30,2014-10-31,16357.21064148
linear,trade25_borrow30,2014-11-30,16535.76846599
linear,trade25_borrow30,2014-12-31,16705.07109602
linear,trade25_borrow30,2015-01-31,16869.59286469
linear,trade25_borrow30,2015-02-28,16905.04392164
linear,trade25_borrow30,2015-03-31,17009.20399847
linear,trade25_borrow30,2015-04-30,16689.66255512
linear,trade25_borrow30,2015-05-31,16844.95829173
linear,trade25_borrow30,2015-06-30,16914.84552276
linear,trade25_borrow30,2015-07-31,17222.49929671
linear,trade25_borrow30,2015-08-31,17188.74456799
linear,trade25_borrow30,2015-09-30,18190.80306404
linear,trade25_borrow30,2015-10-31,18596.17513906
linear,trade25_borrow30,2015-11-30,18566.16804863
linear,trade25_borrow30,2015-12-31,18858.20986253
linear,trade25_borrow30,2016-01-31,19511.53985976
linear,trade25_borrow30,2016-02-29,19386.23287665
linear,trade25_borrow30,2016-03-31,18778.67644219
linear,trade25_borrow30,2016-04-30,17934.53401088
linear,trade25_borrow30,2016-05-31,18490.39866036
linear,trade25_borrow30,2016-06-30,18328.75846544
linear,trade25_borrow30,2016-07-31,18736.83241382
linear,trade25_borrow30,2016-08-31,18762.27122679
linear,trade25_borrow30,2016-09-30,18721.47668099
linear,trade25_borrow30,2016-10-31,19192.96579318
linear,trade25_borrow30,2016-11-30,19803.23467763
linear,trade25_borrow30,2016-12-31,20006.10751165
linear,trade25_borrow30,2017-01-31,20048.41197291
linear,trade25_borrow30,2017-02-28,20114.8109224
linear,trade25_borrow30,2017-03-31,19991.80876494
linear,trade25_borrow30,2017-04-30,20284.46069554
linear,trade25_borrow30,2017-05-31,20353.09836879
linear,trade25_borrow30,2017-06-30,20226.88344569
linear,trade25_borrow30,2017-07-31,20436.57650218
linear,trade25_borrow30,2017-08-31,20477.29268201
linear,trade25_borrow30,2017-09-30,20644.69537312
linear,trade25_borrow30,2017-10-31,21097.10603599
linear,trade25_borrow30,2017-11-30,21179.61895708
linear,trade25_borrow30,2017-12-31,21054.29596399
linear,trade25_borrow30,2018-01-31,21321.17356257
linear,trade25_borrow30,2018-02-28,21483.05311557
linear,trade25_borrow30,2018-03-31,21441.53944443
linear,trade25_borrow30,2018-04-30,21420.52446019
linear,trade25_borrow30,2018-05-31,21606.60415809
linear,trade25_borrow30,2018-06-30,21523.03635766
linear,trade25_borrow30,2018-07-31,21884.74293193
linear,trade25_borrow30,2018-08-31,22167.3497804
linear,trade25_borrow30,2018-09-30,21883.33651548
linear,trade25_borrow30,2018-10-31,21994.40558206
linear,trade25_borrow30,2018-11-30,21864.49235121
linear,trade25_borrow30,2018-12-31,21808.36423916
linear,trade25_borrow30,2019-01-31,21699.63953989
linear,trade25_borrow30,2019-02-28,21623.89663267
linear,trade25_borrow30,2019-03-31,21468.29896565
linear,trade25_borrow30,2019-04-30,21734.63022857
linear,trade25_borrow30,2019-05-31,21596.02514753
linear,trade25_borrow30,2019-06-30,21573.21876076
linear,trade25_borrow30,2019-07-31,21879.09420573
linear,trade25_borrow30,2019-08-31,21780.76838254
linear,trade25_borrow30,2019-09-30,21817.83910116
linear,trade25_borrow30,2019-10-31,22250.63447757
linear,trade25_borrow30,2019-11-30,22029.43545319
linear,trade25_borrow30,2019-12-31,21460.78714863
linear,trade25_borrow30,2020-01-31,21261.75090498
linear,trade25_borrow30,2020-02-29,20412.66058715
linear,trade25_borrow30,2020-03-31,19668.0643376
linear,trade25_borrow30,2020-04-30,20493.662299
linear,trade25_borrow30,2020-05-31,20122.78371843
linear,trade25_borrow30,2020-06-30,20203.87239848
linear,trade25_borrow30,2020-07-31,19994.94310389
linear,trade25_borrow30,2020-08-31,20356.11522209
linear,trade25_borrow30,2020-09-30,19772.44362571
linear,trade25_borrow30,2020-10-31,20131.88228114
linear,trade25_borrow30,2020-11-30,19712.38767957
linear,trade25_borrow30,2020-12-31,19304.62938133
linear,trade25_borrow30,2021-01-31,17814.39013426
linear,trade25_borrow30,2021-02-28,17973.03563831
linear,trade25_borrow30,2021-03-31,18418.92656537
linear,trade25_borrow30,2021-04-30,18671.48030161
linear,trade25_borrow30,2021-05-31,19030.30417884
linear,trade25_borrow30,2021-06-30,18904.33014224
linear,trade25_borrow30,2021-07-31,19184.66643466
linear,trade25_borrow30,2021-08-31,19234.32876459
linear,trade25_borrow30,2021-09-30,19216.22971048
linear,trade25_borrow30,2021-10-31,19454.96775533
linear,trade25_borrow30,2021-11-30,19689.62253112
linear,trade25_borrow30,2021-12-31,20174.8467019
linear,trade25_borrow30,2022-01-31,20489.67671569
linear,trade25_borrow30,2022-02-28,20626.5797657
linear,trade25_borrow30,2022-03-31,20613.78874812
linear,trade25_borrow30,2022-04-30,21181.47216571
linear,trade25_borrow30,2022-05-31,21547.91867931
linear,trade25_borrow30,2022-06-30,21264.96372725
linear,trade25_borrow30,2022-07-31,21425.43937718
linear,trade25_borrow30,2022-08-31,21196.2265313
linear,trade25_borrow30,2022-09-30,21246.32333183
linear,trade25_borrow30,2022-10-31,22181.82237058
linear,trade25_borrow30,2022-11-30,22735.49573967
linear,trade25_borrow30,2022-12-31,22962.62192063
linear,trade25_borrow30,2023-01-31,22562.17834809
linear,trade25_borrow30,2023-02-28,22899.01454884
linear,trade25_borrow30,2023-03-31,23002.91969657
linear,trade25_borrow30,2023-04-30,23067.10995419
linear,trade25_borrow30,2023-05-31,22976.01015673
linear,trade25_borrow30,2023-06-30,23420.74970634
linear,trade25_borrow30,2023-07-31,23472.41861872
linear,trade25_borrow30,2023-08-31,24081.63452403
linear,trade25_borrow30,2023-09-30,24304.55993217
linear,trade25_borrow30,2023-10-31,24481.1617841
linear,trade25_borrow30,2023-11-30,25253.11738225
linear,trade25_borrow30,2023-12-31,25210.90097666
linear,trade25_borrow30,2024-01-31,25668.40194047
linear,trade25_borrow30,2024-02-29,25822.74080042
linear,trade25_borrow30,2024-03-31,26197.50546036
linear,trade25_borrow30,2024-04-30,26129.08499701
linear,trade25_borrow30,2024-05-31,26340.47911157
linear,trade25_borrow30,2024-06-30,26460.5714738
linear,trade25_borrow30,2024-07-31,26894.03174076
linear,trade25_borrow30,2024-08-31,27379.22952011
linear,trade25_borrow30,2024-09-30,27545.37077197
linear,trade25_borrow30,2024-10-31,27357.88619594
linear,trade25_borrow30,2024-11-30,27985.61296792
linear,trade25_borrow30,2024-12-31,27794.12267316
linear,trade25_borrow30,2025-01-31,28351.26352585
gaussian,trade25_borrow30,1978-02-28,1.033587858937
gaussian,trade25_borrow30,1978-03-31,1.054404586934
gaussian,trade25_borrow30,1978-04-30,1.065854268079
gaussian,trade25_borrow30,1978-05-31,1.093441771368
gaussian,trade25_borrow30,1978-06-30,1.110376794862
gaussian,trade25_borrow30,1978-07-31,1.14913754604
gaussian,trade25_borrow30,1978-08-31,1.18744535774
gaussian,trade25_borrow30,1978-09-30,1.205010218127
gaussian,trade25_borrow30,1978-10-31,1.196124792445
gaussian,trade25_borrow30,1978-11-30,1.253046198381
gaussian,trade25_borrow30,1978-12-31,1.279221022906
gaussian,trade25_borrow30,1979-01-31,1.321213496945
gaussian,trade25_borrow30,1979-02-28,1.336597511393
gaussian,trade25_borrow30,1979-03-31,1.353027052355
gaussian,trade25_borrow30,1979-04-30,1.373800512735
gaussian,trade25_borrow30,1979-05-31,1.400962880855
gaussian,trade25_borrow30,1979-06-30,1.395251747547
gaussian,trade25_borrow30,1979-07-31,1.44749106945
gaussian,trade25_borrow30,1979-08-31,1.51126100827
gaussian,trade25_borrow30,1979-09-30,1.554689328345
gaussian,trade25_borrow30,1979-10-31,1.573209855546
gaussian,trade25_borrow30,1979-11-30,1.63758995124
gaussian,trade25_borrow30,1979-12-31,1.700739064278
gaussian,trade25_borrow30,1980-01-31,1.732133364688
gaussian,trade25_borrow30,1980-02-29,1.788224550514
gaussian,trade25_borrow30,1980-03-31,1.822810279434
gaussian,trade25_borrow30,1980-04-30,1.877983329927
gaussian,trade25_borrow30,1980-05-31,1.927583754914
gaussian,trade25_borrow30,1980-06-30,2.005628459902
gaussian,trade25_borrow30,1980-07-31,2.076590079284
gaussian,trade25_borrow30,1980-08-31,2.074125022964
gaussian,trade25_borrow30,1980-09-30,2.141450112905
gaussian,trade25_borrow30,1980-10-31,2.221213313236
gaussian,trade25_borrow30,1980-11-30,2.261787338208
gaussian,trade25_borrow30,1980-12-31,2.292944944935
gaussian,trade25_borrow30,1981-01-31,2.332966169162
gaussian,trade25_borrow30,1981-02-28,2.361302287645
gaussian,trade25_borrow30,1981-03-31,2.436131704219
gaussian,trade25_borrow30,1981-04-30,2.535603072749
gaussian,trade25_borrow30,1981-05-31,2.577737710797
gaussian,trade25_borrow30,1981-06-30,2.750127952339
gaussian,trade25_borrow30,1981-07-31,2.75928416968
gaussian,trade25_borrow30,1981-08-31,2.795096659154
gaussian,trade25_borrow30,1981-09-30,2.974452354832
gaussian,trade25_borrow30,1981-10-31,3.194187435085
gaussian,trade25_borrow30,1981-11-30,3.347608108976
gaussian,trade25_borrow30,1981-12-31,3.520103274205
gaussian,trade25_borrow30,1982-01-31,3.654881077899
gaussian,trade25_borrow30,1982-02-28,3.800037672995
gaussian,trade25_borrow30,1982-03-31,3.952803000244
gaussian,trade25_borrow30,1982-04-30,4.103197224566
gaussian,trade25_borrow30,1982-05-31,4.306739827904
gaussian,trade25_borrow30,1982-06-30,4.531548721942
gaussian,trade25_borrow30,1982-07-31,4.708101206212
gaussian,trade25_borrow30,1982-08-31,4.797845874147
gaussian,trade25_borrow30,1982-09-30,5.254182471771
gaussian,trade25_borrow30,1982-10-31,5.361205882346
gaussian,trade25_borrow30,1982-11-30,5.617968097774
gaussian,trade25_borrow30,1982-12-31,5.729166222397
gaussian,trade25_borrow30,1983-01-31,5.751416615281
gaussian,trade25_borrow30,1983-02-28,6.103920346616
gaussian,trade25_borrow30,1983-03-31,6.296684494025
gaussian,trade25_borrow30,1983-04-30,6.517271320184
gaussian,trade25_borrow30,1983-05-31,6.513855688671
gaussian,trade25_borrow30,1983-06-30,6.719489953365
gaussian,trade25_borrow30,1983-07-31,7.067802509884
gaussian,trade25_borrow30,1983-08-31,7.205707129476
gaussian,trade25_borrow30,1983-09-30,7.514699559692
gaussian,trade25_borrow30,1983-10-31,7.654074088429
gaussian,trade25_borrow30,1983-11-30,7.835923063169
gaussian,trade25_borrow30,1983-12-31,8.159583090659
gaussian,trade25_borrow30,1984-01-31,8.201682550939
gaussian,trade25_borrow30,1984-02-29,8.322609355994
gaussian,trade25_borrow30,1984-03-31,8.587245302935
gaussian,trade25_borrow30,1984-04-30,8.921975760746
gaussian,trade25_borrow30,1984-05-31,9.251295023194
gaussian,trade25_borrow30,1984-06-30,9.544724926086
gaussian,trade25_borrow30,1984-07-31,9.85598139918
gaussian,trade25_borrow30,1984-08-31,10.26073460599
gaussian,trade25_borrow30,1984-09-30,10.75720035716
gaussian,trade25_borrow30,1984-10-31,11.09858513449
gaussian,trade25_borrow30,1984-11-30,11.55988699168
gaussian,trade25_borrow30,1984-12-31,11.90547290636
gaussian,trade25_borrow30,1985-01-31,11.74553825485
gaussian,trade25_borrow30,1985-02-28,12.06190940328
gaussian,trade25_borrow30,1985-03-31,12.44511608295
gaussian,trade25_borrow30,1985-04-30,12.83024383573
gaussian,trade25_borrow30,1985-05-31,13.29001491068
gaussian,trade25_borrow30,1985-06-30,13.61649729982
gaussian,trade25_borrow30,1985-07-31,13.8927091289
gaussian,trade25_borrow30,1985-08-31,14.26653429685
gaussian,trade25_borrow30,1985-09-30,14.64177293957
gaussian,trade25_borrow30,1985-10-31,15.24953405486
gaussian,trade25_borrow30,1985-11-30,15.76339995715
gaussian,trade25_borrow30,1985-12-31,16.12012762201
gaussian,trade25_borrow30,1986-01-31,16.74345944788
gaussian,trade25_borrow30,1986-02-28,17.17879843735
gaussian,trade25_borrow30,1986-03-31,17.83269184378
gaussian,trade25_borrow30,1986-04-30,18.28706859601
gaussian,trade25_borrow30,1986-05-31,18.79816440996
gaussian,trade25_borrow30,1986-06-30,19.18772845965
gaussian,trade25_borrow30,1986-07-31,19.30837339856
gaussian,trade25_borrow30,1986-08-31,19.72111053086
gaussian,trade25_borrow30,1986-09-30,19.71472440123
gaussian,trade25_borrow30,1986-10-31,20.58337942127
gaussian,trade25_borrow30,1986-11-30,21.2732134571
gaussian,trade25_borrow30,1986-12-31,21.78597416627
gaussian,trade25_borrow30,1987-01-31,22.92530643296
gaussian,trade25_borrow30,1987-02-28,22.9846754634
gaussian,trade25_borrow30,1987-03-31,23.71640483614
gaussian,trade25_borrow30,1987-04-30,24.69777515602
gaussian,trade25_borrow30,1987-05-31,24.71446469511
gaussian,trade25_borrow30,1987-06-30,25.02893882484
gaussian,trade25_borrow30,1987-07-31,25.52888688819
gaussian,trade25_borrow30,1987-08-31,26.50802250739
gaussian,trade25_borrow30,1987-09-30,27.41393589635
gaussian,trade25_borrow30,1987-10-31,29.99987221559
gaussian,trade25_borrow30,1987-11-30,32.12903896196
gaussian,trade25_borrow30,1987-12-31,35.42621666087
gaussian,trade25_borrow30,1988-01-31,35.87099114247
gaussian,trade25_borrow30,1988-02-29,36.92925002034
gaussian,trade25_borrow30,1988-03-31,37.88984639721
gaussian,trade25_borrow30,1988-04-30,38.9609518463
gaussian,trade25_borrow30,1988-05-31,40.17346942353
gaussian,trade25_borrow30,1988-06-30,41.61440133836
gaussian,trade25_borrow30,1988-07-31,42.56365369893
gaussian,trade25_borrow30,1988-08-31,43.26769046752
gaussian,trade25_borrow30,1988-09-30,44.49598374761
gaussian,trade25_borrow30,1988-10-31,45.80351534579
gaussian,trade25_borrow30,1988-11-30,46.94792095433
gaussian,trade25_borrow30,1988-12-31,48.71462735035
gaussian,trade25_borrow30,1989-01-31,50.1977046835
gaussian,trade25_borrow30,1989-02-28,51.09120386925
gaussian,trade25_borrow30,1989-03-31,52.71498968309
gaussian,trade25_borrow30,1989-04-30,54.41588333645
gaussian,trade25_borrow30,1989-05-31,55.83302646398
gaussian,trade25_borrow30,1989-06-30,57.21729335359
gaussian,trade25_borrow30,1989-07-31,59.76026187614
gaussian,trade25_borrow30,1989-08-31,61.49993165061
gaussian,trade25_borrow30,1989-09-30,62.7826160956
gaussian,trade25_borrow30,1989-10-31,63.52332765558
gaussian,trade25_borrow30,1989-11-30,65.3088997237
gaussian,trade25_borrow30,1989-12-31,67.77465335982
gaussian,trade25_borrow30,1990-01-31,68.31837756805
gaussian,trade25_borrow30,1990-02-28,70.75595221399
gaussian,trade25_borrow30,1990-03-31,72.43994864523
gaussian,trade25_borrow30,1990-04-30,74.02542646022
gaussian,trade25_borrow30,1990-05-31,75.86717192556
gaussian,trade25_borrow30,1990-06-30,77.56228618417
gaussian,trade25_borrow30,1990-07-31,80.52556291768
gaussian,trade25_borrow30,1990-08-31,81.58526714342
gaussian,trade25_borrow30,1990-09-30,82.71718637801
gaussian,trade25_borrow30,1990-10-31,87.40510698285
gaussian,trade25_borrow30,1990-11-30,90.91977557607
gaussian,trade25_borrow30,1990-12-31,96.96517707274
gaussian,trade25_borrow30,1991-01-31,100.0957549534
gaussian,trade25_borrow30,1991-02-28,98.95543830318
gaussian,trade25_borrow30,1991-03-31,101.6439922891
gaussian,trade25_borrow30,1991-04-30,102.9503191854
gaussian,trade25_borrow30,1991-05-31,105.2913975541
gaussian,trade25_borrow30,1991-06-30,106.4786981179
gaussian,trade25_borrow30,1991-07-31,109.7999026975
gaussian,trade25_borrow30,1991-08-31,109.8436774164
gaussian,trade25_borrow30,1991-09-30,110.3279542247
gaussian,trade25_borrow30,1991-10-31,111.6151521712
gaussian,trade25_borrow30,1991-11-30,111.7915726081
gaussian,trade25_borrow30,1991-12-31,118.2253675581
gaussian,trade25_borrow30,1992-01-31,121.5167326157
gaussian,trade25_borrow30,1992-02-29,121.8660217012
gaussian,trade25_borrow30,1992-03-31,125.1495037063
gaussian,trade25_borrow30,1992-04-30,127.8331066791
gaussian,trade25_borrow30,1992-05-31,131.5138986101
gaussian,trade25_borrow30,1992-06-30,137.2756547961
gaussian,trade25_borrow30,1992-07-31,142.6443682205
gaussian,trade25_borrow30,1992-08-31,148.2023444258
gaussian,trade25_borrow30,1992-09-30,152.0993450829
gaussian,trade25_borrow30,1992-10-31,157.6980153168
gaussian,trade25_borrow30,1992-11-30,156.5053481581
gaussian,trade25_borrow30,1992-12-31,159.6203299146
gaussian,trade25_borrow30,1993-01-31,164.0155777824
gaussian,trade25_borrow30,1993-02-28,168.9145438602
gaussian,trade25_borrow30,1993-03-31,175.4343933973
gaussian,trade25_borrow30,1993-04-30,176.2825157162
gaussian,trade25_borrow30,1993-05-31,176.6110002346
gaussian,trade25_borrow30,1993-06-30,180.9946586516
gaussian,trade25_borrow30,1993-07-31,184.5012467946
gaussian,trade25_borrow30,1993-08-31,189.4010403021
gaussian,trade25_borrow30,1993-09-30,193.661632906
gaussian,trade25_borrow30,1993-10-31,196.0926340369
gaussian,trade25_borrow30,1993-11-30,199.6718724131
gaussian,trade25_borrow30,1993-12-31,203.0094378781
gaussian,trade25_borrow30,1994-01-31,211.5938616917
gaussian,trade25_borrow30,1994-02-28,220.5227524996
gaussian,trade25_borrow30,1994-03-31,225.8467117592
gaussian,trade25_borrow30,1994-04-30,237.5673503964
gaussian,trade25_borrow30,1994-05-31,239.3892856073
gaussian,trade25_borrow30,1994-06-30,243.5175210061
gaussian,trade25_borrow30,1994-07-31,250.9335902756
gaussian,trade25_borrow30,1994-08-31,259.8421796848
gaussian,trade25_borrow30,1994-09-30,267.7369583015
gaussian,trade25_borrow30,1994-10-31,285.1479708255
gaussian,trade25_borrow30,1994-11-30,294.6351122385
gaussian,trade25_borrow30,1994-12-31,309.6014205857
gaussian,trade25_borrow30,1995-01-31,327.3189686649
gaussian,trade25_borrow30,1995-02-28,337.6345865783
gaussian,trade25_borrow30,1995-03-31,350.3370028418
gaussian,trade25_borrow30,1995-04-30,361.8103280785
gaussian,trade25_borrow30,1995-05-31,372.8128702182
gaussian,trade25_borrow30,1995-06-30,385.3647046749
gaussian,trade25_borrow30,1995-07-31,399.8902859161
gaussian,trade25_borrow30,1995-08-31,417.5697913883
gaussian,trade25_borrow30,1995-09-30,425.3879074644
gaussian,trade25_borrow30,1995-10-31,445.9457015338
gaussian,trade25_borrow30,1995-11-30,459.5169431959
gaussian,trade25_borrow30,1995-12-31,477.2871752746
gaussian,trade25_borrow30,1996-01-31,488.6628332572
gaussian,trade25_borrow30,1996-02-29,500.2385566938
gaussian,trade25_borrow30,1996-03-31,510.1065091974
gaussian,trade25_borrow30,1996-04-30,511.7790626485
gaussian,trade25_borrow30,1996-05-31,507.0695098695
gaussian,trade25_borrow30,1996-06-30,538.8483681846
gaussian,trade25_borrow30,1996-07-31,565.8960240456
gaussian,trade25_borrow30,1996-08-31,574.5312374736
gaussian,trade25_borrow30,1996-09-30,593.5219986772
gaussian,trade25_borrow30,1996-10-31,628.3089992269
gaussian,trade25_borrow30,1996-11-30,641.8180862792
gaussian,trade25_borrow30,1996-12-31,682.3080077951
gaussian,trade25_borrow30,1997-01-31,698.7095525303
gaussian,trade25_borrow30,1997-02-28,713.4371005839
gaussian,trade25_borrow30,1997-03-31,742.3736030269
gaussian,trade25_borrow30,1997-04-30,772.4500577107
gaussian,trade25_borrow30,1997-05-31,797.8401399119
gaussian,trade25_borrow30,1997-06-30,833.6563236539
gaussian,trade25_borrow30,1997-07-31,879.8621248919
gaussian,trade25_borrow30,1997-08-31,902.7516056134
gaussian,trade25_borrow30,1997-09-30,946.9779762812
gaussian,trade25_borrow30,1997-10-31,980.5183660682
gaussian,trade25_borrow30,1997-11-30,997.0643150857
gaussian,trade25_borrow30,1997-12-31,1015.74051643
gaussian,trade25_borrow30,1998-01-31,1045.246199085
gaussian,trade25_borrow30,1998-02-28,1078.757276926
gaussian,trade25_borrow30,1998-03-31,1134.175052363
gaussian,trade25_borrow30,1998-04-30,1162.504736228
gaussian,trade25_borrow30,1998-05-31,1181.970873972
gaussian,trade25_borrow30,1998-06-30,1220.539525844
gaussian,trade25_borrow30,1998-07-31,1238.913944455
gaussian,trade25_borrow30,1998-08-31,1248.517771603
gaussian,trade25_borrow30,1998-09-30,1386.092665652
gaussian,trade25_borrow30,1998-10-31,1458.521304497
gaussian,trade25_borrow30,1998-11-30,1512.545091026
gaussian,trade25_borrow30,1998-12-31,1579.750196433
gaussian,trade25_borrow30,1999-01-31,1720.916682465
gaussian,trade25_borrow30,1999-02-28,1764.283869982
gaussian,trade25_borrow30,1999-03-31,1804.758560651
gaussian,trade25_borrow30,1999-04-30,1834.104180644
gaussian,trade25_borrow30,1999-05-31,1940.250725264
gaussian,trade25_borrow30,1999-06-30,2004.386441429
gaussian,trade25_borrow30,1999-07-31,2099.604231681
gaussian,trade25_borrow30,1999-08-31,2154.031941807
gaussian,trade25_borrow30,1999-09-30,2180.977149782
gaussian,trade25_borrow30,1999-10-31,2308.579631103
gaussian,trade25_borrow30,1999-11-30,2443.800281091
gaussian,trade25_borrow30,1999-12-31,2417.220907855
gaussian,trade25_borrow30,2000-01-31,2443.916148287
gaussian,trade25_borrow30,2000-02-29,2405.881278439
gaussian,trade25_borrow30,2000-03-31,2619.535683435
gaussian,trade25_borrow30,2000-04-30,2821.69279519
gaussian,trade25_borrow30,2000-05-31,3025.608818883
gaussian,trade25_borrow30,2000-06-30,2970.261028871
gaussian,trade25_borrow30,2000-07-31,3247.192570847
gaussian,trade25_borrow30,2000-08-31,3314.340977789
gaussian,trade25_borrow30,2000-09-30,3593.976448188
gaussian,trade25_borrow30,2000-10-31,3886.137840575
gaussian,trade25_borrow30,2000-11-30,4281.072983178
gaussian,trade25_borrow30,2000-12-31,4460.901772999
gaussian,trade25_borrow30,2001-01-31,4677.438288794
gaussian,trade25_borrow30,2001-02-28,5071.755105552
gaussian,trade25_borrow30,2001-03-31,5163.987465426
gaussian,trade25_borrow30,2001-04-30,5506.140878037
gaussian,trade25_borrow30,2001-05-31,5860.216041067
gaussian,trade25_borrow30,2001-06-30,5982.219657792
gaussian,trade25_borrow30,2001-07-31,6218.862113492
gaussian,trade25_borrow30,2001-08-31,6362.46448525
gaussian,trade25_borrow30,2001-09-30,6616.58872087
gaussian,trade25_borrow30,2001-10-31,7069.628692977
gaussian,trade25_borrow30,2001-11-30,7400.775770517
gaussian,trade25_borrow30,2001-12-31,7622.226733254
gaussian,trade25_borrow30,2002-01-31,8087.048144258
gaussian,trade25_borrow30,2002-02-28,8198.404510796
gaussian,trade25_borrow30,2002-03-31,8325.35076658
gaussian,trade25_borrow30,2002-04-30,8623.160750482
gaussian,trade25_borrow30,2002-05-31,8819.989607078
gaussian,trade25_borrow30,2002-06-30,8946.020317247
gaussian,trade25_borrow30,2002-07-31,9215.923577065
gaussian,trade25_borrow30,2002-08-31,9405.661752717
gaussian,trade25_borrow30,2002-09-30,9490.18969809
gaussian,trade25_borrow30,2002-10-31,10193.97122958
gaussian,trade25_borrow30,2002-11-30,10496.41898673
gaussian,trade25_borrow30,2002-12-31,10819.64440278
gaussian,trade25_borrow30,2003-01-31,11111.69583842
gaussian,trade25_borrow30,2003-02-28,11103.04082578
gaussian,trade25_borrow30,2003-03-31,11228.95994788
gaussian,trade25_borrow30,2003-04-30,11486.20357325
gaussian,trade25_borrow30,2003-05-31,11791.09601439
gaussian,trade25_borrow30,2003-06-30,11900.57530696
gaussian,trade25_borrow30,2003-07-31,12358.99359635
gaussian,trade25_borrow30,2003-08-31,12443.69893023
gaussian,trade25_borrow30,2003-09-30,12654.22393606
gaussian,trade25_borrow30,2003-10-31,12736.68504377
gaussian,trade25_borrow30,2003-11-30,12808.02537172
gaussian,trade25_borrow30,2003-12-31,12737.06397296
gaussian,trade25_borrow30,2004-01-31,13299.35708247
gaussian,trade25_borrow30,2004-02-29,13104.01859731
gaussian,trade25_borrow30,2004-03-31,13080.62293458
gaussian,trade25_borrow30,2004-04-30,13156.70882046
gaussian,trade25_borrow30,2004-05-31,13309.05922771
gaussian,trade25_borrow30,2004-06-30,13576.80718762
gaussian,trade25_borrow30,2004-07-31,13500.91288473
gaussian,trade25_borrow30,2004-08-31,13180.67466975
gaussian,trade25_borrow30,2004-09-30,13525.17406474
gaussian,trade25_borrow30,2004-10-31,13813.31115326
gaussian,trade25_borrow30,2004-11-30,14358.10911814
gaussian,trade25_borrow30,2004-12-31,14606.7640876
gaussian,trade25_borrow30,2005-01-31,14545.52565036
gaussian,trade25_borrow30,2005-02-28,14926.08871523
gaussian,trade25_borrow30,2005-03-31,15181.37975401
gaussian,trade25_borrow30,2005-04-30,15164.92586113
gaussian,trade25_borrow30,2005-05-31,15365.68815051
gaussian,trade25_borrow30,2005-06-30,15593.75164745
gaussian,trade25_borrow30,2005-07-31,15728.51187545
gaussian,trade25_borrow30,2005-08-31,15853.84165825
gaussian,trade25_borrow30,2005-09-30,16134.14144894
gaussian,trade25_borrow30,2005-10-31,16256.54729085
gaussian,trade25_borrow30,2005-11-30,16459.29319534
gaussian,trade25_borrow30,2005-12-31,16562.97746923
gaussian,trade25_borrow30,2006-01-31,16869.87827703
gaussian,trade25_borrow30,2006-02-28,16924.59765542
gaussian,trade25_borrow30,2006-03-31,17053.35513838
gaussian,trade25_borrow30,2006-04-30,17227.8314636
gaussian,trade25_borrow30,2006-05-31,17090.55147597
gaussian,trade25_borrow30,2006-06-30,17447.71241928
gaussian,trade25_borrow30,2006-07-31,17526.44767649
gaussian,trade25_borrow30,2006-08-31,17545.99611781
gaussian,trade25_borrow30,2006-09-30,17575.00994605
gaussian,trade25_borrow30,2006-10-31,17763.36838094
gaussian,trade25_borrow30,2006-11-30,17964.99941386
gaussian,trade25_borrow30,2006-12-31,18226.69675942
gaussian,trade25_borrow30,2007-01-31,18434.26637729
gaussian,trade25_borrow30,2007-02-28,18308.0421019
gaussian,trade25_borrow30,2007-03-31,18495.54031112
gaussian,trade25_borrow30,2007-04-30,18634.39414789
gaussian,trade25_borrow30,2007-05-31,18640.21023373
gaussian,trade25_borrow30,2007-06-30,18695.99975328
gaussian,trade25_borrow30,2007-07-31,18452.4243647
gaussian,trade25_borrow30,2007-08-31,18390.06470735
gaussian,trade25_borrow30,2007-09-30,18764.60830224
gaussian,trade25_borrow30,2007-10-31,18995.74313649
gaussian,trade25_borrow30,2007-11-30,18669.00813885
gaussian,trade25_borrow30,2007-12-31,18937.81041134
gaussian,trade25_borrow30,2008-01-31,18701.74173947
gaussian,trade25_borrow30,2008-02-29,19793.60326355
gaussian,trade25_borrow30,2008-03-31,20108.23483828
gaussian,trade25_borrow30,2008-04-30,20848.71861622
gaussian,trade25_borrow30,2008-05-31,21643.74395788
gaussian,trade25_borrow30,2008-06-30,22718.55716597
gaussian,trade25_borrow30,2008-07-31,23130.21439815
gaussian,trade25_borrow30,2008-08-31,23140.8883218
gaussian,trade25_borrow30,2008-09-30,22561.11854517
gaussian,trade25_borrow30,2008-10-31,22997.66286565
gaussian,trade25_borrow30,2008-11-30,23843.49250212
gaussian,trade25_borrow30,2008-12-31,25924.8641856
gaussian,trade25_borrow30,2009-01-31,28706.19930974
gaussian,trade25_borrow30,2009-02-28,29896.41559638
gaussian,trade25_borrow30,2009-03-31,28390.65546321
gaussian,trade25_borrow30,2009-04-30,27602.73491354
gaussian,trade25_borrow30,2009-05-31,27658.19375541
gaussian,trade25_borrow30,2009-06-30,28765.14013928
gaussian,trade25_borrow30,2009-07-31,28433.42088286
gaussian,trade25_borrow30,2009-08-31,26520.23754456
gaussian,trade25_borrow30,2009-09-30,27044.48938561
gaussian,trade25_borrow30,2009-10-31,27903.14264266
gaussian,trade25_borrow30,2009-11-30,28442.95884801
gaussian,trade25_borrow30,2009-12-31,28955.50922566
gaussian,trade25_borrow30,2010-01-31,29052.62805285
gaussian,trade25_borrow30,2010-02-28,29420.19245769
gaussian,trade25_borrow30,2010-03-31,29811.87427196
gaussian,trade25_borrow30,2010-04-30,29739.39437943
gaussian,trade25_borrow30,2010-05-31,30549.60802805
gaussian,trade25_borrow30,2010-06-30,31267.82877367
gaussian,trade25_borrow30,2010-07-31,31753.08733063
gaussian,trade25_borrow30,2010-08-31,31984.87209172
gaussian,trade25_borrow30,2010-09-30,32881.71544405
gaussian,trade25_borrow30,2010-10-31,33698.47443238
gaussian,trade25_borrow30,2010-11-30,34368.59739422
gaussian,trade25_borrow30,2010-12-31,33660.8337352
gaussian,trade25_borrow30,2011-01-31,34167.64571396
gaussian,trade25_borrow30,2011-02-28,34641.32327522
gaussian,trade25_borrow30,2011-03-31,34974.92266416
gaussian,trade25_borrow30,2011-04-30,35087.42087923
gaussian,trade25_borrow30,2011-05-31,35180.029896
gaussian,trade25_borrow30,2011-06-30,35633.6756969
gaussian,trade25_borrow30,2011-07-31,35544.85730452
gaussian,trade25_borrow30,2011-08-31,35818.07173453
gaussian,trade25_borrow30,2011-09-30,35889.59193002
gaussian,trade25_borrow30,2011-10-31,36691.8524128
gaussian,trade25_borrow30,2011-11-30,37331.99095984
gaussian,trade25_borrow30,2011-12-31,37891.5744023
gaussian,trade25_borrow30,2012-01-31,37849.30194404
gaussian,trade25_borrow30,2012-02-29,37652.2964396
gaussian,trade25_borrow30,2012-03-31,38077.57196781
gaussian,trade25_borrow30,2012-04-30,38023.99640709
gaussian,trade25_borrow30,2012-05-31,38173.2379159
gaussian,trade25_borrow30,2012-06-30,38495.78871612
gaussian,trade25_borrow30,2012-07-31,38496.54653535
gaussian,trade25_borrow30,2012-08-31,37970.356695
gaussian,trade25_borrow30,2012-09-30,37816.23247281
gaussian,trade25_borrow30,2012-10-31,37826.73223501
gaussian,trade25_borrow30,2012-11-30,38077.96161828
gaussian,trade25_borrow30,2012-12-31,38235.78197068
gaussian,trade25_borrow30,2013-01-31,38750.99311499
gaussian,trade25_borrow30,2013-02-28,39211.67401703
gaussian,trade25_borrow30,2013-03-31,39458.35048481
gaussian,trade25_borrow30,2013-04-30,39899.94347293
gaussian,trade25_borrow30,2013-05-31,40324.6615288
gaussian,trade25_borrow30,2013-06-30,41077.69245834
gaussian,trade25_borrow30,2013-07-31,41940.84334861
gaussian,trade25_borrow30,2013-08-31,41679.71710981
gaussian,trade25_borrow30,2013-09-30,42395.54603492
gaussian,trade25_borrow30,2013-10-31,43407.29495482
gaussian,trade25_borrow30,2013-11-30,43648.71648521
gaussian,trade25_borrow30,2013-12-31,43413.33742032
gaussian,trade25_borrow30,2014-01-31,43030.55196474
gaussian,trade25_borrow30,2014-02-28,42937.47313531
gaussian,trade25_borrow30,2014-03-31,43443.52891279
gaussian,trade25_borrow30,2014-04-30,43093.19515347
gaussian,trade25_borrow30,2014-05-31,43230.26125654
gaussian,trade25_borrow30,2014-06-30,43285.72942355
gaussian,trade25_borrow30,2014-07-31,43158.92783302
gaussian,trade25_borrow30,2014-08-31,43654.17460117
gaussian,trade25_borrow30,2014-09-30,43537.38401564
gaussian,trade25_borrow30,2014-10-31,44333.92306743
gaussian,trade25_borrow30,2014-11-30,44904.10550674
gaussian,trade25_borrow30,2014-12-31,45348.12377669
gaussian,trade25_borrow30,2015-01-31,45765.78226475
gaussian,trade25_borrow30,2015-02-28,46356.42874171
gaussian,trade25_borrow30,2015-03-31,46905.1823368
gaussian,trade25_borrow30,2015-04-30,46615.58996549
gaussian,trade25_borrow30,2015-05-31,46827.81190434
gaussian,trade25_borrow30,2015-06-30,46808.39870995
gaussian,trade25_borrow30,2015-07-31,47095.90173625
gaussian,trade25_borrow30,2015-08-31,47014.29394684
gaussian,trade25_borrow30,2015-09-30,48556.61441905
gaussian,trade25_borrow30,2015-10-31,50413.54974821
gaussian,trade25_borrow30,2015-11-30,49684.86841728
gaussian,trade25_borrow30,2015-12-31,49775.83123647
gaussian,trade25_borrow30,2016-01-31,52718.64136276
gaussian,trade25_borrow30,2016-02-29,52912.85205575
gaussian,trade25_borrow30,2016-03-31,53622.20512439
gaussian,trade25_borrow30,2016-04-30,52516.64245416
gaussian,trade25_borrow30,2016-05-31,54006.04253743
gaussian,trade25_borrow30,2016-06-30,54376.78084507
gaussian,trade25_borrow30,2016-07-31,56237.40753976
gaussian,trade25_borrow30,2016-08-31,55858.44092276
gaussian,trade25_borrow30,2016-09-30,55626.94729799
gaussian,trade25_borrow30,2016-10-31,57354.58870334
gaussian,trade25_borrow30,2016-11-30,57338.92650277
gaussian,trade25_borrow30,2016-12-31,58376.17247079
gaussian,trade25_borrow30,2017-01-31,58862.27239686
gaussian,trade25_borrow30,2017-02-28,58398.77929106
gaussian,trade25_borrow30,2017-03-31,57536.81849007
gaussian,trade25_borrow30,2017-04-30,58644.16085384
gaussian,trade25_borrow30,2017-05-31,58813.6069761
gaussian,trade25_borrow30,2017-06-30,59683.01457628
gaussian,trade25_borrow30,2017-07-31,60082.77850123
gaussian,trade25_borrow30,2017-08-31,59971.79538572
gaussian,trade25_borrow30,2017-09-30,60434.19421492
gaussian,trade25_borrow30,2017-10-31,61869.45048266
gaussian,trade25_borrow30,2017-11-30,62054.64598819
gaussian,trade25_borrow30,2017-12-31,61404.48320929
gaussian,trade25_borrow30,2018-01-31,59810.77447703
gaussian,trade25_borrow30,2018-02-28,59830.52252912
gaussian,trade25_borrow30,2018-03-31,59730.14318575
gaussian,trade25_borrow30,2018-04-30,59701.85155107
gaussian,trade25_borrow30,2018-05-31,59582.29424235
gaussian,trade25_borrow30,2018-06-30,60108.12028265
gaussian,trade25_borrow30,2018-07-31,61633.44863532
gaussian,trade25_borrow30,2018-08-31,62391.56955477
gaussian,trade25_borrow30,2018-09-30,61825.27587953
gaussian,trade25_borrow30,2018-10-31,61810.49943548
gaussian,trade25_borrow30,2018-11-30,61948.54214115
gaussian,trade25_borrow30,2018-12-31,62378.14259424
gaussian,trade25_borrow30,2019-01-31,62820.30566115
gaussian,trade25_borrow30,2019-02-28,63362.03570987
gaussian,trade25_borrow30,2019-03-31,64168.72357086
gaussian,trade25_borrow30,2019-04-30,65023.11095038
gaussian,trade25_borrow30,2019-05-31,66765.2496589
gaussian,trade25_borrow30,2019-06-30,67286.57378751
gaussian,trade25_borrow30,2019-07-31,68915.7267592
gaussian,trade25_borrow30,2019-08-31,70127.98083025
gaussian,trade25_borrow30,2019-09-30,69944.66858501
gaussian,trade25_borrow30,2019-10-31,71614.33054069
gaussian,trade25_borrow30,2019-11-30,70532.26729343
gaussian,trade25_borrow30,2019-12-31,68642.55827679
gaussian,trade25_borrow30,2020-01-31,69745.48835071
gaussian,trade25_borrow30,2020-02-29,66131.75228106
gaussian,trade25_borrow30,2020-03-31,58887.25604482
gaussian,trade25_borrow30,2020-04-30,63045.08278905
gaussian,trade25_borrow30,2020-05-31,63534.27900428
gaussian,trade25_borrow30,2020-06-30,64219.13847905
gaussian,trade25_borrow30,2020-07-31,65079.84579791
gaussian,trade25_borrow30,2020-08-31,68151.72466393
gaussian,trade25_borrow30,2020-09-30,65855.11139404
gaussian,trade25_borrow30,2020-10-31,66283.10551655
gaussian,trade25_borrow30,2020-11-30,70008.22718857
gaussian,trade25_borrow30,2020-12-31,70012.76137201
gaussian,trade25_borrow30,2021-01-31,61970.06855753
gaussian,trade25_borrow30,2021-02-28,62445.51352499
gaussian,trade25_borrow30,2021-03-31,64117.88579267
gaussian,trade25_borrow30,2021-04-30,65040.11269922
gaussian,trade25_borrow30,2021-05-31,66333.46189482
gaussian,trade25_borrow30,2021-06-30,65867.08114169
gaussian,trade25_borrow30,2021-07-31,66899.89189699
gaussian,trade25_borrow30,2021-08-31,67140.81008167
gaussian,trade25_borrow30,2021-09-30,66969.29913519
gaussian,trade25_borrow30,2021-10-31,67885.57396951
gaussian,trade25_borrow30,2021-11-30,68698.02342306
gaussian,trade25_borrow30,2021-12-31,70459.90819359
gaussian,trade25_borrow30,2022-01-31,71438.09738249
gaussian,trade25_borrow30,2022-02-28,71886.97704495
gaussian,trade25_borrow30,2022-03-31,71848.18243558
gaussian,trade25_borrow30,2022-04-30,73610.79249798
gaussian,trade25_borrow30,2022-05-31,74862.64076965
gaussian,trade25_borrow30,2022-06-30,73792.59927829
gaussian,trade25_borrow30,2022-07-31,74466.62816244
gaussian,trade25_borrow30,2022-08-31,73619.94996196
gaussian,trade25_borrow30,2022-09-30,73661.69796955
gaussian,trade25_borrow30,2022-10-31,77030.17148564
gaussian,trade25_borrow30,2022-11-30,78983.60032895
gaussian,trade25_borrow30,2022-12-31,79772.88227322
gaussian,trade25_borrow30,2023-01-31,78434.39007034
gaussian,trade25_borrow30,2023-02-28,79577.57748398
gaussian,trade25_borrow30,2023-03-31,79829.58246709
gaussian,trade25_borrow30,2023-04-30,79988.24603855
gaussian,trade25_borrow30,2023-05-31,79618.70256354
gaussian,trade25_borrow30,2023-06-30,81199.16335542
gaussian,trade25_borrow30,2023-07-31,81445.92992045
gaussian,trade25_borrow30,2023-08-31,83503.91578856
gaussian,trade25_borrow30,2023-09-30,84224.34835945
gaussian,trade25_borrow30,2023-10-31,84811.63195325
gaussian,trade25_borrow30,2023-11-30,87580.42748923
gaussian,trade25_borrow30,2023-12-31,87600.6672056
gaussian,trade25_borrow30,2024-01-31,89249.04317629
gaussian,trade25_borrow30,2024-02-29,89793.53489116
gaussian,trade25_borrow30,2024-03-31,91119.29988847
gaussian,trade25_borrow30,2024-04-30,90803.52122963
gaussian,trade25_borrow30,2024-05-31,91558.23457839
gaussian,trade25_borrow30,2024-06-30,91980.21385161
gaussian,trade25_borrow30,2024-07-31,93635.50371398
gaussian,trade25_borrow30,2024-08-31,95356.23377917
gaussian,trade25_borrow30,2024-09-30,95929.06128959
gaussian,trade25_borrow30,2024-10-31,95254.46907396
gaussian,trade25_borrow30,2024-11-30,97609.10333037
gaussian,trade25_borrow30,2024-12-31,96849.61426723
gaussian,trade25_borrow30,2025-01-31,98761.8966761
matern32,trade25_borrow30,1978-02-28,1.03545044198
matern32,trade25_borrow30,1978-03-31,1.056233357473
matern32,trade25_borrow30,1978-04-30,1.067759379813
matern32,trade25_borrow30,1978-05-31,1.096427174549
matern32,trade25_borrow30,1978-06-30,1.115183268276
matern32,trade25_borrow30,1978-07-31,1.156904775469
matern32,trade25_borrow30,1978-08-31,1.195386158917
matern32,trade25_borrow30,1978-09-30,1.213367978924
matern32,trade25_borrow30,1978-10-31,1.204984117742
matern32,trade25_borrow30,1978-11-30,1.265114810502
matern32,trade25_borrow30,1978-12-31,1.293348640162
matern32,trade25_borrow30,1979-01-31,1.33785521414
matern32,trade25_borrow30,1979-02-28,1.354268941513
matern32,trade25_borrow30,1979-03-31,1.372398909133
matern32,trade25_borrow30,1979-04-30,1.393899329603
matern32,trade25_borrow30,1979-05-31,1.420371919127
matern32,trade25_borrow30,1979-06-30,1.416181674591
matern32,trade25_borrow30,1979-07-31,1.468340865781
matern32,trade25_borrow30,1979-08-31,1.530703571905
matern32,trade25_borrow30,1979-09-30,1.573843061589
matern32,trade25_borrow30,1979-10-31,1.587231898207
matern32,trade25_borrow30,1979-11-30,1.652845950189
matern32,trade25_borrow30,1979-12-31,1.717506646789
matern32,trade25_borrow30,1980-01-31,1.75127196725
matern32,trade25_borrow30,1980-02-29,1.812189302133
matern32,trade25_borrow30,1980-03-31,1.832679753359
matern32,trade25_borrow30,1980-04-30,1.878880027518
matern32,trade25_borrow30,1980-05-31,1.933121346178
matern32,trade25_borrow30,1980-06-30,2.013439598601
matern32,trade25_borrow30,1980-07-31,2.091152240268
matern32,trade25_borrow30,1980-08-31,2.094266343396
matern32,trade25_borrow30,1980-09-30,2.167917379036
matern32,trade25_borrow30,1980-10-31,2.25763875999
matern32,trade25_borrow30,1980-11-30,2.312660375332
matern32,trade25_borrow30,1980-12-31,2.331701350541
matern32,trade25_borrow30,1981-01-31,2.371603289527
matern32,trade25_borrow30,1981-02-28,2.395374920434
matern32,trade25_borrow30,1981-03-31,2.470988688107
matern32,trade25_borrow30,1981-04-30,2.564383437006
matern32,trade25_borrow30,1981-05-31,2.605702954292
matern32,trade25_borrow30,1981-06-30,2.77392336462
matern32,trade25_borrow30,1981-07-31,2.790072017509
matern32,trade25_borrow30,1981-08-31,2.818414792875
matern32,trade25_borrow30,1981-09-30,2.985336622655
matern32,trade25_borrow30,1981-10-31,3.201120626303
matern32,trade25_borrow30,1981-11-30,3.354915016665
matern32,trade25_borrow30,1981-12-31,3.519035743201
matern32,trade25_borrow30,1982-01-31,3.641814176607
matern32,trade25_borrow30,1982-02-28,3.783936667294
matern32,trade25_borrow30,1982-03-31,3.937124845216
matern32,trade25_borrow30,1982-04-30,4.075744654989
matern32,trade25_borrow30,1982-05-31,4.256194580659
matern32,trade25_borrow30,1982-06-30,4.485020912746
matern32,trade25_borrow30,1982-07-31,4.644702099839
matern32,trade25_borrow30,1982-08-31,4.72306032122
matern32,trade25_borrow30,1982-09-30,5.150257989488
matern32,trade25_borrow30,1982-10-31,5.292605800074
matern32,trade25_borrow30,1982-11-30,5.523174301571
matern32,trade25_borrow30,1982-12-31,5.638258850006
matern32,trade25_borrow30,1983-01-31,5.650626832662
matern32,trade25_borrow30,1983-02-28,6.014920408966
matern32,trade25_borrow30,1983-03-31,6.233415961674
matern32,trade25_borrow30,1983-04-30,6.440933848229
matern32,trade25_borrow30,1983-05-31,6.436618393912
matern32,trade25_borrow30,1983-06-30,6.645107388141
matern32,trade25_borrow30,1983-07-31,6.97129848589
matern32,trade25_borrow30,1983-08-31,7.086844471031
matern32,trade25_borrow30,1983-09-30,7.388565151717
matern32,trade25_borrow30,1983-10-31,7.523545178125
matern32,trade25_borrow30,1983-11-30,7.721934112806
matern32,trade25_borrow30,1983-12-31,8.023598455781
matern32,trade25_borrow30,1984-01-31,8.092101560045
matern32,trade25_borrow30,1984-02-29,8.239813033514
matern32,trade25_borrow30,1984-03-31,8.500374552122
matern32,trade25_borrow30,1984-04-30,8.817357565786
matern32,trade25_borrow30,1984-05-31,9.158662811727
matern32,trade25_borrow30,1984-06-30,9.427056104578
matern32,trade25_borrow30,1984-07-31,9.728742572167
matern32,trade25_borrow30,1984-08-31,10.11173491644
matern32,trade25_borrow30,1984-09-30,10.62031312003
matern32,trade25_borrow30,1984-10-31,10.95361719164
matern32,trade25_borrow30,1984-11-30,11.41351793045
matern32,trade25_borrow30,1984-12-31,11.74073361398
matern32,trade25_borrow30,1985-01-31,11.62662724054
matern32,trade25_borrow30,1985-02-28,11.96192515071
matern32,trade25_borrow30,1985-03-31,12.35833332676
matern32,trade25_borrow30,1985-04-30,12.73985958284
matern32,trade25_borrow30,1985-05-31,13.21251261714
matern32,trade25_borrow30,1985-06-30,13.55843264795
matern32,trade25_borrow30,1985-07-31,13.84787192277
matern32,trade25_borrow30,1985-08-31,14.23595103666
matern32,trade25_borrow30,1985-09-30,14.58345873269
matern32,trade25_borrow30,1985-10-31,15.1725894059
matern32,trade25_borrow30,1985-11-30,15.7075464757
matern32,trade25_borrow30,1985-12-31,16.05475561654
matern32,trade25_borrow30,1986-01-31,16.69599046754
matern32,trade25_borrow30,1986-02-28,17.14036205648
matern32,trade25_borrow30,1986-03-31,17.79609648498
matern32,trade25_borrow30,1986-04-30,18.26354691382
matern32,trade25_borrow30,1986-05-31,18.79066774484
matern32,trade25_borrow30,1986-06-30,19.18996059674
matern32,trade25_borrow30,1986-07-31,19.29697247063
matern32,trade25_borrow30,1986-08-31,19.74580713695
matern32,trade25_borrow30,1986-09-30,19.7363561384
matern32,trade25_borrow30,1986-10-31,20.63896869079
matern32,trade25_borrow30,1986-11-30,21.33033433008
matern32,trade25_borrow30,1986-12-31,21.85148460048
matern32,trade25_borrow30,1987-01-31,23.03423022037
matern32,trade25_borrow30,1987-02-28,23.13003319886
matern32,trade25_borrow30,1987-03-31,23.8862703751
matern32,trade25_borrow30,1987-04-30,24.70693276857
matern32,trade25_borrow30,1987-05-31,24.78237358714
matern32,trade25_borrow30,1987-06-30,25.16816948149
matern32,trade25_borrow30,1987-07-31,25.60946757105
matern32,trade25_borrow30,1987-08-31,26.54241106988
matern32,trade25_borrow30,1987-09-30,27.45097144631
matern32,trade25_borrow30,1987-10-31,29.91329295498
matern32,trade25_borrow30,1987-11-30,32.13037167993
matern32,trade25_borrow30,1987-12-31,35.39462472133
matern32,trade25_borrow30,1988-01-31,35.73656079228
matern32,trade25_borrow30,1988-02-29,36.5011842229
matern32,trade25_borrow30,1988-03-31,37.80261937746
matern32,trade25_borrow30,1988-04-30,39.10411267693
matern32,trade25_borrow30,1988-05-31,40.84170475813
matern32,trade25_borrow30,1988-06-30,42.07397985914
matern32,trade25_borrow30,1988-07-31,42.76374218132
matern32,trade25_borrow30,1988-08-31,44.2626354626
matern32,trade25_borrow30,1988-09-30,45.68184507667
matern32,trade25_borrow30,1988-10-31,46.91529461541
matern32,trade25_borrow30,1988-11-30,48.437934883
matern32,trade25_borrow30,1988-12-31,50.01383087451
matern32,trade25_borrow30,1989-01-31,51.5912202614
matern32,trade25_borrow30,1989-02-28,52.75221816236
matern32,trade25_borrow30,1989-03-31,54.65162828993
matern32,trade25_borrow30,1989-04-30,56.3617188
matern32,trade25_borrow30,1989-05-31,58.07646610606
matern32,trade25_borrow30,1989-06-30,59.68835372068
matern32,trade25_borrow30,1989-07-31,62.36986515571
matern32,trade25_borrow30,1989-08-31,64.57313746009
matern32,trade25_borrow30,1989-09-30,66.0300877241
matern32,trade25_borrow30,1989-10-31,67.00421265083
matern32,trade25_borrow30,1989-11-30,68.80594346652
matern32,trade25_borrow30,1989-12-31,71.63697975175
matern32,trade25_borrow30,1990-01-31,73.22572415158
matern32,trade25_borrow30,1990-02-28,76.33888529118
matern32,trade25_borrow30,1990-03-31,78.39307485924
matern32,trade25_borrow30,1990-04-30,80.07688918873
matern32,trade25_borrow30,1990-05-31,81.99649146996
matern32,trade25_borrow30,1990-06-30,84.58990035815
matern32,trade25_borrow30,1990-07-31,88.10533432215
matern32,trade25_borrow30,1990-08-31,91.62751927916
matern32,trade25_borrow30,1990-09-30,93.50686190252
matern32,trade25_borrow30,1990-10-31,99.52908419779
matern32,trade25_borrow30,1990-11-30,104.1842807924
matern32,trade25_borrow30,1990-12-31,111.9550606176
matern32,trade25_borrow30,1991-01-31,116.0419940392
matern32,trade25_borrow30,1991-02-28,114.5981379179
matern32,trade25_borrow30,1991-03-31,117.7561510304
matern32,trade25_borrow30,1991-04-30,119.1800456509
matern32,trade25_borrow30,1991-05-31,121.6808026367
matern32,trade25_borrow30,1991-06-30,123.1498992219
matern32,trade25_borrow30,1991-07-31,127.0513209325
matern32,trade25_borrow30,1991-08-31,127.0985784703
matern32,trade25_borrow30,1991-09-30,127.8189269001
matern32,trade25_borrow30,1991-10-31,129.4103690975
matern32,trade25_borrow30,1991-11-30,129.6772715679
matern32,trade25_borrow30,1991-12-31,136.953044092
matern32,trade25_borrow30,1992-01-31,140.7647363581
matern32,trade25_borrow30,1992-02-29,141.2831160892
matern32,trade25_borrow30,1992-03-31,146.0119062243
matern32,trade25_borrow30,1992-04-30,149.3220242574
matern32,trade25_borrow30,1992-05-31,153.2965285398
matern32,trade25_borrow30,1992-06-30,160.1267170904
matern32,trade25_borrow30,1992-07-31,165.5717346291
matern32,trade25_borrow30,1992-08-31,171.5120287845
matern32,trade25_borrow30,1992-09-30,174.6550510115
matern32,trade25_borrow30,1992-10-31,181.1925894539
matern32,trade25_borrow30,1992-11-30,180.1968461989
matern32,trade25_borrow30,1992-12-31,184.394979715
matern32,trade25_borrow30,1993-01-31,190.6044700418
matern32,trade25_borrow30,1993-02-28,197.5631751102
matern32,trade25_borrow30,1993-03-31,204.5787870844
matern32,trade25_borrow30,1993-04-30,206.070394742
matern32,trade25_borrow30,1993-05-31,206.4058324231
matern32,trade25_borrow30,1993-06-30,211.0776268193
matern32,trade25_borrow30,1993-07-31,214.920497124
matern32,trade25_borrow30,1993-08-31,220.6293714115
matern32,trade25_borrow30,1993-09-30,225.3684472213
matern32,trade25_borrow30,1993-10-31,226.9060819701
matern32,trade25_borrow30,1993-11-30,231.7308275875
matern32,trade25_borrow30,1993-12-31,235.3001082019
matern32,trade25_borrow30,1994-01-31,246.8903304767
matern32,trade25_borrow30,1994-02-28,257.2894095138
matern32,trade25_borrow30,1994-03-31,263.5540676412
matern32,trade25_borrow30,1994-04-30,276.3002044898
matern32,trade25_borrow30,1994-05-31,278.8664569536
matern32,trade25_borrow30,1994-06-30,285.4726165653
matern32,trade25_borrow30,1994-07-31,294.3709115806
matern32,trade25_borrow30,1994-08-31,305.3750063278
matern32,trade25_borrow30,1994-09-30,314.0140671174
matern32,trade25_borrow30,1994-10-31,334.0017322493
matern32,trade25_borrow30,1994-11-30,346.7397015317
matern32,trade25_borrow30,1994-12-31,365.7887232619
matern32,trade25_borrow30,1995-01-31,386.4952133702
matern32,trade25_borrow30,1995-02-28,398.2764777707
matern32,trade25_borrow30,1995-03-31,411.8495307966
matern32,trade25_borrow30,1995-04-30,424.9163153295
matern32,trade25_borrow30,1995-05-31,437.1668579113
matern32,trade25_borrow30,1995-06-30,451.296367608
matern32,trade25_borrow30,1995-07-31,466.9410759166
matern32,trade25_borrow30,1995-08-31,485.4690269757
matern32,trade25_borrow30,1995-09-30,495.3076375347
matern32,trade25_borrow30,1995-10-31,519.6225808726
matern32,trade25_borrow30,1995-11-30,535.505914089
matern32,trade25_borrow30,1995-12-31,555.8172618212
matern32,trade25_borrow30,1996-01-31,569.480568486
matern32,trade25_borrow30,1996-02-29,582.4679342152
matern32,trade25_borrow30,1996-03-31,594.4002283892
matern32,trade25_borrow30,1996-04-30,599.8346946692
matern32,trade25_borrow30,1996-05-31,595.9323540311
matern32,trade25_borrow30,1996-06-30,633.4839267017
matern32,trade25_borrow30,1996-07-31,666.9493510844
matern32,trade25_borrow30,1996-08-31,679.3022464505
matern32,trade25_borrow30,1996-09-30,703.0228272519
matern32,trade25_borrow30,1996-10-31,745.5072442251
matern32,trade25_borrow30,1996-11-30,764.0370649901
matern32,trade25_borrow30,1996-12-31,813.5852849166
matern32,trade25_borrow30,1997-01-31,829.5973462919
matern32,trade25_borrow30,1997-02-28,848.6769628356
matern32,trade25_borrow30,1997-03-31,883.4389892691
matern32,trade25_borrow30,1997-04-30,918.824512031
matern32,trade25_borrow30,1997-05-31,952.5637643367
matern32,trade25_borrow30,1997-06-30,999.7653915488
matern32,trade25_borrow30,1997-07-31,1053.828804306
matern32,trade25_borrow30,1997-08-31,1079.65267375
matern32,trade25_borrow30,1997-09-30,1132.015850066
matern32,trade25_borrow30,1997-10-31,1174.213622387
matern32,trade25_borrow30,1997-11-30,1202.522535292
matern32,trade25_borrow30,1997-12-31,1232.464617789
matern32,trade25_borrow30,1998-01-31,1264.105445523
matern32,trade25_borrow30,1998-02-28,1305.653180006
matern32,trade25_borrow30,1998-03-31,1373.523964623
matern32,trade25_borrow30,1998-04-30,1409.334106343
matern32,trade25_borrow30,1998-05-31,1435.593180413
matern32,trade25_borrow30,1998-06-30,1481.222661042
matern32,trade25_borrow30,1998-07-31,1502.91894984
matern32,trade25_borrow30,1998-08-31,1523.15486396
matern32,trade25_borrow30,1998-09-30,1675.299709542
matern32,trade25_borrow30,1998-10-31,1762.722411043
matern32,trade25_borrow30,1998-11-30,1824.738450341
matern32,trade25_borrow30,1998-12-31,1911.241421081
matern32,trade25_borrow30,1999-01-31,2063.798801447
matern32,trade25_borrow30,1999-02-28,2117.536780387
matern32,trade25_borrow30,1999-03-31,2178.171473068
matern32,trade25_borrow30,1999-04-30,2224.321208982
matern32,trade25_borrow30,1999-05-31,2353.966977627
matern32,trade25_borrow30,1999-06-30,2423.105362408
matern32,trade25_borrow30,1999-07-31,2532.957683132
matern32,trade25_borrow30,1999-08-31,2595.444617557
matern32,trade25_borrow30,1999-09-30,2636.213980053
matern32,trade25_borrow30,1999-10-31,2784.09992849
matern32,trade25_borrow30,1999-11-30,2930.040149774
matern32,trade25_borrow30,1999-12-31,2891.365175987
matern32,trade25_borrow30,2000-01-31,2930.238253375
matern32,trade25_borrow30,2000-02-29,2876.804422947
matern32,trade25_borrow30,2000-03-31,3124.729115283
matern32,trade25_borrow30,2000-04-30,3366.67957412
matern32,trade25_borrow30,2000-05-31,3601.655135064
matern32,trade25_borrow30,2000-06-30,3548.734389602
matern32,trade25_borrow30,2000-07-31,3861.473241445
matern32,trade25_borrow30,2000-08-31,3937.901840234
matern32,trade25_borrow30,2000-09-30,4269.268355914
matern32,trade25_borrow30,2000-10-31,4599.917302096
matern32,trade25_borrow30,2000-11-30,5038.217172946
matern32,trade25_borrow30,2000-12-31,5208.074343
matern32,trade25_borrow30,2001-01-31,5562.88542533
matern32,trade25_borrow30,2001-02-28,6104.332552051
matern32,trade25_borrow30,2001-03-31,6236.171866252
matern32,trade25_borrow30,2001-04-30,6653.939987179
matern32,trade25_borrow30,2001-05-31,7060.44231689
matern32,trade25_borrow30,2001-06-30,7249.75989387
matern32,trade25_borrow30,2001-07-31,7546.669207141
matern32,trade25_borrow30,2001-08-31,7757.220363668
matern32,trade25_borrow30,2001-09-30,8131.51542607
matern32,trade25_borrow30,2001-10-31,8595.718961392
matern32,trade25_borrow30,2001-11-30,9039.960076514
matern32,trade25_borrow30,2001-12-31,9224.565281932
matern32,trade25_borrow30,2002-01-31,9776.491310959
matern32,trade25_borrow30,2002-02-28,9911.93370571
matern32,trade25_borrow30,2002-03-31,10009.52026435
matern32,trade25_borrow30,2002-04-30,10296.25436757
matern32,trade25_borrow30,2002-05-31,10518.11476839
matern32,trade25_borrow30,2002-06-30,10679.29619374
matern32,trade25_borrow30,2002-07-31,11096.44125812
matern32,trade25_borrow30,2002-08-31,11329.1077508
matern32,trade25_borrow30,2002-09-30,11440.64881544
matern32,trade25_borrow30,2002-10-31,12233.53992766
matern32,trade25_borrow30,2002-11-30,12590.52267265
matern32,trade25_borrow30,2002-12-31,13023.30009424
matern32,trade25_borrow30,2003-01-31,13394.53656813
matern32,trade25_borrow30,2003-02-28,13411.76721971
matern32,trade25_borrow30,2003-03-31,13526.34572902
matern32,trade25_borrow30,2003-04-30,13787.19937091
matern32,trade25_borrow30,2003-05-31,14040.07099305
matern32,trade25_borrow30,2003-06-30,14157.80465117
matern32,trade25_borrow30,2003-07-31,14639.84582242
matern32,trade25_borrow30,2003-08-31,14672.82407059
matern32,trade25_borrow30,2003-09-30,14922.19556121
matern32,trade25_borrow30,2003-10-31,14945.97989939
matern32,trade25_borrow30,2003-11-30,15005.79965975
matern32,trade25_borrow30,2003-12-31,14956.9456177
matern32,trade25_borrow30,2004-01-31,15522.74429098
matern32,trade25_borrow30,2004-02-29,15269.91549855
matern32,trade25_borrow30,2004-03-31,15222.84733244
matern32,trade25_borrow30,2004-04-30,15209.95423861
matern32,trade25_borrow30,2004-05-31,15348.3924442
matern32,trade25_borrow30,2004-06-30,15628.52328817
matern32,trade25_borrow30,2004-07-31,15520.29162417
matern32,trade25_borrow30,2004-08-31,15181.06017014
matern32,trade25_borrow30,2004-09-30,15608.99229007
matern32,trade25_borrow30,2004-10-31,15974.42119262
matern32,trade25_borrow30,2004-11-30,16559.95397464
matern32,trade25_borrow30,2004-12-31,16897.65230917
matern32,trade25_borrow30,2005-01-31,16830.60558803
matern32,trade25_borrow30,2005-02-28,17247.24966257
matern32,trade25_borrow30,2005-03-31,17551.21631895
matern32,trade25_borrow30,2005-04-30,17558.25645027
matern32,trade25_borrow30,2005-05-31,17785.98138191
matern32,trade25_borrow30,2005-06-30,18044.41286506
matern32,trade25_borrow30,2005-07-31,18178.22328721
matern32,trade25_borrow30,2005-08-31,18326.75496676
matern32,trade25_borrow30,2005-09-30,18610.5568624
matern32,trade25_borrow30,2005-10-31,18749.45594858
matern32,trade25_borrow30,2005-11-30,18982.88588575
matern32,trade25_borrow30,2005-12-31,19115.1620285
matern32,trade25_borrow30,2006-01-31,19424.6461418
matern32,trade25_borrow30,2006-02-28,19482.26825173
matern32,trade25_borrow30,2006-03-31,19625.20541733
matern32,trade25_borrow30,2006-04-30,19815.07601534
matern32,trade25_borrow30,2006-05-31,19595.49309137
matern32,trade25_borrow30,2006-06-30,19948.9391061
matern32,trade25_borrow30,2006-07-31,20063.10927269
matern32,trade25_borrow30,2006-08-31,20113.28845667
matern32,trade25_borrow30,2006-09-30,20201.19329417
matern32,trade25_borrow30,2006-10-31,20473.41054925
matern32,trade25_borrow30,2006-11-30,20733.31845779
matern32,trade25_borrow30,2006-12-31,21015.46496314
matern32,trade25_borrow30,2007-01-31,21298.58670783
matern32,trade25_borrow30,2007-02-28,21151.50822761
matern32,trade25_borrow30,2007-03-31,21362.33227982
matern32,trade25_borrow30,2007-04-30,21616.22287942
matern32,trade25_borrow30,2007-05-31,21675.50593038
matern32,trade25_borrow30,2007-06-30,21730.17359419
matern32,trade25_borrow30,2007-07-31,21378.68354989
matern32,trade25_borrow30,2007-08-31,21294.99755089
matern32,trade25_borrow30,2007-09-30,21751.98915251
matern32,trade25_borrow30,2007-10-31,21968.309784
matern32,trade25_borrow30,2007-11-30,21546.30835565
matern32,trade25_borrow30,2007-12-31,21840.36430445
matern32,trade25_borrow30,2008-01-31,21632.52462992
matern32,trade25_borrow30,2008-02-29,22803.42588806
matern32,trade25_borrow30,2008-03-31,23150.96785204
matern32,trade25_borrow30,2008-04-30,23933.29280193
matern32,trade25_borrow30,2008-05-31,24774.4875776
matern32,trade25_borrow30,2008-06-30,25975.17307669
matern32,trade25_borrow30,2008-07-31,26494.18383872
matern32,trade25_borrow30,2008-08-31,26318.44859884
matern32,trade25_borrow30,2008-09-30,25749.83949894
matern32,trade25_borrow30,2008-10-31,26296.32211679
matern32,trade25_borrow30,2008-11-30,27071.74564399
matern32,trade25_borrow30,2008-12-31,29188.6659198
matern32,trade25_borrow30,2009-01-31,32255.16021601
matern32,trade25_borrow30,2009-02-28,33481.27529254
matern32,trade25_borrow30,2009-03-31,31990.20148779
matern32,trade25_borrow30,2009-04-30,31314.79146803
matern32,trade25_borrow30,2009-05-31,31685.21822681
matern32,trade25_borrow30,2009-06-30,33200.22361441
matern32,trade25_borrow30,2009-07-31,33059.92636515
matern32,trade25_borrow30,2009-08-31,31048.68718429
matern32,trade25_borrow30,2009-09-30,31816.08944438
matern32,trade25_borrow30,2009-10-31,32748.96420024
matern32,trade25_borrow30,2009-11-30,33531.08915245
matern32,trade25_borrow30,2009-12-31,34136.82179206
matern32,trade25_borrow30,2010-01-31,34375.15172806
matern32,trade25_borrow30,2010-02-28,34799.78739369
matern32,trade25_borrow30,2010-03-31,35298.29077658
matern32,trade25_borrow30,2010-04-30,35061.84979367
matern32,trade25_borrow30,2010-05-31,36059.21879528
matern32,trade25_borrow30,2010-06-30,37073.7391136
matern32,trade25_borrow30,2010-07-31,37636.13316618
matern32,trade25_borrow30,2010-08-31,38010.68598572
matern32,trade25_borrow30,2010-09-30,39004.32865991
matern32,trade25_borrow30,2010-10-31,39878.59412838
matern32,trade25_borrow30,2010-11-30,40582.74500415
matern32,trade25_borrow30,2010-12-31,39769.45467194
matern32,trade25_borrow30,2011-01-31,40373.59190676
matern32,trade25_borrow30,2011-02-28,40986.21511111
matern32,trade25_borrow30,2011-03-31,41397.03921776
matern32,trade25_borrow30,2011-04-30,41563.86285414
matern32,trade25_borrow30,2011-05-31,41678.58134856
matern32,trade25_borrow30,2011-06-30,42273.94633701
matern32,trade25_borrow30,2011-07-31,42220.97383528
matern32,trade25_borrow30,2011-08-31,42583.96492418
matern32,trade25_borrow30,2011-09-30,42750.37405743
matern32,trade25_borrow30,2011-10-31,43649.19298121
matern32,trade25_borrow30,2011-11-30,44533.00057805
matern32,trade25_borrow30,2011-12-31,45208.00324578
matern32,trade25_borrow30,2012-01-31,44999.84510475
matern32,trade25_borrow30,2012-02-29,44881.75155864
matern32,trade25_borrow30,2012-03-31,45399.84589999
matern32,trade25_borrow30,2012-04-30,45380.78903185
matern32,trade25_borrow30,2012-05-31,45482.43522418
matern32,trade25_borrow30,2012-06-30,45899.0784309
matern32,trade25_borrow30,2012-07-31,45885.23654482
matern32,trade25_borrow30,2012-08-31,45323.73700509
matern32,trade25_borrow30,2012-09-30,45225.39095045
matern32,trade25_borrow30,2012-10-31,45268.21723528
matern32,trade25_borrow30,2012-11-30,45548.37789121
matern32,trade25_borrow30,2012-12-31,45826.95536378
matern32,trade25_borrow30,2013-01-31,46531.99032589
matern32,trade25_borrow30,2013-02-28,47067.05534923
matern32,trade25_borrow30,2013-03-31,47463.84347612
matern32,trade25_borrow30,2013-04-30,48010.61948724
matern32,trade25_borrow30,2013-05-31,48482.41425698
matern32,trade25_borrow30,2013-06-30,49396.33022304
matern32,trade25_borrow30,2013-07-31,50439.70722577
matern32,trade25_borrow30,2013-08-31,50126.76913696
matern32,trade25_borrow30,2013-09-30,51051.40508427
matern32,trade25_borrow30,2013-10-31,52327.8045813
matern32,trade25_borrow30,2013-11-30,52647.7905862
matern32,trade25_borrow30,2013-12-31,52451.41587375
matern32,trade25_borrow30,2014-01-31,51959.19131416
matern32,trade25_borrow30,2014-02-28,51862.68563326
matern32,trade25_borrow30,2014-03-31,52512.19331951
matern32,trade25_borrow30,2014-04-30,52122.73899219
matern32,trade25_borrow30,2014-05-31,52317.04716193
matern32,trade25_borrow30,2014-06-30,52383.28659718
matern32,trade25_borrow30,2014-07-31,52256.40874581
matern32,trade25_borrow30,2014-08-31,52848.10782555
matern32,trade25_borrow30,2014-09-30,52687.40214149
matern32,trade25_borrow30,2014-10-31,53718.89563996
matern32,trade25_borrow30,2014-11-30,54427.29911772
matern32,trade25_borrow30,2014-12-31,54973.25653993
matern32,trade25_borrow30,2015-01-31,55476.61713567
matern32,trade25_borrow30,2015-02-28,56332.45546947
matern32,trade25_borrow30,2015-03-31,57174.00298707
matern32,trade25_borrow30,2015-04-30,57257.99613142
matern32,trade25_borrow30,2015-05-31,57264.58232328
matern32,trade25_borrow30,2015-06-30,57141.7222065
matern32,trade25_borrow30,2015-07-31,57644.70575625
matern32,trade25_borrow30,2015-08-31,56955.21326484
matern32,trade25_borrow30,2015-09-30,59135.28728291
matern32,trade25_borrow30,2015-10-31,61214.51461306
matern32,trade25_borrow30,2015-11-30,60679.78177511
matern32,trade25_borrow30,2015-12-31,60329.12944883
matern32,trade25_borrow30,2016-01-31,63342.76799452
matern32,trade25_borrow30,2016-02-29,63516.80065456
matern32,trade25_borrow30,2016-03-31,64080.63300808
matern32,trade25_borrow30,2016-04-30,62747.82816429
matern32,trade25_borrow30,2016-05-31,64726.05583505
matern32,trade25_borrow30,2016-06-30,65376.69665209
matern32,trade25_borrow30,2016-07-31,67093.82483405
matern32,trade25_borrow30,2016-08-31,66624.55279195
matern32,trade25_borrow30,2016-09-30,66113.44884143
matern32,trade25_borrow30,2016-10-31,68540.06631148
matern32,trade25_borrow30,2016-11-30,68264.90803042
matern32,trade25_borrow30,2016-12-31,69737.82444687
matern32,trade25_borrow30,2017-01-31,70812.8020026
matern32,trade25_borrow30,2017-02-28,70756.78266112
matern32,trade25_borrow30,2017-03-31,69677.85576066
matern32,trade25_borrow30,2017-04-30,70680.54075926
matern32,trade25_borrow30,2017-05-31,71313.26533073
matern32,trade25_borrow30,2017-06-30,71553.83978253
matern32,trade25_borrow30,2017-07-31,72539.80453131
matern32,trade25_borrow30,2017-08-31,71686.5174446
matern32,trade25_borrow30,2017-09-30,72777.37426965
matern32,trade25_borrow30,2017-10-31,74635.02639793
matern32,trade25_borrow30,2017-11-30,75236.37228678
matern32,trade25_borrow30,2017-12-31,75197.58991764
matern32,trade25_borrow30,2018-01-31,74044.18208152
matern32,trade25_borrow30,2018-02-28,73976.03423924
matern32,trade25_borrow30,2018-03-31,73918.23377508
matern32,trade25_borrow30,2018-04-30,73731.7414614
matern32,trade25_borrow30,2018-05-31,73377.70366415
matern32,trade25_borrow30,2018-06-30,74362.41640372
matern32,trade25_borrow30,2018-07-31,76169.67432732
matern32,trade25_borrow30,2018-08-31,76791.12531581
matern32,trade25_borrow30,2018-09-30,76124.78819869
matern32,trade25_borrow30,2018-10-31,76272.28572145
matern32,trade25_borrow30,2018-11-30,76325.20071285
matern32,trade25_borrow30,2018-12-31,77481.07322271
matern32,trade25_borrow30,2019-01-31,77761.3594419
matern32,trade25_borrow30,2019-02-28,78285.23954402
matern32,trade25_borrow30,2019-03-31,80167.59198574
matern32,trade25_borrow30,2019-04-30,80811.82357638
matern32,trade25_borrow30,2019-05-31,84337.91077971
matern32,trade25_borrow30,2019-06-30,85348.17176985
matern32,trade25_borrow30,2019-07-31,87872.6382058
matern32,trade25_borrow30,2019-08-31,90022.53607294
matern32,trade25_borrow30,2019-09-30,87987.65054026
matern32,trade25_borrow30,2019-10-31,90673.77096125
matern32,trade25_borrow30,2019-11-30,90683.55255778
matern32,trade25_borrow30,2019-12-31,88244.05235853
matern32,trade25_borrow30,2020-01-31,91003.13134718
matern32,trade25_borrow30,2020-02-29,86491.61893795
matern32,trade25_borrow30,2020-03-31,77712.03028299
matern32,trade25_borrow30,2020-04-30,82246.67843076
matern32,trade25_borrow30,2020-05-31,82453.844083
matern32,trade25_borrow30,2020-06-30,82570.34449952
matern32,trade25_borrow30,2020-07-31,84469.95098311
matern32,trade25_borrow30,2020-08-31,88592.41161875
matern32,trade25_borrow30,2020-09-30,85233.25797344
matern32,trade25_borrow30,2020-10-31,85757.2426251
matern32,trade25_borrow30,2020-11-30,91073.96635277
matern32,trade25_borrow30,2020-12-31,92274.0126505
matern32,trade25_borrow30,2021-01-31,81542.37584425
matern32,trade25_borrow30,2021-02-28,82201.17166948
matern32,trade25_borrow30,2021-03-31,84459.47623781
matern32,trade25_borrow30,2021-04-30,85672.99406268
matern32,trade25_borrow30,2021-05-31,87395.41986368
matern32,trade25_borrow30,2021-06-30,86765.53261531
matern32,trade25_borrow30,2021-07-31,88136.27756548
matern32,trade25_borrow30,2021-08-31,88487.47103778
matern32,trade25_borrow30,2021-09-30,88230.33326762
matern32,trade25_borrow30,2021-10-31,89475.1096607
matern32,trade25_borrow30,2021-11-30,90534.51636772
matern32,trade25_borrow30,2021-12-31,92874.75751456
matern32,trade25_borrow30,2022-01-31,94143.20642633
matern32,trade25_borrow30,2022-02-28,94737.26223973
matern32,trade25_borrow30,2022-03-31,94705.93394998
matern32,trade25_borrow30,2022-04-30,96843.530718
matern32,trade25_borrow30,2022-05-31,98443.10904105
matern32,trade25_borrow30,2022-06-30,97022.16234978
matern32,trade25_borrow30,2022-07-31,97955.36677782
matern32,trade25_borrow30,2022-08-31,96850.43907888
matern32,trade25_borrow30,2022-09-30,96785.4543447
matern32,trade25_borrow30,2022-10-31,101170.5181322
matern32,trade25_borrow30,2022-11-30,103708.4478033
matern32,trade25_borrow30,2022-12-31,104715.7932167
matern32,trade25_borrow30,2023-01-31,103040.6263493
matern32,trade25_borrow30,2023-02-28,104502.0757579
matern32,trade25_borrow30,2023-03-31,104774.6330655
matern32,trade25_borrow30,2023-04-30,104927.2658001
matern32,trade25_borrow30,2023-05-31,104453.0792758
matern32,trade25_borrow30,2023-06-30,106517.1627673
matern32,trade25_borrow30,2023-07-31,106882.8068475
matern32,trade25_borrow30,2023-08-31,109454.4869778
matern32,trade25_borrow30,2023-09-30,110326.6135497
matern32,trade25_borrow30,2023-10-31,111062.3802962
matern32,trade25_borrow30,2023-11-30,114649.0841559
matern32,trade25_borrow30,2023-12-31,114786.7246313
matern32,trade25_borrow30,2024-01-31,116926.7788745
matern32,trade25_borrow30,2024-02-29,117668.8141384
matern32,trade25_borrow30,2024-03-31,119402.507077
matern32,trade25_borrow30,2024-04-30,118918.8881789
matern32,trade25_borrow30,2024-05-31,119889.0099944
matern32,trade25_borrow30,2024-06-30,120413.9097291
matern32,trade25_borrow30,2024-07-31,122611.4451543
matern32,trade25_borrow30,2024-08-31,124869.8808215
matern32,trade25_borrow30,2024-09-30,125620.4125386
matern32,trade25_borrow30,2024-10-31,124712.0803291
matern32,trade25_borrow30,2024-11-30,127902.1422255
matern32,trade25_borrow30,2024-12-31,126975.0912949
matern32,trade25_borrow30,2025-01-31,129471.4919074
