environment,T,replication,lambda,complexity,regret,sharpe,pathwise_oracle_lambda,ensemble_oracle_complexity
N300,60,0,1.2742749857031322e-06,9.485201225423884,0.029655574631499815,0.052239398003369235,8.858667904100815e-06,0.11197032151027386
N300,60,1,0.01,0.01266519048965625,0.013892662268726208,0.022415924524621055,0.00042813323987193956,0.10595490299194095
N300,60,2,0.01,0.012476606579408543,0.013933865421413394,0.012883665016181645,6.951927961775606e-06,0.1045389534052075
N300,60,3,8.858667904100815e-06,3.07719403442208,0.05486128693046488,-0.0499850583546414,0.01,0.1194828130333133
N300,60,4,0.01,0.012279843924492351,0.013928787288530087,0.009100766175513739,3.792690190732246e-05,0.1031226904020206
N300,60,5,0.01,0.013440789176977518,0.013919993812556264,0.028835696081629603,8.858667904100815e-06,0.11181111017689965
N300,60,6,0.01,0.012909619618695163,0.013894934543974946,0.018044522345344222,0.0006951927961775591,0.10820200006190955
N300,60,7,0.01,0.012175214066197444,0.01395025401810257,-0.010093919710150114,0.01,0.10190789585208729
N300,60,8,8.858667904100815e-06,3.0463062150576388,0.013742784064634361,0.05869494885405521,2.976351441631313e-05,0.10257097969526119
N300,60,9,3.792690190732246e-07,17.57711983263407,0.10036603641681408,0.05467556542392355,5.455594781168514e-06,0.10500343444758639
N300,60,10,8.858667904100815e-06,3.1361412552963497,0.019390154201325616,0.0647455740295941,6.158482110660255e-05,0.12026332738733267
N300,60,11,0.01,0.01474880299600206,0.013938946331555901,0.006400761460317386,5.455594781168514e-06,0.12121677319550925
N300,60,12,1.2742749857031322e-06,9.427687668920104,0.02251465324033408,0.0844496863380606,5.455594781168514e-06,0.10877073166903545
N300,60,13,0.01,0.013840000328289196,0.013916508529739802,0.05907815179638736,1.8329807108324338e-05,0.11561728531775631
N300,60,14,2.6366508987303555e-06,6.357399268958029,0.05146169336661133,0.03730742027507752,0.0005455594781168515,0.11092745726145538
N300,60,15,0.01,0.01297346682038948,0.013936679284207276,0.0029088469544323353,0.002976351441631313,0.1079154091934459
N300,60,16,0.01,0.013398009980804164,0.013918770805807057,0.02733340552301502,1.8329807108324338e-05,0.11192954899028401
N300,60,17,6.158482110660254e-07,13.778117056065213,0.09659210854852207,0.04326701893298324,1.43844988828766e-05,0.1042647270767291
N300,60,18,2.6366508987303555e-06,5.9529140848677455,0.05131020294244515,0.046053373409007704,4.8329302385717524e-05,0.13191412766905183
N300,60,19,4.832930238571752e-07,16.34282834379978,0.0925932538873141,0.010069095845460637,0.01,0.1507626973326406
N300,60,20,1.2742749857031322e-06,9.448991388274303,0.02487193012697142,0.0991673662210588,8.858667904100815e-06,0.13435092518944425
N300,60,21,0.00016237767391887175,0.46145650873968264,0.012428020971747888,0.05656728171599691,6.951927961775606e-06,0.07972024565545865
N300,60,22,2.06913808111479e-06,6.7465316573699425,0.025675514640976504,0.029892554420125072,0.0001,0.10126370859648604
N300,60,23,0.00020691380811147902,0.4812002873124007,0.015680961849416142,-0.0038164979747339622,0.01,0.11409555282629762
N300,60,24,0.01,0.012952307377678853,0.013954494779202187,-0.03021110151954818,0.01,0.10825117423279829
N300,60,25,7.847599703514606e-05,0.9549335340986091,0.015528402013761045,0.01633078546963929,0.01,0.13613417766334698
N300,60,26,4.281332398719387e-06,4.683150506462324,0.07931931055885444,0.012667693656093833,0.01,0.10059650128838785
N300,60,27,3.792690190732246e-05,1.3905812364856796,0.02558964877538894,0.0046610087160044176,0.01,0.09275119297141357
N300,60,28,2.976351441631313e-07,20.661464853731744,0.17303342670089983,0.011024158159379984,0.01,0.12019793001641713
N300,60,29,4.281332398719387e-06,4.972669728330231,0.023662264736702965,0.09209305869593554,3.792690190732246e-05,0.1287629010736689
N300,60,30,0.00020691380811147902,0.5025169563824667,0.022260642394731245,-0.014569991524619186,0.01,0.12080264971536347
N300,60,31,6.158482110660255e-05,0.9167310232368182,0.02830137663021126,0.02932403207696225,0.0006951927961775591,0.08234520959064218
N300,60,32,0.00143844988828766,0.11159076048699167,0.013995820034677586,-0.004525628495643918,5.455594781168514e-06,0.13925534133638542
N300,60,33,0.01,0.012563663867778808,0.013903841114917603,0.051711369282329375,5.455594781168514e-06,0.10532118831321047
N300,60,34,0.01,0.012249644550745637,0.013841141495362974,0.01955413019505397,0.00143844988828766,0.10305494859180961
N300,60,35,3.792690190732246e-05,1.4397665060154647,0.047161448626851565,-0.0050801821184922515,0.01,0.11514834217292129
N300,60,36,0.01,0.009966683144755054,0.013939757489008997,0.004805692982476099,1.1288378916846883e-05,0.0848791258982709
N300,60,37,4.281332398719396e-08,40.852248129043815,0.5705582739597478,0.009638267242655802,0.0001274274985703132,0.1299410008666384
N300,60,38,1e-06,10.547732929075332,0.0413515860092587,0.08965080041808209,1.1288378916846883e-05,0.09828537583749768
N300,60,39,0.01,0.015136767122349383,0.013944347616733688,-0.004558416548317838,5.455594781168514e-06,0.1248882579055996
N300,60,40,0.01,0.013622095867648187,0.013933374302738,0.05361284496082483,8.858667904100815e-06,0.11369632004177352
N300,60,41,4.8329302385717524e-05,1.15977469884066,0.02651233582129675,-0.010044212692066071,0.01,0.0999000506697468
N300,60,42,1.8329807108324338e-05,2.1369689059101984,0.02941792713839908,-0.012902736765886678,0.01,0.11973611512956372
N300,60,43,7.847599703514606e-05,0.8675258687273146,0.026578725172334283,0.02755603294620156,0.0008858667904100832,0.0960411808645724
N300,60,44,1.2742749857031322e-06,9.31823354523055,0.04405752682508346,0.06096634416685951,0.01,0.09566309961571236
N300,60,45,0.01,0.016874835881818605,0.013898760552188638,0.042194247914864584,8.858667904100815e-06,0.13717752011907078
N300,60,46,0.01,0.014717863409308099,0.013836090454197869,0.02787955087132898,0.0005455594781168515,0.1227091718328886
N300,60,47,8.858667904100815e-06,3.0415228194082378,0.05307361037919722,0.04645906381518654,0.0011288378916846883,0.1218824656623979
N300,60,48,0.01,0.010830451978527915,0.013961619969705796,-0.01186954368458242,0.01,0.09165079896046466
N300,60,49,6.951927961775606e-06,3.622101651172032,0.06889407590264118,0.04152254720534758,0.01,0.12387328519343802
N300,60,50,3.359818286283781e-06,5.465811635703953,0.024183288303192385,0.05644551117827403,0.0003359818286283774,0.10132353575830796
N300,60,51,0.01,0.011251824248402428,0.013893597959990123,0.07794384211652795,1.1288378916846883e-05,0.09468629766645549
N300,60,52,0.01,0.013957288412128684,0.013953073540855176,-0.01443293018226087,0.01,0.11622781179399852
N300,60,53,1.43844988828766e-05,2.443996150632514,0.02843936767003863,0.029310481377775404,0.01,0.11952647058805238
N300,60,54,6.951927961775605e-08,35.78308271524469,0.4275045070357669,0.022549274768845714,0.01,0.10673299247480555
N300,60,55,1.43844988828766e-05,2.3832028730153487,0.019799175470425534,0.02528165029720236,0.01,0.09243349938851911
N300,60,56,0.01,0.01196466207695199,0.013920922975773076,0.025324124538629915,1.43844988828766e-05,0.10078186639530619
N300,60,57,1.438449888287663e-07,28.33240310693883,0.21398915630555793,0.04124675797461085,0.00042813323987193956,0.09927949134130318
N300,60,58,0.01,0.010969803702919084,0.01394767000515762,-0.003619919855996291,8.858667904100815e-06,0.09241122465928689
N300,60,59,8.858667904100815e-08,33.17886073661489,0.2693613297148735,0.017711565753478462,0.01,0.10429921972027001
N300,60,60,0.01,0.014342806964972477,0.01395399802344477,-0.011207051506552343,3.359818286283781e-06,0.1189559211233513
N300,60,61,6.158482110660255e-05,1.0087196734417605,0.03430326075767909,0.02746433104595401,0.0008858667904100832,0.09833342568133918
N300,60,62,0.01,0.01378099202513968,0.013872418837503231,0.03375692326812382,3.359818286283781e-06,0.11453336878066746
N300,60,63,0.01,0.013506525237460303,0.013923229611213062,0.06706928243712348,6.951927961775606e-06,0.1123604503436387
N300,60,64,0.0011288378916846883,0.10111604107272534,0.014412774817123997,-0.026049768052813945,0.01,0.10111604107272534
N300,60,65,6.158482110660255e-05,1.0805183847026472,0.02659722519876284,0.030768168327252574,0.0006951927961775591,0.10091867717794334
N300,60,66,0.01,0.012878271717260581,0.013908581914396256,0.03564434003009937,1.1288378916846883e-05,0.10780256374221553
N300,60,67,0.01,0.01289997071472276,0.01394066813733208,0.021375760479511716,1.1288378916846883e-05,0.1078264078718719
N300,60,68,0.01,0.018228902125654478,0.01387617582377454,0.04106684744841617,2.3357214690901213e-05,0.14754375466336986
N300,60,69,1.8329807108324338e-05,2.118181676193595,0.014174821302126994,0.06118921860684895,6.158482110660255e-05,0.11196927478538266
N300,60,70,0.00016237767391887175,0.5298581629473605,0.015384941814876485,-0.03265392730337007,0.01,0.0966774623366933
N300,60,71,8.858667904100815e-06,3.102601107157411,0.016993653368207906,0.06409677454714098,7.847599703514606e-05,0.11703013488865548
N300,60,72,1.8329807108324338e-05,2.0789024506370737,0.010232627049710286,0.0638711535806441,2.976351441631313e-05,0.11217360038064529
N300,60,73,1e-06,10.679499336394505,0.03393620540743736,0.08139901398154539,5.455594781168514e-06,0.10368101730981417
N300,60,74,1.438449888287663e-07,27.97454641897369,0.2907191354233566,0.0027951651896748935,0.01,0.11646642081190242
N300,60,75,2.3357214690901212e-07,22.550615699545578,0.16109425534530064,0.019251522267233586,0.01,0.10046210956275506
N300,60,76,1.2742749857031322e-06,9.393476388209434,0.075728678380243,0.00512396383079624,6.158482110660255e-05,0.13441730514484473
N300,60,77,0.01,0.014490548065643167,0.013922045882904022,0.06649510478138818,5.455594781168514e-06,0.12000144712394646
N300,60,78,0.01,0.01409060675745861,0.013979158318733531,-0.024453406059750188,0.01,0.11730852814545686
N300,60,79,0.00042813323987193956,0.27463856100424416,0.013455480936561903,0.023719000441061996,0.0006951927961775591,0.11424934820522253
N300,60,80,1e-06,11.086448614372257,0.06232876954690003,0.0006133942977968496,0.0006951927961775591,0.13953576252397148
N300,60,81,0.01,0.01066985636632762,0.013889088314406828,0.036037923798767434,4.8329302385717524e-05,0.09046571798730207
N300,60,82,4.8329302385717524e-05,1.178788177069757,0.018806121559362565,0.008928284773372541,0.01,0.11481896624070176
N300,60,83,3.792690190732246e-05,1.3089920455917143,0.024987113694060814,0.01561629297820232,0.01,0.08851861334798616
N300,60,84,5.455594781168514e-06,4.025077794274296,0.04854230345906296,-0.0016042284217043553,0.0001,0.11992462384162061
N300,60,85,0.01,0.014133390104342208,0.013919151390494156,0.0109146845790327,0.0011288378916846883,0.11709309301913579
N300,60,86,0.01,0.012866174721907323,0.013929056079033164,0.03704837258566381,1.1288378916846883e-05,0.10794001498730743
N300,60,87,1.1288378916846883e-07,30.521453001748405,0.24404426724161887,0.049233643811145804,1.8329807108324338e-05,0.11245466958064129
N300,60,88,3.359818286283781e-06,5.165368990816126,0.08234315760260091,-0.012412272745321553,0.0018329807108324375,0.09108082240666429
N300,60,89,6.951927961775606e-06,3.439043110018374,0.062039016443573014,0.023971345366044273,0.01,0.12335231911129607
N300,60,90,0.01,0.011137600695252324,0.013953083572731395,-0.006064797201170074,0.01,0.09355850788291958
N300,60,91,5.455594781168514e-06,3.9742323668234794,0.09944612214720394,0.010084289238964006,0.0011288378916846883,0.08024482301129104
N300,60,92,0.01,0.015452813293130302,0.013830234612756342,0.026196348355964787,0.0006951927961775591,0.12730252906889655
N300,60,93,0.01,0.012702948188918803,0.01395353615921946,-0.025015791125302087,0.01,0.1068653285678608
N300,60,94,2.3357214690901213e-05,1.8614996552116787,0.015130543919289141,0.05208178129633077,0.00026366508987303556,0.12542699745151858
N300,60,95,1.438449888287663e-07,27.742397473986355,0.254218502263431,0.07315739986038507,0.00042813323987193956,0.1011950233781292
N300,60,96,2.6366508987303555e-06,6.369337830764014,0.057019192790940365,-0.032760101113085464,0.01,0.1123879962692308
N300,60,97,0.01,0.01307830283851674,0.013875764358156295,0.02181969290911724,0.0006951927961775591,0.10929524997830985
N300,60,98,8.858667904100815e-08,32.98602199029838,0.251058603753466,0.00563706267244805,0.01,0.10799082999942558
N300,60,99,7.847599703514607e-07,12.462550978179538,0.08021479312769009,0.032263584440913394,0.01,0.10666067935749227
N300,60,100,0.0001,0.7803783534270831,0.01907641141566574,-0.009794262923180098,0.01,0.10705546397437826
N300,60,101,0.01,0.014429638115143445,0.013920229325823485,0.02431277373084574,3.792690190732246e-05,0.11902693285693358
N300,60,102,8.858667904100815e-06,3.0964337571483425,0.007738354646517287,0.07902371284492732,4.281332398719387e-06,0.11753855334543414
N300,60,103,0.01,0.012776020918178182,0.013971045384811087,-0.014429105846903673,0.01,0.10707513233310588
N300,60,104,4.281332398719387e-06,4.481939062382304,0.005605839508741273,0.09652643672416533,6.951927961775606e-06,0.0955326656694809
N300,60,105,0.01,0.0127499838432464,0.01391177405993349,0.04711723134611176,2.976351441631313e-05,0.10670173278027129
N300,60,106,1.8329807108324338e-07,24.141568474044295,0.3205737684042592,0.017453666128363705,0.0006951927961775591,0.07934858391845898
N300,60,107,1.2742749857031322e-06,9.61758964874193,0.037988430318457556,0.09327448636404805,8.858667904100815e-06,0.12290010060778904
N300,60,108,1.2742749857031322e-06,9.38648982171624,0.09346091814716295,-0.019268258014462303,0.0018329807108324375,0.100833807520054
N300,60,109,5.455594781168514e-06,4.063994946445442,0.04927130072475705,-0.0008366233567849434,0.01,0.09002612518773268
N300,60,110,6.158482110660254e-09,54.9176542374563,0.9691530889094763,0.013874358959676278,0.01,0.11122691308547811
N300,60,111,0.01,0.014298504047945793,0.013976116832375873,-0.03059281063256411,0.01,0.11830410616565815
N300,60,112,0.00143844988828766,0.11196833630839742,0.013502432903253925,0.031750921039736604,5.455594781168514e-06,0.13994945354511912
N300,60,113,3.792690190732246e-05,1.4533655670227836,0.02395024962905079,-0.01696714574441436,0.01,0.14137430988740474
N300,60,114,2.6366508987303555e-06,6.002671362275832,0.11959102636879948,-0.08188626681826029,0.01,0.11715820131585065
N300,60,115,0.01,0.011646758155895937,0.013882133252725137,0.04059921267965406,2.976351441631313e-05,0.09840919104407969
N300,60,116,1.1288378916846883e-05,2.546904572983655,0.03327367840147322,0.06061361141863793,0.0005455594781168515,0.10068024446985291
N300,60,117,0.01,0.014169063153310414,0.013943049041073574,-0.00018678525781683398,6.951927961775606e-06,0.11823297989173831
N300,60,118,0.01,0.012913865531891985,0.013870712942606667,0.021062995582096244,0.0006951927961775591,0.10765036998018741
N300,60,119,4.832930238571752e-07,15.778615004464074,0.15561115264380032,0.034041983154010386,0.01,0.10208231667793102
N300,60,120,3.359818286283781e-06,5.452134954128593,0.05197225156486762,0.024016229004517935,0.00042813323987193956,0.16344326875320167
N300,60,121,0.01,0.00979022716274187,0.013959181295665979,-0.03171250004787047,0.01,0.08333256277675782
N300,60,122,1.1288378916846883e-05,2.738805501349823,0.08289805024087105,-0.029760163671448767,0.01,0.09841322541511263
N300,60,123,0.01,0.00980998303292211,0.013945474894868748,-0.011003209303755842,0.01,0.08344433975962702
N300,60,124,0.01,0.009935668090236317,0.013981359490499723,-0.022400611012436795,0.01,0.08458793990848393
N300,60,125,1.2742749857031322e-06,9.60401521905784,0.09121672400978753,-0.009211690033750825,0.01,0.11211334038777662
N300,60,126,0.01,0.015263164955544407,0.013820813660275322,0.0239949090302011,0.0008858667904100832,0.1252029389005426
N300,60,127,2.6366508987303555e-06,5.972367384098909,0.03111349984285605,0.0755442698855487,1.8329807108324338e-05,0.08055551885005058
N300,60,128,6.158482110660255e-05,1.0553293664409789,0.01970029245414351,0.01933941399585638,0.0006951927961775591,0.11624475047936597
N300,60,129,3.792690190732246e-05,1.4182740499446607,0.03091745619266051,-0.00776560895275905,0.01,0.10472572701521496
N300,60,130,8.858667904100815e-06,3.2954429213297582,0.00280218852051628,0.10742126438033008,8.858667904100815e-06,0.10769653882072586
N300,60,131,0.01,0.01166639087420781,0.013866763142724725,0.022344008098755436,0.0006951927961775591,0.09827840895842437
N300,60,132,1.8329807108324338e-05,2.148081836397336,0.03787259385045749,0.005161203142743643,0.01,0.1125347664729065
N300,60,133,4.832930238571752e-07,16.185226861291948,0.09759925509494394,0.019108026249704185,0.00042813323987193956,0.12562666416635604
N300,60,134,7.847599703514607e-07,12.451197560749563,0.07617198032336592,0.08122884131045018,8.858667904100815e-06,0.13989347674800603
N300,60,135,1e-08,52.72496859845869,0.7570367225842655,0.00976412553222452,0.0008858667904100832,0.08768542164859153
N300,60,136,6.158482110660255e-05,1.0177793141397284,0.05039270612164015,-0.021371633373583634,0.01,0.10791079626106123
N300,60,137,3.792690190732246e-05,1.4883999200592677,0.027896410219753087,-0.027939199458247806,0.01,0.14939431556845573
N300,60,138,0.01,0.013183522054610406,0.01389210116762829,0.017310951509850257,0.0008858667904100832,0.11005674553816863
N300,60,139,0.0001274274985703132,0.6742436127533961,0.018170246370820098,0.027835318039553244,0.0006951927961775591,0.11012419500078892
N300,60,140,0.01,0.013250070591796982,0.013941817486609165,0.0008610914699443596,0.00784759970351459,0.11018253532646859
N300,60,141,0.0001,0.7029930498625678,0.01877867404192657,-0.04949998028747083,0.01,0.08749234845031133
N300,60,142,0.01,0.016240100279260622,0.013880299022892228,0.03862582134953543,6.951927961775606e-06,0.13278313336128938
N300,60,143,0.01,0.016829318301081413,0.013881874588531073,0.026412914851447925,5.455594781168514e-06,0.13730525880355196
N300,60,144,0.0006951927961775591,0.15471780657679646,0.015128969883680399,-0.018107161008372757,0.01,0.0986500891939546
N300,60,145,0.01,0.012541522033433974,0.01393540749092137,0.011790005408888398,0.0003359818286283774,0.10469157185900052
N300,60,146,1.2742749857031322e-06,9.419435604959018,0.035207966402138635,0.10797129950764156,6.158482110660255e-05,0.11062141560022307
N300,60,147,0.01,0.011704165831486094,0.013902903883485251,0.05427441825974804,6.158482110660255e-05,0.09847448198838962
N300,60,148,0.01,0.012293524458144462,0.013905753948736166,0.027583871030905347,6.158482110660255e-05,0.1031974427155177
N300,60,149,1e-12,59.99911825353837,1.017018328106574,-0.017446253852347292,0.01,0.13872569840808188
N300,60,150,0.00016237767391887175,0.5484615411511716,0.012869972014785347,0.036547990528302494,0.00026366508987303556,0.1052566445718651
N300,60,151,0.01,0.009348139745262999,0.013922111140594384,0.01728091743677755,0.0001,0.08006416890673732
N300,60,152,0.01,0.01206655919432301,0.013933625423451779,0.013370854108080104,0.00026366508987303556,0.10177403648079139
N300,60,153,0.01,0.014434109763915508,0.01405034821533191,-0.02490163461070386,0.01,0.11959189521014008
N300,60,154,2.976351441631313e-07,20.552547037355477,0.18907839775816793,0.07565045549302188,0.0001274274985703132,0.10517040063329282
N300,60,155,0.01,0.013908855382326887,0.013902411893407907,0.06861390391926522,2.3357214690901213e-05,0.11490005346727508
N300,60,156,0.01,0.015865328179892238,0.013899764072723197,0.0438020208190571,3.792690190732246e-05,0.1294351804436218
N300,60,157,2.3357214690901213e-05,1.837394922477861,0.03186383860695685,0.023063786880909785,0.0006951927961775591,0.10444861227807496
N300,60,158,5.455594781168514e-06,4.291653390105746,0.011768958751526615,0.06193182757404574,6.951927961775606e-06,0.11037727420408136
N300,60,159,0.0001,0.7563132983255769,0.015606916374476199,0.020682932413938752,0.0005455594781168515,0.10248102561830422
N300,60,160,0.01,0.015923782569214638,0.01395367163347061,-0.013692734666893512,0.01,0.13077843334318798
N300,60,161,0.01,0.014389624999299475,0.013981231189657994,-0.03464057384090624,0.01,0.11871340178123216
N300,60,162,8.858667904100815e-08,33.092790950634715,0.3068354968528463,0.01782165757505427,2.976351441631313e-05,0.11169184363268832
N300,60,163,4.832930238571752e-07,15.600945624497754,0.08477501606691107,0.0417014876382236,2.976351441631313e-05,0.09990800632157099
N300,60,164,0.0008858667904100832,0.14411858080042622,0.013810491871693586,0.014799129693973293,8.858667904100815e-06,0.115446943360293
N300,60,165,0.01,0.01664208099152984,0.013933080047381474,0.02247156399484133,2.976351441631313e-05,0.1361305308955416
N300,60,166,1e-06,10.80635016161752,0.06827197438890542,0.01399019643780749,0.00020691380811147902,0.10473920570173209
N300,60,167,0.01,0.01337953021811498,0.014015536697272402,-0.02473889391675713,0.01,0.11097071450131377
N300,60,168,0.00016237767391887175,0.5613944701187199,0.015127360078626473,0.004372059015852488,0.0011288378916846883,0.10644843787476105
N300,60,169,4.8329302385717524e-05,1.1510860636977376,0.018329897339692702,-0.0016883351058818205,0.01,0.09557447903655047
N300,60,170,7.847599703514606e-05,1.0220537047667135,0.024364463660742852,0.015118655371574382,0.00143844988828766,0.136386744961646
N300,60,171,0.01,0.009476997137802371,0.013945070456275022,-0.018907244772074793,0.01,0.08098413171341619
N300,60,172,2.3357214690901213e-05,1.9082627252665052,0.036645441092212905,0.009450283778446937,0.0011288378916846883,0.11609890555724561
N300,60,173,4.832930238571752e-07,15.932663251840308,0.2047911677533153,0.03099018227470898,0.01,0.105416193766617
N300,60,174,0.01,0.010032439727251572,0.013929722861518168,0.012167005664714878,8.858667904100815e-06,0.08555156600056707
N300,60,175,0.01,0.016613187615767955,0.013898222200892318,0.05912462003268964,2.976351441631313e-05,0.13582561694773615
N300,60,176,6.951927961775606e-06,3.500607628449221,0.05774084600053475,0.06254555670085964,0.0006951927961775591,0.1006388371436612
N300,60,177,1.438449888287663e-07,27.546454957203192,0.2815445153719146,0.031036593685989173,0.00016237767391887175,0.09441565020451863
N300,60,178,0.01,0.01472413398928336,0.01398444539946142,-0.014595796225204008,0.01,0.12174371503426427
N300,60,179,6.951927961775606e-06,3.630314667786266,0.021423951559122467,0.06334524357408201,0.0003359818286283774,0.0949659715532586
N300,60,180,4.281332398719387e-06,4.7844728251719,0.039048598988925876,0.07262582933960256,7.847599703514606e-05,0.12137507641837539
N300,60,181,0.01,0.0102769116675037,0.013950646571155079,-0.015682101153079095,0.01,0.08686653451176772
N300,60,182,0.01,0.012735259577399193,0.013878415276442957,0.02580299216010637,0.0003359818286283774,0.10638872972740397
N300,60,183,0.01,0.01688635539106522,0.013960917861864819,-0.009706968300381197,0.01,0.13735208714186486
N300,60,184,0.01,0.01036392043725869,0.013826353851187134,0.026491608249053483,0.0008858667904100832,0.08826985886628272
N300,60,185,1.8329807108324338e-07,25.32811044960618,0.14521269439063011,0.030516424564906726,6.158482110660255e-05,0.1029130475784244
N300,60,186,5.455594781168514e-06,3.9524437354230475,0.043249001555710875,0.053177497987400846,0.0005455594781168515,0.10234654370912433
N300,60,187,0.002335721469090121,0.04628865359659265,0.013637081214832425,0.03781472345052327,7.847599703514606e-05,0.09312925411391448
N300,60,188,0.01,0.012381306357426666,0.013889551372614162,0.07430602040124412,2.976351441631313e-05,0.1037124094297771
N300,60,189,0.0006951927961775591,0.18595542331038767,0.013519338880880305,0.02532894027801636,5.455594781168514e-06,0.11975887049092301
N300,60,190,0.0001,0.7067740584810569,0.04400477168926298,0.0244751285819402,0.00143844988828766,0.09347788242570397
N300,60,191,0.01,0.011829094541102581,0.013997586714087462,-0.01941833971327968,0.01,0.0997388045439053
N300,60,192,2.3357214690901213e-05,1.8683977296381453,0.010949054881327691,0.057769268143915475,1.43844988828766e-05,0.12794751794505707
N300,60,193,2.976351441631313e-07,20.418218563290516,0.13309960488564,0.01843516540015456,2.976351441631313e-05,0.10477319857342873
N300,60,194,2.976351441631313e-07,20.278715635146103,0.16195428823135483,0.06440973028982416,4.8329302385717524e-05,0.09781949110784696
N300,60,195,0.01,0.016613085424212002,0.013926338721114373,0.04357747253516298,6.951927961775606e-06,0.13523879031060893
N300,60,196,7.847599703514607e-07,12.331770965392295,0.07598922929784979,0.07776096241620781,0.0005455594781168515,0.1101857094830033
N300,60,197,2.3357214690901212e-07,22.98773312017408,0.2559375063377426,-0.006674558484004226,0.01,0.09627939623730945
N300,60,198,0.01,0.013188923825288124,0.013900507556562025,0.06915812771169846,8.858667904100815e-06,0.11070402026776882
N300,60,199,2.976351441631313e-07,20.61620362548991,0.10517165641764026,0.051654602150168386,0.0005455594781168515,0.11376524213449056
N300,90,0,1e-06,11.352159857825447,0.040055804202464684,0.03556503140810765,1.43844988828766e-05,0.1674296486825839
N300,90,1,6.951927961775606e-06,3.572079477724354,0.015271927917042682,0.055907432205341084,0.0003359818286283774,0.1577939733871298
N300,90,2,8.858667904100815e-06,3.1016767337825675,0.009400541157147835,0.06805643247409594,4.281332398719387e-06,0.16944489988064537
N300,90,3,0.01,0.014758417570485037,0.01394063228117659,0.001581427377637803,0.006158482110660254,0.18813018563682887
N300,90,4,1.6237767391887209e-06,8.433916040001938,0.04429885712684667,0.08132229049848376,4.8329302385717524e-05,0.16987266438281085
N300,90,5,7.847599703514607e-07,12.951411273871326,0.04136095086208458,0.07316634625555393,6.951927961775606e-06,0.1625409173445743
N300,90,6,0.01,0.012856500343353814,0.013940545650909186,0.017146378426159993,8.858667904100815e-06,0.16805789067475319
N300,90,7,0.01,0.013444505369831024,0.013940539258417095,0.002917499419981504,8.858667904100815e-06,0.17416318061700464
N300,90,8,0.01,0.012996075955460403,0.013899527728068906,0.024286271584619757,0.00026366508987303556,0.17050429991187627
N300,90,9,0.0001274274985703132,0.6344718205606212,0.012284817897834088,0.057156982496409756,2.3357214690901213e-05,0.15983752732437484
N300,90,10,0.01,0.01580637569443164,0.013889194005245242,0.02794007154415556,4.281332398719387e-06,0.19985845325163143
N300,90,11,0.01,0.014096302344746627,0.013920388483900314,0.03867079736002386,5.455594781168514e-06,0.1814680178957695
N300,90,12,0.01,0.01343978506192773,0.013921077423252326,0.09502450234152422,3.359818286283781e-06,0.17519938911255797
N300,90,13,1.43844988828766e-05,2.4320877496921893,0.013494697428212743,0.04285191173736799,2.976351441631313e-05,0.1702045038528306
N300,90,14,0.01,0.01319843621068633,0.01391164166615555,0.03632236637315877,1.1288378916846883e-05,0.17229004981089907
N300,90,15,0.01,0.013642264357670016,0.013986920352949128,-0.014409904385245559,0.01,0.17630542034444202
N300,90,16,0.01,0.013464422739112632,0.013912521961278013,0.0463174246006838,4.281332398719387e-06,0.17527266041443892
N300,90,17,0.01,0.01324954943689662,0.013944995883339861,-0.005358342620491222,4.281332398719387e-06,0.17207194174203017
N300,90,18,1.1288378916846883e-05,2.691147760017075,0.017417617610818836,0.0448979462536201,7.847599703514606e-05,0.20525594603483294
N300,90,19,0.01,0.01684363530134124,0.013958463075903205,-0.04468388128220013,0.01,0.210610507877839
N300,90,20,2.6366508987303555e-06,6.416052882770642,0.009606602613188464,0.10931062477611773,6.951927961775606e-06,0.20248055028917825
N300,90,21,0.01,0.011113576181852675,0.013943475929004134,-0.0018581647784447722,0.01,0.1485111108941312
N300,90,22,0.01,0.01327887411809462,0.013955331357915601,-0.022454747642704682,0.01,0.17255374821080927
N300,90,23,2.6366508987303555e-06,6.400325889520563,0.014182513172860456,0.07038421355198018,1.43844988828766e-05,0.17800563322497204
N300,90,24,0.01,0.01297759794210674,0.013951659532639993,-0.009377756348711139,4.281332398719387e-06,0.16935101204948116
N300,90,25,2.06913808111479e-06,7.436104460516098,0.019332163099979538,0.05339805786514984,8.858667904100815e-06,0.21012393980494715
N300,90,26,0.01,0.011835603940497454,0.013963618975192271,-0.011925680634699487,0.01,0.15649914388647237
N300,90,27,0.01,0.011863697683738343,0.01393221368003128,0.008931413236419175,1.43844988828766e-05,0.15688421207384884
N300,90,28,0.01,0.014262044398857978,0.0139603999044694,-0.0051576632677635395,0.01,0.1838479516979424
N300,90,29,6.158482110660254e-07,15.503290688250134,0.049066783443032835,0.09397289617296734,1.43844988828766e-05,0.19478176293732047
N300,90,30,2.976351441631313e-07,22.266522885268447,0.17471362084525233,0.05667661683744212,0.01,0.18993418754182584
N300,90,31,0.01,0.01133914775582293,0.013871353294787947,0.03244064585018735,5.455594781168514e-06,0.14977423877306653
N300,90,32,2.3357214690901212e-07,24.994291824099527,0.12613607223602374,0.03845491881790682,0.01,0.19213986906789945
N300,90,33,5.4555947811685146e-08,45.49551341999131,0.39732907426022435,0.028043338908675653,5.455594781168514e-06,0.15358377844395332
N300,90,34,0.0006951927961775591,0.1721440434579508,0.01349046087370498,0.02194726892135369,0.0008858667904100832,0.1721440434579508
N300,90,35,0.01,0.012804534914509322,0.013992952447903106,-0.016826795575526098,0.01,0.16796277497534157
N300,90,36,0.01,0.010606854286419335,0.013944530984430936,-0.0018387578251524372,6.951927961775606e-06,0.14209378863545097
N300,90,37,4.281332398719387e-06,4.834941191533435,0.06935792691510045,0.05096235010357449,7.847599703514606e-05,0.18871569088399492
N300,90,38,1.1288378916846883e-07,33.997547799576125,0.2249673157605402,0.03656732791626873,6.951927961775606e-06,0.14843749689755642
N300,90,39,4.832930238571752e-07,17.10382714642155,0.05709311062116462,0.0704435657705864,6.951927961775606e-06,0.1799486819451378
N300,90,40,1e-06,11.419789497911157,0.046368104167605506,0.04565219062317831,0.01,0.16521071820417524
N300,90,41,2.976351441631313e-05,1.5909953355883009,0.043874160525891104,-0.004090005988674246,0.01,0.15897275079245743
N300,90,42,2.3357214690901213e-05,1.8655079806250618,0.031041178228219724,-0.023269062494768785,0.01,0.16892750939021903
N300,90,43,0.00020691380811147902,0.46500717636268585,0.014370799595184613,0.024303827676909633,0.0006951927961775591,0.1691870211333572
N300,90,44,0.01,0.011470867495068123,0.01394543785171043,-0.007559509949470933,8.858667904100815e-06,0.15239132834714858
N300,90,45,0.0003359818286283774,0.3821447017999608,0.013427099916383356,0.023351536864067764,5.455594781168514e-06,0.21033850935913406
N300,90,46,2.06913808111479e-06,7.6572060928117684,0.057526817909698935,-0.003839437803462391,0.0005455594781168515,0.20320077832800967
N300,90,47,0.01,0.013822924430877702,0.013847554486514424,0.030842665818413748,0.0003359818286283774,0.17832336519075648
N300,90,48,1.8329807108324338e-05,2.1137860053612196,0.007996827174445165,0.08104429518342714,5.455594781168514e-06,0.1685335036375909
N300,90,49,0.01,0.012561478546912048,0.013936864524553783,0.01662026534883036,8.858667904100815e-06,0.16495524562788139
N300,90,50,2.3357214690901212e-07,24.866416605748434,0.10189619427775287,0.06092592171348162,6.951927961775606e-06,0.15730568795213232
N300,90,51,4.281332398719387e-06,4.823141722947382,0.0026648419397933276,0.10942161981715058,6.951927961775606e-06,0.15005844534594937
N300,90,52,3.792690190732246e-07,19.836603368225468,0.12389999281368624,0.06477206806018057,0.01,0.19091376706674257
N300,90,53,2.976351441631313e-07,22.24631627077154,0.2010460672260882,0.03230938974262419,7.847599703514606e-05,0.17642423422172807
N300,90,54,1.438449888287663e-07,31.61580667800944,0.21185571453720387,0.03424412728310523,1.1288378916846883e-05,0.17044255249944665
N300,90,55,2.06913808111479e-06,7.463248057307175,0.01989467260040778,0.07056736682112458,0.00020691380811147902,0.16277763345241142
N300,90,56,0.01,0.014613289752710477,0.013861087702231156,0.03842766463813734,1.8329807108324338e-05,0.18791093992603786
N300,90,57,5.455594781168514e-06,4.216045513689533,0.02913975668171187,0.06581255308044699,0.0005455594781168515,0.1768114573374206
N300,90,58,0.00020691380811147902,0.4415529796754911,0.014165780042308174,-0.0026237718983230193,5.455594781168514e-06,0.1581095618909767
N300,90,59,0.01,0.014143757990424301,0.013910810809532825,0.053827169644009666,3.792690190732246e-05,0.18288203106169698
N300,90,60,1.438449888287663e-07,30.824877393514395,0.13986427176223992,0.057353442534521404,2.6366508987303555e-06,0.16806313768417336
N300,90,61,0.01,0.012043063265047012,0.013894690519476116,0.04338813393283502,1.43844988828766e-05,0.15846848960835977
N300,90,62,3.359818286283781e-06,5.519080827824771,0.007766998890352372,0.09425422078801794,5.455594781168514e-06,0.17400988058619515
N300,90,63,0.01,0.013380548785154812,0.0139005957014261,0.03006172965589765,5.455594781168514e-06,0.17424860371431974
N300,90,64,7.847599703514607e-07,12.851687809991084,0.04056572725733176,0.06616811649986075,0.01,0.16767053549711508
N300,90,65,0.01,0.011994510768401226,0.013915970064406369,0.022780109461181017,0.00016237767391887175,0.1594474942999378
N300,90,66,0.01,0.012380229033312894,0.013914462196939481,0.031222991191409245,6.951927961775606e-06,0.16336981165875414
N300,90,67,1.8329807108324338e-05,2.1085629518252187,0.012136565880382921,0.04425885204860471,5.455594781168514e-06,0.16919446305810495
N300,90,68,2.6366508987303555e-06,6.5009471184585275,0.026727037833369383,0.07363780657984166,2.976351441631313e-05,0.21553391530147858
N300,90,69,0.01,0.011990053893522918,0.01388130356745354,0.049035343128857684,6.951927961775606e-06,0.15876660743920423
N300,90,70,0.01,0.013421172175771347,0.013935221520076424,0.008018699429046811,0.0006951927961775591,0.1750682500567421
N300,90,71,7.847599703514607e-07,12.98582874424459,0.06617273966483628,0.05053506133025908,6.158482110660255e-05,0.1833185116052049
N300,90,72,0.01,0.014422099698226748,0.01391744421237251,0.040211335185103454,5.455594781168514e-06,0.18600162783791352
N300,90,73,0.01,0.01283228381248662,0.013919356705286323,0.06032460169038289,5.455594781168514e-06,0.16736982306393855
N300,90,74,0.01,0.014201207618902997,0.01398514642034654,-0.029524035498502105,0.01,0.18181068716895513
N300,90,75,0.0003359818286283774,0.2962997426114764,0.014853362093239952,-0.012809178282234249,0.01,0.15538564206599154
N300,90,76,5.455594781168514e-06,4.1473025755321515,0.0340618631567694,0.060774633469932705,6.158482110660255e-05,0.20170315806080547
N300,90,77,5.4555947811685146e-08,45.53424266775475,0.3068581064618542,0.03530770059816977,4.281332398719387e-06,0.17761783817220375
N300,90,78,8.858667904100815e-06,3.212305584125792,0.017032110860329408,0.02519677478845868,0.01,0.17707193643720076
N300,90,79,0.01,0.01466607826027619,0.01388619210172104,0.02167557142091235,0.0005455594781168515,0.18933948393580927
N300,90,80,0.01,0.01593519718131546,0.013916109311805647,0.0248100869333864,8.858667904100815e-06,0.20174615634833076
N300,90,81,2.976351441631313e-05,1.552561315559461,0.02209755754737508,0.02397586170798019,0.0005455594781168515,0.15092178978606358
N300,90,82,4.281332398719387e-06,4.5481785953462115,0.020611550745656904,0.0601548470064159,2.976351441631313e-05,0.18161912924898727
N300,90,83,1.1288378916846883e-07,33.955942304775185,0.1747170316886083,0.060460522161028395,3.792690190732246e-05,0.15909903335876133
N300,90,84,1.8329807108324338e-05,2.0572005199363765,0.01806030996976682,0.010782475650787401,0.01,0.1786437819437477
N300,90,85,0.01,0.012899577220438815,0.013896483037014185,0.040035573144586625,5.455594781168514e-06,0.16877333163803032
N300,90,86,3.359818286283781e-06,5.528925520552993,0.021771575920579544,0.051247514232816704,0.0003359818286283774,0.15731795261204445
N300,90,87,3.792690190732246e-05,1.389024332884765,0.014712460754715218,0.05138423760811825,0.00026366508987303556,0.17248677287960051
N300,90,88,2.06913808111479e-06,7.1544756118317965,0.05200176967810399,-0.014322747747588252,0.00143844988828766,0.1529630502863797
N300,90,89,0.01,0.014311955704293952,0.013973584536314143,-0.012928505341544322,0.01,0.18446240345636347
N300,90,90,0.01,0.011661359764768228,0.013933491494741768,0.057616770283808474,4.281332398719387e-06,0.15327822934911392
N300,90,91,7.847599703514606e-05,0.8208340500392257,0.023380527397564133,0.021564322983847334,0.0008858667904100832,0.13577148438425668
N300,90,92,0.0003359818286283774,0.36197709010561363,0.013879267863054046,0.023626587204999442,0.0006951927961775591,0.19631393956042398
N300,90,93,7.847599703514607e-07,12.877268400169655,0.06613356560092398,0.07660676732877793,0.0008858667904100832,0.1772209480034369
N300,90,94,6.951927961775606e-06,3.7128284937437215,0.030088135385093584,0.06453742781605953,0.00042813323987193956,0.1923627451538842
N300,90,95,0.01,0.01227474938760602,0.013906133712011659,0.034985147765897354,4.281332398719387e-06,0.16193803047925426
N300,90,96,0.00020691380811147902,0.4894230976232019,0.014149098287169815,0.006138743455938345,0.0006951927961775591,0.18046284627864054
N300,90,97,0.0003359818286283774,0.3316053622807863,0.01383270501154732,0.014154790349352778,0.0006951927961775591,0.17715786733970412
N300,90,98,7.847599703514607e-07,13.196106059684958,0.09190195553401936,0.04378061876076599,0.01,0.16526667796610447
N300,90,99,4.281332398719387e-06,4.737374202263957,0.07089053462641737,-0.019093922792245355,0.01,0.17610172936884158
N300,90,100,7.847599703514607e-07,13.245803133298338,0.04733224617113663,0.05665418891678894,1.1288378916846883e-05,0.17193072631702253
N300,90,101,1e-06,11.036435639952874,0.05228605077043602,0.06113344860532859,3.792690190732246e-05,0.17790538987635274
N300,90,102,1.438449888287663e-07,31.035634839420517,0.20007588613864524,0.0003791461477906849,0.01,0.1661516341707468
N300,90,103,3.359818286283781e-06,5.483950685296003,0.046870455892357055,0.04174919305364648,0.01,0.17222610233649988
N300,90,104,0.01,0.011019576486583384,0.013921426602846454,0.06679166134506759,4.281332398719387e-06,0.14613120697033527
N300,90,105,2.976351441631313e-05,1.57986377609779,0.02358435295688943,0.036183730730415815,0.0005455594781168515,0.16152618037444383
N300,90,106,0.01,0.0104035281266542,0.013912230245841761,0.050944931223984066,3.792690190732246e-05,0.13975553820616327
N300,90,107,2.0691380811147902e-08,60.79448081511599,0.5400371327795249,6.205605160612804e-05,8.858667904100815e-06,0.177238593984502
N300,90,108,0.01,0.01175965529760033,0.01391195096599851,0.01511974570058087,0.0006951927961775591,0.15423906775869975
N300,90,109,4.281332398719396e-08,49.52155771113947,0.46057590274552906,0.01769143409400621,0.01,0.14745148894910387
N300,90,110,0.01,0.013835586652419778,0.013958292243205217,-0.010297527203519332,3.359818286283781e-06,0.1788172114060167
N300,90,111,0.01,0.012962153713044329,0.013970859914408496,-0.037799419661643754,0.01,0.16884515218820262
N300,90,112,3.792690190732246e-07,19.738770263479296,0.07806888110161092,0.09875696508189036,1.1288378916846883e-05,0.18903475922203583
N300,90,113,4.281332398719396e-08,49.37333114515708,0.36293365768715613,-0.008721017557378016,8.858667904100815e-06,0.20249617631870656
N300,90,114,0.01,0.013292151766575576,0.013976896751395684,-0.050152194262341306,0.01,0.17393792175293762
N300,90,115,3.792690190732246e-05,1.3797082804500413,0.015078149520978301,0.03630581944586724,0.00020691380811147902,0.15586853099523093
N300,90,116,7.847599703514606e-05,0.8786826339490025,0.013532956127977447,0.028952554429272987,2.3357214690901213e-05,0.16469843208973364
N300,90,117,2.976351441631313e-07,22.359897039432102,0.12440521281324435,0.06431494256449206,0.0011288378916846883,0.16442616038918811
N300,90,118,2.06913808111479e-06,7.316708803431803,0.06143154765726144,0.02184676760186739,0.0008858667904100832,0.17882888392402752
N300,90,119,6.951927961775606e-06,3.471607552938517,0.03765077414194662,0.03204195542370249,0.01,0.1585621815607138
N300,90,120,7.847599703514606e-05,0.9939403628403485,0.018379130227269447,-0.020562801346697183,0.01,0.2190971851608896
N300,90,121,0.01,0.01204068352418117,0.013930896662233794,0.027737287809981602,6.158482110660255e-05,0.15830837642521606
N300,90,122,0.01,0.01128799672480425,0.013987775800329172,-0.025612375600952166,0.01,0.14973386954648912
N300,90,123,1.2742749857031322e-06,9.906847181917612,0.028164502999212915,0.07396140223091582,6.951927961775606e-06,0.14871312262225528
N300,90,124,0.01,0.010541582976093247,0.013973806900402175,-0.01923615911018861,0.01,0.14094771371927856
N300,90,125,1.6237767391887209e-06,8.680654584317399,0.07319906937330856,0.011396935441199548,0.0011288378916846883,0.20457760574843772
N300,90,126,4.8329302385717524e-05,1.210664824693308,0.02059530111124508,0.027368352014564865,0.0005455594781168515,0.17629328622985516
N300,90,127,6.158482110660255e-05,0.986845776875077,0.0352723047524196,-0.007127479959551231,0.01,0.1453674989961922
N300,90,128,2.3357214690901212e-07,24.683790888908085,0.16057592045681834,0.03145612450229382,1.1288378916846883e-05,0.1730693406844679
N300,90,129,0.01,0.011214000212523518,0.013966655622688173,-0.01953866188362168,0.01,0.14925491028494497
N300,90,130,0.01,0.01301678130212686,0.013902788714800551,0.09026100052772111,5.455594781168514e-06,0.17095092232343573
N300,90,131,0.01,0.013311647090997206,0.013896336239810458,0.02635736611478306,1.43844988828766e-05,0.17361594699491495
N300,90,132,0.01,0.014340982525126042,0.0139504254899242,-0.007343592535810767,0.01,0.1844813520108719
N300,90,133,4.832930238571752e-07,17.249626047896303,0.09696402453486075,0.027304268005977177,1.8329807108324338e-05,0.18777235499405898
N300,90,134,0.01,0.015080830409138303,0.013884685446588496,0.03508922271910026,6.951927961775606e-06,0.1918240473831049
N300,90,135,2.976351441631313e-07,22.063298453796087,0.13655674676852836,0.050491352612775306,0.00026366508987303556,0.14489519344579455
N300,90,136,0.002976351441631313,0.05012211148252024,0.014340399215114874,-0.020021864116390606,0.01,0.19389725445891087
N300,90,137,0.00042813323987193956,0.32361411346674185,0.015448319912683917,-0.016074959354681496,0.01,0.21660560930219444
N300,90,138,0.01,0.01325743006385377,0.01390890488817742,0.021622512685091588,2.6366508987303555e-06,0.17217030611697032
N300,90,139,0.0001274274985703132,0.6774874589940014,0.017238322600498956,0.02213320750411347,0.0008858667904100832,0.1747613963222766
N300,90,140,6.158482110660255e-05,1.080053465037663,0.015277960090451015,-0.005238446458480455,0.0006951927961775591,0.18552303116166005
N300,90,141,0.0003359818286283774,0.3005157130606704,0.014834479152334601,-0.04916269591363428,0.01,0.15882889604063377
N300,90,142,6.158482110660254e-07,15.001074118316561,0.0705858047306166,0.07068361927411948,0.00026366508987303556,0.19474234826525685
N300,90,143,3.792690190732246e-05,1.4410964589206539,0.016216942169601123,0.0349281468026923,0.00042813323987193956,0.1910633587781281
N300,90,144,0.0001274274985703132,0.6309716672561908,0.01878644253379147,-0.014571680759442263,0.01,0.1531804526148994
N300,90,145,1.6237767391887209e-06,8.544618220799599,0.06008690619883661,-0.002764150756341007,0.01,0.16691752216054678
N300,90,146,3.792690190732246e-05,1.4056101004785697,0.017496127054539623,0.05246550415704038,0.00042813323987193956,0.18037817954005317
N300,90,147,4.832930238571752e-07,16.9435716861207,0.09386027086843607,0.04382031383767507,0.01,0.1637329220081938
N300,90,148,0.01,0.01276238278061316,0.013915127902473734,0.028701113964196764,1.43844988828766e-05,0.16652555445407155
N300,90,149,0.01,0.016098306356542795,0.013944349463194006,-0.009104710641620209,0.01,0.2029728444422833
N300,90,150,2.06913808111479e-06,7.340486888927796,0.0232025291992205,0.09088165627184258,1.43844988828766e-05,0.1539969602757567
N300,90,151,0.01,0.01135416526552335,0.013950766851119067,-0.011208698098604737,0.01,0.15092690773103704
N300,90,152,0.01,0.012375832933146015,0.013934790858214696,0.025941376793633467,3.359818286283781e-06,0.1633616664607217
N300,90,153,6.158482110660255e-05,1.1002446228372984,0.02065920274093258,-0.027754954341934427,0.01,0.18108739006306307
N300,90,154,0.01,0.011836609332317323,0.013894417134895143,0.07131307212319633,2.976351441631313e-05,0.1563910762080382
N300,90,155,1.8329807108324338e-05,2.102047358734052,0.009825637604812365,0.06796879699045534,2.976351441631313e-05,0.1897336953043583
N300,90,156,0.01,0.014212247988358725,0.013934664485666048,0.030861045527470387,1.8329807108324338e-05,0.1823873553092591
N300,90,157,0.01,0.012632767329026413,0.013930686599239905,0.015694641486378877,0.00026366508987303556,0.16554649548274392
N300,90,158,4.832930238571752e-07,17.268943235455502,0.08733282318855895,0.06095926813139924,6.951927961775606e-06,0.15766370679119013
N300,90,159,0.01,0.010217862519441897,0.013897953147408937,0.035272603610611256,6.951927961775606e-06,0.13732180100619074
N300,90,160,0.01,0.01603129805527869,0.013928347662298335,0.018657367658376455,4.281332398719387e-06,0.20308029132223068
N300,90,161,7.847599703514606e-05,0.958446615156366,0.017837493465424292,-0.018216380960776296,0.01,0.1992837550669975
N300,90,162,1.1288378916846883e-05,2.768934909828126,0.013917975530755688,0.06313800461908577,6.158482110660255e-05,0.1738795458353764
N300,90,163,3.792690190732246e-05,1.3984416205996038,0.009689763186139011,0.0665753100236918,2.3357214690901213e-05,0.16128813474543224
N300,90,164,2.06913808111479e-06,7.035870397705805,0.011769762169167697,0.10544703650020337,6.951927961775606e-06,0.16440209504429604
N300,90,165,2.06913808111479e-06,7.506288594773283,0.01991131205951635,0.04484939516279443,8.858667904100815e-06,0.18604447303511376
N300,90,166,7.847599703514606e-05,0.9618974285592377,0.013177452834940095,0.029854017930953013,0.0001274274985703132,0.17652626353540346
N300,90,167,2.6366508987303555e-06,6.356420803239429,0.06858776308215575,-0.028383449921023422,0.01,0.15745446308654798
N300,90,168,0.01,0.011648100720217708,0.013963980456122571,-0.042764513924728874,0.01,0.15465866905434933
N300,90,169,0.01,0.011029200520159294,0.013921137044825782,0.0773401625047895,5.455594781168514e-06,0.1463379879771055
N300,90,170,0.01,0.015005589061187001,0.013884442135481123,0.020665223486902345,0.0005455594781168515,0.19261588428927282
N300,90,171,8.858667904100815e-06,3.145772661858409,0.014719215697726162,0.024160719401241905,0.01,0.14720868195419112
N300,90,172,4.832930238571752e-07,17.25524499096585,0.11661233606773902,-0.03579504484786468,0.00143844988828766,0.18180841902185974
N300,90,173,6.158482110660255e-05,1.038036379987497,0.0350712586556029,-0.0030563588023104766,0.01,0.15959437415650535
N300,90,174,6.158482110660254e-07,15.275198399074476,0.059280179042399905,0.07153500839264776,1.8329807108324338e-05,0.14094799340236003
N300,90,175,1.1288378916846883e-07,34.548015306690466,0.17855774186917406,0.016545061465131034,5.455594781168514e-06,0.1949462811418562
N300,90,176,0.0005455594781168515,0.20247337506174243,0.013228074417526381,0.027354454187401813,0.0006951927961775591,0.16275461460092103
N300,90,177,0.01,0.01063719811698354,0.013927065040902131,0.037403776837641504,4.281332398719387e-06,0.14204498172114907
N300,90,178,1.1288378916846883e-07,35.06874656456615,0.21728306023700406,0.03134454703700078,0.01,0.21156883852197397
N300,90,179,0.01,0.011584589712381084,0.013878965194873638,0.03314521432688696,0.00016237767391887175,0.15476598219552118
N300,90,180,0.01,0.015006448308297119,0.01392552099341915,0.0748486183921195,5.455594781168514e-06,0.19307039193877235
N300,90,181,0.01,0.010824653085232153,0.013936378213206257,0.005769423289556507,0.0011288378916846883,0.1435331558154379
N300,90,182,7.847599703514607e-07,12.897106509009854,0.06597742702077813,0.0645385476600584,0.0005455594781168515,0.1566382820957256
N300,90,183,0.01,0.015930880100909997,0.013916019334829999,0.031923736577910075,3.792690190732246e-05,0.20129603294918585
N300,90,184,1.438449888287663e-07,31.24651078863534,0.2393224316124406,0.03472332085184934,0.0011288378916846883,0.1528984556358383
N300,90,185,6.158482110660254e-07,15.204909058879913,0.050919469914295745,0.0267883919523314,1.1288378916846883e-05,0.1688066725939568
N300,90,186,1.1288378916846883e-07,34.29868961157473,0.18198477441662775,0.05339951486236583,2.976351441631313e-05,0.16203769049075736
N300,90,187,8.858667904100815e-06,3.0901221984875638,0.01808001344356558,0.07813423731562441,3.792690190732246e-05,0.17867018994147854
N300,90,188,2.3357214690901213e-05,1.802558892900667,0.0067186627488083905,0.08600940280507915,1.43844988828766e-05,0.16732391678404515
N300,90,189,8.858667904100815e-08,38.778129016270036,0.2376095477540724,0.008100235790679665,0.00026366508987303556,0.1757255269639153
N300,90,190,0.01,0.011838676081514166,0.013839258094827112,0.022715785887790538,0.0008858667904100832,0.15604853862424542
N300,90,191,6.951927961775606e-06,3.6586005093717304,0.05912386637426559,0.015601047571967628,0.01,0.17059427009233638
N300,90,192,0.01,0.015064210002405109,0.013956232438258387,-0.023239528261559124,0.01,0.19260511949567005
N300,90,193,0.01,0.012750653175716093,0.013965853108400705,-0.01160222099985732,0.01,0.16742882277603302
N300,90,194,6.951927961775606e-06,3.5059945807290926,0.01997614672079029,0.06714773312841585,3.792690190732246e-05,0.15711217731772026
N300,90,195,2.3357214690901212e-07,25.252680141546413,0.17967639128452995,0.08528536233012272,1.1288378916846883e-05,0.18097430884134436
N300,90,196,4.8329302385717524e-05,1.2087367522041996,0.0261775849045921,0.03965025101485909,0.0005455594781168515,0.15764248068632467
N300,90,197,0.01,0.012460513794602168,0.013898863403148831,0.07002636567195361,8.858667904100815e-06,0.16440953822105597
N300,90,198,0.01,0.012665079280608497,0.01391487122759738,0.0373243783630426,6.951927961775606e-06,0.16677091944952901
N300,90,199,1.43844988828766e-05,2.5452409364185997,0.048848997546092954,0.02592016996234927,0.0008858667904100832,0.18351422248958427
N300,120,0,0.01,0.0121663216449854,0.013883588412114012,0.041493487246367436,6.951927961775606e-06,0.199687795908974
N300,120,1,0.01,0.01212050996682163,0.013916194950157279,0.0328650223647173,5.455594781168514e-06,0.19862907787752726
N300,120,2,2.6366508987303555e-06,6.394312592174087,0.010479661609218094,0.08622502208837073,1.1288378916846883e-05,0.21105287906338355
N300,120,3,2.3357214690901213e-05,1.9043160061384694,0.023160021434608935,-0.03364745681914297,0.01,0.2342694462642051
N300,120,4,0.01,0.012259411327071885,0.013938095693087793,0.0031996568987633952,1.43844988828766e-05,0.20036256961458998
N300,120,5,1.1288378916846883e-05,2.7589950775267944,0.007963158086546573,0.07784870412326271,4.281332398719387e-06,0.20840860910623388
N300,120,6,5.4555947811685146e-08,50.04779109906423,0.3450160368195939,0.02486394752595969,0.00026366508987303556,0.20147381423040128
N300,120,7,1.1288378916846883e-07,36.99747253227848,0.27668646593587487,-0.01735768242139414,0.01,0.21681877376703593
N300,120,8,2.976351441631313e-07,23.037774099091887,0.08661238514937242,0.04460155115211853,0.00042813323987193956,0.2127420780367562
N300,120,9,2.3357214690901212e-07,25.860837624433717,0.06285006469018184,0.056728365373210396,1.1288378916846883e-05,0.2032711758593287
N300,120,10,0.01,0.016108720454999986,0.01394824658129512,-0.019942935178332087,0.01,0.24961351103628282
N300,120,11,1e-06,11.632671934928073,0.029492745731495185,0.0965502426738905,5.455594781168514e-06,0.2300069846358993
N300,120,12,1.2742749857031322e-06,10.097494436237694,0.008409673806463513,0.10304650128437708,3.359818286283781e-06,0.216929768736686
N300,120,13,4.281332398719396e-08,54.69217061884283,0.2680150924542951,0.025906069357463427,2.06913808111479e-06,0.1966648622616015
N300,120,14,1e-06,11.623500627392588,0.03899258395370897,0.051325100973995084,2.3357214690901213e-05,0.20503801564747842
N300,120,15,0.01,0.014590523122511582,0.013937662303079024,0.015065149605271862,5.455594781168514e-06,0.23099476160398352
N300,120,16,2.3357214690901213e-05,1.8912799485603706,0.011676276233782756,0.049191224103806955,5.455594781168514e-06,0.22572885404911508
N300,120,17,2.6366508987303555e-06,6.452658442976023,0.01067495683666464,0.07743100166439136,4.281332398719387e-06,0.21871210550853126
N300,120,18,8.858667904100815e-08,40.7056008843631,0.24286815897130387,-0.009163401061724103,3.792690190732246e-05,0.23923322385310558
N300,120,19,0.01,0.015854644122482567,0.01394872663670299,-0.03231297405946349,0.01,0.24702577123299777
N300,120,20,6.158482110660255e-05,1.1394303535133907,0.01393365809580105,0.0404975565053109,3.359818286283781e-06,0.25390649409692384
N300,120,21,7.847599703514607e-07,13.429604225651977,0.03409371404717654,0.05915981970854884,6.951927961775606e-06,0.1798883865392431
N300,120,22,0.0001274274985703132,0.6589760963611402,0.015017204750781832,-0.0037076205152789914,0.01,0.20661852607665554
N300,120,23,0.00020691380811147902,0.47120718101037984,0.013698084977770031,0.015920144848152067,6.951927961775606e-06,0.21303259078250045
N300,120,24,0.01,0.01356527019689625,0.013941819316010462,0.0008999719881069065,4.281332398719387e-06,0.21909258811993043
N300,120,25,1e-06,11.65223262478212,0.026158910912620903,0.04551762464715711,8.858667904100815e-06,0.2403444789493549
N300,120,26,0.01,0.011773910335859342,0.013931723505839377,0.03457156235576286,2.976351441631313e-05,0.19382320187468063
N300,120,27,3.792690190732246e-05,1.3806710487859841,0.012753929531516328,0.03794508516159033,6.951927961775606e-06,0.20051624744305693
N300,120,28,4.281332398719387e-06,4.858869648411981,0.026682975849099733,0.06290808970561296,0.002976351441631313,0.22269442932233607
N300,120,29,2.3357214690901213e-05,1.9163715708764237,0.009063189439937225,0.07022356047722565,1.1288378916846883e-05,0.22756076263652425
N300,120,30,6.158482110660254e-07,15.494099479134201,0.13233114538456248,0.05250153916063962,0.01,0.21865249362709174
N300,120,31,2.6366508987303555e-06,6.291348943233879,0.009035011232105372,0.10102036957789205,5.455594781168514e-06,0.18572315524065586
N300,120,32,0.01,0.015095133124587583,0.013900545466450698,0.06469107686107062,3.792690190732246e-05,0.237144577444097
N300,120,33,3.792690190732246e-07,20.23315791885624,0.07993804139858451,0.05025102120339449,6.951927961775606e-06,0.18306400351853425
N300,120,34,0.01,0.013434698634151065,0.013887610569325082,0.021478469326868074,0.0005455594781168515,0.2168153904235054
N300,120,35,0.01,0.013830014448903895,0.013945313570713824,-0.0025243558392652825,6.951927961775606e-06,0.22205695220869884
N300,120,36,8.858667904100815e-06,3.1352942928972736,0.032890580701422256,0.008901108774923484,0.01,0.18584615178344
N300,120,37,1.43844988828766e-05,2.43259291770993,0.022179553016730913,0.05136062181684358,7.847599703514606e-05,0.23638039844030165
N300,120,38,1.2742749857031322e-06,9.75610359933255,0.02799693505844736,0.09818811873682216,8.858667904100815e-06,0.1923715870283498
N300,120,39,6.951927961775606e-06,3.695198714684304,0.03337095484767538,-0.006858942530006757,0.01,0.22699260273615413
N300,120,40,0.01,0.012421462275660471,0.013911138691220959,0.05252822313302774,4.281332398719387e-06,0.20246711743325846
N300,120,41,2.3357214690901212e-07,26.406377233212776,0.11256048724625278,0.03266296361646667,0.01,0.19651439257613723
N300,120,42,7.847599703514607e-07,13.561431768966754,0.06490687476024648,-0.0013774221724840877,0.01,0.19946456996051753
N300,120,43,0.00026366508987303556,0.36931532794115784,0.013128601215656177,0.029828841385438492,0.0003359818286283774,0.1997020367348452
N300,120,44,0.01,0.011303461461351205,0.013937810962316055,0.04614235622080331,4.281332398719387e-06,0.18744509403543985
N300,120,45,3.792690190732246e-07,20.007988389415626,0.09481882881464754,0.06401600706594039,6.951927961775606e-06,0.24378865843526495
N300,120,46,0.01,0.014874376289758075,0.013889416176462999,0.03246120120108809,0.0001,0.23951143837695937
N300,120,47,4.281332398719387e-06,4.779479997427746,0.018679715336127445,0.07525297725109137,4.8329302385717524e-05,0.22374852220916336
N300,120,48,1.8329807108324338e-07,29.228032773140484,0.09987607451160618,0.06212661648311374,5.455594781168514e-06,0.21691842979060874
N300,120,49,0.01,0.013070491488874748,0.013914321516160899,0.03874101104490942,5.455594781168514e-06,0.21184883796277526
N300,120,50,0.01,0.011772550303866418,0.013928009567571342,0.05962100316692313,3.359818286283781e-06,0.19514070324688693
N300,120,51,1.2742749857031322e-06,10.070053184994604,0.014013967699870178,0.1049374489346239,5.455594781168514e-06,0.1933539088701734
N300,120,52,0.01,0.015211583151696781,0.013955587400580227,-0.008670402330880804,5.455594781168514e-06,0.2409286423364369
N300,120,53,3.792690190732246e-05,1.4187727851457743,0.014214272942480899,0.037501118128981846,0.0001,0.21086072370450498
N300,120,54,0.01,0.014262512230790503,0.013889460901107764,0.02908298054600991,5.455594781168514e-06,0.2286604350322905
N300,120,55,0.01,0.011266010649605886,0.013900805969287777,0.05598893868706932,1.8329807108324338e-05,0.1863567885894194
N300,120,56,1.2742749857031322e-06,10.239100462477682,0.015267861498971969,0.09178061642894267,1.1288378916846883e-05,0.2236546826785366
N300,120,57,6.158482110660254e-07,15.582553802309587,0.09122341420261437,0.0738001611638655,0.0006951927961775591,0.21887104312917433
N300,120,58,1e-06,11.832480212256474,0.023004767012027583,0.08123076392533453,5.455594781168514e-06,0.20828436009805018
N300,120,59,0.01,0.014540026949360869,0.013931910903143607,0.017879593464320234,4.8329302385717524e-05,0.23049481187538662
N300,120,60,4.832930238571752e-07,17.69097981923363,0.051548568783547855,0.06018760309450487,4.281332398719387e-06,0.22131659841784784
N300,120,61,6.158482110660254e-07,15.336166531325379,0.060263723852558626,0.052247210387940154,4.8329302385717524e-05,0.21043494310701227
N300,120,62,0.01,0.013430327800036109,0.013902635191122004,0.04355527176520237,3.359818286283781e-06,0.2158324505248047
N300,120,63,2.6366508987303555e-06,6.403074217078042,0.010925274775368532,0.0844607979384731,5.455594781168514e-06,0.216792844161189
N300,120,64,1.8329807108324338e-07,29.427086709245753,0.13318698458974076,0.0403043595896293,1.43844988828766e-05,0.20896315366358661
N300,120,65,0.01,0.012573921629224601,0.013972781351525687,-0.03749394024413608,0.01,0.20612546039249038
N300,120,66,0.01,0.013249093978216274,0.013957777162638352,-0.019615688776701924,5.455594781168514e-06,0.21449682693885433
N300,120,67,0.01,0.013125298903450556,0.013929898568737942,0.01894095834943732,0.0001,0.2120558783392626
N300,120,68,0.01,0.01648721580649983,0.013892742555245752,0.04501469877734498,6.951927961775606e-06,0.2563203003499117
N300,120,69,2.06913808111479e-06,7.474762553159375,0.01150344297980721,0.09512154618219719,8.858667904100815e-06,0.20077693399855992
N300,120,70,3.792690190732246e-05,1.45050300257417,0.01797350674515996,0.023226059941019103,0.0005455594781168515,0.22496676602204607
N300,120,71,0.01,0.014413971524451966,0.013916857433450835,0.04676558344091384,6.951927961775606e-06,0.23033610912046745
N300,120,72,0.01,0.014523656956860812,0.013972954294758977,-0.01669466318679286,0.01,0.23096543214488174
N300,120,73,0.00020691380811147902,0.48146467744012544,0.01320018308420745,0.028544300959942547,5.455594781168514e-06,0.2200073426693976
N300,120,74,0.01,0.013198612518401317,0.013930781162809436,0.023874651286324433,6.951927961775606e-06,0.2120257815549152
N300,120,75,1e-06,11.573420531424558,0.03067533731498162,0.0437113988358614,0.01,0.20667496832870086
N300,120,76,6.951927961775606e-06,3.633453979412354,0.025008766368791346,0.06042070404697543,4.8329302385717524e-05,0.23588418814655515
N300,120,77,1.2742749857031322e-06,10.030450852867514,0.02083829852678465,0.06516484803490633,5.455594781168514e-06,0.22850917630408693
N300,120,78,0.01,0.013284012974222189,0.013928980137919433,0.08127321918756353,4.281332398719387e-06,0.21516738260360768
N300,120,79,1.438449888287663e-07,33.64169793659595,0.12329981000996815,0.03158377266464922,0.0005455594781168515,0.23226630835463333
N300,120,80,0.01,0.015316988700676075,0.013923871222288109,0.08952088330389756,5.455594781168514e-06,0.24058209777095618
N300,120,81,0.01,0.012620138221855974,0.013914621961648166,0.017915820423365827,0.00042813323987193956,0.20551825991638106
N300,120,82,1.6237767391887209e-06,8.424532128028254,0.025301682458306884,0.06961798897670342,2.3357214690901213e-05,0.2282870565289699
N300,120,83,0.01,0.012853127314716755,0.013899594949069338,0.05505965878094964,5.455594781168514e-06,0.20813660199116568
N300,120,84,2.6366508987303555e-06,6.37482946090453,0.045197745592430505,0.010712544066954937,6.158482110660255e-05,0.22185748533031002
N300,120,85,6.951927961775606e-06,3.6412955085492493,0.007691010100412288,0.08572578875666995,4.281332398719387e-06,0.2089563950189224
N300,120,86,3.359818286283781e-06,5.558978596181052,0.021323237493968583,0.05405811055863433,0.0003359818286283774,0.18173700101719775
N300,120,87,0.01,0.014301179473355338,0.013893111618620613,0.03864288805286234,4.281332398719387e-06,0.22746250713866892
N300,120,88,7.847599703514607e-07,13.108724536082953,0.0779729819383378,0.011958037584808212,0.0008858667904100832,0.20060924744528952
N300,120,89,0.01,0.014378335753331636,0.013967928872357205,-0.017289156960396297,0.01,0.22908045233830127
N300,120,90,3.359818286283781e-06,5.342045119370834,0.01722376221642785,0.042412567502263986,0.0001274274985703132,0.1817648263325534
N300,120,91,3.792690190732246e-05,1.3644883502987426,0.031214387677456545,0.02735221029218717,0.0006951927961775591,0.18713342696363827
N300,120,92,0.0011288378916846883,0.1304626393401042,0.013427295270027395,0.026263032140946052,0.00042813323987193956,0.2485838797230277
N300,120,93,3.359818286283781e-06,5.558471349515223,0.0301398816906423,0.06648491217819608,0.0006951927961775591,0.221821561155974
N300,120,94,8.858667904100815e-06,3.248112791269322,0.026994870454068454,0.06525690189415294,0.00042813323987193956,0.2237429505445473
N300,120,95,1.2742749857031322e-06,10.056442073294498,0.016725995451400633,0.10228488039394826,4.281332398719387e-06,0.20826701941154924
N300,120,96,0.01,0.015081900721032795,0.013944243651978216,-0.006160974533821772,0.01,0.23754220867212159
N300,120,97,0.01,0.012847972973363765,0.013918421067100728,0.019780983507709127,0.00026366508987303556,0.20932839851934998
N300,120,98,4.8329302385717524e-05,1.2494038430979748,0.02153230621621327,0.005466507212501846,0.01,0.205987179933791
N300,120,99,0.01,0.0130053648086738,0.013960639757470195,-0.024675897800147503,0.01,0.2113307226789824
N300,120,100,0.00143844988828766,0.08558762235720986,0.013978581837934212,-0.002229331994870328,5.455594781168514e-06,0.20885946427817895
N300,120,101,0.01,0.014275804222042627,0.013922911468400412,0.05483273929360149,1.43844988828766e-05,0.22693447241639203
N300,120,102,0.01,0.013417773857949355,0.0139183912607308,0.019875108343240532,4.8329302385717524e-05,0.21739421913853865
N300,120,103,0.01,0.013290950108549636,0.013982450270396796,-0.016871315554764125,0.01,0.21577861600965742
N300,120,104,6.951927961775606e-06,3.526521040916018,0.006345442505050647,0.0875281141775405,4.281332398719387e-06,0.19746765198824076
N300,120,105,0.01,0.013568279134814063,0.01388474712991783,0.027143959123943007,4.281332398719387e-06,0.2183453663214012
N300,120,106,0.01,0.01196315337037232,0.013868760519515577,0.02912853987014353,0.0003359818286283774,0.1965394526097283
N300,120,107,6.951927961775606e-06,3.660330184814791,0.016960702532528793,0.05299454537394776,0.0003359818286283774,0.21543769796632206
N300,120,108,0.0001274274985703132,0.6316390130529388,0.014181351257511854,0.019332086389036836,0.00042813323987193956,0.19407753258423066
N300,120,109,6.158482110660254e-07,15.310200684390361,0.058718836258048746,0.06270137328930842,6.951927961775606e-06,0.18436432701830335
N300,120,110,0.01,0.014239969521796167,0.013957322218273283,-0.019306002029525298,0.01,0.22726937299506444
N300,120,111,0.00020691380811147902,0.45303069749806885,0.015452099641308448,-0.015145335594083863,0.01,0.20200447087278364
N300,120,112,4.281332398719387e-06,4.90640226601905,0.014054756940979574,0.10084930604365586,2.976351441631313e-05,0.227219765474375
N300,120,113,0.01,0.013927417233888621,0.01394403348393125,-0.002060364036092854,1.43844988828766e-05,0.22282232384233874
N300,120,114,0.01,0.013017453519556296,0.013955363617799477,-0.02085277247578157,0.01,0.21181030693087816
N300,120,115,2.6366508987303555e-06,6.32225539634414,0.039185820251064984,0.05409828911371935,0.0003359818286283774,0.188907761048451
N300,120,116,6.158482110660254e-07,15.068928271232858,0.06596624219939529,0.09579271398379292,1.8329807108324338e-05,0.21545068331578615
N300,120,117,0.01,0.01209068666588478,0.01389717412453828,0.043521115113994126,5.455594781168514e-06,0.20064987750582425
N300,120,118,0.0001274274985703132,0.6559623351452134,0.017718643396115286,0.02079011930962512,0.0008858667904100832,0.20474193554617676
N300,120,119,2.06913808111479e-06,7.366852769573037,0.05091914760828675,0.04255475568766355,0.01,0.19061734592784357
N300,120,120,3.792690190732246e-05,1.4424878106849737,0.019863966396169164,-0.007663493497660069,0.01,0.25767650993423075
N300,120,121,0.01,0.011444797137300152,0.013952683879870809,-0.014967537156617536,0.01,0.18839318354195875
N300,120,122,0.01,0.012691258815046392,0.01395053113258371,-0.009306765011654172,0.01,0.20635171721743972
N300,120,123,2.3357214690901213e-05,1.8604736254794783,0.011282118583286649,0.05779810084619402,5.455594781168514e-06,0.20455025260361565
N300,120,124,6.158482110660254e-07,15.633375123117178,0.05721750568657791,0.023704079907760033,0.0018329807108324375,0.21461413692982773
N300,120,125,0.01,0.01591905824954592,0.013901103498296208,0.017845495691052836,0.0005455594781168515,0.24740259082364957
N300,120,126,3.792690190732246e-05,1.411999081662922,0.023638543561779968,0.024878149708191903,0.0006951927961775591,0.22390268742095368
N300,120,127,1.2742749857031322e-06,9.830867297331823,0.03696777507626814,0.0883410782058354,0.01,0.1919760351181198
N300,120,128,1.1288378916846883e-07,36.42363691667192,0.23097844342089802,0.016254192732692317,1.1288378916846883e-05,0.20906713206440938
N300,120,129,0.01,0.01156369139031145,0.013961665885504515,-0.040520602103044985,0.01,0.191549306293035
N300,120,130,0.003792690190732238,0.03438653579795303,0.01383873615491249,0.04556394451812119,4.281332398719387e-06,0.21494590989949153
N300,120,131,0.01,0.013038301306072326,0.01390951551498032,0.03124675367041713,6.951927961775606e-06,0.21121248971819995
N300,120,132,2.06913808111479e-06,7.4471547524030255,0.018153315268456427,0.04357933199439883,1.43844988828766e-05,0.2194431422247421
N300,120,133,1.1288378916846883e-07,37.2786499286837,0.21711327677374392,0.022238300494069278,5.455594781168514e-06,0.23317513850216567
N300,120,134,0.01,0.015434308896287875,0.01390854684255416,0.03470273061585973,4.281332398719387e-06,0.2416449390981808
N300,120,135,2.6366508987303555e-06,6.404883502963369,0.026985354808353956,0.0493854415809501,0.0003359818286283774,0.18762120421024436
N300,120,136,0.003792690190732238,0.03736472345440421,0.014177531574777524,-0.021238582079024737,0.01,0.22904010581580683
N300,120,137,1.8329807108324338e-07,30.1437946983095,0.11048938322968882,0.03131747924676199,0.01,0.25225106419849486
N300,120,138,0.01,0.012573358557860636,0.013932052607187329,0.026452681341485415,2.6366508987303555e-06,0.20493242590077884
N300,120,139,6.158482110660255e-05,1.084324379002287,0.01995144732666121,0.025135367092107862,0.0006951927961775591,0.22211957249211858
N300,120,140,7.847599703514606e-05,0.9374971937049592,0.013893811953472723,0.01948022614259796,0.00026366508987303556,0.22430132295937794
N300,120,141,4.832930238571752e-07,17.760130664294064,0.10454897838570731,-0.00031446300432598793,0.01,0.20550329405739304
N300,120,142,0.01,0.014690360623288193,0.013917111427828255,0.028996323866137822,5.455594781168514e-06,0.23308873280469472
N300,120,143,2.3357214690901212e-07,26.492829569338166,0.05241122511674956,0.06363667574418065,4.281332398719387e-06,0.23475897594661904
N300,120,144,0.01,0.011088598119338683,0.0139586532305499,-0.01038782891799926,0.01,0.18471766898979855
N300,120,145,0.01,0.011933324476358385,0.01395227006016253,-0.028368181855257663,0.01,0.19574013117742506
N300,120,146,1.8329807108324338e-07,29.354029516923415,0.1602134804940073,0.0656669832001888,0.0011288378916846883,0.2194831055590033
N300,120,147,1.43844988828766e-05,2.3695279231192545,0.03399105931815816,0.013424381302941686,0.01,0.19978732115165906
N300,120,148,1.6237767391887209e-06,8.669101780323127,0.04547557481526188,0.10213944035775215,2.3357214690901213e-05,0.21386330055739086
N300,120,149,6.951927961775605e-08,46.181334601835644,0.3386349518810753,0.00011920773825015191,0.01,0.2377680388913473
N300,120,150,1.43844988828766e-05,2.4263985893645454,0.007793523197007657,0.08219870717634391,1.43844988828766e-05,0.20427976795883393
N300,120,151,8.858667904100815e-06,3.189159663340009,0.022798072733715258,0.020711082225204937,0.01,0.19701367757056865
N300,120,152,0.01,0.011786960088617317,0.013933408417508675,0.04315676314786416,3.359818286283781e-06,0.1950312152871978
N300,120,153,1.8329807108324338e-05,2.1714925998358914,0.02798862618386877,-0.03401495044923674,0.01,0.22360843612908826
N300,120,154,4.281332398719387e-06,4.824513476211873,0.02266575047130448,0.08423102470725898,2.976351441631313e-05,0.20467335823472516
N300,120,155,1.8329807108324338e-05,2.0835127856038103,0.011551888124665788,0.05613574737979455,2.3357214690901213e-05,0.21853911787379995
N300,120,156,3.792690190732246e-07,20.13783564610973,0.08536185987926193,0.02972742645587313,1.43844988828766e-05,0.22436908655785492
N300,120,157,0.01,0.013454598941368478,0.01394705692768372,-0.007096786580942933,4.281332398719387e-06,0.21669187561801434
N300,120,158,6.158482110660255e-05,1.0592560554956414,0.012476201096712991,0.040957017485373184,5.455594781168514e-06,0.19307506934503932
N300,120,159,7.847599703514606e-05,0.8246281949626655,0.012825029418304101,0.035017433665631204,3.359818286283781e-06,0.17122754433589263
N300,120,160,1.1288378916846883e-07,37.24511522808892,0.10884767748450896,0.040698819314130906,4.281332398719387e-06,0.23247241924681733
N300,120,161,0.01,0.015336057576611497,0.013973401082551296,-0.020577199093339636,0.01,0.23969282912035672
N300,120,162,4.281332398719387e-06,4.937941244538233,0.016591538639395664,0.059566159516858834,2.976351441631313e-05,0.2120783949650543
N300,120,163,1.438449888287663e-07,32.870799567099034,0.17677971543554716,0.025175148127718,1.43844988828766e-05,0.20334845375123867
N300,120,164,4.281332398719387e-06,4.5540605643399354,0.008181409676896623,0.09231732772688934,6.951927961775606e-06,0.19980132060380928
N300,120,165,1e-06,11.78898087939083,0.03714544881370363,0.041685307608126256,0.00026366508987303556,0.22746294294737474
N300,120,166,0.01,0.012081321238267193,0.013932350086914513,0.027866535987609613,4.8329302385717524e-05,0.19935233917141174
N300,120,167,0.01,0.012033035624385404,0.013985999163857898,-0.01697333488745031,0.01,0.195861205425783
N300,120,168,0.01,0.01126546277297711,0.013940331390778882,0.006634341717131121,0.0003359818286283774,0.18745153653122243
N300,120,169,3.359818286283781e-06,5.611927938685456,0.0029896467394204818,0.10662438604325152,5.455594781168514e-06,0.1905988197356009
N300,120,170,0.01,0.01495625872673233,0.013915659100255384,0.028435180212891136,1.43844988828766e-05,0.2370304840928697
N300,120,171,6.951927961775606e-06,3.6201576624804463,0.012505495745596784,0.05013507668380563,1.43844988828766e-05,0.20169718320836047
N300,120,172,0.01,0.013556941282912726,0.01391052639108148,0.013794815365371896,0.0008858667904100832,0.21970102846818124
N300,120,173,0.01,0.011560872184632531,0.013968080215991052,-0.01008281260122045,0.01,0.19131308083892165
N300,120,174,7.847599703514607e-07,13.527154303545522,0.04766184423128472,0.07456378221142486,1.1288378916846883e-05,0.17942140576891985
N300,120,175,0.01,0.014040372588664845,0.013934881220475925,0.025229794561224653,4.281332398719387e-06,0.2257893345662882
N300,120,176,1.6237767391887209e-06,8.523365368733918,0.03369645446669678,0.09387822723007871,0.0005455594781168515,0.2086762708884771
N300,120,177,0.01,0.010903832043324494,0.013944185787866936,-0.0055922899046059234,0.01,0.18164733734776528
N300,120,178,0.01,0.015390368060647037,0.013953022069188914,-0.006816257477089294,0.01,0.24241555121151542
N300,120,179,0.01,0.012054458519590527,0.013916058206984938,0.07845840221480732,4.281332398719387e-06,0.19970500767105467
N300,120,180,1.1288378916846883e-07,37.425947295916565,0.11220702811881023,0.015354078868666476,1.43844988828766e-05,0.24091933622321351
N300,120,181,0.01,0.011851006046906892,0.01393125378177218,0.01223487122649451,0.00042813323987193956,0.19445201412655538
N300,120,182,3.359818286283781e-06,5.519047631820508,0.027203371487595773,0.0567296649342263,0.0005455594781168515,0.20108592078154064
N300,120,183,4.281332398719387e-06,4.810715009581561,0.018208899164640857,0.029390600715040807,2.976351441631313e-05,0.23568694191854012
N300,120,184,0.01,0.011474720301961098,0.013858194827305548,0.02449071052952085,0.0006951927961775591,0.1905118351561647
N300,120,185,1.8329807108324338e-05,2.160556121492788,0.011323859935028824,0.05350831871028393,2.3357214690901213e-05,0.21146849381053306
N300,120,186,2.3357214690901212e-07,26.209089241705303,0.12118655478720075,0.061093114119627125,0.00784759970351459,0.23004684446708168
N300,120,187,5.4555947811685146e-08,49.81361970252685,0.31005087600514913,0.05248177559288462,6.158482110660255e-05,0.2093991592757936
N300,120,188,2.06913808111479e-06,7.309477371969309,0.021165777794486362,0.09827796950302631,2.3357214690901213e-05,0.2152422073324841
N300,120,189,0.00026366508987303556,0.4030990639719641,0.013197430212255723,0.031138746225905612,5.455594781168514e-06,0.22014836417806122
N300,120,190,6.158482110660255e-05,1.0132764122918019,0.028656019402735766,0.021644207212378128,0.0008858667904100832,0.19231785799195297
N300,120,191,0.01,0.012986780568548524,0.013967622336454322,-0.011562503017687078,0.01,0.211867942808629
N300,120,192,0.01,0.013470161738696558,0.013937072414872631,0.04911801474189458,4.281332398719387e-06,0.21703518393054116
N300,120,193,3.792690190732246e-07,20.34827685656756,0.08805840214360472,0.03175331369421678,0.01,0.2017309029093607
N300,120,194,0.00143844988828766,0.07745374802928592,0.014046783139229357,-0.0070973663310631655,0.01,0.19057272466647807
N300,120,195,1.43844988828766e-05,2.444334349165924,0.021035089975690258,0.034907787973199766,0.01,0.22839647510902616
N300,120,196,5.4555947811685146e-08,50.33740841086774,0.3070965869700756,0.04186593027862406,0.00026366508987303556,0.21235120932869475
N300,120,197,5.455594781168514e-06,4.292486385742389,0.011890609003939567,0.07560984956485972,1.8329807108324338e-05,0.22234134007112752
N300,120,198,0.01,0.013435368988300259,0.01392579406812966,0.036389003332421496,2.976351441631313e-05,0.2180201509753018
N300,120,199,1.6237767391887209e-06,8.915970948196087,0.061292255255373296,0.047999306051312855,0.0011288378916846883,0.2208127770871175
N300,180,0,0.01,0.013945769067982429,0.013884571946283009,0.0381957890025516,1.1288378916846883e-05,0.40768202205034654
N300,180,1,1.1288378916846883e-07,40.051753844161375,0.11795005816005621,0.039024413986609156,4.281332398719387e-06,0.39104683024455805
N300,180,2,2.3357214690901213e-05,1.912243257803036,0.014322319045519616,0.03502504195400636,6.951927961775606e-06,0.4100724121585862
N300,180,3,0.01,0.015042859477209146,0.01394985764374923,-0.007200752039723609,0.01,0.4299667264834519
N300,180,4,5.455594781168514e-06,4.194742396450712,0.010581657445305925,0.073564655733984,6.951927961775606e-06,0.37006222397158317
N300,180,5,2.06913808111479e-06,7.715388413445057,0.011459968605331272,0.10444330426125224,8.858667904100815e-06,0.40207934497568776
N300,180,6,0.01,0.012707947565799486,0.013933057783403147,0.013103412882737232,0.0003359818286283774,0.381323359043666
N300,180,7,1.43844988828766e-05,2.397798866992381,0.038319390633253625,-0.04402374449004445,0.01,0.397738351268746
N300,180,8,0.01,0.01309099424967927,0.01387831650508442,0.029235671117393027,4.281332398719387e-06,0.3931760273395758
N300,180,9,0.01,0.012874355685360163,0.013926876480191641,0.040284824104531006,2.6366508987303555e-06,0.38450607482337784
N300,180,10,1.8329807108324338e-05,2.107925131243314,0.014613573063709695,0.007490140471848752,0.00026366508987303556,0.40484923923419247
N300,180,11,0.01,0.014185983393343213,0.013881257845381856,0.030087657927585474,4.281332398719387e-06,0.410326626338364
N300,180,12,1.2742749857031322e-06,10.199447612619103,0.01788754568188,0.08894166593498373,5.455594781168514e-06,0.40353709498068885
N300,180,13,0.01,0.012604995254103402,0.01390884757409172,0.03156302675274877,5.455594781168514e-06,0.381036012235797
N300,180,14,3.792690190732246e-07,21.431672686756745,0.048647108221788415,0.045074106723676954,4.281332398719387e-06,0.42971551618832676
N300,180,15,0.01,0.013319300805778093,0.01393601359322616,0.05367005720740504,4.281332398719387e-06,0.3953588099036084
N300,180,16,3.359818286283781e-06,5.710523223953891,0.0051755355605885844,0.09441778092643308,3.359818286283781e-06,0.4114678103066343
N300,180,17,8.858667904100815e-06,3.185637341360266,0.012905768639298376,0.04039170532568627,3.359818286283781e-06,0.3810179532606358
N300,180,18,0.01,0.014366935320503461,0.013899450199229668,0.031049052634855266,1.43844988828766e-05,0.4115947082339415
N300,180,19,0.01,0.015015423581044518,0.013938718769826108,0.042793394476739265,6.951927961775606e-06,0.4284841941540842
N300,180,20,1.6237767391887209e-06,8.989652003980925,0.007231721329916341,0.09953330257715416,3.359818286283781e-06,0.42779388460205275
N300,180,21,4.281332398719387e-06,4.948839825750955,0.0070860211774199655,0.08311568473083612,3.359818286283781e-06,0.38315032248496456
N300,180,22,1e-06,11.76198844599465,0.02795435350859654,0.01834664402799301,1.8329807108324338e-05,0.3826053264518064
N300,180,23,4.832930238571752e-07,18.44899815781563,0.048680629081801485,0.05949308116930219,2.3357214690901213e-05,0.38264763772067445
N300,180,24,1.2742749857031322e-06,10.298616711194013,0.009225482226135395,0.09024611788828216,3.359818286283781e-06,0.3955085550573206
N300,180,25,7.847599703514607e-07,13.832854300035699,0.023560196060176897,0.058522479496649904,5.455594781168514e-06,0.4207189392035694
N300,180,26,6.158482110660254e-07,15.94714635507837,0.044946649416832796,0.018208317971093887,0.0001,0.369589231128465
N300,180,27,2.3357214690901212e-07,27.389739948257155,0.059000051275569176,0.06916265408174946,0.01,0.3936063247832512
N300,180,28,0.01,0.014677106413658145,0.013940160958528125,0.0019027856517115345,2.976351441631313e-05,0.42336458056097936
N300,180,29,0.01,0.013633035597588257,0.013899104800058959,0.08080666180034005,6.951927961775606e-06,0.40516287752766056
N300,180,30,0.01,0.013227086670794318,0.01397556706900105,-0.01404639657932493,0.01,0.39079162476880536
N300,180,31,1.2742749857031322e-06,10.060600876111952,0.012524807924885972,0.10552104294046312,5.455594781168514e-06,0.34274775545288305
N300,180,32,6.951927961775606e-06,3.6431122961028013,0.0272706597126936,0.06535417109167552,4.8329302385717524e-05,0.42843495273008503
N300,180,33,1.43844988828766e-05,2.4385307805554244,0.007037311986155648,0.08660647640313114,4.281332398719387e-06,0.3642499328180284
N300,180,34,0.00020691380811147902,0.48766326937032933,0.01370659772004279,0.02562622864876484,0.00042813323987193956,0.40487890852591757
N300,180,35,1.6237767391887209e-06,8.895099908601773,0.013114705278998717,0.08284362133080506,5.455594781168514e-06,0.41015013321974725
N300,180,36,0.01,0.011495035141028013,0.013963500610368107,-0.013124578459908234,0.01,0.3571995696311355
N300,180,37,2.6366508987303555e-06,6.637187297261013,0.05209143781086889,0.03955496451499973,0.0001274274985703132,0.4259950233675016
N300,180,38,4.832930238571752e-07,18.126344351119773,0.06449733575499017,0.04110462556211597,0.00016237767391887175,0.3753136968190408
N300,180,39,0.0001,0.7885409804963739,0.019108312232255842,-0.02861812672244525,0.01,0.38779561191430234
N300,180,40,2.6366508987303555e-06,6.537287522282185,0.007755233324679756,0.10234938238383579,6.951927961775606e-06,0.3951317293040799
N300,180,41,8.858667904100815e-08,44.78723417250095,0.12739968336504182,0.039716726717905375,0.01,0.3780730406457053
N300,180,42,0.0001,0.7781788015860106,0.0183523433268159,-0.022608556485027586,0.01,0.3843904687043605
N300,180,43,0.01,0.012256171247580902,0.013881609137136874,0.030160909001856535,0.00016237767391887175,0.37065169180396534
N300,180,44,2.976351441631313e-05,1.5908990135057475,0.013781565651653671,0.02252016105565932,0.0001274274985703132,0.3687849373538983
N300,180,45,1.2742749857031322e-06,10.185051669067422,0.01770730275110599,0.09397678225621002,5.455594781168514e-06,0.43092358364213545
N300,180,46,2.3357214690901213e-05,1.9778016897463333,0.013503866999788228,0.054051247253244554,0.0001,0.42146776276267595
N300,180,47,1e-06,11.779748595253402,0.021179003425961684,0.07983081780251067,1.43844988828766e-05,0.393372322731071
N300,180,48,2.06913808111479e-06,7.635241847353635,0.008725434956932232,0.10056837879042582,5.455594781168514e-06,0.4119690493263128
N300,180,49,2.976351441631313e-07,24.331884196814986,0.05254315876514115,0.050728844286396076,2.3357214690901213e-05,0.38574609639104684
N300,180,50,0.01,0.013150431251616582,0.013934316323645501,0.02317425579982132,3.359818286283781e-06,0.3959453697689071
N300,180,51,5.455594781168514e-06,4.2510328797102375,0.0031784800013092696,0.10572028603864837,4.281332398719387e-06,0.379818100474931
N300,180,52,0.01,0.01523610619813726,0.013933743825281897,0.010352907675914508,3.359818286283781e-06,0.4364117231684469
N300,180,53,0.01,0.01266302935383853,0.013906736173598389,0.05925385061931099,2.3357214690901213e-05,0.383237066374304
N300,180,54,3.792690190732246e-07,21.424596034577263,0.042251874024495595,0.056146260364880726,4.281332398719387e-06,0.40885725450344435
N300,180,55,1.43844988828766e-05,2.3800147635839397,0.014636112864114259,0.04254716197231717,0.01,0.35640067084911375
N300,180,56,6.951927961775606e-06,3.72205672440355,0.01984026316783638,0.06257045987072128,0.00020691380811147902,0.4094556331239615
N300,180,57,1.1288378916846883e-05,2.8320835114044787,0.03271293663600938,0.04206816154296412,0.0006951927961775591,0.416235335147991
N300,180,58,7.847599703514607e-07,13.971179150317647,0.04115158505767125,0.05425100785700814,0.01,0.3794072214748543
N300,180,59,1.1288378916846883e-05,2.779703669375513,0.010470736023605598,0.06491733868487616,1.8329807108324338e-05,0.40020793202427907
N300,180,60,5.455594781168514e-06,4.240927814607233,0.009642180040850268,0.0661895224386681,3.359818286283781e-06,0.4119618700288873
N300,180,61,8.858667904100815e-06,3.188946526505995,0.01498073720989146,0.053479714199925914,3.792690190732246e-05,0.3876293052833094
N300,180,62,1.8329807108324338e-07,31.244731051304704,0.07084102063431275,0.07253756493943196,4.281332398719387e-06,0.39394242125089407
N300,180,63,6.158482110660255e-05,1.0738640244705835,0.014957268997774276,0.02551955851217404,0.0003359818286283774,0.39884639405217337
N300,180,64,4.281332398719387e-06,4.9362330565032195,0.004703963626531804,0.09663434315282678,4.281332398719387e-06,0.3970255958004195
N300,180,65,2.976351441631313e-07,24.08634940790754,0.06117963644091218,0.012574106518849092,0.01,0.38495600592587476
N300,180,66,0.01,0.012846683385717168,0.013925144165678582,0.03243667748575546,3.359818286283781e-06,0.3867266508250035
N300,180,67,5.455594781168514e-06,4.277170955917645,0.015188214722979931,0.05465657683805661,2.3357214690901213e-05,0.39487112412674563
N300,180,68,3.359818286283781e-06,5.664088631058294,0.013250149533275302,0.08598405941019194,1.8329807108324338e-05,0.4145786884074177
N300,180,69,1.8329807108324338e-05,2.107702069003654,0.008002632945832588,0.07737701939442389,8.858667904100815e-06,0.37330444154449594
N300,180,70,2.3357214690901212e-07,27.630104446429343,0.10590271917909033,0.03167530780650736,0.00042813323987193956,0.40835859486302006
N300,180,71,1.1288378916846883e-07,39.997956598584175,0.1101211627672457,0.017635327983351205,4.281332398719387e-06,0.4100626212677311
N300,180,72,8.858667904100815e-08,44.19339956440617,0.12595567188201373,-0.0037217478126139653,0.01,0.41263823567064223
N300,180,73,1.43844988828766e-05,2.3759840201858626,0.009715087220223961,0.06531885509907721,4.281332398719387e-06,0.3876337494719616
N300,180,74,0.01,0.013739614835877607,0.013937914873661583,0.011273650726661368,8.858667904100815e-06,0.4000446898878283
N300,180,75,1.438449888287663e-07,35.4435612094584,0.0998463327639395,0.05640441834136751,5.455594781168514e-06,0.3967417468700518
N300,180,76,1.1288378916846883e-07,39.77695627460528,0.12600824540786848,0.045144388474330895,3.792690190732246e-05,0.4376640515558038
N300,180,77,1.6237767391887209e-06,8.789051537502043,0.008573966283768164,0.09682522566118004,4.281332398719387e-06,0.4127281137050167
N300,180,78,0.01,0.012904493833841877,0.013942726041345943,-0.0005532055479141688,3.359818286283781e-06,0.388248048926
N300,180,79,0.01,0.014247554647845443,0.013926816728067726,0.010122656511177854,0.0008858667904100832,0.4186118333474885
N300,180,80,2.06913808111479e-06,7.678990201214032,0.005004222004131642,0.10455588899819551,4.281332398719387e-06,0.41554065049013644
N300,180,81,0.01,0.013375142246695167,0.013946241461895936,-0.02256688760621263,0.01,0.3944199667608387
N300,180,82,0.01,0.014861384833174347,0.013934284220472049,0.020374715167640393,1.1288378916846883e-05,0.42147060229063693
N300,180,83,0.01,0.013723336925003084,0.013958446570855654,-0.018107495130168048,0.01,0.40257955690630975
N300,180,84,0.01,0.013633130308209807,0.013934455141109137,0.012772397051502989,2.976351441631313e-05,0.4024230996025196
N300,180,85,1.8329807108324338e-07,31.49469315929603,0.09509223364631192,0.08723583572606014,0.00026366508987303556,0.38971690598772096
N300,180,86,2.06913808111479e-06,7.563474569728567,0.030286167185545776,0.04376240210003719,0.0005455594781168515,0.3601756985412912
N300,180,87,0.01,0.013692694635705643,0.013920783529234093,0.07629306161261072,3.359818286283781e-06,0.40269712942629754
N300,180,88,0.00784759970351459,0.015933668772260524,0.013888183915332974,0.027978638834255682,6.951927961775606e-06,0.3815825113635247
N300,180,89,1.2742749857031322e-06,10.293951227359027,0.030841428389434822,0.002259523637148951,2.976351441631313e-05,0.40836568259713335
N300,180,90,0.01,0.011606787986193147,0.013913344344120837,0.04835831637569145,3.359818286283781e-06,0.35463576583983736
N300,180,91,8.858667904100815e-08,44.40074308465292,0.16426358726089518,0.03077176322135187,0.00042813323987193956,0.37184099028552536
N300,180,92,0.01,0.01507868466927131,0.013903026605986857,0.02447205275965777,3.359818286283781e-06,0.4326696155258873
N300,180,93,0.01,0.012947967518010601,0.0138800163612125,0.029555568285246577,3.359818286283781e-06,0.39148979512548526
N300,180,94,1.6237767391887209e-06,9.028891561077927,0.029222951244143203,0.08745779785523687,0.0003359818286283774,0.4281739130256049
N300,180,95,1.2742749857031322e-06,10.141942451933428,0.015284148777907292,0.09842287419246862,4.281332398719387e-06,0.3731649580773087
N300,180,96,0.01,0.013766077292313893,0.013940338603147362,0.04646063213376994,4.281332398719387e-06,0.40346108629467553
N300,180,97,1.6237767391887209e-06,8.68524379314033,0.03187719735708161,0.02746132917874692,0.0005455594781168515,0.3763474475314412
N300,180,98,0.0001274274985703132,0.6634063153447878,0.017239310770770122,-0.00865930595532241,0.01,0.3825909625136183
N300,180,99,0.01,0.013402250851791002,0.013931232041243913,0.02169001399165614,6.951927961775606e-06,0.3989093877869282
N300,180,100,3.359818286283781e-06,5.719917890569352,0.009661996019500796,0.07737098241593683,5.455594781168514e-06,0.4103394324188164
N300,180,101,1.6237767391887209e-06,8.770283990631542,0.015439515195071585,0.07586492296241173,1.43844988828766e-05,0.40088261178520435
N300,180,102,6.158482110660255e-05,1.0892118004757538,0.010370304438733213,0.073534713215029,1.1288378916846883e-05,0.4017067555527055
N300,180,103,7.847599703514607e-07,13.87718176504985,0.03779068330494206,0.0805123633076026,5.455594781168514e-06,0.4381310190592549
N300,180,104,3.359818286283781e-06,5.499391746906653,0.01173363069668365,0.07607277171628343,4.281332398719387e-06,0.3735144528094589
N300,180,105,5.455594781168514e-06,4.1809938992746085,0.015652579714231174,0.06398347513735575,0.00026366508987303556,0.37168305837584636
N300,180,106,0.01,0.01286285745093977,0.013880094779413654,0.031204398119547328,0.00016237767391887175,0.38706963510497916
N300,180,107,2.976351441631313e-07,24.420157343583604,0.06509820702861002,0.04327745401218808,4.281332398719387e-06,0.3956651181449712
N300,180,108,4.832930238571752e-07,18.390693438671036,0.04021701118159282,0.030979963465814588,0.0005455594781168515,0.3846008404062502
N300,180,109,1.6237767391887209e-06,8.841647341427178,0.010490445763814416,0.08563527244136297,4.281332398719387e-06,0.3591513067631389
N300,180,110,4.281332398719387e-06,4.882427795430955,0.021766870485215972,0.01590323227831187,0.01,0.4200716337489321
N300,180,111,6.158482110660254e-07,15.779075910582382,0.07170116044791996,-0.018901493086672317,0.01,0.37924445696908415
N300,180,112,7.847599703514623e-09,105.42878987934077,0.4957272504612792,0.03833581988375356,5.455594781168514e-06,0.4363282803770715
N300,180,113,1.6237767391887209e-06,8.684120826211819,0.013453083147089706,0.07042847316146977,1.43844988828766e-05,0.39267220396456226
N300,180,114,5.455594781168514e-06,4.119768359257144,0.039280302089682695,-0.03359602489619906,0.01,0.3818464010592785
N300,180,115,0.01,0.012452983377687736,0.013909434591672154,0.03377254593030502,5.455594781168514e-06,0.37777273649435544
N300,180,116,0.01,0.014055307328958839,0.013921577117710249,0.026658053202714485,1.1288378916846883e-05,0.4085437361804166
N300,180,117,3.359818286283781e-06,5.5993179788689,0.002574183150826914,0.10723606021776627,3.359818286283781e-06,0.36448219328914805
N300,180,118,0.00143844988828766,0.09456255267915865,0.013690195295865903,0.01887990375873086,0.0006951927961775591,0.4163129042689665
N300,180,119,4.281332398719387e-06,4.7599566528715345,0.03877479572896003,0.03548708209623903,0.01,0.37137332459024464
N300,180,120,0.01,0.0155809395972526,0.013941067142914765,0.006950247758825946,5.455594781168514e-06,0.43754552158743565
N300,180,121,1.43844988828766e-05,2.3585463600043575,0.010643237251760196,0.05972529986835864,2.3357214690901213e-05,0.3780503183125866
N300,180,122,0.01,0.012834679304408944,0.013937365861983575,0.06983468915103191,5.455594781168514e-06,0.38369262262351733
N300,180,123,2.06913808111479e-06,7.63582323664453,0.017854056033873245,0.07971748373290682,0.00026366508987303556,0.38569858930576134
N300,180,124,4.281332398719387e-06,4.999333302520321,0.016535367262935696,0.04261255365305192,7.847599703514606e-05,0.40889742471968754
N300,180,125,0.01,0.01465859024744292,0.013903305296461554,0.024337069514335872,5.455594781168514e-06,0.4209294775409761
N300,180,126,4.8329302385717524e-05,1.211526100460632,0.02063489888096315,0.02240117563968254,0.0005455594781168515,0.37439314162917403
N300,180,127,0.01,0.011005736045880581,0.013940056591117522,0.0020083292187573995,4.281332398719387e-06,0.3428003673131714
N300,180,128,2.06913808111479e-06,7.593639625445849,0.015492396084534676,0.0735689742909774,1.1288378916846883e-05,0.3902171511079136
N300,180,129,0.01,0.012375714317068898,0.01394040432618926,0.0099621936680348,6.951927961775606e-06,0.37811642940122614
N300,180,130,2.6366508987303555e-06,6.702129844165344,0.004978050642119536,0.09796130173991059,3.359818286283781e-06,0.3851415346656817
N300,180,131,3.792690190732246e-05,1.390983596773932,0.009344237061019611,0.07391312691244793,3.359818286283781e-06,0.35958540673627065
N300,180,132,1.6237767391887209e-06,8.862626277214995,0.01654076301445173,0.07327810318936911,5.455594781168514e-06,0.4101295639174469
N300,180,133,4.832930238571752e-07,18.619346771123407,0.05217814140680177,0.036794059898404854,5.455594781168514e-06,0.4199593801976227
N300,180,134,6.951927961775606e-06,3.6538293766508874,0.015940307800578757,0.03680911408118271,0.0003359818286283774,0.41223969344994243
N300,180,135,1.1288378916846883e-05,2.7340318085258617,0.02988618878710858,0.029843647813469893,0.0006951927961775591,0.34765223789078653
N300,180,136,3.359818286283781e-06,5.738058403486045,0.03695868620713083,0.008268895163965123,0.01,0.41220474748793295
N300,180,137,0.01,0.015208288661851043,0.013957465914940959,-0.02085703603077686,0.01,0.432721370284742
N300,180,138,0.01,0.01216697689040052,0.013917139036047854,0.01743644650314398,0.0003359818286283774,0.37081108256111905
N300,180,139,0.01,0.013497230064333437,0.013895217787404879,0.025956455274808717,3.359818286283781e-06,0.39720676106153735
N300,180,140,0.0001274274985703132,0.7082735505167459,0.013459313574890386,0.027053831206084684,0.00026366508987303556,0.4219949481943325
N300,180,141,1.6237767391887209e-06,8.905803894699822,0.019209673488021717,0.05478671413949621,6.951927961775606e-06,0.38848412285315936
N300,180,142,0.01,0.014158847354022846,0.01392430540746692,0.024740965921357664,6.951927961775606e-06,0.4136320585708576
N300,180,143,5.455594781168514e-06,4.265225989249698,0.012131713734848337,0.0725855376721392,1.43844988828766e-05,0.4040608833806795
N300,180,144,1e-06,11.892819368078353,0.02284993054077089,0.04138396049236538,0.01,0.35970866690699616
N300,180,145,6.951927961775605e-08,49.40655172061745,0.14335456398285606,0.031134507527530688,3.359818286283781e-06,0.3630071318703203
N300,180,146,7.847599703514607e-07,13.813927070271927,0.04395710411280629,0.09671276242286833,0.0005455594781168515,0.40470175364344535
N300,180,147,4.8329302385717524e-05,1.2196361304111474,0.01986243860526138,0.005118061551559394,0.01,0.3781748314086525
N300,180,148,0.01,0.013407118192826396,0.013899341186317082,0.05770487369598303,2.976351441631313e-05,0.3946865687891422
N300,180,149,0.01,0.014373511243558908,0.013954378141489365,-0.03576906045160557,0.01,0.4171508346272459
N300,180,150,0.0001,0.762625537039074,0.012471092106559611,0.03841137091533934,3.359818286283781e-06,0.3695934660727813
N300,180,151,6.158482110660254e-07,15.72456968743749,0.0334999431014632,0.07706603236446569,0.01,0.34718092436237014
N300,180,152,1.2742749857031322e-06,10.282887062986317,0.017728320998419256,0.02719645266833529,6.951927961775606e-06,0.3864677812701188
N300,180,153,0.01,0.013393686966468605,0.013957623459251223,-0.019919061701604963,3.359818286283781e-06,0.3977672399464627
N300,180,154,2.06913808111479e-06,7.592040803471881,0.032831582245543056,0.07723010835612505,3.792690190732246e-05,0.367024475212888
N300,180,155,1.6237767391887209e-06,8.792959326014183,0.025098615698254334,0.06836446636699338,2.976351441631313e-05,0.41730361043413916
N300,180,156,1e-06,11.8237179974234,0.0483680244398742,0.04150593846778236,3.792690190732246e-05,0.409881352653804
N300,180,157,1.438449888287663e-07,35.31240034236877,0.07867950190512596,0.03136858279146859,2.6366508987303555e-06,0.39684994792209427
N300,180,158,1.6237767391887209e-06,8.939509437451946,0.007999725930746826,0.09656168300124607,4.281332398719387e-06,0.37346028968347716
N300,180,159,3.792690190732246e-05,1.3551458793580173,0.013258626931184292,0.03166989250225454,3.359818286283781e-06,0.3449351175422164
N300,180,160,0.01,0.013728520563672904,0.013927429748139541,0.03936381963052072,2.6366508987303555e-06,0.4045780764906522
N300,180,161,0.00143844988828766,0.09509044740577256,0.013982157565505582,-0.006669486228802567,1.43844988828766e-05,0.4156987822647463
N300,180,162,0.01,0.014537100032442348,0.013929271740096949,0.039409453914985175,8.858667904100815e-06,0.42243723564165614
N300,180,163,3.792690190732246e-05,1.3956511452428222,0.01276492128935558,0.03509879762151891,4.281332398719387e-06,0.3756686131903335
N300,180,164,0.01,0.01306761150355595,0.013938618007626746,0.006901867289394888,3.359818286283781e-06,0.38407950938529645
N300,180,165,0.00020691380811147902,0.48830231985637174,0.013629486732032348,0.020767076768818216,0.0003359818286283774,0.40530995516742563
N300,180,166,4.8329302385717524e-05,1.2235290680944884,0.01178303385752133,0.0497906296000688,4.281332398719387e-06,0.3662439548881806
N300,180,167,0.01,0.01230232303127905,0.013958065681293097,-0.013707516926320263,4.281332398719387e-06,0.3682733134746441
N300,180,168,0.01,0.012263018061683865,0.013899660855357876,0.034285716146588055,2.06913808111479e-06,0.377639547681087
N300,180,169,2.976351441631313e-05,1.5679331444272173,0.007716082238917066,0.08710670283506647,5.455594781168514e-06,0.35599088713489935
N300,180,170,6.158482110660254e-07,15.921893165006447,0.037494475692577134,0.02568527063036333,8.858667904100815e-06,0.40959167205041613
N300,180,171,0.01,0.012847924358021266,0.013931794860429947,0.07645420307913471,4.281332398719387e-06,0.38911480659626646
N300,180,172,2.976351441631313e-07,24.214973138417584,0.07510553243080775,0.009229479111679562,0.0005455594781168515,0.40351157498642287
N300,180,173,6.158482110660254e-07,15.98543743603868,0.05481165670357335,0.028036365446558697,0.01,0.3786862268796569
N300,180,174,3.359818286283781e-06,5.750143381584076,0.004564719520845473,0.10606280239635466,5.455594781168514e-06,0.3695813399859725
N300,180,175,7.847599703514607e-07,13.776788609616894,0.015497074631792285,0.081718558507469,2.6366508987303555e-06,0.41321074666452884
N300,180,176,1.438449888287663e-07,35.426224196768736,0.10088646628350506,0.08294490601727827,0.0005455594781168515,0.3899040688166808
N300,180,177,1.2742749857031322e-06,9.9594643572887,0.028356824915219403,0.04718379551901991,0.0005455594781168515,0.3662446725687918
N300,180,178,2.6366508987303555e-06,6.665071925930272,0.015280912768904309,0.06241500243215711,2.3357214690901213e-05,0.4175079333116726
N300,180,179,4.281332398719387e-06,4.93391290354129,0.01134195299238816,0.07640206688382774,4.281332398719387e-06,0.35551827972686223
N300,180,180,0.01,0.014541401734258884,0.013919257842970212,0.05725437834392961,1.43844988828766e-05,0.4202671740687753
N300,180,181,0.01,0.013027346159559899,0.013909760063235854,0.025301616821880032,1.1288378916846883e-05,0.38839986379370395
N300,180,182,0.0011288378916846883,0.09890175757831962,0.013655110019270777,0.0212228442049363,0.00042813323987193956,0.362308005873321
N300,180,183,6.158482110660254e-07,15.964357064025595,0.06726109151038118,-0.022416566920915242,0.00020691380811147902,0.3993196839717141
N300,180,184,0.01,0.012196911861147788,0.013874512115539028,0.025568168034501786,0.00042813323987193956,0.3739518158652321
N300,180,185,1.8329807108324338e-07,31.489803667252513,0.1083373121219996,0.018816536540374837,1.1288378916846883e-05,0.39683907185383194
N300,180,186,0.0001,0.8280185162595102,0.01375179353485545,0.020637389496533962,4.8329302385717524e-05,0.42223961240875607
N300,180,187,1.43844988828766e-05,2.3984725025023383,0.02691784544167375,0.050507275735081875,0.00042813323987193956,0.383696359318934
N300,180,188,0.01,0.01287316911961569,0.013938761165794511,0.005297985005902505,3.359818286283781e-06,0.38420623903266093
N300,180,189,0.01,0.014204640967910485,0.013938275207458828,0.015465956374400118,6.951927961775606e-06,0.41314191545235474
N300,180,190,0.01,0.012869345176912381,0.013868453351598364,0.025747196702994843,0.00042813323987193956,0.38522388712827305
N300,180,191,1e-06,11.83725961544356,0.021982805980732878,0.09054731087098981,5.455594781168514e-06,0.38215534533187345
N300,180,192,5.455594781168514e-06,4.215205465200711,0.0056868091766656415,0.10154823967001719,3.359818286283781e-06,0.38797500548895936
N300,180,193,6.158482110660255e-05,1.0548617164542058,0.022467146915363556,-0.013433413933452801,0.01,0.37308459309946246
N300,180,194,2.6366508987303555e-06,6.351286820878434,0.03295327181953411,0.044163961314200764,0.01,0.3419399897355146
N300,180,195,1.6237767391887209e-06,8.8277597447282,0.016203816592379794,0.09162137698382114,6.951927961775606e-06,0.3990204458752169
N300,180,196,4.8329302385717524e-05,1.231679264671024,0.01810903660774843,0.039786701995604794,0.00042813323987193956,0.38810163916519225
N300,180,197,4.281332398719387e-06,4.968697780709534,0.00828016592794012,0.08454769969544033,8.858667904100815e-06,0.40192367409716706
N300,180,198,3.359818286283781e-06,5.745968881531001,0.01132862601646123,0.06049170159514864,8.858667904100815e-06,0.4109130861886836
N300,180,199,7.847599703514606e-05,0.9407743716023773,0.02923544986557325,0.025997477786308048,0.0011288378916846883,0.3986266980541512
N300,240,0,2.3357214690901213e-05,1.8826309544178774,0.010096192191693332,0.06343368936367792,3.359818286283781e-06,4.293371471107888
N300,240,1,0.00016237767391887175,0.5684595052722667,0.013042394708069227,0.03641067806232856,3.359818286283781e-06,4.266436109044506
N300,240,2,0.01,0.013953566597554624,0.013928507625002196,0.02294690420905253,4.281332398719387e-06,4.253057071604697
N300,240,3,0.01,0.013986079693347673,0.013920949439712449,0.0162804817579396,0.0003359818286283774,4.311977445675085
N300,240,4,0.01,0.01245624334167065,0.013888035204079885,0.045836689056118624,2.976351441631313e-05,4.284351202250531
N300,240,5,0.01,0.013668105135088223,0.013905616935924958,0.06675459271612769,6.951927961775606e-06,4.299295545690186
N300,240,6,2.976351441631313e-05,1.6195548072906378,0.015159315931456141,0.015844206385320626,0.0003359818286283774,4.2016639434185725
N300,240,7,0.01,0.01254251617588472,0.013972801312162608,-0.02381003608944547,0.01,4.214556382805711
N300,240,8,0.01,0.013163271807955223,0.013907373264907763,0.0477711253370101,2.6366508987303555e-06,4.206625432864022
N300,240,9,0.01,0.012705704804695203,0.013922005779580027,0.04715216583737965,2.06913808111479e-06,4.212274562938666
N300,240,10,0.0006951927961775591,0.17808554928877984,0.013691916953626593,0.031171218556113253,2.06913808111479e-06,4.201386347351724
N300,240,11,0.01,0.01339896179142082,0.013901527457332308,0.029213057982805924,3.359818286283781e-06,4.172570034424529
N300,240,12,0.01,0.013665024482054228,0.01392876649571384,0.08045625798491594,3.359818286283781e-06,4.20933935145305
N300,240,13,1e-06,12.050466503042378,0.01493945242090955,0.07427813288912699,4.281332398719387e-06,4.208535834204562
N300,240,14,2.976351441631313e-07,24.94497235129052,0.05506496547676554,0.038095361818646735,5.455594781168514e-06,4.275073711502948
N300,240,15,7.847599703514607e-07,13.86849232692827,0.0151331769019315,0.055848621363770216,3.359818286283781e-06,4.1659892130209215
N300,240,16,2.06913808111479e-06,7.746773476829333,0.006352832669885178,0.09474652031923105,3.359818286283781e-06,4.305495962533448
N300,240,17,1.8329807108324338e-07,32.323602480165725,0.06673751791935978,0.044015942683332455,0.01,4.284773827539877
N300,240,18,1.1288378916846883e-07,40.92286434096521,0.09164478609308102,0.028983570198786446,4.281332398719387e-06,4.1678757301719385
N300,240,19,6.158482110660254e-07,16.38115203580109,0.023116727827315553,0.052974649094121994,3.359818286283781e-06,4.277367298307175
N300,240,20,1.8329807108324338e-07,32.665502559951385,0.05555505145677808,0.07932262605853227,3.359818286283781e-06,4.3434388489442
N300,240,21,0.01,0.012989844159363863,0.013927992873075667,0.10471183669244594,2.6366508987303555e-06,4.288065489463986
N300,240,22,0.01,0.0125786842141524,0.013931318116387259,0.0681611136116791,5.455594781168514e-06,4.172691724616372
N300,240,23,1.6237767391887209e-06,8.946984254242558,0.021507204011329217,0.06420667190578347,0.01,4.231420138480328
N300,240,24,1.2742749857031322e-06,10.358658858008136,0.012723236246275582,0.08168181530235605,4.281332398719387e-06,4.237324665466288
N300,240,25,3.359818286283781e-06,5.656243992676019,0.01179918372110944,0.05725625859692629,5.455594781168514e-06,4.2154823238183825
N300,240,26,7.847599703514606e-05,0.9274523353582529,0.012751764804230015,0.03518917043265711,4.281332398719387e-06,4.343503815444728
N300,240,27,0.01,0.01254223135147187,0.013949091881945708,-0.004436743450738288,2.6366508987303555e-06,4.202829082443147
N300,240,28,1.8329807108324338e-07,32.52243979927717,0.04868697984979942,0.05688850821721366,1.43844988828766e-05,4.225265424040886
N300,240,29,4.281332398719387e-06,5.005247987442175,0.00395115655382261,0.10598335420796295,5.455594781168514e-06,4.3308034271999905
N300,240,30,0.01,0.013140740206760234,0.013942709871549552,-0.00047597160713921244,3.359818286283781e-06,4.281612133155273
N300,240,31,1.8329807108324338e-05,2.0914379085064563,0.0069642081032229575,0.08692946155163032,3.359818286283781e-06,4.1750983224660425
N300,240,32,1.8329807108324338e-05,2.1530400659114393,0.013702618287776636,0.05828886116566268,4.8329302385717524e-05,4.247580455087693
N300,240,33,0.01,0.012946057162455392,0.013938880549015487,0.0199060541687764,4.281332398719387e-06,4.24957547724973
N300,240,34,0.01,0.013213251379922245,0.013901691500537328,0.040049716018472646,3.359818286283781e-06,4.250302327844113
N300,240,35,0.01,0.01391977217461669,0.013904945631997068,0.03467927097201117,3.359818286283781e-06,4.331098757851965
N300,240,36,8.858667904100815e-06,3.137801016894453,0.019364773243027877,0.01908762615804664,0.01,4.153037924418612
N300,240,37,0.01,0.015055279621676548,0.013913248879973361,0.04294787292649128,2.976351441631313e-05,4.314576216906343
N300,240,38,3.359818286283781e-06,5.607498091019281,0.012559228342606032,0.06765221267523636,6.951927961775606e-06,4.192770693189285
N300,240,39,2.6366508987303555e-06,6.618032014055019,0.029828172476295323,0.011572483149294197,0.01,4.258532015562353
N300,240,40,0.00020691380811147902,0.4736812598665155,0.012607555886018806,0.04254630153825923,4.281332398719387e-06,4.262383655811667
N300,240,41,0.01,0.013090040735750291,0.013955146280424713,-0.009805118199122002,4.281332398719387e-06,4.200008789838639
N300,240,42,0.01,0.012184922211671135,0.013956035899122088,-0.025544035350282494,0.01,4.2284900960340455
N300,240,43,2.976351441631313e-05,1.6110333362010096,0.02087591801037425,0.03400395427302014,0.00042813323987193956,4.221215472996199
N300,240,44,2.3357214690901213e-05,1.847838947522121,0.014815999220325504,0.020549774504834216,0.00026366508987303556,4.193288726931525
N300,240,45,3.359818286283781e-06,5.700825372508552,0.00521839681209002,0.10029606202445909,5.455594781168514e-06,4.2579708196577295
N300,240,46,0.00016237767391887175,0.5964686177223202,0.012581839958745067,0.036946204346158446,0.0001,4.328454249400896
N300,240,47,0.00020691380811147902,0.45950386925007325,0.012676867534448522,0.0365580016356081,4.281332398719387e-06,4.181634336084694
N300,240,48,2.06913808111479e-06,7.722791820925726,0.008158418437178572,0.10389458390515935,4.281332398719387e-06,4.280976730166586
N300,240,49,8.858667904100815e-06,3.1885427583445503,0.008802387456471328,0.07570888224854813,8.858667904100815e-06,4.232546827242107
N300,240,50,1.1288378916846883e-05,2.8047556201742356,0.010076007157924338,0.07126464253247587,2.06913808111479e-06,4.25261489694127
N300,240,51,6.158482110660254e-07,16.256852010650615,0.023816865370651974,0.09237427887520776,4.281332398719387e-06,4.260115269427997
N300,240,52,0.0001,0.8334121956413558,0.014184870725357013,0.007916715859957752,3.359818286283781e-06,4.252302585548158
N300,240,53,7.847599703514606e-05,0.9336691937869327,0.011674170589502486,0.06569309571946293,1.1288378916846883e-05,4.298022894811289
N300,240,54,2.6366508987303555e-06,6.797004890756497,0.0049884786480998144,0.09513380207803618,3.359818286283781e-06,4.382933883519128
N300,240,55,0.003792690190732238,0.03026580412453766,0.013947458879208674,-0.0011136680946282516,8.858667904100815e-06,4.247586576510859
N300,240,56,4.8329302385717524e-05,1.271024638348743,0.013263057559200986,0.04475427515331283,0.00016237767391887175,4.344965415348608
N300,240,57,7.847599703514606e-05,0.9372080882163626,0.01851042564091221,0.030599250263366025,0.0005455594781168515,4.279043660675402
N300,240,58,0.01,0.012469727482566193,0.01393036369501044,0.023605208787293074,4.281332398719387e-06,4.311373428783326
N300,240,59,6.951927961775606e-06,3.6817432443666176,0.009470053531723366,0.07525307249201349,1.1288378916846883e-05,4.248383445809893
N300,240,60,7.847599703514607e-07,13.973139008897872,0.025081555887826457,0.06563456186845713,4.281332398719387e-06,4.257952259385853
N300,240,61,1e-06,12.01931263890786,0.029246590735413913,0.04911077655773985,2.976351441631313e-05,4.246810265087313
N300,240,62,4.281332398719387e-06,4.842399346898087,0.005713701809069938,0.09596170384787213,3.359818286283781e-06,4.18362102007113
N300,240,63,4.281332398719387e-06,4.811312345162815,0.010622862291227109,0.06885550237104995,3.359818286283781e-06,4.161090320288655
N300,240,64,6.951927961775606e-06,3.7828214411693954,0.0077611815640785675,0.07901885065359697,3.359818286283781e-06,4.354248195144317
N300,240,65,0.01,0.013166018085478615,0.01394237690093203,-0.00033769449221445256,0.01,4.205731188891176
N300,240,66,6.158482110660254e-07,16.128561140613158,0.02244742355122009,0.05318043584658314,3.359818286283781e-06,4.197622761629981
N300,240,67,2.6366508987303555e-06,6.614455289295574,0.02207305540710125,0.07367146511932861,2.976351441631313e-05,4.25013497547166
N300,240,68,2.06913808111479e-06,7.678591894536912,0.011518606336568427,0.08926230212528934,6.951927961775606e-06,4.25564767464722
N300,240,69,0.0001,0.7845872644059599,0.01155015471176768,0.061450370799317616,2.6366508987303555e-06,4.187637627544347
N300,240,70,2.976351441631313e-07,24.689189200501723,0.07480685784405339,0.030153610478505885,0.00042813323987193956,4.200657529340981
N300,240,71,3.792690190732246e-05,1.46369967072697,0.012770281090402014,0.03455916836114661,3.359818286283781e-06,4.331830129142672
N300,240,72,0.01,0.014074180540346164,0.01394069178183499,0.0033275237211791917,2.3357214690901213e-05,4.184829572926815
N300,240,73,0.01,0.01362635403012593,0.01392253052400605,0.028402670687266048,3.359818286283781e-06,4.1759608260904315
N300,240,74,8.858667904100815e-06,3.129146465682343,0.010922211163209572,0.05519113598817335,8.858667904100815e-06,4.1506025738159975
N300,240,75,0.01,0.013321994034375544,0.01393491548705117,0.015157903175162813,2.6366508987303555e-06,4.271895800782544
N300,240,76,1.8329807108324338e-05,2.155960367385365,0.010132179033728872,0.06956672692773537,3.792690190732246e-05,4.239406040678812
N300,240,77,0.01,0.014241280116041782,0.013930230064977622,0.09491001014666275,3.359818286283781e-06,4.233795268923067
N300,240,78,0.01,0.013345800332470355,0.013900976524347075,0.030208559626461157,2.6366508987303555e-06,4.236271186528442
N300,240,79,0.01,0.013895822415189663,0.013937496966593188,0.007677311434402916,0.0006951927961775591,4.318978770984169
N300,240,80,2.06913808111479e-06,7.700663184178108,0.006391381060915968,0.10076344932446683,3.359818286283781e-06,4.2298524245506135
N300,240,81,0.01,0.014211109031428129,0.013928283465258429,0.03898711811934243,8.858667904100815e-06,4.248327916340428
N300,240,82,0.01,0.013802118134511022,0.013941541056479934,0.002728080063119161,3.359818286283781e-06,4.155379949400562
N300,240,83,0.01,0.013615546887933665,0.013924860294740604,0.033572459407241774,2.6366508987303555e-06,4.321509732768465
N300,240,84,2.976351441631313e-05,1.6356534594244878,0.015167887274517233,0.016185181899340862,0.01,4.237322067030727
N300,240,85,0.01,0.013147666193404326,0.013881428537605212,0.03125376465529704,4.281332398719387e-06,4.241112103704753
N300,240,86,0.01,0.011940056445386085,0.013909601267671823,0.021985620150812533,4.281332398719387e-06,4.135228895251178
N300,240,87,3.792690190732246e-07,21.52732225565229,0.040423354206078455,0.050482930636580645,1.1288378916846883e-05,4.22828950608076
N300,240,88,6.158482110660254e-07,16.02974923743414,0.027371711109036245,0.08049068622234042,4.281332398719387e-06,4.217192586649424
N300,240,89,4.832930238571752e-07,18.77549013299497,0.061702840884684584,0.009500699752012745,3.792690190732246e-05,4.239006011145567
N300,240,90,2.6366508987303555e-06,6.419773010202011,0.005551726236105448,0.09244330374703405,2.6366508987303555e-06,4.106541084507146
N300,240,91,0.01,0.01275735377052173,0.013884207616066235,0.03834043354954033,2.3357214690901213e-05,4.3107996615532524
N300,240,92,0.01,0.014266519808585607,0.013909746408239387,0.035605829174467724,2.6366508987303555e-06,4.324287500658179
N300,240,93,0.01,0.013345684469806513,0.01389934669678905,0.03419708164823949,2.6366508987303555e-06,4.2538019952844675
N300,240,94,1.43844988828766e-05,2.4608568222978366,0.01711025025724522,0.06440715466315991,0.00020691380811147902,4.279974671183377
N300,240,95,5.4555947811685146e-08,57.62929894162226,0.23485065408630457,0.062273615408916405,5.455594781168514e-06,4.220896728910325
N300,240,96,8.858667904100815e-06,3.256603825417914,0.007670660240105431,0.0960478970073631,3.359818286283781e-06,4.329354778382813
N300,240,97,3.792690190732246e-07,21.381386119268853,0.0550136443138457,0.016761618078083212,0.0003359818286283774,4.145466725692335
N300,240,98,1.1288378916846883e-05,2.802925756551495,0.018830483325167457,0.030206809657865753,0.01,4.265873449493424
N300,240,99,1.2742749857031322e-06,10.395868722876731,0.012496734932471276,0.09489478871237365,4.281332398719387e-06,4.258418803720846
N300,240,100,7.847599703514607e-07,14.13943291524137,0.011883081369683746,0.09227602857688041,3.359818286283781e-06,4.299897803770678
N300,240,101,2.6366508987303555e-06,6.512109544720492,0.006864929505213779,0.09825528335081365,4.281332398719387e-06,4.181946767581165
N300,240,102,0.01,0.013074381534658721,0.013925981428993595,0.04509848971717081,3.359818286283781e-06,4.220951381109221
N300,240,103,0.01,0.015062026275303161,0.013943760363220536,-0.0034408779811305654,3.359818286283781e-06,4.31386712366027
N300,240,104,0.01,0.012618760865916654,0.013933814463937044,0.07529677522898691,4.281332398719387e-06,4.171814306846097
N300,240,105,1.438449888287663e-07,36.36124948578324,0.07956706724051787,0.044140719544770786,3.359818286283781e-06,4.188048166771622
N300,240,106,1.8329807108324338e-07,31.955139414120044,0.07095836996290716,0.03319072382859918,0.00016237767391887175,4.146089278085471
N300,240,107,1.2742749857031322e-06,10.339289622431007,0.029649870894362107,0.03979896254190658,0.0003359818286283774,4.202499296347135
N300,240,108,0.0001274274985703132,0.6735325970610466,0.013819170214071752,0.026742453068514117,0.0003359818286283774,4.258334586284733
N300,240,109,1.1288378916846883e-07,41.11483607191832,0.09758835345044925,0.034859071279182516,3.359818286283781e-06,4.242050408308198
N300,240,110,0.01,0.014434605971170538,0.01394975480771643,-0.007911388466642934,2.06913808111479e-06,4.1961281757734215
N300,240,111,0.01,0.012485773892451382,0.013944731459129334,-0.008959983147099119,0.01,4.201108860396766
N300,240,112,2.3357214690901213e-05,1.9493607728398534,0.009095832382809421,0.07156920358382608,4.281332398719387e-06,4.364861688446155
N300,240,113,1.2742749857031322e-06,10.209729797639124,0.017681835587691208,0.08510600781400281,6.158482110660255e-05,4.183284171784844
N300,240,114,1.438449888287663e-07,36.22898431255434,0.09897243635696051,0.0039884276910700425,0.002976351441631313,4.155365860917607
N300,240,115,2.06913808111479e-06,7.663971347930197,0.012566780168173364,0.05595728213519428,8.858667904100815e-06,4.2529533496017145
N300,240,116,0.01,0.01314514591467723,0.013928040756196136,0.03495149347991353,4.281332398719387e-06,4.163865021997513
N300,240,117,2.3357214690901212e-07,28.3403640383231,0.04597289147943362,0.0724793419763669,3.359818286283781e-06,4.25346922898054
N300,240,118,4.8329302385717524e-05,1.245696298687547,0.017436409257436947,0.024789684733478572,0.00042813323987193956,4.239466168985754
N300,240,119,7.847599703514607e-07,13.855367055972787,0.040566373119575005,0.08181433689179857,0.01,4.16663664704636
N300,240,120,4.832930238571752e-07,18.9236638197751,0.041085800044813214,0.03178703634741259,0.01,4.2926412629068516
N300,240,121,4.8329302385717524e-05,1.2131584080441584,0.011879659262024833,0.04753673560973785,8.858667904100815e-06,4.199210573551651
N300,240,122,4.281332398719387e-06,4.829333420969717,0.005532897644401791,0.09397804906383467,3.359818286283781e-06,4.174243495205177
N300,240,123,0.01,0.012560789071819466,0.01388391470947603,0.03200482184324429,3.359818286283781e-06,4.325011782053217
N300,240,124,0.01,0.013265823445797006,0.013956296166952709,-0.021671661141035733,0.01,4.345374785689406
N300,240,125,6.158482110660254e-07,16.35942495095503,0.026360985670836112,0.05945580932419895,4.281332398719387e-06,4.262467041319183
N300,240,126,1.6237767391887209e-06,9.012571263819245,0.020780586283061564,0.0705621031052996,0.00042813323987193956,4.2970077109505045
N300,240,127,7.847599703514607e-07,13.818715345278632,0.020337619106805538,0.10980541644695932,6.951927961775606e-06,4.182301311314814
N300,240,128,1.6237767391887209e-06,8.971647947028092,0.021152043958638234,0.07445584743763137,2.3357214690901213e-05,4.2851221197536375
N300,240,129,0.01,0.011555115956174651,0.013940371607042645,0.016844802513770223,2.6366508987303555e-06,4.203036506006804
N300,240,130,1.8329807108324338e-07,32.56891023303971,0.05848460725091498,0.06592644848840568,3.359818286283781e-06,4.314669030059262
N300,240,131,4.281332398719396e-08,63.832553721201016,0.17727187440308045,0.04778787568536371,3.359818286283781e-06,4.198668399658998
N300,240,132,0.01,0.014198674091408157,0.01393655513731984,0.008243175776459815,4.281332398719387e-06,4.299818040985986
N300,240,133,1.43844988828766e-05,2.4451895991304227,0.009231018473706887,0.07662426951538262,4.281332398719387e-06,4.253879573064849
N300,240,134,0.0001274274985703132,0.6726724721197038,0.013020743112122202,0.030791890116872306,3.359818286283781e-06,4.17611396171108
N300,240,135,0.01,0.011995861593089496,0.013898818129591484,0.02585026494855571,3.359818286283781e-06,4.2520513544218
N300,240,136,7.847599703514606e-05,0.9483604232169114,0.023646246169879093,-0.019541897335343412,0.01,4.3025417823607786
N300,240,137,0.01,0.014856269282622191,0.013945851092845518,-0.009154495810711094,3.359818286283781e-06,4.264745219412067
N300,240,138,6.158482110660254e-07,16.02578600119689,0.020937804867467436,0.05183172662422925,0.00026366508987303556,4.207040934418425
N300,240,139,0.01,0.012851615083698628,0.01391333465505129,0.023164026440245348,0.00016237767391887175,4.216653511859658
N300,240,140,4.281332398719387e-06,4.837550494835493,0.011369686198269502,0.06636715577602202,8.858667904100815e-06,4.181387942821016
N300,240,141,1.2742749857031322e-06,10.456603487281168,0.026881104631540587,0.044165754392202196,0.01,4.285963793769599
N300,240,142,0.01,0.013722034996080396,0.013939025084884982,0.03057560651191798,2.6366508987303555e-06,4.235502812979748
N300,240,143,4.281332398719387e-06,4.955219275871715,0.013895182049120325,0.07507078117163321,0.00026366508987303556,4.279295974395631
N300,240,144,0.01,0.012282918345959733,0.013953808250259825,-0.012911625735578176,4.281332398719387e-06,4.226038424039388
N300,240,145,1.2742749857031322e-06,10.420240434228942,0.010625623407178542,0.08289013759880916,3.359818286283781e-06,4.225982459760542
N300,240,146,0.0018329807108324375,0.06870747325130074,0.013560498947576827,0.028754525107618903,0.0003359818286283774,4.1764111185043
N300,240,147,0.01,0.01247268897195424,0.013947796558291148,-0.005073674098570602,0.01,4.281003442629379
N300,240,148,5.455594781168514e-06,4.270075292880211,0.019205490413627957,0.08220625287756352,2.976351441631313e-05,4.270075292880211
N300,240,149,0.01,0.014587892502220192,0.013938903114343093,0.008803047942207678,3.359818286283781e-06,4.303686067201286
N300,240,150,8.858667904100815e-06,3.1811020229039286,0.01741715064422944,0.05480633464775,0.0003359818286283774,4.236787824780639
N300,240,151,2.976351441631313e-07,24.558321651183146,0.03691390432842867,0.07487759180005221,0.01,4.244247573309936
N300,240,152,3.359818286283781e-06,5.67748736238567,0.012174555034602741,0.04459076919477219,6.951927961775606e-06,4.249388587011377
N300,240,153,0.01,0.012730509030223462,0.013943034124209386,-0.0010312348841797054,2.06913808111479e-06,4.274330547392218
N300,240,154,3.792690190732246e-05,1.4042682694362232,0.010835225180790498,0.058726489641660475,3.792690190732246e-05,4.247957229317059
N300,240,155,7.847599703514623e-09,114.93731093255163,0.5026970556400129,0.019606352643399355,1.1288378916846883e-05,4.124755889338504
N300,240,156,0.01,0.01321659869782299,0.01392457751229037,0.05637180445792156,1.8329807108324338e-05,4.171094063367746
N300,240,157,2.06913808111479e-06,7.678093890850633,0.002186821938579997,0.1095253297001222,3.359818286283781e-06,4.248948382336597
N300,240,158,0.01,0.012243500931368657,0.013923238225923229,0.07163994535580445,3.359818286283781e-06,4.275841592270548
N300,240,159,5.455594781168514e-06,4.200449603765373,0.008555550314294114,0.07360769299420189,2.06913808111479e-06,4.200449603765373
N300,240,160,0.01,0.01349424816765994,0.01395009558798177,-0.014056552940742009,0.01,4.315734708654487
N300,240,161,2.6366508987303555e-06,6.640346161184815,0.014317727714383,0.049390814388373,1.8329807108324338e-05,4.268597910421782
N300,240,162,8.858667904100815e-06,3.2764971151952023,0.007586274231208834,0.08155226284777253,2.6366508987303555e-06,4.334844612438694
N300,240,163,0.01,0.012871429509521823,0.013911633796374945,0.04805660716882203,3.359818286283781e-06,4.183177306988169
N300,240,164,1e-06,11.915587691838148,0.010495066869926184,0.08354411752218963,3.359818286283781e-06,4.121755636108373
N300,240,165,6.158482110660254e-07,16.143054782490267,0.03304660797345693,0.04166618529678952,0.00026366508987303556,4.257692980359398
N300,240,166,1.8329807108324338e-05,2.1456781371913554,0.014443778220048498,0.0383469821827827,0.00020691380811147902,4.277511974328611
N300,240,167,0.01,0.011676513595201849,0.013923814859754802,0.1072249914612886,3.359818286283781e-06,4.161816553947777
N300,240,168,5.455594781168514e-06,4.248974642197785,0.01465550608500521,0.05831441074869956,0.00016237767391887175,4.248974642197785
N300,240,169,0.01,0.011906874728929484,0.013909532850215567,0.03250418519110359,4.281332398719387e-06,4.251694413645959
N300,240,170,1.6237767391887209e-06,8.94703574089119,0.023877970970336615,0.060826234377451265,0.0003359818286283774,4.272019359706208
N300,240,171,2.06913808111479e-06,7.817440939243228,0.009594358208924847,0.06719297856474257,3.359818286283781e-06,4.3379426448838165
N300,240,172,0.00026366508987303556,0.4055683192831223,0.01312682390801223,0.02862220759378929,0.00026366508987303556,4.306536478422889
N300,240,173,0.01,0.012443915166579517,0.013945191878268148,-0.0022330965011620905,6.951927961775606e-06,4.2223989815330905
N300,240,174,0.01,0.01210024649153126,0.013919178192272952,0.10318602959696986,4.281332398719387e-06,4.2991589002430555
N300,240,175,7.847599703514607e-07,14.014073006427546,0.010296546345335722,0.10533429392680432,2.6366508987303555e-06,4.261962166188732
N300,240,176,1e-06,11.965036626992303,0.022441092590344325,0.09962513162374817,0.0003359818286283774,4.187432802152189
N300,240,177,3.792690190732246e-05,1.3910477538968857,0.015726559497889148,0.004490956766665914,0.0005455594781168515,4.165755884562214
N300,240,178,0.01,0.01313790449368276,0.013922651129367969,0.05097957892241691,1.1288378916846883e-05,4.29819576824207
N300,240,179,1.8329807108324338e-07,32.213578990288326,0.05778258351068766,0.06765898516720274,4.281332398719387e-06,4.239074404972686
N300,240,180,0.01,0.014386398685615483,0.013934115236330702,0.018112893671535145,2.6366508987303555e-06,4.236722438866616
N300,240,181,0.01,0.012617667925730247,0.013916404668457893,0.026843804251198318,3.359818286283781e-06,4.160437421959565
N300,240,182,0.01,0.012789254522567942,0.013897831426203267,0.028571128395686523,2.6366508987303555e-06,4.324310967972551
N300,240,183,0.01,0.013974895738566102,0.013924339839615274,0.027396907911650687,2.3357214690901213e-05,4.251149733484138
N300,240,184,6.951927961775606e-06,3.7002754247768674,0.021124288039415462,0.055332197259143644,0.0003359818286283774,4.269614717994296
N300,240,185,1e-06,12.066746495540526,0.02654300329228365,0.034767976366597175,8.858667904100815e-06,4.2236942924667575
N300,240,186,8.858667904100815e-08,46.38463088450759,0.10917729659487818,0.044905238902412804,5.455594781168514e-06,4.24238424899661
N300,240,187,0.01,0.013178140640036817,0.013885936416417888,0.02695640382424578,0.00026366508987303556,4.171973457366697
N300,240,188,5.455594781168514e-06,4.197834803537034,0.007148753823001619,0.0841922800219296,3.359818286283781e-06,4.197834803537034
N300,240,189,7.847599703514607e-07,14.005215279339732,0.02100706367083094,0.04084898421200156,4.281332398719387e-06,4.223782525691453
N300,240,190,0.01,0.012255559721760616,0.013894104404878926,0.029831559420687388,0.0001,4.1477744547627085
N300,240,191,4.832930238571752e-07,18.540406586502378,0.03209013430429841,0.08026529255902444,5.455594781168514e-06,4.238268920856132
N300,240,192,1.2742749857031322e-06,10.362310853449605,0.017811498890810795,0.06486105365779299,4.281332398719387e-06,4.248913791581265
N300,240,193,4.8329302385717524e-05,1.2481245885255423,0.023222020891416784,-0.01626351520082352,0.01,4.266844180227616
N300,240,194,0.01,0.011162143546245699,0.01394717369429832,-0.0034303959999946636,0.01,4.071511060325039
N300,240,195,3.792690190732246e-05,1.4252240164182726,0.015800996460765604,0.02067302099064736,0.01,4.234844116294963
N300,240,196,0.01,0.01289040086261524,0.013878870031949875,0.03181804399379437,3.359818286283781e-06,4.196189359821025
N300,240,197,0.01,0.01373138943532733,0.013897066315679218,0.04527479096449665,3.359818286283781e-06,4.337943547950823
N300,240,198,6.158482110660255e-05,1.0861537584276806,0.014498629501228488,0.010312004147527162,4.281332398719387e-06,4.278822221180921
N300,240,199,0.01,0.012739228315085673,0.013846702078958217,0.024661165025281775,0.0006951927961775591,4.262723659994146
N300,360,0,2.3357214690901213e-05,1.877264195117272,0.013264020068254667,0.049659656139399266,2.06913808111479e-06,5.750568956247285
N300,360,1,4.832930238571752e-07,19.280666813054637,0.013843905677606183,0.08365065274940514,2.6366508987303555e-06,5.773012819326052
N300,360,2,0.0006951927961775591,0.18280101380451091,0.01404103383973998,-0.0037554084566681317,3.359818286283781e-06,5.735619509115124
N300,360,3,1.2742749857031322e-06,10.551866014072782,0.016342672641022404,0.02951260366728065,8.858667904100815e-06,5.764482999375263
N300,360,4,0.01,0.012207487456194918,0.013906206412991673,0.03950034768491139,2.06913808111479e-06,5.7591152112595925
N300,360,5,4.281332398719387e-06,4.995424303567572,0.004087691565901941,0.1005103030679979,2.6366508987303555e-06,5.788942587124787
N300,360,6,0.00042813323987193956,0.2534377850315944,0.013459473878982608,0.022746979345150395,0.00026366508987303556,5.699348665590499
N300,360,7,0.01,0.013784888587533663,0.013950273501129984,-0.02059695502555602,0.01,5.77591821659311
N300,360,8,4.8329302385717524e-05,1.2281778357630313,0.013401642813368642,0.03260150276229686,1.6237767391887209e-06,5.6478087689218155
N300,360,9,2.3357214690901213e-05,1.8216840186617214,0.01082384741688669,0.0655326385473886,1.6237767391887209e-06,5.631265110316737
N300,360,10,7.847599703514607e-07,14.05566855090571,0.011242833594896862,0.06774193484063694,2.06913808111479e-06,5.670055003967515
N300,360,11,0.01,0.01263027436214705,0.01390935971373275,0.03181962642552446,2.6366508987303555e-06,5.63940117704861
N300,360,12,1.43844988828766e-05,2.405517443478149,0.008145514527170161,0.08201426403213022,2.6366508987303555e-06,5.659724827326092
N300,360,13,6.158482110660254e-07,16.555135507716667,0.014122236778031483,0.08436315249999135,2.6366508987303555e-06,5.719150875802956
N300,360,14,6.158482110660254e-07,16.52414941787187,0.026447196847464327,0.056161374627184936,4.281332398719387e-06,5.72697600865344
N300,360,15,6.951927961775605e-08,53.893819232265884,0.08143640142488862,0.06349927219597733,2.6366508987303555e-06,5.65388425940907
N300,360,16,2.6366508987303555e-06,6.714502300923201,0.004129029650970284,0.10097290382731858,3.359818286283781e-06,5.784656556368846
N300,360,17,0.01,0.012834011809694457,0.013958356916280334,-0.012291751459431679,2.6366508987303555e-06,5.73286996050974
N300,360,18,2.976351441631313e-07,25.190336484005872,0.03509462289616583,0.056659132136169264,3.359818286283781e-06,5.662016477797623
N300,360,19,8.858667904100815e-06,3.229527504454146,0.011155399595370374,0.0607543429738424,5.455594781168514e-06,5.762103067045625
N300,360,20,7.847599703514607e-07,14.387070052200645,0.01555691363201539,0.09187239732686257,4.281332398719387e-06,5.829490058479277
N300,360,21,4.832930238571752e-07,19.05146895122227,0.015002941693818994,0.0757239769158424,2.06913808111479e-06,5.732883349958744
N300,360,22,1.6237767391887209e-06,8.977978972661008,0.01188091605310826,0.05420400529558542,5.455594781168514e-06,5.702494153668413
N300,360,23,3.359818286283781e-06,5.667031268809092,0.013166732318915852,0.07540876827876854,1.1288378916846883e-05,5.667031268809092
N300,360,24,1.43844988828766e-05,2.4352132237628563,0.00975250818797635,0.06759610464263921,3.359818286283781e-06,5.700624683667429
N300,360,25,1e-06,12.240818999533438,0.02577192150046026,0.04209708954952548,0.01,5.7215646495251224
N300,360,26,0.01,0.013379960603288445,0.013911812697404269,0.054692802220795415,2.06913808111479e-06,5.763754365808181
N300,360,27,4.8329302385717524e-05,1.2142911063280946,0.014622425005165973,0.012785777305178483,2.6366508987303555e-06,5.610034538312981
N300,360,28,1.1288378916846883e-05,2.7625652562886067,0.011284004223873767,0.06054868113220932,1.8329807108324338e-05,5.627491912325338
N300,360,29,1e-06,12.374252739367465,0.014171399217811076,0.09806823970711719,8.858667904100815e-06,5.806612644692662
N300,360,30,0.01,0.01272767850186405,0.01391733443868215,0.04978343269468619,2.6366508987303555e-06,5.793337137059953
N300,360,31,6.158482110660254e-07,16.477954350416404,0.010283616492715808,0.0953548616598286,2.6366508987303555e-06,5.725446023429801
N300,360,32,0.01,0.013114522696723767,0.013915347284215396,0.03752550250494117,2.976351441631313e-05,5.650151651508393
N300,360,33,0.01,0.013195573054394324,0.013934836859892719,0.031181834310343236,2.6366508987303555e-06,5.682343780424673
N300,360,34,4.832930238571752e-07,19.097716272889283,0.021284932755189945,0.07126189956781848,3.359818286283781e-06,5.72857783027075
N300,360,35,1.438449888287663e-07,38.34065222174288,0.06245548220375763,0.04815544199336764,5.455594781168514e-06,5.865783587825535
N300,360,36,0.01,0.013022995095017264,0.013938584394820652,0.02238748977608808,2.06913808111479e-06,5.622712773061954
N300,360,37,0.01,0.01396297124071135,0.013923293371762124,0.048581890105883416,8.858667904100815e-06,5.731147036326416
N300,360,38,0.01,0.01291357688177487,0.013920660540618135,0.029697871646353787,5.455594781168514e-06,5.6705874536921455
N300,360,39,0.01,0.012059863973119304,0.013955987043248741,-0.021259981404841363,1.6237767391887209e-06,5.719131887195629
N300,360,40,2.976351441631313e-07,25.35215643520703,0.0450109525978849,0.07255111219661355,4.281332398719387e-06,5.7244780668142
N300,360,41,3.792690190732246e-07,21.914256752384386,0.02338587163756245,0.07854278475931088,3.359818286283781e-06,5.647423208015205
N300,360,42,2.976351441631313e-07,25.243337776757457,0.042721387440906367,0.008508667724670904,8.858667904100815e-06,5.6915356010389555
N300,360,43,0.01,0.013336895588979283,0.013907021781128681,0.025422695709114772,3.359818286283781e-06,5.7089464121634945
N300,360,44,4.832930238571752e-07,18.84003112996965,0.022249732976464043,0.036795712021255776,2.6366508987303555e-06,5.600438133364547
N300,360,45,2.6366508987303555e-06,6.614602167278869,0.006727050857856853,0.09952415836190046,5.455594781168514e-06,5.692781736776902
N300,360,46,4.281332398719387e-06,5.0012932045522716,0.012634154245606655,0.07809136079958018,2.976351441631313e-05,5.793454682261316
N300,360,47,2.3357214690901212e-07,28.958403346852815,0.034389693982203595,0.06737964075927293,3.359818286283781e-06,5.7028334591468095
N300,360,48,6.951927961775606e-06,3.712579357358541,0.007409294163549185,0.08874627773033299,3.359818286283781e-06,5.744394573133819
N300,360,49,0.01,0.01189074851481253,0.013907037745724549,0.04872764270576357,3.359818286283781e-06,5.689454610368576
N300,360,50,3.792690190732246e-05,1.4452911498498389,0.01601645556242859,0.0004199222521052873,0.01,5.759367559275162
N300,360,51,1.6237767391887209e-06,9.08967133931817,0.008994576364378282,0.08898875929351487,3.359818286283781e-06,5.764154946046712
N300,360,52,1.6237767391887209e-06,8.974512545999241,0.005267496688604711,0.09742343025999388,2.6366508987303555e-06,5.696089478276049
N300,360,53,1e-06,12.230405143232531,0.02201047083889096,0.06585285379508422,2.3357214690901213e-05,5.749026743053968
N300,360,54,2.06913808111479e-06,7.978748401918755,0.004893924448549969,0.09758582194600374,3.359818286283781e-06,5.911068770569211
N300,360,55,0.01,0.012312573093395476,0.01390859863270899,0.07410404690237134,3.359818286283781e-06,5.766670635130454
N300,360,56,1.8329807108324338e-05,2.194089669132091,0.012751227096070128,0.0531607319908547,6.158482110660255e-05,5.863423960240362
N300,360,57,6.951927961775605e-08,54.85411172748044,0.08447404798940406,0.06394782982671063,2.6366508987303555e-06,5.736112574104387
N300,360,58,1e-06,12.218698281643977,0.010827994074869118,0.09782868039078356,4.281332398719387e-06,5.715806576427439
N300,360,59,3.359818286283781e-06,5.712073331245255,0.012886080881684636,0.07958457790455635,1.8329807108324338e-05,5.712073331245255
N300,360,60,4.281332398719387e-06,4.89586416096953,0.009163399617051704,0.06956258666015071,3.359818286283781e-06,5.677646341923248
N300,360,61,4.832930238571752e-07,18.950529178096296,0.054932743448004584,0.029735652778723816,0.01,5.707250673467262
N300,360,62,0.0005455594781168515,0.21748429003909855,0.013444855699169644,0.02957504152804974,2.06913808111479e-06,5.638239183349819
N300,360,63,6.951927961775606e-06,3.6396031547404584,0.01701803239757893,0.02799636300868511,0.0003359818286283774,5.646642399677001
N300,360,64,2.6366508987303555e-06,6.723155913608999,0.00577188252684202,0.09081063976139425,2.6366508987303555e-06,5.789025290284235
N300,360,65,0.01,0.013640171929274702,0.013947596246848382,-0.011272314377677803,2.06913808111479e-06,5.714385767083437
N300,360,66,3.359818286283781e-06,5.696933188185639,0.005834236875259302,0.09044368699439329,2.6366508987303555e-06,5.696933188185639
N300,360,67,5.455594781168514e-06,4.242714988883757,0.014831418008400932,0.07510470372819425,2.976351441631313e-05,5.694855764945085
N300,360,68,1.43844988828766e-05,2.477381338559362,0.009770329064898053,0.0676330845043757,1.1288378916846883e-05,5.770244384404352
N300,360,69,1.2742749857031322e-06,10.533270613061548,0.008065061828047004,0.09839324822529241,4.281332398719387e-06,5.733702512588112
N300,360,70,6.158482110660254e-07,16.391235914955644,0.01858309581174733,0.05888905040666597,2.6366508987303555e-06,5.652751908729099
N300,360,71,1.43844988828766e-05,2.4871624041638527,0.010595620412501061,0.05868789480764672,1.6237767391887209e-06,5.780413771760636
N300,360,72,0.002976351441631313,0.04878972073832824,0.01388126986462368,0.030095992574387498,5.455594781168514e-06,5.742626516551212
N300,360,73,1.1288378916846883e-05,2.771523309949801,0.00906155327052316,0.07426063999505654,1.6237767391887209e-06,5.655130606729036
N300,360,74,1.6237767391887209e-06,8.905228726245468,0.01051781705980992,0.07288138601141851,5.455594781168514e-06,5.6434508931864205
N300,360,75,4.8329302385717524e-05,1.2648743125416926,0.014989924904955765,-0.0014131961101125706,3.359818286283781e-06,5.779500719428943
N300,360,76,0.0001274274985703132,0.7002631525926842,0.0118080812556004,0.04979898540430797,3.359818286283781e-06,5.704194139149388
N300,360,77,1.2742749857031322e-06,10.398977959154662,0.00992358110237379,0.07551093046850918,3.359818286283781e-06,5.660580602612866
N300,360,78,3.792690190732246e-07,22.131328604734044,0.025881151977921513,0.08780666228922968,3.359818286283781e-06,5.7680326757797005
N300,360,79,7.847599703514607e-07,14.31733455056997,0.017014983419468943,0.06836790050644156,3.359818286283781e-06,5.784552210916982
N300,360,80,4.832930238571752e-07,19.19680146690957,0.022930918550082224,0.08740423254802247,3.359818286283781e-06,5.743528179720755
N300,360,81,0.01,0.014391980806773137,0.013929229782171815,0.043453036916381874,4.281332398719387e-06,5.789131338909125
N300,360,82,0.01,0.013126704022538262,0.013935938460997832,0.062790282449322,2.06913808111479e-06,5.6162960037649245
N300,360,83,0.01,0.013396342684412596,0.013928084618473724,0.05524383105886758,1.6237767391887209e-06,5.820425547262303
N300,360,84,0.0005455594781168515,0.20935137401777146,0.014071825128653903,-0.006761000903436629,4.281332398719387e-06,5.7254033044288
N300,360,85,1.6237767391887209e-06,9.128255318003186,0.005047653636748528,0.1133530144164261,4.281332398719387e-06,5.796316547986399
N300,360,86,1.2742749857031322e-06,10.354817457086154,0.007836626441127037,0.08978649139536049,2.6366508987303555e-06,5.6398853435102465
N300,360,87,0.01,0.013156966784243832,0.013926580644720299,0.06809174478611103,2.06913808111479e-06,5.649994879243948
N300,360,88,0.01,0.011979117118994614,0.013907088196129846,0.04776403917255888,2.6366508987303555e-06,5.685452891441868
N300,360,89,0.01,0.014226612160847635,0.01392164102057869,0.06643289647921327,8.858667904100815e-06,5.784917340515985
N300,360,90,2.06913808111479e-06,7.5674938085459535,0.004979330221554057,0.0954974039464473,2.6366508987303555e-06,5.5802709770056795
N300,360,91,1.6237767391887209e-06,9.129554672223577,0.011321761785587636,0.06728561081305495,6.951927961775606e-06,5.815459930992331
N300,360,92,0.01,0.014324586363252012,0.013923189438106998,0.03483830433920152,2.6366508987303555e-06,5.794453980474836
N300,360,93,2.6366508987303555e-06,6.634574330473155,0.0058683975142895806,0.09022093818491149,2.6366508987303555e-06,5.712284764513216
N300,360,94,0.01,0.013350431126562992,0.013879223722046752,0.035657112728784766,4.281332398719387e-06,5.768292745297629
N300,360,95,1.1288378916846883e-05,2.7795714419157913,0.005156228960648712,0.09479913149488631,4.281332398719387e-06,5.697559583460611
N300,360,96,2.976351441631313e-07,25.573175817269924,0.03322334140192129,0.060854495717632656,3.359818286283781e-06,5.778144803360012
N300,360,97,1.8329807108324338e-05,2.11072919481539,0.015161330965283049,0.03982721589553443,0.00026366508987303556,5.661402989433398
N300,360,98,1.8329807108324338e-07,33.13841542194601,0.07098244122103792,0.06543436810940324,6.951927961775606e-06,5.731947362630848
N300,360,99,1.1288378916846883e-05,2.780287926947385,0.0047465508753749,0.10532391555636748,3.359818286283781e-06,5.690401769688096
N300,360,100,1.1288378916846883e-05,2.8162046702226124,0.006523079600515125,0.08855720048159296,2.6366508987303555e-06,5.784867847052155
N300,360,101,6.158482110660254e-07,16.239552260182943,0.0136993753551935,0.09603608696465786,3.359818286283781e-06,5.601104434488445
N300,360,102,3.3598182862837814e-08,74.42913177813415,0.1354759732875651,0.04278050378729272,2.06913808111479e-06,5.643736796663508
N300,360,103,0.01,0.014498539078335862,0.013933838564983536,0.031072438056429293,2.6366508987303555e-06,5.770555160188719
N300,360,104,4.281332398719387e-06,4.873791299305942,0.004532202418385922,0.09796947124459852,2.6366508987303555e-06,5.655217547494007
N300,360,105,1.2742749857031322e-06,10.316707734212843,0.010578996404252083,0.0780824377840685,2.6366508987303555e-06,5.609179051556889
N300,360,106,1.1288378916846883e-05,2.7760686034319355,0.013201497669779183,0.057401105044856154,0.00016237767391887175,5.659491449808805
N300,360,107,3.359818286283781e-06,5.746962873507814,0.012161831681136936,0.05626629000231676,4.281332398719387e-06,5.746962873507814
N300,360,108,0.0008858667904100832,0.14080534220118524,0.013641187875689353,0.023852577834872265,2.06913808111479e-06,5.757611855026338
N300,360,109,2.06913808111479e-06,7.875309720079116,0.005401159841844194,0.09305775011029406,3.359818286283781e-06,5.8291364381556745
N300,360,110,0.01,0.01428957080842469,0.013940088141714213,0.004631662906123415,2.6366508987303555e-06,5.750602147875974
N300,360,111,5.455594781168514e-06,4.2401335333844195,0.014709673626636,0.020076929882068908,0.00016237767391887175,5.683063446428162
N300,360,112,3.359818286283781e-06,5.870758709480077,0.004361115800588844,0.10039914475445567,3.359818286283781e-06,5.870758709480077
N300,360,113,7.847599703514607e-07,14.098276789655714,0.00720200537948712,0.1064014067895398,2.6366508987303555e-06,5.682767411473642
N300,360,114,0.01,0.012807621565019384,0.013928744883965338,0.013216053923676807,0.00042813323987193956,5.60208965797514
N300,360,115,1.2742749857031322e-06,10.496634557447635,0.025122036382818513,0.03924261040852022,2.976351441631313e-05,5.7515924436679295
N300,360,116,1.43844988828766e-05,2.439648223690316,0.012687569631567586,0.03761233192480126,2.06913808111479e-06,5.723722700494789
N300,360,117,2.976351441631313e-07,25.385837164790374,0.02784158835951367,0.08465744063537667,3.359818286283781e-06,5.737596384521996
N300,360,118,8.858667904100815e-06,3.195806950166531,0.017053804501580117,0.040024399165651085,0.0003359818286283774,5.698758991958825
N300,360,119,2.976351441631313e-07,25.308352829320498,0.036651268951956584,0.08339539517866673,5.455594781168514e-06,5.678460681450383
N300,360,120,0.01,0.014541226939442887,0.013956096265766882,-0.014176667109622378,3.359818286283781e-06,5.7714178303248005
N300,360,121,3.792690190732246e-07,21.901653750095676,0.021155667919751875,0.07294526487324896,8.858667904100815e-06,5.683620741864713
N300,360,122,7.847599703514607e-07,14.007608753883826,0.011835168389175421,0.09351296435700286,3.359818286283781e-06,5.641201105883823
N300,360,123,7.847599703514607e-07,14.328317050028915,0.014162280960301143,0.097252948330775,3.359818286283781e-06,5.785918136041861
N300,360,124,0.01,0.013947579309098542,0.013942551707209483,-0.0007834238630019767,4.281332398719387e-06,5.831919910537145
N300,360,125,2.06913808111479e-06,7.812010083628871,0.005242586505985858,0.09427406920915858,2.6366508987303555e-06,5.769581322189927
N300,360,126,0.01,0.012616314358575652,0.013909907418175882,0.025511897970751082,2.6366508987303555e-06,5.801481102464065
N300,360,127,3.792690190732246e-05,1.4008774528873127,0.011900026677823305,0.04529911747160469,4.281332398719387e-06,5.690255331317791
N300,360,128,6.951927961775606e-06,3.738509143785842,0.010313582633596607,0.07291859099220181,1.8329807108324338e-05,5.777109581433989
N300,360,129,0.01,0.011688521312582283,0.01392914548680646,0.03336111675180597,2.06913808111479e-06,5.620920522865091
N300,360,130,0.01,0.012366708872242262,0.0139337937637527,0.0327455030954827,3.359818286283781e-06,5.769130454884705
N300,360,131,1.2742749857031322e-06,10.398574155321866,0.0038872440953697796,0.11015798431764869,3.359818286283781e-06,5.656724829955875
N300,360,132,1.6237767391887209e-06,9.031395097362738,0.007511826430118718,0.09199591672065517,3.359818286283781e-06,5.7387088132770785
N300,360,133,3.359818286283781e-06,5.797342400202642,0.008762552671244928,0.07219378467846996,4.281332398719387e-06,5.797342400202642
N300,360,134,1e-06,12.174330958028161,0.008793129562737367,0.08634009190673772,2.6366508987303555e-06,5.684110892888526
N300,360,135,0.01,0.01236513862869918,0.013902562331355783,0.03434951909520953,2.6366508987303555e-06,5.71591657921885
N300,360,136,0.00016237767391887175,0.5891333819921762,0.01634263158232019,-0.013762236093596779,0.01,5.75966106316885
N300,360,137,1e-06,12.238195816538154,0.011360860629584413,0.06957853923762101,2.6366508987303555e-06,5.7235614266970165
N300,360,138,5.455594781168514e-06,4.2933585875945255,0.0179205153715275,0.05357698618040426,0.0003359818286283774,5.757419894231599
N300,360,139,0.01,0.012725383714386949,0.01393129888462874,0.06372387971578407,5.455594781168514e-06,5.648014651714103
N300,360,140,1.6237767391887209e-06,9.022249031186714,0.012175044178243222,0.07782667875337099,1.1288378916846883e-05,5.718506569455307
N300,360,141,4.8329302385717524e-05,1.2243145975627165,0.01524194299478221,0.008769715899946446,4.281332398719387e-06,5.729976301080747
N300,360,142,1.43844988828766e-05,2.456051517379729,0.011340444231373259,0.06552417887404799,2.6366508987303555e-06,5.72852439493548
N300,360,143,7.847599703514607e-07,14.267542100754797,0.01970968992451272,0.08196910125256644,5.455594781168514e-06,5.741314175101712
N300,360,144,1.2742749857031322e-06,10.569196529987138,0.00859450805077877,0.07379941523270143,2.6366508987303555e-06,5.7755817466696024
N300,360,145,7.847599703514607e-07,14.36322998781346,0.014657974584893707,0.09533946066401593,4.281332398719387e-06,5.761729332324178
N300,360,146,0.00026366508987303556,0.3875133114866367,0.013449391273941846,0.027598673400804692,0.00042813323987193956,5.609193344598298
N300,360,147,0.01,0.01221672343296571,0.013926052987203508,0.05330048769177755,1.6237767391887209e-06,5.70887399271929
N300,360,148,2.976351441631313e-07,25.455709897349394,0.06949355817074487,0.09016335674621319,2.3357214690901213e-05,5.744690713239434
N300,360,149,2.06913808111479e-06,7.858399259110161,0.010320242018697301,0.07414663954169712,4.281332398719387e-06,5.812126581598138
N300,360,150,4.832930238571752e-07,19.05579162429854,0.0134326831752265,0.09211136933522482,2.6366508987303555e-06,5.736855988737609
N300,360,151,2.06913808111479e-06,7.75041910744305,0.010202331987446689,0.09331503126774691,3.359818286283781e-06,5.731299261248721
N300,360,152,8.858667904100815e-06,3.2096990087945683,0.008575144813385172,0.07998117070126488,2.6366508987303555e-06,5.701826945501289
N300,360,153,7.847599703514607e-07,14.309071307389758,0.010230354915701567,0.0819563582658572,2.6366508987303555e-06,5.770344886381451
N300,360,154,0.01,0.012727189472383205,0.013897250706233821,0.04559628723996378,4.281332398719387e-06,5.727513370376859
N300,360,155,0.01,0.01346650155884213,0.013928940870733486,0.04320697294794383,1.6237767391887209e-06,5.573425153198061
N300,360,156,1.6237767391887209e-06,8.96994309431381,0.012906450114190116,0.0609749583814246,5.455594781168514e-06,5.685078498864786
N300,360,157,0.01,0.012410946430486486,0.013926359216878015,0.0677676955256429,2.6366508987303555e-06,5.752783639898993
N300,360,158,0.01,0.012626505976645703,0.013933304697127724,0.06295844091348661,2.6366508987303555e-06,5.751816145766311
N300,360,159,1.6237767391887209e-06,8.792181543663727,0.008328653542876152,0.07941244566663064,3.359818286283781e-06,5.560187739980672
N300,360,160,4.832930238571752e-07,19.239401972513388,0.019555268504028445,0.053261743486418794,2.06913808111479e-06,5.782064938049976
N300,360,161,1.6237767391887209e-06,9.082376456955725,0.01419599948947703,0.05804916438638149,1.8329807108324338e-05,5.7651784019784245
N300,360,162,4.832930238571752e-07,19.29164635594326,0.016351368680782907,0.06516306432545273,2.6366508987303555e-06,5.820199468632064
N300,360,163,1.2742749857031322e-06,10.286624311183088,0.009244503660871817,0.09184749474935769,3.359818286283781e-06,5.584291211471296
N300,360,164,0.01,0.013158732504547433,0.013928891493052764,0.07808534238161584,2.06913808111479e-06,5.678695571437554
N300,360,165,1.2742749857031322e-06,10.469580585325929,0.009662858617118353,0.07775214317338638,2.6366508987303555e-06,5.7003425723444465
N300,360,166,7.847599703514607e-07,14.250355227447045,0.00714823268180953,0.09836886051492229,2.6366508987303555e-06,5.746662620768422
N300,360,167,2.06913808111479e-06,7.715277068522827,0.0017435874588535016,0.11267358925396598,3.359818286283781e-06,5.699592226518635
N300,360,168,2.06913808111479e-06,7.774090497959111,0.012656628863219943,0.0782422804558217,5.455594781168514e-06,5.752208462867132
N300,360,169,2.06913808111479e-06,7.7899317976683,0.0062002575199062715,0.08890177815262663,3.359818286283781e-06,5.763734537364976
N300,360,170,0.0005455594781168515,0.21608088319952068,0.013306629592965136,0.02782935173680642,2.6366508987303555e-06,5.74428452082022
N300,360,171,4.281332398719387e-06,4.998990816832658,0.009142964112678675,0.06950454214725005,2.06913808111479e-06,5.793834007956262
N300,360,172,1.8329807108324338e-05,2.1419874009382673,0.01292674074945599,0.04804162712471348,2.06913808111479e-06,5.719381754144455
N300,360,173,2.06913808111479e-06,7.687012425942458,0.01210810102355242,0.07186254420785543,1.1288378916846883e-05,5.6712102339115615
N300,360,174,5.455594781168514e-06,4.290358598089548,0.0025222452220450275,0.11210262158734349,3.359818286283781e-06,5.75363663443366
N300,360,175,0.00026366508987303556,0.4031928278698898,0.013008520139852764,0.03319069060595757,2.06913808111479e-06,5.710228920564798
N300,360,176,0.01,0.014237077337503578,0.013897714815273132,0.02813912480038547,2.06913808111479e-06,5.751435886574712
N300,360,177,8.858667904100815e-06,3.1733139893346403,0.01958209673295419,0.028424093658853414,0.00042813323987193956,5.6422340455646225
N300,360,178,1.1288378916846883e-05,2.850059944839734,0.009700299923790845,0.06526928430386314,1.1288378916846883e-05,5.773868469959694
N300,360,179,5.455594781168514e-06,4.246618689546704,0.013850365707417156,0.0714189889655712,0.00026366508987303556,5.699127411496814
N300,360,180,6.158482110660255e-05,1.0727221616603697,0.012461823911858905,0.03914783390866071,1.6237767391887209e-06,5.696109379975832
N300,360,181,7.847599703514607e-07,14.123963021221995,0.014684502315735926,0.045097718841706234,3.359818286283781e-06,5.655393374019375
N300,360,182,1.43844988828766e-05,2.4536803530058453,0.008894345373925194,0.07192482716812273,1.6237767391887209e-06,5.755377508770324
N300,360,183,0.01,0.013202239327727835,0.013937625933045372,0.042073574934382026,6.951927961775606e-06,5.679894368677614
N300,360,184,4.8329302385717524e-05,1.2413716790997755,0.014241859066634999,0.04035994981413799,0.00020691380811147902,5.781279932735515
N300,360,185,6.951927961775606e-06,3.6583855021739193,0.014156481090531359,0.03414805621576144,0.01,5.684513488317386
N300,360,186,1.2742749857031322e-06,10.522857921251545,0.0086344580105987,0.08591069768932855,3.359818286283781e-06,5.7388034344723
N300,360,187,2.976351441631313e-07,25.096611905552336,0.03858093640224192,0.06488059710066431,0.0003359818286283774,5.630133942241442
N300,360,188,4.8329302385717524e-05,1.2423861225237378,0.01299412237458375,0.03122792361060123,3.359818286283781e-06,5.692135975747779
N300,360,189,3.792690190732246e-07,22.003054662364843,0.031346852016676086,0.028969656358915533,0.01,5.728987458423463
N300,360,190,0.01,0.012630076048891714,0.013915698993642422,0.063452869365767,1.1288378916846883e-05,5.594819603682401
N300,360,191,3.359818286283781e-06,5.704919522140244,0.0032646127782242074,0.10425638825626955,4.281332398719387e-06,5.704919522140244
N300,360,192,7.847599703514607e-07,14.18124064438961,0.014624983190265728,0.0842691105150344,3.359818286283781e-06,5.718961523935768
N300,360,193,0.01,0.013509659988302496,0.013952918020036953,-0.010692775328309105,2.06913808111479e-06,5.7773187352705255
N300,360,194,0.01,0.011235842975101584,0.013933667349505519,0.01777038470738703,2.06913808111479e-06,5.573653888342341
N300,360,195,8.858667904100815e-06,3.2298026115943563,0.014787456025902812,0.04986767682290774,3.792690190732246e-05,5.7358928585644815
N300,360,196,1.8329807108324338e-05,2.122792700998554,0.012483686005882677,0.05471263849470305,2.6366508987303555e-06,5.688727577761255
N300,360,197,3.792690190732246e-07,22.331896184412734,0.018990643435948917,0.09141094429508784,2.6366508987303555e-06,5.793848681737864
N300,360,198,0.01,0.013608203933846187,0.013921699931080056,0.06243973939805085,2.6366508987303555e-06,5.773037569111869
N300,360,199,6.158482110660255e-05,1.0495944110020115,0.020228884758982324,0.027980611833049087,0.0005455594781168515,5.743169866116075
N300,540,0,0.01,0.012910132124248868,0.013906072864973695,0.04387409171327354,1.6237767391887209e-06,6.669707081587307
N300,540,1,1.438449888287663e-07,38.894272205249216,0.034442769591607525,0.07406178958368898,2.6366508987303555e-06,6.727615180260014
N300,540,2,1.8329807108324338e-05,2.150320596486808,0.0104328531698068,0.06261620378240455,1.6237767391887209e-06,6.668969488598958
N300,540,3,2.6366508987303555e-06,6.735589924565174,0.00746015656153165,0.08078204582450596,2.6366508987303555e-06,6.735589924565174
N300,540,4,0.01,0.012605330898127529,0.01391822823700084,0.07060173192649068,1.6237767391887209e-06,6.729438472223751
N300,540,5,0.01,0.01375634445529367,0.01391677480098974,0.06332095644233475,2.06913808111479e-06,6.765388428070224
N300,540,6,0.0006951927961775591,0.17245567208646562,0.013575565973547254,0.021532859509714133,2.06913808111479e-06,6.689402852295188
N300,540,7,4.8329302385717524e-05,1.2531307226446442,0.012464743318835958,0.04358924618253149,6.951927961775606e-06,6.70235501366199
N300,540,8,0.01,0.013261491811011678,0.01390950674962188,0.03420980269282389,1.6237767391887209e-06,6.684545025187684
N300,540,9,2.6366508987303555e-06,6.6482196684866155,0.0055911825787811065,0.09211597954257386,1.6237767391887209e-06,6.6482196684866155
N300,540,10,7.847599703514607e-07,14.29124041522935,0.007247705545124439,0.08839165837251621,2.06913808111479e-06,6.6640921335759105
N300,540,11,0.0003359818286283774,0.3267366659455633,0.013513093461237857,0.022586177979924627,3.359818286283781e-06,6.6779106649082385
N300,540,12,3.359818286283781e-06,5.720071226842537,0.006418029426384808,0.08815751705711777,2.06913808111479e-06,6.654392654189578
N300,540,13,2.06913808111479e-06,7.759593844542259,0.01119720030860838,0.08731357729990719,2.6366508987303555e-06,6.657609832373947
N300,540,14,0.01,0.01397272989290561,0.013924579520513403,0.05053453887499425,2.6366508987303555e-06,6.7121046986224275
N300,540,15,1.8329807108324338e-07,33.71362679897978,0.03678579361000833,0.07327205893436964,2.6366508987303555e-06,6.610351721866738
N300,540,16,0.01,0.013013686933423578,0.01392753589177187,0.03326847614123473,2.6366508987303555e-06,6.78365076729789
N300,540,17,6.158482110660255e-05,1.06772879061996,0.01621494570193549,-0.007113240025198525,1.6237767391887209e-06,6.685854573661001
N300,540,18,0.00016237767391887175,0.5763372119514791,0.012872374954549182,0.036272015331034496,2.06913808111479e-06,6.5796014572226955
N300,540,19,1.6237767391887209e-06,9.172782743197006,0.007360312913471945,0.0848997643446136,2.6366508987303555e-06,6.75651547225314
N300,540,20,4.281332398719387e-06,5.019067124443793,0.007997936346183288,0.08174160368203309,3.359818286283781e-06,6.764308282262613
N300,540,21,4.281332398719387e-06,4.91856468834049,0.005143323476322403,0.09902962304109736,1.6237767391887209e-06,6.638767916061552
N300,540,22,5.455594781168514e-06,4.287884588991843,0.010713889050753989,0.0635805425972182,3.359818286283781e-06,6.70106588554314
N300,540,23,0.0001274274985703132,0.672578491772531,0.014550449665146625,0.00445745749005883,1.6237767391887209e-06,6.633315993039497
N300,540,24,1.1288378916846883e-05,2.812045560882172,0.009092869121416824,0.0725673578961164,1.6237767391887209e-06,6.70976544682482
N300,540,25,0.01,0.013326445048931549,0.013946514682672828,-0.0037423969404878302,3.359818286283781e-06,6.687655860510885
N300,540,26,1.8329807108324338e-05,2.1566235947335914,0.00938874449366578,0.08088281189531728,1.6237767391887209e-06,6.747646497592191
N300,540,27,1e-06,12.228387895927362,0.007113988540658145,0.09213186603838154,2.06913808111479e-06,6.60699844750981
N300,540,28,0.00042813323987193956,0.2711922364935254,0.013937461429106901,0.005742003328117535,3.359818286283781e-06,6.6206231189855655
N300,540,29,2.06913808111479e-06,7.8083987079901265,0.0025444206836855443,0.10921315110697484,2.6366508987303555e-06,6.70343302640064
N300,540,30,0.01,0.01329548032279841,0.013931475167019314,0.08390193170525774,1.6237767391887209e-06,6.7122378728061225
N300,540,31,2.06913808111479e-06,7.74570714651202,0.002576962906936875,0.10743214795106926,2.06913808111479e-06,6.649245514682945
N300,540,32,3.359818286283781e-06,5.745159901062333,0.013147195054040384,0.07491897941855875,2.3357214690901213e-05,6.682014248169672
N300,540,33,7.847599703514607e-07,14.254179448440244,0.01022532045966662,0.09056847145311685,2.6366508987303555e-06,6.644906287717034
N300,540,34,5.455594781168514e-06,4.2784962284327825,0.006446721192140958,0.0885389708867878,2.6366508987303555e-06,6.68299554892695
N300,540,35,4.281332398719387e-06,5.012177499668619,0.006328636133585919,0.08808969470546257,2.6366508987303555e-06,6.760976251050353
N300,540,36,6.158482110660254e-07,16.512503255503603,0.01196236742694512,0.08448431857401026,2.6366508987303555e-06,6.59918040797543
N300,540,37,2.6366508987303555e-06,6.736029004964861,0.010322821637620216,0.07567325945358999,6.951927961775606e-06,6.736029004964861
N300,540,38,0.01,0.013855940459182023,0.013916996050580943,0.045982324991229756,2.6366508987303555e-06,6.719195996760566
N300,540,39,4.832930238571752e-07,19.295449217562997,0.008159918047500492,0.09710711574257093,2.06913808111479e-06,6.680756878048565
N300,540,40,6.158482110660254e-07,16.689902194568337,0.01813706121855796,0.08975524287789066,3.359818286283781e-06,6.687822671583377
N300,540,41,7.847599703514607e-07,14.28765516860965,0.009484950003419645,0.09540833121526202,2.6366508987303555e-06,6.63565441500253
N300,540,42,2.3357214690901213e-05,1.8696045114913096,0.01153133812132534,0.057009589058975775,8.858667904100815e-06,6.682810414277065
N300,540,43,1.2742749857031322e-06,10.553473846201621,0.012699448520323897,0.0596087046848698,2.6366508987303555e-06,6.655852782742281
N300,540,44,0.01,0.013475047962724956,0.013938143689627758,0.012725168443021113,2.06913808111479e-06,6.615173706341001
N300,540,45,4.281332398719387e-06,4.918070288875618,0.00495208850622475,0.09664205849660952,3.359818286283781e-06,6.633958535011421
N300,540,46,1.43844988828766e-05,2.485837975758664,0.008052681866966616,0.0770006943386516,2.6366508987303555e-06,6.723874950941909
N300,540,47,2.6366508987303555e-06,6.757663542348141,0.0072040375119732936,0.09120064788807064,3.359818286283781e-06,6.757663542348141
N300,540,48,6.158482110660255e-05,1.0891737071108578,0.013782547021909508,0.03821006898881965,2.6366508987303555e-06,6.718289239837313
N300,540,49,1.438449888287663e-07,38.37071060890769,0.029298365585589736,0.0734144320243128,2.06913808111479e-06,6.605537719131604
N300,540,50,0.01,0.013448061785746451,0.013943987444928863,-0.004812283585433411,1.2742749857031322e-06,6.715766407497817
N300,540,51,2.6366508987303555e-06,6.723258903681393,0.0022927838258766098,0.10857921576519024,3.359818286283781e-06,6.723258903681393
N300,540,52,4.832930238571752e-07,19.338396193594974,0.014871447578973629,0.09057197171972677,3.359818286283781e-06,6.6937381887948595
N300,540,53,6.951927961775606e-06,3.741931166711674,0.011058742567201518,0.06985871511235113,2.3357214690901213e-05,6.733869297500594
N300,540,54,0.0001274274985703132,0.7241778620514417,0.012948535821400986,0.031627823655157324,2.6366508987303555e-06,6.857666546385426
N300,540,55,5.455594781168514e-06,4.283705176272349,0.005787913161413694,0.09096902577822356,2.06913808111479e-06,6.695665331269157
N300,540,56,2.976351441631313e-05,1.6556545048587155,0.011084390536593047,0.05435719103947234,1.43844988828766e-05,6.777340356684395
N300,540,57,1.2742749857031322e-06,10.645861693899294,0.00812369259793444,0.0923270375137536,2.6366508987303555e-06,6.722387924942748
N300,540,58,0.01,0.013162378935385818,0.013920516205196076,0.04505415444668435,2.6366508987303555e-06,6.72022918127214
N300,540,59,2.6366508987303555e-06,6.628296932068181,0.008848437322150016,0.0880067194962686,8.858667904100815e-06,6.628296932068181
N300,540,60,3.792690190732246e-05,1.4169793491290728,0.014884514134643756,0.0046014447103186395,2.6366508987303555e-06,6.618371223976497
N300,540,61,0.01,0.012991249640110983,0.01393766336400537,0.005845869651080961,4.281332398719387e-06,6.631877473921644
N300,540,62,6.951927961775606e-06,3.655761534767877,0.009490413371047945,0.06691819193682674,1.6237767391887209e-06,6.611903764428717
N300,540,63,0.01,0.01308749820055268,0.013922341666537164,0.023981609040356053,2.06913808111479e-06,6.61484453600272
N300,540,64,0.00042813323987193956,0.2808391393546531,0.01357072380078217,0.05356614882861708,1.6237767391887209e-06,6.756637271923465
N300,540,65,1.438449888287663e-07,38.73920628526188,0.026058512092100306,0.0752420427947958,2.06913808111479e-06,6.676722598697242
N300,540,66,0.01,0.013446572879000973,0.013932964425569683,0.05196469881216314,2.06913808111479e-06,6.655831390579639
N300,540,67,0.01,0.013367460597914844,0.013911158823279313,0.06425840181727106,8.858667904100815e-06,6.656408340073494
N300,540,68,3.792690190732246e-07,22.416596589790085,0.01788582045028886,0.08908473033717987,8.858667904100815e-06,6.739884801424191
N300,540,69,0.01,0.013749848148215945,0.01391856743205,0.0781876358863485,1.6237767391887209e-06,6.6644530091130685
N300,540,70,4.832930238571752e-07,19.2330179437012,0.01820142870975794,0.07134257992531441,2.6366508987303555e-06,6.621728523093705
N300,540,71,7.847599703514607e-07,14.411941071565806,0.005136493596268887,0.09801265388924642,1.6237767391887209e-06,6.728742406819438
N300,540,72,2.06913808111479e-06,7.779948896110746,0.007535157445725416,0.083200440877419,2.06913808111479e-06,6.674723389692151
N300,540,73,0.01,0.013700293705185409,0.013923346257642022,0.03107041760199444,1.6237767391887209e-06,6.62686329773715
N300,540,74,7.847599703514607e-07,14.277198817647461,0.013184445547431367,0.09122791085141013,5.455594781168514e-06,6.654460096407286
N300,540,75,0.01,0.013390348911274056,0.013949217694518068,-0.011263176715116405,5.455594781168514e-06,6.710991241192938
N300,540,76,1.438449888287663e-07,38.719036840496955,0.04246468209011123,0.052017861967565505,3.359818286283781e-06,6.667558239385991
N300,540,77,2.6366508987303555e-06,6.616587144278178,0.007364715575542413,0.08335208139973273,2.6366508987303555e-06,6.616587144278178
N300,540,78,1.43844988828766e-05,2.4832683394873243,0.0072627932070558066,0.09786171150503906,2.06913808111479e-06,6.732717330212365
N300,540,79,6.951927961775606e-06,3.740160880580582,0.013339198688580689,0.04040432429332652,2.06913808111479e-06,6.732045100558602
N300,540,80,1.2742749857031322e-06,10.702145236586892,0.009233370909857874,0.09218467200307007,2.6366508987303555e-06,6.76391218945151
N300,540,81,2.976351441631313e-05,1.6526536611338116,0.011945127570404446,0.06619916667533302,2.6366508987303555e-06,6.715212018086003
N300,540,82,4.832930238571752e-07,19.263759090033226,0.018599542285372972,0.06092692417351408,2.6366508987303555e-06,6.6411241093300335
N300,540,83,3.792690190732246e-07,22.422411268975154,0.010815477195168177,0.08669177503001457,2.06913808111479e-06,6.767668889656074
N300,540,84,8.858667904100815e-06,3.2095958001322047,0.012135476797135114,0.042582544854771545,2.6366508987303555e-06,6.670820230537737
N300,540,85,1.6237767391887209e-06,9.145410941898572,0.004826350856880879,0.10833621045701866,3.359818286283781e-06,6.742429848576469
N300,540,86,1e-06,12.210918659903257,0.007292681641920873,0.0894907091444845,2.6366508987303555e-06,6.608345171847955
N300,540,87,0.01,0.013770660410532267,0.013932068925719854,0.037856570059855085,1.2742749857031322e-06,6.612675089412781
N300,540,88,8.858667904100815e-06,3.2244688704162043,0.005668165875321041,0.09663305816495552,1.6237767391887209e-06,6.677982324856628
N300,540,89,0.01,0.014093152339410116,0.013920248731199236,0.04845083975760743,3.359818286283781e-06,6.728713036618489
N300,540,90,5.455594781168514e-06,4.176520013130876,0.0053034813998289465,0.10214399150826027,2.06913808111479e-06,6.550736846455975
N300,540,91,1.1288378916846883e-05,2.838085675027483,0.008428636024610303,0.07894168040613697,2.6366508987303555e-06,6.7477913484882075
N300,540,92,5.455594781168514e-06,4.318051792116606,0.009665498193315747,0.06598043979610474,2.06913808111479e-06,6.73425855388722
N300,540,93,1.43844988828766e-05,2.4591123983324423,0.00776985874937941,0.0803946213433783,1.6237767391887209e-06,6.6859462094304725
N300,540,94,2.06913808111479e-06,7.810783914965425,0.01092502425527686,0.0832056458552873,4.281332398719387e-06,6.708307723723985
N300,540,95,1.6237767391887209e-06,9.064877416680188,0.006095663703984178,0.09914558907867017,3.359818286283781e-06,6.678453412065218
N300,540,96,0.0001274274985703132,0.688173030001971,0.013069760366643202,0.05586412588671775,3.359818286283781e-06,6.752732861040387
N300,540,97,0.0001274274985703132,0.6779454180149816,0.013214220172191538,0.027206637120302087,2.06913808111479e-06,6.6353298452006335
N300,540,98,8.858667904100815e-06,3.2198047443330893,0.011935268158352663,0.05488185527194168,2.6366508987303555e-06,6.6745588947306045
N300,540,99,2.06913808111479e-06,7.805069595614069,0.004726174239239045,0.10222369618128628,2.6366508987303555e-06,6.698798884439257
N300,540,100,2.3357214690901212e-07,29.644464573402423,0.019735781866848323,0.08212386798422125,2.06913808111479e-06,6.733959668669357
N300,540,101,3.359818286283781e-06,5.661457656851952,0.003389981280016663,0.10441773739510721,2.6366508987303555e-06,6.588187208610879
N300,540,102,4.832930238571752e-07,19.37313404225516,0.009356700781700145,0.09864986524117046,2.06913808111479e-06,6.687789421490006
N300,540,103,0.01,0.013402154622937196,0.013930478502774402,0.03144938593162193,2.06913808111479e-06,6.695495513095995
N300,540,104,2.6366508987303555e-06,6.593076958145689,0.005210784016753012,0.09385456690303762,2.6366508987303555e-06,6.593076958145689
N300,540,105,3.359818286283781e-06,5.612437446725349,0.005679648212997712,0.09233638894432898,2.06913808111479e-06,6.529864200312924
N300,540,106,1.1288378916846883e-07,43.56887170152228,0.048052841551353365,0.06688612605275697,3.359818286283781e-06,6.621324626641785
N300,540,107,2.06913808111479e-06,7.8023697638361975,0.006258629939583482,0.08803830226096493,2.6366508987303555e-06,6.6960247408454165
N300,540,108,0.01,0.013298759429947985,0.013916808197275143,0.036553320846536036,1.2742749857031322e-06,6.628483314596043
N300,540,109,3.359818286283781e-06,5.841045275366005,0.00812984461281474,0.0834225635515271,2.06913808111479e-06,6.793424048796615
N300,540,110,4.8329302385717524e-05,1.226225286548166,0.014020477545401477,0.010549355268854328,2.6366508987303555e-06,6.613796017335486
N300,540,111,3.359818286283781e-06,5.74945332063088,0.009113510337028785,0.06966052549791114,2.6366508987303555e-06,6.6844125618869485
N300,540,112,0.01,0.014443190086967428,0.013912212669105695,0.04979429957825575,2.6366508987303555e-06,6.829571788512148
N300,540,113,1.438449888287663e-07,38.564366358633215,0.03172764408008122,0.07127981182092866,2.06913808111479e-06,6.646005185918428
N300,540,114,0.01,0.012630293656568047,0.013919276875776876,0.03281015906024448,2.06913808111479e-06,6.573891872745464
N300,540,115,0.01,0.012645133199101747,0.01391245681193054,0.038624838134665974,5.455594781168514e-06,6.683556059237242
N300,540,116,0.01,0.01356126902199602,0.013943914523529943,-0.0034335630937186784,2.06913808111479e-06,6.687313614234668
N300,540,117,0.01,0.012034653009767093,0.013906258178910225,0.04551149990916091,2.06913808111479e-06,6.6809987049922315
N300,540,118,0.01,0.012481313558368295,0.01390015650066101,0.025985189359867652,2.6366508987303555e-06,6.71906026126384
N300,540,119,0.01,0.013322339255905553,0.013926186025763787,0.03825632929433695,2.6366508987303555e-06,6.664260458781785
N300,540,120,0.01,0.013495950381773134,0.013931217966433818,0.08433709430873548,2.06913808111479e-06,6.687017367143303
N300,540,121,1.2742749857031322e-06,10.616541625703407,0.009295527515635893,0.09593612069218622,5.455594781168514e-06,6.702150906223793
N300,540,122,1.8329807108324338e-07,33.75145722824093,0.03468269351139763,0.07384267590626738,4.281332398719387e-06,6.623699431135048
N300,540,123,3.792690190732246e-07,22.502320161029704,0.017122171592774627,0.09769703323925719,2.6366508987303555e-06,6.746085998553763
N300,540,124,4.281332398719387e-06,5.029203962449682,0.012115941689518572,0.05351201259006162,2.6366508987303555e-06,6.785313523258002
N300,540,125,8.858667904100815e-06,3.247790115820139,0.01210610999418893,0.06070254773877119,1.6237767391887209e-06,6.752100543259622
N300,540,126,6.158482110660254e-07,16.715872819288514,0.011610345463952343,0.08736834365165044,2.06913808111479e-06,6.739922922821077
N300,540,127,0.01,0.012157271503555656,0.013929005398281014,0.023793487598656373,2.6366508987303555e-06,6.641163424204601
N300,540,128,1.1288378916846883e-05,2.8594875438970266,0.009092068578598345,0.07161364910468054,1.43844988828766e-05,6.797890767421158
N300,540,129,0.01,0.011861019882329328,0.0139354952982218,0.028099088948055156,1.6237767391887209e-06,6.607477600344769
N300,540,130,2.6366508987303555e-06,6.707207558419393,0.004318418459725137,0.0995189333688158,2.06913808111479e-06,6.707207558419393
N300,540,131,1.2742749857031322e-06,10.542743381908512,0.007016695799557993,0.10351215365405501,3.359818286283781e-06,6.656501754656385
N300,540,132,0.01,0.013922209946597361,0.013936239990563704,0.01859929348514108,1.6237767391887209e-06,6.748739487889134
N300,540,133,0.00026366508987303556,0.405250454523713,0.013511012515359688,0.03408836186031377,2.06913808111479e-06,6.683754981513615
N300,540,134,0.01,0.013107213807886915,0.013917994821317725,0.043703741132962604,2.06913808111479e-06,6.6315711000184185
N300,540,135,0.01,0.012380573999036203,0.013930907036633577,0.09821737113230139,2.06913808111479e-06,6.641003057599077
N300,540,136,3.792690190732246e-07,22.39775516010819,0.019742425420861465,0.06589486163727783,2.6366508987303555e-06,6.723107493849509
N300,540,137,1.6237767391887209e-06,9.10612896715762,0.005841931465507044,0.09389590383326035,2.6366508987303555e-06,6.703234386597101
N300,540,138,2.976351441631313e-07,25.747014814836067,0.02156819727609094,0.08563540658985219,2.6366508987303555e-06,6.693793960781309
N300,540,139,0.01,0.012670120051701152,0.013920726183071275,0.031926752012620074,2.06913808111479e-06,6.569966520147248
N300,540,140,1.1288378916846883e-05,2.8225030163104674,0.009770118848471232,0.07020968613918037,2.6366508987303555e-06,6.724536053623769
N300,540,141,0.0001,0.7784377683159763,0.014964049265229762,0.0010738333415890098,2.06913808111479e-06,6.651892045680414
N300,540,142,0.01,0.013141595655130536,0.013925213289653793,0.040330415057798406,1.6237767391887209e-06,6.69663899565738
N300,540,143,5.455594781168514e-06,4.297721422843773,0.009295142214707952,0.07828820201711935,4.281332398719387e-06,6.718728212000636
N300,540,144,0.01,0.013342769933332216,0.013934616790053811,0.029296657398048515,2.06913808111479e-06,6.731172764161352
N300,540,145,6.158482110660254e-07,16.77830461055322,0.014263121478518825,0.09764818495091201,3.359818286283781e-06,6.7116716535976915
N300,540,146,6.951927961775606e-06,3.686939557995591,0.01400312011586069,0.0595849481519589,2.06913808111479e-06,6.646585344580059
N300,540,147,2.06913808111479e-06,7.788506491337736,0.006383759707342951,0.08939290000268157,2.06913808111479e-06,6.6868102690963935
N300,540,148,4.281332398719387e-06,4.993094766129023,0.006068977166146183,0.09710897608039751,6.951927961775606e-06,6.745135894654578
N300,540,149,3.359818286283781e-06,5.7902447512983946,0.00573499432055069,0.09162889411907987,2.6366508987303555e-06,6.733509922805266
N300,540,150,8.858667904100815e-06,3.2103867765893126,0.005476759085802918,0.10464855765392947,2.06913808111479e-06,6.714537283101477
N300,540,151,0.01,0.0128455078287565,0.01393287192714876,0.014738266388396546,2.6366508987303555e-06,6.713062968989793
N300,540,152,2.3357214690901213e-05,1.8547962645503413,0.012939140013148887,0.03847275955805028,3.359818286283781e-06,6.663702323099475
N300,540,153,2.06913808111479e-06,7.7741598569143076,0.0066110528847768135,0.08597089643285338,2.06913808111479e-06,6.673465066652439
N300,540,154,5.455594781168514e-06,4.254524417698162,0.004977911625884901,0.09553252031748752,2.6366508987303555e-06,6.659991193953306
N300,540,155,3.359818286283781e-06,5.641482082506449,0.00503080530795319,0.0993845832271753,1.2742749857031322e-06,6.565669960565663
N300,540,156,1.2742749857031322e-06,10.58287794555846,0.00989512773503487,0.07466288082279449,3.359818286283781e-06,6.684250217491165
N300,540,157,3.359818286283781e-06,5.751538111052786,0.002418830051751919,0.11288002019980285,2.06913808111479e-06,6.687208471853426
N300,540,158,4.281332398719387e-06,4.957322562181586,0.008228162826029672,0.08061039015868321,2.06913808111479e-06,6.692165218930091
N300,540,159,2.976351441631313e-07,25.422558614286366,0.016104648684528544,0.07027163127844377,2.06913808111479e-06,6.560936512240701
N300,540,160,0.01,0.013018925126100296,0.013919617779652893,0.03872404729383964,2.06913808111479e-06,6.733789105792559
N300,540,161,2.3357214690901212e-07,29.807979115845345,0.019977897883527107,0.07721536331501627,5.455594781168514e-06,6.750265922748758
N300,540,162,1.2742749857031322e-06,10.60008022332161,0.005673911199696069,0.09167838107146264,2.06913808111479e-06,6.709721377799761
N300,540,163,0.01,0.01278262580532635,0.013902631466402693,0.04169895439017342,2.6366508987303555e-06,6.60598980336558
N300,540,164,1.2742749857031322e-06,10.500221583659462,0.003079320900831295,0.10538063070688904,2.06913808111479e-06,6.61562407153979
N300,540,165,1e-06,12.306879894109189,0.008945745202411648,0.07360755559865288,2.06913808111479e-06,6.664792171326166
N300,540,166,2.6366508987303555e-06,6.677599648953486,0.004895431341560785,0.10021987860019604,3.359818286283781e-06,6.677599648953486
N300,540,167,2.6366508987303555e-06,6.6960556692847435,0.002758489296884603,0.10704556061150848,3.359818286283781e-06,6.6960556692847435
N300,540,168,1.1288378916846883e-05,2.830585794042466,0.009809899882975204,0.06935536459196515,2.06913808111479e-06,6.719172237573375
N300,540,169,6.951927961775606e-06,3.7405937752038643,0.005835119278075673,0.09571864578278722,2.06913808111479e-06,6.748564541197723
N300,540,170,0.01,0.01292680473385538,0.01392344918089472,0.03840889487653643,3.359818286283781e-06,6.639980572247415
N300,540,171,0.01,0.013315514257632114,0.013936102526564631,0.10992337112204836,1.2742749857031322e-06,6.726733431223904
N300,540,172,6.158482110660254e-07,16.532140606073103,0.01392330418131249,0.07095123940786402,2.6366508987303555e-06,6.640284532140566
N300,540,173,5.455594781168514e-06,4.234862137642509,0.008471742620814626,0.07755270986664277,6.951927961775606e-06,6.628775882156294
N300,540,174,5.455594781168514e-06,4.327743206745532,0.001998087376761104,0.11528346789085711,2.6366508987303555e-06,6.753014057927306
N300,540,175,1.6237767391887209e-06,9.103855124389034,0.0029374429386774814,0.10642840795529733,1.6237767391887209e-06,6.698357991744281
N300,540,176,1.2742749857031322e-06,10.642563061209966,0.003710918937152141,0.10655520324195784,2.06913808111479e-06,6.726173589039458
N300,540,177,0.01,0.012677144413976542,0.013914020363585577,0.022281147549165572,1.6237767391887209e-06,6.55870651242319
N300,540,178,6.158482110660255e-05,1.1116976299557608,0.01127598966210508,0.055527221228092095,2.06913808111479e-06,6.710897331916926
N300,540,179,5.455594781168514e-06,4.245603001854631,0.01793172512076391,0.06105518778116025,0.0003359818286283774,6.630993036175424
N300,540,180,2.06913808111479e-06,7.737443579567033,0.00459258332763135,0.09849499439007602,1.2742749857031322e-06,6.636089076395988
N300,540,181,1.6237767391887209e-06,9.015578877143293,0.008953857201628002,0.07299463024002095,3.359818286283781e-06,6.633565117423563
N300,540,182,3.792690190732246e-07,22.29985444073558,0.009459916386551415,0.08565299362166484,1.2742749857031322e-06,6.700082865927838
N300,540,183,5.4555947811685146e-08,62.668557750320836,0.06447450721108361,0.03537221708931212,3.359818286283781e-06,6.688104783519673
N300,540,184,1.6237767391887209e-06,9.210842195233731,0.004691949475320034,0.10377482494498845,2.06913808111479e-06,6.7897668217318845
N300,540,185,1.2742749857031322e-06,10.62038334227967,0.012316599664588979,0.07250909449951082,4.281332398719387e-06,6.696172746299948
N300,540,186,4.281332398719387e-06,4.949632725467475,0.00561503414857123,0.09222160232936087,2.6366508987303555e-06,6.67505284750212
N300,540,187,4.832930238571752e-07,19.234833104328317,0.014981659649549894,0.08166978469304624,2.6366508987303555e-06,6.641825616294571
N300,540,188,5.455594781168514e-06,4.259874161225556,0.005496053076248009,0.09465984093332053,1.2742749857031322e-06,6.651572987541741
N300,540,189,1e-06,12.30383156585196,0.01680651367967767,0.032374861913125816,4.281332398719387e-06,6.678780371406453
N300,540,190,0.01,0.01271694077580807,0.013924599086176603,0.06204765664258379,4.281332398719387e-06,6.624269754263484
N300,540,191,6.951927961775606e-06,3.7486001127500033,0.004622103876701811,0.0973223839764423,2.6366508987303555e-06,6.736845395675944
N300,540,192,3.359818286283781e-06,5.7032515534512696,0.003948623159298337,0.1009150939549303,3.359818286283781e-06,6.632793865516749
N300,540,193,3.359818286283781e-06,5.827442226766414,0.011154093711010948,0.054194941279836054,1.6237767391887209e-06,6.775333148782026
N300,540,194,3.792690190732246e-07,22.138251368898555,0.012408376032582158,0.08640285080662913,2.06913808111479e-06,6.595022630202003
N300,540,195,1.6237767391887209e-06,9.106811600797819,0.012082592974721584,0.07969115171318326,4.281332398719387e-06,6.706233479910305
N300,540,196,8.858667904100815e-06,3.2280578196354144,0.006993736434479425,0.08780527929682994,2.06913808111479e-06,6.699269912097193
N300,540,197,0.01,0.013365221724101584,0.013909690744253078,0.03827387351440768,2.06913808111479e-06,6.758615041334805
N300,540,198,7.847599703514607e-07,14.350882915000543,0.008569217807143703,0.08193260709448526,2.06913808111479e-06,6.6924854587344615
N300,540,199,0.01,0.012968428035333733,0.013877560124174848,0.03137489425481519,2.06913808111479e-06,6.672172348583583
N300,720,0,0.01,0.01290705739162276,0.013926254940614391,0.07226047182424891,1.6237767391887209e-06,7.769018590870027
N300,720,1,1.2742749857031322e-06,10.677154275853763,0.003165904811689435,0.10555798609473205,2.06913808111479e-06,7.846924260234268
N300,720,2,8.858667904100815e-08,50.52882535316286,0.04464257362503676,0.03934189808698416,2.6366508987303555e-06,7.829294187266706
N300,720,3,4.281332398719387e-06,5.0103836619893745,0.005535268814523597,0.09226432832170178,1.6237767391887209e-06,7.874588496422151
N300,720,4,6.158482110660255e-05,1.0714412914601015,0.011892166120601955,0.0793922698230063,1.2742749857031322e-06,7.823447715727516
N300,720,5,4.832930238571752e-07,19.555266940633793,0.008319841616834633,0.09784501386412263,2.06913808111479e-06,7.867208621703108
N300,720,6,2.976351441631313e-07,26.103801403014554,0.023855285798363046,0.055348917904496926,2.6366508987303555e-06,7.851390498707242
N300,720,7,1.8329807108324338e-05,2.1622637830148794,0.011119709278079482,0.06092325399814648,1.6237767391887209e-06,7.862246844965778
N300,720,8,2.3357214690901212e-07,29.886286402526714,0.011595315605883116,0.0860534628797921,1.2742749857031322e-06,7.795401507699407
N300,720,9,6.158482110660254e-07,16.69087844965272,0.007405837457258202,0.09091930584933085,1.2742749857031322e-06,7.76806762021873
N300,720,10,2.6366508987303555e-06,6.706151773239561,0.005151076776195307,0.09951095349192879,2.06913808111479e-06,7.812411358201453
N300,720,11,1e-06,12.356513251958841,0.008305205123771753,0.07831880564699749,1.6237767391887209e-06,7.804426820257613
N300,720,12,4.8329302385717524e-05,1.2354348306803198,0.01183502605194564,0.045953672459237656,1.2742749857031322e-06,7.832215042970427
N300,720,13,2.6366508987303555e-06,6.671548218417731,0.010190772527852388,0.08847492707101531,2.06913808111479e-06,7.77699494783393
N300,720,14,1.6237767391887209e-06,9.11552561807869,0.005188467153078635,0.09402130452458947,2.6366508987303555e-06,7.817344474246006
N300,720,15,1.6237767391887209e-06,9.06849417258933,0.006882946236273724,0.09061357595261281,2.6366508987303555e-06,7.769000900147998
N300,720,16,0.01,0.013408242168334954,0.013921137740433576,0.07305501418215625,2.06913808111479e-06,7.88311201664671
N300,720,17,4.832930238571752e-07,19.359804709325328,0.01420035207309056,0.058499919455086154,1.6237767391887209e-06,7.781424951725222
N300,720,18,0.01,0.01355482714678374,0.0139152222588389,0.0360408159910107,1.6237767391887209e-06,7.7284703652848075
N300,720,19,0.01,0.013478485175625849,0.013926764586309925,0.06854595807525937,2.06913808111479e-06,7.827130583922322
N300,720,20,4.281332398719387e-06,5.008293171168926,0.009728561329384044,0.07679554973972705,2.6366508987303555e-06,7.87017917881409
N300,720,21,2.06913808111479e-06,7.800251198754315,0.004226813949531727,0.09959495334556676,1.6237767391887209e-06,7.800251198754315
N300,720,22,0.00020691380811147902,0.46964344129620555,0.012935912895055912,0.03481626765382275,2.06913808111479e-06,7.842148753170188
N300,720,23,0.01,0.013485161076937124,0.013930446307369837,0.0325675774424997,1.2742749857031322e-06,7.735805223939715
N300,720,24,2.976351441631313e-07,26.091004001232584,0.01453671516352395,0.08933104354030695,2.06913808111479e-06,7.863898521288554
N300,720,25,3.359818286283781e-06,5.752301958041492,0.007742122584124211,0.0808144547166937,3.359818286283781e-06,7.799171544008575
N300,720,26,2.6366508987303555e-06,6.762464497007372,0.005824862996233526,0.09108520360700484,1.6237767391887209e-06,7.875588591286508
N300,720,27,0.00143844988828766,0.08653321484909796,0.013959818578854422,-0.0023115842807854576,2.06913808111479e-06,7.75857888842395
N300,720,28,4.281332398719387e-06,4.944622162952192,0.009029295385846736,0.07435962560397838,4.281332398719387e-06,7.783657156050033
N300,720,29,2.6366508987303555e-06,6.72434089233361,0.003990286185509451,0.10074260435652348,2.6366508987303555e-06,7.837809363573219
N300,720,30,7.847599703514607e-07,14.454327821043096,0.004731971989028527,0.09722812207140931,1.6237767391887209e-06,7.831189200426879
N300,720,31,1.2742749857031322e-06,10.587825227491722,0.0024264034708395554,0.10873652691522967,2.06913808111479e-06,7.781881594371227
N300,720,32,0.01,0.012673383045258935,0.013920652428450975,0.044538377144560465,4.281332398719387e-06,7.839320575346155
N300,720,33,2.3357214690901212e-07,29.70305265330496,0.02498149414483286,0.07641948977474301,2.6366508987303555e-06,7.773086851589439
N300,720,34,1.43844988828766e-05,2.438383370382896,0.008663002777931306,0.08119139378769216,1.6237767391887209e-06,7.779613636322203
N300,720,35,3.792690190732246e-07,22.769965800834957,0.016351624003151932,0.0850350336230579,2.6366508987303555e-06,7.90523096597418
N300,720,36,0.01,0.013333021171877374,0.013935728883132437,0.0309624693898072,1.6237767391887209e-06,7.746763602874508
N300,720,37,2.3357214690901212e-07,29.89844527101571,0.023039220446540942,0.07068839811397594,2.6366508987303555e-06,7.8356656196395935
N300,720,38,1.6237767391887209e-06,9.151443040205182,0.003605191680861819,0.10247852797509355,2.6366508987303555e-06,7.852204031155849
N300,720,39,3.359818286283781e-06,5.77832633148357,0.0031229644194177286,0.106002481068722,1.6237767391887209e-06,7.829251401391227
N300,720,40,8.858667904100815e-06,3.205532312027711,0.010934587198205947,0.057531211199723035,2.6366508987303555e-06,7.782520177003943
N300,720,41,4.281332398719387e-06,4.929586514232593,0.0036094269486074415,0.10269837655906382,2.6366508987303555e-06,7.7693804786849885
N300,720,42,1.1288378916846883e-05,2.800962698308928,0.009584262144562539,0.0724378209201142,2.06913808111479e-06,7.79354396859677
N300,720,43,0.01,0.01360219169392897,0.013912114209227444,0.028618571065495396,1.6237767391887209e-06,7.799276858990145
N300,720,44,0.01,0.01317331409794904,0.01393493815999014,0.023007236138244645,1.6237767391887209e-06,7.773514629847826
N300,720,45,0.01,0.013376515863265302,0.013911537161018783,0.0584955351465258,1.6237767391887209e-06,7.819474291506688
N300,720,46,2.6366508987303555e-06,6.751009478667732,0.00517521964212142,0.09601614081941222,1.6237767391887209e-06,7.861705141633903
N300,720,47,4.832930238571752e-07,19.495584511303743,0.017160035900290693,0.09263693938586214,5.455594781168514e-06,7.840433527929919
N300,720,48,0.01,0.014262234396197178,0.013893356909501775,0.03096091993980543,2.6366508987303555e-06,7.823412959124583
N300,720,49,3.792690190732246e-07,22.34572987645805,0.011087355121340847,0.09215231132259923,2.06913808111479e-06,7.745058006029233
N300,720,50,1e-06,12.424198157130794,0.0060659854631687216,0.08915977850970486,1.6237767391887209e-06,7.830245429691553
N300,720,51,1.43844988828766e-05,2.4494150627134985,0.006916607930118168,0.10357197324351404,2.06913808111479e-06,7.838300194366939
N300,720,52,1.6237767391887209e-06,9.124625328622326,0.0033355752360468838,0.10528985316336661,2.6366508987303555e-06,7.825380816817815
N300,720,53,4.8329302385717524e-05,1.2575339300681527,0.01058207845864001,0.058430793509574266,2.6366508987303555e-06,7.8711765873630695
N300,720,54,2.06913808111479e-06,7.952107914068452,0.007768285906190275,0.07894147518851263,2.06913808111479e-06,7.952107914068452
N300,720,55,2.3357214690901212e-07,29.878228666688177,0.01359565837176413,0.08763996278227666,1.6237767391887209e-06,7.777210867093096
N300,720,56,6.158482110660254e-07,16.953036074495984,0.014481593895080969,0.06827099486025881,1.1288378916846883e-05,7.893107773530778
N300,720,57,2.3357214690901212e-07,30.172345216619835,0.024670807009195994,0.07878722051792593,2.6366508987303555e-06,7.873636784290207
N300,720,58,1.8329807108324338e-07,34.42716124767891,0.029298458422690632,0.07785818750702966,2.6366508987303555e-06,7.8779113289154035
N300,720,59,2.3357214690901212e-07,29.747610809500216,0.022450472703090196,0.08013479574295317,1.43844988828766e-05,7.747834107037361
N300,720,60,1e-06,12.317997021744258,0.009465882887702448,0.0812810322562407,2.6366508987303555e-06,7.780160923019634
N300,720,61,4.281332398719387e-06,4.926456001107654,0.008878751571027799,0.07470133964787205,2.6366508987303555e-06,7.7485137160137025
N300,720,62,6.951927961775606e-06,3.6656256413188455,0.008501007138123962,0.07446986912906661,1.2742749857031322e-06,7.724708212489063
N300,720,63,2.6366508987303555e-06,6.615686252135814,0.005089409288917435,0.09626988832653897,1.6237767391887209e-06,7.712269734558371
N300,720,64,1e-06,12.516977514377865,0.0035002290411582093,0.10286910574852379,1.6237767391887209e-06,7.911880627578071
N300,720,65,7.847599703514607e-07,14.398097764542099,0.0055678304785286015,0.09683325876014925,2.06913808111479e-06,7.784221336870913
N300,720,66,2.976351441631313e-05,1.6416659250757322,0.011840183110750968,0.07541874060444666,2.06913808111479e-06,7.8376640618659525
N300,720,67,0.00016237767391887175,0.5714395161296825,0.012812337085137182,0.0546187696567566,1.6237767391887209e-06,7.768891135249979
N300,720,68,4.832930238571752e-07,19.55979586343109,0.011648817054382143,0.10141121750530262,3.359818286283781e-06,7.872509414636922
N300,720,69,2.3357214690901212e-07,29.89173175230531,0.01179733792104265,0.08284025350849504,1.2742749857031322e-06,7.797299042938272
N300,720,70,5.455594781168514e-06,4.227284073622616,0.007590105982766104,0.08272894978059098,2.06913808111479e-06,7.727804798466029
N300,720,71,2.976351441631313e-07,26.14153824412032,0.012063798731574371,0.08471365059131405,1.6237767391887209e-06,7.881718221956873
N300,720,72,6.158482110660254e-07,16.830404831705344,0.011324089143127436,0.06080715079483339,2.06913808111479e-06,7.817898361960148
N300,720,73,6.158482110660254e-07,16.779977075359884,0.005281020969447714,0.0934738084421664,1.2742749857031322e-06,7.818690409159052
N300,720,74,1.43844988828766e-05,2.429493755640316,0.007488146036652377,0.08214648341871338,2.6366508987303555e-06,7.774867045123193
N300,720,75,1.6237767391887209e-06,9.166443130063852,0.011130642580954753,0.055916877583218685,4.281332398719387e-06,7.865363930184832
N300,720,76,1.8329807108324338e-07,34.404245834332414,0.0331715769323907,0.05955345983466736,3.359818286283781e-06,7.847738659711605
N300,720,77,3.359818286283781e-06,5.723367799702061,0.008664419286162128,0.07871690597643202,2.6366508987303555e-06,7.757985346637981
N300,720,78,1.438449888287663e-07,39.47666970049052,0.027334176397098564,0.07881332562886394,2.06913808111479e-06,7.895994181667717
N300,720,79,2.976351441631313e-07,26.179683423691998,0.014601133449112402,0.07970391929635684,2.06913808111479e-06,7.881867369551742
N300,720,80,1.2742749857031322e-06,10.77191504009636,0.012129124430588,0.08613528993810307,3.359818286283781e-06,7.9257607155972405
N300,720,81,4.281332398719387e-06,4.984862814981609,0.007604261700103421,0.08095841766229799,1.6237767391887209e-06,7.842939201418851
N300,720,82,0.01,0.013334527880526824,0.01392256111779766,0.030367807347932093,2.06913808111479e-06,7.779224738926629
N300,720,83,5.455594781168514e-06,4.37904054750927,0.01008227276241036,0.06344260323346756,1.6237767391887209e-06,7.9587009374552125
N300,720,84,3.792690190732246e-07,22.434298839468653,0.012249390449052489,0.06136074016047828,1.6237767391887209e-06,7.778300784174616
N300,720,85,2.6366508987303555e-06,6.732037625188845,0.0026230618313076715,0.10856560448332378,2.6366508987303555e-06,7.842810068476335
N300,720,86,4.281332398719396e-08,71.13264777498794,0.0691263033637074,0.054296640760575714,2.06913808111479e-06,7.710602089388166
N300,720,87,1.1288378916846883e-05,2.772011849823624,0.01134345117726454,0.07339213588154586,1e-06,7.73211364223887
N300,720,88,1e-06,12.297201054665681,0.0028239549597499636,0.1086324952510925,2.06913808111479e-06,7.758784732674046
N300,720,89,4.281332398719387e-06,4.980816028316557,0.0066525505238291816,0.08696825072740128,2.06913808111479e-06,7.839065663105163
N300,720,90,0.01,0.012340660799949053,0.01392857803804426,0.08003623016028746,1.6237767391887209e-06,7.721732324631268
N300,720,91,3.359818286283781e-06,5.790699402466583,0.007317124530097474,0.08262855406535692,2.06913808111479e-06,7.840539886764287
N300,720,92,6.951927961775606e-06,3.733639622352311,0.010851176975678833,0.05747486534295639,1.6237767391887209e-06,7.842382357416205
N300,720,93,0.01,0.013553652813370544,0.013913299239822652,0.03564872019447545,1.2742749857031322e-06,7.821151640450045
N300,720,94,2.6366508987303555e-06,6.7286770885925105,0.007548099089844218,0.08815319135152504,3.359818286283781e-06,7.8370010968242205
N300,720,95,0.01,0.01292818702087576,0.013921001445380887,0.09152106253553091,2.6366508987303555e-06,7.80185042703952
N300,720,96,8.858667904100815e-06,3.274553536484123,0.009044563528975536,0.07579351204897442,2.6366508987303555e-06,7.946816242628285
N300,720,97,2.06913808111479e-06,7.745869141805642,0.009329716909820651,0.07691349862753585,1.6237767391887209e-06,7.745869141805642
N300,720,98,0.01,0.01353633861417709,0.013941215745229552,0.0017357426780084883,1.6237767391887209e-06,7.789019874643923
N300,720,99,1.2742749857031322e-06,10.605677519658467,0.004211751649840889,0.10623319568828847,2.6366508987303555e-06,7.79031915559814
N300,720,100,2.976351441631313e-07,26.02412338728123,0.019225996374169774,0.08218083824496002,4.281332398719387e-06,7.846839755024574
N300,720,101,6.951927961775606e-06,3.6844116376952853,0.005058480556961009,0.09555442494590707,2.06913808111479e-06,7.7652151976576915
N300,720,102,7.847599703514607e-07,14.481407273082002,0.0055219287194134825,0.1013641953565049,2.06913808111479e-06,7.841896324778695
N300,720,103,1.6237767391887209e-06,9.131551459331392,0.010962172220275734,0.054950803832042816,2.06913808111479e-06,7.829526005734308
N300,720,104,0.01,0.013238974464775295,0.013945126897370597,-0.005168140757575085,1.6237767391887209e-06,7.737187547720349
N300,720,105,4.832930238571752e-07,19.11930764751073,0.007722522837502521,0.09023459532911036,1.6237767391887209e-06,7.649525840314508
N300,720,106,3.359818286283781e-06,5.782451280260067,0.009090715039110076,0.08828812495814517,2.06913808111479e-06,7.824730188076052
N300,720,107,2.6366508987303555e-06,6.6856904497516725,0.003253236195083553,0.10921971278091858,2.06913808111479e-06,7.7954516478190135
N300,720,108,6.158482110660254e-07,16.63491182041197,0.006547689890079034,0.08832513624707007,1.2742749857031322e-06,7.72387965283527
N300,720,109,1.2742749857031322e-06,10.77689771792849,0.00879071896959882,0.08782450438713019,2.06913808111479e-06,7.9361671305880055
N300,720,110,8.858667904100815e-06,3.169523680328762,0.009855661785040715,0.06855404719668252,1.6237767391887209e-06,7.715659820114482
N300,720,111,1e-06,12.407919147409887,0.008208177042940412,0.08059625424345762,2.06913808111479e-06,7.827992045634002
N300,720,112,4.281332398719387e-06,5.061752737557687,0.0040527106199941265,0.10164508900370124,2.06913808111479e-06,7.952978311371679
N300,720,113,1.2742749857031322e-06,10.560581569019865,0.0025749294231530717,0.10765915202371651,1.6237767391887209e-06,7.758443216734109
N300,720,114,4.832930238571752e-07,19.35763091947193,0.008010154156229077,0.09041257261750166,1.6237767391887209e-06,7.75854696164715
N300,720,115,6.951927961775606e-06,3.7040487662937633,0.00948449551581676,0.06709990977916297,5.455594781168514e-06,7.7704617158126155
N300,720,116,7.847599703514607e-07,14.459544090212777,0.009808017095317645,0.06833881368700095,2.6366508987303555e-06,7.82894871738
N300,720,117,3.792690190732246e-07,22.53589294607616,0.013480156065078686,0.09948438428067599,2.6366508987303555e-06,7.829725850580246
N300,720,118,5.455594781168514e-06,4.305750437639817,0.012844213783243297,0.05338359738068729,1.6237767391887209e-06,7.841656624837864
N300,720,119,1.6237767391887209e-06,9.109508960378651,0.0015338375308707741,0.11339013089695615,2.6366508987303555e-06,7.803740779599056
N300,720,120,1.2742749857031322e-06,10.674015181202092,0.003368912575616223,0.10448320148090903,2.06913808111479e-06,7.848874001274399
N300,720,121,0.01,0.012715489245054395,0.013913057844325838,0.060931730567881426,2.6366508987303555e-06,7.8419494502916685
N300,720,122,7.847599703514606e-05,0.9393162435839111,0.01130250530786825,0.0608401949504627,2.06913808111479e-06,7.768769793208476
N300,720,123,6.158482110660254e-07,16.86530837460011,0.009934261088063612,0.10690145866555231,3.359818286283781e-06,7.864140018071193
N300,720,124,0.01,0.013744850498361015,0.013945257447416037,-0.0054325944537833015,2.06913808111479e-06,7.881900582259767
N300,720,125,2.6366508987303555e-06,6.752895996385783,0.006689942154346595,0.08986138265758563,1.2742749857031322e-06,7.873348514375248
N300,720,126,0.0018329807108324375,0.06788081485650176,0.013745833381371031,0.03266737534897051,1.6237767391887209e-06,7.8258503269021045
N300,720,127,1.6237767391887209e-06,9.064922911884487,0.0014086139534524866,0.11381993799198437,2.06913808111479e-06,7.771819668486492
N300,720,128,0.01,0.014093826310398168,0.013914259031999165,0.06644068464053256,2.6366508987303555e-06,7.884991052177372
N300,720,129,7.847599703514607e-07,14.302629230595896,0.0082243823084166,0.08115628648556775,1.6237767391887209e-06,7.742426563810076
N300,720,130,1.6237767391887209e-06,9.121313325203703,0.005527671032265813,0.09311297558232653,2.06913808111479e-06,7.818019547834102
N300,720,131,0.01,0.012743082469173835,0.01391945980404119,0.06248481930230522,1.6237767391887209e-06,7.71104172313221
N300,720,132,7.847599703514607e-07,14.553169830284677,0.0075794807637225015,0.08296050269620499,2.06913808111479e-06,7.902974698072936
N300,720,133,1e-06,12.371794206889923,0.004135549795143745,0.09972647073027655,2.06913808111479e-06,7.791416920700986
N300,720,134,6.158482110660255e-05,1.0695494510617247,0.012407704065581449,0.0447549681747939,1.6237767391887209e-06,7.733019548110393
N300,720,135,6.951927961775606e-06,3.699540803883374,0.007512710085373131,0.08256449559902064,1.6237767391887209e-06,7.788459532202919
N300,720,136,1.6237767391887209e-06,9.13975613994919,0.004686304148780462,0.09673645175980117,2.6366508987303555e-06,7.839020603153916
N300,720,137,2.06913808111479e-06,7.828542899153375,0.00409022323415309,0.0997836885350024,2.06913808111479e-06,7.828542899153375
N300,720,138,1.2742749857031322e-06,10.625402094721744,0.0065914507226368935,0.09741986171108598,2.06913808111479e-06,7.816766603262646
N300,720,139,1.6237767391887209e-06,8.96926825038675,0.003873917397087978,0.10484366220021593,1.6237767391887209e-06,7.690961408066863
N300,720,140,0.01,0.013996964169742929,0.013897168083255251,0.04095971394464599,1.6237767391887209e-06,7.881321056419155
N300,720,141,6.158482110660254e-07,16.78420318665317,0.015709147466835716,0.08402245830189263,5.455594781168514e-06,7.809936174693405
N300,720,142,4.832930238571752e-07,19.461682498377463,0.006310118127503372,0.09896900453812121,1.6237767391887209e-06,7.823502306469968
N300,720,143,6.158482110660254e-07,16.81777529959026,0.011142268715169545,0.0840493184255477,2.6366508987303555e-06,7.854739229588486
N300,720,144,0.01,0.013235568515663891,0.013938134522444412,0.018122426790204083,1.6237767391887209e-06,7.780113549326874
N300,720,145,1.43844988828766e-05,2.454636595024206,0.007064794987725609,0.09888074986437424,2.6366508987303555e-06,7.837277454086778
N300,720,146,3.792690190732246e-05,1.4213404954597029,0.015222234440725901,0.03557303075881553,1.2742749857031322e-06,7.790198561917234
N300,720,147,6.951927961775605e-08,56.69856479518327,0.040716078922904075,0.0651436772210937,3.359818286283781e-06,7.763247117587234
N300,720,148,2.976351441631313e-07,26.174246412822658,0.019547414105605232,0.10319281788817421,4.281332398719387e-06,7.869740604509197
N300,720,149,1.6237767391887209e-06,9.152357783980781,0.008910687851510612,0.07760088539054474,2.6366508987303555e-06,7.846937675666998
N300,720,150,4.281332398719387e-06,4.942859187714321,0.003996803335113985,0.10230850303430639,2.06913808111479e-06,7.791350411385684
N300,720,151,3.359818286283781e-06,5.811360405820386,0.0027327090661576348,0.10839316552963464,2.06913808111479e-06,7.875706430158083
N300,720,152,4.832930238571752e-07,19.477692481625866,0.011076297764476495,0.07827671096903413,2.06913808111479e-06,7.810248963600326
N300,720,153,1e-06,12.381084806237896,0.008685375359285818,0.08260726543002136,1.6237767391887209e-06,7.803851919201096
N300,720,154,7.847599703514606e-05,0.9276413719044272,0.011655067692714516,0.052937098390754916,1.6237767391887209e-06,7.812306266865178
N300,720,155,1.43844988828766e-05,2.4264192633622628,0.0096815634718731,0.07262674253604923,1.2742749857031322e-06,7.722501762600386
N300,720,156,1.6237767391887209e-06,9.131605524312606,0.002988331867101124,0.10537562702074271,2.06913808111479e-06,7.8293133205449195
N300,720,157,4.832930238571752e-07,19.327353422833212,0.007381198463553118,0.10263937276733004,2.06913808111479e-06,7.765165151554906
N300,720,158,0.01,0.013084194423372787,0.013935945990601328,0.03647388093531377,1.6237767391887209e-06,7.812739113428892
N300,720,159,1e-06,12.18938198191408,0.004252160337961497,0.10190810060994075,2.06913808111479e-06,7.677873411171518
N300,720,160,2.6366508987303555e-06,6.731036845187036,0.0023126156914620166,0.11445522485930802,1.6237767391887209e-06,7.842403696697525
N300,720,161,6.951927961775606e-06,3.722132101966111,0.009392958304120125,0.0746160360871259,1.1288378916846883e-05,7.83678337820056
N300,720,162,5.455594781168514e-06,4.294098685254687,0.005915554859529881,0.09206489854272618,1.6237767391887209e-06,7.823352448398885
N300,720,163,1.6237767391887209e-06,8.974374868509967,0.005195612799462679,0.10116732784269818,2.6366508987303555e-06,7.694073118438796
N300,720,164,2.06913808111479e-06,7.761410281728516,0.002496706642454938,0.11025496786092046,1.6237767391887209e-06,7.761410281728516
N300,720,165,1e-06,12.413873950234704,0.0038744658942931887,0.1035452206154272,2.06913808111479e-06,7.824072659697971
N300,720,166,2.6366508987303555e-06,6.741140862217042,0.0027442281971046256,0.10752527871849225,2.06913808111479e-06,7.851305318910754
N300,720,167,2.6366508987303555e-06,6.723810531117512,0.0013567689956780482,0.11291782296654831,2.06913808111479e-06,7.8361354036430075
N300,720,168,6.158482110660254e-07,16.83752714250763,0.007891981498005962,0.09843349574885268,2.06913808111479e-06,7.846949743612305
N300,720,169,1.438449888287663e-07,39.10171754718376,0.020811996997283422,0.07842054337118852,2.06913808111479e-06,7.871137095601481
N300,720,170,2.06913808111479e-06,7.781273947452245,0.006532593556024202,0.08642806379544381,2.06913808111479e-06,7.781273947452245
N300,720,171,1.2742749857031322e-06,10.667842156500912,0.0034560119818556334,0.1068828593487852,1e-06,7.846483156717855
N300,720,172,2.3357214690901212e-07,29.84749544492633,0.02325126980959824,0.0728902723500307,2.06913808111479e-06,7.8113116045566064
N300,720,173,0.0001274274985703132,0.6868944820255337,0.012430114718699703,0.04171014042679885,2.06913808111479e-06,7.798914517776505
N300,720,174,1.8329807108324338e-05,2.1722617904517243,0.007882738686036284,0.09490946110884187,2.06913808111479e-06,7.88417193559174
N300,720,175,3.792690190732246e-07,22.616483609941703,0.010783808630789093,0.10446057955416982,2.6366508987303555e-06,7.846836118695753
N300,720,176,1.2742749857031322e-06,10.721235276646333,0.005487057718979282,0.09914010714431037,2.06913808111479e-06,7.8829295309904595
N300,720,177,0.01,0.013233881096842186,0.013918329124473439,0.028885846804467125,1.6237767391887209e-06,7.696448223314254
N300,720,178,1.6237767391887209e-06,9.17060371664362,0.0031300282128172707,0.10458576889159213,1.2742749857031322e-06,7.868251344551496
N300,720,179,0.01,0.012672370793940405,0.013884498520595256,0.029562892062134714,2.06913808111479e-06,7.788912337334478
N300,720,180,6.158482110660254e-07,16.670844796887586,0.007365100213796882,0.08294230662257941,1.2742749857031322e-06,7.726259368472754
N300,720,181,4.281332398719387e-06,4.905878059823782,0.005297784633635283,0.10259293470695824,2.06913808111479e-06,7.730706303300525
N300,720,182,6.158482110660254e-07,16.795542969448576,0.004219214630646451,0.10329320296305583,1.6237767391887209e-06,7.844827097720527
N300,720,183,5.455594781168514e-06,4.274930741951903,0.006284075749235618,0.0936950872172533,1.2742749857031322e-06,7.78996419889286
N300,720,184,5.455594781168514e-06,4.356066983499035,0.007630039561650537,0.08213648330989126,2.06913808111479e-06,7.9305996919814294
N300,720,185,6.158482110660254e-07,16.788017328256338,0.015794644637153854,0.07491344551130738,2.6366508987303555e-06,7.80549195738466
N300,720,186,4.281332398719387e-06,4.952160335111788,0.004791393477760364,0.09615703020471313,2.06913808111479e-06,7.7910946636360485
N300,720,187,1.6237767391887209e-06,9.127238344178496,0.006193348031396151,0.0914352284456062,2.6366508987303555e-06,7.825256949049565
N300,720,188,0.01,0.013605471369577762,0.013924279342107937,0.06059039961510591,1.2742749857031322e-06,7.78528576161867
N300,720,189,0.01,0.014015314767232155,0.013933124828928056,0.033863336974621426,2.06913808111479e-06,7.834931011480601
N300,720,190,6.951927961775606e-06,3.684652496921561,0.008597088874910397,0.07782712104612516,2.06913808111479e-06,7.7427050077473245
N300,720,191,0.01,0.013706973463487905,0.013912544627705525,0.05132606649361794,2.06913808111479e-06,7.83504948937949
N300,720,192,3.792690190732246e-05,1.419484176934168,0.009914591010524387,0.09211846978633087,2.06913808111479e-06,7.746003249101669
N300,720,193,1.2742749857031322e-06,10.810260819973722,0.005841266685559621,0.09087080513386019,2.06913808111479e-06,7.960324493956344
N300,720,194,6.158482110660254e-07,16.647537388937486,0.009107091189186622,0.0871700062212039,2.06913808111479e-06,7.736350340006614
N300,720,195,3.792690190732246e-07,22.535774916998967,0.01976561409686728,0.08342281141098977,4.281332398719387e-06,7.820261207408189
N300,720,196,1.6237767391887209e-06,9.12775459408825,0.003341497059481835,0.10372902155069437,1.6237767391887209e-06,7.827001788551492
N300,720,197,2.6366508987303555e-06,6.785185967257816,0.0033878291453672826,0.10436173946971374,2.06913808111479e-06,7.902024470084065
N300,720,198,6.158482110660254e-07,16.751120893566636,0.011782760163071226,0.06695829864564215,2.6366508987303555e-06,7.8016497588687175
N300,720,199,2.3357214690901212e-07,29.730308463675573,0.01765052361102104,0.07927900144672294,2.06913808111479e-06,7.742401969306461
N300,1080,0,6.951927961775606e-06,3.704700388244399,0.007266654160627994,0.08872920473953247,1e-06,9.116792384872456
N300,1080,1,4.832930238571752e-07,19.70205566864595,0.009098806457887743,0.09715498815040449,2.6366508987303555e-06,9.194805905091322
N300,1080,2,1.6237767391887209e-06,9.147927379313044,0.006072379480526302,0.09134259552525938,1.6237767391887209e-06,9.147927379313044
N300,1080,3,8.858667904100815e-06,3.2523255622834286,0.008404789464931506,0.07610371587013245,1.6237767391887209e-06,9.189374589994314
N300,1080,4,1.1288378916846883e-05,2.8141167908750786,0.00865991979187053,0.07542024435998003,1e-06,9.114490525239903
N300,1080,5,3.359818286283781e-06,5.7781930670057005,0.003363967925058997,0.10554040483660587,1.2742749857031322e-06,9.135751499866261
N300,1080,6,3.359818286283781e-06,5.79473579907814,0.010577199239599655,0.058980478385086604,1.6237767391887209e-06,9.179915588797858
N300,1080,7,0.01,0.013506559069492129,0.013925744197957335,0.06267393801590318,7.847599703514607e-07,9.154299391898945
N300,1080,8,6.158482110660254e-07,16.818821148977158,0.0039059471160908243,0.10197501534781613,1.2742749857031322e-06,9.104394800780584
N300,1080,9,1e-06,12.444257330964229,0.005241063496259746,0.09426542092499089,1.2742749857031322e-06,9.140675631200333
N300,1080,10,2.06913808111479e-06,7.812147667569341,0.0036426678308649763,0.10813843199999447,1.2742749857031322e-06,9.113142819433175
N300,1080,11,6.158482110660254e-07,16.8659315347978,0.00905619068239516,0.0839732275999839,2.06913808111479e-06,9.153122263351602
N300,1080,12,2.3357214690901212e-07,30.010995841336126,0.014178252625744903,0.07378062504237574,1.6237767391887209e-06,9.11153099476771
N300,1080,13,6.158482110660254e-07,16.822027691092025,0.006342225767254739,0.10147433842798333,1.6237767391887209e-06,9.099913910304258
N300,1080,14,7.847599703514607e-07,14.49378172786761,0.0037069384162897734,0.10246610766047859,1.6237767391887209e-06,9.131347460016038
N300,1080,15,0.01,0.012942886287219044,0.013912994119023692,0.037399660409733276,1.6237767391887209e-06,9.119450695194963
N300,1080,16,0.01,0.013210396177144978,0.01392924500330095,0.08381888814177184,1.2742749857031322e-06,9.139415136774218
N300,1080,17,1.6237767391887209e-06,9.069944251539763,0.004675527585744521,0.09672061526386783,1.6237767391887209e-06,9.069944251539763
N300,1080,18,4.281332398719396e-08,72.1357357755203,0.043673682051008744,0.05952295105918306,2.06913808111479e-06,9.041323117344465
N300,1080,19,1.8329807108324338e-07,34.68007653214821,0.01673163597098981,0.05648980305136257,1.6237767391887209e-06,9.12883879820089
N300,1080,20,0.00016237767391887175,0.5788509853601999,0.012550589027237158,0.039530619593221586,1.6237767391887209e-06,9.16724524501942
N300,1080,21,1e-06,12.408756676194413,0.003804605150477647,0.10242326350334353,1.2742749857031322e-06,9.11512156090213
N300,1080,22,2.976351441631313e-07,26.314965551141096,0.01120765389775158,0.08597234125832946,1.6237767391887209e-06,9.166684406222403
N300,1080,23,7.847599703514607e-07,14.327435746390268,0.0030420289311118287,0.10787535226616563,1.2742749857031322e-06,9.016308251180083
N300,1080,24,3.359818286283781e-06,5.825480830925735,0.005593784585072092,0.09175408513004037,1.6237767391887209e-06,9.202216283555346
N300,1080,25,1.6237767391887209e-06,9.141814974003074,0.006706934224342431,0.08919003281425913,2.6366508987303555e-06,9.141814974003074
N300,1080,26,0.01,0.013836032720759995,0.013929701003915329,0.04838184698158594,1.6237767391887209e-06,9.269037928042993
N300,1080,27,1.43844988828766e-05,2.4495952976881403,0.014403062054207383,0.017388248987926135,1e-06,9.11851077138629
N300,1080,28,0.01,0.013299783028599462,0.013926987524542689,0.04423464020239248,1.2742749857031322e-06,9.13314273900759
N300,1080,29,1.438449888287663e-07,39.62812657523248,0.022819145446658085,0.07236662668156058,2.6366508987303555e-06,9.137749976604164
N300,1080,30,6.951927961775606e-06,3.725655386150538,0.007425769845062935,0.10855961774723732,1.2742749857031322e-06,9.166409854809752
N300,1080,31,0.00016237767391887175,0.5580186220733734,0.012637832228571289,0.06609342178814741,1.6237767391887209e-06,9.131216314937767
N300,1080,32,0.01,0.01365950706816308,0.013931067273157738,0.024704366401139946,1.2742749857031322e-06,9.170712890604783
N300,1080,33,1.2742749857031322e-06,10.588755239484954,0.002353731312782381,0.10947234106115684,2.06913808111479e-06,9.071217024381449
N300,1080,34,0.00026366508987303556,0.40386947948652296,0.013141254869782903,0.039721328132513306,1e-06,9.137125114361114
N300,1080,35,2.6366508987303555e-06,6.785865045028788,0.0031399340374763662,0.10589794362310938,2.06913808111479e-06,9.222982729876854
N300,1080,36,1.6237767391887209e-06,9.06686615373062,0.0026912877822355963,0.10804625397756065,1.2742749857031322e-06,9.06686615373062
N300,1080,37,1e-06,12.424268521990566,0.005825802082108256,0.09453368275743133,2.06913808111479e-06,9.128208298901928
N300,1080,38,2.06913808111479e-06,7.840893963959357,0.0015699219656939434,0.11250511827656694,2.06913808111479e-06,9.143735130033365
N300,1080,39,4.832930238571752e-07,19.602172409790015,0.004681576235159635,0.10496352766429544,1.6237767391887209e-06,9.16047463812581
N300,1080,40,3.792690190732246e-05,1.430466089309998,0.015145483145945549,0.007095481818949044,2.06913808111479e-06,9.116770006529682
N300,1080,41,0.0003359818286283774,0.31678711942680443,0.013795408588857416,0.013720005449887406,1.6237767391887209e-06,9.096907994781104
N300,1080,42,2.6366508987303555e-06,6.742650472346409,0.005454549240108575,0.09288704071828727,1.2742749857031322e-06,9.16641310430292
N300,1080,43,2.06913808111479e-06,7.809853526788528,0.005949475805591686,0.09093564355950472,1.2742749857031322e-06,9.11610628844457
N300,1080,44,1.6237767391887209e-06,9.075804999750984,0.00720874771598512,0.08708783979723231,1e-06,9.075804999750984
N300,1080,45,1.1288378916846883e-07,44.997536969775275,0.017872629336109225,0.09128975349430393,1.6237767391887209e-06,9.146960232468192
N300,1080,46,1.1288378916846883e-07,45.22865220506664,0.024349727625141315,0.07296843392631362,2.06913808111479e-06,9.16611500525102
N300,1080,47,6.158482110660254e-07,16.890314315983623,0.006441869680923862,0.10284707368883189,2.06913808111479e-06,9.158258417262903
N300,1080,48,1.2742749857031322e-06,10.70643375528972,0.004869453592177941,0.10010244362381343,2.06913808111479e-06,9.177796437647233
N300,1080,49,1e-06,12.303457199143173,0.002598896355806568,0.10778482579206547,1.6237767391887209e-06,9.035136900050272
N300,1080,50,1.6237767391887209e-06,9.150224340582781,0.003781794212990297,0.10238175721077218,1.6237767391887209e-06,9.150224340582781
N300,1080,51,3.359818286283781e-06,5.780463414407306,0.002643663455063505,0.11552389550402636,1.6237767391887209e-06,9.15337908282048
N300,1080,52,1.6237767391887209e-06,9.155469245092718,0.0017581868521109323,0.11142335655178852,2.6366508987303555e-06,9.155469245092718
N300,1080,53,1.6237767391887209e-06,9.184155246455003,0.0033372127011195296,0.10542584638302922,1.6237767391887209e-06,9.184155246455003
N300,1080,54,2.6366508987303555e-06,6.8150178581373835,0.002946819444717974,0.10949934995622679,1.6237767391887209e-06,9.261028277893526
N300,1080,55,1.2742749857031322e-06,10.625079605229129,0.0015737730008476003,0.11193534881442291,1.2742749857031322e-06,9.103930941403444
N300,1080,56,4.281332398719387e-06,5.009737072695696,0.007422496039702686,0.08222832013808563,2.06913808111479e-06,9.210017009606537
N300,1080,57,6.158482110660254e-07,16.9902874910948,0.00522503283846476,0.10348965009695112,1.6237767391887209e-06,9.205865467285182
N300,1080,58,1e-06,12.452384618357465,0.004334245347538346,0.10353842386422571,2.6366508987303555e-06,9.146938172338064
N300,1080,59,1.6237767391887209e-06,9.159846771276722,0.008308569070779703,0.09087762027772134,3.359818286283781e-06,9.159846771276722
N300,1080,60,2.976351441631313e-05,1.6451830668264067,0.013864536996750387,0.01941941824653021,1.2742749857031322e-06,9.13970354329023
N300,1080,61,7.847599703514607e-07,14.398364494833682,0.005758930601930223,0.09428627932471494,1.6237767391887209e-06,9.083068521804355
N300,1080,62,1e-06,12.403107441403936,0.003880928016834262,0.1008151707436694,1.2742749857031322e-06,9.113850664891551
N300,1080,63,2.06913808111479e-06,7.7297034558534,0.0013174625384224647,0.11384241837585027,1.6237767391887209e-06,9.023515105180724
N300,1080,64,2.3357214690901213e-05,1.8865178744821653,0.010392046135261346,0.06561156274441736,1.2742749857031322e-06,9.13788815457513
N300,1080,65,2.06913808111479e-06,7.828761212731005,0.0033414691539246366,0.11015904342966537,1.2742749857031322e-06,9.133912746889875
N300,1080,66,3.359818286283781e-06,5.8213299479223926,0.005658998596356768,0.10780562218450665,1.2742749857031322e-06,9.209843128150863
N300,1080,67,6.158482110660254e-07,16.84999442836083,0.0073946691859525515,0.10010720544198361,2.06913808111479e-06,9.114686723439181
N300,1080,68,8.858667904100815e-06,3.262406445111918,0.0080945819242223,0.07842445178748028,6.951927961775606e-06,9.216638977291838
N300,1080,69,1.6237767391887209e-06,9.156419316983389,0.0018954839901432763,0.11100160184100918,1.2742749857031322e-06,9.156419316983389
N300,1080,70,1.6237767391887209e-06,9.055816070627207,0.0033165495886340324,0.10363511080096054,1.6237767391887209e-06,9.055816070627207
N300,1080,71,7.847599703514607e-07,14.571592428905769,0.0026960706489355113,0.10905829427268277,1.6237767391887209e-06,9.186621366742028
N300,1080,72,2.06913808111479e-06,7.861444846321604,0.004201050905566328,0.10747107530513329,1.2742749857031322e-06,9.176969503421864
N300,1080,73,2.06913808111479e-06,7.828528667472575,0.0042224577386238415,0.11408981079984368,7.847599703514607e-07,9.13359532998501
N300,1080,74,1e-06,12.394008235836713,0.006166106732524934,0.10021636105242727,2.6366508987303555e-06,9.10456902638748
N300,1080,75,1e-06,12.554787608613966,0.011972972389763026,0.05773229583059116,6.951927961775606e-06,9.238838323974347
N300,1080,76,5.455594781168514e-06,4.315952352650311,0.010146239972291915,0.06615466734607263,2.06913808111479e-06,9.164106036880728
N300,1080,77,3.792690190732246e-07,22.609703835837063,0.012080433858317363,0.06810946563686798,2.06913808111479e-06,9.10444874794616
N300,1080,78,0.01,0.013580736645844207,0.013929950507345579,0.05520242027001611,1e-06,9.20084788166883
N300,1080,79,2.3357214690901213e-05,1.8794038052996715,0.01031496222209971,0.06727720235242894,1.6237767391887209e-06,9.152606389146449
N300,1080,80,0.01,0.01412352426032492,0.013913308373013966,0.02936153048911659,2.06913808111479e-06,9.255729736682857
N300,1080,81,7.847599703514607e-07,14.523918293040593,0.005089531167079109,0.09841071801175844,1.6237767391887209e-06,9.157185834321679
N300,1080,82,6.158482110660254e-07,16.91050745757853,0.00550072089138165,0.09850015029523207,1.6237767391887209e-06,9.15375228546211
N300,1080,83,1.6237767391887209e-06,9.178340378266341,0.007509387652556043,0.08048375812111239,1.2742749857031322e-06,9.178340378266341
N300,1080,84,2.06913808111479e-06,7.84056161496973,0.005167087550705718,0.09540798832706344,1.2742749857031322e-06,9.14724688447641
N300,1080,85,0.00020691380811147902,0.49576433836035105,0.012807157403508462,0.04462198209137566,1.6237767391887209e-06,9.137681369549519
N300,1080,86,1.1288378916846883e-05,2.7865520690394407,0.00810432814172013,0.11304383631101805,1.6237767391887209e-06,9.06437828488839
N300,1080,87,4.281332398719396e-08,72.2171977533047,0.044704318815191546,0.028631249501806386,1.6237767391887209e-06,9.121498167812417
N300,1080,88,1.6237767391887209e-06,9.070733073375575,0.002186280779733485,0.10915662147118144,1.6237767391887209e-06,9.070733073375575
N300,1080,89,1.6237767391887209e-06,9.13073347964157,0.004072878886994258,0.10023766117153075,1.6237767391887209e-06,9.13073347964157
N300,1080,90,3.792690190732246e-07,22.62460190080153,0.00947907665765646,0.10032079680244935,2.6366508987303555e-06,9.109810005451948
N300,1080,91,2.06913808111479e-06,7.8751862309039025,0.0048545864595586075,0.09576790291389763,1.6237767391887209e-06,9.180329543367291
N300,1080,92,6.158482110660255e-05,1.0953617643935045,0.012949483149877539,0.03160763376263587,1.2742749857031322e-06,9.201338992310399
N300,1080,93,2.6366508987303555e-06,6.730005927230853,0.005447892652664765,0.0961521719368029,1.2742749857031322e-06,9.149189282898623
N300,1080,94,1.2742749857031322e-06,10.638316720811225,0.008556593856000827,0.09782608432782766,4.281332398719387e-06,9.115544970511678
N300,1080,95,5.455594781168514e-06,4.296486110721509,0.005301438582630769,0.10640714747159723,1.6237767391887209e-06,9.137022677292567
N300,1080,96,2.6366508987303555e-06,6.842412514988301,0.006724888010066321,0.08526419347533772,2.06913808111479e-06,9.301390920764874
N300,1080,97,1.2742749857031322e-06,10.634341031881979,0.006351230581827183,0.0910957597258087,1e-06,9.108995187818742
N300,1080,98,7.847599703514607e-07,14.41641459417997,0.0065481921107823915,0.08725366078866766,1.6237767391887209e-06,9.088452508839227
N300,1080,99,0.01,0.013078470023942194,0.013923265084352043,0.08570460312720465,1.6237767391887209e-06,9.074458252044943
N300,1080,100,3.792690190732246e-07,22.638697014384412,0.013191961096561844,0.09732231200411308,3.359818286283781e-06,9.126655781512275
N300,1080,101,0.0011288378916846883,0.10930731221288369,0.013727334831841187,0.059415264771917144,1.2742749857031322e-06,9.143909794855817
N300,1080,102,1.43844988828766e-05,2.4890587736346665,0.0077204826111101355,0.0841617255552762,1.6237767391887209e-06,9.212505738240992
N300,1080,103,1.2742749857031322e-06,10.709571286813574,0.009332954094140034,0.0768804418454851,1.2742749857031322e-06,9.175907860564374
N300,1080,104,3.792690190732246e-07,22.62945331391172,0.00932880210108411,0.08552058540387067,1.6237767391887209e-06,9.081948465628502
N300,1080,105,6.158482110660254e-07,16.675505909296977,0.007439695178714567,0.08252866093104656,1.6237767391887209e-06,9.01531827768264
N300,1080,106,2.6366508987303555e-06,6.725823587906801,0.007488185984089957,0.09098761145651336,1.2742749857031322e-06,9.13800262338896
N300,1080,107,3.359818286283781e-06,5.751180045972804,0.0037031542419876384,0.10462039229127264,1.6237767391887209e-06,9.123936537150946
N300,1080,108,1.1288378916846883e-05,2.7802492846261497,0.009087415965008394,0.08508482851171889,1e-06,9.066213167150766
N300,1080,109,1.6237767391887209e-06,9.233991783971119,0.0045838718019225455,0.10244670112123005,1.6237767391887209e-06,9.233991783971119
N300,1080,110,2.06913808111479e-06,7.755182593564611,0.007901630068337218,0.07799741115113167,2.06913808111479e-06,9.052068675289755
N300,1080,111,2.976351441631313e-07,26.212955768326132,0.012784841337983521,0.08051964330675399,2.06913808111479e-06,9.157782307839948
N300,1080,112,1e-06,12.631083857733913,0.004204386174855523,0.10139010569392351,2.06913808111479e-06,9.292919462405113
N300,1080,113,8.858667904100815e-08,50.87659453593758,0.029269660400195074,0.07908261054080454,2.06913808111479e-06,9.102807362295907
N300,1080,114,1.438449888287663e-07,39.51520318968303,0.016789394419667647,0.08626744577273207,1.6237767391887209e-06,9.11844338063647
N300,1080,115,2.6366508987303555e-06,6.663247283048821,0.007907979822209144,0.0790949840278923,2.06913808111479e-06,9.055134129860354
N300,1080,116,6.158482110660254e-07,16.868912511028448,0.006092451941401511,0.09296216330721818,1.6237767391887209e-06,9.132753767307207
N300,1080,117,4.832930238571752e-07,19.572014800718335,0.011591866549926277,0.10266242952395863,2.6366508987303555e-06,9.130557856284929
N300,1080,118,2.3357214690901212e-07,30.359864661577426,0.012435201861556666,0.07738947530952038,1.6237767391887209e-06,9.208787094102536
N300,1080,119,2.6366508987303555e-06,6.675723554914757,0.0010400913765421516,0.11527343853492095,2.06913808111479e-06,9.088243800244927
N300,1080,120,4.832930238571752e-07,19.598667503228423,0.004463117873403921,0.10060773323988347,1.2742749857031322e-06,9.149941088631646
N300,1080,121,1.2742749857031322e-06,10.69035865309825,0.0011731024402477086,0.1153925230095979,1.6237767391887209e-06,9.156961013477417
N300,1080,122,1e-06,12.433610164054329,0.002446337218754868,0.10854652294969411,1.6237767391887209e-06,9.136078160042214
N300,1080,123,5.455594781168514e-06,4.312535606470289,0.004166941365359111,0.09943829258655282,2.06913808111479e-06,9.177895308708681
N300,1080,124,2.6366508987303555e-06,6.781821896489268,0.004092200660562595,0.10651018608050924,1.6237767391887209e-06,9.2179866003109
N300,1080,125,0.01,0.013433542201297223,0.013903624577979001,0.0317280169390838,1e-06,9.173557987169527
N300,1080,126,2.06913808111479e-06,7.849484547182584,0.0062987046113922585,0.08901684327749665,1.2742749857031322e-06,9.152447419333276
N300,1080,127,1e-06,12.334302009943547,0.003675331957432415,0.1129252734992782,2.6366508987303555e-06,9.056892690281579
N300,1080,128,4.8329302385717524e-05,1.2602357431158464,0.011264387265683129,0.07231537458364455,2.06913808111479e-06,9.198328626848605
N300,1080,129,7.847599703514607e-07,14.425383540796387,0.0054466906395387316,0.09308606613338546,1.2742749857031322e-06,9.097925395651417
N300,1080,130,4.8329302385717524e-05,1.2470413082729235,0.01299405445025803,0.0328412276356929,1.2742749857031322e-06,9.168379181776633
N300,1080,131,0.01,0.013567638219688299,0.013934522988892306,0.014416555553662601,1e-06,9.11031977181947
N300,1080,132,1e-06,12.507510882821833,0.004645539176969415,0.09697248651832735,1.6237767391887209e-06,9.194529206421478
N300,1080,133,1.8329807108324338e-07,34.5837283026621,0.0157703200891518,0.08281174571035897,1.6237767391887209e-06,9.107884393012824
N300,1080,134,1e-06,12.371638185951529,0.003808281330222041,0.1011830775075183,1.6237767391887209e-06,9.081111963854587
N300,1080,135,6.158482110660254e-07,16.829991765886984,0.00285173694659846,0.10766337128695774,1.2742749857031322e-06,9.120652858471896
N300,1080,136,2.976351441631313e-05,1.6571765909122826,0.01094093794462625,0.08568983080110983,1.2742749857031322e-06,9.212132360348598
N300,1080,137,2.976351441631313e-07,26.32434925437525,0.010801358346155143,0.08935681396772965,1.6237767391887209e-06,9.188146001723911
N300,1080,138,5.455594781168514e-06,4.295386865513588,0.004308234270875566,0.10041889680021032,1.6237767391887209e-06,9.133550174023297
N300,1080,139,8.858667904100815e-06,3.2154104019652037,0.007767798981852869,0.09926853136985563,1e-06,9.080331362525174
N300,1080,140,2.06913808111479e-06,7.857159674644164,0.00460072739189854,0.101393517169646,2.6366508987303555e-06,9.169656180396691
N300,1080,141,1.6237767391887209e-06,9.161632740218549,0.005826464721450653,0.09369675442342076,1.6237767391887209e-06,9.161632740218549
N300,1080,142,2.3357214690901213e-05,1.8795451587447491,0.010422651185391207,0.06942911741865203,1.2742749857031322e-06,9.144312117139297
N300,1080,143,6.951927961775606e-06,3.7317870330090113,0.007998372327552405,0.07826746920215558,2.06913808111479e-06,9.18691110710475
N300,1080,144,3.359818286283781e-06,5.758780210926383,0.010349209217908939,0.07119652147265625,1.2742749857031322e-06,9.11686143434937
N300,1080,145,4.832930238571752e-07,19.584319908587098,0.007461288546074196,0.09872074434067454,2.06913808111479e-06,9.128432116261461
N300,1080,146,4.832930238571752e-07,19.528741158029902,0.011605029964694258,0.09211300818425489,1.2742749857031322e-06,9.101512656492389
N300,1080,147,4.281332398719387e-06,4.959094373347324,0.0073575725337520215,0.08164045661955158,1.6237767391887209e-06,9.11715648425217
N300,1080,148,1.1288378916846883e-05,2.8293665893384885,0.0054418461747092195,0.09410657269326012,2.6366508987303555e-06,9.197728905530411
N300,1080,149,1e-06,12.446348865586915,0.005269096123736827,0.09386343487366747,1.6237767391887209e-06,9.140798314249938
N300,1080,150,2.6366508987303555e-06,6.716015246800861,0.002535875442495672,0.10840115063704983,1.6237767391887209e-06,9.135739049509043
N300,1080,151,1.6237767391887209e-06,9.22382215003094,0.002868621017356854,0.10619133849346017,2.06913808111479e-06,9.22382215003094
N300,1080,152,1e-06,12.444333338221732,0.0042683051909733205,0.09978387578888263,2.06913808111479e-06,9.139643741849614
N300,1080,153,1.6237767391887209e-06,9.10182986406658,0.003616053094577687,0.1032340676667258,1.2742749857031322e-06,9.10182986406658
N300,1080,154,1e-06,12.46950349829067,0.002953505264334577,0.10785690828841563,1.6237767391887209e-06,9.154575585509432
N300,1080,155,7.847599703514607e-07,14.402003544246398,0.004953494738545117,0.09532043217702597,1.2742749857031322e-06,9.05545025977105
N300,1080,156,7.847599703514607e-07,14.441532155898702,0.003064866864183946,0.10556849404197856,1.6237767391887209e-06,9.09523831408771
N300,1080,157,1e-06,12.412301296482536,0.004065170891296321,0.10879427364748462,2.6366508987303555e-06,9.120428756754421
N300,1080,158,0.01,0.01344405889013868,0.013930523510571002,0.05129155012136265,1.2742749857031322e-06,9.15467875157472
N300,1080,159,2.976351441631313e-07,25.933604349637758,0.011463478222371593,0.0973862840259754,2.6366508987303555e-06,9.041345901976278
N300,1080,160,2.3357214690901213e-05,1.8679951356237592,0.010226449767215096,0.0846526690247861,1e-06,9.152228234304882
N300,1080,161,1.6237767391887209e-06,9.203179591390633,0.005856146221816405,0.09397283471141979,1.2742749857031322e-06,9.203179591390633
N300,1080,162,7.847599703514607e-07,14.449454224712056,0.004545944077883002,0.10029757226797649,1.6237767391887209e-06,9.121054834813172
N300,1080,163,2.06913808111479e-06,7.741541755253273,0.004802907861332417,0.10008780998993203,2.06913808111479e-06,9.032635869888543
N300,1080,164,1e-06,12.453255022902308,0.0019247021369278583,0.11031189821367623,1.6237767391887209e-06,9.141404951342333
N300,1080,165,2.06913808111479e-06,7.840067839178841,0.004336943954694861,0.10096176609148841,2.06913808111479e-06,9.147140224830975
N300,1080,166,1.2742749857031322e-06,10.637654740032513,0.001924299921243433,0.11092043409626948,1.2742749857031322e-06,9.1155321398231
N300,1080,167,1.2742749857031322e-06,10.689839402514737,0.0016374159287176893,0.11258967610018605,2.06913808111479e-06,9.158413576082616
N300,1080,168,0.00016237767391887175,0.573751262302939,0.012684043695425862,0.04167946545248514,1e-06,9.185710534769807
N300,1080,169,6.158482110660254e-07,16.95991817185137,0.005682561634946848,0.10276577253877915,2.06913808111479e-06,9.21761063495522
N300,1080,170,1e-06,12.383204379276217,0.005818109387377035,0.090526705754459,1.6237767391887209e-06,9.095845623923783
N300,1080,171,1.2742749857031322e-06,10.639313289425383,0.003949721235289139,0.10384741865958699,1e-06,9.11698310930244
N300,1080,172,2.06913808111479e-06,7.843170683614736,0.009900090034234088,0.07046499670991913,2.06913808111479e-06,9.149506618846637
N300,1080,173,0.01,0.013432835173147629,0.013915051704749715,0.04624595447586707,1.2742749857031322e-06,9.131320164910495
N300,1080,174,3.792690190732246e-07,22.73750946210557,0.005148563216299751,0.10204952666452347,1.6237767391887209e-06,9.195620669492067
N300,1080,175,0.01,0.014084726494954989,0.013909639225209491,0.0544098630802224,1.6237767391887209e-06,9.154604849744812
N300,1080,176,1.2742749857031322e-06,10.784015689634469,0.002742980899652081,0.10642456179313567,1.6237767391887209e-06,9.244604565886698
N300,1080,177,1e-06,12.329486486371575,0.003216576419854844,0.10416259235618384,1.6237767391887209e-06,9.04346457778506
N300,1080,178,8.858667904100815e-06,3.2762135012428892,0.006507143271279214,0.09036790301657291,1.2742749857031322e-06,9.21241663508997
N300,1080,179,1.6237767391887209e-06,9.11413239768908,0.005893682909008491,0.09569868392806032,1.6237767391887209e-06,9.11413239768908
N300,1080,180,6.158482110660254e-07,16.7423618361946,0.007533804336285033,0.08628805318636244,1.6237767391887209e-06,9.052402618753426
N300,1080,181,7.847599703514607e-07,14.403330773552888,0.004116648953893631,0.10107934773629004,1.2742749857031322e-06,9.069689826797452
N300,1080,182,3.792690190732246e-07,22.58956714964488,0.007300325758353043,0.09452856182460495,1.6237767391887209e-06,9.11465054963213
N300,1080,183,3.792690190732246e-07,22.68837230815475,0.008783349138853591,0.09365016091059682,2.06913808111479e-06,9.134373845114927
N300,1080,184,7.847599703514607e-07,14.662670375441408,0.00507264730485768,0.10256118337242566,1.6237767391887209e-06,9.262013615061111
N300,1080,185,0.01,0.012916015874698334,0.013939936612181292,0.004843994566508806,1.6237767391887209e-06,9.167354246768799
N300,1080,186,2.6366508987303555e-06,6.698440208869069,0.0034377064467339125,0.10357504825182844,1.6237767391887209e-06,9.116140861371562
N300,1080,187,1.1288378916846883e-05,2.8362926324895206,0.009310748615682929,0.0682152108066477,1.6237767391887209e-06,9.190158900660315
N300,1080,188,1.6237767391887209e-06,9.073425047492389,0.0035456724759822533,0.11014904865978653,1e-06,9.073425047492389
N300,1080,189,1.6237767391887209e-06,9.100353402459003,0.006274249790496067,0.09056228931295188,1.6237767391887209e-06,9.100353402459003
N300,1080,190,1.2742749857031322e-06,10.62559645965699,0.004299023525002776,0.09959017189595107,1.6237767391887209e-06,9.101846170052506
N300,1080,191,1.1288378916846883e-05,2.8387750628302575,0.007858869134215962,0.0806531237636103,2.06913808111479e-06,9.16636150493607
N300,1080,192,2.6366508987303555e-06,6.701443503466637,0.0019072932872277182,0.11257452192370006,1.6237767391887209e-06,9.11322016638778
N300,1080,193,0.01,0.013594255564092574,0.013925288508549016,0.05899594112214774,1.6237767391887209e-06,9.254594379801453
N300,1080,194,2.06913808111479e-06,7.766224680139856,0.004055955346733531,0.10001678738678738,1.6237767391887209e-06,9.064286710983447
N300,1080,195,0.01,0.01361837469076559,0.013917304184115853,0.07504350357321704,2.06913808111479e-06,9.201693132986891
N300,1080,196,1.1288378916846883e-05,2.812455844225691,0.007608970453053643,0.10489156349424551,1e-06,9.13150534812227
N300,1080,197,2.06913808111479e-06,7.88077136541347,0.0022187311623249606,0.10920110325989751,1.6237767391887209e-06,9.194017866868615
N300,1080,198,0.01,0.013513272203587732,0.01393150961199896,0.08232404445388902,1.2742749857031322e-06,9.11878377116693
N300,1080,199,4.281332398719387e-06,4.927157053717949,0.004579316596946104,0.10641524109324256,1.2742749857031322e-06,9.077257678961333
N300,1440,0,4.832930238571752e-07,19.618323808584677,0.005368811930355988,0.09367914957049453,1e-06,10.658770401648331
N300,1440,1,0.01,0.013034611332594537,0.013927217285291227,0.0769823429772973,1.2742749857031322e-06,10.701697066439062
N300,1440,2,1e-06,12.488997681984776,0.004962906610198048,0.09873736684636575,1.2742749857031322e-06,10.706405562380896
N300,1440,3,1.438449888287663e-07,39.69836764750609,0.01634754627726498,0.07054355606464348,1.6237767391887209e-06,10.680584427881604
N300,1440,4,2.3357214690901212e-07,30.102420749631722,0.007826698638653817,0.09307887537927359,1e-06,10.62943383888604
N300,1440,5,1.2742749857031322e-06,10.676949139952937,0.0021101409478668787,0.10960732785738495,1.2742749857031322e-06,10.676949139952937
N300,1440,6,2.6366508987303555e-06,6.724374139863363,0.008737966970658317,0.07233148492084873,1e-06,10.679806994044789
N300,1440,7,3.792690190732246e-07,22.822703647886595,0.006763256722713384,0.08529124520745728,1e-06,10.721020397608164
N300,1440,8,3.792690190732246e-05,1.4201791326067714,0.011641167243605754,0.050787882844189045,1e-06,10.620027217427868
N300,1440,9,7.847599703514607e-07,14.498906559079881,0.00424496734703339,0.10043450830744272,1.2742749857031322e-06,10.655147642706147
N300,1440,10,6.158482110660254e-07,16.85569247137893,0.004318777903682625,0.09907968789804385,1.2742749857031322e-06,10.63994664603884
N300,1440,11,1e-06,12.483302719353516,0.006211737420176777,0.09110293289627187,1.6237767391887209e-06,10.701376103524478
N300,1440,12,4.281332398719387e-06,4.957278397593943,0.007316531930680825,0.08175841804045365,1e-06,10.638475147678275
N300,1440,13,1e-06,12.43778114994041,0.0016753231512323108,0.11293823247568054,1.6237767391887209e-06,10.657240236459193
N300,1440,14,7.847599703514607e-07,14.523863021826292,0.002871494761477189,0.10709198653274939,1.6237767391887209e-06,10.67142604808901
N300,1440,15,2.06913808111479e-06,7.813075940467713,0.004020173181074171,0.10138488010860545,1.2742749857031322e-06,10.653597175506627
N300,1440,16,0.01,0.01297599824823294,0.013936754896231363,0.04518667374015549,1e-06,10.660147404843874
N300,1440,17,1.6237767391887209e-06,9.10131577572001,0.0035877087814080166,0.10228857078265906,1.2742749857031322e-06,10.624205537011363
N300,1440,18,1.1288378916846883e-05,2.7925529219847074,0.008372741397603356,0.07869928030038695,1.2742749857031322e-06,10.598175634782455
N300,1440,19,6.158482110660254e-07,16.948639130172875,0.008380758749864659,0.08460901626230595,2.06913808111479e-06,10.703562054958024
N300,1440,20,1e-06,12.459728943634701,0.003476515563958227,0.10428653102181676,1.2742749857031322e-06,10.679050816572923
N300,1440,21,2.06913808111479e-06,7.818250324484381,0.004944540201380132,0.09741628165499795,1.2742749857031322e-06,10.647587966909207
N300,1440,22,1.6237767391887209e-06,9.18290464118044,0.0045111200208974855,0.10127582944152975,1.6237767391887209e-06,10.722617477287665
N300,1440,23,1.6237767391887209e-06,9.087708596621678,0.003109162101937568,0.10594959841487306,1.2742749857031322e-06,10.611209087280047
N300,1440,24,6.158482110660254e-07,16.896517888784608,0.0038310849583885753,0.10324023997195123,1.2742749857031322e-06,10.675743197877898
N300,1440,25,1.43844988828766e-05,2.4346728200369117,0.008546296502218165,0.0785906987687091,1.2742749857031322e-06,10.63086396190064
N300,1440,26,0.01,0.013569369982601501,0.013924949353070759,0.06799627609178267,1.2742749857031322e-06,10.788374645633983
N300,1440,27,0.01,0.013198664519351715,0.01394256366928548,-0.0005219508909737341,1e-06,10.652884507210512
N300,1440,28,3.792690190732246e-07,22.81971965469492,0.0060187220067311475,0.09744306303830545,1.2742749857031322e-06,10.699086801769598
N300,1440,29,4.281332398719387e-06,4.9625207998107514,0.006566057114414825,0.0864064848990575,2.06913808111479e-06,10.683037379945809
N300,1440,30,2.976351441631313e-07,26.270112125688815,0.007938437463365422,0.09229524340034655,1.6237767391887209e-06,10.688142571256304
N300,1440,31,1.6237767391887209e-06,9.13268467501315,0.0009820070170640793,0.1154267565269525,1.6237767391887209e-06,10.659270052165134
N300,1440,32,7.847599703514607e-07,14.566557862233985,0.0030721584933702806,0.10504323434149739,1.2742749857031322e-06,10.703894576209644
N300,1440,33,2.3357214690901213e-05,1.8829191937528091,0.009337607217873023,0.09359686468156864,1.6237767391887209e-06,10.646721399971003
N300,1440,34,1e-06,12.451020728336289,0.0032604112690184373,0.10418840713402473,1e-06,10.669649077430426
N300,1440,35,1.6237767391887209e-06,9.21870709145472,0.003361383427246012,0.10372239352873035,1.6237767391887209e-06,10.757193871007631
N300,1440,36,7.847599703514607e-07,14.490112722003973,0.0019043696824374567,0.110794181499241,1.2742749857031322e-06,10.650316692724381
N300,1440,37,3.359818286283781e-06,5.7951675011889945,0.004859169534553454,0.09742328754386971,1.6237767391887209e-06,10.702743673410094
N300,1440,38,1.6237767391887209e-06,9.16144819085867,0.0012188245446057566,0.11367553167648813,1.6237767391887209e-06,10.691918208431904
N300,1440,39,2.6366508987303555e-06,6.763703707706583,0.0021851279550412217,0.11415719675907525,1.2742749857031322e-06,10.73131108718987
N300,1440,40,4.281332398719387e-06,4.946541669645996,0.011617371405524879,0.05226508637460046,1.6237767391887209e-06,10.64158651561217
N300,1440,41,7.847599703514607e-07,14.511211769704682,0.0025953154035476267,0.10849961720718193,1.6237767391887209e-06,10.660714373921667
N300,1440,42,4.832930238571752e-07,19.731177213136444,0.004929336011468166,0.09585027711046784,1e-06,10.737635576878962
N300,1440,43,2.06913808111479e-06,7.7752131924448635,0.0036647124047181068,0.10399967495807391,1e-06,10.606313218328227
N300,1440,44,1.6237767391887209e-06,9.099132779564085,0.0048118084215097445,0.10298482202079297,1e-06,10.622887250025771
N300,1440,45,6.951927961775605e-08,58.07533947879916,0.021423414106667926,0.08871749281850529,1.6237767391887209e-06,10.68991865121972
N300,1440,46,1.6237767391887209e-06,9.168218972356648,0.00431945257101618,0.09980577450299008,1.6237767391887209e-06,10.707351615320013
N300,1440,47,3.359818286283781e-06,5.785268486377406,0.0047280321841467465,0.09724967947481448,1.6237767391887209e-06,10.694458505755586
N300,1440,48,1.6237767391887209e-06,9.211713268369204,0.0029994807571387394,0.10523623032142737,1.6237767391887209e-06,10.750024774500634
N300,1440,49,5.455594781168514e-06,4.249794954260025,0.00497381819712861,0.10713364370767618,1.2742749857031322e-06,10.589784895780886
N300,1440,50,1.2742749857031322e-06,10.729266775802186,0.004445138839360485,0.09917368533094913,1.2742749857031322e-06,10.729266775802186
N300,1440,51,1.6237767391887209e-06,9.17833935826052,0.0019825810387028575,0.11127237137664313,1.2742749857031322e-06,10.710435412554343
N300,1440,52,1.2742749857031322e-06,10.6524644738782,0.002374019103084102,0.10878290936161193,2.06913808111479e-06,10.6524644738782
N300,1440,53,1.6237767391887209e-06,9.220030701185566,0.00423509944092515,0.10293841660812728,1.2742749857031322e-06,10.757029244641602
N300,1440,54,2.3357214690901213e-05,1.918259826084908,0.009857983804306802,0.08246459624536713,1e-06,10.810566871852064
N300,1440,55,3.792690190732246e-07,22.74227617399329,0.004015487594423384,0.10524333357085237,1.2742749857031322e-06,10.655225862885995
N300,1440,56,7.847599703514606e-05,0.9534182255896296,0.011652449369250917,0.059412354681066225,1.2742749857031322e-06,10.748784976621089
N300,1440,57,4.281332398719387e-06,4.990565607479139,0.004766132308581694,0.09638992400642957,1.2742749857031322e-06,10.717108360995795
N300,1440,58,2.06913808111479e-06,7.866292497162725,0.0019247174051445493,0.11048173552794295,2.06913808111479e-06,10.711418552054106
N300,1440,59,2.976351441631313e-07,26.360617872173105,0.011184823480031691,0.09479952578063269,2.6366508987303555e-06,10.719824901971457
N300,1440,60,7.847599703514607e-07,14.49077308583538,0.005538806474727376,0.09512756388755315,1.2742749857031322e-06,10.654639354495629
N300,1440,61,1e-06,12.402794019057556,0.0038955463555970793,0.10106141887466909,1.2742749857031322e-06,10.630240168011666
N300,1440,62,2.3357214690901212e-07,30.265400955445447,0.0108579182914611,0.08048829333616758,1.2742749857031322e-06,10.673669176847204
N300,1440,63,1e-06,12.406560707267232,0.001226740205662824,0.11435729566322575,1.6237767391887209e-06,10.627303298702621
N300,1440,64,6.158482110660254e-07,16.911604930933674,0.0028229351075124143,0.10790249317993238,1.2742749857031322e-06,10.69674836416114
N300,1440,65,1.43844988828766e-05,2.4612722269209093,0.009742180129886924,0.11200304184130726,1e-06,10.67419694347158
N300,1440,66,1.8329807108324338e-07,34.88605171020975,0.014618399396855497,0.0645675116620165,1.6237767391887209e-06,10.723523373095093
N300,1440,67,3.792690190732246e-07,22.734576400476143,0.00590442071266617,0.10477113217465721,1.6237767391887209e-06,10.647672429980185
N300,1440,68,3.792690190732246e-05,1.4383654086534803,0.00991203880446112,0.0696093414138658,1.6237767391887209e-06,10.724531575125525
N300,1440,69,5.4555947811685146e-08,65.34305988399997,0.025748639916118532,0.07603970040872317,1.6237767391887209e-06,10.693398110668296
N300,1440,70,0.01,0.012549250382007715,0.01392006909906185,0.047403020702134556,1.2742749857031322e-06,10.628104244136798
N300,1440,71,3.359818286283781e-06,5.803212532953428,0.0028719392229710206,0.11187008104311523,1.2742749857031322e-06,10.726778277825629
N300,1440,72,4.832930238571752e-07,19.718794206583286,0.00408296255452778,0.1017413312020198,1.2742749857031322e-06,10.727971973278075
N300,1440,73,4.832930238571752e-07,19.645878168446924,0.0048381450968800754,0.09643072496116672,1e-06,10.683506437281242
N300,1440,74,7.847599703514607e-07,14.562039062062656,0.006291276674828428,0.1010406203924016,2.6366508987303555e-06,10.707201179001027
N300,1440,75,4.832930238571752e-07,19.79958234016047,0.008561816252977028,0.07792642132098167,1.6237767391887209e-06,10.798170542824723
N300,1440,76,6.951927961775606e-06,3.736971788532906,0.009293607450624908,0.0684599143512499,2.06913808111479e-06,10.70122057370564
N300,1440,77,5.455594781168514e-06,4.278204190866242,0.007182860631032795,0.09923904952651333,1.2742749857031322e-06,10.61810310239082
N300,1440,78,2.976351441631313e-07,26.440165819555443,0.007163484846691381,0.08560145431547485,1e-06,10.75130700999722
N300,1440,79,1.1288378916846883e-05,2.8079006302616905,0.009288038631416917,0.07573892670100883,1.2742749857031322e-06,10.682036470069612
N300,1440,80,3.359818286283781e-06,5.858572681879415,0.006109448087470271,0.08887712850562923,1.6237767391887209e-06,10.821640502504241
N300,1440,81,2.3357214690901213e-05,1.871265656480014,0.009450499293290449,0.08231165462000128,1.2742749857031322e-06,10.663878148949314
N300,1440,82,6.951927961775606e-06,3.7039110475481447,0.007026672147631863,0.11128663821990188,1.2742749857031322e-06,10.685909506386038
N300,1440,83,1e-06,12.525068433226975,0.007429400152080379,0.08162006869246423,1e-06,10.738988533610211
N300,1440,84,1.2742749857031322e-06,10.70669307257477,0.0038120460160967484,0.10445241166244015,1.2742749857031322e-06,10.70669307257477
N300,1440,85,7.847599703514607e-07,14.54366656491075,0.0040751175707745,0.1022534985745251,1.6237767391887209e-06,10.691205967871554
N300,1440,86,2.976351441631313e-07,26.30304066162228,0.007198935843767185,0.09433934688343855,1.2742749857031322e-06,10.636464120115974
N300,1440,87,2.6366508987303555e-06,6.70364789363711,0.006636684313169661,0.0970174914742834,1e-06,10.656310073003697
N300,1440,88,1e-06,12.366194926657814,0.0023206862908783377,0.10928555096882879,1.6237767391887209e-06,10.600036270346235
N300,1440,89,4.832930238571752e-07,19.610644591899277,0.0057081136976029345,0.10218714809755011,1.6237767391887209e-06,10.63987532915542
N300,1440,90,2.06913808111479e-06,7.821686304925981,0.004446574249202695,0.10065223420279844,2.6366508987303555e-06,10.65327131860274
N300,1440,91,1.2742749857031322e-06,10.700212466535586,0.002885499884169862,0.10677118742970602,1.2742749857031322e-06,10.700212466535586
N300,1440,92,0.01,0.013252929762974302,0.013917316237934685,0.03147515159663607,1e-06,10.736500867023512
N300,1440,93,6.158482110660254e-07,16.869508807666115,0.003975023668446598,0.10471036530806038,1.2742749857031322e-06,10.657711359327049
N300,1440,94,3.359818286283781e-06,5.774224856657378,0.005366882979088494,0.096887182180053,2.06913808111479e-06,10.671804032710279
N300,1440,95,2.6366508987303555e-06,6.741595746850974,0.0035043428173801017,0.10897984477651634,1.6237767391887209e-06,10.698446234768967
N300,1440,96,2.06913808111479e-06,7.953447081672396,0.005517213045652336,0.09217753539362558,1.6237767391887209e-06,10.830663627273662
N300,1440,97,2.3357214690901212e-07,30.24762517537166,0.008625917190221544,0.09483198954272384,1.2742749857031322e-06,10.648099978032121
N300,1440,98,1e-06,12.429284739761515,0.004526662028268458,0.0975740742626808,1.2742749857031322e-06,10.651159999672718
N300,1440,99,1e-06,12.477096182104974,0.0033700138491571385,0.10406655679679594,1.6237767391887209e-06,10.69461651731002
N300,1440,100,0.01,0.013138145909602732,0.013920892910704752,0.08023114377916003,2.06913808111479e-06,10.637858373947388
N300,1440,101,5.455594781168514e-06,4.28756107194768,0.0050010309764332295,0.10406100497019585,1e-06,10.664246089700617
N300,1440,102,2.06913808111479e-06,7.863566598132315,0.005709276339771363,0.09301894077011992,1.6237767391887209e-06,10.710547087534213
N300,1440,103,3.792690190732246e-07,22.84517894480409,0.010351145388664107,0.08211089884901437,1.2742749857031322e-06,10.713627048094834
N300,1440,104,2.06913808111479e-06,7.769675468729775,0.004370457187577004,0.10282071138863683,1.6237767391887209e-06,10.599901530007443
N300,1440,105,1.6237767391887209e-06,9.067559834538699,0.00357081453948882,0.10493919828784243,1.2742749857031322e-06,10.590037356930429
N300,1440,106,3.792690190732246e-05,1.446548531924511,0.01247542377376154,0.04538463589547895,1.2742749857031322e-06,10.70783359342726
N300,1440,107,2.6366508987303555e-06,6.6894127236628105,0.004348091205235161,0.09846173237483972,1.2742749857031322e-06,10.6517223627982
N300,1440,108,1e-06,12.414909181610216,0.002514345468174195,0.11076406531806705,1e-06,10.635384307291103
N300,1440,109,2.6366508987303555e-06,6.758743297481312,0.006022683324109823,0.09201767046677965,1.2742749857031322e-06,10.721885641451905
N300,1440,110,4.281332398719387e-06,4.93550947884318,0.00804566167914278,0.07702197267023479,1.2742749857031322e-06,10.622918785585451
N300,1440,111,5.455594781168514e-06,4.293405466085476,0.006301624097286629,0.11112135856585172,1.2742749857031322e-06,10.664801102571868
N300,1440,112,5.455594781168514e-06,4.36270291702205,0.0054012976380158895,0.10014888944452072,1.6237767391887209e-06,10.811689675557696
N300,1440,113,2.976351441631313e-07,26.270181146320578,0.009308092262801604,0.09656791384925124,2.06913808111479e-06,10.669307190167661
N300,1440,114,3.359818286283781e-06,5.7634492518830385,0.0030379019912539773,0.11191813194021054,1.2742749857031322e-06,10.655348355596049
N300,1440,115,1.6237767391887209e-06,9.081261441833737,0.007639719019435609,0.08389124442684287,1.6237767391887209e-06,10.59899421672495
N300,1440,116,8.858667904100815e-06,3.221114905964706,0.007624698870376312,0.0819446167968564,1.2742749857031322e-06,10.664418392887217
N300,1440,117,1.6237767391887209e-06,9.139948780317352,0.004013946331649421,0.10262152332407912,2.06913808111479e-06,10.666857183779099
N300,1440,118,1.1288378916846883e-05,2.8289706161391592,0.0087234023488314,0.08069030988205012,1e-06,10.748028080128488
N300,1440,119,5.455594781168514e-06,4.2636574517848,0.003773199437590802,0.1032503597555968,1.6237767391887209e-06,10.623437721334849
N300,1440,120,1.1288378916846883e-05,2.8114974085998155,0.00886414382990508,0.09602976613012995,1.2742749857031322e-06,10.711512092308666
N300,1440,121,4.281332398719387e-06,4.982978619884275,0.0030074862147070336,0.10771828835640172,1.2742749857031322e-06,10.711734364367038
N300,1440,122,1.2742749857031322e-06,10.656655840147073,0.002615747929499146,0.10709476655571036,1.6237767391887209e-06,10.656655840147073
N300,1440,123,4.281332398719387e-06,4.97591001643228,0.004889053760374074,0.09562344241182259,1.6237767391887209e-06,10.674570264437206
N300,1440,124,7.847599703514607e-07,14.592674004408734,0.005851385710419987,0.09356595785731993,1.6237767391887209e-06,10.736919966752817
N300,1440,125,0.01,0.013222950989668282,0.013915341699434425,0.03556158449231371,1e-06,10.719755031501153
N300,1440,126,0.00016237767391887175,0.5697972335016452,0.013024308336627266,0.030649611001668194,1e-06,10.636177750188978
N300,1440,127,1.6237767391887209e-06,9.084996343255147,0.005658070660381376,0.10444084543724012,2.6366508987303555e-06,10.60760284124331
N300,1440,128,3.359818286283781e-06,5.828393611729081,0.005071070759356977,0.09841531764852879,1.2742749857031322e-06,10.748938867472114
N300,1440,129,1e-06,12.424296417128632,0.0033998330255005094,0.10324463623294292,1.6237767391887209e-06,10.648022404119075
N300,1440,130,4.281332398719387e-06,4.995657287224397,0.005658987653836434,0.09948790075415642,1e-06,10.730125258427302
N300,1440,131,2.6366508987303555e-06,6.734184188448087,0.006060453888784845,0.08972097826683637,1e-06,10.690160457628016
N300,1440,132,1e-06,12.485866494516912,0.003623168785596209,0.10211250711055286,1.2742749857031322e-06,10.70251652407255
N300,1440,133,4.832930238571752e-07,19.59031014971487,0.005425316610941366,0.10257048251554776,1.6237767391887209e-06,10.635382815037659
N300,1440,134,7.847599703514607e-07,14.459664861880633,0.005739826689355465,0.09257595830356731,1.2742749857031322e-06,10.625935721587377
N300,1440,135,0.0018329807108324375,0.068650450364712,0.013851937970580042,0.05852994855397082,1.2742749857031322e-06,10.656746942971052
N300,1440,136,4.832930238571752e-07,19.68772016870381,0.004013746685516684,0.10298563163554435,1.2742749857031322e-06,10.735154156810758
N300,1440,137,1.2742749857031322e-06,10.72886094676636,0.0037595041956747233,0.10211936919705372,1.6237767391887209e-06,10.72886094676636
N300,1440,138,6.158482110660255e-05,1.0812806317036507,0.01178584855006981,0.04971621758992653,1.2742749857031322e-06,10.731549677539398
N300,1440,139,1.8329807108324338e-05,2.1443126622497375,0.010509067001624683,0.06618796784672698,7.847599703514607e-07,10.653115167465277
N300,1440,140,2.3357214690901212e-07,30.2917143007124,0.012909533033471421,0.10236031879912377,2.6366508987303555e-06,10.69031630055688
N300,1440,141,1.1288378916846883e-05,2.797883314256233,0.009122716865405889,0.07002049947896725,1e-06,10.675574463422294
N300,1440,142,3.359818286283781e-06,5.78966830741597,0.00463911422976071,0.11304696605343176,1e-06,10.702669466542384
N300,1440,143,4.832930238571752e-07,19.647283639839706,0.007232749769331637,0.08740719702928684,1.6237767391887209e-06,10.686689602583197
N300,1440,144,4.832930238571752e-07,19.63827972031692,0.008250295459381385,0.07600287651251057,1.2742749857031322e-06,10.680934475984966
N300,1440,145,1.2742749857031322e-06,10.706112966824508,0.0021438080356673828,0.10933609680490021,2.06913808111479e-06,10.706112966824508
N300,1440,146,1e-06,12.418562612526785,0.005873252165452425,0.1014922311103568,1.6237767391887209e-06,10.639045269634444
N300,1440,147,7.847599703514607e-07,14.535123731888818,0.004705426150474645,0.097981034652194,1.2742749857031322e-06,10.682454451129606
N300,1440,148,1e-06,12.527831901084237,0.0019490825375921839,0.11409056744141495,2.06913808111479e-06,10.738452589857008
N300,1440,149,1.1288378916846883e-07,45.28871290795698,0.020346756224832174,0.06812462230523705,1.6237767391887209e-06,10.663986237406922
N300,1440,150,3.359818286283781e-06,5.771842406652662,0.003619768780800614,0.1048004878155946,1.2742749857031322e-06,10.66815870060012
N300,1440,151,2.06913808111479e-06,7.90720236159797,0.0017062413688475608,0.11182277417136278,1.6237767391887209e-06,10.768055576337582
N300,1440,152,2.6366508987303555e-06,6.697094636256888,0.004135741966803885,0.1016192825597743,1.6237767391887209e-06,10.640256190686406
N300,1440,153,5.455594781168514e-06,4.293556239028325,0.006807981234164262,0.09574611542445466,1e-06,10.674178224416568
N300,1440,154,6.158482110660254e-07,16.962666790398277,0.003850537564161205,0.11032967355018587,1.6237767391887209e-06,10.710823442711423
N300,1440,155,4.281332398719387e-06,4.945204278641737,0.006257239194364161,0.09412348789056584,7.847599703514607e-07,10.631323337303714
N300,1440,156,2.976351441631313e-07,26.233185586935,0.007595410701399796,0.09428456247132377,1.2742749857031322e-06,10.637960005870257
N300,1440,157,3.359818286283781e-06,5.806376745460323,0.0024446324876893355,0.10792417495006987,2.06913808111479e-06,10.723824966178782
N300,1440,158,1e-06,12.496349104782762,0.004621067907773058,0.10196023825569869,1e-06,10.711831166492969
N300,1440,159,1.2742749857031322e-06,10.655218431068125,0.001959924375538602,0.11063885724763844,2.06913808111479e-06,10.655218431068125
N300,1440,160,2.976351441631313e-07,26.272253055047006,0.005105525776485709,0.10018872910752068,1.2742749857031322e-06,10.694518816603306
N300,1440,161,7.847599703514607e-07,14.602070512764968,0.00426273400032251,0.10059137274272857,1.6237767391887209e-06,10.741374429226237
N300,1440,162,6.951927961775606e-06,3.7231481767521353,0.006546517574388178,0.09246342139478131,1.2742749857031322e-06,10.688755939173793
N300,1440,163,6.951927961775606e-06,3.681297558654502,0.006967389868462903,0.08393196700758207,1.6237767391887209e-06,10.576206668111071
N300,1440,164,4.281332398719387e-06,4.958012824824013,0.004224550230443436,0.11308503823800602,1.2742749857031322e-06,10.671488063784272
N300,1440,165,6.158482110660254e-07,16.94504983798299,0.0053190818509002424,0.10399636123615476,1.6237767391887209e-06,10.703633523021663
N300,1440,166,4.281332398719387e-06,4.956705786420189,0.003606857968031729,0.10593679721004733,1e-06,10.644042288544313
N300,1440,167,5.455594781168514e-06,4.309636131462125,0.0038924836013977115,0.10891767562140091,1.6237767391887209e-06,10.726817047448922
N300,1440,168,1.2742749857031322e-06,10.74679761939574,0.0032730362951967074,0.10404673859778052,1.2742749857031322e-06,10.74679761939574
N300,1440,169,8.858667904100815e-06,3.2439697896419752,0.005946170448016375,0.10083484427281901,1.6237767391887209e-06,10.744990453811027
N300,1440,170,0.0005455594781168515,0.2123545130673179,0.013616360733020305,0.031840965234623056,1e-06,10.65096247716422
N300,1440,171,1.6237767391887209e-06,9.115519823869159,0.003633399786427849,0.10469318775469953,1e-06,10.640667613395205
N300,1440,172,0.01,0.013239535338288647,0.013905912792946062,0.03307702809234122,1.6237767391887209e-06,10.639674643299523
N300,1440,173,1.8329807108324338e-07,34.69893265164807,0.008252441053689719,0.0958755172114529,1.2742749857031322e-06,10.676327837435572
N300,1440,174,3.359818286283781e-06,5.786785910624675,0.0036547884980426826,0.1071822579341598,1.2742749857031322e-06,10.677665216217921
N300,1440,175,1.43844988828766e-05,2.45212443895701,0.008192422370650432,0.07951345028495671,1.2742749857031322e-06,10.697943509179378
N300,1440,176,1.1288378916846883e-05,2.8572442461924057,0.007657145021261136,0.08743536804121453,1e-06,10.807582652120905
N300,1440,177,2.6366508987303555e-06,6.687330903904967,0.003163248164381516,0.10913047514718803,1.2742749857031322e-06,10.628436645554782
N300,1440,178,1.2742749857031322e-06,10.67552126901457,0.0019934684385262136,0.11000754035423785,1.2742749857031322e-06,10.67552126901457
N300,1440,179,2.06913808111479e-06,7.827600809328773,0.004470584264886446,0.09973069377896993,1.2742749857031322e-06,10.67158768307751
N300,1440,180,1e-06,12.411708191827861,0.003738323227148177,0.1015374559820478,1.6237767391887209e-06,10.631585635633263
N300,1440,181,2.06913808111479e-06,7.795193414870301,0.002691655009153582,0.10846383799047037,1.2742749857031322e-06,10.622673184783693
N300,1440,182,4.281332398719387e-06,4.971119514451898,0.004547590965752413,0.10612918429796257,1.2742749857031322e-06,10.64928566279659
N300,1440,183,3.792690190732246e-05,1.4385409763985726,0.010703387394080943,0.05966743762588212,1.2742749857031322e-06,10.696173919902005
N300,1440,184,2.06913808111479e-06,7.917615196351059,0.003129122858571476,0.1046423993521305,1.2742749857031322e-06,10.780216141279286
N300,1440,185,1.2742749857031322e-06,10.72785026860277,0.004267013712077272,0.09894151523030718,1.2742749857031322e-06,10.72785026860277
N300,1440,186,6.158482110660254e-07,16.938607000518903,0.005607514545462267,0.09828804125963649,1.6237767391887209e-06,10.691295351492434
N300,1440,187,1.1288378916846883e-05,2.8128512449357865,0.010325008245772316,0.06086943112462137,1.2742749857031322e-06,10.688727148707533
N300,1440,188,1.6237767391887209e-06,9.091033024383298,0.0032001261574375883,0.10750073130587903,1e-06,10.612451207177209
N300,1440,189,3.359818286283781e-06,5.7857994841663505,0.006660548710450631,0.1023449842321373,1.2742749857031322e-06,10.690244997324582
N300,1440,190,2.976351441631313e-07,26.23500777265424,0.00902402862269669,0.08727404177891047,1.6237767391887209e-06,10.63692688728832
N300,1440,191,4.832930238571752e-07,19.68011681379836,0.008635254752244359,0.09270704369710864,2.06913808111479e-06,10.710580934240662
N300,1440,192,1.6237767391887209e-06,9.137288096567646,0.0019498938356581341,0.11077770553379562,1.6237767391887209e-06,10.662349586604893
N300,1440,193,4.281332398719387e-06,5.030796656196767,0.0058765138746790235,0.09648105572891957,1e-06,10.778275822786693
N300,1440,194,1e-06,12.361307014023275,0.0036354754490136587,0.10515013143521819,1.6237767391887209e-06,10.592490926262055
N300,1440,195,6.951927961775606e-06,3.7449636898054055,0.006036021731214536,0.0947135359415916,1.2742749857031322e-06,10.754386512765672
N300,1440,196,5.4555947811685146e-08,65.30282711279925,0.020767842307982787,0.07300746523909918,1e-06,10.708945312454595
N300,1440,197,3.359818286283781e-06,5.830967357271136,0.004228033977346057,0.10012156775619446,1.2742749857031322e-06,10.778475509418026
N300,1440,198,2.06913808111479e-06,7.832273915344956,0.003437147337944535,0.11039613976272707,1e-06,10.672822532613752
N300,1440,199,1e-06,12.444279448467206,0.001997078015197329,0.11004147555910665,1.2742749857031322e-06,10.661076669748555
