environment,T,method,replications,projection_floor,complexity_mean,complexity_median,complexity_sd,complexity_mcse,complexity_ci_low,complexity_ci_high,complexity_q05,complexity_q25,complexity_q75,complexity_q95,population_loss_mean,population_loss_median,population_loss_sd,population_loss_mcse,population_loss_ci_low,population_loss_ci_high,population_loss_q05,population_loss_q25,population_loss_q75,population_loss_q95,population_sharpe_mean,population_sharpe_median,population_sharpe_sd,population_sharpe_mcse,population_sharpe_ci_low,population_sharpe_ci_high,population_sharpe_q05,population_sharpe_q25,population_sharpe_q75,population_sharpe_q95,oos_loss_mean,oos_loss_median,oos_loss_sd,oos_loss_mcse,oos_loss_ci_low,oos_loss_ci_high,oos_loss_q05,oos_loss_q25,oos_loss_q75,oos_loss_q95,oos_sharpe_mean,oos_sharpe_median,oos_sharpe_sd,oos_sharpe_mcse,oos_sharpe_ci_low,oos_sharpe_ci_high,oos_sharpe_q05,oos_sharpe_q25,oos_sharpe_q75,oos_sharpe_q95,forward_loss_mean,forward_loss_median,forward_loss_sd,forward_loss_mcse,forward_loss_ci_low,forward_loss_ci_high,forward_loss_q05,forward_loss_q25,forward_loss_q75,forward_loss_q95,forward_sharpe_mean,forward_sharpe_median,forward_sharpe_sd,forward_sharpe_mcse,forward_sharpe_ci_low,forward_sharpe_ci_high,forward_sharpe_q05,forward_sharpe_q25,forward_sharpe_q75,forward_sharpe_q95,regret_mean,regret_median,regret_sd,regret_mcse,regret_ci_low,regret_ci_high,regret_q05,regret_q25,regret_q75,regret_q95,estimation_norm_mean,estimation_norm_median,estimation_norm_sd,estimation_norm_mcse,estimation_norm_ci_low,estimation_norm_ci_high,estimation_norm_q05,estimation_norm_q25,estimation_norm_q75,estimation_norm_q95,cross_term_mean,cross_term_median,cross_term_sd,cross_term_mcse,cross_term_ci_low,cross_term_ci_high,cross_term_q05,cross_term_q25,cross_term_q75,cross_term_q95,estimation_signed_mean,estimation_signed_median,estimation_signed_sd,estimation_signed_mcse,estimation_signed_ci_low,estimation_signed_ci_high,estimation_signed_q05,estimation_signed_q25,estimation_signed_q75,estimation_signed_q95,population_bias_mean,population_bias_median,population_bias_sd,population_bias_mcse,population_bias_ci_low,population_bias_ci_high,population_bias_q05,population_bias_q25,population_bias_q75,population_bias_q95,population_complexity_mean,population_complexity_median,population_complexity_sd,population_complexity_mcse,population_complexity_ci_low,population_complexity_ci_high,population_complexity_q05,population_complexity_q25,population_complexity_q75,population_complexity_q95,lambda_mean,lambda_median,lambda_sd,lambda_mcse,lambda_ci_low,lambda_ci_high,lambda_q05,lambda_q25,lambda_q75,lambda_q95,normalized_regret_mean,normalized_regret_median,normalized_regret_sd,normalized_regret_mcse,normalized_regret_ci_low,normalized_regret_ci_high,normalized_regret_q05,normalized_regret_q25,normalized_regret_q75,normalized_regret_q95,complexity_over_T_mean,complexity_over_T_median,complexity_over_T_sd,complexity_over_T_mcse,complexity_over_T_ci_low,complexity_over_T_ci_high,complexity_over_T_q05,complexity_over_T_q25,complexity_over_T_q75,complexity_over_T_q95,scaled_regret_mean,scaled_regret_median,scaled_regret_sd,scaled_regret_mcse,scaled_regret_ci_low,scaled_regret_ci_high,scaled_regret_q05,scaled_regret_q25,scaled_regret_q75,scaled_regret_q95,scaled_population_complexity_mean,scaled_population_complexity_median,scaled_population_complexity_sd,scaled_population_complexity_mcse,scaled_population_complexity_ci_low,scaled_population_complexity_ci_high,scaled_population_complexity_q05,scaled_population_complexity_q25,scaled_population_complexity_q75,scaled_population_complexity_q95,sharpe_gap_mean,sharpe_gap_median,sharpe_gap_sd,sharpe_gap_mcse,sharpe_gap_ci_low,sharpe_gap_ci_high,sharpe_gap_q05,sharpe_gap_q25,sharpe_gap_q75,sharpe_gap_q95
rich6d_nu05,60,holdout25,50,5.671033753857496e-05,7.686207393505421,1.4204853771557642,11.983937569389235,1.694784704126272,4.364429373417927,11.007985413592914,0.008467000420464237,0.011311316963338588,11.790136206374548,23.791676710775885,1.061119616567155,1.0140370897019197,0.11543120945780223,0.01632443819363534,1.0291237177076298,1.0931155154266803,0.9999527334318038,0.9999966287846848,1.0629623360812193,1.2128559215528592,0.022504596539555187,0.018555674036087398,0.038335761554089895,0.0054214953913695,0.011878465572470966,0.03313072750663941,-0.037331528536980754,0.002183987994650149,0.04026402961323218,0.09415730545440525,1.060334846874983,1.0055204740963242,0.11809034097056978,0.016700496178584295,1.0276018743649578,1.093067819385008,0.9997795304794865,0.9999942925206767,1.08332265959718,1.2099668668511128,0.02276752426149097,0.02257985535391128,0.0502953267247955,0.007112833317819178,0.00882637095856538,0.03670867756441656,-0.06063644837852536,-0.010007823696514926,0.057976425543735756,0.10745824391696322,1.0616945126514192,1.0032470962228779,0.11572304204022453,0.016365709553235738,1.0296177219270772,1.0937713033757612,0.9988652496597041,1.0000010495009646,1.0903460409400458,1.254172966512963,0.020797102184589553,0.014917734140059568,0.0499068649944853,0.007057896533072417,0.006963624979767616,0.03463057938941149,-0.0458955569408641,-0.019159572472236184,0.06064001437739667,0.10666875198103408,0.07533530284166474,0.02825277597642939,0.11543120945780223,0.01632443819363534,0.04333940398213948,0.10733120170119001,0.014168419706313523,0.014212315059194486,0.07717802235572896,0.22707160782736885,0.06759171613461339,0.02331610066606231,0.11941226272330129,0.016887444145695187,0.03449232560905082,0.10069110666017594,4.541569651373118e-08,5.210511708149504e-07,0.08207735383106485,0.22857248440519254,-5.283060102390021e-05,1.8056456766365383e-06,0.0035351160585580612,0.000499940907457573,-0.0010327147796407431,0.0009270535775929428,-0.005422718231069497,-0.0003925170177627353,0.0003334173240146878,0.004220609559181671,0.06753888553358947,0.022773787342813313,0.1193842632444362,0.016883484421420146,0.034447256067605986,0.10063051499957296,-3.131229543163514e-05,1.2583057449325336e-05,0.0766606592929773,0.2268961882258482,0.007796417308075248,0.010613759753933152,0.006388884316540535,0.0009035246848884387,0.006025508925693908,0.009567325690456588,0.00015091129302416292,0.00040251853140802103,0.014199732001745216,0.014199732001745216,18.992505325519115,1.41956578238133,72.54227464380787,10.259026864666698,-1.1151873292276129,39.10019798026585,0.010388246334646124,0.010388246334646124,13.63279218931415,32.980131207560724,0.003685534999181389,2.0843510899612774e-05,0.004813390569139863,0.0006807162223876344,0.0023513312033016254,0.0050197387950611525,7.80996093582195e-08,3.1804361289065465e-07,0.01,0.01,5.299448889551588,1.9874366548936533,8.119988527376433,1.1483397901729688,3.048702900812569,7.550194878290607,0.9966750414096408,0.9997628524398878,5.429074676058175,15.973313102339048,0.1281034565584237,0.023674756285929403,0.19973229282315388,0.028246411735437862,0.07274048955696549,0.1834664235598819,0.00014111667367440396,0.00018852194938897648,0.1965022701062425,0.39652794517959805,0.6830690319579101,0.2561693602918669,1.0466206616012241,0.14801451342963529,0.392960585635825,0.9731774782799953,0.1284657838769908,0.1288637852796382,0.6997770637459718,2.058869845784767,2.8701002358358876,0.21452125546190154,10.962408381347865,1.550318660917464,-0.16852433956234192,5.9087248112341175,0.0015698459862969237,0.0015698459862969237,2.060153697842005,4.983875520073408,0.09758156513512875,0.10153048763859654,0.038335761554089895,0.0054214953913695,0.08695543416804453,0.10820769610221297,0.025928856220278677,0.07982213206145178,0.1179021736800338,0.15741769021166468
rich6d_nu05,60,rolling3,50,5.671033753857496e-05,3.1989605672194568,0.1658168939549769,7.244316259651995,1.0245010304519784,1.190938547533579,5.206982586905335,0.008128615467998411,0.011311316963338588,4.028544348902341,11.338561724964856,1.021654078153782,1.0002667087975206,0.0548791027285379,0.007761077136956463,1.0064423669653473,1.0368657893422166,0.9998882381391376,0.9999923154865871,1.0227754539135179,1.0745991239958752,0.021671401621819127,0.017556234350368335,0.037858589646449975,0.005354013093032719,0.011177535959474998,0.03216526728416326,-0.030007169244853155,-0.003942959083778939,0.040285240246380076,0.0922528782589841,1.0228222034975338,1.000072168453014,0.06245106269169089,0.008831913984320166,1.0055116520882663,1.0401327549068013,0.9984684611995074,0.9999942925206767,1.0189314515427599,1.0816417947076138,0.017263818313033044,0.010235402805283567,0.05081625227804097,0.007186503316057823,0.0031782718135597125,0.03134936481250637,-0.05438885337524561,-0.024028262353492837,0.051885879929526146,0.09918575574917411,1.0247455231885687,1.0000273989735433,0.07083712799195502,0.010017882712578158,1.0051104730719156,1.0443805733052218,0.997428583428259,0.9999771226993517,1.0245021865250643,1.1022114396519194,0.02129381192798135,0.010621446865678633,0.04900638647575138,0.006930549639690502,0.007709934634187966,0.034877689221774734,-0.04078672539808259,-0.013562789890181906,0.05244753198721194,0.11461806652446806,0.035869764428291685,0.014482395072030307,0.054879102728537896,0.007761077136956462,0.02065805323985702,0.05108147561672635,0.01410392441364739,0.014208001761096767,0.03699114018802768,0.08881481027038494,0.026311448587124423,0.00016913688109926225,0.058764008365405684,0.008310485760976273,0.01002289649561093,0.042600000678637916,2.7497535075921297e-08,2.5320278405257153e-07,0.034580284739264666,0.09215522794942145,-0.0006841385969769923,2.64729136661686e-06,0.0035805650326535643,0.0005063683630137535,-0.001676620588483949,0.00030834339452996446,-0.008333435677946689,-0.0004016704269980258,3.635037062114649e-05,0.004145800251255055,0.02562730999014743,0.0005211831051924124,0.0584413229774556,0.00826485115577441,0.00942820172482959,0.04182641825546527,-2.9622814002727367e-05,1.1534411357030417e-05,0.03295317498622115,0.08749928978178897,0.010242454438144302,0.013942268891443368,0.00565467216047164,0.0007996914060112564,0.00867505928236224,0.011809849593926364,0.00042594145137982327,0.0037615114775070603,0.014199732001745216,0.014199732001745216,4.409026365883965,0.17194101898343706,12.729457777626434,1.800217183077498,0.8806006870520688,7.937452044715861,0.010388246334646124,0.010388246334646124,4.117637790781995,13.22895306004089,0.004305095124381325,0.0005616630180247493,0.0049012165027247255,0.0006931366850280136,0.0029465472217264184,0.005663643027036231,3.343703878726733e-07,2.391808132407038e-06,0.01,0.01,2.5232523942660356,1.0187615843773044,3.8604610195247346,0.5459516330824545,1.4531871934244247,3.5933175951076466,0.9921381311669197,0.999459434228876,2.6021353787440162,6.247662515571906,0.053316009453657616,0.002763614899249615,0.12073860432753325,0.01707501717419964,0.019848975792226324,0.08678304311508891,0.0001354769244666402,0.00018852194938897648,0.06714240581503902,0.1889760287494143,0.32523298294940595,0.13131261452648788,0.4975916225396661,0.07037008211188296,0.18730762201011533,0.4631583438886966,0.12788100176998993,0.1288246763858657,0.33540055413809305,0.805288413088653,0.6662811143471055,0.025983299763573303,1.9236440450296413,0.27204434976591596,0.13307418880591015,1.1994880398883008,0.0015698459862969237,0.0015698459862969237,0.6222471965576322,1.9991265315834508,0.09841476005286484,0.10252992732431561,0.037858589646449975,0.005354013093032719,0.08792089439052071,0.10890862571520897,0.027833283415699833,0.07980092142830386,0.12402912075846288,0.1500933309195371
rich6d_nu05,60,theory_0.25,50,5.671033753857496e-05,3.792195873800495,3.8081699869026306,0.10734396361313865,0.01518072891805847,3.7624416451211005,3.8219501024798896,3.590557858454374,3.739977564835187,3.8593849857234477,3.941044846379517,1.0206229932665805,1.015380442586216,0.0259885489884314,0.0036753358445837264,1.0134193350111964,1.0278266515219645,0.9943016011497273,1.0033636266164199,1.0325464336917796,1.0643541714868243,0.03217388217132769,0.04182373441786455,0.046911025832590825,0.0066342208957284555,0.019170809215699917,0.045176955126955465,-0.050681275111137514,0.0018014234229919077,0.07188389052772179,0.09447302880923662,1.0199032257033758,1.0121507852249212,0.028738595155253614,0.0040642511032109386,1.0119372935410824,1.0278691578656691,0.9875748511202369,1.0001495277594723,1.029325748260788,1.0808511127361702,0.034052816645992086,0.03728770525989064,0.06059425776130605,0.008569322112797019,0.01725694530490993,0.050848687987074245,-0.06610087899928789,-0.008920417136896517,0.07994437778483664,0.11829703175691404,1.0206399110178785,1.0102005186547338,0.029690569303569028,0.004198880578368562,1.0124101050842762,1.0288697169514809,0.987354515986394,1.002669977118657,1.028858551494558,1.0781025174099552,0.033068426682382614,0.03049438039524968,0.05559582096150334,0.007862436401502443,0.017658051335437824,0.0484788020293274,-0.050821953511922036,-0.005690427167692021,0.06874584517514783,0.12358198098202303,0.03483867954109017,0.029596128860725712,0.025988548988431396,0.003675335844583726,0.027635021285706066,0.042042337796474274,0.008517287424237097,0.017579312890929732,0.04676211996628937,0.078569857761334,0.030060906208204466,0.02266267213959263,0.023741656481743586,0.0033575772589684878,0.02348005478062623,0.0366417576357827,0.007348824798177995,0.011561058581654357,0.04188789941514293,0.06992970831065139,0.0008731356066034892,0.0005412357225342119,0.006899357232510115,0.0009757164569872708,-0.0010392686490915616,0.00278553986229854,-0.01008992620575231,-0.0031365423521388554,0.007348122639196951,0.010553564431904063,0.030934041814807953,0.02569149113444341,0.02598854898843141,0.0036753358445837277,0.023730383559423848,0.03813770007019206,0.0046126496979548215,0.013674675164647581,0.04285748224000731,0.07466522003505185,0.003904637726282279,0.003904637726282279,0.0,0.0,0.003904637726282279,0.003904637726282279,0.003904637726282279,0.003904637726282279,0.003904637726282279,0.003904637726282279,3.9738446659176407,3.9738446659176407,0.0,0.0,3.9738446659176407,3.9738446659176407,3.9738446659176407,3.9738446659176407,3.9738446659176407,3.9738446659176407,2.459891932393476e-06,2.459891932393476e-06,0.0,0.0,2.459891932393476e-06,2.459891932393476e-06,2.459891932393476e-06,2.459891932393476e-06,2.459891932393476e-06,2.459891932393476e-06,2.4507209056491015,2.081934581926912,1.828159997806898,0.2585408663086483,1.943980807684151,2.957461003614052,0.5991471153601268,1.2366137343964363,3.2894732665941486,5.52698309769384,0.06320326456334159,0.06346949978171051,0.0017890660602189784,0.000253012148634308,0.06270736075201835,0.06369916837466483,0.059842630974239565,0.06233295941391979,0.0643230830953908,0.06568408077299195,0.3158840837056153,0.2683496093868061,0.23563949874640575,0.03332445749579649,0.2505681470138542,0.38120002039737644,0.07722667934326381,0.15939252629182415,0.42399452597683474,0.7123969063335771,0.6005175366464544,0.6005175366464544,0.0,0.0,0.6005175366464544,0.6005175366464544,0.6005175366464544,0.6005175366464544,0.6005175366464544,0.6005175366464544,0.08791227950335623,0.0782624272568194,0.046911025832590825,0.0066342208957284555,0.07490920654772845,0.100915352458984,0.025613132865447318,0.048202271146962156,0.11828473825169204,0.17076743678582146
rich6d_nu05,60,theory_1,50,5.671033753857496e-05,1.9565695653039945,1.9628890494810651,0.07709585902766707,0.010903000943973097,1.9351996834538072,1.9779394471541818,1.8236142681567222,1.914970552650221,2.011795266910837,2.0681615583415494,1.0109849923057914,1.0085647459484188,0.016554538021918835,0.0023411652189418686,1.0063963084766654,1.0155736761349174,0.9946716754244883,0.9995964393661445,1.0153532026893106,1.0374026625373374,0.023940580246973132,0.02805885208319586,0.04102920929477369,0.00580240642381132,0.012567863656302946,0.03531329683764332,-0.04662995708873774,0.0022466839914645075,0.053341966241984146,0.08095658211882074,1.0110786831255436,1.0066021196352621,0.01951200588515053,0.0027594143351883527,1.0056702310285743,1.0164871352225129,0.9903727181995906,0.9964876783489701,1.0192538540071747,1.058652435398786,0.023712210704654263,0.017622377661329312,0.05486508150078924,0.007759094235912135,0.00850438600226648,0.038920035407042045,-0.0652386581721025,-0.013697941911005838,0.07087053705309279,0.10226768097188094,1.0107704743939516,1.0048519131925644,0.01919931958666178,0.0027151938147792496,1.0054486945169843,1.016092254270919,0.9895648991306214,0.9983489922940371,1.018102249837887,1.0523296497413637,0.025865577289662215,0.021018348611861956,0.05004243868517446,0.007077069548279775,0.011994520975033856,0.039736633604290576,-0.04403908147159179,-0.015613028632046529,0.0613955978532918,0.1107564206777358,0.02520067858030111,0.022780432222928693,0.016554538021918835,0.0023411652189418686,0.020611994751175047,0.029789362409427173,0.008887361698998009,0.013812125640654288,0.029568888963820317,0.0516183488118471,0.015727449149433623,0.012385518125852483,0.014903177340304564,0.0021076275517110106,0.011596499148080041,0.019858399150787204,0.0016360135670505272,0.005598089238760324,0.0194633784216401,0.0425538727341769,0.0008933529384066348,0.0011340181099478409,0.005462955574328492,0.0007725785863857054,-0.0006209010909093478,0.0024076069677226174,-0.00794050021262439,-0.0032486024016208097,0.004670860812200547,0.009761989400715567,0.01662080208784026,0.014200555730467853,0.016554538021918825,0.002341165218941867,0.0120321182587142,0.02120948591696632,0.00030748520653719514,0.005232249148193419,0.020989012471359446,0.04303847231938631,0.008579876492460893,0.008579876492460895,1.7523353333524276e-18,2.4781763942525814e-19,0.008579876492460893,0.008579876492460893,0.008579876492460895,0.008579876492460895,0.008579876492460895,0.008579876492460895,1.9986763093988864,1.9986763093988862,2.2429892266911074e-16,3.172065784643304e-17,1.9986763093988864,1.9986763093988864,1.9986763093988862,1.9986763093988862,1.9986763093988862,1.9986763093988862,9.839567729573904e-06,9.839567729573904e-06,0.0,0.0,9.839567729573904e-06,9.839567729573904e-06,9.839567729573904e-06,9.839567729573904e-06,9.839567729573904e-06,9.839567729573904e-06,1.772737389786699,1.6024855770611905,1.164526122921187,0.16468886367729005,1.4499472169792105,2.0955275625941874,0.6251799264122736,0.9716115967908533,2.0800183960756358,3.631083847454071,0.03260949275506657,0.032714817491351085,0.0012849309837944518,0.00018171668239955172,0.032253328057563445,0.03296565745256969,0.03039357113594537,0.031916175877503686,0.03352992111518062,0.03446935930569249,0.22849583758503855,0.206551340462559,0.15010084030469448,0.021227464408249703,0.18689000734486913,0.27010166782520795,0.0805821616613578,0.12523524741742803,0.26810262385269457,0.46802620052220645,0.3020350000511875,0.3020350000511875,0.0,0.0,0.3020350000511875,0.3020350000511875,0.3020350000511875,0.3020350000511875,0.3020350000511875,0.3020350000511875,0.0961455814277108,0.09202730959148808,0.04102920929477369,0.00580240642381132,0.08477286483704062,0.10751829801838099,0.039129579555863186,0.0667441954326998,0.11783947768321944,0.16671611876342166
rich6d_nu05,60,theory_4,50,5.671033753857496e-05,1.0255106603128548,1.032130175861623,0.06400850754097036,0.00905216994717008,1.0077684072164015,1.043252913409308,0.9442658832973698,0.9868461674689838,1.0730910062583379,1.10639380526575,1.0049679042828372,1.0039524548895795,0.007974932538617033,0.0011278257755122706,1.0027573657628333,1.0071784428028412,0.9966773965586702,0.9999927082435772,1.0060533100681928,1.019997448106165,0.01611339272466454,0.014391037113923259,0.035166473577101245,0.004973290387357167,0.006365743565444493,0.02586104188388459,-0.039886133147633875,-0.0004534238828205711,0.030905035169312353,0.06858899515842327,1.0054632419625038,1.002075478642623,0.011230529315747412,0.0015882366870958624,1.002350298055796,1.0085761858692117,0.9939623468072345,0.9988044866614982,1.009395686840824,1.0275735776229569,0.014170351249126936,0.010529256396923082,0.0502561302956737,0.007107290105653113,0.00024006264204683506,0.028100639856207036,-0.05729733179120931,-0.025945859643285135,0.05343437684619165,0.09574918257011365,1.0049292507832812,1.0028284248119772,0.01022779441711859,0.0014464285577852933,1.0020942508100221,1.0077642507565403,0.9943862404176643,0.9979684040563924,1.0054161419461907,1.0294962931155796,0.018158447291787137,0.015240763324895094,0.04386125064461708,0.006202917552426313,0.006000728889031564,0.03031616569454271,-0.038278989005799416,-0.014199653440447647,0.051927423531412574,0.09397422385160856,0.019183590557346947,0.01816814116408927,0.007974932538617033,0.0011278257755122706,0.016973052037342895,0.021394129077351,0.010893082833179874,0.014208394518087003,0.02026899634270246,0.034213134380674866,0.0067890039034904015,0.003723017676569894,0.007471825354020707,0.0010566756751339236,0.004717919580227912,0.008860088226752891,0.0003470777281842764,0.0021451107790230236,0.007571762865669632,0.022677544057818407,0.00048292432306115614,0.00023932197662515468,0.002805125418889255,0.0003967046411550694,-0.0002946167736027799,0.0012604654197250922,-0.00440681433267611,-0.0013498262147416463,0.0020398591408215252,0.005218428152189653,0.007271928226551556,0.0062564788332939505,0.00797493253861703,0.00112782577551227,0.005061389706547507,0.009482466746555604,-0.0010185794976155388,0.002296732187291572,0.008357334011907035,0.02230147204987944,0.011911662330795447,0.011911662330795448,1.7523353333524276e-18,2.4781763942525814e-19,0.011911662330795447,0.011911662330795447,0.011911662330795448,0.011911662330795448,0.011911662330795448,0.011911662330795448,1.0410926846502766,1.0410926846502766,0.0,0.0,1.0410926846502766,1.0410926846502766,1.0410926846502766,1.0410926846502766,1.0410926846502766,1.0410926846502766,3.9358270918295615e-05,3.9358270918295615e-05,0.0,0.0,3.9358270918295615e-05,3.9358270918295615e-05,3.9358270918295615e-05,3.9358270918295615e-05,3.9358270918295615e-05,3.9358270918295615e-05,1.3494663702409577,1.2780347577497277,0.5609952544406465,0.07933670972569075,1.193966419178604,1.5049663213033115,0.7662720337823082,0.9994870626516373,1.4258190530728627,2.4067170391923005,0.01709184433854758,0.017202169597693717,0.0010668084590161725,0.00015086949911950133,0.01679614012027336,0.017387548556821803,0.015737764721622832,0.016447436124483062,0.017884850104305634,0.01843989675442917,0.1739385936899264,0.16473146226692567,0.07230911994250369,0.010226053810595156,0.1538955282211599,0.1939816591586929,0.09876813744992811,0.12882823753352152,0.18378002328691828,0.3102122338416958,0.15732734089203707,0.1573273408920371,2.803736533363884e-17,3.96508223080413e-18,0.15732734089203707,0.15732734089203707,0.1573273408920371,0.1573273408920371,0.1573273408920371,0.1573273408920371,0.1039727689500194,0.10569512456076069,0.035166473577101245,0.004973290387357167,0.09422511979079935,0.11372041810923945,0.051497166516260635,0.0891811265053716,0.12053958555750452,0.1599722948223178
rich6d_nu05,60,ensemble_plugin_loss_oracle,50,5.671033753857496e-05,0.06817687402180131,0.07091214499165995,0.010880737733943692,0.0015387686871967865,0.0651608873948956,0.07119286064870702,0.0513381697630082,0.060070835379078716,0.07598670868387883,0.08337201503256134,0.9999527015555769,0.9999386570712028,0.0002258475795582184,3.19396710040369e-05,0.999890099800409,1.0000153033107448,0.9996127453228829,0.9997941089665726,1.00008244283001,1.0003457658900292,0.009433721649427039,0.012960009942952499,0.028661707565460146,0.004053377555984528,0.0014891016396973641,0.017378341659156714,-0.029980000754051293,-0.010237777065788475,0.022119147160394065,0.056364805335617385,1.0000267475487377,0.9999825449462041,0.0006190381551361181,8.754521546199181e-05,0.9998551589264322,1.0001983361710431,0.9990830507176406,0.9997511428142991,1.0002282786364418,1.00117297952949,0.0068833869303263125,0.0060543008793243775,0.046311132911270855,0.0065493832251982236,-0.005953404191062205,0.019720178051714832,-0.06380174014348239,-0.02546494545320263,0.04386564161100295,0.08051928653045143,0.9999645969069182,0.9999812995247119,0.0004316407832930422,6.104322498063664e-05,0.9998449521859561,1.0000842416278803,0.9992020847089791,0.9997613030882707,1.000179919622222,1.0007986217238372,0.011907844512944797,0.005351265150259776,0.038499939372387,0.00544471364109716,0.0012362057763943626,0.02257948324949523,-0.042073658351628365,-0.01794511398973723,0.04122065414763857,0.07285140284840547,0.014168387830086641,0.014154343345712528,0.0002258475795582184,3.19396710040369e-05,0.01410578607491873,0.014230989585254553,0.013828431597392655,0.014009795241082396,0.014298129104519552,0.01456145216453908,4.307825155097554e-05,1.9509696702876264e-05,5.2997913569948756e-05,7.495036814809863e-06,2.838797939394821e-05,5.7768523708002874e-05,8.670134083541998e-07,8.941915087012348e-06,5.5010552264210684e-05,0.00015498380498720317,1.6889347762565514e-05,3.6124430374180455e-05,0.00023670563648921434,3.3475232141320266e-05,-4.8722107234422214e-05,8.250080275955323e-05,-0.0004119995379118562,-0.00011416033032279747,0.00018508561523499883,0.00035718021662365247,5.996759931354105e-05,4.5923114939366585e-05,0.00022584757955822056,3.1939671004037206e-05,-2.6341558543718706e-06,0.00012256935448145398,-0.0002799886333804487,-9.86249896907048e-05,0.00018970887374636545,0.00045303193376606513,0.01410842023077314,0.014108420230773138,1.7523353333524276e-18,2.4781763942525814e-19,0.01410842023077314,0.01410842023077314,0.014108420230773138,0.014108420230773138,0.014108420230773138,0.014108420230773138,0.0691071184432746,0.06910711844327462,1.401868266681942e-17,1.982541115402065e-18,0.0691071184432746,0.0691071184432746,0.06910711844327462,0.06910711844327462,0.06910711844327462,0.06910711844327462,0.00143844988828766,0.00143844988828766,0.0,0.0,0.00143844988828766,0.00143844988828766,0.00143844988828766,0.00143844988828766,0.00143844988828766,0.00143844988828766,0.9966727990819567,0.9956848422501225,0.01588720904478501,0.002246790649939146,0.992269089408076,1.0010765087558375,0.9727586365062418,0.9855166307520029,1.0057994266627546,1.0243228419193007,0.0011362812336966884,0.0011818690831943324,0.00018134562889906156,2.5646144786613113e-05,0.0010860147899149266,0.0011865476774784501,0.0008556361627168034,0.001001180589651312,0.0012664451447313137,0.0013895335838760223,0.1284654948536164,0.12833815279771552,0.002047771519059315,0.0002895986254895038,0.127897881547657,0.12903310815957583,0.12538309435856043,0.12702752776301468,0.12964186560396881,0.1320294292151189,0.01044329610772716,0.010443296107727158,1.7523353333524276e-18,2.4781763942525814e-19,0.01044329610772716,0.01044329610772716,0.010443296107727158,0.010443296107727158,0.010443296107727158,0.010443296107727158,0.1106524400252569,0.10712615173173146,0.028661707565460146,0.004053377555984528,0.10270782001552722,0.11859706003498657,0.06372135633906655,0.09796701451428988,0.13032393874047243,0.15006616242873524
rich6d_nu05,60,crossfit_loss_oracle,50,5.671033753857496e-05,0.07481798210913984,0.07007030188159871,0.026727891355236705,0.003779894644821035,0.06740938860529061,0.08222657561298907,0.038936663605417,0.052355556048775814,0.09486701815132972,0.12238895515026703,0.9999844701209866,0.9999298915760756,0.00027637612751344587,3.9085486784567105e-05,0.9999078625668888,1.0000610776750842,0.9996478352248352,0.9998087620920275,1.00008244283001,1.000471825342777,0.00946705283075444,0.012960009942952499,0.028731110504779684,0.004063192613789953,0.0015031953077261316,0.017430910353782747,-0.029969320178089846,-0.010237777065788475,0.022066621533739367,0.05675457825387932,1.0001066908593226,0.9999800202406419,0.000713298329457095,0.00010087561715362959,0.9999089746497014,1.0003044070689437,0.9993175631462792,0.9997308412288082,1.0003106630457883,1.0016882351011578,0.006919962378579447,0.0061994958105447695,0.04636343287704181,0.006556779557288717,-0.005931325553706438,0.01977125031086533,-0.0639912294990876,-0.025532228212865753,0.044934624118683826,0.08040185165594492,1.000037382979032,0.9999986023918076,0.0004864400095841886,6.879300588348579e-05,0.9999025486875005,1.0001722172705638,0.9994785712792833,0.9997475837695925,1.0001887945712036,1.0009784455719315,0.011972737240980696,0.005399066829343246,0.03852631540536206,0.005448443775452653,0.0012937874410934962,0.022651687040867896,-0.042073658351628365,-0.017901315662931492,0.0415204051702347,0.07322106503492581,0.014200156395496216,0.014145577850585345,0.00027637612751344587,3.9085486784567105e-05,0.014123548841398464,0.014276763949593967,0.013863521499344954,0.014024448366537212,0.014298129104519552,0.014687511617286753,6.655207661755225e-05,1.849345446846485e-05,0.0001142691304702802,1.6160095407165093e-05,3.487828961950867e-05,9.822586361559583e-05,1.1589506603167336e-06,6.58512111673734e-06,5.8722507168508604e-05,0.0002756650148340483,3.535177537197024e-05,3.786460611063235e-05,0.0002813928270944585,3.979495524314905e-05,-4.26463369046019e-05,0.00011334988764854237,-0.0004544528247520513,-0.00010847066826267549,0.0001730628391503397,0.00046170016168640076,0.00010190385198952249,4.845857679905477e-05,0.00028840328302068996,4.0786383428078586e-05,2.1962540470488463e-05,0.0001818451635085565,-0.000234521308917793,-7.536439918061255e-05,0.00018845473231617974,0.0006251255180383529,0.014098252543506735,0.014108420230773138,3.458344933377842e-05,4.890838308147222e-06,0.014088666500422765,0.014107838586590704,0.014045396159592218,0.014080372864633999,0.014108420230773138,0.014148653231761184,0.07546407777619424,0.06910711844327462,0.02191452551596163,0.0030991819197644186,0.06938968121345598,0.08153847433893249,0.04339520141254137,0.06910711844327462,0.08687313857203346,0.10883781200984716,0.0014454651855520426,0.00143844988828766,0.0004961192019036183,7.016185038858128e-05,0.0013079479587904234,0.0015829824123136619,0.0008858667904100832,0.0011288378916846883,0.00143844988828766,0.002335721469090121,0.9989075533383542,0.9950682350066931,0.019441631038876868,0.002749461828983339,0.9935186081535469,1.0042964985231615,0.9752270296090934,0.986547402335721,1.0057994266627546,1.0331904723884473,0.001246966368485664,0.0011678383646933116,0.0004454648559206118,6.299824408035059e-05,0.001123489810088177,0.001370442926883151,0.0006489443934236166,0.0008725926008129303,0.0015811169691888286,0.002039815919171117,0.1287535420559568,0.12825867560647436,0.0025059164396492887,0.00035439010151257233,0.12805893745699215,0.12944814665492144,0.12570125628867745,0.12716038839862687,0.12964186560396881,0.13317241670052762,0.01140394401425147,0.010443296107727158,0.0033116686700138606,0.00046834067472196713,0.010485996291796414,0.012321891736706527,0.006557775063036691,0.010443296107727158,0.01312805294667369,0.016447299846092646,0.1106191088439295,0.10712615173173146,0.028731110504779684,0.004063192613789953,0.1026552513209012,0.11858296636695781,0.06333158342080462,0.09801954014094458,0.13032393874047243,0.1500554818527738
rich6d_nu05,60,zero,50,,0.0,0.0,0.0,0.0,0.0,0.0,0.0,0.0,0.0,0.0,1.0,1.0,0.0,0.0,1.0,1.0,1.0,1.0,1.0,1.0,0.0,0.0,0.0,0.0,0.0,0.0,0.0,0.0,0.0,0.0,1.0,1.0,0.0,0.0,1.0,1.0,1.0,1.0,1.0,1.0,0.0,0.0,0.0,0.0,0.0,0.0,0.0,0.0,0.0,0.0,1.0,1.0,0.0,0.0,1.0,1.0,1.0,1.0,1.0,1.0,0.0,0.0,0.0,0.0,0.0,0.0,0.0,0.0,0.0,0.0,0.014215686274509804,0.014215686274509805,1.7523353333524276e-18,2.4781763942525814e-19,0.014215686274509804,0.014215686274509804,0.014215686274509805,0.014215686274509805,0.014215686274509805,0.014215686274509805,,,,,,,,,,,,,,,,,,,,,,,,,,,,,,,,,,,,,,,,,,,,,,,,,,,,,,,,,,,,,,,,,,,,,,,,,,,,,,,,,,,,,,,,,,,,,,,,,,,,,,,,,,,,,,
rich6d_nu05,60,linear_validation,50,,1.9861049709648062,0.5424177133766137,2.474096219239695,0.3498900427864775,1.3003204871033103,2.671889454826302,0.04989758144669426,0.06565125027626773,3.3113055099898303,6.7738481885011135,1.0366670877869664,1.0010433641102585,0.06962152738834697,0.009845970826573017,1.0173689849668832,1.0559651906070495,0.9995051163760758,0.9998826806613604,1.0293862443656194,1.204333804229935,0.011428832112862677,0.02299387406789459,0.03430951794963499,0.004852098560285695,0.001918718934702716,0.020938945291022637,-0.058383642058217076,-0.010082534431093875,0.037343531875424316,0.05606004098256382,1.0362357612476378,1.0021133165520864,0.06857410415793777,0.009697842812774084,1.0172279893346006,1.055243533160675,0.9993476613226139,0.9999905956100863,1.0359270495946982,1.2030458040707976,0.01059271486037584,0.0091268112263364,0.0477980256434521,0.006759661611962694,-0.00265622189907104,0.02384165161982272,-0.06138942932784457,-0.02434970537246975,0.03215514814748419,0.08903540256982961,1.0362807494117137,1.0005667660757682,0.0714149021024325,0.010099592310880688,1.0164855484823876,1.0560759503410397,0.9990747234563925,1.0000567726010354,1.031306603721967,1.2444786905534628,0.011303800143651866,0.015152544875628601,0.04639418914240236,0.006561129150048801,-0.001556012990443785,0.024163613277747516,-0.056314613093684414,-0.02613081027977789,0.04885504072166676,0.08028932488911132,0.050882774061476024,0.01525905038476838,0.06962152738834697,0.009845970826573017,0.031584671241392914,0.07018087688155913,0.013720802650585517,0.01409836693587016,0.04360193064012913,0.21854949050444483,,,,,,,,,,,,,,,,,,,,,,,,,,,,,,,,,,,,,,,,,,,,,,,,,,,0.004341657898291712,0.0007905297932938211,0.004877342813057703,0.0006897604354569148,0.0029897274447961593,0.005693588351787265,1.8422220996487695e-07,1.1288378916846883e-05,0.01,0.01,,,,,,,,,,,,,,,,,,,,,,,,,,,,,,,,,,,,,,,,,,,,,,,,,,
rich6d_nu05,60,equal_weight,50,,,,,,,,,,,,0.9991583593539448,0.9991583593539449,1.1214946133455537e-16,1.586032892321652e-17,0.9991583593539448,0.9991583593539448,0.9991583593539449,0.9991583593539449,0.9991583593539449,0.9991583593539449,0.02971753986198934,0.02971753986198934,0.0,0.0,0.02971753986198934,0.02971753986198934,0.02971753986198934,0.02971753986198934,0.02971753986198934,0.02971753986198934,0.999378414651199,0.999283789767581,0.0018363267485137576,0.00025969581926966437,0.9988694108454305,0.9998874184569676,0.9964316319841577,0.9980109963717856,1.0006666044366286,1.002095645756158,0.025209036677750034,0.026907622647700115,0.03935455020776618,0.005565573864491584,0.01430051190334653,0.036117561452153536,-0.03445517717643722,-0.0031183205906825623,0.054385303342775,0.08902072070974738,0.9991505827112901,0.9991465115647118,0.0013827072297780084,0.0001955443317143391,0.99876731582113,0.9995338496014502,0.9972908502168409,0.9982268437884232,0.999961208866567,1.0015040869743466,0.02997376193223763,0.029863563192586016,0.02989176831289957,0.00422733441514169,0.021688186478559916,0.038259337385915346,-0.019733678029160602,0.012751991924808529,0.04976631917473261,0.06963877209964087,0.013374045628454678,0.013374045628454678,0.0,0.0,0.013374045628454678,0.013374045628454678,0.013374045628454678,0.013374045628454678,0.013374045628454678,0.013374045628454678,,,,,,,,,,,,,,,,,,,,,,,,,,,,,,,,,,,,,,,,,,,,,,,,,,,,,,,,,,,,,,,,,,,,,,,,,,,,,,,,,,,,,,,,,,,,,,,,,,,,,,,,,,,,,,
rich6d_nu05,90,holdout25,50,5.671033753857496e-05,6.092102914947577,2.4140567751493784,9.406951608752735,1.3303438545685522,3.4846289599932145,8.69957686990194,0.009088662200495269,0.011126891583395965,9.473265746043495,20.917588167202513,1.0254058087066442,1.000531211088152,0.0453632638398516,0.006415334295582714,1.0128317534873021,1.0379798639259863,0.9965437725999798,0.9999821121460547,1.045211521717833,1.0897525427317079,0.03233641670948069,0.02420246119405893,0.03836345406378327,0.005425411703647952,0.021702609770330703,0.04297022364863068,-0.021101129973139544,0.004251248360421436,0.06673626236371763,0.09370540023032714,1.0269856127901749,1.000151862369881,0.05087578705138482,0.00719492280444739,1.012883564093458,1.0410876614868918,0.9956895177986356,0.9999757161039962,1.0344488350416807,1.1196384831464132,0.029535958471646206,0.023491420952928,0.055580054571564175,0.00786020669725428,0.014129953345027818,0.04494196359826459,-0.05158288543702842,-0.017645652075972264,0.07273017405475925,0.11387964929457582,1.0223567490799754,1.0000266834131817,0.04524219888730307,0.006398213125800495,1.0098162513534064,1.0348972468065445,0.993734286399237,0.9999670540134704,1.0342322766261787,1.084931757542812,0.04121114700997453,0.04224649635943247,0.044119388549700135,0.006239423765059417,0.028981876430458076,0.05344041758949099,-0.022990996680492346,0.0039886573184991754,0.07185468888546397,0.10800658467766525,0.03962149498115389,0.01474689736266166,0.0453632638398516,0.006415334295582714,0.02704743976181177,0.052195550200496,0.010759458874489624,0.014197798420564484,0.0594272079923428,0.10396822900621767,0.03254796830355361,0.010134323571589795,0.04898827501065441,0.006927988291733044,0.01896911125175684,0.04612682535535038,2.4108165264043195e-08,1.788848441904918e-07,0.0571848989302276,0.1034143974798299,-0.0006177098041653768,2.0496351114738025e-06,0.0030675486463937612,0.00043381688989692867,-0.001467990908363357,0.00023257130003260336,-0.006220285933300919,-0.001265896514452456,0.0006652243106327275,0.0034011277737722246,0.031930258499388235,0.006311160446041431,0.049353242987340555,0.006979602557979185,0.018250237485749034,0.04561027951302744,-3.9754441500140774e-05,8.837037083399685e-06,0.055878759448648535,0.10374200682976212,0.007691236481765701,0.00704081900442703,0.0061566452607073096,0.0008706811226412317,0.0059847014813888865,0.009397771482142514,0.0001860756736168051,0.0006563095108306286,0.014199732001745216,0.014199732001745216,7.350584791845607,2.499063741968736,13.331828204019686,1.8854052257352782,3.655190549404462,11.045979034286752,0.010388246334646124,0.010388246334646124,10.39601651584529,24.447041625388508,0.003807836377493178,6.20376137147206e-06,0.0048970189616730775,0.0006925430630796278,0.0024504519738571076,0.005165220781129248,1.2681632901560268e-07,4.832930238571752e-07,0.01,0.01,2.7871672331570316,1.0373679524079233,3.1910709735619744,0.451285584930646,1.9026474866929655,3.671686979621098,0.7568722794468563,0.9987416819983291,4.180396700151011,7.313627143885657,0.0676900323883064,0.026822853057215316,0.10452168454169705,0.014781598384095025,0.038718099555480154,0.09666196522113264,0.00010098513556105854,0.0001236321287043996,0.10525850828937215,0.23241764630225015,0.4469050747935153,0.16633555275911172,0.5116685483187803,0.07236086004721723,0.30507778910096955,0.588732360486061,0.12135980167655709,0.1601420685429381,0.6703008264887611,1.172695002605878,0.9212209595205184,0.31319819626233236,1.6708275488358844,0.23629069799503025,0.4580911914502591,1.3843507275907778,0.0013019195788006655,0.0013019195788006655,1.302893386189145,3.063855160008811,0.08774974496520326,0.09588370048062501,0.03836345406378327,0.005425411703647952,0.07711593802605327,0.09838355190435324,0.02638076144435681,0.05334989931096632,0.11583491331426252,0.14118729164782348
rich6d_nu05,90,rolling3,50,5.671033753857496e-05,2.724709177224,0.012071098102658964,5.020805434760609,0.7100491139874997,1.3330129138085007,4.116405440639499,0.009088662200495269,0.010165203406098604,3.321872963159044,12.907906176362555,1.0124957633512583,1.0000021370011625,0.02793635651043564,0.003950797426034799,1.0047522003962301,1.0202393263062866,0.9998543197298317,0.9999785177275897,1.013893326214354,1.0657046907723184,0.03247754552646643,0.025370835892289414,0.03521666933458886,0.004980389139458425,0.022715982813127915,0.042239108239804944,-0.012914644348925895,0.010189634904508764,0.05631011787513339,0.0901978858951682,1.011017308413276,1.0000059812175164,0.02740197939589618,0.0038752250897544486,1.0034218672373574,1.0186127495891948,0.998782416643286,0.9999733925700303,1.0057217258905704,1.0728359264207301,0.036264819480759596,0.03191979104500934,0.053013513069384725,0.00749724291717672,0.02157022336309322,0.05095941559842597,-0.03335214456771493,-0.0028491384901716283,0.08174083348192754,0.11420360079185789,1.0115422025826508,0.9999956948821238,0.03201230499298451,0.004527223588390264,1.0026688443494058,1.0204155608158958,0.9980425960816669,0.9999631622594921,1.0048941368571573,1.069174275405125,0.040583814832619226,0.04237608881321539,0.04437159725320895,0.006275091461964487,0.028284635567168835,0.05288299409806962,-0.022990996680492346,0.005856838662580221,0.06994559192912404,0.10949546786582967,0.026711449625768192,0.014217823275672226,0.02793635651043564,0.003950797426034799,0.018967886670739988,0.0344550125807964,0.01407000600434154,0.01419420400209942,0.02810901248886366,0.07992037704682817,0.017172827919274092,7.608764990146364e-07,0.032526265267580075,0.004599908547475669,0.008157007166221782,0.026188648672326405,1.4234549386621113e-08,5.20122433684274e-08,0.02168043263935671,0.0782812262181411,-0.0007491307804724017,-3.4471645822016598e-06,0.002806117106338107,0.00039684488693904953,-0.0015269467588729388,2.8685197928135335e-05,-0.0082240867905142,-0.0005851842968094728,2.0535940420102755e-05,0.0026401562596640553,0.01642369713880169,2.05659813432912e-05,0.032203091448736156,0.004554204867714371,0.007497455598081524,0.025349938679521858,-1.9930174823667306e-05,-2.513334031225077e-06,0.02366065637866399,0.07753572363134661,0.010287752486966562,0.014199732001745216,0.005608748123381065,0.0007931967664020148,0.008733086824818612,0.011842418149114511,0.0003814156911299943,0.0049419938687505684,0.014199732001745216,0.014199732001745216,3.02199412473451,0.010388246334646124,5.877418346852145,0.8311924737858759,1.3928568761141933,4.651131373354827,0.010388246334646124,0.010388246334646124,3.3717666454855193,14.526433709290156,0.0057406353200970765,0.01,0.00492889881105148,0.0006970515546153625,0.004374414273050966,0.007106856367143187,2.991357393829078e-07,3.359818286283781e-06,0.01,0.01,1.8790123185023138,1.0001503269783218,1.9651781821134033,0.2779181637624479,1.3342927175279158,2.4237319194767117,0.9897521465123014,0.9984888332511315,1.9773236371476504,5.621985143983774,0.030274546413600008,0.00013412331225176626,0.05578672705289566,0.007889434599861108,0.014811254597872237,0.04573783822932778,0.00010098513556105854,0.00011294670451220671,0.03690969959065604,0.14342117973736174,0.30128803566158363,0.16036793607706096,0.3151042004268904,0.04456246338044384,0.2139456074359137,0.38863046388725353,0.15870065197454955,0.1601015258058775,0.31705164922935547,0.9014506418454814,0.3787350810974452,0.0013019195788006655,0.7365945870044399,0.10417020549122877,0.1745614783346368,0.5829086838602535,0.0013019195788006655,0.0013019195788006655,0.42257074673558725,1.8205429335267178,0.0876086161482175,0.09471532578239453,0.03521666933458886,0.004980389139458425,0.07784705343487898,0.09737017886155601,0.02988827577951572,0.06377604379955056,0.10989652677017518,0.13300080602360984
rich6d_nu05,90,theory_0.25,50,5.671033753857496e-05,4.307080837784897,4.305819726113773,0.08341675168895764,0.011796910156763266,4.2839588938776405,4.330202781692153,4.205885756833596,4.259616131630935,4.3470830005970695,4.453346073868874,1.0113182582887905,1.0044152229175103,0.021839029176349677,0.0030885051250255434,1.0052647882437404,1.0173717283338406,0.9917758411496723,0.9968964588530145,1.0188888280773942,1.0521288845341044,0.048379454771344255,0.06079848670810987,0.04831542534370418,0.006832832979289121,0.03498710213193758,0.06177180741075093,-0.05028716985273923,0.020589562298534477,0.0866080785540888,0.10010203941499543,1.0098740202096252,1.0044781597458143,0.02284175177965852,0.0032303115155152854,1.0035426096392153,1.0162054307800352,0.9849542658322267,0.9951663074506616,1.018797353430899,1.0543216112572589,0.05133695896601004,0.0543451660114634,0.06394427414904423,0.009043085973768164,0.03361251045742444,0.06906140747459563,-0.058404561346496034,0.0002467541459679704,0.1018684727529562,0.13088073973963835,1.0106759622533852,1.0035303642653863,0.023968532017172327,0.003389662304885886,1.0040322241358088,1.0173197003709615,0.9878637078083539,0.9956344291506267,1.0170768042587475,1.0578966757875774,0.049767528279311565,0.05557380488925221,0.052006190333128095,0.00735478596964663,0.035352147778804174,0.06418290877981896,-0.031664687118512856,0.012248350050484557,0.08834361507825209,0.1282088296129744,0.025533944563300336,0.01863090919202004,0.021839029176349674,0.003088505125025543,0.019480474518250274,0.0315874146083504,0.005991527424182103,0.011112145127524176,0.033104514351903924,0.0663445708086141,0.02196983534013216,0.01582824372706608,0.01984785336289695,0.002806910340980131,0.0164682910718111,0.027471379608453216,0.00245319096238106,0.009263046291779528,0.02696836713105048,0.05998510615045896,0.00033073510590304515,0.0003236458507868574,0.0058733002910015515,0.000830610092742424,-0.0012972606758721056,0.001958730887678196,-0.00915655908057573,-0.0034224142844239917,0.004245758753363722,0.011684386431029998,0.022300570446035204,0.015397535074754831,0.021839029176349656,0.0030885051250255408,0.016247100400985145,0.028354040491085263,0.0027581533069169187,0.007878771010259016,0.02987114023463877,0.06311119669134901,0.003233374117265195,0.0032333741172651947,4.380838333381069e-19,6.195440985631454e-20,0.003233374117265195,0.003233374117265195,0.0032333741172651947,0.0032333741172651947,0.0032333741172651947,0.0032333741172651947,4.476999655073758,4.476999655073758,0.0,0.0,4.476999655073758,4.476999655073758,4.476999655073758,4.476999655073758,4.476999655073758,4.476999655073758,1.9774142426162526e-06,1.977414242616252e-06,4.27816243494245e-22,6.050235337530716e-23,1.9774142426162526e-06,1.9774142426162526e-06,1.977414242616252e-06,1.977414242616252e-06,1.977414242616252e-06,1.977414242616252e-06,1.7961809279011272,1.3105880948869268,1.5362627420604598,0.2172603605190382,1.3703506212838124,2.222011234518442,0.4214729636321203,0.7816819331085971,2.328731354409793,4.666997394812854,0.047856453753165516,0.047842441401264146,0.0009268527965439735,0.00013107677951959182,0.04759954326530712,0.048113364241023915,0.04673206396481774,0.04732906812923261,0.04830092222885633,0.04948162304298749,0.2880065330766296,0.21014471740380616,0.24633025513339873,0.03483635876324772,0.21972726990066407,0.35628579625259515,0.06758059010406176,0.1253378766170918,0.3733977092352956,0.7483242465603673,0.5610854149448611,0.561085414944861,1.1214946133455537e-16,1.586032892321652e-17,0.5610854149448611,0.5610854149448611,0.561085414944861,0.561085414944861,0.561085414944861,0.561085414944861,0.07170670690333969,0.059287674966574076,0.04831542534370418,0.006832832979289121,0.05831435426393301,0.08509905954274637,0.019984122259688507,0.03347808312059515,0.09949659937614946,0.17037333152742312
rich6d_nu05,90,theory_1,50,5.671033753857496e-05,2.1737265419342604,2.176200354700734,0.05416501295765462,0.007660089593082959,2.158712766331818,2.188740317536703,2.0893448269210655,2.1437609485531084,2.2052270873045776,2.2581566763331904,1.0053701430624022,1.0002642574944738,0.014683801565573865,0.0020766031321229846,1.0013000009234412,1.0094402852013633,0.9929611563961792,0.9958000119372558,1.0068592985630582,1.0386262917414997,0.03977880131951071,0.0479327160349709,0.0438597892666052,0.0062027108823658975,0.02762148799007355,0.05193611464894787,-0.05063822555572457,0.014490849404836584,0.07202609276326102,0.08988637683067069,1.0047037030100647,1.0007981564329325,0.016667365608101815,0.0023571214492008473,1.0000837449696311,1.0093236610504983,0.9894937736821666,0.9928759512031802,1.0107976200337647,1.0398676210587738,0.04341796497438123,0.056329684541025035,0.06039971974141427,0.008541810282184202,0.0266760168213002,0.060159913127462265,-0.04871359880010733,-0.013477847052190538,0.09186039259466425,0.1171932285919977,1.0048125249702067,0.9997000403229022,0.018546435845963424,0.0026228621107044,0.9996717152332261,1.0099533347071874,0.9885487977217478,0.9938815913557484,1.0063810103359663,1.0404322759557405,0.04307276747304629,0.04331191334768798,0.04847537776028187,0.006855453666974973,0.02963607828577534,0.05650945666031723,-0.03147872057446967,0.006972712443362681,0.08333507301197368,0.12036418357714478,0.01958582933691204,0.014479943768983539,0.014683801565573864,0.002076603132122984,0.01551568719795099,0.02365597147587309,0.007176842670688993,0.010015698211765484,0.021074984837568034,0.0528419780160095,0.011309281393293222,0.006421666268574257,0.013140010714252774,0.001858278136182405,0.007667056246375708,0.014951506540210735,0.001142248423726959,0.003907756098106937,0.014356746837401622,0.04004282203728083,0.0003938802801077085,8.745490716013487e-05,0.005088580316317188,0.0007196339296560542,-0.001016602222018158,0.0018043627822335747,-0.00738113864338356,-0.0028032675232835336,0.004055762256827623,0.009229007098806667,0.01170316167340093,0.006597276105472394,0.014683801565573867,0.0020766031321229846,0.007633019534439881,0.01577330381236198,-0.0007058249928221114,0.002133030548254383,0.013192317174056853,0.04495931035249831,0.007882667663511152,0.007882667663511152,0.0,0.0,0.007882667663511152,0.007882667663511152,0.007882667663511152,0.007882667663511152,0.007882667663511152,0.007882667663511152,2.213790892585674,2.2137908925856737,4.485978453382215e-16,6.344131569286608e-17,2.213790892585674,2.213790892585674,2.2137908925856737,2.2137908925856737,2.2137908925856737,2.2137908925856737,7.90965697046501e-06,7.909656970465009e-06,1.71126497397698e-21,2.4200941350122865e-22,7.90965697046501e-06,7.90965697046501e-06,7.909656970465009e-06,7.909656970465009e-06,7.909656970465009e-06,7.909656970465009e-06,1.3777617878379502,1.0185891478871179,1.0329294894403682,0.14607828929416852,1.09144834082138,1.6640752348545205,0.5048537602829498,0.7045525638621236,1.4825161747806477,3.7171598328503226,0.024152517132602896,0.024180003941119264,0.0006018334773072733,8.511210658981062e-05,0.023985697403686865,0.024319336861518926,0.023214942521345174,0.023819566095034536,0.024502523192273085,0.02509062973703545,0.22091560474608796,0.16332448728049045,0.1656238725983785,0.023422752688138048,0.17500700947733738,0.26682420001483853,0.08095018656037974,0.11297065798671627,0.23771232457496863,0.5960236520281414,0.27744603021353664,0.27744603021353664,0.0,0.0,0.27744603021353664,0.27744603021353664,0.27744603021353664,0.27744603021353664,0.27744603021353664,0.27744603021353664,0.08030736035517323,0.07215344563971304,0.0438597892666052,0.0062027108823658975,0.06815004702573607,0.0924646736846104,0.03019978484401325,0.04806006891142292,0.10559531226984736,0.17072438723040853
rich6d_nu05,90,theory_4,50,5.671033753857496e-05,1.1501817254622306,1.1531338601194518,0.043117670514007916,0.0060977594418844495,1.138230116956137,1.1621333339683242,1.0750359428633771,1.1325178460310963,1.1742031397750807,1.2093389334218037,1.002476088168697,1.0001302419066347,0.008244327482788994,0.0011659239738805434,1.000190877179891,1.0047612991575028,0.9950861997479742,0.9977744812940544,1.0027969480820849,1.0188270484753283,0.029473598608199075,0.02851212919065451,0.03675306716459158,0.005197668604297468,0.01928616814377604,0.03966102907262211,-0.04361112544437293,0.012940926589884156,0.05796712506371922,0.08053504040292236,1.0024888531018774,0.9997596453106365,0.01058934107969634,0.0014975589771501117,0.9995536375066632,1.0054240686970917,0.993196665449286,0.995908974963845,1.005925641701705,1.0247937212251395,0.03379242084514596,0.03829600936645531,0.05554493655856856,0.00785524026022808,0.018396149935098922,0.04918869175519299,-0.042747851648142474,-0.014429274361648911,0.07926136777202548,0.10629458784755462,1.0023544017220574,0.9993206116391464,0.011903666812628362,0.0016834327048389542,0.999054873620573,1.0056539298235416,0.993131802274248,0.9968369988109154,1.0019644554800107,1.0264539026247912,0.03455117693945632,0.03486633934650639,0.04243076713256074,0.0060006166340761955,0.02278996833666698,0.04631238554224566,-0.029797996027562283,0.00014304016641237963,0.06688696002479758,0.10671095305106741,0.016691774443206762,0.01434592818114433,0.008244327482788992,0.0011659239738805432,0.014406563454400898,0.01897698543201263,0.009301886022483923,0.011990167568564192,0.017012634356594503,0.0330427347498381,0.004955618564756561,0.0018484699986893315,0.00778326932673508,0.0011007205041471259,0.0027982063766281945,0.007113030752884927,0.0003133994562741651,0.0009605438131858451,0.004842505692186835,0.0172633435056583,0.00021262561588909892,0.0002128945446098206,0.002848127162230683,0.0004027860060189828,-0.0005768349559081075,0.0010020861876863052,-0.004301144205677262,-0.0018622275499047952,0.0015602315155179933,0.005383399585661633,0.0051682441806456605,0.0028223979185832025,0.008244327482789004,0.001165923973880545,0.0028830331918397924,0.007453455169451529,-0.002221644240077196,0.00046663730600306165,0.005489104094033499,0.021519204487277063,0.011523530262561149,0.011523530262561149,0.0,0.0,0.011523530262561149,0.011523530262561149,0.011523530262561149,0.011523530262561149,0.011523530262561149,0.011523530262561149,1.1593984240127062,1.1593984240127062,0.0,0.0,1.1593984240127062,1.1593984240127062,1.1593984240127062,1.1593984240127062,1.1593984240127062,1.1593984240127062,3.163862788186004e-05,3.1638627881860034e-05,6.84505989590792e-21,9.680376540049146e-22,3.163862788186004e-05,3.163862788186004e-05,3.1638627881860034e-05,3.1638627881860034e-05,3.1638627881860034e-05,3.1638627881860034e-05,1.174179995315234,1.0091618444667043,0.5799457953410188,0.082016720921252,1.0134272223095802,1.334932768320888,0.6543395684781794,0.8434462703403776,1.1967508306018202,2.3243854789541283,0.01277979694958034,0.012812598445771687,0.00047908522793342124,6.775288268760499e-05,0.012647001299512633,0.012912592599648045,0.01194484380959308,0.012583531622567735,0.013046701553056452,0.013437099260242263,0.1882725199926457,0.16181287732394373,0.09299073121977257,0.013150875326599355,0.16249680435251096,0.21404823563278041,0.10491931388697609,0.13524140713430263,0.19189161421559195,0.37270087491102105,0.1453030145057873,0.14530301450578734,2.803736533363884e-17,3.96508223080413e-18,0.1453030145057873,0.1453030145057873,0.14530301450578734,0.14530301450578734,0.14530301450578734,0.14530301450578734,0.09061256306648487,0.09157403248402943,0.03675306716459158,0.005197668604297468,0.08042513260206183,0.1007999935309079,0.039551121271761566,0.062119036610964726,0.10714523508479978,0.16369728711905687
rich6d_nu05,90,ensemble_plugin_loss_oracle,50,5.671033753857496e-05,0.13676617818727294,0.13572014966704007,0.014322092064871656,0.002025449683969758,0.13279629680669222,0.14073605956785365,0.1156483105874755,0.12882348002123856,0.14626250374011013,0.15832395904204152,0.9998795656279641,0.9998013533092428,0.00036803205313169546,5.204759209268592e-05,0.9997775523474625,0.9999815789084657,0.9994853335883078,0.9996269960337628,1.000013921868237,1.0006594445650576,0.020304456577230984,0.019229117603283497,0.03039796474857475,0.004298921401597366,0.011878570630100145,0.028730342524361824,-0.028131037635516533,0.0010639635934934066,0.03559530749703818,0.07376381100554241,0.9999500349391696,0.9998243305670724,0.0009169107837682696,0.00012967076658912312,0.9996958802366549,1.0002041896416842,0.9987433039906071,0.9995667618613556,1.0001904394194416,1.0015684617423575,0.02353362553714651,0.019699308750454926,0.05115127495035156,0.007233882676746233,0.009355215490723894,0.03771203558356913,-0.04305644221121068,-0.018223221259312174,0.05451681513240446,0.10029360958201881,0.9998990117540317,0.9998238033730371,0.0008026930637385069,0.00011351794171618076,0.9996765165882681,1.0001215069197955,0.9992105383720129,0.9994319262863343,1.0000724705338424,1.0015617791906517,0.026452567698312314,0.023723680581967097,0.03868327819497898,0.0054706416660390686,0.015730110032875742,0.037175025363748886,-0.024599918910893793,-0.004415818284319016,0.0483714243987967,0.10079778542882525,0.014095251902473802,0.014017039583752555,0.00036803205313169546,5.204759209268592e-05,0.013993238621972137,0.014197265182975467,0.013701019862817599,0.01384268230827257,0.014229608142746653,0.014875130839567473,0.000103936713567084,2.770403135066019e-05,0.0001856275361443811,2.6251697916528565e-05,5.248338565068802e-05,0.00015539004148348,2.7774786354887835e-06,7.143756199777811e-06,0.00011997504787440097,0.00045937498050020704,-1.0664828270249282e-05,-1.0264356247508485e-05,0.00037271298886040326,5.270957637189946e-05,-0.00011397559795917221,9.264594141867365e-05,-0.0005540082446866195,-0.00021048967156042748,0.00018495617680189318,0.0007241996119481718,9.327188529683474e-05,1.505956657561449e-05,0.00036803205313167995,5.2047592092683725e-05,-8.741395204825357e-06,0.00019528516579849485,-0.000300960154359378,-0.00015929770890436043,0.00022762812556970292,0.0008731508223904481,0.014001980017177023,0.014001980017177024,1.7523353333524276e-18,2.4781763942525814e-19,0.014001980017177023,0.014001980017177023,0.014001980017177024,0.014001980017177024,0.014001980017177024,0.014001980017177024,0.13579584003182232,0.1357958400318223,2.803736533363884e-17,3.96508223080413e-18,0.13579584003182232,0.13579584003182232,0.1357958400318223,0.1357958400318223,0.1357958400318223,0.1357958400318223,0.0006951927961775591,0.0006951927961775591,0.0,0.0,0.0006951927961775591,0.0006951927961775591,0.0006951927961775591,0.0006951927961775591,0.0006951927961775591,0.0006951927961775591,0.9915280648636743,0.9860262327881106,0.025889151323746855,0.0036612788920372167,0.9843519582352813,0.9987041714920672,0.9637958800051,0.9737611003060703,1.0009793314207989,1.046388514231643,0.0015196242020808107,0.001508001662967112,0.00015913435627635172,2.2504996488552864e-05,0.001475514408963247,0.0015637339951983743,0.0012849812287497279,0.001431372000235984,0.001625138930445668,0.001759155100467128,0.158985409528458,0.15810322469003835,0.004151165732374932,0.0005870634878383069,0.1578347650922949,0.16013605396462108,0.1545387247364692,0.15613658634698138,0.1605008618261735,0.16778194420938095,0.01701877845036057,0.01701877845036057,0.0,0.0,0.01701877845036057,0.01701877845036057,0.01701877845036057,0.01701877845036057,0.01701877845036057,0.01701877845036057,0.09978170509745297,0.10085704407140045,0.03039796474857475,0.004298921401597366,0.09135581915032213,0.10820759104458381,0.04632235066914152,0.08449085417764576,0.11902219808119054,0.14821719931020047
rich6d_nu05,90,crossfit_loss_oracle,50,5.671033753857496e-05,0.15242747793624534,0.1427394142386369,0.0386062303982399,0.005459745462129131,0.14172637683047223,0.16312857904201844,0.1017180362901814,0.12575672592644618,0.18092832051373908,0.21964915792870587,0.9999237864702579,0.9998078871779937,0.0005301962881459138,7.498107814158247e-05,0.9997768235571004,1.0000707493834153,0.9994855085847955,0.9996298711096081,1.00003564979167,1.0007804295085834,0.02036107109372517,0.01923514501084933,0.03038421384634779,0.004296976730354942,0.011938996702229485,0.02878314548522086,-0.028271009275662593,0.0010639635934934066,0.036343340651759905,0.07380258165136899,1.0000570638583515,0.9998189696618419,0.0011840621139163393,0.00016745167001926437,0.9997288585851137,1.0003852691315893,0.9987207689895378,0.9995667618613556,1.0002516066073797,1.002707131476805,0.023593897594756427,0.02046499137987394,0.051179930425848875,0.007237935172954689,0.009407544655765238,0.03778025053374762,-0.04242643593299387,-0.018261843730607838,0.05417531100284893,0.10088782266719633,0.9999748563329166,0.999786928861535,0.0009884941090072903,0.00013979417752840186,0.9997008597449609,1.0002488529208722,0.9991452940669979,0.9994345237419799,1.0000954910822002,1.002033793709188,0.02660304261588207,0.023723680581967097,0.038611161314075784,0.005460442798934134,0.015900574729971167,0.037305510501792975,-0.024584499980312202,-0.004379087185660285,0.048453856784759476,0.10071516014403468,0.01413947274476772,0.01402357345250349,0.0005301962881459138,7.498107814158247e-05,0.013992509831610218,0.014286435657925221,0.013701194859305248,0.013845557384117885,0.014251336066179732,0.014996115783093043,0.0001555932409381203,3.150459131677425e-05,0.0003208467374240681,4.537458075082764e-05,6.665906266649813e-05,0.00024452741920974247,2.2435429347781415e-06,8.387208505049743e-06,0.00013043109138308488,0.0008133609550704459,7.822524060846504e-06,-5.878624177656786e-06,0.0004443478919105995,6.28402815151864e-05,-0.00011534442770891885,0.00013098947583061184,-0.0006317599786820805,-0.00021382850987629665,0.00018847430865784434,0.0008257975446036394,0.0001634157649989668,3.840788705806971e-05,0.0005499732309990702,7.777796022210361e-05,1.0970962963643732e-05,0.00031586056703428986,-0.00027524925106671677,-0.00015985590498685155,0.0002461780620209604,0.0010236207588099338,0.013976056979768826,0.014001980017177024,5.65334458857638e-05,7.995036589933261e-06,0.013960386708052556,0.013991727251485096,0.013882557765709711,0.013948370939188156,0.014001980017177024,0.014045396159592218,0.15142190111034765,0.1357958400318223,0.0344267023621472,0.004868670938833043,0.14187930607023488,0.1609644961504604,0.10883781200984716,0.1357958400318223,0.16859381554319447,0.20808619793505184,0.0006499890201507985,0.0006951927961775591,0.00015639471370653362,2.211755252072372e-05,0.0006066386172101799,0.000693339423091417,0.00042813323987193956,0.0005455594781168515,0.0006951927961775591,0.0008858667904100832,0.9946387723905568,0.9864858566588661,0.03729656647647117,0.005274531014097525,0.9843006916029257,1.004976853178188,0.9638081901028519,0.9739633470207063,1.0025077784485052,1.0548991792244762,0.0016936386437360596,0.00158599349154041,0.0004289581155359989,6.0663838468101466e-05,0.0015747375203385807,0.0018125397671335385,0.001130200403224238,0.001397296954738291,0.002010314672374879,0.0024405461992078434,0.15948419229377758,0.15817692254278765,0.005980274392013698,0.0008457385151898287,0.15782654480400551,0.16114183978354965,0.15454069858471597,0.15616901536023037,0.16074593887971697,0.16914657684782383,0.018977133518416452,0.01701877845036057,0.00431456825290516,0.0006101720939042867,0.01778119621436405,0.020173070822468855,0.01364023087293041,0.01701877845036057,0.02112922453411093,0.02607865528431977,0.09972509058095877,0.10085101666383461,0.030384213846347794,0.004296976730354943,0.09130301618946308,0.10814716497245445,0.04628358002331493,0.08374282102292403,0.11902219808119054,0.14835717095034653
rich6d_nu05,90,zero,50,,0.0,0.0,0.0,0.0,0.0,0.0,0.0,0.0,0.0,0.0,1.0,1.0,0.0,0.0,1.0,1.0,1.0,1.0,1.0,1.0,0.0,0.0,0.0,0.0,0.0,0.0,0.0,0.0,0.0,0.0,1.0,1.0,0.0,0.0,1.0,1.0,1.0,1.0,1.0,1.0,0.0,0.0,0.0,0.0,0.0,0.0,0.0,0.0,0.0,0.0,1.0,1.0,0.0,0.0,1.0,1.0,1.0,1.0,1.0,1.0,0.0,0.0,0.0,0.0,0.0,0.0,0.0,0.0,0.0,0.0,0.014215686274509804,0.014215686274509805,1.7523353333524276e-18,2.4781763942525814e-19,0.014215686274509804,0.014215686274509804,0.014215686274509805,0.014215686274509805,0.014215686274509805,0.014215686274509805,,,,,,,,,,,,,,,,,,,,,,,,,,,,,,,,,,,,,,,,,,,,,,,,,,,,,,,,,,,,,,,,,,,,,,,,,,,,,,,,,,,,,,,,,,,,,,,,,,,,,,,,,,,,,,
rich6d_nu05,90,linear_validation,50,,2.278154447613831,1.6793389943435069,2.5522869325055284,0.3609478795016942,1.5706966037905103,2.985612291437152,0.05568190716476902,0.0672374046761872,4.062490892632463,6.99999868098433,1.0277631131191773,1.0007613536014022,0.04180074717485276,0.005911518357200561,1.0161765371390643,1.0393496890992904,0.9990316397347321,0.9998907719420891,1.0434497039071489,1.1226235722322193,0.02119648133176566,0.02607847513344034,0.03404728962301678,0.004815013874691507,0.011759054137370308,0.030633908526161012,-0.04744642429254725,0.004434451774760668,0.04518856054587734,0.0637339232545244,1.027759317601054,1.0014256910008994,0.04504483644410083,0.006370301861412526,1.0152735259526855,1.0402451092494225,0.9979251499098997,0.9998454788168514,1.0368885675364712,1.1148163631272459,0.02304312192551399,0.02335943159285509,0.04844852415744965,0.006851655994042582,0.009613876177190532,0.03647236767383745,-0.058970191233015896,-0.012769598063320517,0.06212157789327382,0.09018418045743871,1.0273512514979801,1.0000907746284986,0.04224349490567206,0.005974132341764017,1.0156419521081226,1.0390605508878377,0.9956150387383296,0.9996540055536928,1.036856108863583,1.1133030133231758,0.024705470518697526,0.024376670533342838,0.04400866418286477,0.006223764974933041,0.012506891167828766,0.03690404986956629,-0.043254559863455146,-0.006454264654166159,0.0589774125014374,0.09047324625205624,0.041978799393687094,0.014977039875912035,0.04180074717485276,0.005911518357200561,0.030392223413573994,0.0535653753738002,0.013247326009241805,0.014106458216598783,0.057665390181658505,0.136839258506729,,,,,,,,,,,,,,,,,,,,,,,,,,,,,,,,,,,,,,,,,,,,,,,,,,,0.003991321609151272,7.847599703514606e-05,0.004808990027644753,0.0006800938918412174,0.002658337581142486,0.005324305637160058,1e-12,5.829678076320287e-06,0.01,0.01,,,,,,,,,,,,,,,,,,,,,,,,,,,,,,,,,,,,,,,,,,,,,,,,,,
rich6d_nu05,90,equal_weight,50,,,,,,,,,,,,0.9991583593539448,0.9991583593539449,1.1214946133455537e-16,1.586032892321652e-17,0.9991583593539448,0.9991583593539448,0.9991583593539449,0.9991583593539449,0.9991583593539449,0.9991583593539449,0.02971753986198934,0.02971753986198934,0.0,0.0,0.02971753986198934,0.02971753986198934,0.02971753986198934,0.02971753986198934,0.02971753986198934,0.02971753986198934,0.999378414651199,0.999283789767581,0.0018363267485137576,0.00025969581926966437,0.9988694108454305,0.9998874184569676,0.9964316319841577,0.9980109963717856,1.0006666044366286,1.002095645756158,0.025209036677750034,0.026907622647700115,0.03935455020776618,0.005565573864491584,0.01430051190334653,0.036117561452153536,-0.03445517717643722,-0.0031183205906825623,0.054385303342775,0.08902072070974738,0.9992210051698222,0.9991965380186271,0.001365963542596115,0.00019317641676466245,0.9988423793929634,0.9995996309466809,0.9970574104289501,0.9982591911408022,0.999969089152942,1.0015426954599547,0.02848859537597145,0.029042777622552148,0.029485794504042557,0.004169921048496305,0.020315550120918693,0.03666164063102421,-0.020969836075858984,0.012131969585501425,0.04837401545722835,0.07582520516587891,0.013374045628454678,0.013374045628454678,0.0,0.0,0.013374045628454678,0.013374045628454678,0.013374045628454678,0.013374045628454678,0.013374045628454678,0.013374045628454678,,,,,,,,,,,,,,,,,,,,,,,,,,,,,,,,,,,,,,,,,,,,,,,,,,,,,,,,,,,,,,,,,,,,,,,,,,,,,,,,,,,,,,,,,,,,,,,,,,,,,,,,,,,,,,
rich6d_nu05,120,holdout25,50,5.671033753857496e-05,5.254151528415824,0.2866687744084736,12.805737760075578,1.8110048016492142,1.7045821171833646,8.803720939648283,0.009164218509490323,0.010269736946982815,2.3248955126027586,23.366046937462748,1.0195542040133723,0.999989208802945,0.05347048708668648,0.007561868802468746,1.0047329411605335,1.034375466866211,0.99672442810079,0.9999620531148053,1.0033714928534612,1.0751539921469633,0.030198919320230323,0.02976074990138865,0.03482252688552946,0.004924648979761749,0.020546607319897294,0.039851231320563354,-0.03468549888567722,0.016478490233317628,0.06003624061699507,0.07956588239846185,1.0213096249230396,1.0000148432654372,0.06194153796515452,0.008759856306456948,1.004140306562384,1.0384789432836952,0.9944007308568353,0.9999761150513805,1.0034152543925114,1.0712037537360262,0.023108423161605413,0.022407845083137118,0.05362675964329657,0.007583969079367217,0.008243843766045667,0.03797300255716516,-0.057435842067822304,-0.01847355359210274,0.056491191253783345,0.10457131020813339,1.018317594269315,0.9999963197600208,0.057935583048556845,0.008193328729126186,1.0022586699602276,1.0343765185784024,0.9907290192267458,0.9999614891344262,1.0070329729316847,1.0750495191345248,0.03471276783768794,0.03831742531306831,0.04912287999098826,0.006947024310608153,0.021096600188895958,0.048328935486479915,-0.035216979144124645,-0.007529451354011561,0.06745228631732393,0.10996503491810658,0.0337698902878821,0.014204895077454649,0.05347048708668648,0.007561868802468746,0.018948627435043355,0.048591153140720836,0.010940114375299759,0.014177739389315103,0.017587179127970975,0.08936967842147304,0.023507141818849702,0.00017305994688942414,0.05710949869666155,0.008076502759714735,0.007677196409808823,0.03933708722789058,1.0699879640703559e-08,9.761066893399504e-08,0.009502963355396481,0.088350771020524,8.052871618012832e-05,-1.835082056974542e-06,0.0025122899397140705,0.00035529145053571235,-0.0006158425268698678,0.0007768999592301244,-0.0042498544957818565,-0.00010673443348859812,6.0691737098907016e-05,0.004020268336957857,0.023587670535029828,4.656087058597072e-05,0.05726782828656877,0.008098893945051911,0.007713838402728081,0.039461502667331574,-4.574387827027732e-05,-3.059724797054976e-06,0.009033902496380697,0.08911506823065016,0.010182219752852306,0.013746040088855271,0.005494271422060981,0.0007770073160437551,0.008659285413406546,0.011705154092298066,0.00017661428021700936,0.007454611051151102,0.014199732001745216,0.014199732001745216,6.605506419994384,0.27774279997052154,18.137044887747333,2.5649654861621887,1.5781740671164943,11.632838772872274,0.010388246334646124,0.010388246334646124,2.3533946902460143,26.769597141687242,0.004658188608542318,0.0005241222321644774,0.004985621837717399,0.0007050734019763419,0.0032762447406686876,0.0060401324764159485,1.1345291844549932e-07,6.951927961775606e-06,0.01,0.01,2.3755371099061886,0.9992408951037062,3.761372195063463,0.5319383571391808,1.3329379299133943,3.4181362898989827,0.769580459503845,0.9973306329035451,1.2371670834848547,6.286694619993276,0.04378459607013187,0.002388906453403947,0.10671448133396316,0.015091706680410119,0.014204850976528037,0.07336434116373569,7.636848757908603e-05,8.55811412248568e-05,0.019374129271689657,0.19471705781218956,0.4447221720769833,0.18706699190071516,0.7041631156183673,0.09958370282303888,0.24953811454382707,0.6399062296101394,0.14407246770060708,0.18670937342725516,0.23160894026667456,1.176926462200586,0.724909857500704,0.030480402371427635,1.9904185673430879,0.28148769327358203,0.17319397868448327,1.2766257363169249,0.001140040095538494,0.001140040095538494,0.2582692228388754,2.9377830578731388,0.08988724235445361,0.0903254117732953,0.034822526885529455,0.0049246489797617485,0.08023493035412059,0.09953955435478663,0.040520279276222086,0.060049921057688874,0.10360767144136632,0.15477166056036118
rich6d_nu05,120,rolling3,50,5.671033753857496e-05,1.8740091685096167,0.05015625195370252,3.5565370802203295,0.5029702973930398,0.8881873856192588,2.8598309513999745,0.009108548539962853,0.010565147020323181,2.414547697632433,8.65579052528158,1.0047819918168175,0.999989208802945,0.011553721283776365,0.0016339429335395222,1.00157946366708,1.007984519966555,0.9968744327871971,0.9999655733929504,1.0028325312611859,1.0362853812141437,0.031643624326708156,0.027435813253363087,0.03615759761345238,0.00511345649277734,0.02162124960086457,0.04166599905255174,-0.030932542520382415,0.013114020496108731,0.06459234580710492,0.09141670094721402,1.0046822154069326,1.0000078127853231,0.012561397935233734,0.001776449932237294,1.0012003735397474,1.0081640572741177,0.9957343665555629,0.9999777558438365,1.0073199527248018,1.0230438299040419,0.025336283562268528,0.02332648174286111,0.05108184165749875,0.0072240633263029675,0.011177119442714711,0.039495447681822345,-0.04267535211340692,-0.01658469730415685,0.059189271689567995,0.09893524109714494,1.0035221018583276,0.9999963197600208,0.010251225878646972,0.0014497422668532595,1.0006806070152952,1.00636359670136,0.9930551783541794,0.9999563445341358,1.0019543435142828,1.0282995746255272,0.0355309819930468,0.03807954252638758,0.051219795731986734,0.00724357297861552,0.02133357895496038,0.04972838503113322,-0.04723700013028419,-0.008334824056486927,0.07219262221646722,0.11383197881841543,0.018997678091327214,0.014204895077454649,0.011553721283776365,0.0016339429335395222,0.015795149941589752,0.022200206241064675,0.011090119061706916,0.0141812596674602,0.01704821753569563,0.05050106748865356,0.008553396146951464,8.930680717131211e-06,0.01572326369898809,0.0022236052767877516,0.004195129804447471,0.012911662489455458,1.0699879640703559e-08,8.702938687193396e-08,0.010449105004338046,0.046672957211581476,-0.00048293342065058913,-6.778756785329753e-06,0.0026176605821977947,0.0003701931097033573,-0.0012085119156691694,0.0002426450743679912,-0.005506236453406433,-0.00013655570354160744,1.9831564269937955e-05,0.0024380682505297504,0.008070462726300876,2.2837406324356724e-05,0.01534908851536324,0.002170688914849181,0.0038159124531964815,0.01232501299940527,-7.710180094949094e-05,-5.952150415371153e-06,0.007339749172434611,0.049624477757646106,0.010927215365026399,0.014139737374804935,0.005022113548103478,0.0007102341091505604,0.0095351565110913,0.012319274218961496,0.0008976404063925782,0.007219847822994153,0.014199732001745216,0.014199732001745216,1.9723104038189978,0.049109236567751194,3.8287078303646145,0.5414610540065705,0.9110467379661196,3.033574069671876,0.010388246334646124,0.010388246334646124,2.452371855161577,9.178054896178491,0.004936695976518409,0.0020843510899612792,0.004932184188921611,0.0006975161772095086,0.0035695642691877727,0.006303827683849046,6.189531497796037e-07,6.913790815088107e-06,0.01,0.01,1.336388389872673,0.9992408951037062,0.8127445316863373,0.1149394339455388,1.111107099339417,1.561669680405929,0.7801325133062795,0.9975782662627174,1.199253923200658,3.552488885408733,0.015616743070913472,0.0004179687662808543,0.029637809001836077,0.0041914191449419986,0.007401561546827156,0.02383192459499979,7.590457116635711e-05,8.80428918360265e-05,0.02012123081360361,0.07213158771067985,0.25018407205859544,0.18706699190071516,0.15215317494640707,0.021517708356733507,0.20800936367939776,0.2923587804377931,0.1460479082303815,0.18675573264636003,0.22451125152858678,0.6650582585345102,0.216447788083567,0.005389408081496823,0.4201749073046548,0.05942170524791008,0.09998124579766324,0.3329143303694707,0.001140040095538494,0.001140040095538494,0.26913130031677834,1.0072297328761122,0.08844253734797582,0.09265034842132086,0.03615759761345238,0.00511345649277734,0.07842016262213222,0.09846491207381941,0.028669460727469925,0.055493815867579024,0.10697214117857522,0.15101870419506636
rich6d_nu05,120,theory_0.25,50,5.671033753857496e-05,4.736285182028594,4.730964476325678,0.09036927737628823,0.012780145768740292,4.711236096321863,4.761334267735324,4.6263810469794135,4.6751569857281075,4.799210699200001,4.878780768795781,1.0060258153019563,1.0019528024959539,0.015387163863546422,0.002176073582228454,1.0017607110807887,1.010290919523124,0.9893096114831165,0.9954524825053562,1.0135986210039967,1.0377215534954398,0.052438651403629334,0.06473791267032261,0.045485391488306014,0.0064326057532612104,0.03983074412723736,0.06504655868002131,-0.04033897328104691,0.025992631907752837,0.08842675550113811,0.10482271935671297,1.0050478822798343,1.0020504741184686,0.01643566037940113,0.0023243533815107205,1.0004921496520733,1.0096036149075953,0.982619827740318,0.9931532440440568,1.0127505961509013,1.037351380830142,0.053832250034223775,0.06333037522300208,0.058626997890164505,0.008291109553748947,0.037581675308875837,0.07008282475957171,-0.03169500977445776,0.015220007858219376,0.09390901301681566,0.13695494299678368,1.005044752951936,0.9993366324240465,0.016665388223490448,0.002356841804787305,1.0004253430145529,1.009664162889319,0.9866545442429778,0.9920607152305086,1.0136612119197044,1.0368689309282042,0.0545387396979528,0.06441002213864508,0.05199456450957505,0.007353141829912382,0.040126581711324535,0.06895089768458107,-0.03170943096620818,0.01186324730593002,0.0985085857398095,0.12142480634997994,0.02024150157646604,0.016168488770463507,0.015387163863546422,0.002176073582228454,0.01597639735529827,0.02450660579763381,0.0035252977576262115,0.00966816877986601,0.027814307278506367,0.05193723976994951,0.016417535920501405,0.01211798453158645,0.013997103693242635,0.001979489387692627,0.012537736720623856,0.020297335120378953,0.002586878027413787,0.006283791217480904,0.021981514971620417,0.04752631882548317,0.0010290897700075236,0.0008929686525063439,0.004411016110566434,0.0006238118807409271,-0.00019358151624469344,0.0022517610562597405,-0.0061351179073409964,-0.002124694666894703,0.0044228570735983675,0.007565665372180655,0.017446625690508925,0.013373612884506364,0.015387163863546422,0.002176073582228454,0.013181521469341154,0.021711729911676695,0.0007304218716690423,0.0068732928939089334,0.025019431392549238,0.04914236388399234,0.0027948758859571527,0.0027948758859571527,0.0,0.0,0.0027948758859571527,0.0027948758859571527,0.0027948758859571527,0.0027948758859571527,0.0027948758859571527,0.0027948758859571527,4.882449814466266,4.882449814466266,0.0,0.0,4.882449814466266,4.882449814466266,4.882449814466266,4.882449814466266,4.882449814466266,4.882449814466266,1.6936472199111756e-06,1.6936472199111754e-06,2.139081217471225e-22,3.025117668765358e-23,1.6936472199111756e-06,1.6936472199111756e-06,1.6936472199111754e-06,1.6936472199111754e-06,1.6936472199111754e-06,1.6936472199111754e-06,1.4238849384824384,1.1373695548877776,1.0824073890218862,0.15307552095676022,1.1238569174071884,1.7239129595576883,0.2479864629502576,0.6801056658940227,1.9565926499363098,3.653516176920586,0.03946904318357161,0.03942470396938065,0.0007530773114690687,0.00010650121473950245,0.03926030080268219,0.039677785564461034,0.03855317539149511,0.038959641547734236,0.03999342249333335,0.04065650640663151,0.26656422246109157,0.21292593443168692,0.20263651664738638,0.028657131007477528,0.2103962456864356,0.32273219923574753,0.046425323346467165,0.12732197182564625,0.3662919554154634,0.6839714871819802,0.5358159956586778,0.5358159956586779,1.1214946133455537e-16,1.586032892321652e-17,0.5358159956586778,0.5358159956586778,0.5358159956586779,0.5358159956586779,0.5358159956586779,0.5358159956586779,0.0676475102710546,0.05534824900436133,0.045485391488306014,0.0064326057532612104,0.05503960299466263,0.08025541754744657,0.015263442317970955,0.03165940617354583,0.09409352976693111,0.16042513495573085
rich6d_nu05,120,theory_1,50,5.671033753857496e-05,2.3481113190356044,2.3443522562298,0.05286360872537209,0.007476043241540589,2.3334582742821848,2.362764363789024,2.2633374869651504,2.318246296956713,2.392581121082555,2.4280236788315315,1.0027263319930706,0.9995785918645903,0.010891214623527538,0.0015402503431308826,0.999707441320534,1.0057452226656072,0.992048387994633,0.9952822382617085,1.0051514397037509,1.0261031517361492,0.044410281020700104,0.04971715110119879,0.04319334598408866,0.006108461569497164,0.032437696344485664,0.056382865696914544,-0.042338338338618206,0.024975387547634398,0.07845988957107108,0.09736175654649688,1.0025406220503574,1.0000853567047936,0.011783604267960861,0.0016664532969387735,0.9992743735883575,1.0058068705123575,0.9880223787265708,0.9933313605430909,1.0097187782697299,1.0248352555620668,0.043172879365174284,0.04760965428934559,0.05569524818855822,0.007876497534799458,0.027734944196967346,0.058610814533381225,-0.044006503644292747,0.008395649019127892,0.08651813064525785,0.11915559731575437,1.0020656136639976,0.9978713733231026,0.01292443468816352,0.0018277910822006131,0.9984831431428844,1.0056480841851108,0.9887294692688221,0.9945183603782334,1.0075257988625343,1.0256384713900781,0.04645442895605455,0.05399088442378358,0.051375780851678945,0.007265632605795232,0.032213789048695894,0.0606950688634132,-0.02924810529925875,0.0003910309139496908,0.08434291096451291,0.1155154329897503,0.01694201826758036,0.013794278139100058,0.01089121462352754,0.0015402503431308828,0.01392312759504383,0.01996090894011689,0.0062640742691427945,0.0094979245362182,0.019367125978260624,0.040318838010658886,0.008757374536428024,0.005087333509996338,0.009135217658740468,0.0012919148708220962,0.006225221389616715,0.011289527683239332,0.0008057781130631033,0.002202946582211557,0.012443381079282313,0.02737120763470505,0.0008169384500706903,0.0007884708678420763,0.0042382056823756405,0.0005993727956142348,-0.00035783222933320996,0.0019917091294745903,-0.006083842932171036,-0.0017196473479818319,0.003536330028275434,0.008066470263689932,0.009574312986498716,0.00642657285801841,0.01089121462352755,0.0015402503431308843,0.006555422313962183,0.012593203659035249,-0.0011036310119388387,0.002130219255136478,0.01199942069717897,0.03295113272957729,0.007367705281081701,0.0073677052810817,8.761676666762138e-19,1.2390881971262907e-19,0.007367705281081701,0.007367705281081701,0.0073677052810817,0.0073677052810817,0.0073677052810817,0.0073677052810817,2.3825677767730786,2.3825677767730786,0.0,0.0,2.3825677767730786,2.3825677767730786,2.3825677767730786,2.3825677767730786,2.3825677767730786,2.3825677767730786,6.7745888796447025e-06,6.774588879644702e-06,8.5563248698849e-22,1.2100470675061433e-22,6.7745888796447025e-06,6.7745888796447025e-06,6.774588879644702e-06,6.774588879644702e-06,6.774588879644702e-06,6.774588879644702e-06,1.191783353995308,0.9703561173711763,0.7661406148964199,0.10834864482713795,0.9794200101341176,1.4041466978564983,0.4406452244500448,0.6681298639270733,1.362377137781092,2.836221708336004,0.01956759432529671,0.019536268801915002,0.0004405300727114342,6.23003603461716e-05,0.019445485619018214,0.019689703031575207,0.018861145724709583,0.019318719141305937,0.019938176009021293,0.02023353065692943,0.22311269296690386,0.1816594985639014,0.14342849747633987,0.020283852636183507,0.1833563417999842,0.26286904413382356,0.08249279731963965,0.12507999267874256,0.25504940224905914,0.5309665226290197,0.2614707726751115,0.26147077267511154,5.607473066727768e-17,7.93016446160826e-18,0.2614707726751115,0.2614707726751115,0.26147077267511154,0.26147077267511154,0.26147077267511154,0.26147077267511154,0.07567588065398384,0.07036901057348516,0.04319334598408866,0.006108461569497164,0.0637032959777694,0.08764846533019828,0.022724405128187034,0.04162627210361287,0.09511077412704955,0.16242450001330214
rich6d_nu05,120,theory_4,50,5.671033753857496e-05,1.2374635706371775,1.2408976411514385,0.03937079405603618,0.005567871091544441,1.2265505432977504,1.2483765979766046,1.1714532473999002,1.2170198761944806,1.260372286841628,1.3050139811337593,1.0013238849435158,0.99918128008256,0.006157741880029801,0.0008708362080330945,0.999617045975771,1.0030307239112606,0.9954640583609167,0.9969969259852278,1.003893545680718,1.0140750056239414,0.03400411759633034,0.03423578671602459,0.0374452671801378,0.005295560469283501,0.02362481907653468,0.044383416116126,-0.034865744651376276,0.011656815930104501,0.0656023594995494,0.08093510033053022,1.001695981477655,1.0002959838153294,0.007016401471714884,0.0009922690120353734,0.9997511342140656,1.0036408287412442,0.9944953625622709,0.9961501278521275,1.0048884649837588,1.013005425782902,0.029604884746074242,0.027368649336278465,0.04987850610838896,0.0070538859809392935,0.01577926822343323,0.043430501268715255,-0.0497348593116896,-0.014278152219780637,0.07194844900327878,0.10147050746965258,1.0011899505862996,0.9990515820297279,0.008399000075408947,0.001187797981701598,0.9988618665421645,1.0035180346304347,0.9926555695118391,0.9963735949258186,1.0026178205600715,1.0156465756497177,0.03612571644948764,0.041447292766060656,0.04989940136688381,0.007056841016734564,0.022294308056687893,0.049957124842287384,-0.04120540821570198,-0.0064944032684665625,0.06967461599411406,0.10825482044219148,0.015539571218025435,0.013396966357069773,0.006157741880029802,0.0008708362080330946,0.01383273225028057,0.0172464101857703,0.009679744635426474,0.011212612259737548,0.018109231955227956,0.02829069189845118,0.003951936705513181,0.001750782058440989,0.005077178139899339,0.0007180214184029849,0.002544614725443331,0.005359258685583032,0.00023942212326207507,0.0008712445444182171,0.004602124721593795,0.012880078815914443,0.00037015133343603306,7.885360357373977e-05,0.0026007359197424466,0.0003677996009850633,-0.000350735884494691,0.001091038551366757,-0.0035067157383961802,-0.0013241794744496495,0.0020525595128707596,0.005151251867521722,0.0043220880389492145,0.0021794831779935976,0.006157741880029799,0.0008708362080330941,0.00261524907120435,0.006028927006694079,-0.0015377385436497327,-4.870919338623945e-06,0.006891748776151593,0.017073208719375,0.011217483179076268,0.01121748317907627,1.7523353333524276e-18,2.4781763942525814e-19,0.011217483179076268,0.011217483179076268,0.01121748317907627,0.01121748317907627,0.01121748317907627,0.01121748317907627,1.248875751903233,1.248875751903233,0.0,0.0,1.248875751903233,1.248875751903233,1.248875751903233,1.248875751903233,1.248875751903233,1.248875751903233,2.709835551857881e-05,2.7098355518578807e-05,3.42252994795396e-21,4.840188270024573e-22,2.709835551857881e-05,2.709835551857881e-05,2.7098355518578807e-05,2.7098355518578807e-05,2.7098355518578807e-05,2.7098355518578807e-05,1.093128458095582,0.9424072885662873,0.4331652908710618,0.061258822909914225,0.9730611651921501,1.2131957509990139,0.6809199674575864,0.7887492762022275,1.2738907996091389,1.9901038438910486,0.010312196421976479,0.010340813676261988,0.00032808995046696815,4.639892576287033e-05,0.010221254527481254,0.010403138316471704,0.009762110394999168,0.010141832301620673,0.010503102390346901,0.010875116509447995,0.20464359837452878,0.17642722338651684,0.08109248566196647,0.011468209302969873,0.18216590814070782,0.22712128860834974,0.12747441649113414,0.14766104468502927,0.238483954230222,0.37256555598448715,0.13705570561674313,0.13705570561674313,0.0,0.0,0.13705570561674313,0.13705570561674313,0.13705570561674313,0.13705570561674313,0.13705570561674313,0.13705570561674313,0.08608204407835361,0.08585037495865935,0.0374452671801378,0.005295560469283501,0.07570274555855795,0.09646134259814927,0.03915106134415371,0.05448380217513454,0.10842934574457944,0.1549519063260602
rich6d_nu05,120,ensemble_plugin_loss_oracle,50,5.671033753857496e-05,0.20651857757808145,0.20664946411814106,0.019523134542157854,0.002760988164955428,0.20110704077476882,0.21193011438139409,0.17314700296512509,0.1918161095390622,0.21920926551627076,0.22889036031255164,0.9998432414613211,0.999694826969945,0.0005225485308083143,7.389952192672531e-05,0.9996983983983447,0.9999880845242974,0.999336052511049,0.9995265030478705,0.9999755941674562,1.001077436806286,0.024175881259143467,0.022168858208738068,0.031100587624393966,0.004398287281619079,0.015555238187170074,0.032796524331116864,-0.025977854305185406,0.005912030634292376,0.04237455625553177,0.07378928600361181,1.0000037753690447,0.999984420051484,0.000972552781017174,0.00013753973330381583,0.9997341974917693,1.0002733532463202,0.9987256705511252,0.9994777966328722,1.0003177143877542,1.0016624657946482,0.016459602600062306,0.008446355361572422,0.04655768989590691,0.006584251648355236,0.003554469369286044,0.029364735830838568,-0.05516070499552413,-0.018241358188969964,0.04674034305047324,0.09652320054075363,0.9998774928012095,0.9996970924471003,0.0010215846476845833,0.00014447388638676777,0.9995943239838915,1.0001606616185277,0.9985966920331877,0.9994074000226361,1.0002123097452735,1.0016500493159521,0.02636662349097936,0.028702770864501934,0.04754312037696643,0.006723612563464258,0.013188342866589414,0.0395449041153693,-0.04592375752123051,-0.008709110597721576,0.06391613184787133,0.10698359897318178,0.014058927735830666,0.013910513244454803,0.0005225485308083143,7.389952192672531e-05,0.013914084672854285,0.014203770798807048,0.013551738785558692,0.013742189322380222,0.014191280441965881,0.015293123080795733,0.00016135433904055103,6.761299717044665e-05,0.00022421995030022377,3.170948946691978e-05,9.920373968538826e-05,0.0002235049383957138,4.889663595964961e-06,1.8161567533641018e-05,0.00016107093055587858,0.0005896024431950229,1.5015631080460914e-05,-8.584418313277092e-05,0.00046118631227390637,6.522159375985917e-05,-0.00011281869268886306,0.0001428499548497849,-0.0005570277497368464,-0.0002590777280203285,0.00025873712591619987,0.000898170313899038,0.00017636997012101196,2.795547874511817e-05,0.0005225485308083275,7.389952192672718e-05,3.152690714462668e-05,0.0003212130330973972,-0.00033081898015093554,-0.00014036844332940632,0.00030872267625627157,0.001410565315086039,0.01388255776570971,0.013882557765709711,1.7523353333524276e-18,2.4781763942525814e-19,0.01388255776570971,0.01388255776570971,0.013882557765709711,0.013882557765709711,0.013882557765709711,0.013882557765709711,0.20808619793505184,0.20808619793505184,0.0,0.0,0.20808619793505184,0.20808619793505184,0.20808619793505184,0.20808619793505184,0.20808619793505184,0.20808619793505184,0.0004281332398719395,0.00042813323987193956,5.476047916726336e-20,7.744301232039317e-21,0.0004281332398719395,0.0004281332398719395,0.00042813323987193956,0.00042813323987193956,0.00042813323987193956,0.00042813323987193956,0.9889728476239502,0.9785326558168206,0.03675858630513659,0.005198449128638608,0.9787838873318185,0.9991618079160819,0.953294728363439,0.96669193853985,0.9982831759175999,1.075792106373217,0.001720988146484012,0.0017220788676511754,0.00016269278785131542,2.3008234707961898e-05,0.0016758920064564068,0.0017660842865116174,0.0014428916913760423,0.001598467579492185,0.0018267438793022565,0.0019074196692712637,0.185144719939926,0.18319022099398014,0.00688154197883491,0.0009731969996508116,0.18323725382061043,0.1870521860592416,0.17846545122760404,0.18097353093074986,0.18688769815072115,0.20139807551499947,0.02283605926660956,0.022836059266609563,3.504670666704855e-18,4.956352788505163e-19,0.02283605926660956,0.02283605926660956,0.022836059266609563,0.022836059266609563,0.022836059266609563,0.022836059266609563,0.09591028041554049,0.09791730346594588,0.031100587624393963,0.004398287281619078,0.0872896373435671,0.10453092348751389,0.04629687567107212,0.07771160541915217,0.11417413104039156,0.14606401597986934
rich6d_nu05,120,crossfit_loss_oracle,50,5.671033753857496e-05,0.2080259045271326,0.20504789560933923,0.03433420729240266,0.004855590160624507,0.19850894781230857,0.21754286124195663,0.15873192748528941,0.18601647048191483,0.2247929644148556,0.27020064645545977,0.9998595648061097,0.9996986451549312,0.0005791680190134961,8.190672673816448e-05,0.9996990276217029,1.0000201019905166,0.9992705011061177,0.9995380246386344,0.9999755941674562,1.001261741281208,0.02413853030360945,0.02223328995525366,0.031131484859515276,0.004402656810513917,0.015509322955002172,0.03276773765221672,-0.026039409390209947,0.005912030634292376,0.04237455625553177,0.0736059443490632,1.0000507685331061,0.9999865940131665,0.0010271340960819318,0.00014525869690548975,0.9997660614871714,1.000335475579041,0.9988410082662886,0.9994865479722614,1.000339804583395,1.0021251373915971,0.016461961057813466,0.008590834051182283,0.04656842650134175,0.006585770033657216,0.003553851791845322,0.02937007032378161,-0.055123476748890975,-0.018241358188969964,0.046713076048077576,0.09652320054075363,0.9999129725043145,0.9996970924471003,0.0010362436842621867,0.00014654698722070476,0.9996257404093619,1.000200204599267,0.9985966920331877,0.9993242808222462,1.0002032979833804,1.0019234413973759,0.02637043695647604,0.028688799118716028,0.0476362922302212,0.006736789053314691,0.013166330411979246,0.039574543500972836,-0.04635771340282826,-0.008709110597721576,0.06397540263514416,0.1074578487469477,0.014075251080619262,0.01391433142944104,0.000579168019013496,8.190672673816446e-05,0.013914713896212459,0.014235788265026065,0.013486187380627419,0.013753710913144118,0.014191280441965881,0.015477427555717781,0.00017408338364174173,6.352340408362513e-05,0.00025654878450775514,3.628147704611999e-05,0.00010297168863134655,0.0002451950786521369,4.026196036523526e-06,1.605389957206713e-05,0.00016265076097153662,0.0007499310650217409,2.1507852903843603e-05,-8.628357488995765e-05,0.0004804906883069738,6.795164479977058e-05,-0.00011167737090370674,0.00015469307671139393,-0.0005918619539789376,-0.0002794452087483009,0.00022155887666386299,0.00098856696892853,0.0001955912365455853,2.0389874267613407e-05,0.000587155627919641,8.303634522276469e-05,3.28399999089665e-05,0.0003583424731822041,-0.0003511513276398485,-0.0001254843815739225,0.0002731727963674077,0.001594869790008167,0.013879659844073734,0.013882557765709711,4.6812524044465725e-05,6.620290639260004e-06,0.013866684074420784,0.013892635613726683,0.013802254984051387,0.013882557765709711,0.013882557765709711,0.013948370939188156,0.20958513694880587,0.20808619793505184,0.02768702497428572,0.003915536622039746,0.20191068516960797,0.21725958872800377,0.16859381554319447,0.20808619793505184,0.20808619793505184,0.2550732753956794,0.0004331882052722095,0.00042813323987193956,6.723859534059123e-05,9.508973344558052e-06,0.0004145506175168757,0.00045182579302754326,0.0003359818286283774,0.00042813323987193956,0.00042813323987193956,0.0005455594781168515,0.9901211104987341,0.9788012453813697,0.04074147444094938,0.005761714570546742,0.9788281499404625,1.0014140710570056,0.9486835260855148,0.9675024228556551,0.9982831759175999,1.0887569728849749,0.0017335492043927718,0.00170873246341116,0.0002861183941033555,4.046325133853755e-05,0.0016542412317692382,0.0018128571770163054,0.0013227660623774118,0.001550137254015957,0.00187327470345713,0.002251672053795498,0.18535968520300686,0.18324050340550105,0.00762717489507601,0.0010786454179208082,0.18324554018388206,0.18747383022213165,0.1776021921842605,0.181125260972708,0.18688769815072115,0.20382521654839075,0.023000557731643768,0.022836059266609563,0.0030384645858454787,0.00042970378260930253,0.022158338317729533,0.023842777145558002,0.018502036184686804,0.022836059266609563,0.022836059266609563,0.027992574673703367,0.09594763137107451,0.09785287171943027,0.031131484859515276,0.004402656810513917,0.08731842402246723,0.10457683871968179,0.04648021732562073,0.07771160541915217,0.11417413104039156,0.14612557106489388
rich6d_nu05,120,zero,50,,0.0,0.0,0.0,0.0,0.0,0.0,0.0,0.0,0.0,0.0,1.0,1.0,0.0,0.0,1.0,1.0,1.0,1.0,1.0,1.0,0.0,0.0,0.0,0.0,0.0,0.0,0.0,0.0,0.0,0.0,1.0,1.0,0.0,0.0,1.0,1.0,1.0,1.0,1.0,1.0,0.0,0.0,0.0,0.0,0.0,0.0,0.0,0.0,0.0,0.0,1.0,1.0,0.0,0.0,1.0,1.0,1.0,1.0,1.0,1.0,0.0,0.0,0.0,0.0,0.0,0.0,0.0,0.0,0.0,0.0,0.014215686274509804,0.014215686274509805,1.7523353333524276e-18,2.4781763942525814e-19,0.014215686274509804,0.014215686274509804,0.014215686274509805,0.014215686274509805,0.014215686274509805,0.014215686274509805,,,,,,,,,,,,,,,,,,,,,,,,,,,,,,,,,,,,,,,,,,,,,,,,,,,,,,,,,,,,,,,,,,,,,,,,,,,,,,,,,,,,,,,,,,,,,,,,,,,,,,,,,,,,,,
rich6d_nu05,120,linear_validation,50,,1.8217865403890514,0.5974036370819413,2.393146188560827,0.33844197966042017,1.1584402602546278,2.485132820523475,0.05787126025438907,0.06518234921837633,2.8875442332618246,6.999998738808687,1.0149295227114248,1.0000226086689321,0.02914359641003796,0.0041215269299403525,1.0068513299287416,1.023007715494108,0.9986446540242929,0.999760674607407,1.0141785020913305,1.0745372733550655,0.020980440497747072,0.031899950080398934,0.0350448519692692,0.004956090494629797,0.011266503128272671,0.030694377867221474,-0.04841912815886696,-0.0007566254310804217,0.04283246669788968,0.06354311794927818,1.0150699041029727,1.00007675969574,0.03047425004094797,0.004309709771105746,1.0066228729516054,1.02351693525434,0.9980197203927024,0.9998080538159887,1.012469645611761,1.0799623700591607,0.016446962176433613,0.0188091573442805,0.04758319801358478,0.006729280397189611,0.0032575725979419757,0.029636351754925253,-0.055666855403380025,-0.015646120665252495,0.0539455546479895,0.08384810075146833,1.0128913669564301,1.0000951745634667,0.03228224910583334,0.004565399450937623,1.0039431840325923,1.021839549880268,0.9932065752704577,0.9997661474552937,1.007868278613529,1.0741435199193134,0.023518974782925417,0.02614002397835545,0.048054867985082086,0.006795984604255173,0.010198844958585277,0.036839104607265555,-0.048011504222045934,-0.009600332295942156,0.0630813790738664,0.09549233375881924,0.02914520898593445,0.014238294943441754,0.029143596410037963,0.004121526929940353,0.02106701620325136,0.03722340176861754,0.01286034029880263,0.013976360881916838,0.0283941883658404,0.0887529596295754,,,,,,,,,,,,,,,,,,,,,,,,,,,,,,,,,,,,,,,,,,,,,,,,,,,0.00436447921992689,0.0006951927961775591,0.004861255673762965,0.0006874853703998742,0.003017007893943137,0.0057119505459106434,1e-12,1.8229252766235735e-05,0.01,0.01,,,,,,,,,,,,,,,,,,,,,,,,,,,,,,,,,,,,,,,,,,,,,,,,,,
rich6d_nu05,120,equal_weight,50,,,,,,,,,,,,0.9991583593539448,0.9991583593539449,1.1214946133455537e-16,1.586032892321652e-17,0.9991583593539448,0.9991583593539448,0.9991583593539449,0.9991583593539449,0.9991583593539449,0.9991583593539449,0.02971753986198934,0.02971753986198934,0.0,0.0,0.02971753986198934,0.02971753986198934,0.02971753986198934,0.02971753986198934,0.02971753986198934,0.02971753986198934,0.999378414651199,0.999283789767581,0.0018363267485137576,0.00025969581926966437,0.9988694108454305,0.9998874184569676,0.9964316319841577,0.9980109963717856,1.0006666044366286,1.002095645756158,0.025209036677750034,0.026907622647700115,0.03935455020776618,0.005565573864491584,0.01430051190334653,0.036117561452153536,-0.03445517717643722,-0.0031183205906825623,0.054385303342775,0.08902072070974738,0.999226032474142,0.9991291105394414,0.001438963723945054,0.00020350020141659896,0.9988271720793654,0.9996248928689185,0.9967485942563332,0.9985049066940959,1.000183767632746,1.001950267135189,0.028399906830743366,0.030177848248397497,0.03098653242078392,0.004382157440038623,0.019810878248267664,0.03698893541321907,-0.03071550836057497,0.007481271042453862,0.043139881633119256,0.08125094282298251,0.013374045628454678,0.013374045628454678,0.0,0.0,0.013374045628454678,0.013374045628454678,0.013374045628454678,0.013374045628454678,0.013374045628454678,0.013374045628454678,,,,,,,,,,,,,,,,,,,,,,,,,,,,,,,,,,,,,,,,,,,,,,,,,,,,,,,,,,,,,,,,,,,,,,,,,,,,,,,,,,,,,,,,,,,,,,,,,,,,,,,,,,,,,,
rich6d_nu05,180,holdout25,50,5.671033753857496e-05,8.966670854949783,7.863264801011821,11.897668673391934,1.6825844398532381,5.6688053528374365,12.264536357062129,0.009354000341083562,0.14173110356202626,11.534999118703283,20.733306173542022,1.0142726544484233,1.0007321425548517,0.03945506259134338,0.005579788462095716,1.0033362690627157,1.025209039834131,0.9927001687902002,0.9999623902537254,1.0184842191824193,1.0502072776989007,0.05115568642551129,0.05976154038572915,0.04100966647341328,0.005799642651509828,0.03978838682855203,0.06252298602247056,-0.01990929446327225,0.027632965436321023,0.08340488551375627,0.10494253986499186,1.0131759858527847,1.0000260213925156,0.04258384931678021,0.0060222657241842835,1.0013723450333836,1.0249796266721858,0.9835982859060936,0.9996418203925622,1.0182670781390963,1.0542145628387245,0.05418383194220751,0.05438984185153818,0.05847547999116687,0.008269681686978473,0.0379752558357297,0.07039240804868532,-0.043784924589398894,0.019931893288084552,0.10222326628057074,0.13443378270022005,1.014438499244797,1.0024891207063087,0.02717208502971336,0.003842713116697557,1.0069067815360697,1.0219702169535243,0.9930466730913874,0.9999914232995974,1.0230425078424827,1.0564515545842026,0.04321369675625847,0.05933343232098805,0.05069376179541843,0.00716918054587918,0.029162102886335275,0.05726529062618166,-0.042717265427539265,0.0028232520377035825,0.07908455824026178,0.11064627238244985,0.02848834072293314,0.01494782882936141,0.03945506259134338,0.005579788462095716,0.017551955337225537,0.03942472610864074,0.006915855064709892,0.014178076528235078,0.03269990545692908,0.0644229639734103,0.023970174317817693,0.014457313814438419,0.04155119970808685,0.005876227016004941,0.01245276936644801,0.03548757926918737,1.149286661785758e-08,0.00018614516333445897,0.03145354712335848,0.06351720769332928,-0.0005290999532728629,-2.8661472732513524e-05,0.0018001120533879312,0.00025457428796924934,-0.0010280655576925916,-3.0134348853134226e-05,-0.003788212915479307,-0.001127212552569946,4.4726297695773914e-05,0.002531277074583451,0.023441074364544835,0.013287161831963606,0.0416166469124087,0.005885482648402077,0.011905528373676763,0.03497662035541291,-2.680733020887353e-06,0.00011045599452407198,0.032328593545662414,0.06389405402126092,0.005047266358388324,0.0010390505639839348,0.0060266302635029875,0.0008522942254054064,0.0033767696765937276,0.006717763040182921,0.00019991563565195485,0.0004903544813022794,0.01396944534889289,0.014199732001745216,9.925917190151107,8.310426907550186,15.298729157493034,2.163567026159936,5.685325818877633,14.166508561424582,0.010388246334646124,0.13981146821342955,12.118395454539451,22.42593301652466,0.00260348801644928,7.003040907087431e-07,0.004428822620902139,0.0006263301015824561,0.001375881017347666,0.003831095015550894,1.438449888287663e-07,3.792690190732246e-07,0.007531856874642579,0.01,2.004007416371848,1.051502441789561,2.7754595753910514,0.3925092573336296,1.234689271997934,2.7733255607457625,0.48649463213821303,0.9973543488827433,2.300269211452942,4.531822293301966,0.04981483808305435,0.04368480445006567,0.06609815929662186,0.00934769133251799,0.031493363071319086,0.06813631309478961,5.196666856157534e-05,0.0007873950197890346,0.06408332843724046,0.11518503429745568,0.46670736844351196,0.2448812980981875,0.6463685833045609,0.09141032168011937,0.28754313795047803,0.6458715989365459,0.11329829803633323,0.23227090866533398,0.5357029029026481,1.0554027093321656,0.9033907622181262,0.7563596143859725,1.392388262947608,0.19691343655496227,0.5174404265704002,1.2893410978658522,0.0009454688765364109,0.012724707089183626,1.102935506796265,2.0410588092909965,0.06893047524917266,0.06032462128895479,0.04100966647341328,0.005799642651509828,0.057563175652213396,0.08029777484613192,0.015143621809692075,0.03668127616092767,0.09245319623836293,0.1399954561379562
rich6d_nu05,180,rolling3,50,5.671033753857496e-05,3.6426246455749327,0.5303963622166836,5.271098705325724,0.7454459277678902,2.1815506271498677,5.103698663999998,0.00895892293515715,0.010321302435999213,6.450638030517016,13.640023318891725,1.005250315114616,0.999992939032448,0.01672850143046876,0.002365767360114664,1.0006134110887912,1.0098872191404407,0.9933789664692885,0.9999612346456963,1.002167013061041,1.0414410168459982,0.04053425413275936,0.0360617835087346,0.043293261865013886,0.006122591808887255,0.028533974187340338,0.052534534078178374,-0.03505852890405474,0.023397069975935006,0.07280625465090046,0.10442988984424204,1.0036492552712089,0.9999997191225936,0.016978504157903026,0.0024011230848914444,0.9989430540248216,1.008355456517596,0.9863199246611858,0.9999509476162243,1.002653697864755,1.0353919348703104,0.041001012865466306,0.043232733848351856,0.06152596540832865,0.008701085471855628,0.023946885340629276,0.058055140390303336,-0.044726038736460014,-0.005558011267988801,0.09438879218125101,0.13130980486590765,1.0044632195149652,1.0000087488008917,0.013627436508665904,0.0019272105530933582,1.0006858868309023,1.008240552199028,0.9925193400179493,0.9999658749670356,1.001141218482343,1.031047046658077,0.0302110695181968,0.035832577973245766,0.05299651599321379,0.007494839167612558,0.015521184749676188,0.044900954286717414,-0.058064828259054596,-0.018847904877433423,0.07644097482284734,0.1034566967956118,0.019466001389125624,0.014208625306957767,0.01672850143046876,0.002365767360114664,0.014829097363300882,0.024102905414950367,0.007594652743798169,0.014176920920206032,0.0163826993355507,0.0556567031205079,0.011557861142964572,0.0012052690213492745,0.02009125551746198,0.0028413326037898005,0.0059888492395365625,0.01712687304639258,1.149286661785758e-08,9.702064095192518e-08,0.013273166799170807,0.054568654697400416,-0.0009018535566218942,-1.232324972874124e-05,0.00209836527893301,0.0002967536636279865,-0.0014834907373327479,-0.0003202163759110406,-0.005273987884848698,-0.0010609269262930963,1.9667848983168346e-05,0.0018403744811968,0.010656007586342674,4.138045396209212e-05,0.020125131620170888,0.002846123408178929,0.005077605706311974,0.016234409466373376,-2.5494991905736604e-05,6.502203121827938e-06,0.011758840434924093,0.05478031721026111,0.008809993802782981,0.013011645732999368,0.006032234145587361,0.0008530867340099725,0.007137943804123435,0.010482043801442527,0.0003814156911299943,0.001590288301561874,0.014199732001745216,0.014199732001745216,3.8027962457124573,0.5438130176900229,5.610945109627367,0.7935074671766015,2.2475216100463182,5.358070881378596,0.010388246334646124,0.010388246334646124,6.6385240447554565,14.526433709290156,0.004878376108785574,0.0019153085463197803,0.004998896975962129,0.0007069507900311494,0.003492752560324521,0.006263999657246626,2.991357393829078e-07,1e-06,0.01,0.01,1.3693325115109058,0.99950329745496,1.1767635489019401,0.16641949705634185,1.0431502972804758,1.6955147257413359,0.5342445378395954,0.9972730578351828,1.15243816015598,3.915161185028831,0.020236803586527404,0.0029466464567593532,0.029283881696254017,0.004141366265377167,0.012119725706388158,0.02835388146666665,4.977179408420639e-05,5.734056908888451e-05,0.035836877947316756,0.07577790732717625,0.31889980433725984,0.2327713709514843,0.27405298737994616,0.03875694515615825,0.2429361918311897,0.39486341684333,0.12441863254770157,0.23225197703335743,0.268387919438957,0.911790325110224,0.34610514405491494,0.0494942328395196,0.5106707906428916,0.07221975580349686,0.20455442268006108,0.4876558654297688,0.0009454688765364109,0.0009454688765364109,0.6041941698592481,1.322099083595814,0.07955190754192458,0.08402437816594933,0.043293261865013886,0.006122591808887255,0.06755162759650556,0.0915521874873436,0.015656271830441888,0.04727990702378349,0.09668909169874894,0.15514469057873867
rich6d_nu05,180,theory_0.25,50,5.671033753857496e-05,5.40648964793532,5.407488317054351,0.09314788019926921,0.01317309954841108,5.380670372820434,5.432308923050206,5.281808031051921,5.339753574495149,5.455229469385163,5.56391557215521,1.0010330721609915,0.9987061278050569,0.010435012924055173,0.0014757336800737353,0.998140634148047,1.003925510173936,0.9893176914471085,0.9941005803092985,1.0047109802545946,1.021991928235008,0.0644249778698769,0.07662262790943328,0.04218786555987239,0.0059662651642344335,0.05273109814797741,0.07611885759177639,-0.01223899524932032,0.04967042470579556,0.09254829825648214,0.1094465146614665,0.9990629293973722,0.999847727138693,0.012366335192983503,0.0017488638946768975,0.9956351561638055,1.0024907026309389,0.9784175679213541,0.9907747600442494,1.0078802094307382,1.0210782762208912,0.07045776222563786,0.0695793060313914,0.05662404989755571,0.008007849932161415,0.05476237635860149,0.08615314809267424,-0.024502173458787316,0.03752087502735783,0.11082152986111946,0.15758541219065195,1.0035193420093458,1.002524444047559,0.010051689633988128,0.0014215235805151063,1.0007331557915362,1.0063055282271554,0.9890202947512055,0.9953298733077072,1.0116249273622357,1.0186971379088015,0.054577032775952786,0.06382902022109191,0.0473219192569179,0.006692330001065783,0.041460065973863855,0.06769399957804172,-0.033157887074663016,0.024293318379142694,0.09081219280912825,0.1158757858100418,0.015248758435501037,0.012921814079566551,0.010435012924055173,0.0014757336800737353,0.012356320422556516,0.018141196448445557,0.003533377721618164,0.008316266583808213,0.018926666529104408,0.03620761450951786,0.013058820058107368,0.00920281536198602,0.009682723160782843,0.0013693438414683178,0.010374906128829466,0.015742733987385273,0.0032861550274750915,0.006907934199106474,0.017442375623266747,0.033162989507070355,-4.9422382919286735e-05,-0.0005939175424595333,0.00387087971022989,0.0005474250584521946,-0.0011223754974855882,0.0010235307316470148,-0.005281407715386014,-0.0030646429493344533,0.002226920687804711,0.0068451504730923035,0.013009397675188083,0.010682453319253604,0.010435012924055203,0.0014757336800737394,0.010116959662243553,0.015901835688132613,0.0012940169613051675,0.006076905823495249,0.01668730576879146,0.033968253749204924,0.002239360760313024,0.0022393607603130236,4.380838333381069e-19,6.195440985631454e-20,0.002239360760313024,0.002239360760313024,0.0022393607603130236,0.0022393607603130236,0.0022393607603130236,0.0022393607603130236,5.533004988147817,5.533004988147817,0.0,0.0,5.533004988147817,5.533004988147817,5.533004988147817,5.533004988147817,5.533004988147817,5.533004988147817,1.3614590505043686e-06,1.3614590505043686e-06,0.0,0.0,1.3614590505043686e-06,1.3614590505043686e-06,1.3614590505043686e-06,1.3614590505043686e-06,1.3614590505043686e-06,1.3614590505043686e-06,1.0726712830490386,0.9089827835281298,0.7340491850025017,0.1038102312879455,0.8692032297246655,1.2761393363734117,0.24855484662417426,0.5850063389989225,1.3313930937714824,2.547018399979877,0.030036053599640677,0.03004160176141306,0.0005174882233292737,7.318388638006159e-05,0.029892613182335756,0.0301794940169456,0.02934337795028845,0.02966529763608416,0.03030683038547313,0.030910642067528943,0.24981124701778568,0.21169031581176306,0.17095054671047913,0.024176058165305485,0.20242617301378693,0.29719632102178445,0.05788520413355826,0.13624039849675856,0.31006420539247026,0.5931675926548788,0.5035772007607748,0.5035772007607748,0.0,0.0,0.5035772007607748,0.5035772007607748,0.5035772007607748,0.5035772007607748,0.5035772007607748,0.5035772007607748,0.05566118380480704,0.04346353376525067,0.04218786555987238,0.005966265164234433,0.043967304082907555,0.06735506352670653,0.010639647013217445,0.027537863418201806,0.07041573696888838,0.13232515692400426
rich6d_nu05,180,theory_1,50,5.671033753857496e-05,2.6164681537524377,2.619543250765037,0.05511394325024097,0.007794288602035188,2.6011913480924487,2.6317449594124267,2.5314323176807547,2.5818697237113732,2.6528672139399805,2.70577260577402,0.9994042662293068,0.9973522061775246,0.00718648347570147,0.0010163222397107157,0.9974122746394738,1.0013962578191398,0.9909230151833407,0.9949900974043759,1.0015942093313794,1.0155788931873537,0.053028173259689594,0.06490322611656506,0.041383614687040146,0.005852526915043458,0.04155722050620442,0.06449912601317477,-0.02709603237093109,0.03652544236430405,0.08260560165343123,0.10583507261257918,0.9981143818640861,0.99875500393376,0.008833092000991917,0.001249187850549207,0.9956659736770096,1.0005627900511624,0.9843221562553001,0.9918500142449805,1.003300053196857,1.0120446994637662,0.058801170349592535,0.05176249346274908,0.05614543984064736,0.00794016424880462,0.04323844842193548,0.07436389227724959,-0.02751719676960363,0.026468680867849637,0.0987091133519431,0.13725086400371167,1.0012576033693734,0.9990841167341138,0.007207461231365536,0.0010192889423675429,0.999259797042333,1.0032554096964137,0.9916972014122061,0.9953481613770814,1.005615295376712,1.0139772356217631,0.0424490027720364,0.04785164414090691,0.043230548382141715,0.006113722783085107,0.03046610611718959,0.05443189942688321,-0.036730527342663875,0.01346699503478918,0.07447580516553758,0.09756572923524803,0.01361995250381644,0.011567892452034378,0.007186483475701471,0.001016322239710716,0.011627960913983435,0.015611944093649443,0.0051387014578504865,0.00920578367888572,0.015809895605889135,0.029794579461863556,0.00703368731930935,0.0056324948548899766,0.0063133271377871815,0.0008928392861956746,0.005283722318365828,0.008783652320252872,0.0010343637724818354,0.0029962833983088605,0.0081470104633082,0.018207818887735663,-3.456359835686887e-05,-6.160394830220713e-05,0.003864076505898938,0.0005464629400689519,-0.0011056309608920146,0.001036503764178277,-0.005648904927392675,-0.003833559903499414,0.0024286060860403,0.005626420402274496,0.006999123720952481,0.004947063669170414,0.007186483475701491,0.0010163222397107188,0.005007132131119472,0.00899111531078549,-0.0014821273250134983,0.0025849548960217668,0.009189066823025123,0.023173750678999655,0.006620828782864016,0.006620828782864016,0.0,0.0,0.006620828782864016,0.006620828782864016,0.006620828782864016,0.006620828782864016,0.006620828782864016,0.006620828782864016,2.647041043774903,2.647041043774903,0.0,0.0,2.647041043774903,2.647041043774903,2.647041043774903,2.647041043774903,2.647041043774903,2.647041043774903,5.4458362020174746e-06,5.4458362020174746e-06,0.0,0.0,5.4458362020174746e-06,5.4458362020174746e-06,5.4458362020174746e-06,5.4458362020174746e-06,5.4458362020174746e-06,5.4458362020174746e-06,0.9580932106132941,0.8137414000741423,0.5055319410493447,0.07149301272447793,0.8179669056733174,1.0982195155532708,0.36148106806948244,0.6475792656871334,1.112144380552201,2.095894555248333,0.014535934187513547,0.01455301805980576,0.00030618857361244985,4.330160334463993e-05,0.014451063044958053,0.01462080533006904,0.014063512876004193,0.014343720687285408,0.014738151188555447,0.015032070032077887,0.22312749812995525,0.18950983131076055,0.11773184068272027,0.01664979658166515,0.19049389682989154,0.25576109943001896,0.08418425832290154,0.15081282258655293,0.25900402011309087,0.48810669283148633,0.24091601615730082,0.2409160161573008,2.803736533363884e-17,3.96508223080413e-18,0.24091601615730082,0.24091601615730082,0.2409160161573008,0.2409160161573008,0.2409160161573008,0.2409160161573008,0.06705798841499436,0.05518293555811889,0.041383614687040146,0.005852526915043458,0.05558703566150918,0.07852894116847953,0.014251089062104736,0.03748056002125271,0.0835607193103799,0.14718219404561506
rich6d_nu05,180,theory_4,50,5.671033753857496e-05,1.3718477896570958,1.3740765534848218,0.03692008722951448,0.005221288808397708,1.3616140635926361,1.3820815157215554,1.298936805365117,1.351229443768565,1.3986518893792907,1.424164436995134,0.9998322816650463,0.9994188357218257,0.00422005769453575,0.0005968062825609393,0.9986625413512269,1.0010020219788658,0.9950663507285157,0.9967693388721779,1.0013227735122965,1.008064376521182,0.03707005442730987,0.042870202568009594,0.03752774838074518,0.005307225072537478,0.026667893285136416,0.047472215569483334,-0.031867068341753915,0.01661736285066202,0.06423742515468905,0.0846562906262268,0.9992872375438617,0.9998101872068206,0.005975374332254566,0.0008450455420930484,0.9976309482813593,1.000943526806364,0.98982479475302,0.9952448694609093,1.0027889069988387,1.0080720840741901,0.042479088479086914,0.03707521575711725,0.05408798872011235,0.007649196720946586,0.027486662906031606,0.05747151405214222,-0.026032836699089137,0.008320045343836766,0.08235784822241445,0.11768299204710304,1.0012505884559355,0.9998921592602905,0.004966175891647007,0.0007023233299097495,0.9998740347293124,1.0026271421825586,0.9949829111583096,0.9978848759219233,1.003404311048958,1.0105269922960198,0.025003376065179342,0.026449532860230093,0.0383581111979072,0.005424656108309564,0.014371050092892596,0.03563570203746609,-0.032168756739258994,0.002010338361040567,0.04874992109612731,0.08499258654304989,0.014047967939556068,0.013634521996335358,0.00422005769453575,0.0005968062825609393,0.012878227625736626,0.01521770825337551,0.009282037003025484,0.010985025146687644,0.015538459786806236,0.022280062795691828,0.0033225467534360796,0.002570476430769916,0.003784323198220264,0.0005351841191326224,0.00227358587993614,0.004371507626936019,0.00022328166275544092,0.0010134722936639042,0.003662782267945429,0.010493069117224202,-1.6161032927952513e-05,5.8104703595793184e-05,0.0025330607176079593,0.0003582288821155701,-0.0007182896418744698,0.0006859675760185649,-0.0036951281589888917,-0.0017453473115113243,0.0016480361782191544,0.0038687106625737416,0.0033063857205081265,0.0028929397772873853,0.004220057694535766,0.0005968062825609416,0.002136645406688681,0.0044761260343275724,-0.0014595452160224664,0.00024344292763965025,0.004796877567758306,0.0115384805766439,0.010741582219047988,0.010741582219047988,0.0,0.0,0.010741582219047988,0.010741582219047988,0.010741582219047988,0.010741582219047988,0.010741582219047988,0.010741582219047988,1.3840327764210028,1.3840327764210025,2.2429892266911074e-16,3.172065784643304e-17,1.3840327764210028,1.3840327764210028,1.3840327764210025,1.3840327764210025,1.3840327764210025,1.3840327764210025,2.1783344808069898e-05,2.1783344808069898e-05,0.0,0.0,2.1783344808069898e-05,2.1783344808069898e-05,2.1783344808069898e-05,2.1783344808069898e-05,2.1783344808069898e-05,2.1783344808069898e-05,0.9882018826446335,0.9591180990525561,0.29685923092596306,0.041982235049114344,0.9059167019483694,1.0704870633408976,0.6529432926266202,0.7727396999738894,1.093050274658094,1.5672871759728044,0.007621376609206085,0.0076337586304712325,0.00020511159571952485,2.900716004665393e-05,0.0075645225755146435,0.007678230642897526,0.007216315585361761,0.007506830243158695,0.007770288274329393,0.007912024649972968,0.23013941783458164,0.22336618137160813,0.06913466952854502,0.009777118727745032,0.2109762651282014,0.2493025705409619,0.15206203497805215,0.17996106647128526,0.25455725018508624,0.36500088149264914,0.1259654297807823,0.12596542978078226,2.803736533363884e-17,3.96508223080413e-18,0.1259654297807823,0.1259654297807823,0.12596542978078226,0.12596542978078226,0.12596542978078226,0.12596542978078226,0.08301610724737409,0.07721595910667435,0.03752774838074518,0.005307225072537478,0.07261394610520062,0.09341826838954755,0.035429871048457136,0.05584873651999489,0.10346879882402192,0.15195323001643782
rich6d_nu05,180,ensemble_plugin_loss_oracle,50,5.671033753857496e-05,2.6142064684217785,2.6172808069954367,0.055082978526308876,0.007789909528781197,2.5989382457453676,2.6294746910981894,2.529188873924861,2.5796437516036432,2.650606033652645,2.703452893569915,0.999404457201264,0.997356077054999,0.0071822557551845185,0.0010157243497414161,0.9974136374757708,1.0013952769267571,0.9909262073749185,0.9949897465127843,1.00159588811446,1.0155681979699882,0.0530077676647188,0.06488288912195275,0.04138018623955262,0.005852042059349983,0.04153776522839283,0.06447777010104476,-0.027112040477053317,0.03651265768729586,0.08259398779086842,0.105827083314144,0.9981156261170732,0.9987593790431074,0.008829291550103474,0.00124865038563025,0.9956682713612379,1.0005629808729084,0.9843301682960826,0.9918543080822229,1.0033034415781907,1.0120426975913888,0.058780502647056095,0.05172981699736612,0.05614319487838146,0.007939846763196274,0.043218402991191396,0.0743426023029208,-0.027522531464417996,0.026451171928855145,0.09868708728300127,0.13722826852153777,1.0012571445500253,0.9990845314876782,0.0072043635130377886,0.0010188508588403916,0.9992601968666982,1.0032540922333526,0.9917041482517442,0.9953523093219462,1.0056152031210988,1.0139734975111532,0.04242722272490165,0.04782051014454566,0.043223382434866585,0.006112709365102734,0.030446312369300295,0.05440813308050301,-0.03670901134908901,0.013455513627334277,0.07445626399796562,0.0975379466672257,0.013620143475773793,0.01157176332950871,0.007182255755184519,0.0010157243497414164,0.011629323750280618,0.015610963201266969,0.005141893649428303,0.009205432787294049,0.015811574388969685,0.029783884244498005,0.007027615082249841,0.005629075783610106,0.0063094065221700555,0.0008922848274178154,0.005278736820510922,0.00877649334398876,0.0010322958408536505,0.0029925013601053846,0.008136275513634291,0.01819853419086227,-3.449856417896297e-05,-5.8752289205571765e-05,0.0038629877744132796,0.0005463089701856718,-0.0011052641457428797,0.001036267017384954,-0.005646984732942727,-0.0038345958960174812,0.0024288044009332854,0.0056235858155832185,0.006993116518070878,0.004944736371805826,0.0071822557551845185,0.0010157243497414161,0.005002296792577702,0.008983936243564052,-0.0014851333082746185,0.002578405829591232,0.009184547431266813,0.02315685728679509,0.006627026957702958,0.006627026957702959,8.761676666762138e-19,1.2390881971262907e-19,0.006627026957702958,0.006627026957702958,0.006627026957702959,0.006627026957702959,0.006627026957702959,0.006627026957702959,2.644732793691457,2.6447327936914578,8.97195690676443e-16,1.2688263138573217e-16,2.6447327936914564,2.6447327936914573,2.6447327936914578,2.6447327936914578,2.6447327936914578,2.6447327936914578,5.455594781168514e-06,5.455594781168514e-06,0.0,0.0,5.455594781168514e-06,5.455594781168514e-06,5.455594781168514e-06,5.455594781168514e-06,5.455594781168514e-06,5.455594781168514e-06,0.9581066445027081,0.8140136962826816,0.5052345427784972,0.07145095425767205,0.8180627741576709,1.0981505148477453,0.3617056222356461,0.6475545822786157,1.112262474258557,2.095142202026756,0.014523369269009883,0.014540448927752428,0.0003060165473683826,4.327727515989553e-05,0.014438545809696487,0.01460819272832328,0.014051049299582561,0.014331354175575796,0.014725589075848027,0.015019182742055083,0.22313062670878442,0.18957324557055133,0.11766258047777642,0.016640001709548716,0.19051622335806895,0.2557450300594999,0.08423655407944769,0.15080707414044475,0.2590315226075791,0.4879314795117583,0.24070593463411996,0.24070593463411996,0.0,0.0,0.24070593463411996,0.24070593463411996,0.24070593463411996,0.24070593463411996,0.24070593463411996,0.24070593463411996,0.06707839400996515,0.0552032725527312,0.04138018623955262,0.005852042059349983,0.055608391573639185,0.07854839644629112,0.014259078360539915,0.037492173883815524,0.08357350398738808,0.14719820215173726
rich6d_nu05,180,crossfit_loss_oracle,50,5.671033753857496e-05,2.4261215020958713,2.903943439149189,1.0940626477960897,0.15472382345990487,2.1228628081144576,2.729380196077285,0.29836429534646647,2.6178150158761526,2.9932787524930493,3.3414299752918812,1.0002230486124946,0.9994146345621749,0.007173014415438579,0.0010144174269410956,0.99823479045569,1.002211306769299,0.991896515986006,0.9965450901362398,1.0015825396248652,1.0162063877556624,0.04742184478778039,0.0556228601512432,0.0410860091662065,0.005810439138663453,0.03603338407600002,0.058810305499560754,-0.02478504736456731,0.02353348031665293,0.07921517502431236,0.09894446539499789,0.99925623925317,0.9992598512135498,0.008435147135483613,0.0011929099479613488,0.9969181357551657,1.0015943427511742,0.9852768975708124,0.9947232607171026,1.0032936834825879,1.0120864937555705,0.05348307490739602,0.05128046773384687,0.05446922534500779,0.007703111721486634,0.03838497593328222,0.06858117388150982,-0.037077142441319114,0.016807651123398944,0.0942903227912076,0.13497700375329094,1.0020308293333327,0.999993929122319,0.006853818332031186,0.0009692762839199847,1.0001310478168495,1.0039306108498158,0.9932554649377886,0.9976230571095018,1.0061709399723293,1.014321625534528,0.037935393976416334,0.0461872339121306,0.04226402574689619,0.005977035841174627,0.026220403727714066,0.0496503842251186,-0.039631017592842724,0.0032204992383607785,0.07043903626709427,0.09971699035270475,0.01443873488700437,0.013630320836684695,0.007173014415438579,0.0010144174269410956,0.012450476730199823,0.016426993043808916,0.006112202260515809,0.010760776410749545,0.015798225899375073,0.030422074030172233,0.006973255547699203,0.0050520655996854,0.007440108354774038,0.001052190214084682,0.004910962728093226,0.00903554836730518,1.9199157948613007e-05,0.0013232320176859106,0.009674521780429187,0.020282507820161905,9.763967343117247e-05,-0.00021240644723322067,0.003755209520538844,0.00053106682334986,-0.0009432513003345532,0.001138530647196898,-0.00567630148035493,-0.001276654603015512,0.0024683994684572817,0.006375522223923451,0.007070895221130377,0.0051646783891127705,0.008052072255261505,0.0011387349788598935,0.004838974662564986,0.009302815779695769,-0.0004608358765887408,0.00032753088551930093,0.009637786651965118,0.02501771851788816,0.007367839665874035,0.005782651402447866,0.0032456309081240705,0.0004590015248726365,0.006468196677123667,0.008267482654624403,0.0049419938687505684,0.005782651402447866,0.006627026957702959,0.01370487469802092,2.45773050093571,2.980963337285049,1.1093067365860847,0.15687966317118793,2.150246361120182,2.765214640751238,0.3102263909314744,2.6447327936914578,2.980963337285049,3.3717666454855193,5.620863354758533e-05,4.281332398719387e-06,0.00010478348785138058,1.4818622963217884e-05,2.716413253967828e-05,8.525313455549238e-05,3.359818286283781e-06,4.281332398719387e-06,5.455594781168514e-06,0.00026366508987303556,1.0156903161892727,0.9588225692012682,0.5045844623274034,0.07135901899861499,0.8758266389519873,1.1555539934265582,0.42996181418800855,0.7569649613078989,1.1113234770594878,2.140035552467288,0.013478452789421507,0.016133019106384386,0.006078125821089388,0.0008595767969994715,0.011793682267302543,0.015163223311540472,0.0016575794185914804,0.014543416754867516,0.01662932640273916,0.018563499862732674,0.23654111793680943,0.2232973562973772,0.11751118516150764,0.01661859117859401,0.20396867922676518,0.2691135566468537,0.10013253703131487,0.17628733417341919,0.25881284232317836,0.4983865593051483,0.2236862335271253,0.27130739556101746,0.10096169846072926,0.014278140324338615,0.19570107849142163,0.251671388562829,0.028234736437439144,0.24070593463411996,0.27130739556101746,0.30687570544203246,0.07266431688690356,0.06446330152344074,0.0410860091662065,0.005810439138663453,0.06127585617512319,0.08405277759868393,0.021141696279686047,0.04087098665037158,0.09655268135803101,0.14487120903925124
rich6d_nu05,180,zero,50,,0.0,0.0,0.0,0.0,0.0,0.0,0.0,0.0,0.0,0.0,1.0,1.0,0.0,0.0,1.0,1.0,1.0,1.0,1.0,1.0,0.0,0.0,0.0,0.0,0.0,0.0,0.0,0.0,0.0,0.0,1.0,1.0,0.0,0.0,1.0,1.0,1.0,1.0,1.0,1.0,0.0,0.0,0.0,0.0,0.0,0.0,0.0,0.0,0.0,0.0,1.0,1.0,0.0,0.0,1.0,1.0,1.0,1.0,1.0,1.0,0.0,0.0,0.0,0.0,0.0,0.0,0.0,0.0,0.0,0.0,0.014215686274509804,0.014215686274509805,1.7523353333524276e-18,2.4781763942525814e-19,0.014215686274509804,0.014215686274509804,0.014215686274509805,0.014215686274509805,0.014215686274509805,0.014215686274509805,,,,,,,,,,,,,,,,,,,,,,,,,,,,,,,,,,,,,,,,,,,,,,,,,,,,,,,,,,,,,,,,,,,,,,,,,,,,,,,,,,,,,,,,,,,,,,,,,,,,,,,,,,,,,,
rich6d_nu05,180,linear_validation,50,,2.645963622472004,1.778693318259939,2.5851908814894804,0.36560120059256795,1.9293852693105706,3.362541975633437,0.055311244228395146,0.06409227621492238,4.852547482663965,6.999998833483323,1.014716129912705,1.0012187450345447,0.024629841011946662,0.0034831855198188045,1.00788908629386,1.0215431735315499,0.9980524575715638,0.999945862658153,1.0250244421813572,1.05800568401263,0.025192462576522683,0.038549985596499456,0.03541616216118601,0.005008601685555408,0.015375603272834083,0.03500932188021128,-0.0441161409157542,-0.0010161762952465682,0.04917413673402343,0.06191388830236,1.0134418431484646,1.0008470168539518,0.02433791641412581,0.0034419011472759486,1.0066957168998039,1.0201879693971254,0.9960508019768312,0.9998891457824985,1.0201684960371162,1.0727979220811112,0.03240821082030808,0.0424596283663323,0.049933957322312934,0.007061727966817427,0.018567224005345922,0.04624919763527023,-0.04835400062982907,-0.005801956023240487,0.0654339775377357,0.09863153281093237,1.0163724232281104,1.0034797688196213,0.02383739180992707,0.00337111627892002,1.0097650353214271,1.0229798111347936,0.9978678698607998,1.000028604108985,1.0277604374099392,1.0601051517890288,0.015451065384858909,0.0114009235702789,0.039851109584141294,0.0056357979649509045,0.004404901373555136,0.026497229396162683,-0.043659464358840765,-0.01578106742305235,0.03968178765214372,0.08389312744293499,0.028931816187214757,0.01543443130905442,0.024629841011946662,0.0034831855198188045,0.0221047725683699,0.03575885980605961,0.012268143846073554,0.014161548932662776,0.03924012845586694,0.07222137028713975,,,,,,,,,,,,,,,,,,,,,,,,,,,,,,,,,,,,,,,,,,,,,,,,,,,0.0033161183364145614,7.003040907087431e-05,0.004662380138527873,0.0006593601224845067,0.0020237724963449283,0.004608464176484195,1e-12,3.359818286283781e-06,0.01,0.01,,,,,,,,,,,,,,,,,,,,,,,,,,,,,,,,,,,,,,,,,,,,,,,,,,
rich6d_nu05,180,equal_weight,50,,,,,,,,,,,,0.9991583593539448,0.9991583593539449,1.1214946133455537e-16,1.586032892321652e-17,0.9991583593539448,0.9991583593539448,0.9991583593539449,0.9991583593539449,0.9991583593539449,0.9991583593539449,0.02971753986198934,0.02971753986198934,0.0,0.0,0.02971753986198934,0.02971753986198934,0.02971753986198934,0.02971753986198934,0.02971753986198934,0.02971753986198934,0.999378414651199,0.999283789767581,0.0018363267485137576,0.00025969581926966437,0.9988694108454305,0.9998874184569676,0.9964316319841577,0.9980109963717856,1.0006666044366286,1.002095645756158,0.025209036677750034,0.026907622647700115,0.03935455020776618,0.005565573864491584,0.01430051190334653,0.036117561452153536,-0.03445517717643722,-0.0031183205906825623,0.054385303342775,0.08902072070974738,0.9993232974758844,0.9992847987841187,0.0016469025323634797,0.0002329071897175028,0.9988667993840381,0.9997797955677308,0.9969499774223705,0.9981504539458784,1.0004411408148586,1.0016192348431219,0.02633602857977722,0.026996986963476695,0.03527572753658334,0.004988741230481421,0.016558095768033635,0.0361139613915208,-0.02403767702324514,0.0018170050412553633,0.05222633019996157,0.07866725430081407,0.013374045628454678,0.013374045628454678,0.0,0.0,0.013374045628454678,0.013374045628454678,0.013374045628454678,0.013374045628454678,0.013374045628454678,0.013374045628454678,,,,,,,,,,,,,,,,,,,,,,,,,,,,,,,,,,,,,,,,,,,,,,,,,,,,,,,,,,,,,,,,,,,,,,,,,,,,,,,,,,,,,,,,,,,,,,,,,,,,,,,,,,,,,,
rich6d_nu05,240,holdout25,50,5.671033753857496e-05,9.33317543238833,1.7301804102753964,15.561406034384962,2.2007151463421737,5.01977374555767,13.64657711921899,0.009238072627427206,0.01036652991847567,13.038957569625332,39.417854835570175,1.0113810106738574,0.9999967525184164,0.032396452012737616,0.004581550180918268,1.0024011723192576,1.0203608490284573,0.9950952853327177,0.9999628233226447,1.005951236214043,1.0727569946734896,0.04256060527161477,0.04657146269440833,0.037794433151942836,0.0053449399945680875,0.03208452288226132,0.05303668766096822,-0.02553860432288148,0.0198433501881727,0.06851933710679328,0.10203090300535163,1.0113122627368814,0.9999996976316234,0.03535152192728613,0.004999460176009789,1.0015133207919023,1.0211112046818605,0.9923406369221575,0.9996265550013432,1.002576657867839,1.0662058497045515,0.04123584442786106,0.04067054534946503,0.053918305893826644,0.007625199945523083,0.02629045253463582,0.0561812363210863,-0.04295819392316709,0.0024575439148780583,0.07989841773518068,0.12215337804693638,1.0144845356246837,1.0000112473676468,0.03985100035578515,0.005635782517728639,1.0034384018899356,1.0255306693594317,0.9910144940252607,0.9999784392527789,1.0115214870868827,1.0758800706036318,0.03264182405082072,0.028817454368549426,0.05412647821044101,0.007654639956869749,0.017638729735356014,0.04764491836628543,-0.043252937941381436,-0.006319008066893697,0.07187032786603352,0.11236782379291578,0.025596696948367078,0.014212438792926163,0.032396452012737616,0.004581550180918268,0.01661685859376727,0.034576535302966886,0.009310971607227441,0.01417850959715447,0.020166922488552674,0.0869726809479994,0.01772787018029884,0.004151402014632721,0.03561373995810357,0.005036543405557869,0.00785624510540542,0.027599495255192265,1.9779954928096135e-08,1.2686304564735837e-07,0.015795593437840084,0.08679409092142536,9.122574075806547e-06,7.804791631484779e-06,0.0014922112550329219,0.00021103053947933354,-0.0004044972833036872,0.0004227424314553003,-0.003145099461473888,-0.0001222253543910048,0.00024091133464690582,0.002619225879557232,0.017736992754374646,0.0035108733226918154,0.03560831419746597,0.00503577608712988,0.00786687162360008,0.027607113885149213,-2.074071248592669e-05,8.787889128812547e-06,0.016517523839741588,0.08683981943915856,0.007859704193992446,0.009345821740316859,0.0064083128681689475,0.0009062722970094553,0.0060834104918539135,0.009635997896130979,0.00013286150884090432,0.00040251853140802103,0.014199732001745216,0.014199732001745216,10.284227833944882,1.7760875725427878,18.02491032597514,2.5491072643552886,5.287977595808517,15.280478072081248,0.010388246334646124,0.010388246334646124,13.63279218931415,44.08068678992279,0.004014793671487449,1.2836438899861742e-05,0.0049368621896216,0.0006981777464129801,0.002646365288518008,0.00538322205445689,4.809750470821499e-08,3.1804361289065465e-07,0.01,0.01,1.80059523360927,0.9997715564679093,2.2789228312408527,0.3222883575542506,1.1689100528029388,2.4322804144156014,0.654978692370482,0.9973848130412108,1.4186386854016362,6.118078245997198,0.03888823096828471,0.007209085042814151,0.06483919180993734,0.00916964644309239,0.02091572393982363,0.05686073799674579,3.849196928094669e-05,4.319387466031529e-05,0.054328989873438885,0.16424106181487572,0.4895940528274208,0.2718446650841908,0.6196545698900074,0.08763238967249154,0.3178345690693374,0.6613535365855042,0.17809314749238925,0.271195693363326,0.3857374775403136,1.6635469582849316,0.8196202026213087,0.14154852261011372,1.4365279428022677,0.20315572994388886,0.4214349719312866,1.2178054333113308,0.0008279101458234337,0.0008279101458234337,1.0864901164109841,3.5130903381186793,0.07752555640306918,0.0735146989802756,0.03779443315194283,0.005344939994568087,0.06704947401371573,0.08800163879242263,0.01805525866933232,0.05156682456789066,0.10024281148651124,0.14562476599756544
rich6d_nu05,240,rolling3,50,5.671033753857496e-05,3.0114198198307403,0.37496414485468166,4.686669976406339,0.6627952243000638,1.7123411802026154,4.310498459458865,0.009238072627427206,0.010493920182392447,4.329479604598962,11.523596140919844,1.0002343132404479,0.9999917936959934,0.005282497956682504,0.0007470580253548559,0.9987700795107524,1.0016985469701434,0.9921774690502811,0.9993279535797768,1.0000143107367068,1.0102239940441795,0.04430389623942491,0.03633567658949468,0.04351919862737444,0.006154544092244151,0.03224098981862637,0.05636680266022345,-0.02529525109651118,0.0171049657400767,0.08453991113203696,0.10316837974766083,0.998821436566332,0.9999958537212978,0.007125134046828251,0.0010076461202750808,0.9968464501705929,1.0007964229620712,0.986618333223083,0.9977973666427046,1.000028258571988,1.0114736688225425,0.042251736422311614,0.04343357399077796,0.061930969135587786,0.00875836164824578,0.025085347591749886,0.05941812525287334,-0.049821551848327116,-0.0071682572433097915,0.08746709919956631,0.14071281338554403,1.001620542487892,1.0000018577364411,0.009955860802689008,0.0014079713372261483,0.9988609186669286,1.0043801663088552,0.9872493422500752,0.9999568292161423,1.0015798909591989,1.0142344503808256,0.036025131565376095,0.03395144278981176,0.05945424215631427,0.008408099559807385,0.01954525642815362,0.05250500670259857,-0.04547095055665676,-0.006762863505797264,0.07840809500972123,0.12312573767990752,0.014449999514957637,0.014207479970503256,0.005282497956682503,0.0007470580253548558,0.012985765785262119,0.015914233244653155,0.00639315532479089,0.013543639854286471,0.014229997011216411,0.02443968031868921,0.0056566256794179145,0.00023205092549539823,0.008280623161197109,0.0011710569579465723,0.0033613540418426326,0.007951897316993197,7.622221519832174e-09,5.0945328745175934e-08,0.008936594791283031,0.023936112766512557,-0.0005600964339060585,2.8025101954018757e-06,0.001849787969815967,0.0002615995234428334,-0.001072831499854012,-4.736136795810506e-05,-0.00441940290876889,-0.00044045022992088853,2.1220737792668834e-05,0.002042996454916388,0.005096529245511856,2.7727412484207137e-05,0.00806699066965857,0.0011408447612568364,0.002860473513448457,0.007332584977575256,-0.00015194317065519213,7.739963931979494e-06,0.008454389467686837,0.02221225454898368,0.009353470269445833,0.013587475980163858,0.005711161519473553,0.0008076802077742831,0.0077704170622082385,0.010936523476683427,0.0004903544813022794,0.003368017347092558,0.014199732001745216,0.014199732001745216,3.1041112943255005,0.37401368191618234,4.868379165584293,0.6884927842743919,1.7546654371476924,4.4535571515033086,0.010388246334646124,0.010388246334646124,4.3662615058808205,12.118395454539451,0.004442060481768307,0.00020691380811147902,0.004979322154905558,0.0007041824922892264,0.003061862796881423,0.005822258166655191,3.792690190732246e-07,2.06913808111479e-06,0.01,0.01,1.0164827245004682,0.9994227289595392,0.37159640798732096,0.05255166799047952,0.9134814552391283,1.119483993761808,0.4497254090542556,0.952725010439462,1.0010066863062579,1.7192050982802063,0.012547582582628083,0.0015623506035611736,0.019527791568359747,0.0027616467679169327,0.007134754917510895,0.017960410247745272,3.849196928094669e-05,4.3724667426635196e-05,0.018039498352495676,0.04801498392049935,0.27638854498114046,0.2717498165194647,0.10103958291500366,0.014289154849491902,0.24838180147613634,0.3043952884861446,0.12228338805328776,0.2590523902232669,0.2721805052619486,0.4674635231713729,0.2473877834188592,0.0298076991977428,0.38799431348293695,0.054870682025120764,0.1398412466496225,0.3549343201880959,0.0008279101458234337,0.0008279101458234337,0.34797713527267604,0.9657975200734943,0.07578226543525904,0.08375048508518927,0.04351919862737444,0.006154544092244151,0.0637193590144605,0.08784517185605757,0.016917781927023118,0.03554625054264698,0.10298119593460724,0.14538141277119512
rich6d_nu05,240,theory_0.25,50,5.671033753857496e-05,5.9376643325583816,5.94726959180869,0.0847011746472497,0.011978554993507268,5.9141863647711075,5.961142300345656,5.827546184122361,5.86110549973337,5.999018386845307,6.055450864433548,0.9982320602177316,0.9961377800995387,0.007846335305439349,0.0011096393803879168,0.9960571670321713,1.000406953403292,0.9884609810381514,0.9923188529568591,1.0032259282573999,1.0143859580095347,0.0678804665004391,0.077162030112436,0.040232075921945554,0.005689674741123944,0.05672870400783617,0.07903222899304202,-0.02337296418864629,0.049449451333489755,0.09591057277655497,0.10966369102319433,0.9973898319097875,0.9975256025142972,0.011527867833762001,0.0016302867035750774,0.9941944699707803,1.0005851938487946,0.9788755188221192,0.9892816533941805,1.0054026385673835,1.0153158884155118,0.07106898945429403,0.07510619881514234,0.057092215409257276,0.008074058533769784,0.055243834728105255,0.0868941441804828,-0.01767542088993935,0.034261111244485214,0.11423372711944971,0.16479728897816895,0.9998013756900774,0.9994704430520676,0.009773699011300872,0.0013822097696334203,0.997092244541596,1.002510506838559,0.9859138209655769,0.9933778798034605,1.0048411289760104,1.0192085260383787,0.061721196215808585,0.06685006420249735,0.05070811111586923,0.007171209846238417,0.04766562491718129,0.07577676751443588,-0.03871106851316077,0.04406080143680852,0.0958649492401477,0.12611979859623088,0.012447746492241276,0.010353466374048437,0.007846335305439349,0.0011096393803879168,0.01027285330668096,0.014622639677801592,0.0026766673126611905,0.006534539231368791,0.01744161453190962,0.02860164428404437,0.010213656112239743,0.008788066159132576,0.006647451779914717,0.0009400916462376564,0.008371076485613936,0.01205623573886555,0.0027012143197747505,0.005188365846163932,0.013368506613109087,0.0213361266401133,0.00034089888711788606,0.0002547488475391955,0.0031365252904740192,0.00044357166045145695,-0.0005285015673669695,0.0012102993416027415,-0.0044671239485254526,-0.001749945289189026,0.002761999259327658,0.0056529667653194005,0.01055455499935763,0.008460274881164777,0.007846335305439366,0.0011096393803879192,0.008379661813797309,0.012729448184917952,0.0007834758197775898,0.004641347738485174,0.015548423039026014,0.026708452791160846,0.0018931914928837078,0.0018931914928837076,2.1904191666905346e-19,3.097720492815727e-20,0.0018931914928837078,0.0018931914928837078,0.0018931914928837076,0.0018931914928837076,0.0018931914928837076,0.0018931914928837076,6.058331994923213,6.058331994923214,8.97195690676443e-16,1.2688263138573217e-16,6.058331994923213,6.058331994923213,6.058331994923214,6.058331994923214,6.058331994923214,6.058331994923214,1.1660841144032937e-06,1.166084114403294e-06,2.139081217471225e-22,3.025117668765358e-23,1.1660841144032937e-06,1.1660841144032937e-06,1.166084114403294e-06,1.166084114403294e-06,1.166084114403294e-06,1.166084114403294e-06,0.8756345808335243,0.7283128070020279,0.551949104244699,0.07805739089625345,0.7226420946768676,1.0286270669901811,0.18828970061478717,0.4596710355859425,1.226927367072263,2.011977735843121,0.024740268052326587,0.024780289965869545,0.0003529215610302071,4.991064580628029e-05,0.02464244318654628,0.024838092918106895,0.024281442433843173,0.02442127291555571,0.024995909945188778,0.025231045268473116,0.23809097970718848,0.19803319049750162,0.15007870389612896,0.021224333847328143,0.19649128536642532,0.27969067404795167,0.05119724628220341,0.12498767134287306,0.33360987020147653,0.5470703884489613,0.48282976392612786,0.482829763926128,1.1214946133455537e-16,1.586032892321652e-17,0.4828297639261278,0.4828297639261279,0.482829763926128,0.482829763926128,0.482829763926128,0.482829763926128,0.05220569517424486,0.042924131562247954,0.040232075921945554,0.005689674741123944,0.041053932681641925,0.06335745766684779,0.01042247065148961,0.024175588898128972,0.07063671034119419,0.1434591258633302
rich6d_nu05,240,theory_1,50,5.671033753857496e-05,2.8252352042787305,2.8309022076951473,0.049344847040232856,0.006978415191752318,2.811557510502896,2.838912898054565,2.750999630182524,2.78903879986187,2.861093855659925,2.89334880144942,0.997596421441922,0.9959457110200653,0.005858407189068434,0.000828503890068462,0.9959725538173878,0.9992202890664561,0.9903983758533723,0.9930283866392566,1.0014241186704722,1.0066417917292372,0.057973135083826934,0.07102292582933593,0.043301582997652376,0.006123768594750421,0.04597054863811611,0.06997572152953777,-0.03792412038436109,0.04092296848469135,0.09159032214914753,0.10484152916244284,0.9970344833411491,0.9969018587191206,0.008334500830578913,0.0011786764110214524,0.994724277575547,0.9993446891067511,0.9852570411582152,0.9901888741139622,1.0019184158035546,1.0101293467155956,0.06048158866796064,0.06936714243197017,0.05979603414911645,0.008456436246980522,0.04390697362387882,0.07705620371204247,-0.025324602130920144,0.013738986047617526,0.10381603593699693,0.15822111024343027,0.9986310497692523,0.9980299266713375,0.007388136939170005,0.0010448403460043866,0.9965831626910837,1.000678936847421,0.9883197386091702,0.9930130519521265,1.002123508894597,1.0141508621054665,0.051747642472570916,0.057143755778960734,0.05471925955724043,0.007738471898886301,0.036580237550753764,0.06691504739438807,-0.045463452466416476,0.02810106003550031,0.09110565258947584,0.11612608867649131,0.011812107716431621,0.010161397294575159,0.005858407189068435,0.0008285038900684621,0.010188240091897435,0.013435975340965807,0.004614062127882073,0.007244072913766414,0.01563980494498196,0.02085747800374686,0.005284762054034387,0.004329477862544386,0.004162890224215723,0.000588721581375625,0.004130867754538163,0.006438656353530612,0.0008458662631011251,0.0017347375073842155,0.007252083355028676,0.013691196528249263,0.00044548640112414197,0.0010489041519588552,0.003406377850624161,0.0004817345754920001,-0.0004987133668401782,0.0013896861690884622,-0.004315594213134929,-0.0020358142322832937,0.002873133285944747,0.006213126707890639,0.005730248455158531,0.004079538033302025,0.005858407189068434,0.000828503890068462,0.004106380830624345,0.007354116079692717,-0.00146779713339095,0.001162213652493395,0.00955794568370894,0.014775618742473785,0.0060818592612731336,0.0060818592612731336,0.0,0.0,0.0060818592612731336,0.0060818592612731336,0.0060818592612731336,0.0060818592612731336,0.0060818592612731336,0.0060818592612731336,2.856408546109335,2.8564085461093356,4.485978453382215e-16,6.344131569286608e-17,2.856408546109335,2.856408546109335,2.8564085461093356,2.8564085461093356,2.8564085461093356,2.8564085461093356,4.664336457613175e-06,4.664336457613176e-06,8.5563248698849e-22,1.2100470675061433e-22,4.664336457613175e-06,4.664336457613175e-06,4.664336457613176e-06,4.664336457613176e-06,4.664336457613176e-06,4.664336457613176e-06,0.8309206807420864,0.7148017407218387,0.4121086436448139,0.058280963301367665,0.7166899926714058,0.945151368812767,0.32457540485791136,0.5095830601408098,1.100179382336662,1.4672156940566756,0.011771813351161375,0.011795425865396447,0.00020560352933430358,2.907672996563466e-05,0.011714822960428731,0.011828803741894019,0.01146249845909385,0.01162099499942446,0.01192122439858302,0.01205562000603925,0.22593296709287874,0.19435943996508565,0.11205513448063427,0.015846989091605403,0.19487286847333216,0.2569930657124253,0.08825425334151993,0.13855908924430574,0.2991462337460904,0.3989458955666019,0.22764666333080757,0.2276466633308076,2.803736533363884e-17,3.96508223080413e-18,0.22764666333080757,0.22764666333080757,0.2276466633308076,0.2276466633308076,0.2276466633308076,0.2276466633308076,0.06211302659085703,0.04906323584534801,0.04330158299765237,0.00612376859475042,0.05011044014514621,0.07411561303656786,0.015244632512241106,0.028495839525536408,0.0791631931899926,0.15801028205904502
rich6d_nu05,240,theory_4,50,5.671033753857496e-05,1.4741525914781655,1.4794235469355805,0.03353243873282493,0.004742202963540589,1.4648578736696258,1.483447309286705,1.41721931876956,1.4539723421316504,1.4994953150307682,1.519702663077487,0.9987821581626574,0.9980434408754009,0.003503374865801299,0.0004954520249293219,0.997811072193796,0.9997532441315188,0.9947227152940435,0.9959713741782026,1.0005681735144991,1.0037381334887472,0.04268088071968082,0.05396435268006252,0.040184786669569365,0.005682987030917455,0.031542226139082606,0.05381953530027903,-0.03680319011207493,0.016237711368554786,0.07038747291484207,0.10024211496309612,0.9986583438076084,0.9993395371733821,0.005347043100981422,0.0007561860872001418,0.9971762190766962,1.0001404685385207,0.9914717073131459,0.9954023404606935,1.0017072542466945,1.0066623871157745,0.04324605402399266,0.03781299409728481,0.05718651820396944,0.008087394962894946,0.02739475989671857,0.05909734815126676,-0.03322804356843688,0.00239213598152597,0.08745252420367111,0.12080976415794198,0.999584522702763,0.9991528181682989,0.005006363791190257,0.0007080067571674847,0.9981968294587147,1.0009722159468113,0.9939390088840703,0.9960215067549247,1.001578330320222,1.0104606728038854,0.035434441674661143,0.035797161524260046,0.05339330638810517,0.007550953803400034,0.020634572219997076,0.05023431112932521,-0.04953293010640802,0.010871963286468812,0.07271022478141015,0.09889943171462498,0.012997844437167214,0.012259127149910676,0.003503374865801299,0.0004954520249293219,0.012026758468305743,0.013968930406028684,0.008938401568553273,0.01018706045271231,0.014783859789008758,0.01795381976325694,0.002292122080690378,0.0016702762190283487,0.002247494159049782,0.0003178436721082516,0.001669148483358205,0.0029150956780225512,0.00020198776146783593,0.0006140599399826585,0.003151406623654035,0.006182285306231902,0.0003336353188716301,9.383743511326905e-05,0.002389895547806491,0.0003379822696363017,-0.00032880992961552123,0.0009960805673587814,-0.003187515430178398,-0.0014138497198928524,0.002114127980516106,0.003903549405989923,0.0026257573995620083,0.001887040112305457,0.0035033748658012923,0.0004954520249293209,0.0016546714307005394,0.0035968433684234772,-0.0014336854690519367,-0.00018502658489288716,0.004411772751403488,0.007581732725651701,0.010372087037605258,0.010372087037605258,0.0,0.0,0.010372087037605258,0.010372087037605258,0.010372087037605258,0.010372087037605258,0.010372087037605258,0.010372087037605258,1.4872904645581113,1.4872904645581113,0.0,0.0,1.4872904645581113,1.4872904645581113,1.4872904645581113,1.4872904645581113,1.4872904645581113,1.4872904645581113,1.86573458304527e-05,1.8657345830452702e-05,3.42252994795396e-21,4.840188270024573e-22,1.86573458304527e-05,1.86573458304527e-05,1.8657345830452702e-05,1.8657345830452702e-05,1.8657345830452702e-05,1.8657345830452702e-05,0.9143311259248661,0.8623661857178544,0.24644430090464306,0.03485248727089022,0.8460202508739213,0.9826420009758109,0.6287703172361612,0.7166070111563141,1.039968067916478,1.2629583557601431,0.0061423024644923566,0.006164264778898252,0.00013971849472010385,1.9759179014752452e-05,0.006103574473623442,0.006181030455361271,0.005905080494873168,0.00605821809221521,0.006247897145961533,0.006332094429489529,0.2486128326967206,0.23448321310982,0.06700987641418327,0.009476627603788295,0.23003864259329554,0.26718702280014567,0.1709669125893272,0.19485030523672847,0.28277436909666914,0.3434069403312902,0.11853231293595949,0.11853231293595948,1.401868266681942e-17,1.982541115402065e-18,0.11853231293595949,0.11853231293595949,0.11853231293595948,0.11853231293595948,0.11853231293595948,0.11853231293595948,0.07740528095500313,0.06612180899462143,0.040184786669569365,0.005682987030917455,0.06626662637440492,0.08854393553560133,0.019844046711587793,0.049698688759841875,0.10384845030612916,0.15688935178675886
rich6d_nu05,240,ensemble_plugin_loss_oracle,50,5.671033753857496e-05,3.777442126322729,3.785970498230963,0.05998216740461758,0.008482759464414357,3.7608159177724767,3.794068334872981,3.6974444062198923,3.7276983985969814,3.818740513445618,3.8647880360977513,0.9973480648624498,0.9961629903481766,0.0067941865278760925,0.0009608430733014939,0.9954648124387788,0.9992313172861207,0.9889719549682844,0.9930527929584412,1.0016420208149273,1.0095335656299813,0.06345190513234003,0.07477498198213603,0.04266815382717966,0.006034188182381895,0.05162489629487152,0.07527891396980854,-0.03502067316200784,0.04809367408800355,0.09658821438608058,0.10846085634123566,0.9966284370144891,0.996631307116135,0.009604717340561135,0.0013583121525781602,0.9939661451954359,0.9992907288335423,0.982446319954879,0.989472225519459,1.0025260366809887,1.0114559433490986,0.0663840313012465,0.07554647449185051,0.05935146966304053,0.008393565334424723,0.04993264324577404,0.08283541935671895,-0.02494684514289356,0.02437109092607021,0.11035492462695579,0.16385196725669687,0.9985589164124943,0.9983801659576639,0.008354469928938572,0.0011815004679943115,0.9962431754952255,1.000874657329763,0.9862323639114603,0.9925719762595111,1.0019500314677456,1.0159966086774677,0.057427426574385584,0.06388673824994173,0.053598058426709595,0.007579910114391826,0.042570802750177605,0.07228405039859356,-0.0460116642168386,0.03305152695324064,0.09577456173156389,0.12169923631749995,0.011563751136959502,0.010378676622686267,0.0067941865278760925,0.0009608430733014939,0.009680498713288573,0.01344700356063043,0.003187641242794087,0.007268479232950875,0.015857707089437012,0.023749251904490974,0.007013948486603899,0.006195288062353714,0.005197894319312316,0.0007350932642153544,0.005573165688741805,0.008454731284465994,0.0012306623289450784,0.0025213481937626106,0.009738492506391583,0.01677369779501038,0.000420939941609632,0.0005437146291260237,0.0035122556871666237,0.0004967079627313073,-0.0005526076653437303,0.0013944875485629943,-0.005077991559243433,-0.002088585456885228,0.002794883906040175,0.0065031778393540435,0.007434888428213531,0.0062498139139402515,0.006794186527876096,0.0009608430733014943,0.005551636004542603,0.00931814085188446,-0.0009412214659518794,0.0031396165242048744,0.011728844380690997,0.01962038919574502,0.004128862708746033,0.004128862708746033,0.0,0.0,0.004128862708746033,0.004128862708746033,0.004128862708746033,0.004128862708746033,0.004128862708746033,0.004128862708746033,3.828866726804265,3.8288667268042644,4.485978453382215e-16,6.344131569286608e-17,3.828866726804265,3.828866726804265,3.8288667268042644,3.8288667268042644,3.8288667268042644,3.8288667268042644,2.636650898730355e-06,2.6366508987303555e-06,4.27816243494245e-22,6.050235337530716e-23,2.636650898730355e-06,2.636650898730355e-06,2.6366508987303555e-06,2.6366508987303555e-06,2.6366508987303555e-06,2.6366508987303555e-06,0.8134500799792201,0.7300862175958615,0.47793587989197334,0.06759034032879473,0.6809730129347825,0.9459271470236578,0.22423407363103232,0.5112999184558547,1.1155076711190173,1.670637030522813,0.015739342193011364,0.015774877075962347,0.00024992569751923987,3.534483110172648e-05,0.01567006632405198,0.015808618061970748,0.015406018359249552,0.015532076660820756,0.015911418806023408,0.01610328348374063,0.22118259228727838,0.1985153928624505,0.1299540063531722,0.018378271826937548,0.18516117950648078,0.25720400506807595,0.060970765023608035,0.13902591466120323,0.30331409939839443,0.4542575362357778,0.3051484830076468,0.3051484830076468,0.0,0.0,0.3051484830076468,0.3051484830076468,0.3051484830076468,0.3051484830076468,0.3051484830076468,0.3051484830076468,0.05663425654234391,0.045311179692547915,0.04266815382717966,0.006034188182381895,0.04480724770487539,0.06846126537981242,0.011625305333448284,0.02349794728860337,0.07199248758668039,0.15510683483669174
rich6d_nu05,240,crossfit_loss_oracle,50,5.671033753857496e-05,3.7929317665278695,3.795498442515089,0.31273795830554535,0.04422782621045737,3.706245227155373,3.8796183059003657,3.2800857294249783,3.7013491571924417,3.8416843271064742,4.297956381891944,0.9974844128353805,0.996317111580645,0.006810067400649109,0.000963088967867286,0.9955967584583606,0.9993720672124004,0.9890511157712326,0.9932045235647169,1.0016420208149273,1.0106526836739964,0.06347442925889381,0.07382214887266217,0.042541727651325065,0.006016308821128642,0.05168246396948167,0.07526639454830594,-0.03502067316200784,0.04804713851598964,0.0946682262707672,0.10843934684306755,0.9966916386748211,0.9968769459858516,0.009626464681386983,0.0013613876910123065,0.994023318800437,0.9993599585492052,0.9834051585118647,0.9898771338434068,1.0026207733875812,1.0118751266568025,0.06661988099274195,0.07515975723874313,0.05947978988396429,0.008411712554100432,0.05013292438670511,0.0831068375987788,-0.02494684514289356,0.02535418264272941,0.11035492462695579,0.16632746260546255,0.9987356874844298,0.9990083079912995,0.00840086404675823,0.0011880615870578013,0.9964070867737964,1.001064288195063,0.9859074521454891,0.9927633494085215,1.0024244622459764,1.0168684649448936,0.05724048043574815,0.06377835359136848,0.05316616659260376,0.007518831385464759,0.042503570920237224,0.07197738995125907,-0.04549615914505258,0.03218291005256295,0.09577456173156389,0.12169923631749995,0.011700099109890118,0.010532797855154707,0.006810067400649109,0.000963088967867286,0.009812444732870237,0.01358775348691,0.003266802045742373,0.007420209839226644,0.015857707089437012,0.02486836994850627,0.0071038399593192966,0.0062547036920361345,0.005454215245797748,0.0007713425172709279,0.005592008625468278,0.008615671293170315,0.0012168155917537526,0.0027697488958129844,0.009375814431514052,0.016957674302150262,0.00045693928215463143,0.0005437146291260237,0.0034710804357873807,0.0004908849028378427,-0.0005051951274075403,0.001419073691716803,-0.004885253095217074,-0.0019855483881336153,0.0029823640808597234,0.0065031778393540435,0.007560779241473929,0.006747161048003136,0.006922915201059092,0.000979048056849663,0.00564184505004859,0.009479713432899268,-0.0009412214659518794,0.0029958741799220963,0.011500626157343184,0.021157972188669622,0.004139319868416245,0.004128862708746033,0.0005029547767997954,7.112854666106035e-05,0.003999907916960567,0.004278731819871923,0.003368017347092558,0.004128862708746033,0.004128862708746033,0.0049419938687505684,3.844925666355827,3.8288667268042644,0.3183003924618623,0.04501447319282445,3.756697298897891,3.933154033813763,3.3717666454855193,3.8288667268042644,3.8288667268042644,4.3662615058808205,2.667781812717928e-06,2.6366508987303555e-06,4.1408768655095475e-07,5.8560842233205925e-08,2.553002561940844e-06,2.7825610634950117e-06,2.06913808111479e-06,2.6366508987303555e-06,2.6366508987303555e-06,3.359818286283781e-06,0.823041454626753,0.7409278491212277,0.4790530171491097,0.06774832739480217,0.6902547329329408,0.9558281763205653,0.22980262666601517,0.5219733817938742,1.1155076711190173,1.7493611963776823,0.015803882360532782,0.01581457684381287,0.0013030748262731057,0.00018428260921023908,0.015442688446480713,0.016165076274584852,0.013667023872604076,0.015422288154968506,0.01600701802961031,0.017908151591216434,0.22379055208758236,0.20146330598511591,0.13025776354805801,0.01842122958140514,0.18768494210802827,0.25989616206713645,0.06248489235100121,0.14192810171347656,0.30331409939839443,0.4756631707153742,0.3064283293414367,0.3051484830076468,0.025367527477652318,0.0035875101402768057,0.29939680946649416,0.31345984921637926,0.26871906241156723,0.3051484830076468,0.3051484830076468,0.34797713527267604,0.056611732415790136,0.04626401280202178,0.042541727651325065,0.006016308821128642,0.044819767126378,0.06840369770520227,0.011646814831616396,0.02541793540391675,0.0720390231586943,0.15510683483669174
rich6d_nu05,240,zero,50,,0.0,0.0,0.0,0.0,0.0,0.0,0.0,0.0,0.0,0.0,1.0,1.0,0.0,0.0,1.0,1.0,1.0,1.0,1.0,1.0,0.0,0.0,0.0,0.0,0.0,0.0,0.0,0.0,0.0,0.0,1.0,1.0,0.0,0.0,1.0,1.0,1.0,1.0,1.0,1.0,0.0,0.0,0.0,0.0,0.0,0.0,0.0,0.0,0.0,0.0,1.0,1.0,0.0,0.0,1.0,1.0,1.0,1.0,1.0,1.0,0.0,0.0,0.0,0.0,0.0,0.0,0.0,0.0,0.0,0.0,0.014215686274509804,0.014215686274509805,1.7523353333524276e-18,2.4781763942525814e-19,0.014215686274509804,0.014215686274509804,0.014215686274509805,0.014215686274509805,0.014215686274509805,0.014215686274509805,,,,,,,,,,,,,,,,,,,,,,,,,,,,,,,,,,,,,,,,,,,,,,,,,,,,,,,,,,,,,,,,,,,,,,,,,,,,,,,,,,,,,,,,,,,,,,,,,,,,,,,,,,,,,,
rich6d_nu05,240,linear_validation,50,,2.5842084729119548,1.4553041103823772,2.8532522220676326,0.4035107989319216,1.7933273070053883,3.375089638818521,0.056857366501223895,0.06409628021247503,6.013464529338204,6.999998798570304,1.0087327122909067,1.000118366209787,0.013487815603387496,0.0019074651753098048,1.0049940805472994,1.0124713440345139,0.9986428535417071,0.9997760531051794,1.0166625411829369,1.0353649105074147,0.023225561335056023,0.03050313085764053,0.031054221260246415,0.004391730087517538,0.014617770363521649,0.0318333523065904,-0.035043969038919306,0.008201300912038401,0.04607291298355064,0.061019388899190743,1.0087934894744646,1.000081098798907,0.016040616599836674,0.0022684857544316025,1.0043472573957786,1.0132397215531506,0.9961169889222339,0.9997719848460758,1.0137460113730956,1.044715840991934,0.026870409390003794,0.028329768991865942,0.04856597309266008,0.0068682657817486685,0.013408608457776404,0.040332210322231186,-0.05288853379161924,-0.003111957587928039,0.05910542439123618,0.09039141339306302,1.0101432483713715,1.0000561401986083,0.017839976099257682,0.002522953615198208,1.005198259285583,1.01508823745716,0.9955500669526642,0.9998017275764637,1.0157819336981797,1.0479683741862555,0.01992700107505054,0.019974254560813257,0.041488490700400726,0.005867358623089673,0.008426978173794779,0.0314270239763063,-0.04676757943145713,-0.007242381960583149,0.04328817888317518,0.08785588413107084,0.022948398565416164,0.014334052484296866,0.013487815603387496,0.0019074651753098048,0.019209766821808947,0.02668703030902338,0.012858539816216836,0.013991739379689144,0.030878227457446616,0.04958059678192449,,,,,,,,,,,,,,,,,,,,,,,,,,,,,,,,,,,,,,,,,,,,,,,,,,,0.0042835172647063815,0.00011371374928515661,0.004931621394357906,0.0006974365860390265,0.0029165415560698897,0.005650492973342873,1e-12,1.068568746425783e-06,0.01,0.01,,,,,,,,,,,,,,,,,,,,,,,,,,,,,,,,,,,,,,,,,,,,,,,,,,
rich6d_nu05,240,equal_weight,50,,,,,,,,,,,,0.9991583593539448,0.9991583593539449,1.1214946133455537e-16,1.586032892321652e-17,0.9991583593539448,0.9991583593539448,0.9991583593539449,0.9991583593539449,0.9991583593539449,0.9991583593539449,0.02971753986198934,0.02971753986198934,0.0,0.0,0.02971753986198934,0.02971753986198934,0.02971753986198934,0.02971753986198934,0.02971753986198934,0.02971753986198934,0.999378414651199,0.999283789767581,0.0018363267485137576,0.00025969581926966437,0.9988694108454305,0.9998874184569676,0.9964316319841577,0.9980109963717856,1.0006666044366286,1.002095645756158,0.025209036677750034,0.026907622647700115,0.03935455020776618,0.005565573864491584,0.01430051190334653,0.036117561452153536,-0.03445517717643722,-0.0031183205906825623,0.054385303342775,0.08902072070974738,0.9994153487817822,0.9991571741999448,0.0016216010555168891,0.00022932902054705108,0.99896586390151,0.9998648336620544,0.9972016522328466,0.9981469562268056,1.000592501719714,1.0020521790214174,0.02438038708648192,0.029897296479791474,0.03461014509980121,0.0048946136595839585,0.01478694431369736,0.033973829859266474,-0.03357099424592709,-0.0008943529813988636,0.050843075116995734,0.07158409273717721,0.013374045628454678,0.013374045628454678,0.0,0.0,0.013374045628454678,0.013374045628454678,0.013374045628454678,0.013374045628454678,0.013374045628454678,0.013374045628454678,,,,,,,,,,,,,,,,,,,,,,,,,,,,,,,,,,,,,,,,,,,,,,,,,,,,,,,,,,,,,,,,,,,,,,,,,,,,,,,,,,,,,,,,,,,,,,,,,,,,,,,,,,,,,,
rich6d_nu05,360,holdout25,50,5.671033753857496e-05,10.955288748445788,3.467751627958501,20.473573332011664,2.895400507637101,5.28030375347707,16.630273743414506,0.0096500319102891,0.06018207820236987,9.718296430655247,54.08184843236638,1.0095171918291865,0.9999931556911754,0.03646476639439876,0.005156896718372539,0.9994096742611763,1.0196247093971966,0.9891682569363879,0.9967566994118892,1.0006263884149478,1.0912631471139806,0.05225763272474803,0.04510014907107478,0.04193371901261179,0.00593032341483781,0.04063419883166593,0.06388106661783013,-0.01326815696962326,0.02042429084411671,0.0942450522873272,0.10668167373182103,1.0108861744092663,0.9999954615469069,0.043864068419161364,0.006203316045923937,0.9987276749592554,1.0230446738592773,0.980940024158693,0.9936132110020375,1.0022169221655528,1.1107143200049803,0.051202914282498055,0.04811157684128729,0.05850302610568483,0.008273577295852671,0.03498670278262682,0.06741912578236929,-0.03409383554354821,0.006944107894637633,0.09764325179059473,0.14521369397479472,1.0098215018231627,1.0000056783292535,0.03573377942993935,0.0050535195504668945,0.9999166035042475,1.0197264001420778,0.9855057869981523,0.9973759384711498,1.005107008161186,1.088886767588634,0.05215843683680015,0.05258608408941977,0.05150165045704256,0.007283433256094809,0.03788290765485433,0.06643396601874597,-0.033510384243007854,0.025129830092855486,0.08719356952694546,0.13281766812141296,0.02373287810369627,0.014208841965685115,0.03646476639439876,0.005156896718372539,0.013625360535686094,0.03384039567170644,0.0033839432108975775,0.010972385686398883,0.014842074689457474,0.10547883338849032,0.017518715923192277,0.0034526958166514396,0.03867419027893235,0.005469356440626383,0.006798777299564565,0.028238654546819987,4.388938085311569e-08,2.6756159980391186e-06,0.010858245488060398,0.10506792443979102,-0.0005934448510724944,-8.287792307414135e-05,0.0015030979207778755,0.00021257014651388716,-0.0010100823382397132,-0.0001768073639052756,-0.0034083456025143883,-0.0012492724328841845,2.4136321919100196e-05,0.0012748488104068214,0.016925271072119785,0.003181878811077877,0.03881801408980829,0.005489696199019678,0.0061654665220412155,0.027685075622198352,-5.756308394470965e-05,1.979069983556352e-05,0.01097577565537334,0.10535768971080187,0.006807607031576588,0.004997522152397758,0.006012439123291232,0.0008502872951101061,0.00514104393316078,0.008474170129992395,0.00012114367768865739,0.000713607317650643,0.014124252563714574,0.014199732001745216,11.948494799995967,3.505497149786139,23.417318775884613,3.311708980727014,5.457545197771019,18.439444402220914,0.010388246334646124,0.058139452570167366,10.029867055957066,59.94129219507416,0.0025173575627484924,3.7623664311416523e-06,0.004302010062257658,0.0006083960975510302,0.0013249012115484733,0.0037098139139485117,3.0646255240368635e-08,5.164318206593878e-07,0.003761087548458027,0.01,1.669485218328979,0.9995185382757804,2.5651077049852917,0.36276101053379234,0.9584736376827461,2.380496798975212,0.23804290173210543,0.7718505793190937,1.0440631850514912,7.419890348707594,0.030431357634571637,0.009632643410995836,0.05687103703336574,0.008042779187880838,0.014667510426325196,0.04619520484281808,2.68056441952475e-05,0.00016717243945102742,0.026995267862931244,0.15022735675657328,0.5647041585690864,0.33808761463379666,0.8676488849854322,0.12270408205242919,0.32420415774632516,0.8052041593918476,0.08051812322155198,0.2610788206748659,0.3531548623099472,2.509781392515535,0.7897347993967496,0.23169555117295348,1.5477657943902037,0.21888713778037933,0.36071600934720616,1.218753589446293,0.000686610303013108,0.0038427224249663198,0.6629232535143251,3.9618148695411266,0.0678285289499359,0.07498601260360917,0.04193371901261179,0.00593032341483781,0.056205095056853796,0.07945196284301802,0.01340448794286291,0.025841109387356745,0.09966187083056724,0.1333543186443072
rich6d_nu05,360,rolling3,50,5.671033753857496e-05,3.800661809108911,2.6614336835001433,4.055655027868693,0.5735562344718538,2.6764915895440775,4.924832028673745,0.009581495138622054,0.010532549205444688,6.600170814016369,10.99203298153288,0.9975842830039886,0.9999744402582702,0.0041000023651300566,0.0005798278950528693,0.9964478203296849,0.9987207456782923,0.9902107466302232,0.9953093198030015,1.0000022002664595,1.0025471795749636,0.058397755069041046,0.06567583098548485,0.0412764695645559,0.005837374306507523,0.0469565014282863,0.06983900870979579,-0.01326815696962326,0.02576339106477926,0.09670291786025256,0.10639334138763164,0.9974551652093142,0.9999854910148941,0.00900674253992966,0.0012737457452771223,0.994958623548571,0.9999517068700574,0.9832002775698512,0.9921705412070286,1.0000006625577824,1.0128877380083494,0.06032675515202355,0.05345558984349355,0.05236676225810036,0.007405778540297304,0.045811429213040836,0.07484208109100626,-0.03138081945054631,0.02316729040052065,0.1062152473135751,0.14456056614673843,0.9992461326960647,0.9999893983364612,0.007801320937918051,0.00110327338748289,0.9970837168565982,1.001408548535531,0.9885364630101476,0.9965465677634746,1.000243961860917,1.014364618013686,0.05417560265687431,0.0617689025028414,0.04813142560904954,0.006806811487266956,0.040834252141831076,0.06751695317191754,-0.032114714160951824,0.025963943917688567,0.08779505132083482,0.11825791591112564,0.011799969278498445,0.014190126532780012,0.0041000023651300566,0.0005798278950528693,0.010663506604194822,0.012936431952802068,0.004426432904733036,0.009525006077511278,0.014217886540969171,0.016762865849473504,0.004954218804681422,0.00397322518136075,0.005597544297775353,0.0007916123061898087,0.003402658684549397,0.0065057789248134466,5.999315845547418e-09,9.30805168115659e-08,0.008454455542895681,0.017076427945039004,-0.0007757530758094016,-8.441862844058736e-06,0.0015335877419362653,0.00021688205837353965,-0.0012008419102215394,-0.00035066424139726393,-0.0035058143166915305,-0.0015633238339022373,1.9085893880630076e-05,0.0011908518169173308,0.00417846572887202,0.002371207928366088,0.005181724829260221,0.0007328065530025214,0.0027421648849870785,0.005614766572756962,-1.1202637180510236e-05,1.1581226246792173e-05,0.006879167958285553,0.016107882496863173,0.007621503549626473,0.0066186312267994835,0.006049097489227337,0.0008554715709382338,0.005944779270587535,0.009298227828665412,0.0005650342445900365,0.001590288301561874,0.014199732001745216,0.014199732001745216,3.880855403599178,2.667179013765532,4.167022366876477,0.5893059545948749,2.7258157325932233,5.035895074605133,0.010388246334646124,0.010388246334646124,6.6385240447554565,11.343324932127073,0.004003439394669829,5.616630180247497e-06,0.004945893145861759,0.0006994549164925832,0.002632507758344366,0.0053743710309952925,4.2607982122600237e-07,1e-06,0.01,0.01,0.8300668044185113,0.9982020043748697,0.28841395947811427,0.040787893307167346,0.7501225335364633,0.9100110753005594,0.31137665950535837,0.6700349102801035,1.000154777364728,1.179180908031929,0.010557393914191417,0.007392871343055954,0.01126570841074637,0.0015932117624218162,0.007434698859844657,0.013680088968538177,2.661526427395015e-05,2.9257081126235244e-05,0.01833380781671214,0.030533424948702443,0.28077048613491723,0.33764229642398014,0.09755615714267032,0.013796524052416525,0.25372929899218083,0.30781167327765363,0.1053233012030042,0.22663962284155997,0.33830282280421253,0.39885849551720065,0.25650482466211755,0.1762869816365534,0.27541900700229405,0.03895012950379747,0.18016257083467452,0.3328470784895606,0.000686610303013108,0.000686610303013108,0.4387727109172964,0.7497361458255434,0.06168840660564289,0.0544103306891991,0.0412764695645559,0.005837374306507523,0.050247152964888145,0.07312966024639764,0.013692820287052303,0.02338324381443139,0.0943227706099047,0.1333543186443072
rich6d_nu05,360,theory_0.25,50,5.671033753857496e-05,6.788835238648469,6.7896137304808715,0.08241859391584112,0.011655749330750316,6.765989969960198,6.81168050733674,6.663294433676986,6.729761769836011,6.843714469668503,6.906017685950477,0.9947916127903176,0.9943330061501354,0.004422795947688435,0.000625477801282975,0.993565676299803,0.9960175492808322,0.9888091397433325,0.9913530941817202,0.9979867208654103,1.0023546597299644,0.08264727184980374,0.09002287624602442,0.025332219159746098,0.00358251679007205,0.07562553894126252,0.08966900475834495,0.035834770332350434,0.06614697124495664,0.10259523969132237,0.11002550330357476,0.9942807948762535,0.9940995259919003,0.009812756564438896,0.0013877333417695104,0.9915608375263854,0.9970007522261217,0.9771921063262236,0.9888955526327563,0.9989217509909868,1.0138894961275562,0.08282696731107418,0.09080458042595498,0.046623372620159136,0.006593540588300347,0.0699036277580055,0.09575030686414286,-0.0059943734612592755,0.06183790986374599,0.10940466460069093,0.15395735343178577,0.9960273341859386,0.9951644952985237,0.008982899524093056,0.001270373833640722,0.9935374014720028,0.9985172668998744,0.9849225088727519,0.990805552826155,1.0020999273045184,1.011815807888812,0.07933135171980023,0.08258860894285361,0.04069741573180996,0.00575548372814618,0.06805060361263371,0.09061209982696675,0.0004162767779177365,0.06123174074595098,0.1088898515511805,0.12816779828540154,0.009007299064827348,0.008548692424645177,0.004422795947688435,0.000625477801282975,0.007781362574312717,0.01023323555534198,0.003024826017842308,0.005568780456229994,0.012202407139920074,0.016570346004474223,0.007551037724707074,0.00686820024784407,0.003625641330043039,0.0005127431141247293,0.0065460612210226045,0.008556014228391542,0.0029551259302190466,0.004736119462078932,0.009860646778422657,0.014451718438643934,-1.8486352219971785e-05,-0.00020317534433573,0.0025367518189747854,0.000358750882676876,-0.0007216380822666487,0.0006846653778267051,-0.003687358860601883,-0.0018141455883473826,0.00223260241793142,0.0038917781569537276,0.007532551372487102,0.007073944732304993,0.004422795947688431,0.0006254778012829745,0.006306614881972472,0.008758487863001731,0.0015500783255021084,0.004094032763889738,0.01072765944757989,0.01509559831213397,0.001474747692340292,0.001474747692340292,0.0,0.0,0.001474747692340292,0.001474747692340292,0.001474747692340292,0.001474747692340292,0.001474747692340292,0.001474747692340292,6.9019093780575975,6.9019093780575975,0.0,0.0,6.9019093780575975,6.9019093780575975,6.9019093780575975,6.9019093780575975,6.9019093780575975,6.9019093780575975,9.373709899792458e-07,9.373709899792458e-07,0.0,0.0,9.373709899792458e-07,9.373709899792458e-07,9.373709899792458e-07,9.373709899792458e-07,9.373709899792458e-07,9.373709899792458e-07,0.6336168997326824,0.601356294699178,0.3111208183891174,0.043999128090250646,0.5473786086757911,0.7198551907895737,0.21278086470338994,0.39173490105893743,0.8583762263943775,1.1656381327285315,0.018857875662912412,0.01886003814022464,0.00022894053865511434,3.237708147430645e-05,0.01879441658322277,0.018921334742602054,0.018509151204658295,0.018693782693988917,0.019010317971301396,0.019183382460973546,0.2143212136833609,0.2034090488912646,0.10523676282537259,0.014882725724788265,0.1851510712627759,0.2434913561039459,0.07197322734141919,0.13250451411965747,0.29034616140352487,0.39427764541536503,0.4561811432630579,0.45618114326305786,5.607473066727768e-17,7.93016446160826e-18,0.4561811432630579,0.4561811432630579,0.45618114326305786,0.45618114326305786,0.45618114326305786,0.45618114326305786,0.03743888982488022,0.030063285428659527,0.025332219159746098,0.00358251679007205,0.030417156916339005,0.04446062273342144,0.010060658371109176,0.017490921983361572,0.0539391904297273,0.0842513913423335
rich6d_nu05,360,theory_1,50,5.671033753857496e-05,3.1578265687314695,3.162601034174285,0.04539828767849415,0.00642028741434418,3.145242805399355,3.170410332063584,3.087978970972502,3.1222712332958453,3.1894274542445493,3.2229877555531337,0.9951192079225515,0.995041983451766,0.0037918464946532795,0.0005362480739175547,0.9940681616976731,0.9961702541474299,0.9899583049465237,0.9922802230612046,0.9975463497409319,1.0022095333383099,0.07417846583365349,0.07906124047036076,0.027516103582874603,0.0038913646870564174,0.06655139104702291,0.08180554062028407,0.019335173037164814,0.05551710439613458,0.09395427794172656,0.10995619582949914,0.9946718869804155,0.9943533273893423,0.007195891307356359,0.0010176527080226025,0.9926772876726913,0.9966664862881398,0.9834349236603656,0.9901666388102104,0.9982149437266858,1.004137102761265,0.07517104202768433,0.08497244189289617,0.0439743666579166,0.0062189145724392885,0.06298196946570334,0.08736011458966533,-0.010006566849226952,0.05873094542088053,0.10240723287035905,0.14092581681201702,0.9960073159971807,0.9957157861893436,0.006715327827830597,0.0009496907689899486,0.9941459220899604,0.997868709904401,0.9876454482600443,0.9911784525186792,0.9993633037204894,1.0062450764777793,0.07114683508694342,0.07109480044359863,0.042445419088640995,0.006002688733576595,0.05938156516913329,0.08291210500475354,-0.0013479087298961245,0.04791101066322494,0.10079351057664071,0.1423741416607834,0.00933489419706124,0.00925766972627573,0.0037918464946532795,0.0005362480739175547,0.008283847972182833,0.010385940421939648,0.00417399122103348,0.006495909335714339,0.011762036015441651,0.016425219612819574,0.004029385057456422,0.0035766355877331663,0.002463602094811832,0.000348405949477366,0.003346509396480785,0.00471226071843206,0.000868008715770595,0.001969211537104939,0.005120188143217049,0.008527453429763576,-1.514877144274974e-05,-0.0007463903405709829,0.002928505089235347,0.0004141531614675259,-0.0008268889679191005,0.000796591425033601,-0.003981527501610229,-0.0020796742660410842,0.0024969764102868285,0.004334700194080313,0.004014236286013673,0.003937011815228139,0.003791846494653287,0.0005362480739175558,0.0029631900611352636,0.005065282510892082,-0.0011466666900141018,0.00117525142466676,0.006441378104394135,0.011104561701772072,0.0053206579110476205,0.0053206579110476205,0.0,0.0,0.0053206579110476205,0.0053206579110476205,0.0053206579110476205,0.0053206579110476205,0.0053206579110476205,0.0053206579110476205,3.187379127538012,3.187379127538012,0.0,0.0,3.187379127538012,3.187379127538012,3.187379127538012,3.187379127538012,3.187379127538012,3.187379127538012,3.7494839599169833e-06,3.7494839599169833e-06,0.0,0.0,3.7494839599169833e-06,3.7494839599169833e-06,3.7494839599169833e-06,3.7494839599169833e-06,3.7494839599169833e-06,3.7494839599169833e-06,0.6566615228277561,0.6512291807449133,0.2667367878997479,0.037722278303165914,0.582725857353551,0.7305971883019613,0.2936186927899413,0.4569536222364569,0.8273983955689989,1.1554292417293768,0.008771740468698526,0.008785002872706348,0.0001261063546624837,1.78341317065116e-05,0.008736785570553764,0.008806695366843288,0.008577719363812505,0.008672975648044014,0.00885952070623486,0.008952743765425372,0.22211606825983382,0.2202785760009795,0.09022384368345228,0.01275957833865683,0.19710729471606644,0.2471248418036012,0.09931666062791446,0.1545647771643139,0.2798678955893175,0.3908244832439914,0.21066956616899302,0.210669566168993,2.803736533363884e-17,3.96508223080413e-18,0.21066956616899302,0.21066956616899302,0.210669566168993,0.210669566168993,0.210669566168993,0.210669566168993,0.04590769584103046,0.04102492120432319,0.027516103582874603,0.0038913646870564174,0.03828062105439988,0.05353477062766104,0.010129965845184802,0.026131883732957387,0.06456905727854936,0.10075098863751908
rich6d_nu05,360,theory_4,50,5.671033753857496e-05,1.6328262802442461,1.6388666586651135,0.029019466272160458,0.004103972277491792,1.6247824945803622,1.6408700659081301,1.589530444591218,1.606560911206278,1.6552777378013555,1.6750080530839588,0.9975590190002278,0.9975721957127851,0.0024625836755688317,0.00034826192324680273,0.996876425630664,0.9982416123697916,0.9937850189443685,0.9958979190294366,0.9990734065120779,1.0019613811083057,0.05479649681983902,0.054455862387757833,0.02918325866290467,0.00412713601953219,0.04670731022155593,0.06288568341812212,0.0049621703281749144,0.036063587060115004,0.07805601425881054,0.09779015264782821,0.9974507707012562,0.9976058215562376,0.005210488500577369,0.0007368743504105567,0.9960064969744515,0.9988950444280609,0.9902999691863151,0.9938279918756512,0.9992945005715791,1.0039041847642578,0.055861477778266944,0.06106307347538434,0.04230344437265525,0.005982610476690484,0.0441355612439536,0.06758739431258029,-0.02385332888944475,0.03207166185455822,0.09002965809136929,0.10745623109428495,0.9982063292326903,0.9982196444448275,0.0047571148342995355,0.0006727576316432641,0.9968877242746694,0.9995249341907111,0.992109751805373,0.9949414687554006,1.0002641585260035,1.0054159348761496,0.051993677418030675,0.056759024500614666,0.044204245481442465,0.006251424347432553,0.03974088569706287,0.06424646913899848,-0.019702322851908247,0.024231708087048907,0.08266769803475502,0.1189525724187188,0.011774705274737613,0.011787881987294857,0.002462583675568832,0.00034826192324680284,0.011092111905173879,0.012457298644301347,0.008000705218878346,0.01011360530394631,0.013289092786587658,0.016177067382815546,0.001986800082257614,0.0017759728921793996,0.0014460961796321035,0.00020450888297316401,0.0015859626716302124,0.0023876374928850155,0.0003175490130558958,0.0007664203808360686,0.0028106598945868834,0.004367758931964889,-1.9229348444419218e-05,-8.068750368809333e-05,0.0021022919672779457,0.0002973089812192486,-0.0006019549516341464,0.000563496254745308,-0.003157435903997466,-0.0015694671798378867,0.0020786339930125896,0.003056529034775175,0.0019675707338131948,0.0019807474463704143,0.0024625836755688114,0.00034826192324679986,0.001284977364249467,0.0026501641033769225,-0.0018064293220460593,0.00030647076302185917,0.0034819582456632556,0.006369932841891118,0.009807134540924446,0.009807134540924446,0.0,0.0,0.009807134540924446,0.009807134540924446,0.009807134540924446,0.009807134540924446,0.009807134540924446,0.009807134540924446,1.6449354104039677,1.6449354104039675,2.2429892266911074e-16,3.172065784643304e-17,1.6449354104039677,1.6449354104039677,1.6449354104039675,1.6449354104039675,1.6449354104039675,1.6449354104039675,1.4997935839667933e-05,1.4997935839667933e-05,0.0,0.0,1.4997935839667933e-05,1.4997935839667933e-05,1.4997935839667933e-05,1.4997935839667933e-05,1.4997935839667933e-05,1.4997935839667933e-05,0.8282896124298184,0.8292165260028106,0.17323002407449714,0.02449842494563716,0.7802726995363696,0.8763065253232671,0.5628082291900629,0.7114398213810508,0.9348189408496146,1.1379730158946106,0.004535628556234016,0.004552407385180871,8.060962853377899e-05,1.1399922993032748e-05,0.004513284707167672,0.0045579724053003605,0.0044153623460867165,0.004462669197795217,0.0045979937161148765,0.004652800147455441,0.280169350110727,0.28048287906178104,0.05859513693796295,0.008286603734677591,0.26392760679075894,0.2964110934306951,0.1903701476426635,0.24064485345228154,0.3162029454416541,0.38491990666338516,0.10872187318158484,0.10872187318158484,0.0,0.0,0.10872187318158484,0.10872187318158484,0.10872187318158484,0.10872187318158484,0.10872187318158484,0.10872187318158484,0.0652896648548449,0.0656302992869261,0.02918325866290467,0.00412713601953219,0.057200478256561806,0.07337885145312799,0.02229600902685572,0.0420301474158734,0.08402257461456894,0.11512399134650902
rich6d_nu05,360,ensemble_plugin_loss_oracle,50,5.671033753857496e-05,4.936850765675381,4.938998777030739,0.06398435941451545,0.009048754886376237,4.919115206098083,4.954586325252678,4.8354184293269995,4.8963761945070985,4.981528549203229,5.027645755801057,0.9942848374534573,0.9940371285046377,0.0043080009242138185,0.000609243333373901,0.9930907205200444,0.9954789543868702,0.988126122236619,0.991069596813388,0.9966485533075509,1.002220875261814,0.0814676605788111,0.08945923588589028,0.026016950019382073,0.0036793523568993086,0.07425612995928844,0.08867919119833374,0.030964319949724536,0.06477593393372201,0.10029889817217962,0.11156176371180603,0.9937549263662239,0.9944430716507102,0.008618162993230849,0.0012187922987768973,0.9913660934606211,0.9961437592718266,0.9787902295589724,0.9885558300170552,0.9988182146596631,1.0079064332491796,0.08202655960822995,0.08969525093303443,0.04559056997593004,0.0064474802376279896,0.0693894983424791,0.09466362087398081,-0.0041712300015791515,0.05956395445707153,0.11039331066554814,0.15074247059236534,0.9953718677064128,0.9950993671480362,0.007997737276560273,0.0011310508524808398,0.9931550080355503,0.9975887273772753,0.985404800896562,0.9901659390104831,1.0005344557013425,1.0085296322712414,0.07830771696998448,0.08121846158853374,0.04119887823045672,0.005826401234806954,0.06688797054976285,0.08972746339020611,0.001991626500428881,0.058839246872961146,0.10838796867487858,0.13479912202542157,0.008500523727967026,0.00825281477914741,0.0043080009242138185,0.000609243333373901,0.007306406794554181,0.009694640661379872,0.002341808511128779,0.005285283087897719,0.010864239582060564,0.01643656153632378,0.0058390836036424434,0.005370795744169133,0.003169326132581552,0.00044821040002803006,0.004960591219587505,0.006717575987697382,0.0016027169384912172,0.0033014774720100267,0.007743029287778431,0.011495072824145637,-2.0321198204711044e-05,-0.00036160642598937414,0.002906702499150077,0.00041106980960818086,-0.0008260180250367454,0.0007853756286273234,-0.004039580171154732,-0.0022480150961591127,0.0025678090181202565,0.004403525331471643,0.005818762405437732,0.0055710534566180666,0.0043080009242138055,0.0006092433333738991,0.00462464547202489,0.007012879338850574,-0.0003399528114005168,0.0026035217653684033,0.008182478259531285,0.01375480021379448,0.0026817613225293352,0.0026817613225293352,0.0,0.0,0.0026817613225293352,0.0026817613225293352,0.0026817613225293352,0.0026817613225293352,0.0026817613225293352,0.0026817613225293352,5.000429712910047,5.000429712910047,0.0,0.0,5.000429712910047,5.000429712910047,5.000429712910047,5.000429712910047,5.000429712910047,5.000429712910047,1.623776739188721e-06,1.6237767391887209e-06,2.139081217471225e-22,3.025117668765358e-23,1.623776739188721e-06,1.623776739188721e-06,1.6237767391887209e-06,1.6237767391887209e-06,1.6237767391887209e-06,1.6237767391887209e-06,0.5979678760363012,0.5805428327400246,0.303045582255041,0.04285711724423304,0.5139679262376045,0.6819678258349979,0.16473411595526583,0.37179232756246017,0.7642430602552948,1.156227087382776,0.013713474349098278,0.013719441047307608,0.00017773433170698735,2.513543023993399e-05,0.013664208905828007,0.013762739792368549,0.013431717859241667,0.01360104498474194,0.013837579303342302,0.013965682655002936,0.2022629146884025,0.19636888561607396,0.10250531041341016,0.01449644002019087,0.17384989224882838,0.2306759371279766,0.055721392029605576,0.12575892927566443,0.25850557378141875,0.391094354910673,0.33050299827086965,0.3305029982708697,5.607473066727768e-17,7.93016446160826e-18,0.33050299827086965,0.33050299827086965,0.3305029982708697,0.3305029982708697,0.3305029982708697,0.3305029982708697,0.03861850109587286,0.03062692578879367,0.026016950019382073,0.0036793523568993086,0.031406970476350216,0.0458300317153955,0.008524397962877914,0.019787263502504333,0.055310227740961934,0.0891218417249594
rich6d_nu05,360,crossfit_loss_oracle,50,5.671033753857496e-05,4.936850765675381,4.938998777030739,0.06398435941451545,0.009048754886376237,4.919115206098083,4.954586325252678,4.8354184293269995,4.8963761945070985,4.981528549203229,5.027645755801057,0.9942848374534573,0.9940371285046377,0.0043080009242138185,0.000609243333373901,0.9930907205200444,0.9954789543868702,0.988126122236619,0.991069596813388,0.9966485533075509,1.002220875261814,0.0814676605788111,0.08945923588589028,0.026016950019382073,0.0036793523568993086,0.07425612995928844,0.08867919119833374,0.030964319949724536,0.06477593393372201,0.10029889817217962,0.11156176371180603,0.9937549263662239,0.9944430716507102,0.008618162993230849,0.0012187922987768973,0.9913660934606211,0.9961437592718266,0.9787902295589724,0.9885558300170552,0.9988182146596631,1.0079064332491796,0.08202655960822995,0.08969525093303443,0.04559056997593004,0.0064474802376279896,0.0693894983424791,0.09466362087398081,-0.0041712300015791515,0.05956395445707153,0.11039331066554814,0.15074247059236534,0.9953718677064128,0.9950993671480362,0.007997737276560273,0.0011310508524808398,0.9931550080355503,0.9975887273772753,0.985404800896562,0.9901659390104831,1.0005344557013425,1.0085296322712414,0.07830771696998448,0.08121846158853374,0.04119887823045672,0.005826401234806954,0.06688797054976285,0.08972746339020611,0.001991626500428881,0.058839246872961146,0.10838796867487858,0.13479912202542157,0.008500523727967026,0.00825281477914741,0.0043080009242138185,0.000609243333373901,0.007306406794554181,0.009694640661379872,0.002341808511128779,0.005285283087897719,0.010864239582060564,0.01643656153632378,0.0058390836036424434,0.005370795744169133,0.003169326132581552,0.00044821040002803006,0.004960591219587505,0.006717575987697382,0.0016027169384912172,0.0033014774720100267,0.007743029287778431,0.011495072824145637,-2.0321198204711044e-05,-0.00036160642598937414,0.002906702499150077,0.00041106980960818086,-0.0008260180250367454,0.0007853756286273234,-0.004039580171154732,-0.0022480150961591127,0.0025678090181202565,0.004403525331471643,0.005818762405437732,0.0055710534566180666,0.0043080009242138055,0.0006092433333738991,0.00462464547202489,0.007012879338850574,-0.0003399528114005168,0.0026035217653684033,0.008182478259531285,0.01375480021379448,0.0026817613225293352,0.0026817613225293352,0.0,0.0,0.0026817613225293352,0.0026817613225293352,0.0026817613225293352,0.0026817613225293352,0.0026817613225293352,0.0026817613225293352,5.000429712910047,5.000429712910047,0.0,0.0,5.000429712910047,5.000429712910047,5.000429712910047,5.000429712910047,5.000429712910047,5.000429712910047,1.623776739188721e-06,1.6237767391887209e-06,2.139081217471225e-22,3.025117668765358e-23,1.623776739188721e-06,1.623776739188721e-06,1.6237767391887209e-06,1.6237767391887209e-06,1.6237767391887209e-06,1.6237767391887209e-06,0.5979678760363012,0.5805428327400246,0.303045582255041,0.04285711724423304,0.5139679262376045,0.6819678258349979,0.16473411595526583,0.37179232756246017,0.7642430602552948,1.156227087382776,0.013713474349098278,0.013719441047307608,0.00017773433170698735,2.513543023993399e-05,0.013664208905828007,0.013762739792368549,0.013431717859241667,0.01360104498474194,0.013837579303342302,0.013965682655002936,0.2022629146884025,0.19636888561607396,0.10250531041341016,0.01449644002019087,0.17384989224882838,0.2306759371279766,0.055721392029605576,0.12575892927566443,0.25850557378141875,0.391094354910673,0.33050299827086965,0.3305029982708697,5.607473066727768e-17,7.93016446160826e-18,0.33050299827086965,0.33050299827086965,0.3305029982708697,0.3305029982708697,0.3305029982708697,0.3305029982708697,0.03861850109587286,0.03062692578879367,0.026016950019382073,0.0036793523568993086,0.031406970476350216,0.0458300317153955,0.008524397962877914,0.019787263502504333,0.055310227740961934,0.0891218417249594
rich6d_nu05,360,zero,50,,0.0,0.0,0.0,0.0,0.0,0.0,0.0,0.0,0.0,0.0,1.0,1.0,0.0,0.0,1.0,1.0,1.0,1.0,1.0,1.0,0.0,0.0,0.0,0.0,0.0,0.0,0.0,0.0,0.0,0.0,1.0,1.0,0.0,0.0,1.0,1.0,1.0,1.0,1.0,1.0,0.0,0.0,0.0,0.0,0.0,0.0,0.0,0.0,0.0,0.0,1.0,1.0,0.0,0.0,1.0,1.0,1.0,1.0,1.0,1.0,0.0,0.0,0.0,0.0,0.0,0.0,0.0,0.0,0.0,0.0,0.014215686274509804,0.014215686274509805,1.7523353333524276e-18,2.4781763942525814e-19,0.014215686274509804,0.014215686274509804,0.014215686274509805,0.014215686274509805,0.014215686274509805,0.014215686274509805,,,,,,,,,,,,,,,,,,,,,,,,,,,,,,,,,,,,,,,,,,,,,,,,,,,,,,,,,,,,,,,,,,,,,,,,,,,,,,,,,,,,,,,,,,,,,,,,,,,,,,,,,,,,,,
rich6d_nu05,360,linear_validation,50,,2.2914122117817803,1.3384936529250795,2.5302324723577865,0.3578289078365189,1.5900675524222034,2.9927568711413572,0.05983118824075888,0.06685490934101933,3.745953944742211,6.999998815065452,1.0049022476792295,1.0000421463453866,0.0105339666073101,0.0014897278441643243,1.0019823811046675,1.0078221142537915,0.9982505735924391,0.9997641343363661,1.0050665693699798,1.025286147919376,0.030581188728657286,0.039585000594803896,0.032648661416094016,0.004617217976796734,0.02153144149413569,0.03963093596317888,-0.043061207634487966,0.023499335718289268,0.05012460244298341,0.06360515037915707,1.0038993934993183,0.9999841336209176,0.012852780514147632,0.0018176576517312222,1.000336784501925,1.0074620024967116,0.9941769622248086,0.9995521744490536,1.0031772542987096,1.024566552790155,0.03066216045051091,0.044604299345180266,0.04545757332178466,0.006428671670423726,0.01806196397648041,0.04326235692454141,-0.04581086600565688,0.007307154659228802,0.0570771603173253,0.09101159631794525,1.0053557060613159,1.000071413939053,0.012310621737596015,0.001740984822255332,1.0019433758096954,1.0087680363129363,0.9954887063455425,0.9997671598426865,1.0080169249634006,1.0263815526884255,0.02939122036024232,0.03511996728610456,0.04810501073676351,0.006803075860203431,0.016057191674243597,0.042725249046241046,-0.05152570070845406,-0.002427879976298563,0.053430813061116314,0.09303843513611099,0.01911793395373928,0.014257832619896438,0.010533966607310102,0.0014897278441643245,0.016198067379177204,0.022037800528301354,0.01246625986694882,0.013979820610875937,0.019282255644489543,0.03950183419388577,,,,,,,,,,,,,,,,,,,,,,,,,,,,,,,,,,,,,,,,,,,,,,,,,,,0.0033078804833113905,0.00014490258624459248,0.004508925141400742,0.0006376583086693955,0.002058070198319375,0.004557690768303406,1e-12,7.428612947356908e-06,0.01,0.01,,,,,,,,,,,,,,,,,,,,,,,,,,,,,,,,,,,,,,,,,,,,,,,,,,
rich6d_nu05,360,equal_weight,50,,,,,,,,,,,,0.9991583593539448,0.9991583593539449,1.1214946133455537e-16,1.586032892321652e-17,0.9991583593539448,0.9991583593539448,0.9991583593539449,0.9991583593539449,0.9991583593539449,0.9991583593539449,0.02971753986198934,0.02971753986198934,0.0,0.0,0.02971753986198934,0.02971753986198934,0.02971753986198934,0.02971753986198934,0.02971753986198934,0.02971753986198934,0.999378414651199,0.999283789767581,0.0018363267485137576,0.00025969581926966437,0.9988694108454305,0.9998874184569676,0.9964316319841577,0.9980109963717856,1.0006666044366286,1.002095645756158,0.025209036677750034,0.026907622647700115,0.03935455020776618,0.005565573864491584,0.01430051190334653,0.036117561452153536,-0.03445517717643722,-0.0031183205906825623,0.054385303342775,0.08902072070974738,0.9994608208325028,0.9993471050381278,0.0016067695692762068,0.0002272315316478788,0.999015447030473,0.9999061946345326,0.9971608611946916,0.9982924935475739,1.0002999804776411,1.0021201445425414,0.0233619821962131,0.025670659487524512,0.034398738355288484,0.004864716231057255,0.013827138383340883,0.03289682600908532,-0.035542276342363344,0.00562448753318154,0.04829888569973117,0.07321488069746179,0.013374045628454678,0.013374045628454678,0.0,0.0,0.013374045628454678,0.013374045628454678,0.013374045628454678,0.013374045628454678,0.013374045628454678,0.013374045628454678,,,,,,,,,,,,,,,,,,,,,,,,,,,,,,,,,,,,,,,,,,,,,,,,,,,,,,,,,,,,,,,,,,,,,,,,,,,,,,,,,,,,,,,,,,,,,,,,,,,,,,,,,,,,,,
rich6d_nu05,540,holdout25,50,5.671033753857496e-05,8.348349137999936,5.302385163801418,11.123437382433575,1.5730916006445441,5.26508960073663,11.431608675263242,0.009844308990654293,0.3269053682048985,9.789671369521873,27.508228823042774,0.998845601369512,0.9990388024229717,0.008880090494433392,0.0012558344412328106,0.9963841658646957,1.0013070368743282,0.9905004067922631,0.9937680542213829,0.9999922946173517,1.0106021824919327,0.06690784374573981,0.06802011727773927,0.031140164149739497,0.004403884247508603,0.05827623062062295,0.07553945687085667,0.016616150521555382,0.04124903120399942,0.09754583179793089,0.10882075387862591,0.9979060943589783,0.998926318277692,0.009320760639124332,0.0013181546107482948,0.9953225113219116,1.000489677396045,0.9839070486176006,0.9927621442719394,1.000139186155078,1.0166197734897553,0.06845533544409359,0.07324371318053262,0.0453838538061487,0.00641824615654133,0.05587557297727258,0.0810350979109146,-0.0177939806155935,0.03984952443235226,0.10193359708502606,0.13118740373271948,1.0009367430190435,0.9999719591945525,0.011974279795703847,0.0016934188886734514,0.9976176419972435,1.0042558440408433,0.9854590581283644,0.9952539825942723,1.0039897129345146,1.024723210363053,0.061044136139892326,0.05597282740885064,0.044980850778650674,0.006361252921824817,0.04857608041311569,0.07351219186666896,-0.013830467452475539,0.036911632228270624,0.08603023878986435,0.13461664740831952,0.013061287644021605,0.013254488697481415,0.008880090494433392,0.0012558344412328106,0.010599852139205296,0.015522723148837913,0.004716093066772914,0.007983740495892705,0.014207980891861455,0.024817868766442507,0.007349656986568396,0.005321773571428403,0.01059323541357924,0.0014981097191294722,0.004413361937074631,0.010285952036062161,5.034484878516844e-09,4.940138919101967e-05,0.009106945827137463,0.02424129914049975,-8.502372191064997e-05,-3.475662983053685e-07,0.001429630486030034,0.00020218028225257135,-0.0004812970751256898,0.0003112496313043899,-0.0028717071126217325,-0.00044103031389601034,0.0005851888340228664,0.001976940707514625,0.007264633264657744,0.004596887554956995,0.010604066203391129,0.0014996414241137909,0.004325336073394714,0.010203930455920773,-8.685537696616982e-05,1.0051785514933185e-05,0.009237383524746482,0.024659216333364032,0.0057966543793638945,0.0023841193357616937,0.005915276880595675,0.0008365464789730419,0.004157023280576733,0.007436285478151056,0.00016529067491552317,0.000713607317650643,0.013675525018556654,0.014199732001745216,8.578023603847047,5.375474945092918,11.655293164990164,1.6483073667363526,5.347341165043796,11.808706042650298,0.010388246334646124,0.3261732136776514,10.029867055957066,28.423231458030408,0.0020434188450183695,1.4490258624459264e-06,0.004021890607141955,0.0005687812243001114,0.0009286076453901512,0.003158230044646588,9.952037859836546e-08,5.164318206593878e-07,0.00024947726943264645,0.01,0.918794027372554,0.932384722167658,0.6246684347808317,0.08834145724534254,0.7456447711716826,1.0919432835734253,0.33175275366264634,0.5616148486765902,0.999457966186116,1.745808699432507,0.015459905811110987,0.009819231784817441,0.020598958115617735,0.002913132593786193,0.009750165927290048,0.021169645694931925,1.8230201834544984e-05,0.0006053803114905528,0.018129021054670135,0.05094116448711625,0.38661165420415855,0.39233036899766305,0.2628490060937394,0.037172462927405454,0.31375362686644387,0.45946968154187323,0.1395954665128592,0.23631721496207964,0.4205535583635867,0.7346042411069488,0.4701997833812618,0.29465378873759956,0.6388786711854791,0.09035108815014056,0.2931116506069863,0.6472879161555373,0.0005694261757534899,0.017879010538886873,0.549781806958287,1.5580042550323188,0.05317831792894413,0.05206604439694468,0.031140164149739497,0.004403884247508603,0.04454670480382727,0.061809931054061,0.011265407796058018,0.02254032987675306,0.07883713047068452,0.10347001115312855
rich6d_nu05,540,rolling3,50,5.671033753857496e-05,4.491660944900831,3.5775100299190266,4.562906990180607,0.6452924949360412,3.22688765482619,5.756434234975472,0.009457571785966686,0.010596758551440858,7.277137555986797,13.014402995217473,0.9959841324788914,0.9976766746851988,0.00525629596158706,0.0007433525036723349,0.9945271615716936,0.9974411033860892,0.9877281885962503,0.9913646975748983,0.9999933518995515,1.0006231904086338,0.06683706861590313,0.07245185507659684,0.03736434911334631,0.0052841169265337475,0.05648019943989699,0.07719393779190928,0.003463640395213855,0.03820402796970929,0.1004427848741424,0.11226889165604345,0.9948824109835748,0.9970831282695132,0.008670295395397076,0.0012261649337951541,0.9924791277133362,0.9972856942538133,0.9796252853028894,0.990373549095136,0.9999966346186565,1.0077972857487265,0.06655906998072808,0.06714158513942392,0.054753794965051575,0.007743355943097162,0.05138209233225764,0.08173604762919852,-0.025086605865409728,0.01976928025638968,0.10640176988553254,0.14811950031982934,0.9973374992201675,0.9995569004333484,0.007866580375168472,0.0011125024656061283,0.9951569943875794,0.9995180040527555,0.9854968323592651,0.9935531531351385,1.0000013050243084,1.010716611259169,0.06325386954613699,0.06540847973149458,0.04257799017342583,0.006021437116184718,0.05145185279841494,0.07505588629385904,-0.0067153374034554835,0.03871804870927335,0.08889647679413347,0.12261465936495888,0.010199818753401148,0.011892360959708637,0.00525629596158706,0.0007433525036723349,0.008742847846203371,0.011656789660598925,0.0019438748707600818,0.005580383849408066,0.0142090381740613,0.01483887668314363,0.003995602083774059,0.0022227388212223594,0.005092423699106902,0.0007201774660627146,0.002584054250291138,0.0054071499172569796,5.034484878516844e-09,9.725125927079653e-08,0.005799853751126419,0.013889684873023554,-0.0005657081950610542,1.3714913448268844e-06,0.0014252850272584118,0.00020156574157961522,-0.0009607770485571,-0.00017063934156500836,-0.0032715567121217076,-0.0014949080904050553,0.00011342279927802518,0.0015110917892791555,0.003429893888713004,0.001485622037376973,0.005097764266347124,0.0007209327363249034,0.0020168657255161936,0.0048429220519098145,-2.214870866127531e-06,1.4469833349039743e-05,0.0052525202631165694,0.013455317416186016,0.006769924864688197,0.004535428288748301,0.005852621034650225,0.0008276856042632403,0.005147661080332246,0.008392188649044148,0.00042594145137982327,0.001292022367783356,0.014199732001745216,0.014199732001745216,4.544202458795612,3.600316686144892,4.645766158490857,0.6570105508951724,3.2564617790410737,5.83194313855015,0.010388246334646124,0.010388246334646124,7.426707365294845,13.22895306004089,0.0030069880707106413,2.9982345925070683e-06,0.0046245312751142,0.0006540074848885044,0.0017251334003291726,0.00428884274109211,3.343703878726733e-07,8.385699777635955e-07,0.01,0.01,0.7175044916185637,0.836566081303642,0.36975323315991737,0.05229100370660564,0.6150141243536166,0.8199948588835108,0.13674154263277816,0.3925511397514639,0.9995323405201741,1.043838221848724,0.008317890638705241,0.006625018573924123,0.008449827759593718,0.00119498610173341,0.005975717879307757,0.010660063398102725,1.751402182586423e-05,1.96236269471127e-05,0.01347618065923481,0.024100746287439766,0.30191271399186825,0.352011644512735,0.15558537045357568,0.022003094100228895,0.25878664955541963,0.3450387784283169,0.05753833005082291,0.16517831089198345,0.4205848537175658,0.4392279549579903,0.249088031281243,0.1973494366662803,0.2546551912474019,0.036013682519079,0.17850121354384815,0.31967484901863785,0.0005694261757534899,0.0005694261757534899,0.4070909985409179,0.725137998035173,0.05324909305878081,0.04763430659808711,0.03736434911334631,0.0052841169265337475,0.042892223882774666,0.06360596223478696,0.007817270018640493,0.01964337680054154,0.08188213370497466,0.11662252127947009
rich6d_nu05,540,theory_0.25,50,5.671033753857496e-05,7.791726990814219,7.804282347195954,0.06782747057386662,0.009592252878702419,7.772926175171962,7.810527806456475,7.680043231597469,7.739894019271427,7.834293746131593,7.880782582276598,0.9926380953424823,0.9920944470016885,0.0038322896811955275,0.000541967604208918,0.9915758388382327,0.9937003518467318,0.9876811963372333,0.9897805541527559,0.9955719581730622,0.9994536130403733,0.09215016580871971,0.0988181981524251,0.01945955932847214,0.0027519972720129178,0.0867562511555744,0.09754408046186502,0.05977018518445974,0.08408580684576344,0.10567826570586802,0.11331829731323557,0.9913034143736216,0.9914450395969913,0.007900378787504329,0.001117282282917333,0.9891135410991037,0.9934932876481395,0.9780179942559716,0.9866473765882086,0.997226707824778,0.9999164141436138,0.09615662327721598,0.10285293117038774,0.038870642505693366,0.005497138980970766,0.08538223087451328,0.10693101567991868,0.04138712297235454,0.07009666618628434,0.12613577373945076,0.15130088313969906,0.994263378165184,0.9939213733605244,0.007987505306838363,0.0011296038334457882,0.9920493546516302,0.9964774016787377,0.9812820821588906,0.9901719156137812,0.9980152141779118,1.0067350458549753,0.08538552039160727,0.08649243706266466,0.038923820573515185,0.005504659495444208,0.07459638778053662,0.09617465300267791,0.03153160082698346,0.0636618708130991,0.11184521278638332,0.14492046251996255,0.006853781616991994,0.0063101332761982265,0.003832289681195528,0.000541967604208918,0.005791525112742515,0.007916038121241474,0.001896882611743028,0.0039962404272656515,0.009787644447571908,0.013669299314883053,0.005711809358590868,0.00525921832710469,0.003389257685673845,0.00047931341854572,0.004772355058241257,0.006651263658940479,0.0014624881296155417,0.0028214955561709078,0.007761510521813765,0.01181394686044764,6.865472994345672e-06,0.00019304092484649264,0.0018320126321197034,0.0002590857110782516,-0.0005009425207190275,0.0005146734667077189,-0.0028620589768940915,-0.0011988885113637315,0.0013147586650130718,0.00270042056523471,0.005718674831585213,0.005175026490791442,0.0038322896811955275,0.000541967604208918,0.004656418327335734,0.006780931335834692,0.0007617758263362461,0.0028611336418588353,0.008652537662165222,0.012534192529476325,0.0011351067854068165,0.0011351067854068163,2.1904191666905346e-19,3.097720492815727e-20,0.0011351067854068165,0.0011351067854068165,0.0011351067854068163,0.0011351067854068163,0.0011351067854068163,0.0011351067854068163,7.883468045821984,7.883468045821983,8.97195690676443e-16,1.2688263138573217e-16,7.883468045821984,7.883468045821984,7.883468045821983,7.883468045821983,7.883468045821983,7.883468045821983,7.535171451197582e-07,7.535171451197581e-07,1.0695406087356126e-22,1.512558834382679e-23,7.535171451197582e-07,7.535171451197582e-07,7.535171451197581e-07,7.535171451197581e-07,7.535171451197581e-07,7.535171451197581e-07,0.48212808616081604,0.44388523736015106,0.26958175688409913,0.03812461767538595,0.4074038355170596,0.5568523368045725,0.13343588027433714,0.281114843849032,0.6885101611395411,0.9615645035297044,0.01442912405706337,0.014452374717029544,0.00012560642698864193,1.7763431256856336e-05,0.014394307731799932,0.014463940382326807,0.014222302280736053,0.014333137072724864,0.014507951381725172,0.014594041819030736,0.20287064497137608,0.18677875647860342,0.11343505276179185,0.016042139006423362,0.1714280525187863,0.23431323742396587,0.056147368034785455,0.11828796396577938,0.28971243217125986,0.4046086851442721,0.4321280913445119,0.43212809134451186,5.607473066727768e-17,7.93016446160826e-18,0.4321280913445119,0.4321280913445119,0.43212809134451186,0.43212809134451186,0.43212809134451186,0.43212809134451186,0.02793599586596423,0.02126796352225884,0.01945955932847214,0.0027519972720129178,0.02254208121281891,0.03332991051910955,0.006767864361448371,0.014407895968815917,0.03600035482892051,0.0603159764902242
rich6d_nu05,540,theory_1,50,5.671033753857496e-05,3.544808387286197,3.5461978111969295,0.03535700213466006,0.0050002351943690725,3.5350079263052336,3.5546088482671605,3.488427856522355,3.519058709322695,3.5678660816150454,3.593757969286768,0.9934823935368796,0.9931760081780618,0.003349877987935794,0.0004737442882833895,0.9925538547318442,0.994410932341915,0.989017002659598,0.991124219213775,0.9955665077498168,0.9987026495503077,0.0872628273107226,0.0935250175991039,0.022947994334288253,0.003245336481681139,0.08090196780662758,0.09362368681481763,0.04399664965484281,0.0742845212868519,0.10264657052516468,0.11317904694006163,0.9923027423699345,0.9920172115762893,0.0049478739219433136,0.000699735040532439,0.990931261690491,0.9936742230493781,0.9850751619522329,0.9897201388070505,0.9955760585873064,0.9998618210741043,0.09214179932353984,0.0955833706362587,0.03576966785094455,0.005058594939638666,0.08222695324184806,0.10205664540523163,0.03543405780994663,0.07051096131700536,0.11924700700283065,0.14077068049633987,0.9944949672360172,0.9942850544800583,0.005734874062510682,0.0008110336677704294,0.9929053412471871,0.9960845932248472,0.9854904287155072,0.9914511177767467,0.9970374344658393,1.005558968076603,0.08142718507105547,0.08191511721495193,0.039967390796712784,0.005652242611737684,0.07034878955204961,0.09250558059006132,0.016779268561821926,0.0629118900621013,0.09891262506892087,0.14113895332521684,0.007698079811389271,0.0073916944525715955,0.003349877987935794,0.0004737442882833895,0.006769541006353828,0.008626618616424714,0.003232688934107819,0.005339905488284807,0.00978219402432659,0.012918335824817457,0.0030695635444758116,0.0026340390836474335,0.0025371253102224,0.0003588037023156564,0.0023663082879371252,0.003772818801014498,0.00036137794937448465,0.0008248065569465042,0.00532226651867841,0.007556323529943513,5.5736700369484524e-05,0.00024887163044454077,0.002301573144179451,0.0003254915955292266,-0.0005822268268677995,0.0006937002276067686,-0.004060911791297054,-0.0018249869485810197,0.0017715377955308611,0.0036330324800374018,0.003125300244845297,0.002818914886027642,0.0033498779879357916,0.00047374428828338914,0.002196761439809854,0.004053839049880739,-0.0013400906324361479,0.0007671259217409049,0.005209414457782574,0.00834555625827342,0.00457277956654404,0.00457277956654404,0.0,0.0,0.00457277956654404,0.00457277956654404,0.00457277956654404,0.00457277956654404,0.00457277956654404,0.00457277956654404,3.567590198267476,3.5675901982674763,4.485978453382215e-16,6.344131569286608e-17,3.567590198267476,3.567590198267476,3.5675901982674763,3.5675901982674763,3.5675901982674763,3.5675901982674763,3.0140685804790327e-06,3.0140685804790323e-06,4.27816243494245e-22,6.050235337530716e-23,3.0140685804790327e-06,3.0140685804790327e-06,3.0140685804790323e-06,3.0140685804790323e-06,3.0140685804790323e-06,3.0140685804790323e-06,0.5415200970770383,0.5199674718360707,0.2356465894961731,0.03332546027924533,0.47620219492971744,0.6068379992243591,0.22740294570965347,0.3756347309000347,0.6881267520560773,0.9087381062975037,0.0065644599764559195,0.0065670329836980176,6.547592987900009e-05,9.259694804387168e-06,0.00654631097463932,0.006582608978272519,0.00646005158615251,0.00651677538763462,0.006607159410398232,0.006655107350531052,0.22786171250421017,0.21879276359007654,0.09915575750226649,0.014022741704708304,0.20037713876298188,0.2553462862454384,0.09568698358120586,0.15806019669619642,0.2895511006697712,0.38238030728031175,0.1955555517084575,0.1955555517084575,0.0,0.0,0.1955555517084575,0.1955555517084575,0.1955555517084575,0.1955555517084575,0.1955555517084575,0.1955555517084575,0.032823334363961364,0.026561144075580044,0.022947994334288253,0.003245336481681139,0.02646247485986633,0.0391841938680564,0.0069071147346223116,0.017439591149519266,0.045801640387832056,0.07608951201984111
rich6d_nu05,540,theory_4,50,5.671033753857496e-05,1.8087598748840366,1.811828341927609,0.02340310274861838,0.003309698530870717,1.8022728657635299,1.8152468840045433,1.7730544081962492,1.7889419568851794,1.8278069941645985,1.8440667444497691,0.9966378419079851,0.9962922005981112,0.002219190281807395,0.00031384089940185883,0.9960227137451575,0.9972529700708127,0.9932180291641496,0.9950920505431723,0.997866846947268,1.0009029291084637,0.06959834353105035,0.07237970819320297,0.025001799334968645,0.0035357883703243283,0.06266819832521467,0.07652848873688603,0.022448530770626515,0.054456216263369835,0.08670993080403018,0.10683747904401915,0.99586070842331,0.9960041746619452,0.0031632807400505548,0.00044735545241730954,0.9949838917365721,0.9967375251100479,0.9904380708799938,0.993577902471999,0.9978435195826976,1.0006317682702226,0.07340486850987685,0.07289175615687199,0.03503705123513063,0.004954987304228274,0.06369309339358943,0.08311664362616426,0.018236625984314605,0.05067822945394873,0.09792056521789744,0.1276034177517845,0.9972305296240475,0.9967639628705729,0.003730829521857843,0.0005276189708713291,0.9961963964411397,0.9982646628069552,0.9916407087387829,0.9949780132154527,0.9985314424990639,1.0041250047094383,0.06404826154287868,0.06685583107532841,0.03968663552549779,0.005612537820511685,0.053047687414675776,0.07504883567108159,-0.011294553885059351,0.04706276829896197,0.08551546056406324,0.13098810780731288,0.010853528182495069,0.010507886872620886,0.002219190281807395,0.00031384089940185883,0.010238400019667426,0.011468656345322712,0.007433715438659311,0.009307736817682072,0.012082533221777825,0.015118615382973466,0.0015591433020088954,0.0011368531939992277,0.0015665254670044317,0.00022154015612405137,0.0011249245960057545,0.001993362008012036,9.691126629775537e-05,0.0002646720131572193,0.0024869698038083622,0.003992341193707158,0.00010170116985570538,2.9427063388860202e-05,0.001768054525740031,0.00025004066893166823,-0.0003883785412503643,0.0005917808809617751,-0.00265178787946301,-0.0011373465065929607,0.0014584660651461175,0.0025355658837689,0.0016608444718646002,0.0013152031619903645,0.002219190281807388,0.00031384089940185786,0.0010457163090369587,0.0022759726346922417,-0.0017589682719711165,0.00011505310705162033,0.0028898495111473813,0.005925931672342998,0.00919268371063052,0.00919268371063052,0.0,0.0,0.00919268371063052,0.00919268371063052,0.00919268371063052,0.00919268371063052,0.00919268371063052,0.00919268371063052,1.8191051621081156,1.8191051621081156,0.0,0.0,1.8191051621081156,1.8191051621081156,1.8191051621081156,1.8191051621081156,1.8191051621081156,1.8191051621081156,1.2056274321916131e-05,1.205627432191613e-05,1.71126497397698e-21,2.4200941350122865e-22,1.2056274321916131e-05,1.2056274321916131e-05,1.205627432191613e-05,1.205627432191613e-05,1.205627432191613e-05,1.205627432191613e-05,0.7634895686996529,0.739175490349883,0.1561085577547271,0.022077083957923866,0.7202184841421221,0.8067606532571837,0.5229234308574136,0.6547511416576353,0.8499437162905779,1.0635163924574438,0.003349555323859327,0.003355237670236313,4.333907916410812e-05,6.129071353464293e-06,0.003337542344006537,0.003361568303712117,0.003283434089252313,0.003312855475713295,0.0033848277669714785,0.003414938415647721,0.32126238996861134,0.3110314722969594,0.06568761436289602,0.009289631511194127,0.30305471220667085,0.3394700677305518,0.22003657686373165,0.27550725671584975,0.3576407076515419,0.44750816778491137,0.09971327810142297,0.09971327810142297,0.0,0.0,0.09971327810142297,0.09971327810142297,0.09971327810142297,0.09971327810142297,0.09971327810142297,0.09971327810142297,0.05048781814363361,0.047706453481480976,0.025001799334968645,0.0035357883703243283,0.04355767293779793,0.05741796334946929,0.013248682630664766,0.033376230870653764,0.0656299454113141,0.09763763090405742
rich6d_nu05,540,ensemble_plugin_loss_oracle,50,5.671033753857496e-05,5.699010605371668,5.704297154735835,0.051949891764212955,0.007346824149676431,5.684610830038302,5.713410380705033,5.614271708181285,5.661532022680221,5.732948643217882,5.766825069292052,0.9923441658093847,0.9918255662734294,0.0037371413452216493,0.0005285115974917689,0.9913082830783008,0.9933800485404686,0.9872669974005293,0.9897339810094591,0.9947856500332638,0.9985562217121267,0.0922961535201609,0.10032995427372185,0.020453186543744926,0.002892517380391096,0.08662681945459436,0.09796548758572746,0.05848152051089589,0.08219086229942862,0.10481870252921241,0.11443537232969034,0.9910395396984147,0.9908266752443236,0.006638921317539339,0.000938885256679199,0.9891993245953236,0.9928797548015059,0.9799744398232461,0.9871812191651014,0.996074556704546,0.99994579665907,0.09677333585618499,0.10174189042009457,0.03755540423889275,0.005311136201504615,0.08636350890123594,0.10718316281113403,0.04115053204373325,0.07275920970326383,0.12596530282978197,0.15047522390639237,0.9937216414228887,0.9934556799949874,0.007129054418886484,0.001008200544608511,0.991745568355456,0.9956977144903213,0.9823082517780786,0.9906743635320153,0.9968557489130262,1.0054769695631482,0.0859022529448367,0.08607370333027795,0.039299463941219526,0.005557783489966506,0.07500899730450235,0.09679550858517104,0.030791892579822348,0.06731745537693468,0.10866637280796587,0.14630044971422088,0.006559852083894371,0.006041252547939191,0.0037371413452216493,0.0005285115974917689,0.005523969352810504,0.007595734814978238,0.0014826836750390427,0.003949667283968811,0.009001336307773528,0.012771907986636452,0.004455241013771882,0.0040488147082409845,0.0030860416441488457,0.00043643219472034624,0.003599833912120003,0.00531064811542376,0.0008180731275389253,0.0017350859361049463,0.006581275097109328,0.010377203543561806,1.813372112848735e-05,0.0002943848937345693,0.0021716177410265004,0.00030711312616497004,-0.0005838080061548539,0.0006200754484118286,-0.0034605343016247776,-0.001441969280035932,0.0015420158428101254,0.003224836857538438,0.00447337473490037,0.003954775198945189,0.003737141345221639,0.0005285115974917674,0.003437492003816506,0.005509257465984234,-0.0006037936739548878,0.0018631899349748548,0.006914858958779551,0.010685430637642428,0.0020864773489940526,0.002086477348994052,4.380838333381069e-19,6.195440985631454e-20,0.0020864773489940526,0.0020864773489940526,0.002086477348994052,0.002086477348994052,0.002086477348994052,0.002086477348994052,5.75052017727579,5.7505201772757895,8.97195690676443e-16,1.2688263138573217e-16,5.75052017727579,5.75052017727579,5.7505201772757895,5.7505201772757895,5.7505201772757895,5.7505201772757895,1.274274985703132e-06,1.2742749857031322e-06,2.139081217471225e-22,3.025117668765358e-23,1.274274985703132e-06,1.274274985703132e-06,1.2742749857031322e-06,1.2742749857031322e-06,1.2742749857031322e-06,1.2742749857031322e-06,0.46145166383256947,0.42497086888951546,0.2628885635949022,0.03717805720286926,0.38858267171494576,0.5343206559501932,0.10429912748550506,0.27783866411366803,0.6331974506157929,0.89843766526684,0.010553723343280865,0.010563513249510808,9.620350326706104e-05,1.3605229906808207e-05,0.01052705709266352,0.01058038959389821,0.010396799459594971,0.010484318560518926,0.010616571561514597,0.010679305683874171,0.1941703861525343,0.1788199375651079,0.11061867993790173,0.01564384374199892,0.1635084524182164,0.22483231988685218,0.04388715752161849,0.11690940769612089,0.26643785933228015,0.3780460708494489,0.3152116928743373,0.3152116928743373,0.0,0.0,0.3152116928743373,0.3152116928743373,0.3152116928743373,0.3152116928743373,0.3152116928743373,0.3152116928743373,0.027790008154523052,0.019756207400962088,0.02045318654374493,0.0028925173803910965,0.022120674088956502,0.0334593422200896,0.00565078934499361,0.015267459145471528,0.03789529937525532,0.06160464116378803
rich6d_nu05,540,crossfit_loss_oracle,50,5.671033753857496e-05,5.8738417092913915,5.715196482716744,0.3619586386180472,0.05118868157517443,5.7735118934040495,5.9741715251787335,5.616474633524785,5.688494775815038,5.763684489849291,6.638322950840733,0.9923686105125423,0.9918255662734294,0.0037494595682543287,0.0005302536572994841,0.9913293133442354,0.9934079076808493,0.9872669974005293,0.9897339810094591,0.9949269489327235,0.9987814270012203,0.09229820700695955,0.10084298987622742,0.020297859940608745,0.0028705508815158433,0.0866719272791885,0.0979244867347306,0.05848152051089589,0.082901763546769,0.10512774147960882,0.11443537232969034,0.9910128648752152,0.9909124702849708,0.006740157347191592,0.0009532021932927012,0.9891445885763616,0.9928811411740689,0.9792264110252362,0.9871812191651014,0.9962560136891188,0.9998670390149637,0.09679928108569769,0.1013192576716512,0.03769660139352617,0.005331104494609723,0.08635031627626263,0.10724824589513274,0.042482627748528616,0.07275920970326383,0.12596530282978197,0.15047522390639237,0.9937498664698038,0.9934556799949874,0.007239975758601321,0.0010238871909066425,0.9917430475756268,0.9957566853639808,0.9823082517780786,0.9904652751822594,0.9968557489130262,1.0057855692021416,0.08578174483563755,0.08607370333027795,0.03922238595471158,0.005546883016578511,0.07490985412314367,0.09665363554813143,0.030791892579822348,0.06731745537693468,0.10914144058911134,0.14630044971422088,0.006584296787052057,0.006041252547939191,0.0037494595682543287,0.0005302536572994841,0.005544999618745068,0.007623593955359046,0.0014826836750390427,0.003949667283968811,0.009142635207233185,0.012997113275730103,0.004579120044811342,0.0040488147082409845,0.003160592821232755,0.0004469753232926405,0.0037030484111577667,0.005455191678464918,0.0008180731275389253,0.001782816422083227,0.006581275097109328,0.010533953566130046,1.793720273314868e-05,0.0003184568080510261,0.0021353214361053354,0.00030198005349661597,-0.0005739437021202186,0.000609818107586516,-0.0034605343016247776,-0.0014083571048530766,0.0015420158428101254,0.003224836857538438,0.004597057247544491,0.004082138159528477,0.003783979091233796,0.0005351354550559053,0.0035481917556349166,0.005645922739454065,-0.0006037936739548878,0.0018631899349748548,0.007428299643813353,0.011133920998080546,0.0019872395395076166,0.002086477348994052,0.00020049065153702092,2.835365985326732e-05,0.0019316663661952127,0.0020428127128200206,0.001590288301561874,0.002086477348994052,0.002086477348994052,0.002086477348994052,5.9281209507717225,5.7505201772757895,0.3588077465227159,0.05074307814169526,5.8286645176139995,6.0275773839294455,5.7505201772757895,5.7505201772757895,5.7505201772757895,6.6385240447554565,1.2194199885625057e-06,1.2742749857031322e-06,1.108238298860161e-07,1.567285632589327e-08,1.1887011901637548e-06,1.2501387869612566e-06,1e-06,1.2742749857031322e-06,1.2742749857031322e-06,1.2742749857031322e-06,0.46317122226159296,0.42497086888951546,0.2637550868703045,0.03730060209968785,0.39006204214620477,0.5362804023769812,0.10429912748550506,0.27783866411366803,0.6431370973364033,0.9142796924996347,0.010877484646835911,0.010583697190216191,0.000670293775218606,9.479385476884153e-05,0.010691688691488982,0.01106328060218284,0.010400878950971823,0.010534249584842663,0.010673489796017207,0.012293190649705061,0.19489394476190683,0.1788199375651079,0.11098329701956439,0.015695408384194944,0.16413094432888475,0.2256569451949289,0.04388715752161849,0.11690940769612089,0.2706202801430131,0.3847121049898022,0.3249467844388652,0.3152116928743373,0.019667855030713194,0.0027814547327222505,0.3194951331627296,0.3303984357150008,0.3152116928743373,0.3152116928743373,0.3152116928743373,0.3638871506969767,0.027787954667724386,0.019243171798456533,0.020297859940608745,0.0028705508815158433,0.022161674939953333,0.03341423439549544,0.00565078934499361,0.01495842019507513,0.03718439812791495,0.06160464116378803
rich6d_nu05,540,zero,50,,0.0,0.0,0.0,0.0,0.0,0.0,0.0,0.0,0.0,0.0,1.0,1.0,0.0,0.0,1.0,1.0,1.0,1.0,1.0,1.0,0.0,0.0,0.0,0.0,0.0,0.0,0.0,0.0,0.0,0.0,1.0,1.0,0.0,0.0,1.0,1.0,1.0,1.0,1.0,1.0,0.0,0.0,0.0,0.0,0.0,0.0,0.0,0.0,0.0,0.0,1.0,1.0,0.0,0.0,1.0,1.0,1.0,1.0,1.0,1.0,0.0,0.0,0.0,0.0,0.0,0.0,0.0,0.0,0.0,0.0,0.014215686274509804,0.014215686274509805,1.7523353333524276e-18,2.4781763942525814e-19,0.014215686274509804,0.014215686274509804,0.014215686274509805,0.014215686274509805,0.014215686274509805,0.014215686274509805,,,,,,,,,,,,,,,,,,,,,,,,,,,,,,,,,,,,,,,,,,,,,,,,,,,,,,,,,,,,,,,,,,,,,,,,,,,,,,,,,,,,,,,,,,,,,,,,,,,,,,,,,,,,,,
rich6d_nu05,540,linear_validation,50,,1.8367765291575457,1.0685878052775608,2.2871119822113744,0.3234464783909338,1.2028214315113155,2.470731626803776,0.05817006012935563,0.06391404515124127,1.993892180631013,6.999998815734381,1.0021053717443202,0.9999024549478317,0.0073859988128887645,0.0010445379692858871,1.0000580773245198,1.0041526661641207,0.9963281142937751,0.9990964679935305,1.0013104708599285,1.0176257137849183,0.03528838949058515,0.038528776470509896,0.02310204614311581,0.003267122697416343,0.02888482900364912,0.04169194997752118,-0.0059997940826049985,0.02104112474723001,0.048787046519198816,0.06472005054789028,1.001873371785942,0.9999183900848335,0.008654717132490424,0.0012239618347270741,0.999474406589877,1.004272336982007,0.9938896624479874,0.9982667323330139,1.0003358031563223,1.0204087871301681,0.034082668403915224,0.03270132481259996,0.03927590230488241,0.005554451371400541,0.023195943715970165,0.04496939309186028,-0.03062034077999033,0.008547743259750728,0.060281544441431294,0.09300869824911935,1.0038087498844876,0.9999278013178385,0.010707823316715485,0.0015143148957993896,1.0008406926887208,1.0067768070802545,0.9944001470483508,0.9993575097441759,1.0037256822383454,1.029079675682991,0.0319197442568905,0.04244357963462988,0.03791670621461187,0.005362232016922032,0.02140976950372332,0.04242971901005768,-0.04057805212524426,0.0005362031576025181,0.05838533209989364,0.08017802773699326,0.01632105801883006,0.014118141222341452,0.0073859988128887645,0.0010445379692858871,0.01427376359902972,0.018368352438630397,0.010543800568284894,0.013312154268040222,0.01552615713443839,0.031841400059428045,,,,,,,,,,,,,,,,,,,,,,,,,,,,,,,,,,,,,,,,,,,,,,,,,,,0.0034962099079831584,0.0002352894489922573,0.004562563614015195,0.0006452439342130292,0.002231531796925621,0.004760888019040696,1e-12,4.8329302385717524e-05,0.01,0.01,,,,,,,,,,,,,,,,,,,,,,,,,,,,,,,,,,,,,,,,,,,,,,,,,,
rich6d_nu05,540,equal_weight,50,,,,,,,,,,,,0.9991583593539448,0.9991583593539449,1.1214946133455537e-16,1.586032892321652e-17,0.9991583593539448,0.9991583593539448,0.9991583593539449,0.9991583593539449,0.9991583593539449,0.9991583593539449,0.02971753986198934,0.02971753986198934,0.0,0.0,0.02971753986198934,0.02971753986198934,0.02971753986198934,0.02971753986198934,0.02971753986198934,0.02971753986198934,0.999378414651199,0.999283789767581,0.0018363267485137576,0.00025969581926966437,0.9988694108454305,0.9998874184569676,0.9964316319841577,0.9980109963717856,1.0006666044366286,1.002095645756158,0.025209036677750034,0.026907622647700115,0.03935455020776618,0.005565573864491584,0.01430051190334653,0.036117561452153536,-0.03445517717643722,-0.0031183205906825623,0.054385303342775,0.08902072070974738,0.9992781735710746,0.9989334701988326,0.0016661862862925435,0.00023563432435149757,0.9988163302953457,0.9997400168468036,0.9972734877259237,0.9980777308698823,1.0001366592357661,1.0027011547008386,0.027247961583195993,0.03435952781995208,0.03561593162480486,0.005036853354035185,0.01737572900928703,0.037120194157104956,-0.04488559375098986,0.008845532243312033,0.052692173315557554,0.07069785066067837,0.013374045628454678,0.013374045628454678,0.0,0.0,0.013374045628454678,0.013374045628454678,0.013374045628454678,0.013374045628454678,0.013374045628454678,0.013374045628454678,,,,,,,,,,,,,,,,,,,,,,,,,,,,,,,,,,,,,,,,,,,,,,,,,,,,,,,,,,,,,,,,,,,,,,,,,,,,,,,,,,,,,,,,,,,,,,,,,,,,,,,,,,,,,,
rich6d_nu05,720,holdout25,50,5.671033753857496e-05,9.42377986840976,6.14185564500768,11.727692058392918,1.6585461164314503,6.173029480204117,12.674530256615402,0.010026361047558694,0.7811056955337438,11.937983314356938,29.738193404884317,0.9967933543539279,0.9972494460357961,0.008230326555945359,0.0011639439438177373,0.9945120242240452,0.9990746844838106,0.9880418416886751,0.9912415849266303,0.9999813214533699,1.0033465574618725,0.07525356667419683,0.08521810376869779,0.033649835059312405,0.004758805311249726,0.06592630826414737,0.08458082508424629,0.013902765819225437,0.055699183637427374,0.10053176760090252,0.1143996656148856,0.9955329095472201,0.9964112693814475,0.011993375875037798,0.001696119482111674,0.9922085153622812,0.998857303732159,0.9790166578161172,0.9891768547815527,0.9999945674041362,1.014095789597374,0.07897232872137094,0.08259863915787428,0.04956817235893967,0.007009998161205965,0.06523273232540724,0.09271192511733464,-0.009657731429230135,0.04823713803550618,0.11132118454831913,0.15502040681723658,0.999380086298114,0.9990358622468847,0.010303219710771068,0.001457095305108224,0.996524179500102,1.0022359930961262,0.9860726593195425,0.9933836235562306,1.0000095560767264,1.0138614903096899,0.06930237932459456,0.07410242455861196,0.039482990154494225,0.005583738015952911,0.05835825281332685,0.08024650583586226,-0.014441511816549032,0.05232040996422811,0.09334341492087797,0.12817467774747635,0.011009040628437786,0.011465132310305826,0.008230326555945359,0.0011639439438177373,0.00872771049855502,0.013290370758320551,0.0022575279631848635,0.005457271201140063,0.01419700772787974,0.017562243736382228,0.005709148666061353,0.0029945351627028004,0.009142996434147305,0.0012930149557899965,0.0031748393527129596,0.008243457979409745,8.319065784093209e-09,6.241325299495107e-05,0.00862186381387512,0.01578850051640362,-1.593623320984834e-05,-8.491826787091853e-06,0.0012716699206241672,0.00017984128486086144,-0.00036842515153713676,0.0003365526851174401,-0.0020453972564791986,-0.00042805845553129144,0.00018537941707258857,0.0017816554151236731,0.005693212432851503,0.002900732306454885,0.00918252872151387,0.0012986056654845392,0.0031479453285018066,0.0082384795372012,-0.00026249689587431275,1.1845439683807857e-05,0.008554842575254271,0.015355316093528124,0.005315828195586343,0.001838382825277963,0.005841397204079901,0.0008260983149218074,0.0036966754983396004,0.0069349808928330856,0.00015754953486114484,0.0004903544813022794,0.012533810796743506,0.014199732001745216,9.618279799262211,6.194522111015623,12.129918189754502,1.7154294814426918,6.256038015634536,12.980521582889887,0.010388246334646124,0.7984531669026519,12.118395454539451,30.32350415318394,0.0024037939096099572,1.137137492851566e-06,0.004312061540769492,0.000609817591274364,0.0012085514307122037,0.0035990363885077107,8.858667904100815e-08,3.792690190732246e-07,8.083930367272532e-05,0.01,0.7744290648970028,0.8065127556215133,0.5789609025561562,0.0818774360478684,0.6139492902431807,0.9349088395508249,0.15880541534128004,0.3838908017353699,0.9986860608577471,1.2354130076627496,0.013088583150569108,0.008530355062510667,0.01628846119221239,0.002303536272821459,0.00857365205583905,0.017603514245299167,1.3925501454942631e-05,0.001084869021574644,0.0165805323810513,0.041303046395672664,0.3804636117848832,0.39622577439697454,0.2844334827464758,0.040224968889307974,0.30162267276183957,0.4593045508079268,0.07801835523796821,0.18859891445145915,0.49063719709911774,0.6069370536911708,0.4616667129281613,0.29733015890978387,0.58222255700869,0.08233870364412318,0.30028285378567987,0.6230505720706427,0.0004986242486699103,0.03832486231262512,0.5816694785578965,1.4554944105429046,0.04483259500048711,0.03486805790598615,0.033649835059312405,0.004758805311249726,0.03550533659043765,0.05415985341053658,0.005686496059798348,0.019554394073781435,0.06438697803725657,0.1061833958554585
rich6d_nu05,720,rolling3,50,5.671033753857496e-05,4.243576497512393,3.854047093398764,4.201767202365562,0.5942196163519834,3.0789060494625056,5.408246945562281,0.010011057832796447,0.04413346720913773,6.607747181334439,11.241242047086565,0.9946588031649033,0.9949353045993534,0.005102253026258146,0.0007215675428393437,0.9932445307809382,0.9960730755488684,0.9874206710544444,0.9900405370878144,0.999983776567806,1.0000024879601253,0.07226684487921708,0.086036168524777,0.03664032198069153,0.0051817240274810985,0.06211066578535413,0.08242302397308005,0.012683659564482195,0.04234073305515455,0.1052657739284971,0.11430504670105013,0.9937709061427984,0.9958257672828115,0.007798139240783137,0.0011028234275589344,0.9916093722247828,0.9959324400608139,0.9803224721875133,0.9886266754139302,0.9999896796161523,1.0027662298635158,0.07478466057420696,0.08880756462396802,0.05117663959336846,0.007237469778962159,0.06059921980744113,0.0889701013409728,-0.016285178934611438,0.03826208175617075,0.11219266187995527,0.14713834644424117,0.9963770011152355,0.9998526277460552,0.007318838303737913,0.0010350400389961853,0.994348322638803,0.998405679591668,0.9838105979554667,0.9921523526393848,1.0000061011161112,1.005622242631736,0.06852519731245288,0.0810982686865532,0.047353495070650925,0.006696795495468204,0.055399478141335196,0.08165091648357056,-0.015807293480835267,0.03080580938483121,0.09505113651630535,0.133388846586757,0.008874489439412929,0.00915099087386323,0.005102253026258147,0.0007215675428393439,0.007460217055447815,0.010288761823378043,0.0016363573289542245,0.004256223362324146,0.014199462842315741,0.014218174234634905,0.0024526843733712845,0.002003654819910375,0.002794438022704644,0.0003951932150919962,0.0016781056717909719,0.003227263074951597,5.4615598138302785e-09,3.4609125665192022e-06,0.003913823510833027,0.007641650836405249,-0.00028624178001905023,1.7757491428052793e-06,0.0013589651272507483,0.0001921866913750087,-0.0006629276951140672,9.044413507596681e-05,-0.0025217516100975866,-0.0005595425171500099,0.0001051686111239093,0.0017848005362430404,0.0021664425933522347,0.0014760085196623232,0.003092818900355407,0.0004373906434846459,0.0013091569321223287,0.003023728254582141,-0.00023464889611565863,6.964703609389899e-06,0.0030164757211161115,0.0077584760317485554,0.006708046846060755,0.004128862708746033,0.005697377081524946,0.0008057307938646221,0.005128814490086096,0.008287279202035414,0.0005650342445900365,0.001590288301561874,0.014150294005603168,0.014199732001745216,4.283214364187285,3.8288667268042644,4.2541103667825935,0.6016220576535926,3.1040351311862437,5.462393597188326,0.010388246334646124,0.04174014475894017,6.6385240447554565,11.343324932127073,0.002624143746133721,2.6366508987303555e-06,0.0044176137168343175,0.0006247449231672509,0.0013996436967259093,0.0038486437955415325,4.2607982122600237e-07,1e-06,0.007673798199044389,0.01,0.6242744295311163,0.6437248752648617,0.35891710943333166,0.05075854439283659,0.5247876825211566,0.7237611765410761,0.11510927417471095,0.29940329859107784,0.9988587654594521,1.0001750151260416,0.00589385624654499,0.005352843185276061,0.00583578778106328,0.0008253050227110881,0.004276258402031258,0.007511454091058723,1.3904246989995064e-05,6.129648223491352e-05,0.009177426640742276,0.015612836176509118,0.3066952352000694,0.31625090294308056,0.17632977115154766,0.02493679538126628,0.25781911625278753,0.3555713541473513,0.05655119647177954,0.14709166471872973,0.4907220438843365,0.49136869459110966,0.20558951678996795,0.18378133646510522,0.2041925573444833,0.028877188393221422,0.14899022753925395,0.26218880604068195,0.0004986242486699103,0.0020034804383091114,0.3186417569877624,0.544466957126041,0.047819316795466874,0.03404999314990694,0.03664032198069153,0.0051817240274810985,0.03766313770160392,0.05797549588932983,0.005781114973633811,0.014820387746186839,0.07774542861952939,0.10740250211020175
rich6d_nu05,720,theory_0.25,50,5.671033753857496e-05,8.59478199553669,8.606677445568437,0.0639570336584799,0.009044890440897482,8.577054010272532,8.61250998080085,8.494641140906628,8.553047150164401,8.635897368503967,8.702412455099015,0.9911030763859578,0.9904348137892336,0.003183492339203168,0.000450213804181197,0.9902206573297627,0.991985495442153,0.9874976719690696,0.988840321967591,0.9930097159031728,0.9959072005398313,0.09769457995935868,0.10319661082706771,0.016284440566238314,0.0023029676704432824,0.09318076332528985,0.10220839659342751,0.06758833665932765,0.09008125301305143,0.10883089487393462,0.1129876182736897,0.9901501746076713,0.9896671831987822,0.008509285907390151,0.00120339475363414,0.9877915208905483,0.9925088283247943,0.977304967492092,0.9855546095076525,0.9951812869308865,1.001250611591729,0.10031462271645658,0.10320667323472882,0.03954937850373537,0.00559312674634095,0.08935209429362832,0.11127715113928484,0.04127473087518695,0.07753157132511332,0.12402821814826806,0.161951858280141,0.9921951120426195,0.9920583709406234,0.008525600499640906,0.0012057019853967004,0.9898319361512419,0.994558287933997,0.9788764450190915,0.986145016378992,0.9966186494571848,1.0070770238115232,0.09325307924146067,0.091110591115743,0.03994839478508501,0.005649556170010184,0.08217994914824071,0.10432620933468063,0.025292298883880047,0.06879133032257954,0.12416119789179336,0.1531856719950045,0.005318762660467451,0.00465050006374329,0.003183492339203168,0.000450213804181197,0.004436343604272305,0.006201181716662597,0.0017133582435793048,0.0030560082421007273,0.007225402177682527,0.010122886814341052,0.004370505268719118,0.0036910273113794525,0.0027323272484351306,0.0003864094251578523,0.003613142795409728,0.0051278677420285084,0.0011434169217025521,0.002479936656224822,0.005757514725103625,0.009092260214667667,9.913076743014797e-06,-7.333944959898726e-05,0.001415658702446761,0.0002002043736691707,-0.0003824874956485598,0.00040231364913458935,-0.0021166220645716153,-0.0009899573557599127,0.0011714504751965248,0.0021746432672329137,0.0043804183454621325,0.003712155748737963,0.0031834923392031695,0.00045021380418119715,0.003497999289266986,0.005262837401657279,0.0007750139285739322,0.0021176639270954044,0.006287057862677241,0.009184542499335726,0.0009383443150053766,0.0009383443150053766,0.0,0.0,0.0009383443150053766,0.0009383443150053766,0.0009383443150053766,0.0009383443150053766,0.0009383443150053766,0.0009383443150053766,8.675046403770198,8.6750464037702,1.794391381352886e-15,2.5376526277146434e-16,8.675046403770198,8.675046403770198,8.6750464037702,8.6750464037702,8.6750464037702,8.6750464037702,6.453843562383752e-07,6.453843562383752e-07,0.0,0.0,6.453843562383752e-07,6.453843562383752e-07,6.453843562383752e-07,6.453843562383752e-07,6.453843562383752e-07,6.453843562383752e-07,0.3741474423225379,0.3271386251736659,0.2239422197232573,0.03167021243205661,0.31207382595570693,0.43622105868936883,0.12052589023799247,0.21497437289260288,0.5082696704300812,0.7120927276295084,0.011937197216023184,0.011953718674400605,8.882921341455534e-05,1.2562347834579823e-05,0.011912575014267407,0.011961819417778961,0.01179811269570365,0.011879232153006111,0.011994301900699953,0.0120866839654153,0.18381217040845596,0.16071755119943426,0.11001894119039299,0.01555902787493817,0.15331647577357715,0.21430786504333477,0.05921228630492286,0.10561319307248346,0.2497041024645166,0.3498388469132474,0.4163925609686531,0.4163925609686531,0.0,0.0,0.4163925609686531,0.4163925609686531,0.4163925609686531,0.4163925609686531,0.4163925609686531,0.4163925609686531,0.02239158171532528,0.016889550847616237,0.016284440566238317,0.0023029676704432833,0.017877765081256443,0.026905398349394115,0.007098543400994251,0.011255266800749328,0.030004908661632506,0.052497825015356284
rich6d_nu05,720,theory_1,50,5.671033753857496e-05,3.853357743340855,3.8553354520850274,0.03214325945109249,0.004545743345461217,3.844448086383751,3.862267400297959,3.7992070152206434,3.837541653367356,3.87161347464714,3.898765574205545,0.9922145451422385,0.991688098847632,0.0029861783767665827,0.00042230939600885754,0.9913868187260612,0.9930422715584158,0.9884106007730168,0.9903774299332255,0.9939563782754963,0.996426323594916,0.09378472696575406,0.09669970498027142,0.019630970698377326,0.002776238500419404,0.08834329950493203,0.09922615442657609,0.05993148234777965,0.08483303516654818,0.10812635882881448,0.11446617824129489,0.9913006190220878,0.9910684910365336,0.005782134945746304,0.0008177173659745842,0.9896978929847776,0.9929033450593979,0.9838419666972884,0.9878170009961673,0.9947897977932693,0.9987796191610507,0.09810496850757808,0.09866864398696842,0.03682086561106787,0.005207256752548928,0.08789874527258218,0.10831119174257398,0.04707696122457969,0.07825669141067655,0.12475830753286057,0.15250412723919862,0.9929201778537627,0.9921154383285347,0.006338232718338314,0.0008963614671750933,0.9911633093780996,0.9946770463294259,0.9833850301949393,0.9888265727534802,0.9968828227677962,1.0033629837300617,0.08928105163673053,0.0946154597374467,0.042511389361772844,0.006012018339074247,0.07749749569214501,0.10106460758131605,0.009905979306060506,0.05840665218209892,0.11747570598308854,0.15058286386560735,0.006430231416748278,0.00590378512214168,0.0029861783767665823,0.00042230939600885743,0.005602505000570917,0.007257957832925639,0.0026262870475265653,0.004593116207735282,0.008172064550006075,0.010642009869425753,0.0023028050667230565,0.0016384727927913664,0.0020513268280556362,0.00029010142210960624,0.0017342062793882283,0.002871403854057885,0.0002297821797788201,0.0008983837705593763,0.0030272839054381355,0.00591224785260099,6.730408569008717e-05,3.358436050717966e-05,0.0018899010413384262,0.00026727236842038376,-0.00045654975641386497,0.0005911579277940393,-0.0030600315327615826,-0.0013042988210207138,0.0011661455260602222,0.0032579332786007156,0.0023701091524131433,0.0018436628578065134,0.002986178376766582,0.0004223093960088574,0.001542382736235783,0.0031978355685905037,-0.001433835216808591,0.0005329939434001892,0.004111942285670863,0.006581887605090605,0.004060122264335184,0.004060122264335183,8.761676666762138e-19,1.2390881971262907e-19,0.004060122264335184,0.004060122264335184,0.004060122264335183,0.004060122264335183,0.004060122264335183,0.004060122264335183,3.872289385427878,3.872289385427878,0.0,0.0,3.872289385427878,3.872289385427878,3.872289385427878,3.872289385427878,3.872289385427878,3.872289385427878,2.5815374249535007e-06,2.5815374249535007e-06,0.0,0.0,2.5815374249535007e-06,2.5815374249535007e-06,2.5815374249535007e-06,2.5815374249535007e-06,2.5815374249535007e-06,2.5815374249535007e-06,0.4523335203505684,0.4153007465230699,0.2100622030553044,0.029707281650278246,0.39410724831602306,0.5105597923851137,0.18474570955014458,0.3231019677165508,0.5748624717935308,0.7486103494354667,0.005351885754640076,0.0053546325723403156,4.464341590429507e-05,6.313532424251682e-06,0.005339511231088542,0.0053642602781916095,0.005276676410028672,0.005329918963010216,0.005377240937009916,0.00541495218639659,0.2222236389162856,0.20403007733205364,0.10319992894964491,0.014594673915652763,0.1936180780416062,0.250829199790965,0.09076237334475208,0.15873441117372172,0.28241999456366057,0.36777932321489176,0.18586557569413067,0.18586557569413067,0.0,0.0,0.18586557569413067,0.18586557569413067,0.18586557569413067,0.18586557569413067,0.18586557569413067,0.18586557569413067,0.02630143470892987,0.02338645669441252,0.019630970698377322,0.0027762385004194037,0.02086000724810784,0.031742862169751904,0.005619983433389055,0.01195980284586946,0.035253126508135765,0.06015467932690427
rich6d_nu05,720,theory_4,50,5.671033753857496e-05,1.9463164039497352,1.9470937966182549,0.020090596666479246,0.0028412394281902642,1.9407475746704823,1.951885233228988,1.912779397419668,1.9318717305831248,1.9565304055054795,1.9795759077453516,0.9958406769684588,0.9953657293106093,0.002091055108784019,0.00029571984945119076,0.9952610660635345,0.9964202878733831,0.9932374583406206,0.9943895509419188,0.9970446605150257,0.9987460843029384,0.07718210496291547,0.07973932045672993,0.02404678066441531,0.003400728334702724,0.07051667742689813,0.08384753249893281,0.037414051493909105,0.06272428395382552,0.09399213693308428,0.11009697493420713,0.9952288276095272,0.995243002867842,0.003714089756969817,0.0005252516106177708,0.9941993344527165,0.996258320766338,0.9892591442471672,0.9937600189854678,0.9973775795715492,0.999331996312812,0.08170231285508656,0.0821503397824378,0.03689846844219788,0.005218231450175189,0.07147457921274318,0.09193004649742993,0.03362954564551406,0.05823186031444536,0.10313219140529023,0.13558986400826023,0.9961913401255456,0.9958513864946288,0.004200399752573795,0.0005940262297478453,0.9950270487152397,0.9973556315358514,0.9904096103786246,0.993274581916346,0.9984950891071713,1.0036251813867179,0.07335705378533391,0.08087453794179697,0.04377090625008461,0.006190140925623092,0.061224377571112654,0.08548972999955518,-0.001866633642786145,0.04148472465933953,0.10131527835103322,0.13709082138854078,0.010056363242968469,0.009581415585119046,0.002091055108784019,0.00029571984945119076,0.009476752338044134,0.010635974147892803,0.007453144615130386,0.008605237216428557,0.011260346789535497,0.012961770577448165,0.0011996730772730153,0.0007668225232589124,0.0012488891396001801,0.00017661959591230402,0.0008534986692848995,0.0015458474852611311,8.365824609818808e-05,0.00030275971345487937,0.0017094126802052734,0.003880975413538789,0.00012787817109124759,0.00010944435355163528,0.0015042315401729478,0.00021273046450619518,-0.0002890735393408949,0.0005448298815233901,-0.0022836134437572994,-0.0007893212665353573,0.001063580794159876,0.0025036846294865587,0.001327551248364263,0.0008526035905147972,0.002091055108784021,0.000295719849451191,0.0007479403434399286,0.001907162153288597,-0.0012756673794737917,-0.0001235747781756501,0.0025315347949313267,0.004232958582843946,0.008728811994604247,0.008728811994604247,0.0,0.0,0.008728811994604247,0.008728811994604247,0.008728811994604247,0.008728811994604247,0.008728811994604247,0.008728811994604247,1.9543382566685334,1.9543382566685334,0.0,0.0,1.9543382566685334,1.9543382566685334,1.9543382566685334,1.9543382566685334,1.9543382566685334,1.9543382566685334,1.0326149699814003e-05,1.0326149699814003e-05,0.0,0.0,1.0326149699814003e-05,1.0326149699814003e-05,1.0326149699814003e-05,1.0326149699814003e-05,1.0326149699814003e-05,1.0326149699814003e-05,0.7074131384708854,0.6740030273669949,0.1470949111006689,0.02080236182346307,0.6666405092968978,0.748185767644873,0.5242901729264133,0.6053339283280779,0.7921071534707729,0.9117935164825606,0.0027032172277079653,0.002704296939747576,2.7903606481221194e-05,3.946165872486481e-06,0.002695482742597892,0.0027109517128180386,0.0026566380519717613,0.002683155181365451,0.002717403340979833,0.002749410982979655,0.34753984565714674,0.33112603564291254,0.07226518694772893,0.010219840746890542,0.3275089577932413,0.3675707335210522,0.2575746983894951,0.2973900943894228,0.3891485510944947,0.44794839218635457,0.09380605864419998,0.0938060586442,1.401868266681942e-17,1.982541115402065e-18,0.09380605864419998,0.09380605864419998,0.0938060586442,0.0938060586442,0.0938060586442,0.0938060586442,0.04290405671176848,0.040346841217954,0.02404678066441531,0.003400728334702724,0.036238629175751144,0.04956948424778582,0.009989186740476802,0.02609402474159966,0.05736187772085843,0.0826721101807748
rich6d_nu05,720,ensemble_plugin_loss_oracle,50,5.671033753857496e-05,6.589553232356179,6.596828699510882,0.05067024576207572,0.007165854876550532,6.57550815679814,6.603598307914218,6.5103321172134825,6.562790707206116,6.6193319001660775,6.674354724026315,0.9908990687446589,0.9901847312110637,0.0031777758051029013,0.0004494053641757604,0.9900182342308744,0.9917799032584435,0.9872358539220424,0.988863475157505,0.9929475546337335,0.9953552185665074,0.09818969490758128,0.10447692534806452,0.0168886167575737,0.002388411086828225,0.09350840917739796,0.1028709806377646,0.06858034854275928,0.08953709053064492,0.10992466756637664,0.11404818275577773,0.9899270349524426,0.9895441615315503,0.007614837910803993,0.001076900704873181,0.9878163095708912,0.992037760333994,0.9791687004371078,0.985007508248944,0.9943565197443283,1.0008975263131747,0.10146915097899044,0.10282515479108731,0.03847095216428576,0.005440614230813949,0.09080554708659509,0.11213275487138578,0.0433988536987263,0.07857348631032203,0.12649595108835648,0.16161813888017107,0.9918895328017239,0.9913854993250784,0.007866858002850599,0.0011125417280894638,0.9897089510146685,0.9940701145887793,0.9799714717919427,0.9866350800178185,0.9960202304279645,1.0047357754652322,0.09367704145857694,0.09788848748882573,0.040981974719611555,0.005795726446130598,0.08231741762416098,0.10503666529299291,0.021724892405779725,0.06652524566733259,0.12433114998857431,0.1534344617288396,0.0051147550191687,0.004400417485573349,0.0031777758051029013,0.0004494053641757604,0.00423392050538421,0.00599558953295319,0.0014515401965521867,0.0030791614320147542,0.007163240908243301,0.009570904841017192,0.003503534406233983,0.002911142467609526,0.0025356409699453125,0.000358593784900553,0.002800690587828899,0.004206378224639067,0.0006872479101407554,0.0018422982952936253,0.004394763307140694,0.008057054700551236,2.093231137290128e-05,-8.366439194818241e-05,0.0016783462668684447,0.00023735400529636085,-0.00044428153900796596,0.00048614616175376855,-0.0025217516100975866,-0.0010999794784101625,0.001374681337621607,0.0026847449489467447,0.0035244667176068845,0.0028101291840114976,0.0031777758051028926,0.0004494053641757592,0.0026436322038223964,0.0044053012313913726,-0.00013874810500964142,0.0014888731304529294,0.005572952606681479,0.00798061653945536,0.001590288301561874,0.001590288301561874,0.0,0.0,0.001590288301561874,0.001590288301561874,0.001590288301561874,0.001590288301561874,0.001590288301561874,0.001590288301561874,6.6385240447554565,6.6385240447554565,0.0,0.0,6.6385240447554565,6.6385240447554565,6.6385240447554565,6.6385240447554565,6.6385240447554565,6.6385240447554565,9.999999999999997e-07,1e-06,2.139081217471225e-22,3.025117668765358e-23,9.999999999999997e-07,9.999999999999997e-07,1e-06,1e-06,1e-06,1e-06,0.3597965599691085,0.3095466093299873,0.22354009111758338,0.03161334285926039,0.29783440796495814,0.4217587119732588,0.10210834486091244,0.2166030800451758,0.5038969466488391,0.6732636508853472,0.009152157267161362,0.009162262082654003,7.037534133621621e-05,9.952576217431285e-06,0.009132650217775196,0.009171664316547527,0.009042127940574282,0.009114987093341829,0.009193516528008441,0.009269937116703215,0.17676182999643658,0.15207489793415035,0.10982138235814917,0.015531088836945591,0.14632089587602323,0.20720276411684993,0.05016406465106772,0.10641334874056932,0.24755585886344478,0.330762792759313,0.3186417569877624,0.3186417569877624,0.0,0.0,0.3186417569877624,0.3186417569877624,0.3186417569877624,0.3186417569877624,0.3186417569877624,0.3186417569877624,0.02189646676710266,0.015609236326619431,0.0168886167575737,0.002388411086828225,0.01721518103691934,0.02657775249728598,0.006037978918906209,0.010161494108307297,0.030549071144039024,0.05150581313192466
rich6d_nu05,720,crossfit_loss_oracle,50,5.671033753857496e-05,6.589553232356179,6.596828699510882,0.05067024576207572,0.007165854876550532,6.57550815679814,6.603598307914218,6.5103321172134825,6.562790707206116,6.6193319001660775,6.674354724026315,0.9908990687446589,0.9901847312110637,0.0031777758051029013,0.0004494053641757604,0.9900182342308744,0.9917799032584435,0.9872358539220424,0.988863475157505,0.9929475546337335,0.9953552185665074,0.09818969490758128,0.10447692534806452,0.0168886167575737,0.002388411086828225,0.09350840917739796,0.1028709806377646,0.06858034854275928,0.08953709053064492,0.10992466756637664,0.11404818275577773,0.9899270349524426,0.9895441615315503,0.007614837910803993,0.001076900704873181,0.9878163095708912,0.992037760333994,0.9791687004371078,0.985007508248944,0.9943565197443283,1.0008975263131747,0.10146915097899044,0.10282515479108731,0.03847095216428576,0.005440614230813949,0.09080554708659509,0.11213275487138578,0.0433988536987263,0.07857348631032203,0.12649595108835648,0.16161813888017107,0.9918895328017239,0.9913854993250784,0.007866858002850599,0.0011125417280894638,0.9897089510146685,0.9940701145887793,0.9799714717919427,0.9866350800178185,0.9960202304279645,1.0047357754652322,0.09367704145857694,0.09788848748882573,0.040981974719611555,0.005795726446130598,0.08231741762416098,0.10503666529299291,0.021724892405779725,0.06652524566733259,0.12433114998857431,0.1534344617288396,0.0051147550191687,0.004400417485573349,0.0031777758051029013,0.0004494053641757604,0.00423392050538421,0.00599558953295319,0.0014515401965521867,0.0030791614320147542,0.007163240908243301,0.009570904841017192,0.003503534406233983,0.002911142467609526,0.0025356409699453125,0.000358593784900553,0.002800690587828899,0.004206378224639067,0.0006872479101407554,0.0018422982952936253,0.004394763307140694,0.008057054700551236,2.093231137290128e-05,-8.366439194818241e-05,0.0016783462668684447,0.00023735400529636085,-0.00044428153900796596,0.00048614616175376855,-0.0025217516100975866,-0.0010999794784101625,0.001374681337621607,0.0026847449489467447,0.0035244667176068845,0.0028101291840114976,0.0031777758051028926,0.0004494053641757592,0.0026436322038223964,0.0044053012313913726,-0.00013874810500964142,0.0014888731304529294,0.005572952606681479,0.00798061653945536,0.001590288301561874,0.001590288301561874,0.0,0.0,0.001590288301561874,0.001590288301561874,0.001590288301561874,0.001590288301561874,0.001590288301561874,0.001590288301561874,6.6385240447554565,6.6385240447554565,0.0,0.0,6.6385240447554565,6.6385240447554565,6.6385240447554565,6.6385240447554565,6.6385240447554565,6.6385240447554565,9.999999999999997e-07,1e-06,2.139081217471225e-22,3.025117668765358e-23,9.999999999999997e-07,9.999999999999997e-07,1e-06,1e-06,1e-06,1e-06,0.3597965599691085,0.3095466093299873,0.22354009111758338,0.03161334285926039,0.29783440796495814,0.4217587119732588,0.10210834486091244,0.2166030800451758,0.5038969466488391,0.6732636508853472,0.009152157267161362,0.009162262082654003,7.037534133621621e-05,9.952576217431285e-06,0.009132650217775196,0.009171664316547527,0.009042127940574282,0.009114987093341829,0.009193516528008441,0.009269937116703215,0.17676182999643658,0.15207489793415035,0.10982138235814917,0.015531088836945591,0.14632089587602323,0.20720276411684993,0.05016406465106772,0.10641334874056932,0.24755585886344478,0.330762792759313,0.3186417569877624,0.3186417569877624,0.0,0.0,0.3186417569877624,0.3186417569877624,0.3186417569877624,0.3186417569877624,0.3186417569877624,0.3186417569877624,0.02189646676710266,0.015609236326619431,0.0168886167575737,0.002388411086828225,0.01721518103691934,0.02657775249728598,0.006037978918906209,0.010161494108307297,0.030549071144039024,0.05150581313192466
rich6d_nu05,720,zero,50,,0.0,0.0,0.0,0.0,0.0,0.0,0.0,0.0,0.0,0.0,1.0,1.0,0.0,0.0,1.0,1.0,1.0,1.0,1.0,1.0,0.0,0.0,0.0,0.0,0.0,0.0,0.0,0.0,0.0,0.0,1.0,1.0,0.0,0.0,1.0,1.0,1.0,1.0,1.0,1.0,0.0,0.0,0.0,0.0,0.0,0.0,0.0,0.0,0.0,0.0,1.0,1.0,0.0,0.0,1.0,1.0,1.0,1.0,1.0,1.0,0.0,0.0,0.0,0.0,0.0,0.0,0.0,0.0,0.0,0.0,0.014215686274509804,0.014215686274509805,1.7523353333524276e-18,2.4781763942525814e-19,0.014215686274509804,0.014215686274509804,0.014215686274509805,0.014215686274509805,0.014215686274509805,0.014215686274509805,,,,,,,,,,,,,,,,,,,,,,,,,,,,,,,,,,,,,,,,,,,,,,,,,,,,,,,,,,,,,,,,,,,,,,,,,,,,,,,,,,,,,,,,,,,,,,,,,,,,,,,,,,,,,,
rich6d_nu05,720,linear_validation,50,,2.1784609571167346,1.3869224938750886,2.2886270601347696,0.3236607427656656,1.5440859012960302,2.812836012937439,0.0589464649835985,0.06646045819783901,3.5115458073244015,6.977928559921393,1.0004481520916906,0.9997671216473225,0.004171336519413751,0.0005899160678977108,0.999291916598611,1.00160438758477,0.9963358183536791,0.9976911104177413,1.000310093880076,1.0101893456263922,0.04162307137356027,0.04414882541816776,0.023447959659334806,0.00331604225602085,0.035123628551759406,0.048122514195361135,-0.012455242062865942,0.03565345825325135,0.058989686456419735,0.06355861424404098,0.9989626345998414,0.9997584434783438,0.004322029941993776,0.00061122733609502,0.9977646290210951,1.0001606401785876,0.990425086815851,0.9975736903640772,1.0001554038442824,1.0056805829110944,0.048716078081664636,0.051637552460353786,0.03673565558723436,0.005195206235413379,0.038533473860254415,0.05889868230307486,-0.009350327156133955,0.02884322536354468,0.07338076528361479,0.10023145737556634,1.0012120115744993,0.9999412912270991,0.006012404912201409,0.000850282456931385,0.9995454579589138,1.002878565190085,0.993701105965715,0.998635447541668,1.002414133553372,1.0135187833221524,0.03890414507598264,0.04034395145387504,0.03615522964595471,0.005113121611602295,0.02888242671724214,0.04892586343472313,-0.024647360628240106,0.018193101745695366,0.06350651130417825,0.09113292671115088,0.014663838366200365,0.013982807921832263,0.004171336519413751,0.0005899160678977108,0.013507602873120852,0.01582007385927988,0.010551504628188874,0.01190679669225106,0.014525780154585721,0.024405031900902024,,,,,,,,,,,,,,,,,,,,,,,,,,,,,,,,,,,,,,,,,,,,,,,,,,,0.003229722615067821,0.0001274274985703132,0.00454538090296936,0.0006428139319130934,0.0019698073085181577,0.004489637921617484,1.9266545794237288e-08,9.466095657287332e-06,0.01,0.01,,,,,,,,,,,,,,,,,,,,,,,,,,,,,,,,,,,,,,,,,,,,,,,,,,
rich6d_nu05,720,equal_weight,50,,,,,,,,,,,,0.9991583593539448,0.9991583593539449,1.1214946133455537e-16,1.586032892321652e-17,0.9991583593539448,0.9991583593539448,0.9991583593539449,0.9991583593539449,0.9991583593539449,0.9991583593539449,0.02971753986198934,0.02971753986198934,0.0,0.0,0.02971753986198934,0.02971753986198934,0.02971753986198934,0.02971753986198934,0.02971753986198934,0.02971753986198934,0.999378414651199,0.999283789767581,0.0018363267485137576,0.00025969581926966437,0.9988694108454305,0.9998874184569676,0.9964316319841577,0.9980109963717856,1.0006666044366286,1.002095645756158,0.025209036677750034,0.026907622647700115,0.03935455020776618,0.005565573864491584,0.01430051190334653,0.036117561452153536,-0.03445517717643722,-0.0031183205906825623,0.054385303342775,0.08902072070974738,0.9992452966053439,0.9990874740695717,0.0016499164961653095,0.00023333342856600772,0.9987879630853546,0.9997026301253332,0.9963509542709066,0.9980576548969816,1.000484146923417,1.0014933334574825,0.027595562426446493,0.031313508493075085,0.034900446998795936,0.004935668547858059,0.0179216520726447,0.03726947278024829,-0.020025463774119054,0.0013110383930491313,0.053311465220888116,0.08768951999141937,0.013374045628454678,0.013374045628454678,0.0,0.0,0.013374045628454678,0.013374045628454678,0.013374045628454678,0.013374045628454678,0.013374045628454678,0.013374045628454678,,,,,,,,,,,,,,,,,,,,,,,,,,,,,,,,,,,,,,,,,,,,,,,,,,,,,,,,,,,,,,,,,,,,,,,,,,,,,,,,,,,,,,,,,,,,,,,,,,,,,,,,,,,,,,
rich6d_nu05,1080,holdout25,50,5.671033753857496e-05,8.662501947042228,7.092336441520397,9.221785056758783,1.3041573496557812,6.1063535417168975,11.21865035236756,0.01023269460584945,2.9781160746482698,9.91476426036177,27.8304134266997,0.9931332156435652,0.9917107422448505,0.005037341584334726,0.0007123876786872144,0.9917369357933382,0.9945294954937921,0.9873554672283558,0.9894197084690053,0.9961483056026519,1.0003516675716988,0.0886036875873868,0.09857776081173017,0.026185351084620674,0.003703167863937159,0.08134547857406997,0.09586189660070364,0.03577785770551456,0.08002776204586476,0.10911055568135355,0.11396364458128055,0.9926363891537057,0.9930197905491308,0.008083425684657248,0.0011431690233677301,0.9903957778679049,0.9948770004395064,0.9815371283740728,0.9873208383885912,0.9996880036495934,1.0030606913928195,0.09189719583780386,0.09855604253489661,0.045021428155219395,0.006366991429451718,0.07941789263607849,0.10437649903952922,0.008872357075849643,0.06807854974365041,0.12017776785070979,0.1635251420060585,0.992088235361568,0.993424224615725,0.007872948752439187,0.0011134030901567835,0.9899059653048606,0.9942705054182753,0.9801052016239622,0.9863639351351605,0.9984652346934815,1.0004782057170933,0.0939068908989681,0.09686588511420637,0.04092115295872426,0.005787124950217175,0.08256412599654243,0.10524965580139377,0.016400678807737185,0.06691710004695325,0.11754842100145743,0.15337745789613783,0.007348901918074682,0.005926428519360205,0.005037341584334726,0.0007123876786872144,0.005952622067847742,0.008745181768301621,0.001571153502865469,0.003635394743515069,0.010363991877161582,0.014567353846208596,0.003153844916156792,0.0017509172490412454,0.004467040371514933,0.0006317349077064567,0.001915644497052137,0.004392045335261448,1.9928055742601818e-08,0.0005844736303989925,0.003527135371977793,0.012505529242643972,5.2771982273446826e-05,-8.731689899440492e-07,0.0010668200335055042,0.00015087113599948035,-0.00024293544428553464,0.0003484794088324283,-0.0014111298105156773,-0.0005571985009916449,0.0004113278035430779,0.0020320028044819656,0.0032066168984302384,0.0018230027870233423,0.004548960424431145,0.0006433201526928996,0.0019457093991521552,0.004467524397708322,-0.00024624899290175714,0.0002051904125011177,0.003961304993663124,0.012194793534269527,0.004142285019644488,0.0013914443457095286,0.004958610602420621,0.0007012534364470265,0.0027678282842083166,0.00551674175508066,0.00016529067491552317,0.000713607317650643,0.005782651402447866,0.014199732001745216,8.765110127274225,7.1639795917817155,9.449055046640007,1.3362981798568236,6.14596569475485,11.3842545597936,0.010388246334646124,2.980963337285049,10.029867055957066,28.423231458030408,0.0012102428046069516,8.923799851757304e-07,0.0032790687468867213,0.0004637303493800951,0.0003013313198219653,0.002119154289391938,9.952037859836546e-08,5.164318206593878e-07,4.281332398719387e-06,0.01,0.5169572383749086,0.416893592396373,0.35435092524285655,0.05011278843179024,0.4187361730485997,0.6151783037012175,0.11052252227053642,0.25573121644037033,0.7290532217037802,1.0247379946988113,0.008020835136150211,0.006566978186592961,0.008538689867369244,0.001207553101533131,0.005654031057145275,0.010387639215155148,9.474717227638379e-06,0.002757514883933583,0.00918033727811275,0.02576890132101824,0.3159398977838091,0.254785713770998,0.21656258349870539,0.030626574268642497,0.2559118122172698,0.3759679833503484,0.06754615623282638,0.15629086582922547,0.44556296584245453,0.6262715622632087,0.3489117891285409,0.2851757593861787,0.376137510427664,0.05319387685640539,0.2446517904899863,0.45317178776709544,0.00041352379626707084,0.11866288457714572,0.39925783115102487,1.131440494966156,0.031482474087297145,0.021508400862953775,0.026185351084620678,0.0037031678639371595,0.024224265073980313,0.03874068310061398,0.006122517093403385,0.010975605993330386,0.04005839962881918,0.08430830396916937
rich6d_nu05,1080,rolling3,50,5.671033753857496e-05,5.844257610363327,6.150068747016398,3.298394803018534,0.4664634664489744,4.929989216123337,6.758526004603317,0.009906140727969902,4.011430761657648,7.683123209853372,10.322379351506996,0.9915501183291492,0.9903947763661419,0.004011491799800719,0.0005673106108626634,0.9904381895318584,0.99266204712644,0.9870404007832744,0.9888320478694543,0.9927206925732308,0.9999889158388342,0.0936517669980759,0.10285361767834864,0.02426447458386936,0.003431514904036531,0.08692599778616429,0.1003775362099875,0.04042192925689674,0.08722766277651259,0.11072970066318806,0.1157832972439306,0.9907147989948717,0.9896334646374279,0.007612692684449608,0.001076597324052708,0.9886046682397284,0.992824929750015,0.9788005742874322,0.9857197362748706,0.995505149962526,1.0007337547931778,0.09485396638704494,0.10476032715446018,0.0481478199753723,0.006809130000786972,0.08150807158550247,0.1081998611885874,-0.011607769744747597,0.06983486207019096,0.1257356002243435,0.16315929758835762,0.9910421377055311,0.9903838606363329,0.00688841003101887,0.0009741682889053758,0.9891327678592765,0.9929515075517856,0.980522328328007,0.9865708283435001,0.9965274501016339,1.000662273970196,0.0969891529952277,0.10306429767873018,0.0373155093776454,0.005277209944872653,0.0866458215032773,0.1073324844871781,0.019780549837855037,0.07729139364441429,0.12317383098472906,0.14720779733076456,0.00576580460365898,0.00461046264065168,0.004011491799800719,0.0005673106108626634,0.00465387580636816,0.0068777334009498,0.0012560870577841444,0.003047734143964115,0.0069363788477405375,0.01420460211334395,0.00214058838271774,0.0018112798915493815,0.001931311113899693,0.0002731286370438835,0.0016052562541117284,0.0026759205113237516,1.2721503466394711e-08,0.0007735214307831421,0.0027377588525628587,0.006038919209585207,-8.352131027617174e-05,-0.0001516584894464584,0.0010862282017082333,0.00015361586546879213,-0.00038460840659500434,0.00021756578604266083,-0.0016544995999447937,-0.0007807180767617913,0.0003765262000304765,0.002150669591832563,0.002057067072441568,0.0019000611142755176,0.002267540809738847,0.0003206786966367147,0.0014285368270336072,0.002685597317849529,-0.00017662471853900028,0.00010842702129425784,0.0031312897526441243,0.006008608875254849,0.00370873753121747,0.001838382825277963,0.004292952185748303,0.0006071151203704472,0.0025187918952913934,0.004898683167143546,0.0006563095108306286,0.0011926003898571833,0.003938651368332664,0.014199732001745216,5.872033532064414,6.194522111015623,3.3254643353522573,0.47029167642431924,4.950261846272748,6.79380521785608,0.010388246334646124,3.9632154215734037,7.6894351388079745,10.39601651584529,0.001124643744536427,1.137137492851566e-06,0.003112470075436186,0.0004401697393162264,0.00026191105547662317,0.001987376433596231,4.832930238571752e-07,7.847599703514607e-07,2.494772694326464e-06,0.01,0.40559453074014884,0.3243221995492906,0.2821876990204644,0.03990736710895977,0.32737609120658767,0.48381297027371,0.08835922751309153,0.2143923328857515,0.48793837411692054,0.9992202865938502,0.005411349639225301,0.005694508099089258,0.0030540692620541986,0.00043191061708238376,0.00456480482974383,0.006257894448706773,9.172352525898057e-06,0.0037142877422756,0.007114002972086456,0.009557758658802774,0.2478802598577452,0.1982104417315697,0.17245982097984888,0.024389501779413833,0.2000768363700941,0.2956836833453963,0.05400099512388882,0.13102648867145517,0.29820493572719503,0.6106763418235023,0.23374740257057358,0.24658467049094585,0.13237639848020236,0.018720849806880734,0.19705453694908734,0.2704402681920598,0.00041352379626707084,0.157763286868482,0.30609251141305394,0.4138331030281596,0.026434394676608068,0.017232543996335302,0.02426447458386936,0.003431514904036531,0.01970862546469647,0.03316016388851967,0.004302864430753342,0.009356461011495884,0.03285849889817135,0.0796642324177872
rich6d_nu05,1080,theory_0.25,50,5.671033753857496e-05,9.881134312956418,9.883521265746204,0.0627509369651116,0.008874322610768,9.863740640639312,9.898527985273523,9.790867803779404,9.831051724095326,9.919149948096896,9.977140010595928,0.9898764108617457,0.9895057061815308,0.002305855420772428,0.00032609720089278875,0.9892372603479959,0.9905155613754956,0.9868738075183919,0.9883919794867383,0.9912364264062319,0.9931088610612078,0.10251100406239255,0.10517551938477487,0.012123763564731478,0.0017145590860248036,0.09915046825378394,0.10587153987100116,0.08718200196265279,0.0972388745382269,0.11020998526851361,0.11560153334118753,0.9889887933810203,0.9881156209098834,0.007783789069927871,0.0011007940069343455,0.986831237127429,0.9911463496346116,0.9761373739016781,0.9839776975272438,0.9919787084974412,1.0017855691372854,0.10655100574793686,0.11144816019280804,0.03674735579985106,0.005196860895349899,0.09636515839305106,0.11673685310282265,0.04976262931907525,0.09012618172671087,0.12849805983064744,0.163970533130679,0.9891370487985873,0.988825445576794,0.006904670287409092,0.0009764678364168474,0.9872231718392103,0.9910509257579644,0.9783445675949631,0.9842724712537935,0.9945503290256908,0.9991291123244742,0.10423199715916162,0.10863617470920411,0.03438911292427602,0.0048633549895491035,0.09469982137964537,0.11376417293867787,0.05278947634978894,0.0797409326363201,0.126937567138994,0.15456587781364273,0.004092097136255428,0.0037213924560405287,0.0023058554207724276,0.0003260972008927887,0.0034529466225055624,0.004731247650005294,0.0010894937929017358,0.002607665761248018,0.0054521126807416664,0.0073245473357174875,0.003278947841568032,0.0031122350373856706,0.0018305629238670913,0.00025888069137101877,0.0027715416864808355,0.003786353996655229,0.0009283683613269254,0.001987534143036709,0.0042051107677739865,0.006262500810345682,9.700996708617101e-05,7.227325248230995e-05,0.0010269562280475785,0.00014523354256684026,-0.0001876477763448359,0.00038166771051717795,-0.0014111644169640025,-0.0006183196895023355,0.0006812291341404646,0.0017689269976603494,0.0033759578086542037,0.00300525312843925,0.002305855420772411,0.00032609720089278637,0.0027368072949043422,0.004015108322404065,0.00037335446530053953,0.001891526433646722,0.00473597335314047,0.006608408008116252,0.0007161393276012562,0.0007161393276012562,0.0,0.0,0.0007161393276012562,0.0007161393276012562,0.0007161393276012562,0.0007161393276012562,0.0007161393276012562,0.0007161393276012562,9.942587031275382,9.942587031275384,1.794391381352886e-15,2.5376526277146434e-16,9.942587031275382,9.942587031275382,9.942587031275384,9.942587031275384,9.942587031275384,9.942587031275384,5.188001152334153e-07,5.188001152334154e-07,1.0695406087356126e-22,1.512558834382679e-23,5.188001152334153e-07,5.188001152334153e-07,5.188001152334154e-07,5.188001152334154e-07,5.188001152334154e-07,5.188001152334154e-07,0.28785786751589904,0.261780710700782,0.16220500201295696,0.022939251373147892,0.24289693482452918,0.3328188002072689,0.07664025301791519,0.18343579837744678,0.3835279265073448,0.5152440194780576,0.00914919843792261,0.009151408579394633,5.810271941214036e-05,8.21696538034074e-06,0.009133093185777142,0.009165303690068079,0.009065618336832781,0.009102825670458635,0.00918439810008972,0.009238092602403637,0.17592516070600517,0.15998803158375952,0.09913205184454872,0.014019389218443359,0.14844715783785617,0.20340316357415417,0.04683891027567948,0.1121073138881788,0.2343941914400478,0.3148928591450739,0.3957834846653933,0.3957834846653933,0.0,0.0,0.3957834846653933,0.3957834846653933,0.3957834846653933,0.3957834846653933,0.3957834846653933,0.3957834846653933,0.017575157612291403,0.014910642289909078,0.012123763564731476,0.0017145590860248034,0.014214621803682787,0.020935693420900018,0.004484628333496408,0.009876176406170334,0.022847287136457048,0.03290415971203115
rich6d_nu05,1080,theory_1,50,5.671033753857496e-05,4.3456955418769265,4.342253240916422,0.031001559637319875,0.004384282609381609,4.337102347962539,4.3542887357913145,4.298270004648829,4.325048566474296,4.3685003678884815,4.385188469205274,0.9910235631165716,0.9908463135018297,0.0021706396763804953,0.00030697480693624423,0.9904218924949766,0.9916252337381666,0.9883432641538699,0.989305581931799,0.9919393178054401,0.9941719869992718,0.10049858657661495,0.10454754052657828,0.01495881530660056,0.002115495948362876,0.09635221451782372,0.10464495863540618,0.07715379271826638,0.093009623629894,0.11052577355563098,0.11558929842837497,0.990137240841908,0.9891181683327649,0.005092833821069546,0.0007202354660668944,0.9887255793284169,0.9915489023553992,0.983132299915254,0.9874220127082896,0.9930213038767639,0.9974109218279049,0.10625818063009689,0.10831488311069368,0.03623180405842884,0.005123950868867461,0.09621523692711666,0.11630112433307711,0.0511443033408917,0.08966698874263551,0.1264385232278395,0.1644799435558241,0.9906360976273052,0.9909952469224733,0.005347069731087093,0.0007561898532658025,0.9891539655149042,0.9921182297397062,0.9819097954007192,0.9874025890347748,0.993562672864549,0.9994316691633547,0.10147902577731013,0.10520699581714041,0.03432174199184621,0.004853827300913907,0.09196552426751887,0.11099252728710139,0.04862963572594118,0.08429187581724662,0.12335302552460395,0.15008243462100712,0.005239249391081404,0.005061999776339476,0.0021706396763804953,0.00030697480693624423,0.004637578769486365,0.005840920012676443,0.0025589504283796303,0.0035212682063086864,0.006155004079949872,0.008387673273781503,0.0016771188578717567,0.0014528913363494617,0.0012812351786609325,0.00018119401662518062,0.0013219785852864028,0.0020322591304571106,0.0002479677326297098,0.000774657719761366,0.002075796847949617,0.0040599781301064045,0.0001853339092362707,8.416888121137442e-05,0.0015036033170904189,0.00021264162034584437,-0.00023144366664158426,0.0006021114851141256,-0.0021066492829148234,-0.000796274958815723,0.001156511265306928,0.0029787182345804267,0.0018624527671080272,0.0016852031523661255,0.002170639676380515,0.00030697480693624705,0.001260782145512983,0.0024641233887030714,-0.0008178461955937886,0.00014447158233529006,0.002778207455976486,0.005010876649808125,0.0033767966239734402,0.0033767966239734402,0.0,0.0,0.0033767966239734402,0.0033767966239734402,0.0033767966239734402,0.0033767966239734402,0.0033767966239734402,0.0033767966239734402,4.359233608643786,4.359233608643786,0.0,0.0,4.359233608643786,4.359233608643786,4.359233608643786,4.359233608643786,4.359233608643786,4.359233608643786,2.075200460933661e-06,2.0752004609336616e-06,4.27816243494245e-22,6.050235337530716e-23,2.075200460933661e-06,2.075200460933661e-06,2.0752004609336616e-06,2.0752004609336616e-06,2.0752004609336616e-06,2.0752004609336616e-06,0.36855409509676074,0.3560855015080183,0.15269327378676587,0.02159408986723925,0.3262296789569718,0.41087851123654967,0.18000892668601537,0.24770300485757654,0.4329727007964737,0.5900294302935953,0.004023792168404562,0.00402060485270039,2.870514781233323e-05,4.059520934612603e-06,0.004015835507372722,0.004031748829436402,0.003979879633934102,0.0040046745985873105,0.00404490774804489,0.0040603596937085875,0.22524289145987234,0.21762267475429192,0.09331893187939061,0.013197289909000518,0.19937620323823133,0.2511095796815134,0.11001297143286748,0.15138440131229922,0.2646125069509369,0.3605981772929665,0.17352753993225245,0.1735275399322525,5.607473066727768e-17,7.93016446160826e-18,0.17352753993225242,0.17352753993225248,0.1735275399322525,0.1735275399322525,0.1735275399322525,0.1735275399322525,0.01958757509806897,0.015538621148105662,0.01495881530660056,0.002115495948362876,0.015441203039277733,0.023733947156860204,0.004496863246308979,0.009560388119052972,0.02707653804478995,0.04293236895641756
rich6d_nu05,1080,theory_4,50,5.671033753857496e-05,2.1591061496240744,2.1577926306613,0.01818863868047927,0.002572261950303766,2.154064516201479,2.16414778304667,2.133213621307504,2.144503143298084,2.1708437388786943,2.1875626595714777,0.9948962600146988,0.9946545342986315,0.0015376125084799628,0.0002174512463166879,0.994470055571918,0.9953224644574795,0.9928629112775803,0.993780219172011,0.9957702459501843,0.9974887829039802,0.08521103130295601,0.08740652170877092,0.019305813541000305,0.0027302543342328776,0.07985973280785957,0.09056232979805245,0.050443076205358574,0.07656574449707722,0.09958198483715248,0.11075449458576236,0.9942442167798506,0.994376024800293,0.0030542347946365934,0.0004319340269246875,0.9933976260870783,0.995090807472623,0.9895571603809706,0.9922774237401897,0.9960063059378884,0.9993447405101556,0.09220222958343433,0.09074263474712942,0.03827836113134283,0.005413377745736016,0.08159200920179173,0.10281244996507692,0.03154438671142237,0.07151283072090125,0.11789139395179532,0.15654247728671117,0.9948703108185666,0.9946506168515026,0.0037199400460473492,0.0005260789664334956,0.9938391960443569,0.9959014255927763,0.9885587260470701,0.9929327819772695,0.996653672824025,1.0020518308303252,0.0847628308369407,0.09157418321426367,0.03725607245337418,0.005268804294431643,0.07443597441985467,0.09508968725402672,0.016416701387016466,0.06534341732134266,0.11041474946053463,0.12987546852373663,0.00911194628920852,0.008870220573141185,0.0015376125084799628,0.0002174512463166879,0.00868574184642781,0.009538150731989228,0.007078597552090104,0.007995905446520762,0.00998593222469396,0.011704469178489985,0.0008914061412456341,0.0007583771118240357,0.0007711992636521565,0.0001090640457949024,0.0006776406114876254,0.0011051716710036427,9.196690518071057e-05,0.0003402550955933822,0.0010988654479286049,0.002905893918113341,0.0001806270005971626,0.00011900049068436695,0.0012431562329982015,0.00017580884048547037,-0.00016395832675435932,0.0005252123279486845,-0.001398945211984494,-0.0008140904279130366,0.0009210040910682595,0.0022243754317257374,0.0010720331418427966,0.000830307425775426,0.0015376125084799665,0.00021745124631668842,0.0006458286990620873,0.001498237584623506,-0.0009613155952756094,-4.4007700844942506e-05,0.0019460190773282655,0.003664556031124229,0.008039913147365794,0.008039913147365792,1.7523353333524276e-18,2.4781763942525814e-19,0.008039913147365794,0.008039913147365794,0.008039913147365792,0.008039913147365792,0.008039913147365792,0.008039913147365792,2.164061267653121,2.1640612676531203,4.485978453382215e-16,6.344131569286608e-17,2.164061267653121,2.164061267653121,2.1640612676531203,2.1640612676531203,2.1640612676531203,2.1640612676531203,8.300801843734645e-06,8.300801843734646e-06,1.71126497397698e-21,2.4200941350122865e-22,8.300801843734645e-06,8.300801843734645e-06,8.300801843734646e-06,8.300801843734646e-06,8.300801843734646e-06,8.300801843734646e-06,0.6409782906891509,0.623974136869242,0.10816308680341807,0.015296570430553217,0.6109970126452666,0.6709595687330352,0.49794272435392456,0.5624705900311157,0.7024586806336441,0.8233488663489505,0.001999172360763032,0.0019979561395012035,1.68413321115549e-05,2.3817240280590457e-06,0.0019945041816680363,0.0020038405398580274,0.0019751977975069482,0.001985651058609337,0.0020100404989617537,0.0020255209810847016,0.3917357193383681,0.38134358199901985,0.06610418048517613,0.009348542857169496,0.3734125753383159,0.4100588633384203,0.30431912304607,0.3437555130854993,0.4293096358499792,0.5031920193098284,0.08614455240340932,0.08614455240340933,1.401868266681942e-17,1.982541115402065e-18,0.08614455240340932,0.08614455240340932,0.08614455240340933,0.08614455240340933,0.08614455240340933,0.08614455240340933,0.034875130371727917,0.03267963996591302,0.019305813541000305,0.0027302543342328776,0.029523831876631476,0.04022642886682436,0.00933166708892158,0.020504176837531456,0.04352041717760673,0.06964308546932538
rich6d_nu05,1080,ensemble_plugin_loss_oracle,50,5.671033753857496e-05,7.651858507426307,7.653717468955368,0.050491882265573246,0.007140630468971924,7.637862871707122,7.665854143145492,7.577277412903722,7.613482172685277,7.685786745030101,7.725740359689278,0.9897262428378384,0.9894734005284747,0.0022915195904448624,0.00032406980832507643,0.9890910660135213,0.9903614196621555,0.9870404007832744,0.9880519563412187,0.9908380136304236,0.992917202635561,0.10336132166141354,0.10655012476461025,0.012453560390266077,0.001761199400374666,0.0999093708366792,0.10681327248614789,0.0864685313514302,0.0973015760691256,0.11131583633680119,0.1157832972439306,0.9888210557124651,0.9879081749813579,0.006991300065159481,0.0009887191370768441,0.9868831662037946,0.9907589452211357,0.9776717161057844,0.9846152382792819,0.9918354195441326,0.9992594535739872,0.10796279967065589,0.11223384618349092,0.03649465237052929,0.005161123233649394,0.09784699813270308,0.1180786012086087,0.05195154991223132,0.09113680263957702,0.12938997574047184,0.16197889699456447,0.9890614190371284,0.9887340415765149,0.006435734088888232,0.0009101502432332591,0.9872775245603912,0.9908453135138656,0.9789568116936475,0.9843321559494725,0.993765245298893,0.9984048128815568,0.10502898034981475,0.10968409109865432,0.03401126559822715,0.004809919308248631,0.09560153850564744,0.11445642219398207,0.05616464004564579,0.08312271439560534,0.12789292759428475,0.15500770764606472,0.003941929112348186,0.003689086802984465,0.0022915195904448624,0.00032406980832507643,0.003306752288031036,0.004577105936665335,0.0012560870577841444,0.0022676426157284824,0.005053699904933373,0.007132888910070787,0.002623456812497934,0.002530537779352326,0.0016531457640992712,0.00023379011601688224,0.002165228185104845,0.003081685439891023,0.0005966914381063989,0.0015707803871153538,0.003319870847896668,0.005326620398233608,0.0001258719099931264,7.124777824840911e-05,0.0012456390719962718,0.00017615996694389638,-0.00021940162521691048,0.00047114544520316325,-0.0017186716447444446,-0.0008046921703809278,0.000878876658127845,0.002215637465804214,0.0027493287224910606,0.002496486413127317,0.0022915195904448797,0.0003240698083250789,0.002114151898173906,0.0033845055468082154,6.348666792701897e-05,0.0010750422258712785,0.0038610995150763104,0.005940288520213674,0.0011926003898571833,0.0011926003898571833,0.0,0.0,0.0011926003898571833,0.0011926003898571833,0.0011926003898571833,0.0011926003898571833,0.0011926003898571833,0.0011926003898571833,7.6894351388079745,7.6894351388079745,0.0,0.0,7.6894351388079745,7.6894351388079745,7.6894351388079745,7.6894351388079745,7.6894351388079745,7.6894351388079745,7.847599703514606e-07,7.847599703514607e-07,1.0695406087356126e-22,1.512558834382679e-23,7.847599703514606e-07,7.847599703514606e-07,7.847599703514607e-07,7.847599703514607e-07,7.847599703514607e-07,7.847599703514607e-07,0.2772943237651827,0.2595081751064934,0.16119655050025927,0.022796634792522617,0.23261291957183838,0.321975727958527,0.08835922751309153,0.1595169288305553,0.3555016484849683,0.5017618405704967,0.0070850541735428775,0.007086775434217934,4.675174283849378e-05,6.611694878677712e-06,0.007072095251580669,0.007098013095505086,0.007015997604540483,0.007049520530264145,0.007116469208361205,0.0071534632960085906,0.16946922066862868,0.15859916494243603,0.09851573381243603,0.013932228686468472,0.14216205244315047,0.1967763888941069,0.05400099512388882,0.0974892282153582,0.2172658513059869,0.3066531868670571,0.30609251141305394,0.30609251141305394,0.0,0.0,0.30609251141305394,0.30609251141305394,0.30609251141305394,0.30609251141305394,0.30609251141305394,0.30609251141305394,0.016724840013270393,0.013536036910073698,0.012453560390266077,0.001761199400374666,0.013272889188536047,0.02017679083800474,0.004302864430753342,0.008770325337882762,0.022784585605558346,0.033617630323253725
rich6d_nu05,1080,crossfit_loss_oracle,50,5.671033753857496e-05,7.651858507426307,7.653717468955368,0.050491882265573246,0.007140630468971924,7.637862871707122,7.665854143145492,7.577277412903722,7.613482172685277,7.685786745030101,7.725740359689278,0.9897262428378384,0.9894734005284747,0.0022915195904448624,0.00032406980832507643,0.9890910660135213,0.9903614196621555,0.9870404007832744,0.9880519563412187,0.9908380136304236,0.992917202635561,0.10336132166141354,0.10655012476461025,0.012453560390266077,0.001761199400374666,0.0999093708366792,0.10681327248614789,0.0864685313514302,0.0973015760691256,0.11131583633680119,0.1157832972439306,0.9888210557124651,0.9879081749813579,0.006991300065159481,0.0009887191370768441,0.9868831662037946,0.9907589452211357,0.9776717161057844,0.9846152382792819,0.9918354195441326,0.9992594535739872,0.10796279967065589,0.11223384618349092,0.03649465237052929,0.005161123233649394,0.09784699813270308,0.1180786012086087,0.05195154991223132,0.09113680263957702,0.12938997574047184,0.16197889699456447,0.9890614190371284,0.9887340415765149,0.006435734088888232,0.0009101502432332591,0.9872775245603912,0.9908453135138656,0.9789568116936475,0.9843321559494725,0.993765245298893,0.9984048128815568,0.10502898034981475,0.10968409109865432,0.03401126559822715,0.004809919308248631,0.09560153850564744,0.11445642219398207,0.05616464004564579,0.08312271439560534,0.12789292759428475,0.15500770764606472,0.003941929112348186,0.003689086802984465,0.0022915195904448624,0.00032406980832507643,0.003306752288031036,0.004577105936665335,0.0012560870577841444,0.0022676426157284824,0.005053699904933373,0.007132888910070787,0.002623456812497934,0.002530537779352326,0.0016531457640992712,0.00023379011601688224,0.002165228185104845,0.003081685439891023,0.0005966914381063989,0.0015707803871153538,0.003319870847896668,0.005326620398233608,0.0001258719099931264,7.124777824840911e-05,0.0012456390719962718,0.00017615996694389638,-0.00021940162521691048,0.00047114544520316325,-0.0017186716447444446,-0.0008046921703809278,0.000878876658127845,0.002215637465804214,0.0027493287224910606,0.002496486413127317,0.0022915195904448797,0.0003240698083250789,0.002114151898173906,0.0033845055468082154,6.348666792701897e-05,0.0010750422258712785,0.0038610995150763104,0.005940288520213674,0.0011926003898571833,0.0011926003898571833,0.0,0.0,0.0011926003898571833,0.0011926003898571833,0.0011926003898571833,0.0011926003898571833,0.0011926003898571833,0.0011926003898571833,7.6894351388079745,7.6894351388079745,0.0,0.0,7.6894351388079745,7.6894351388079745,7.6894351388079745,7.6894351388079745,7.6894351388079745,7.6894351388079745,7.847599703514606e-07,7.847599703514607e-07,1.0695406087356126e-22,1.512558834382679e-23,7.847599703514606e-07,7.847599703514606e-07,7.847599703514607e-07,7.847599703514607e-07,7.847599703514607e-07,7.847599703514607e-07,0.2772943237651827,0.2595081751064934,0.16119655050025927,0.022796634792522617,0.23261291957183838,0.321975727958527,0.08835922751309153,0.1595169288305553,0.3555016484849683,0.5017618405704967,0.0070850541735428775,0.007086775434217934,4.675174283849378e-05,6.611694878677712e-06,0.007072095251580669,0.007098013095505086,0.007015997604540483,0.007049520530264145,0.007116469208361205,0.0071534632960085906,0.16946922066862868,0.15859916494243603,0.09851573381243603,0.013932228686468472,0.14216205244315047,0.1967763888941069,0.05400099512388882,0.0974892282153582,0.2172658513059869,0.3066531868670571,0.30609251141305394,0.30609251141305394,0.0,0.0,0.30609251141305394,0.30609251141305394,0.30609251141305394,0.30609251141305394,0.30609251141305394,0.30609251141305394,0.016724840013270393,0.013536036910073698,0.012453560390266077,0.001761199400374666,0.013272889188536047,0.02017679083800474,0.004302864430753342,0.008770325337882762,0.022784585605558346,0.033617630323253725
rich6d_nu05,1080,zero,50,,0.0,0.0,0.0,0.0,0.0,0.0,0.0,0.0,0.0,0.0,1.0,1.0,0.0,0.0,1.0,1.0,1.0,1.0,1.0,1.0,0.0,0.0,0.0,0.0,0.0,0.0,0.0,0.0,0.0,0.0,1.0,1.0,0.0,0.0,1.0,1.0,1.0,1.0,1.0,1.0,0.0,0.0,0.0,0.0,0.0,0.0,0.0,0.0,0.0,0.0,1.0,1.0,0.0,0.0,1.0,1.0,1.0,1.0,1.0,1.0,0.0,0.0,0.0,0.0,0.0,0.0,0.0,0.0,0.0,0.0,0.014215686274509804,0.014215686274509805,1.7523353333524276e-18,2.4781763942525814e-19,0.014215686274509804,0.014215686274509804,0.014215686274509805,0.014215686274509805,0.014215686274509805,0.014215686274509805,,,,,,,,,,,,,,,,,,,,,,,,,,,,,,,,,,,,,,,,,,,,,,,,,,,,,,,,,,,,,,,,,,,,,,,,,,,,,,,,,,,,,,,,,,,,,,,,,,,,,,,,,,,,,,
rich6d_nu05,1080,linear_validation,50,,2.2099179086652456,1.869487230789962,1.9938766953651257,0.28197674642850085,1.657243485665384,2.7625923316651075,0.061134825298644106,0.4481141835046082,2.8011623653528313,6.999998826940417,0.9988202137232466,0.9980963779695646,0.0028007343603017854,0.00039608365169431194,0.9980438897659257,0.9995965376805674,0.9959717513077367,0.996865013656379,0.999904127914664,1.005144078780017,0.048146440034743214,0.05262610413550614,0.018559787636822752,0.002624750339075923,0.0430019293701544,0.053290950699332026,0.010227981017552755,0.04186132632662255,0.0619407015777286,0.06449073299425429,0.9979333336990149,0.9984772345657463,0.004637175500078904,0.0006557956483315825,0.996647974228285,0.9992186931697449,0.9913215503074654,0.9952992424362535,0.999914105451027,1.005374339599509,0.0567874268832637,0.059363770131778265,0.038796712613365175,0.005486683715331235,0.04603352680121448,0.06754132696531293,0.0002664903358347275,0.03719356823495385,0.0833528723503822,0.11571957103977243,0.9996710200838861,0.9996569109135753,0.005217491896043362,0.0007378647800956237,0.9982248051148986,1.0011172350528734,0.9923795158311911,0.9976370720879194,0.9999957251999539,1.010603823022148,0.04390426889952307,0.044620542323348424,0.03794301121476473,0.0053659521057194725,0.03338700277231291,0.054421535026733234,-0.030418474622240104,0.02900038447124874,0.07034775545826684,0.0921762186959891,0.013035899997756123,0.012312064244074439,0.0028007343603017854,0.00039608365169431194,0.012259576040435271,0.013812223955076974,0.010187437582246477,0.011080699930888782,0.014119814189173713,0.0193597650545267,,,,,,,,,,,,,,,,,,,,,,,,,,,,,,,,,,,,,,,,,,,,,,,,,,,0.002352238774419581,6.158482110660255e-05,0.004141242952917113,0.0005856601949097386,0.0012043447923964932,0.0035001327564426685,1e-12,1.8329807108324338e-05,0.001215227285744958,0.01,,,,,,,,,,,,,,,,,,,,,,,,,,,,,,,,,,,,,,,,,,,,,,,,,,
rich6d_nu05,1080,equal_weight,50,,,,,,,,,,,,0.9991583593539448,0.9991583593539449,1.1214946133455537e-16,1.586032892321652e-17,0.9991583593539448,0.9991583593539448,0.9991583593539449,0.9991583593539449,0.9991583593539449,0.9991583593539449,0.02971753986198934,0.02971753986198934,0.0,0.0,0.02971753986198934,0.02971753986198934,0.02971753986198934,0.02971753986198934,0.02971753986198934,0.02971753986198934,0.999378414651199,0.999283789767581,0.0018363267485137576,0.00025969581926966437,0.9988694108454305,0.9998874184569676,0.9964316319841577,0.9980109963717856,1.0006666044366286,1.002095645756158,0.025209036677750034,0.026907622647700115,0.03935455020776618,0.005565573864491584,0.01430051190334653,0.036117561452153536,-0.03445517717643722,-0.0031183205906825623,0.054385303342775,0.08902072070974738,0.9990399637476195,0.9990569737022439,0.0014237579359341267,0.0002013497782534366,0.9986453181822428,0.9994346093129962,0.9967428597864038,0.9980234865377688,1.0000044936807921,1.0015487505390404,0.03213237157485392,0.03201153602559556,0.030577964942156886,0.00432437727309673,0.023656592119584333,0.04060815103012351,-0.021563604353224363,0.011875994484085696,0.0532361765570958,0.0812703084773152,0.013374045628454678,0.013374045628454678,0.0,0.0,0.013374045628454678,0.013374045628454678,0.013374045628454678,0.013374045628454678,0.013374045628454678,0.013374045628454678,,,,,,,,,,,,,,,,,,,,,,,,,,,,,,,,,,,,,,,,,,,,,,,,,,,,,,,,,,,,,,,,,,,,,,,,,,,,,,,,,,,,,,,,,,,,,,,,,,,,,,,,,,,,,,
rich6d_nu05,1440,holdout25,50,5.671033753857496e-05,10.95565328567321,7.6337136890192925,12.358876237782416,1.7478090391162464,7.529947569005366,14.381359002341053,0.08116025802005582,3.3875498754988227,11.985388732720757,37.68670922335548,0.9925010593127501,0.9904830327084095,0.004947073702284515,0.000699621872383004,0.9911298004428795,0.9938723181826208,0.9874839909425543,0.9890077822738176,0.9959689750905012,1.0009161302787954,0.09361569068476594,0.10477154571140926,0.024808380501119335,0.0035084348165195203,0.08673915844438768,0.1004922229251442,0.04251458187732159,0.08608347795948094,0.10864517431519131,0.11453972997875593,0.993445172365464,0.9948432469614619,0.008330593417856573,0.00117812381941488,0.9911360496794108,0.9957542950515172,0.9801281267635876,0.987345641036245,0.9999553245036292,1.0072593744141796,0.09056690461710336,0.09046555137718004,0.046146097796030884,0.0065260437353742064,0.0777758588957699,0.10335795033843681,0.01598852107575267,0.061833292220205074,0.11464062189643268,0.17305759232015092,0.9918612786875168,0.9916077273772164,0.007614605707902384,0.0010768678664239133,0.9897506176693259,0.9939719397057077,0.9799846860527472,0.9862658281496057,0.9989344439594017,1.0003579969551464,0.09854530031229373,0.10535084722199362,0.03988773763304197,0.005640977953302765,0.08748898352382031,0.10960161710076716,0.027829451117409875,0.06959319219412101,0.13015072760792362,0.1584367973501877,0.006716745587259944,0.004698718982919292,0.004947073702284515,0.000699621872383004,0.0053454867173892565,0.008088004457130631,0.0016996772170641493,0.0032234685483273073,0.010184661365010922,0.01513181655330529,0.0031764928549009902,0.0016259442673452807,0.004528231881075156,0.0006403886939786717,0.0019213310147027938,0.004431654695099187,1.092234311731825e-06,0.0005548758590866457,0.0035224196472707268,0.013779017320308496,2.3337378873010246e-05,-1.4813188274105264e-05,0.0007708334447478014,0.00010901231118931125,-0.0001903267510580398,0.00023700150880406028,-0.0011572920744431538,-0.000293280068854322,0.00027758395992481127,0.0013456934232185472,0.003199830233774001,0.0017656221885657163,0.004508318786520065,0.000637572557139809,0.0019501880217799752,0.004449472445768026,3.366565160254834e-06,0.0006386003780014926,0.00366017034609091,0.013779766218986597,0.00351691535348599,0.0011926003898571833,0.00459315959170506,0.0006495708588733364,0.0022437564700942504,0.004790074236877729,0.0001406182071586385,0.0004903544813022794,0.0049419938687505684,0.014086619523594539,11.067015923803737,7.6894351388079745,12.563236906693216,1.7767100020751756,7.584664319736393,14.54936752787108,0.0815807524784929,3.3717666454855193,12.118395454539451,38.17836112812698,0.0006174266776720193,7.847599703514607e-07,0.0023958723376937383,0.00033882751536810164,-4.667525244945992e-05,0.0012815286077934986,6.128944712441705e-08,3.792690190732246e-07,3.359818286283781e-06,0.005745501765152556,0.47248831027621674,0.330530576729495,0.34800104664346243,0.04921477998832166,0.37602734149910627,0.5689492790533272,0.11956350078658154,0.22675433926164504,0.7164382477455958,1.064445026508372,0.007608092559495283,0.0053011900618189535,0.008582552942904456,0.00121375627716406,0.005229130256253725,0.00998705486273684,5.636129029170543e-05,0.0023524651913186265,0.00832318661994497,0.026171325849552413,0.33714414753397437,0.23585017258994778,0.24831623060251354,0.035117218107543965,0.2683144000431882,0.40597389502476056,0.08531456476733658,0.16180061336396853,0.5112146841383594,0.7595350048959891,0.38576672959711883,0.2680332500079744,0.43792101213342527,0.06193138346072427,0.26438121801409925,0.5071522411801384,0.00284368797319699,0.11753081415523443,0.42241502268079506,1.3307960894948565,0.026470470989917994,0.015314615963274686,0.024808380501119335,0.0035084348165195203,0.019593938749539734,0.033347003230296254,0.005546431695928016,0.011440987359492626,0.034002683715203,0.07757157979736234
rich6d_nu05,1440,rolling3,50,5.671033753857496e-05,6.494557852687575,6.199894866031123,2.968074664374711,0.4197491444494688,5.671849529566616,7.317266175808534,0.6918794521449857,4.572890022883824,8.876946428822219,10.383483359654788,0.9903289749076307,0.9892121743961568,0.0032345812499148707,0.00045743886722273276,0.9894323947278741,0.9912255550873873,0.9873621175479603,0.988572869091086,0.9907830533469602,0.9986496208039958,0.10168860686652467,0.10778074199807694,0.019824954182852995,0.0028036719078815926,0.09619340992707676,0.10718380380597259,0.058458199818454085,0.10023530682246952,0.11206678212361093,0.1164871305968616,0.9902596145432095,0.989567597096155,0.0073463493272185945,0.0010389306852483,0.9882233104001229,0.9922959186862962,0.9798426818086146,0.9866431475488486,0.9952261773370745,1.0025004531569603,0.10211938925538608,0.10794770677522536,0.04318832594723276,0.006107751629076641,0.09014819606239587,0.11409058244837629,0.02543301494567872,0.07327848839418208,0.12060544872984807,0.17385430159462414,0.9894727932443722,0.9885488240977833,0.006909465788702016,0.0009771460227135304,0.9875575870398536,0.9913879994488908,0.9795936319699994,0.9839235859429518,0.9944807420787594,1.0001632585441482,0.10890088156650725,0.11617552724820598,0.03662825694291346,0.00518001777347547,0.09874804673049532,0.11905371640251917,0.04355867310033446,0.08165484496892743,0.1380540933880416,0.15938128489823394,0.004544661182140583,0.003427860670666527,0.003234581249914871,0.0004574388672227328,0.003648081002384027,0.005441241361897139,0.0015778038224701252,0.0027885553655956907,0.00499873962146985,0.012865307078505542,0.001604890201370532,0.0012979827877829956,0.001199345316671948,0.00016961304128061236,0.0012724486404605319,0.0019373317622805324,6.692125487096611e-05,0.0006188360882881586,0.002339356138775119,0.0033232922600576476,4.4268799073244466e-05,1.1501379767927914e-05,0.0009536987131532915,0.0001348733654559153,-0.0002200829972203495,0.0003086205953668384,-0.0014106042879472747,-0.0006438186489406292,0.0004915135011796198,0.0017126949093514358,0.0016491590004437768,0.0015623624677209105,0.0012630822141878868,0.0001786267997696748,0.0012990504728952143,0.0019992675279923394,7.86075938541648e-06,0.0008741212167966538,0.00232476675417582,0.00384294295925575,0.00289550218169686,0.001838382825277963,0.003462817375122786,0.0004897163295919845,0.0019356581756965704,0.00385534618769715,0.0006563095108306286,0.0008855007381106863,0.003196453340951752,0.01245752759175374,6.520141719934348,6.194522111015623,2.989445370498695,0.42277141869327167,5.691509739295536,7.348773700573161,0.6805008177650881,4.524803557638127,8.931418676292397,10.39601651584529,0.0006016133147845105,1.137137492851566e-06,0.0023985691482404244,0.0003392089019731291,-6.323613308282247e-05,0.0012664627626518435,4.832930238571752e-07,6.158482110660254e-07,1.9577977456332726e-06,0.005508248413198718,0.3196934072954065,0.24113226786757636,0.22753606033883916,0.032178458246012925,0.2566236291332212,0.38276318545759186,0.11099033785651914,0.19616044640742097,0.35163547682063767,0.9050078082810794,0.004510109619921927,0.004305482545854947,0.0020611629613713272,0.00029149246142324225,0.003938784395532372,0.005081434844311482,0.00048047184176735125,0.0031756180714471,0.006164546131126541,0.007210752333093603,0.22811730773155361,0.17205998778175519,0.16235841062677464,0.022960946627372473,0.18311385234190358,0.27312076312120365,0.07919718229487704,0.13997033375334023,0.25090957913030926,0.6457685394505168,0.2272747925119379,0.2159245593063372,0.10420411173404764,0.014736686806933155,0.19839088637034893,0.2561586986535269,0.023720447929668896,0.15772261307992533,0.3113254916354857,0.36237747553334,0.01839755480815928,0.012305419676607005,0.019824954182852995,0.0028036719078815926,0.012902357868711358,0.023892751747607202,0.003599031077822345,0.008019379551073017,0.019850854852214425,0.061627961856229846
rich6d_nu05,1440,theory_0.25,50,5.671033753857496e-05,10.906750588328327,10.895591277158005,0.06610565741069567,0.00934875172597953,10.888427034945407,10.925074141711248,10.806920071161407,10.867994944871354,10.953946266204536,11.010240131672424,0.9891425176775901,0.988963778274934,0.001702592540037637,0.0002407829461316483,0.988670583103172,0.9896144522520082,0.9872108310361266,0.988034404970608,0.989580386222941,0.9921278891301839,0.1061652373370835,0.10834580278078042,0.008476923914131256,0.0011988180766569242,0.10381555390683593,0.10851492076733106,0.09418160610657511,0.10330677478659687,0.11155400732787309,0.11481312639867455,0.9888206925631917,0.9884939101967516,0.007942679407654996,0.0011232644939887196,0.9866190941549738,0.9910222909714096,0.9759960182063356,0.9838832848565773,0.9923424465282639,1.0030887723158368,0.10807624281463118,0.11021396463516592,0.03822612950635446,0.0054059910784916825,0.09748050030078749,0.11867198532847488,0.044720779485380106,0.09133567957974065,0.12987434909738554,0.16879106087363732,0.9877163388254502,0.9868019309106009,0.007117721264810021,0.001006597794588571,0.9857434071480565,0.9896892705028438,0.9772199219201998,0.9827418225213826,0.992273852734514,0.9991681257697437,0.11326627210643066,0.11701897547169524,0.03328601325214799,0.004707353137851826,0.10403985995624107,0.12249268425662024,0.0602340974619871,0.09086199935098109,0.1387169374761407,0.15924957239089918,0.003358203952099943,0.0031794645494437335,0.0017025925400376367,0.00024078294613164827,0.002886269377681912,0.0038301385265179736,0.0014265173106363161,0.002250091245117797,0.0037960724974507587,0.006343575404693672,0.002681929169686092,0.002457011064325898,0.0014312157583617462,0.00020240447361572758,0.002285216401399266,0.003078641937972918,0.0007906880695649524,0.0017615657517672818,0.0035711978982113975,0.004954492067338341,8.389185523382449e-05,7.245121640907809e-05,0.0008023243710512593,0.00011346580069631543,-0.00013850111413095376,0.0003062848245986027,-0.0010950759087528684,-0.0006055078357753978,0.0006361857768136071,0.0014577495932160775,0.0027658210249199163,0.0025870816222637294,0.0017025925400376365,0.00024078294613164822,0.002293886450501886,0.0032377555993379466,0.0008341343834562819,0.0016577083179377633,0.0032036895702707473,0.005751192477513595,0.0005923829271800696,0.0005923829271800695,1.0952095833452673e-19,1.5488602464078634e-20,0.0005923829271800696,0.0005923829271800696,0.0005923829271800695,0.0005923829271800695,0.0005923829271800695,0.0005923829271800695,10.961917953884731,10.961917953884731,0.0,0.0,10.961917953884731,10.961917953884731,10.961917953884731,10.961917953884731,10.961917953884731,10.961917953884731,4.4435017909658605e-07,4.4435017909658594e-07,1.0695406087356126e-22,1.512558834382679e-23,4.44350179096586e-07,4.443501790965861e-07,4.4435017909658594e-07,4.4435017909658594e-07,4.4435017909658594e-07,4.4435017909658594e-07,0.2362322780097891,0.2236588855470764,0.11976857867850962,0.01693783483132974,0.20303412174038282,0.2694304342791954,0.10034811426545119,0.158282280691045,0.2670340653379154,0.44623771812327895,0.007574132353005783,0.007566382831359724,4.590670653520532e-05,6.492188698596895e-06,0.007561407663156533,0.0075868570428550336,0.0075048056049732,0.007547218711716219,0.007606907129308706,0.0076460000914391835,0.1685635988392159,0.15959185162080708,0.08546089814648776,0.01208599612113487,0.14487504644179156,0.19225215123664025,0.0716034210896971,0.11294235948846874,0.19054222160174117,0.318413031184259,0.3821032939951381,0.38210329399513815,5.607473066727768e-17,7.93016446160826e-18,0.3821032939951381,0.3821032939951381,0.38210329399513815,0.38210329399513815,0.38210329399513815,0.38210329399513815,0.013920924337600449,0.011740358893903527,0.008476923914131256,0.0011988180766569242,0.011571240907352877,0.01627060776784802,0.005273035276009388,0.008532154346810861,0.01677938688808707,0.025904555568108827
rich6d_nu05,1440,theory_1,50,5.671033753857496e-05,4.738697563388995,4.732814349338055,0.0329192387742802,0.004655483393758532,4.729572815937228,4.747822310840762,4.691485681098396,4.716180875904951,4.763895473289942,4.785926264463015,0.9902101609521872,0.989948141255194,0.0016878991289040028,0.00023870498400137738,0.9897422991835445,0.9906780227208298,0.9881763585614487,0.9889597098562971,0.9909682717592049,0.993021434794816,0.10527597121780387,0.10756315942907212,0.010678213967854984,0.001510127501526234,0.10231612131481245,0.10823582112079529,0.08950225745388204,0.10078608220883736,0.11188592927262977,0.11679663984915334,0.9896997528720438,0.9893888712598626,0.00516105146223162,0.000729882897399345,0.9882691823931411,0.9911303233509465,0.9815045385375009,0.9868510594086395,0.9918422431427777,0.997161896121912,0.10827599850089908,0.11067295138807104,0.035983510954960815,0.005088836921430642,0.09830187813489502,0.11825011886690315,0.056894748264775606,0.0984966548850026,0.12415386404167016,0.17839476990272632,0.9895155126338806,0.9885472615760691,0.005641767990259742,0.0007978664807587727,0.9879516943315934,0.9910793309361678,0.9811599369854427,0.9852472153247882,0.9934198934958612,0.9984032938390641,0.11033779647103208,0.11599062655333368,0.03647617492547684,0.005158510128310276,0.10022711661954394,0.12044847632252022,0.0503661634522118,0.08561448276095424,0.1365222057079293,0.16046000063000224,0.004425847226696969,0.00416382752970379,0.0016878991289040028,0.00023870498400137738,0.003957985458054269,0.004893708995339668,0.0023920448359584846,0.00317539613080689,0.005183958033714603,0.00723712106932572,0.0013176745060770334,0.0010376515503178513,0.0009852615539980866,0.00013933702521488857,0.0010445739366558519,0.0015907750754982149,0.00019203978402363938,0.0006299452086707784,0.001863227536871431,0.002880899000202551,0.00018038868764093125,0.00016968959527761523,0.0012807866859489174,0.00018113059017758489,-0.00017462726910713513,0.0005354046443889976,-0.0017127258019295976,-0.0006372673747063028,0.0009255885831147754,0.0023370540287771294,0.0014980631937179642,0.0012360434967248063,0.0016878991289040013,0.00023870498400137716,0.001030201425075265,0.0019659249623606634,-0.0005357391970204974,0.0002476120978279468,0.0022561740007356313,0.004309337036346685,0.0029277840329790723,0.002927784032979072,4.380838333381069e-19,6.195440985631454e-20,0.0029277840329790723,0.0029277840329790723,0.002927784032979072,0.002927784032979072,0.002927784032979072,0.002927784032979072,4.751439850943319,4.751439850943319,0.0,0.0,4.751439850943319,4.751439850943319,4.751439850943319,4.751439850943319,4.751439850943319,4.751439850943319,1.7774007163863442e-06,1.7774007163863438e-06,4.27816243494245e-22,6.050235337530716e-23,1.777400716386344e-06,1.7774007163863444e-06,1.7774007163863438e-06,1.7774007163863438e-06,1.7774007163863438e-06,1.7774007163863438e-06,0.3113354600848901,0.2929037296757148,0.11873497320566087,0.016791660943545166,0.27842380463554156,0.34424711553423865,0.16826798156397615,0.22337269333951915,0.3646646340957858,0.509094033842223,0.0032907621967979126,0.003286676631484761,2.2860582482139038e-05,3.232974578998982e-06,0.0032844255666230745,0.0032970988269727507,0.0032579761674294415,0.003275125608267327,0.003308260745340238,0.003323559905877094,0.2221534924875824,0.20900152681726844,0.08472336871252924,0.01198169370831952,0.19866937281927613,0.24563761215588867,0.1200676587500854,0.15938763910221299,0.2602065374403422,0.36326417039615005,0.16562255126365102,0.16562255126365102,0.0,0.0,0.16562255126365102,0.16562255126365102,0.16562255126365102,0.16562255126365102,0.16562255126365102,0.16562255126365102,0.01481019045688008,0.012523002245611828,0.010678213967854984,0.001510127501526234,0.011850340553888662,0.017770040359871498,0.0032895218255306045,0.00820023240205417,0.01930007946584658,0.030583904220801893
rich6d_nu05,1440,theory_4,50,5.671033753857496e-05,2.324357482785541,2.3220975458965025,0.018889506060760126,0.0026713795657655748,2.3191215788366404,2.3295933867344414,2.299725557550001,2.310949803309237,2.3386289843034476,2.3568684925762367,0.9942138085607963,0.9940680499880142,0.001308364018377874,0.0001850306139310951,0.9938511485574913,0.9945764685641013,0.9925855796210046,0.9932269139248262,0.9949778888047727,0.9965338865274208,0.0913530495667859,0.09231175009182274,0.016852309693687596,0.0023832764926124575,0.08668182764126549,0.09602427149230632,0.06410136987388865,0.08422897390396111,0.09966787701834598,0.11680928804827165,0.9937719860015062,0.9937592983299831,0.0030759316624450104,0.00043500242739625547,0.9929193812438095,0.9946245907592028,0.9885190532115531,0.9917500356784268,0.995451870714021,0.9986153379925753,0.09507638218990237,0.09269777672791563,0.0370063618690122,0.00523348988492436,0.08481874201545063,0.10533402236435412,0.03792710443654334,0.07466997662911724,0.11038884857785775,0.17170910881571466,0.994184046247366,0.9940385848310174,0.0038913660199658717,0.0005503222601593548,0.9931054146174537,0.9952626778772783,0.988300458690192,0.9912101649788853,0.9963084354912755,1.0009263438517972,0.09264477192531104,0.10161518136239223,0.04170930312455334,0.005898586215587385,0.08108354294275977,0.1042060009078623,0.02081909665892005,0.06701848975300892,0.12578010496776437,0.14819323017207578,0.00842949483530617,0.008283736262523989,0.0013083640183778739,0.00018503061393109504,0.008066834832001225,0.008792154838611116,0.006801265895514369,0.007442600199335958,0.009193575079282368,0.0107495728019306,0.0007078448921905892,0.0005022215582730894,0.000629703543675778,8.905352917406839e-05,0.0005332999750094151,0.0008823898093717633,6.842881729921938e-05,0.0002939473056420364,0.0009610449885030946,0.002104186445047578,0.000191918844387171,0.00018510617929228562,0.0011160072329385827,0.00015782725645282136,-0.00011742257826035884,0.0005012602670347009,-0.0016091079846220647,-0.000537543855980097,0.0007661279610400043,0.002002972961349173,0.0008997637365777603,0.0007540051637956001,0.0013083640183778693,0.00018503061393109442,0.0005371037332728152,0.0012624237398827054,-0.0007284652032140891,-8.713089939239243e-05,0.001663843980553876,0.0032198417032022336,0.007529731098728475,0.007529731098728476,1.7523353333524276e-18,2.4781763942525814e-19,0.007529731098728474,0.0075297310987284755,0.007529731098728476,0.007529731098728476,0.007529731098728476,0.007529731098728476,2.3284147843212355,2.328414784321235,4.485978453382215e-16,6.344131569286608e-17,2.3284147843212355,2.3284147843212355,2.328414784321235,2.328414784321235,2.328414784321235,2.328414784321235,7.109602865545377e-06,7.109602865545375e-06,1.71126497397698e-21,2.4200941350122865e-22,7.109602865545376e-06,7.109602865545378e-06,7.109602865545375e-06,7.109602865545375e-06,7.109602865545375e-06,7.109602865545375e-06,0.5929713608284339,0.5827179991568598,0.09203664129278838,0.013015946635152894,0.5674601054235343,0.6184826162333336,0.4784338767879073,0.523548427815357,0.6467204538529665,0.756176845377187,0.0016141371408232921,0.0016125677402059047,1.3117712542194539e-05,1.8551246984483166e-06,0.0016105010964143334,0.0016177731852322508,0.0015970316371875007,0.0016048262522980813,0.0016240479057662831,0.00163671423095572,0.42311485725793246,0.4157985685690133,0.06567276754933346,0.009287531854684306,0.40491129482275123,0.4413184196931137,0.34138660794959536,0.3735781066951107,0.4614675355239548,0.5395701700441718,0.0811623442739625,0.08116234427396249,1.401868266681942e-17,1.982541115402065e-18,0.0811623442739625,0.0811623442739625,0.08116234427396249,0.08116234427396249,0.08116234427396249,0.08116234427396249,0.028733112107898025,0.027774411582861203,0.016852309693687596,0.0023832764926124575,0.02406189018237761,0.03340433403341844,0.0032768736264122992,0.02041828465633797,0.03585718777072283,0.05598479180079528
rich6d_nu05,1440,ensemble_plugin_loss_oracle,50,5.671033753857496e-05,8.893642848075471,8.883920965384135,0.05614789487802956,0.007940511443520825,8.87807944564617,8.909206250504772,8.808046961199024,8.856022321345227,8.934638773658904,8.977321478660611,0.9889944856528396,0.9888904878500269,0.0016889026129137566,0.0002388468980709992,0.9885263457326204,0.9894626255730589,0.9871317202948611,0.9878101657651557,0.9894949624073062,0.9918757805617691,0.10709476876246846,0.10844376041172418,0.008461929643337671,0.001196697566545506,0.10474924153203927,0.10944029599289765,0.09643340699256876,0.10512428623491026,0.1121923243413289,0.11549463665609927,0.9886162404590836,0.9882559104588134,0.007306394915432987,0.0010332802781459153,0.9865910111139176,0.9906414698042496,0.9771430764228219,0.9843657973439737,0.9912965350914835,1.0014854510567879,0.10931160916824605,0.1111316308535033,0.03773524847860473,0.005336570017796151,0.09885193193336558,0.11977128640312651,0.04878854342995388,0.09537831463784464,0.12962015555837053,0.1719738286291041,0.9877161709224876,0.9868957585138793,0.006804584424242622,0.0009623135579076633,0.9858300363489886,0.9896023054959867,0.9778211149751276,0.9826403329220423,0.9922397357775962,0.9986091763372782,0.1139378343713757,0.11764317659542911,0.0337961154557531,0.0047794924833053,0.10457002910409731,0.12330563963865408,0.059811856923148624,0.09004193403565879,0.13900277362800148,0.15880077185968625,0.0032101719273492347,0.003106174124536565,0.0016889026129137566,0.0002388468980709992,0.002742032007130076,0.003678311847568393,0.0013474065693707682,0.0020258520396653767,0.00371064868181592,0.006091466836278827,0.0022186747409847847,0.0019858856311909816,0.0013072171013206824,0.00018486841536537532,0.0018563326468686492,0.0025810168351009205,0.0005727613781005446,0.0013441002967917678,0.003002723390499991,0.004233699063374267,0.00010599644825382148,7.986117740032867e-05,0.0009561456742858926,0.0001352194180179477,-0.00015903361106135605,0.000371026507568999,-0.0012837632954169702,-0.0007263148191177661,0.0007548032706331581,0.0017598816445706187,0.0023246711892386065,0.002220673386425897,0.0016889026129137544,0.00023884689807099888,0.0018565312690194487,0.002792811109457764,0.0004619058312601328,0.0011403513015547666,0.0028251479437053136,0.0052059660981682125,0.0008855007381106864,0.0008855007381106863,1.0952095833452673e-19,1.5488602464078634e-20,0.0008855007381106864,0.0008855007381106864,0.0008855007381106863,0.0008855007381106863,0.0008855007381106863,0.0008855007381106863,8.931418676292397,8.931418676292397,0.0,0.0,8.931418676292397,8.931418676292397,8.931418676292397,8.931418676292397,8.931418676292397,8.931418676292397,6.158482110660256e-07,6.158482110660254e-07,1.0695406087356126e-22,1.512558834382679e-23,6.158482110660256e-07,6.158482110660256e-07,6.158482110660254e-07,6.158482110660254e-07,6.158482110660254e-07,6.158482110660254e-07,0.22581899075146342,0.2185032832432618,0.11880556311531253,0.01680164386430477,0.19288776877742606,0.25875021272550075,0.0947830828109092,0.14250821244542647,0.26102494175532676,0.42850318434513124,0.006176140866719078,0.006169389559294539,3.8991593665298344e-05,5.514244058000578e-06,0.0061653329483653966,0.006186948785072759,0.006116699278610432,0.006150015500934185,0.006204610259485349,0.006234251026847647,0.1611331952093733,0.15591307035587454,0.08477373815955344,0.011988817023830605,0.13763511384266533,0.18463127657608128,0.06763249155570614,0.10168676929470753,0.1862544100228816,0.30575855033784255,0.31132549163548573,0.3113254916354857,5.607473066727768e-17,7.93016446160826e-18,0.31132549163548573,0.31132549163548573,0.3113254916354857,0.3113254916354857,0.3113254916354857,0.3113254916354857,0.012991392912215492,0.011642401262959762,0.00846192964333767,0.0011966975665455059,0.0106458656817863,0.015336920142644683,0.004591525018584666,0.007893837333355039,0.014961875439773693,0.02365275468211518
rich6d_nu05,1440,crossfit_loss_oracle,50,5.671033753857496e-05,8.893642848075471,8.883920965384135,0.05614789487802956,0.007940511443520825,8.87807944564617,8.909206250504772,8.808046961199024,8.856022321345227,8.934638773658904,8.977321478660611,0.9889944856528396,0.9888904878500269,0.0016889026129137566,0.0002388468980709992,0.9885263457326204,0.9894626255730589,0.9871317202948611,0.9878101657651557,0.9894949624073062,0.9918757805617691,0.10709476876246846,0.10844376041172418,0.008461929643337671,0.001196697566545506,0.10474924153203927,0.10944029599289765,0.09643340699256876,0.10512428623491026,0.1121923243413289,0.11549463665609927,0.9886162404590836,0.9882559104588134,0.007306394915432987,0.0010332802781459153,0.9865910111139176,0.9906414698042496,0.9771430764228219,0.9843657973439737,0.9912965350914835,1.0014854510567879,0.10931160916824605,0.1111316308535033,0.03773524847860473,0.005336570017796151,0.09885193193336558,0.11977128640312651,0.04878854342995388,0.09537831463784464,0.12962015555837053,0.1719738286291041,0.9877161709224876,0.9868957585138793,0.006804584424242622,0.0009623135579076633,0.9858300363489886,0.9896023054959867,0.9778211149751276,0.9826403329220423,0.9922397357775962,0.9986091763372782,0.1139378343713757,0.11764317659542911,0.0337961154557531,0.0047794924833053,0.10457002910409731,0.12330563963865408,0.059811856923148624,0.09004193403565879,0.13900277362800148,0.15880077185968625,0.0032101719273492347,0.003106174124536565,0.0016889026129137566,0.0002388468980709992,0.002742032007130076,0.003678311847568393,0.0013474065693707682,0.0020258520396653767,0.00371064868181592,0.006091466836278827,0.0022186747409847847,0.0019858856311909816,0.0013072171013206824,0.00018486841536537532,0.0018563326468686492,0.0025810168351009205,0.0005727613781005446,0.0013441002967917678,0.003002723390499991,0.004233699063374267,0.00010599644825382148,7.986117740032867e-05,0.0009561456742858926,0.0001352194180179477,-0.00015903361106135605,0.000371026507568999,-0.0012837632954169702,-0.0007263148191177661,0.0007548032706331581,0.0017598816445706187,0.0023246711892386065,0.002220673386425897,0.0016889026129137544,0.00023884689807099888,0.0018565312690194487,0.002792811109457764,0.0004619058312601328,0.0011403513015547666,0.0028251479437053136,0.0052059660981682125,0.0008855007381106864,0.0008855007381106863,1.0952095833452673e-19,1.5488602464078634e-20,0.0008855007381106864,0.0008855007381106864,0.0008855007381106863,0.0008855007381106863,0.0008855007381106863,0.0008855007381106863,8.931418676292397,8.931418676292397,0.0,0.0,8.931418676292397,8.931418676292397,8.931418676292397,8.931418676292397,8.931418676292397,8.931418676292397,6.158482110660256e-07,6.158482110660254e-07,1.0695406087356126e-22,1.512558834382679e-23,6.158482110660256e-07,6.158482110660256e-07,6.158482110660254e-07,6.158482110660254e-07,6.158482110660254e-07,6.158482110660254e-07,0.22581899075146342,0.2185032832432618,0.11880556311531253,0.01680164386430477,0.19288776877742606,0.25875021272550075,0.0947830828109092,0.14250821244542647,0.26102494175532676,0.42850318434513124,0.006176140866719078,0.006169389559294539,3.8991593665298344e-05,5.514244058000578e-06,0.0061653329483653966,0.006186948785072759,0.006116699278610432,0.006150015500934185,0.006204610259485349,0.006234251026847647,0.1611331952093733,0.15591307035587454,0.08477373815955344,0.011988817023830605,0.13763511384266533,0.18463127657608128,0.06763249155570614,0.10168676929470753,0.1862544100228816,0.30575855033784255,0.31132549163548573,0.3113254916354857,5.607473066727768e-17,7.93016446160826e-18,0.31132549163548573,0.31132549163548573,0.3113254916354857,0.3113254916354857,0.3113254916354857,0.3113254916354857,0.012991392912215492,0.011642401262959762,0.00846192964333767,0.0011966975665455059,0.0106458656817863,0.015336920142644683,0.004591525018584666,0.007893837333355039,0.014961875439773693,0.02365275468211518
rich6d_nu05,1440,zero,50,,0.0,0.0,0.0,0.0,0.0,0.0,0.0,0.0,0.0,0.0,1.0,1.0,0.0,0.0,1.0,1.0,1.0,1.0,1.0,1.0,0.0,0.0,0.0,0.0,0.0,0.0,0.0,0.0,0.0,0.0,1.0,1.0,0.0,0.0,1.0,1.0,1.0,1.0,1.0,1.0,0.0,0.0,0.0,0.0,0.0,0.0,0.0,0.0,0.0,0.0,1.0,1.0,0.0,0.0,1.0,1.0,1.0,1.0,1.0,1.0,0.0,0.0,0.0,0.0,0.0,0.0,0.0,0.0,0.0,0.0,0.014215686274509804,0.014215686274509805,1.7523353333524276e-18,2.4781763942525814e-19,0.014215686274509804,0.014215686274509804,0.014215686274509805,0.014215686274509805,0.014215686274509805,0.014215686274509805,,,,,,,,,,,,,,,,,,,,,,,,,,,,,,,,,,,,,,,,,,,,,,,,,,,,,,,,,,,,,,,,,,,,,,,,,,,,,,,,,,,,,,,,,,,,,,,,,,,,,,,,,,,,,,
rich6d_nu05,1440,linear_validation,50,,2.7520723290442195,2.4621882101437604,2.3705188697652786,0.3352419935483397,2.0949980216894737,3.4091466363989653,0.06346222673118368,0.43263142299971324,4.714977477124755,6.999998847366024,0.9986160547529007,0.9985387156380792,0.0016868986297502847,0.00023856349205414427,0.9981484703084746,0.9990836391973268,0.9961815561932288,0.9974545492391471,0.9996678433625781,1.0018189222122607,0.04978857533041039,0.05029868239178523,0.011767891703377694,0.0016642312047454558,0.046526682169109296,0.05305046849171148,0.03335396254800324,0.04299749497909162,0.0593932462289191,0.06389648696077843,0.9983292141471515,0.9989555698414322,0.0040230140195627005,0.0005689400988082671,0.9972140915534873,0.9994443367408157,0.9917656579238864,0.9952695997271085,0.9999858324288425,1.0046619555526979,0.05088818970060596,0.04647512948380975,0.03588602909316667,0.005075050904327176,0.0409410899281247,0.06083528947308722,-0.009321716974946923,0.02772498010389873,0.07604586022361205,0.10098199691079418,0.9989521150993693,0.9997512968718021,0.004234780202854537,0.0005988883596545972,0.9977782939144463,1.0001259362842922,0.9911155873136638,0.9959413128687987,1.0009908412382873,1.0050588230712176,0.04914554539298887,0.04361293843544269,0.03854501048828711,0.005451087659434882,0.0384614135804965,0.05982967720548124,-0.007926133233882554,0.024997948996805443,0.08016739333699816,0.10265783261642616,0.012831741027410555,0.012754401912588975,0.0016868986297502847,0.00023856349205414427,0.012364156582984433,0.013299325471836678,0.010397242467738533,0.011670235513656813,0.013883529637087805,0.016034608486770307,,,,,,,,,,,,,,,,,,,,,,,,,,,,,,,,,,,,,,,,,,,,,,,,,,,0.0016711281294372647,2.6560364553607174e-05,0.003359579471884325,0.0004751162853009053,0.0007399002102474905,0.002602356048627039,1e-12,3.5901968143926824e-06,0.001068095116366037,0.01,,,,,,,,,,,,,,,,,,,,,,,,,,,,,,,,,,,,,,,,,,,,,,,,,,
rich6d_nu05,1440,equal_weight,50,,,,,,,,,,,,0.9991583593539448,0.9991583593539449,1.1214946133455537e-16,1.586032892321652e-17,0.9991583593539448,0.9991583593539448,0.9991583593539449,0.9991583593539449,0.9991583593539449,0.9991583593539449,0.02971753986198934,0.02971753986198934,0.0,0.0,0.02971753986198934,0.02971753986198934,0.02971753986198934,0.02971753986198934,0.02971753986198934,0.02971753986198934,0.999378414651199,0.999283789767581,0.0018363267485137576,0.00025969581926966437,0.9988694108454305,0.9998874184569676,0.9964316319841577,0.9980109963717856,1.0006666044366286,1.002095645756158,0.025209036677750034,0.026907622647700115,0.03935455020776618,0.005565573864491584,0.01430051190334653,0.036117561452153536,-0.03445517717643722,-0.0031183205906825623,0.054385303342775,0.08902072070974738,0.9991128827051848,0.9991624633933488,0.0016802088364279968,0.00023761741240955903,0.9986471525768621,0.9995786128335076,0.9965590195918594,0.9976852386522734,1.0003453499032084,1.001742114770671,0.03074223203162624,0.029813642626672562,0.03624898254847178,0.005126380274227443,0.02069452669414045,0.04078993736911203,-0.0257172944017085,0.003685523975525848,0.05989585300760304,0.08706777184489489,0.013374045628454678,0.013374045628454678,0.0,0.0,0.013374045628454678,0.013374045628454678,0.013374045628454678,0.013374045628454678,0.013374045628454678,0.013374045628454678,,,,,,,,,,,,,,,,,,,,,,,,,,,,,,,,,,,,,,,,,,,,,,,,,,,,,,,,,,,,,,,,,,,,,,,,,,,,,,,,,,,,,,,,,,,,,,,,,,,,,,,,,,,,,,
