replication,T,method,complexity,population_loss,population_sharpe,regret,estimation_norm,cross_term,population_bias,population_complexity
0,60,theory_1,2.677567623792374,0.8033646103303076,0.6601004114039565,0.2319360389017362,0.025376081889968333,0.0012908345863470907,0.20526912242542078,2.620457719974335
1,60,theory_1,2.462566976641625,0.8333803108015009,0.8394576290809763,0.2619517393729295,0.020342684177215842,0.03633993277029295,0.20526912242542078,2.620457719974335
2,60,theory_1,2.6857540914453324,0.7619836925092035,0.6466805868818531,0.1905551210806321,0.004858929908372943,-0.01957293125316171,0.20526912242542078,2.620457719974335
3,60,theory_1,2.4347608185642895,0.7957529659859056,0.6764318893456328,0.22432439455733422,0.0017003552530601659,0.01735491687885327,0.20526912242542078,2.620457719974335
4,60,theory_1,2.275877852882645,0.8429023798109955,0.6136486135931178,0.2714738083824241,0.026811054430423052,0.0393936315265802,0.20526912242542078,2.620457719974335
5,60,theory_1,2.5888812545694817,0.7984931056119033,0.6643720085441367,0.22706453418333195,0.005725388057471516,0.01607002370043965,0.20526912242542078,2.620457719974335
6,60,theory_1,2.554510986238682,0.7840268265177727,0.6279154300546814,0.21259825508920127,0.012105431305585942,-0.0047762986418054725,0.20526912242542078,2.620457719974335
7,60,theory_1,2.5486096902241258,0.7857530971149999,0.6194692463238433,0.21432452568642846,0.0025394393837967592,0.006515963877210757,0.20526912242542078,2.620457719974335
8,60,theory_1,2.3163549364109404,0.8482556109381915,0.515596357682108,0.27682703950962007,0.01742035455936797,0.0541375625248313,0.20526912242542078,2.620457719974335
9,60,theory_1,2.3978398445872458,0.8058410866735678,0.5479697871148537,0.2344125152449964,0.011305459890426259,0.017837932929149307,0.20526912242542078,2.620457719974335
10,60,theory_1,2.371851823982928,0.7987484768499569,0.8463733114760865,0.22731990542138547,0.012364084598251432,0.009686698397713306,0.20526912242542078,2.620457719974335
11,60,theory_1,2.6396665516170272,0.7675449955190595,0.6822184244983344,0.19611642409048813,0.0022153717609625567,-0.011368070095895222,0.20526912242542078,2.620457719974335
12,60,theory_1,2.5101062294030263,0.8127264022970214,0.6416566772111284,0.24129783086845003,0.019113595910534936,0.016915112532494316,0.20526912242542078,2.620457719974335
13,60,theory_1,2.3971962988990776,0.787699131860525,0.7038193378393293,0.21627056043195358,0.008107771972846551,0.00289366603368627,0.20526912242542078,2.620457719974335
14,60,theory_1,2.5310940462812246,0.8194445924961234,0.5039198839607708,0.24801602106755205,0.025707965677084905,0.01703893296504639,0.20526912242542078,2.620457719974335
15,60,theory_1,2.5948901740016312,0.7974715569276583,0.8454088757440483,0.22604298549908686,0.012361938727268448,0.00841192434639759,0.20526912242542078,2.620457719974335
16,60,theory_1,2.664963373872248,0.776166666760882,0.6089531236823411,0.20473809533231058,0.01078763463820231,-0.011318661731312456,0.20526912242542078,2.620457719974335
17,60,theory_1,2.43220938248846,0.8226504099259676,0.48097093078026765,0.2512218384973962,0.020557492482726595,0.02539522358924891,0.20526912242542078,2.620457719974335
18,60,theory_1,2.493122492937208,0.7863763145358298,0.8066213641769419,0.2149477431072584,0.012228119900268012,-0.002549499218430438,0.20526912242542078,2.620457719974335
19,60,theory_1,2.5797003085086763,0.8208323319172037,0.5497803125027696,0.24940376048863233,0.015316110811086728,0.028818527252124967,0.20526912242542078,2.620457719974335
20,60,theory_1,2.591025355441454,0.7636303986369226,0.7819371375611939,0.19220182720835122,0.0021669254320683317,-0.015234220649137995,0.20526912242542078,2.620457719974335
21,60,theory_1,2.5486482952238627,0.8096723347980465,0.5678542840676375,0.23824376336947506,0.010131955737562509,0.02284268520649181,0.20526912242542078,2.620457719974335
22,60,theory_1,2.531933992325856,0.8367845740538811,0.47902004126010855,0.2653560026253097,0.038621810160499134,0.0214650700393898,0.20526912242542078,2.620457719974335
23,60,theory_1,2.4799082070418477,0.7525901050553044,0.6744859627612506,0.18116153362673304,0.005086212904121763,-0.02919380170280948,0.20526912242542078,2.620457719974335
24,60,theory_1,2.6073705407214214,0.8316452119547936,0.7733498017139391,0.2602166405262222,0.011345846206931931,0.043601671893869515,0.20526912242542078,2.620457719974335
25,60,theory_1,2.595194083773599,0.7925296058283726,0.540043329944784,0.22110103439980122,0.03510120143910041,-0.019269289464719955,0.20526912242542078,2.620457719974335
26,60,theory_1,2.6165951388578277,0.7659077141536129,0.743614317907582,0.19447914272504152,0.0029489547961117617,-0.013738934496491018,0.20526912242542078,2.620457719974335
27,60,theory_1,2.698560392183853,0.7638793669824708,0.646274869290252,0.19245079555389943,0.015133765115721816,-0.027952091987243223,0.20526912242542078,2.620457719974335
28,60,theory_1,2.4823426739773224,0.801842698922229,0.5742824057970043,0.23041412749365764,0.0040877901542021745,0.02105721491403466,0.20526912242542078,2.620457719974335
29,60,theory_1,2.5568080648345792,0.7810314424913256,0.7338814909164789,0.20960287106275421,0.0007725018089735647,0.0035612468283600196,0.20526912242542078,2.620457719974335
30,60,theory_1,2.6113553285015354,0.7789461740471798,0.6597638412278656,0.2075176026186084,0.005397835345543908,-0.0031493551523562456,0.20526912242542078,2.620457719974335
31,60,theory_1,2.589689750095889,0.8166842001172477,0.6106240324229292,0.24525562868867634,0.022511806448921496,0.017474699814334048,0.20526912242542078,2.620457719974335
32,60,theory_1,2.601323121008163,0.7845352321185084,0.7722943114605457,0.213106660689937,0.00522056317889415,0.002616975085622104,0.20526912242542078,2.620457719974335
33,60,theory_1,2.5833360533313106,0.7927639668047062,0.7977876516566975,0.22133539537613478,0.006138902076933679,0.00992737087378018,0.20526912242542078,2.620457719974335
34,60,theory_1,2.4510193794198862,0.8376182076973815,0.5032552614346093,0.2661896362688101,0.022729667318457783,0.03819084652493151,0.20526912242542078,2.620457719974335
35,60,theory_1,2.5260374829658385,0.8081156852053621,0.6265484850826429,0.23668711377679075,0.008788779546199669,0.022629211805170413,0.20526912242542078,2.620457719974335
36,60,theory_1,2.514790177116004,0.8082229618165011,0.5050801187651341,0.2367943903879297,0.029311006873866046,0.0022142610886427107,0.20526912242542078,2.620457719974335
37,60,theory_1,2.5679509578519086,0.829876603160952,0.4557030799465417,0.2584480317323806,0.03655478942729882,0.016624119879661173,0.20526912242542078,2.620457719974335
38,60,theory_1,2.5034299636027098,0.7789426171334993,0.5844885189741752,0.20751404570492793,0.008988205445436053,-0.006743282165929006,0.20526912242542078,2.620457719974335
39,60,theory_1,2.4787411158535644,0.791640839873649,0.6427613657703541,0.22021226844507757,0.0181404603991881,-0.003197314379531268,0.20526912242542078,2.620457719974335
40,60,theory_1,2.68177514996506,0.7799730341242487,0.5814802270812931,0.20854446269567728,0.032713130845795385,-0.02943779057553879,0.20526912242542078,2.620457719974335
41,60,theory_1,2.612760888373967,0.812099411473044,0.6182012590693972,0.2406708400444726,0.003042029491863265,0.0323596881271884,0.20526912242542078,2.620457719974335
42,60,theory_1,2.412643339050966,0.8014823309681937,0.6241888758379376,0.23005375953962226,0.010899641606927213,0.013884995507274308,0.20526912242542078,2.620457719974335
43,60,theory_1,2.5782813377320726,0.7671676820593338,0.6435727210596979,0.19573911063076244,0.00518081318402281,-0.014710824978680908,0.20526912242542078,2.620457719974335
44,60,theory_1,2.508084357093769,0.7838245380802995,0.6435642033103445,0.2123959666517281,0.00970379601907641,-0.002576951792769077,0.20526912242542078,2.620457719974335
45,60,theory_1,2.4280764237369077,0.8505017688114179,0.6896865622530641,0.2790731973828465,0.01923797630592607,0.05456609865149971,0.20526912242542078,2.620457719974335
46,60,theory_1,2.6941922571000823,0.7845477602258748,0.5816838476691658,0.2131191887973034,0.007615665398720291,0.00023440097316237377,0.20526912242542078,2.620457719974335
47,60,theory_1,2.4838311710062317,0.8241549032492412,0.7748436920334836,0.25272633182066984,0.008883461511943082,0.038573747883305816,0.20526912242542078,2.620457719974335
48,60,theory_1,2.539750295043409,0.7927751874492913,0.7379734829659067,0.22134661602071992,0.003177446093011589,0.012900047502287565,0.20526912242542078,2.620457719974335
49,60,theory_1,2.513183024716655,0.7775064535854714,0.665465463617127,0.20607788215690004,0.007467513771439135,-0.006658754039959768,0.20526912242542078,2.620457719974335
50,60,theory_1,2.6061133041259823,0.8098068291681422,0.528845752169698,0.23837825773957078,0.031068268966911256,0.0020408663472387045,0.20526912242542078,2.620457719974335
51,60,theory_1,2.4098715666959905,0.8453444405750391,0.6084457887648178,0.2739158691464677,0.023666570568809917,0.04498017615223695,0.20526912242542078,2.620457719974335
52,60,theory_1,2.4919430366188826,0.9587609124674231,0.2825447864469234,0.3873323410388517,0.1313770047089614,0.05068621390446945,0.20526912242542078,2.620457719974335
53,60,theory_1,2.544400592835868,0.7706315270483548,0.6734638017270286,0.1992029556197834,0.0015589424291876323,-0.007625109234824986,0.20526912242542078,2.620457719974335
54,60,theory_1,2.51232164484744,0.7874316117923191,0.5989168525973677,0.21600304036374773,0.005885251570250608,0.004848666368076561,0.20526912242542078,2.620457719974335
55,60,theory_1,2.648610807809863,0.8325592609288521,0.5293260039553849,0.26113068950028073,0.05238996094376048,0.0034716061310995565,0.20526912242542078,2.620457719974335
56,60,theory_1,2.626413724398477,0.8224197785610151,0.5169206690814209,0.2509912071324437,0.021897681603362106,0.023824403103660824,0.20526912242542078,2.620457719974335
57,60,theory_1,2.4869418033554638,0.7738644786895406,0.571690597858019,0.20243590726096916,0.01606505020976461,-0.01889826537421626,0.20526912242542078,2.620457719974335
58,60,theory_1,2.661924852862156,0.763482310474004,0.6195380919342101,0.19205373904543255,0.01076949104532702,-0.02398487442531538,0.20526912242542078,2.620457719974335
59,60,theory_1,2.4878496407156905,0.8120933078291066,0.49990305803124685,0.2406647364005352,0.020057740279618718,0.015337873695495599,0.20526912242542078,2.620457719974335
60,60,theory_1,2.551420038524331,0.7744565684739346,0.7102875964608902,0.20302799704536323,0.0032187371090130466,-0.005459862489070497,0.20526912242542078,2.620457719974335
61,60,theory_1,2.5534503947898575,0.7666431523650271,0.6157631839449963,0.19521458093645572,0.0229522995062726,-0.033006840995237645,0.20526912242542078,2.620457719974335
62,60,theory_1,2.600223889274774,0.7754153261920971,0.6607003721751202,0.20398675476352568,0.005730555597895865,-0.007012923259791045,0.20526912242542078,2.620457719974335
63,60,theory_1,2.513175057050624,0.7780480439763295,0.654238417647825,0.20661947254775814,0.0051049893007155825,-0.0037546391783782793,0.20526912242542078,2.620457719974335
64,60,theory_1,2.4632638766652617,0.8051723366793537,0.5027584239993179,0.23374376525078233,0.02770551195231022,0.0007691308730514172,0.20526912242542078,2.620457719974335
65,60,theory_1,2.5531025926422797,0.7747989799813189,0.7376707857627988,0.20337040855274746,0.004329097608367644,-0.006227811481040908,0.20526912242542078,2.620457719974335
66,60,theory_1,2.5813010025774448,0.7712357579985677,0.6193584798349598,0.1998071865699963,0.006910940507594361,-0.012372876363018943,0.20526912242542078,2.620457719974335
67,60,theory_1,2.5772429619931576,0.8219764144353323,0.555618545684481,0.2505478430067609,0.024605146420499772,0.02067357416084041,0.20526912242542078,2.620457719974335
68,60,theory_1,2.523276476897151,0.807629993255648,0.4908798463037438,0.2362014218270766,0.04626929984822921,-0.015337000446573434,0.20526912242542078,2.620457719974335
69,60,theory_1,2.4643360366908333,0.8733929110764774,0.4069461687850488,0.30196433964790603,0.05210493722021825,0.044590280002266856,0.20526912242542078,2.620457719974335
70,60,theory_1,2.5623273580255828,0.7822982184475277,0.6896809110749121,0.21086964701895627,0.0023733021646267327,0.003227222428908805,0.20526912242542078,2.620457719974335
71,60,theory_1,2.576903573588179,0.8591545623123222,0.40833288402842194,0.28772599088375084,0.060465502184074274,0.021991366274255776,0.20526912242542078,2.620457719974335
72,60,theory_1,2.584561948032906,0.8001759610793602,0.5908017508937,0.22874738965078878,0.0036297421597600156,0.019848525065607938,0.20526912242542078,2.620457719974335
73,60,theory_1,2.491562993304865,0.7953930148810163,0.5173590098534673,0.22396444345244493,0.02745204236583345,-0.008756721338809356,0.20526912242542078,2.620457719974335
74,60,theory_1,2.5557455189796543,0.7834596840852655,0.6131703182713324,0.21203111265669405,0.0032647342315635843,0.0034972559997096743,0.20526912242542078,2.620457719974335
75,60,theory_1,2.5569902220865908,0.8023418090151297,0.5403425754255102,0.23091323758655835,0.016259579430485557,0.00938453573065211,0.20526912242542078,2.620457719974335
76,60,theory_1,2.6358132080942704,0.7620102786359051,0.746343661037094,0.1905817072073337,0.0006889217689248876,-0.015376336987011864,0.20526912242542078,2.620457719974335
77,60,theory_1,2.505557583163819,0.8666528123173808,0.3926334870716687,0.2952242408888094,0.0740445585793854,0.01591055988400301,0.20526912242542078,2.620457719974335
78,60,theory_1,2.5124646816919847,0.8111945234561463,0.672812893537129,0.2397659520275749,0.006365512390174983,0.028131317211979062,0.20526912242542078,2.620457719974335
79,60,theory_1,2.4229587066194327,0.8233284948220971,0.566552386852933,0.25189992339352574,0.025511319959804612,0.02111948100830033,0.20526912242542078,2.620457719974335
80,60,theory_1,2.537782457351714,0.8022992550635418,0.5862115786108082,0.23087068363497043,0.013307146098422085,0.012294415111127664,0.20526912242542078,2.620457719974335
81,60,theory_1,2.6475641877960694,0.7754832525725498,0.7776414973509261,0.2040546811439784,0.0034439297647907785,-0.004658371046233104,0.20526912242542078,2.620457719974335
82,60,theory_1,2.5192477632074226,0.8488532273572824,0.46818911298530647,0.277424655928711,0.02870877221221847,0.04344676129107174,0.20526912242542078,2.620457719974335
83,60,theory_1,2.627135063032933,0.7718611324353045,0.7404446144951113,0.20043256100673312,0.0038255467509149045,-0.008662108169602636,0.20526912242542078,2.620457719974335
84,60,theory_1,2.43568714076607,0.7910006060298794,0.7020590965740995,0.21957203460130803,0.007176851680840132,0.007126060495047048,0.20526912242542078,2.620457719974335
85,60,theory_1,2.5118806446087056,0.8073372481052448,0.8312330012287529,0.23590867667667337,0.010158108517155852,0.020481445734096757,0.20526912242542078,2.620457719974335
86,60,theory_1,2.4625934570629484,0.8319052174754933,0.7132369596653086,0.2604766460469219,0.00843399887103247,0.04677352475046862,0.20526912242542078,2.620457719974335
87,60,theory_1,2.6146086139557716,0.7646768435519352,0.6132187233610178,0.19324827212336382,0.01160312124382692,-0.023623971545884036,0.20526912242542078,2.620457719974335
88,60,theory_1,2.590278093188014,0.8205883874792064,0.6287076781398022,0.24915981605063497,0.012139350040528938,0.03175134358468523,0.20526912242542078,2.620457719974335
89,60,theory_1,2.547452436150239,0.773726762597309,0.7397274091664016,0.2022981911687376,0.001380552920579671,-0.004351484177262843,0.20526912242542078,2.620457719974335
90,60,theory_1,2.789656215667889,0.7487791348224379,0.6775901445984508,0.17735056339386646,0.005138235511117258,-0.0330567945426715,0.20526912242542078,2.620457719974335
91,60,theory_1,2.5448732588800733,0.7879659463251505,0.5870131833252996,0.2165373748965791,0.012193128800559014,-0.0009248763294007623,0.20526912242542078,2.620457719974335
92,60,theory_1,2.625649563711998,0.8006152423259316,0.6738548704031402,0.22918667089736022,0.01751244307066833,0.006405105401271005,0.20526912242542078,2.620457719974335
93,60,theory_1,2.575324540260894,0.8352776397486394,0.46108283254686094,0.26384906832006805,0.027288437113052004,0.031291508781595194,0.20526912242542078,2.620457719974335
94,60,theory_1,2.6278050061213665,0.7710278396099807,0.6462897853095279,0.19959926818140927,0.008652916210363425,-0.014322770454374962,0.20526912242542078,2.620457719974335
95,60,theory_1,2.654862922308548,0.7752105932962644,0.8031144960328155,0.203782021867693,0.012477986056485072,-0.013965086614212866,0.20526912242542078,2.620457719974335
96,60,theory_1,2.549735043758706,0.808171953213886,0.5855116172759627,0.23674338178531462,0.00694148211477786,0.02453277724511594,0.20526912242542078,2.620457719974335
97,60,theory_1,2.5344134005821966,0.8008130386075826,0.6536109868397185,0.22938446717901118,0.009521044614355734,0.014594300139234644,0.20526912242542078,2.620457719974335
98,60,theory_1,2.5559122932210343,0.7623503746942838,0.728632223469256,0.1909218032657124,0.0061349917297103375,-0.02048231088941887,0.20526912242542078,2.620457719974335
99,60,theory_1,2.686699866600007,0.81224906782697,0.6239893344907737,0.24082049639839864,0.002714152349970688,0.032837221623007236,0.20526912242542078,2.620457719974335
0,90,theory_1,3.0252800771143393,0.7549324628520659,0.7316068549889142,0.18350389142349455,0.012747684349466576,-0.008547037414023195,0.17930324448805113,2.9699822866013825
1,90,theory_1,2.8353437228274467,0.8006332679504014,0.8450559767946659,0.22920469652182995,0.020728318696726884,0.029173133337051852,0.17930324448805113,2.9699822866013825
2,90,theory_1,2.9836229441251447,0.7407442424767476,0.7204842742012919,0.16931567104817624,0.0007938758510500772,-0.010781449290924979,0.17930324448805113,2.9699822866013825
3,90,theory_1,2.8519956570176053,0.7567605999308786,0.6933452142669844,0.18533202850230723,0.0009717734139284762,0.005057010600327629,0.17930324448805113,2.9699822866013825
4,90,theory_1,2.7069229439515636,0.8043027106702583,0.8265945852447585,0.23287413924168687,0.012798771973909244,0.04077212277972639,0.17930324448805113,2.9699822866013825
5,90,theory_1,2.920113291730174,0.7528271354050108,0.7848234594115535,0.1813985639764394,0.0017090510938920051,0.00038626839449629777,0.17930324448805113,2.9699822866013825
6,90,theory_1,2.851413910331271,0.7591204109490522,0.7347135554609893,0.18769183952048085,0.0011692160921515282,0.007219378940278246,0.17930324448805113,2.9699822866013825
7,90,theory_1,2.8793954228117857,0.756185663276948,0.6315812581581525,0.18475709184837663,0.006073170214130136,-0.0006193228538048127,0.17930324448805113,2.9699822866013825
8,90,theory_1,2.6514079063928637,0.7921341298262621,0.659189906124049,0.22070555839769068,0.004203593712051277,0.037198720197588304,0.17930324448805113,2.9699822866013825
9,90,theory_1,2.7807061789776966,0.7734200784088953,0.6342656959052541,0.20199150698032386,0.006093612980256735,0.016594649512016158,0.17930324448805113,2.9699822866013825
10,90,theory_1,2.8203066353007293,0.7492659078638474,0.8015168809056544,0.177837336435276,0.00251134216808106,-0.003977250220856151,0.17930324448805113,2.9699822866013825
11,90,theory_1,2.9337474592721726,0.7574957202894792,0.7063201752895815,0.1860671488609078,0.00037291218888049136,0.00639099218397628,0.17930324448805113,2.9699822866013825
12,90,theory_1,2.8920642021060594,0.7763406407973782,0.7561198525149284,0.2049120693688068,0.013043733546096812,0.012565091334658704,0.17930324448805113,2.9699822866013825
13,90,theory_1,2.8723365546355377,0.742994709518001,0.7008332785108462,0.17156613808942955,0.006022765381510566,-0.013759871780132117,0.17930324448805113,2.9699822866013825
14,90,theory_1,2.924630069908162,0.7619021668991489,0.6255307513416614,0.19047359547057752,0.00653716186783284,0.004633189114693467,0.17930324448805113,2.9699822866013825
15,90,theory_1,2.923331017466836,0.7772753030697899,0.8446034589436264,0.20584673164121847,0.01847979630985042,0.008063690843316759,0.17930324448805113,2.9699822866013825
16,90,theory_1,2.9768679280297534,0.7540209666283635,0.6484770547378367,0.1825923951997921,0.00869741619506674,-0.005408265483325876,0.17930324448805113,2.9699822866013825
17,90,theory_1,2.8117729030182974,0.7986591793911143,0.5645151053958927,0.2272306079625429,0.00814163801002081,0.03978572546447097,0.17930324448805113,2.9699822866013825
18,90,theory_1,2.9379242121822142,0.7351581535116057,0.7816480722658942,0.16372958208303434,0.0056181568201826865,-0.021191819225199433,0.17930324448805113,2.9699822866013825
19,90,theory_1,2.9009027610914884,0.7784647830169265,0.6467099226199938,0.20703621158835506,0.011066653769563676,0.016666313330740215,0.17930324448805113,2.9699822866013825
20,90,theory_1,2.8652870033286053,0.7425229091252917,0.7772144392773909,0.17109433769672033,0.0011026500029516673,-0.009311556794282498,0.17930324448805113,2.9699822866013825
21,90,theory_1,2.873791667878195,0.8030233274941061,0.5393524225857669,0.2315947560655347,0.023132614263490524,0.029158897313993005,0.17930324448805113,2.9699822866013825
22,90,theory_1,2.877745247088126,0.787875640473842,0.5656386075361498,0.21644706904527056,0.026134039980652665,0.011009784576566733,0.17930324448805113,2.9699822866013825
23,90,theory_1,2.8430740204938,0.7432967645933186,0.6775303679982874,0.17186819316474722,0.011307076512821486,-0.01874212783612544,0.17930324448805113,2.9699822866013825
24,90,theory_1,2.903061828936796,0.794339631428811,0.7684159235970842,0.22291106000023964,0.008868415365833309,0.03473940014635517,0.17930324448805113,2.9699822866013825
25,90,theory_1,2.9697597908594515,0.7468211445415064,0.734101101374685,0.175392573112935,0.0032554165137274613,-0.0071660878888433945,0.17930324448805113,2.9699822866013825
26,90,theory_1,2.9210305430684538,0.7428543018700697,0.6487147288155589,0.17142573044149834,0.007248948397691886,-0.015126462444244487,0.17930324448805113,2.9699822866013825
27,90,theory_1,3.05954093520942,0.7327560249854015,0.7115501484574241,0.1613274535568301,0.004454349065033213,-0.022430139996254473,0.17930324448805113,2.9699822866013825
28,90,theory_1,2.8535193150932496,0.7780436715777416,0.6024667740302021,0.20661510014917017,0.008752956279431337,0.01855889938168762,0.17930324448805113,2.9699822866013825
29,90,theory_1,2.920502926721701,0.7479744094494533,0.7498293362007776,0.17654583802088186,0.007416180277438515,-0.010173586744607782,0.17930324448805113,2.9699822866013825
30,90,theory_1,2.9182448806450774,0.754679358142812,0.6399722657814664,0.18325078671424055,0.00614140985685745,-0.0021938676306678642,0.17930324448805113,2.9699822866013825
31,90,theory_1,2.9141773348231332,0.7706120993453656,0.6123743155952944,0.19918352791679417,0.012917348267533168,0.006962935161209794,0.17930324448805113,2.9699822866013825
32,90,theory_1,2.9280115352889866,0.7497527882016376,0.8369914113976676,0.1783242167730662,0.00635442108436813,-0.007333448799353038,0.17930324448805113,2.9699822866013825
33,90,theory_1,2.9395938809998157,0.757873610806137,0.8016074875222854,0.18644503937756562,0.0033292226522295652,0.003812572237284833,0.17930324448805113,2.9699822866013825
34,90,theory_1,2.8371527621971167,0.7846025799501423,0.6541649723164382,0.21317400852157087,0.008329118095192743,0.02554164593832693,0.17930324448805113,2.9699822866013825
35,90,theory_1,2.899035015550047,0.7590002427983231,0.6914465263246323,0.18757167136975172,0.0007549534003270153,0.00751347348137368,0.17930324448805113,2.9699822866013825
36,90,theory_1,2.9642001082901754,0.7811989590984239,0.5447410547001772,0.20977038766985245,0.03113282826945277,-0.000665685087651539,0.17930324448805113,2.9699822866013825
37,90,theory_1,2.867845931179963,0.8006600203766079,0.5105234868062525,0.2292314489480365,0.030314820755920888,0.01961338370406446,0.17930324448805113,2.9699822866013825
38,90,theory_1,2.8799607934460725,0.7465704223321155,0.6740962068976613,0.17514185090354406,0.004525257230916334,-0.008686650815423382,0.17930324448805113,2.9699822866013825
39,90,theory_1,2.7882778990279378,0.7908034208531995,0.5678781763701549,0.21937484942462815,0.03899315443252733,0.001078450504049814,0.17930324448805113,2.9699822866013825
40,90,theory_1,2.9834918693658756,0.7457684369000254,0.6580652377533974,0.17433986547145397,0.018936414987570795,-0.02389979400416796,0.17930324448805113,2.9699822866013825
41,90,theory_1,2.9226959930665473,0.7788872416966411,0.6593790285760448,0.20745867026806974,0.00412793656887489,0.024027489211143806,0.17930324448805113,2.9699822866013825
42,90,theory_1,2.8618032263081403,0.7714439338865899,0.6695799959033765,0.20001536245801854,0.006318651349843575,0.014393466620123821,0.17930324448805113,2.9699822866013825
43,90,theory_1,2.884652035824912,0.7601299360122469,0.6210957508606832,0.18870136458367548,0.00734781457495511,0.00205030552066918,0.17930324448805113,2.9699822866013825
44,90,theory_1,2.856781333829873,0.7558700726764096,0.7658856859444162,0.1844415012478382,0.0027108206828119694,0.002427436076974962,0.17930324448805113,2.9699822866013825
45,90,theory_1,2.869867683049366,0.7822768283488326,0.7251235481197089,0.2108482569202612,0.002985509029785925,0.028559503402424212,0.17930324448805113,2.9699822866013825
46,90,theory_1,3.0611059709976285,0.7524179335795698,0.6453334596851514,0.18098936215099837,0.006158856454643031,-0.004472738791695747,0.17930324448805113,2.9699822866013825
47,90,theory_1,2.8155947684117524,0.8141168240414259,0.725526442095188,0.24268825261285454,0.016514075121249742,0.04687093300355362,0.17930324448805113,2.9699822866013825
48,90,theory_1,2.8660821702713153,0.7586127227500887,0.7300166013738341,0.18718415132151733,0.005210219013246131,0.0026706878202200812,0.17930324448805113,2.9699822866013825
49,90,theory_1,2.934784787406118,0.7442528353403871,0.6579706341927261,0.1728242639118157,0.01656656289193965,-0.02304554346817523,0.17930324448805113,2.9699822866013825
50,90,theory_1,2.986689473280271,0.7368651630099881,0.8096320045344072,0.16543659158141666,0.0030492447672064607,-0.01691589767384094,0.17930324448805113,2.9699822866013825
51,90,theory_1,2.7786746909184066,0.8416133950916279,0.53747626096436,0.2701848236630565,0.034106566598571246,0.05677501257643407,0.17930324448805113,2.9699822866013825
52,90,theory_1,2.911286410819918,0.7994541034568535,0.5266669575561651,0.22802553202828213,0.03265955654901043,0.016062730991220436,0.17930324448805113,2.9699822866013825
53,90,theory_1,2.9119770074888254,0.7555818009595469,0.6426712175136376,0.18415322953097546,0.005436124827134888,-0.0005861397842106791,0.17930324448805113,2.9699822866013825
54,90,theory_1,2.937908771087674,0.7456726550259913,0.6891504562320382,0.17424408359741994,0.0020230044962327226,-0.007082165386863894,0.17930324448805113,2.9699822866013825
55,90,theory_1,2.9205660408201646,0.7853774481046552,0.6390874114986625,0.21394887667608375,0.03263983990984397,0.0020057922781886663,0.17930324448805113,2.9699822866013825
56,90,theory_1,2.9892328516946813,0.7815361618798184,0.5944695041485091,0.21010759045124705,0.01425720334108276,0.016547142622113188,0.17930324448805113,2.9699822866013825
57,90,theory_1,2.7789989890169986,0.737735183102976,0.7064362267896684,0.16630661167440464,0.0024696290416111426,-0.0154662618552578,0.17930324448805113,2.9699822866013825
58,90,theory_1,3.0148113486960986,0.7387623633433846,0.6878927605325975,0.16733379191481323,0.004113259330748372,-0.01608271190398634,0.17930324448805113,2.9699822866013825
59,90,theory_1,2.8319653752691423,0.7606472597436367,0.6113902493646561,0.18921868831506528,0.008443846368702254,0.001471597458312002,0.17930324448805113,2.9699822866013825
60,90,theory_1,2.931957104323544,0.7403868276908967,0.710869888171265,0.1689582562623253,0.0011660314195226854,-0.011511019645248468,0.17930324448805113,2.9699822866013825
61,90,theory_1,2.883197770769385,0.7445012657898475,0.6678353587579121,0.17307269436127615,0.021026770257558825,-0.0272573203843339,0.17930324448805113,2.9699822866013825
62,90,theory_1,2.9247722294529566,0.7420866554292223,0.732061930976213,0.17065808400065086,0.0008621283994650896,-0.00950728888686541,0.17930324448805113,2.9699822866013825
63,90,theory_1,2.883548097626917,0.7347248379317077,0.7193805638366468,0.16329626650313633,0.0014140106750577582,-0.017420988659972447,0.17930324448805113,2.9699822866013825
64,90,theory_1,2.896029253867212,0.7780991640175963,0.5426625432208924,0.20667059258902487,0.029672920114388556,-0.0023055720134147807,0.17930324448805113,2.9699822866013825
65,90,theory_1,2.8368778298254105,0.7490147393852282,0.6907882924087292,0.17758616795665683,0.004618611426194753,-0.006335687957589076,0.17930324448805113,2.9699822866013825
66,90,theory_1,2.9203677753217336,0.7453293587229132,0.6687344767249568,0.17390078729434177,0.0048022872672089404,-0.010204744460918437,0.17930324448805113,2.9699822866013825
67,90,theory_1,2.877300279208355,0.7823442344082052,0.5916678879020186,0.21091566297963382,0.023895003005733786,0.007717415485848852,0.17930324448805113,2.9699822866013825
68,90,theory_1,2.892732127093771,0.7702320370663005,0.5920176364002095,0.1988034656377291,0.017478461287232128,0.002021759862445814,0.17930324448805113,2.9699822866013825
69,90,theory_1,2.8565397390915814,0.7992588313897795,0.5714422214875358,0.2278302599612081,0.022391168344007232,0.02613584712914973,0.17930324448805113,2.9699822866013825
70,90,theory_1,2.8601275470487035,0.7486519793578903,0.7597966385267158,0.1772234079293189,0.0007250067303986121,-0.002804843289130831,0.17930324448805113,2.9699822866013825
71,90,theory_1,2.942448144626512,0.7655759059750471,0.7129468682549606,0.1941473345464757,0.007550501180367284,0.007293588878057181,0.17930324448805113,2.9699822866013825
72,90,theory_1,2.895707271744377,0.7763001113790841,0.6354884411604333,0.20487153995051266,0.0036272310786565395,0.021941064383804932,0.17930324448805113,2.9699822866013825
73,90,theory_1,2.841995606116764,0.7505463369019167,0.6313507967433181,0.17911776547334535,0.008303236812428361,-0.00848871582713411,0.17930324448805113,2.9699822866013825
74,90,theory_1,2.8846764165039924,0.7642506443254814,0.6920292355323109,0.19282207289691,0.00409706293092402,0.009421765477934791,0.17930324448805113,2.9699822866013825
75,90,theory_1,2.937555410684247,0.7481403401450817,0.7416423889400154,0.1767117687165103,0.000868058196737708,-0.003459533968278484,0.17930324448805113,2.9699822866013825
76,90,theory_1,3.0102316614055273,0.7562214879422815,0.6653052813191671,0.1847929165137101,0.007982945942574728,-0.002493273916915761,0.17930324448805113,2.9699822866013825
77,90,theory_1,2.935342919706284,0.8176545513918058,0.47971209361494127,0.24622597996323436,0.05730077410854893,0.009621961366634284,0.17930324448805113,2.9699822866013825
78,90,theory_1,2.8335272146441453,0.7776082235582811,0.6601281452024845,0.20617965212970968,0.007205105729558524,0.01967130191209986,0.17930324448805113,2.9699822866013825
79,90,theory_1,2.835036091764594,0.799337116603718,0.5802393404840954,0.22790854517514658,0.03494110308784277,0.013664197599252697,0.17930324448805113,2.9699822866013825
80,90,theory_1,2.9171183278854897,0.7927567287647823,0.6599308832250569,0.22132815733621092,0.023207666785987204,0.018817246062172555,0.17930324448805113,2.9699822866013825
81,90,theory_1,3.049303837095051,0.759093146626379,0.7464601473308092,0.18766457519780755,0.0098433929464097,-0.0014820622366534645,0.17930324448805113,2.9699822866013825
82,90,theory_1,2.8329211368784266,0.7861150132178621,0.6493422909197163,0.21468644178929075,0.012251867196035427,0.02313133010520416,0.17930324448805113,2.9699822866013825
83,90,theory_1,2.9455213066295665,0.7423062280415033,0.7463169269769063,0.17087765661293186,0.007012301907522441,-0.015437889782641852,0.17930324448805113,2.9699822866013825
84,90,theory_1,2.869799490477972,0.7404153818366195,0.712728117816605,0.16898681040804808,0.0019636445464384557,-0.012280078626441374,0.17930324448805113,2.9699822866013825
85,90,theory_1,2.867894733558089,0.7737333719747602,0.733447119153826,0.20230480054618882,0.006054348766523921,0.016947207291613784,0.17930324448805113,2.9699822866013825
86,90,theory_1,2.889490820455322,0.7883936344360003,0.7440285726022048,0.2169650630074289,0.0067561338538965916,0.0309056846654813,0.17930324448805113,2.9699822866013825
87,90,theory_1,2.9003577613021667,0.7835955122132168,0.5341137688522201,0.21216694078464537,0.03777714589958139,-0.004913449602987133,0.17930324448805113,2.9699822866013825
88,90,theory_1,2.9670193809605268,0.7754710459286424,0.742486876134655,0.20404247450007096,0.005311310454176729,0.019427919557843124,0.17930324448805113,2.9699822866013825
89,90,theory_1,2.870364740308353,0.7490540285982312,0.7027375500067191,0.17762545716965983,0.0007523219009687309,-0.00243010921936002,0.17930324448805113,2.9699822866013825
90,90,theory_1,3.088108176066302,0.7391229026247719,0.6691213800321032,0.16769433119620047,0.007210844332203184,-0.018819757624053926,0.17930324448805113,2.9699822866013825
91,90,theory_1,2.882604007223774,0.7579754244092898,0.6388161205025138,0.18654685298071838,0.005407057036898151,0.001836551455769275,0.17930324448805113,2.9699822866013825
92,90,theory_1,3.01476281489931,0.7502825943975979,0.7534503138595456,0.17885402296902653,0.005760740252293289,-0.006209961771317845,0.17930324448805113,2.9699822866013825
93,90,theory_1,2.8930467563435474,0.8018339179040778,0.5037440005273343,0.23040534647550637,0.03680879473256546,0.014293307254889706,0.17930324448805113,2.9699822866013825
94,90,theory_1,2.947988691240535,0.7431762156911956,0.7209394080096716,0.17174764426262423,0.005219139847258522,-0.012774740072685352,0.17930324448805113,2.9699822866013825
95,90,theory_1,2.939167531351723,0.7414266303384324,0.7961863334354531,0.16999805890986097,0.010025497067192721,-0.01933068264538278,0.17930324448805113,2.9699822866013825
96,90,theory_1,2.9185653205698774,0.7694340916677705,0.6488421109056001,0.19800552023919915,0.01079261605473723,0.007909659696410772,0.17930324448805113,2.9699822866013825
97,90,theory_1,2.903848692838745,0.7554813157741556,0.6842322859607702,0.18405274434558416,0.0031094973579323926,0.0016400024996006866,0.17930324448805113,2.9699822866013825
98,90,theory_1,2.932121252567414,0.742293967228986,0.7131545917615891,0.1708653958004146,0.012969316897859988,-0.021407165585496525,0.17930324448805113,2.9699822866013825
99,90,theory_1,3.0103943497010635,0.7959591068413394,0.7320217984761093,0.22453053541276802,0.005978404781126612,0.03924888614359031,0.17930324448805113,2.9699822866013825
0,120,theory_1,3.2853937798039876,0.7307536689171864,0.7349343645610716,0.159325097488615,0.003437920001863505,-0.004981455432192431,0.16086863291894396,3.251977241868753
1,120,theory_1,3.133159920914901,0.7853759787631454,0.8156676431733852,0.21394740733457396,0.0236502677107719,0.029428506704858096,0.16086863291894396,3.251977241868753
2,120,theory_1,3.1871347283531586,0.723419859068105,0.7403254035071214,0.15199128763953362,0.0007322479247540192,-0.009609593204164407,0.16086863291894396,3.251977241868753
3,120,theory_1,3.144115441607286,0.7453498304499286,0.6919409249341704,0.17392125902135724,0.0019237753862715607,0.011128850716141671,0.16086863291894396,3.251977241868753
4,120,theory_1,3.0445999359842784,0.7654663033353664,0.7828601269705795,0.19403773190679496,0.01375100717561241,0.01941809181223854,0.16086863291894396,3.251977241868753
5,120,theory_1,3.2361925686706003,0.754090107203652,0.80756522290918,0.1826615357750806,0.007358358149921748,0.014434544706214861,0.16086863291894396,3.251977241868753
6,120,theory_1,3.1771340821198084,0.7499448548056606,0.6523125138634869,0.17851628337708925,0.0043931432033276615,0.013254507254817624,0.16086863291894396,3.251977241868753
7,120,theory_1,3.1554065961493327,0.728178650409383,0.7031825062117368,0.1567500789808116,0.002629213358235789,-0.006747767296368055,0.16086863291894396,3.251977241868753
8,120,theory_1,2.9860891321954353,0.765086868832092,0.8004510452153956,0.19365829740352059,0.006001221559382318,0.02678844292519421,0.16086863291894396,3.251977241868753
9,120,theory_1,3.1140676882537353,0.7337636648921092,0.7703941629879518,0.1623350934635378,0.0009176296590912621,0.0005488308855024826,0.16086863291894396,3.251977241868753
10,120,theory_1,3.1163373070625324,0.724470166107718,0.731812935716772,0.15304159467914658,0.0015215944026220022,-0.009348632642419235,0.16086863291894396,3.251977241868753
11,120,theory_1,3.22518977679638,0.7552066343498139,0.6639146813163281,0.18377806292124255,0.003999342806202766,0.01891008719609585,0.16086863291894396,3.251977241868753
12,120,theory_1,3.1616214452295486,0.7498735999959949,0.720517394604398,0.1784450285674235,0.005761627490922079,0.011814768157557559,0.16086863291894396,3.251977241868753
13,120,theory_1,3.1766288108889826,0.7321409862977636,0.6855048059452532,0.1607124148691922,0.007325683421487808,-0.007481901471239585,0.16086863291894396,3.251977241868753
14,120,theory_1,3.1924953298075973,0.7342449471366854,0.6998693031726275,0.16281637570811403,0.0018018580272587596,0.00014588476191140028,0.16086863291894396,3.251977241868753
15,120,theory_1,3.221711921144338,0.7426688363144047,0.8342648689199195,0.17124026488583333,0.01478960721794835,-0.004417975251058968,0.16086863291894396,3.251977241868753
16,120,theory_1,3.25923341931616,0.7295057696390324,0.6835398848545343,0.15807719821046096,0.009490432933936218,-0.01228186764241914,0.16086863291894396,3.251977241868753
17,120,theory_1,3.133376284559492,0.7658070808575889,0.6247103669031547,0.19437850942901747,0.005365170340466861,0.02814470616960675,0.16086863291894396,3.251977241868753
18,120,theory_1,3.256767244368806,0.7264874029054998,0.8123978756574013,0.15505883147692845,0.006186917988287144,-0.011996719430302843,0.16086863291894396,3.251977241868753
19,120,theory_1,3.174783606158321,0.7523414475666402,0.6685004122879317,0.18091287613806883,0.008051498716998845,0.011992744502126063,0.16086863291894396,3.251977241868753
20,120,theory_1,3.0787162376689,0.7219971582260066,0.744413368024586,0.15056858679743523,0.0006789690772102769,-0.010979015198718805,0.16086863291894396,3.251977241868753
21,120,theory_1,3.2130437785444883,0.7657192115829641,0.6681893814313359,0.19429064015439268,0.006737297326962975,0.026684709908485874,0.16086863291894396,3.251977241868753
22,120,theory_1,3.1982221735234124,0.7514224703379166,0.6829582150765522,0.17999389890934525,0.009116706093939381,0.010008559896461903,0.16086863291894396,3.251977241868753
23,120,theory_1,3.160835902306652,0.7191197826674802,0.717826987177772,0.14769121123890883,0.003143016782836194,-0.01632043846287136,0.16086863291894396,3.251977241868753
24,120,theory_1,3.2059799631802726,0.7596084943049185,0.7900592030778554,0.1881799228763471,0.007159467846610942,0.020151822110792035,0.16086863291894396,3.251977241868753
25,120,theory_1,3.266946096621545,0.7432477230957676,0.6602903386435747,0.1718191516671962,0.011309359825016897,-0.0003588410767646137,0.16086863291894396,3.251977241868753
26,120,theory_1,3.204375007190767,0.7394764874185702,0.6289725653637273,0.1680479159899988,0.012521964287921161,-0.005342681216866179,0.16086863291894396,3.251977241868753
27,120,theory_1,3.389438965980627,0.7262016524706252,0.6818779211678632,0.15477308104205378,0.009735180981678263,-0.015830732858568623,0.16086863291894396,3.251977241868753
28,120,theory_1,3.1708304858403262,0.7492053769531998,0.6661915896289764,0.17777680552462838,0.007549813696303898,0.009358358909380532,0.16086863291894396,3.251977241868753
29,120,theory_1,3.1791225325126873,0.7325826549786548,0.7249577135033245,0.16115408355008343,0.0014375430627116398,-0.0011520924315723238,0.16086863291894396,3.251977241868753
30,120,theory_1,3.176358114570831,0.7288947938365824,0.7043862285234375,0.157466222408011,0.00221305109830313,-0.005615461609235956,0.16086863291894396,3.251977241868753
31,120,theory_1,3.192063132095698,0.7427277507540445,0.6630681602720386,0.17129917932547312,0.005687122693828746,0.0047434237127002695,0.16086863291894396,3.251977241868753
32,120,theory_1,3.259752165165083,0.7384393922677716,0.7977054285546142,0.16701082083920016,0.007062378485044216,-0.0009201905647880502,0.16086863291894396,3.251977241868753
33,120,theory_1,3.186187805699358,0.7285332931790995,0.7581134624445562,0.15710472175052814,0.001016132050220285,-0.004780043218636005,0.16086863291894396,3.251977241868753
34,120,theory_1,3.1761808449636812,0.7946509343475864,0.5775080602502091,0.22322236291901498,0.018864111553562154,0.04348961844650885,0.16086863291894396,3.251977241868753
35,120,theory_1,3.2241289598283993,0.7380952004943109,0.7664825697713391,0.16666662906573948,0.0010820478759464805,0.004715948270848978,0.16086863291894396,3.251977241868753
36,120,theory_1,3.2471276889681144,0.7633759477751071,0.5894840013912501,0.1919473763465357,0.023381040795915606,0.0076977026316762355,0.16086863291894396,3.251977241868753
37,120,theory_1,3.1685205165427246,0.7611775604524134,0.6125674364896205,0.18974898902384196,0.013833626387133806,0.015046729717764216,0.16086863291894396,3.251977241868753
38,120,theory_1,3.1634721809991677,0.7460220358376681,0.6395471872385031,0.17459346440909673,0.008145379805275103,0.005579451684877541,0.16086863291894396,3.251977241868753
39,120,theory_1,3.0741260684239227,0.764557030438987,0.665379627300848,0.19312845901041564,0.008404469195651989,0.023855356895819673,0.16086863291894396,3.251977241868753
40,120,theory_1,3.2320919487736277,0.7297987544978888,0.6843643393208486,0.15837018306931738,0.014972232902281668,-0.017470682751908165,0.16086863291894396,3.251977241868753
41,120,theory_1,3.1907782407000442,0.7561366430203545,0.6884086143782022,0.18470807159178315,0.002612453159747614,0.021226985513091507,0.16086863291894396,3.251977241868753
42,120,theory_1,3.1053134987453026,0.7720997441363261,0.6347108015172757,0.2006711727077547,0.014344430445258755,0.02545810934355207,0.16086863291894396,3.251977241868753
43,120,theory_1,3.1549397186929022,0.7478439738140233,0.6397884520092144,0.17641540238545195,0.008648740647503886,0.006898028819004064,0.16086863291894396,3.251977241868753
44,120,theory_1,3.1333163259218155,0.7298297013074442,0.7489703236366813,0.15840112987887278,0.0025068253642432804,-0.004974328404314497,0.16086863291894396,3.251977241868753
45,120,theory_1,3.1812915509932975,0.7650190091433402,0.7720959277383752,0.1935904377147688,0.003788462453487819,0.028933342342336993,0.16086863291894396,3.251977241868753
46,120,theory_1,3.280580425627165,0.7463355870076814,0.7488787420415982,0.17490701557911004,0.0010541978323938832,0.012984184827772102,0.16086863291894396,3.251977241868753
47,120,theory_1,3.1150701829320377,0.7850837397030491,0.7499498317364307,0.21365516827447772,0.015238387846028916,0.03754814750950481,0.16086863291894396,3.251977241868753
48,120,theory_1,3.1258361543425313,0.7537865885715066,0.6969814160950194,0.1823580171429352,0.004661368858867529,0.016828015365123537,0.16086863291894396,3.251977241868753
49,120,theory_1,3.15120553611033,0.7365867143973585,0.6537729738052591,0.16515814296878706,0.02000789540122828,-0.015718385351385318,0.16086863291894396,3.251977241868753
50,120,theory_1,3.2813529872387273,0.7214624530268874,0.828607315789416,0.150033881598316,0.006717012713444075,-0.01755176403407203,0.16086863291894396,3.251977241868753
51,120,theory_1,3.117426453945742,0.7972607530423587,0.6091488379579831,0.22583218161378726,0.03191155180461996,0.033051996890223256,0.16086863291894396,3.251977241868753
52,120,theory_1,3.221694901618922,0.8019456086125905,0.5047725741849973,0.23051703718401906,0.04691939248026827,0.022729011784806692,0.16086863291894396,3.251977241868753
53,120,theory_1,3.217925157641984,0.7348016090420562,0.6602355134142508,0.16337303761348476,0.007030939011781367,-0.004526534317240547,0.16086863291894396,3.251977241868753
54,120,theory_1,3.2459811836120767,0.7361220541447129,0.6562553686143964,0.16469348271614148,0.006733848296049121,-0.0029089984988517094,0.16086863291894396,3.251977241868753
55,120,theory_1,3.1768826522213542,0.7557673648920652,0.6714332597579121,0.1843387934634938,0.02099300286894879,0.0024771576756010515,0.16086863291894396,3.251977241868753
56,120,theory_1,3.246304876763211,0.7735912470738271,0.592304504165038,0.2021626756452557,0.017446511702512504,0.02384753102379921,0.16086863291894396,3.251977241868753
57,120,theory_1,3.077307180331973,0.7371939731466387,0.695915119894433,0.1657654017180673,0.00951981522328316,-0.00462304642415973,0.16086863291894396,3.251977241868753
58,120,theory_1,3.293340282739052,0.7175895092382235,0.717695247640732,0.14616093780965211,0.0033318892436967075,-0.018039584352988518,0.16086863291894396,3.251977241868753
59,120,theory_1,3.187071970707163,0.7491088800367338,0.6288895306724235,0.17768030860816242,0.008459719091198359,0.008351956598020032,0.16086863291894396,3.251977241868753
60,120,theory_1,3.1841326939531784,0.7326756386944882,0.7485091061171781,0.16124706726591675,0.0016865054221772836,-0.0013080710752046488,0.16086863291894396,3.251977241868753
61,120,theory_1,3.186674781631485,0.721856928936543,0.7137511538824299,0.15042835750797157,0.005933450926635669,-0.016373726337608377,0.16086863291894396,3.251977241868753
62,120,theory_1,3.1871697687118883,0.73243266365322,0.7498659621918302,0.16100409222464862,0.004795194004598367,-0.004659734698893811,0.16086863291894396,3.251977241868753
63,120,theory_1,3.140929452961031,0.73431588576977,0.68695528206562,0.16288731434119863,0.006053468246691842,-0.004034786824437313,0.16086863291894396,3.251977241868753
64,120,theory_1,3.1972340732921145,0.7760049528162664,0.5405831283660811,0.20457638138769496,0.039555909837613694,0.004151838631137348,0.16086863291894396,3.251977241868753
65,120,theory_1,3.125645896699186,0.7280917212883078,0.712745265983782,0.1566631498597364,0.001773170616510312,-0.005978653675718046,0.16086863291894396,3.251977241868753
66,120,theory_1,3.2173152593248275,0.7220732792210965,0.690849933451037,0.15064470779252515,0.005727784975341258,-0.0159517101017603,0.16086863291894396,3.251977241868753
67,120,theory_1,3.176808544888154,0.7539200870154166,0.6328214577629219,0.18249151558684518,0.023565259841497058,-0.0019423771735958234,0.16086863291894396,3.251977241868753
68,120,theory_1,3.1562393359193184,0.7298948867135691,0.7652291453002756,0.15846631528499766,0.0017502005450976067,-0.004152518179043841,0.16086863291894396,3.251977241868753
69,120,theory_1,3.1517365959894676,0.7615787713265599,0.6408945384221265,0.19015019989798854,0.010386223271387598,0.01889534370765708,0.16086863291894396,3.251977241868753
70,120,theory_1,3.1552408630363877,0.7444760637392205,0.7778091524255911,0.1730474923106491,0.0048492121089555,0.0073296472827495225,0.16086863291894396,3.251977241868753
71,120,theory_1,3.2597126055649768,0.72776166992067,0.8210262596040642,0.15633309849209864,0.004062946264368177,-0.008598480691213405,0.16086863291894396,3.251977241868753
72,120,theory_1,3.165928837749768,0.7504129078856255,0.6823551835467361,0.17898433645705414,0.0027333183525355574,0.015382385185574594,0.16086863291894396,3.251977241868753
73,120,theory_1,3.1363183248360214,0.7204706241471227,0.6859488251926317,0.1490420527185513,0.006437600972329941,-0.018264181172722656,0.16086863291894396,3.251977241868753
74,120,theory_1,3.1741560604140777,0.752811388723213,0.789419963299786,0.18138281729464156,0.0031049095108446503,0.01740927486485291,0.16086863291894396,3.251977241868753
75,120,theory_1,3.235637006941061,0.7296456206230758,0.7542326976326175,0.1582170491945044,0.0024021862255066283,-0.005053769949946233,0.16086863291894396,3.251977241868753
76,120,theory_1,3.2894924114779864,0.7261383994815748,0.7495167219245504,0.15470982805300337,0.001949037201131993,-0.008107842067072525,0.16086863291894396,3.251977241868753
77,120,theory_1,3.250333728827138,0.7450786135490081,0.7504195877926816,0.17365004212043667,0.01655743262129292,-0.003776023419800302,0.16086863291894396,3.251977241868753
78,120,theory_1,3.1623144855190484,0.7497901651002784,0.7162855706230059,0.178361593671707,0.002354726937359289,0.015138233815403813,0.16086863291894396,3.251977241868753
79,120,theory_1,3.117223270641775,0.7494664085589726,0.6612933157879785,0.17803783713040122,0.01624734523125577,0.0009218589802014212,0.16086863291894396,3.251977241868753
80,120,theory_1,3.2183062605775694,0.7549304657395274,0.7123856688349359,0.18350189431095598,0.018309701877306583,0.004323559514705396,0.16086863291894396,3.251977241868753
81,120,theory_1,3.3244695540301357,0.7448652098947683,0.7037367393413648,0.17343663846619695,0.011536307246156053,0.0010316983010968791,0.16086863291894396,3.251977241868753
82,120,theory_1,3.1765741220200936,0.7602190196133446,0.666355381642785,0.1887904481847732,0.021190906385009475,0.006730908880819805,0.16086863291894396,3.251977241868753
83,120,theory_1,3.2409431762021343,0.7319311943341809,0.7481089929481362,0.16050262290560946,0.009186953512471435,-0.009552963525806027,0.16086863291894396,3.251977241868753
84,120,theory_1,3.165052646506838,0.7242670093505484,0.7478197530268316,0.15283843792197704,0.001261957691140281,-0.009292152688107194,0.16086863291894396,3.251977241868753
85,120,theory_1,3.153618614191099,0.7597566904809381,0.7391236999666636,0.18832811905236668,0.008358972139982383,0.019100513993440323,0.16086863291894396,3.251977241868753
86,120,theory_1,3.217117946856624,0.7905442833349374,0.7441545942915383,0.21911571190636603,0.027455959375322372,0.030791119612099665,0.16086863291894396,3.251977241868753
87,120,theory_1,3.2035631728812892,0.7544466606152326,0.6180553023557654,0.18301808918666118,0.012904402461892932,0.00924505380582417,0.16086863291894396,3.251977241868753
88,120,theory_1,3.1827485027202247,0.7600172130088988,0.7838090830548994,0.1885886415803274,0.005965519032936016,0.021754489628447324,0.16086863291894396,3.251977241868753
89,120,theory_1,3.1531470874678473,0.7294107560952903,0.7414391636656512,0.15798218466671887,0.0005611393610187104,-0.0034475876132437308,0.16086863291894396,3.251977241868753
90,120,theory_1,3.351232669721069,0.7338477553557421,0.7174123233466397,0.1624191839271707,0.0009411602178392422,0.0006093907903874028,0.16086863291894396,3.251977241868753
91,120,theory_1,3.1684983385237953,0.730732610265773,0.7332455156008038,0.15930403883720157,0.0005975917966461465,-0.0021621858783887437,0.16086863291894396,3.251977241868753
92,120,theory_1,3.2213821006724235,0.7360692213067342,0.7208291806442381,0.16464064987816285,0.0010775344287391679,0.002694482530479603,0.16086863291894396,3.251977241868753
93,120,theory_1,3.133194037563035,0.7712361871613226,0.5573858373356947,0.1998076157327512,0.032060838769560805,0.006878144044246467,0.16086863291894396,3.251977241868753
94,120,theory_1,3.2244484766795694,0.7238985865074469,0.7919672482545658,0.15247001507887548,0.002392729423526552,-0.010791347263594965,0.16086863291894396,3.251977241868753
95,120,theory_1,3.247592363513011,0.733457071635249,0.7770967392213257,0.16202850020667758,0.016208871403545367,-0.015049004115811733,0.16086863291894396,3.251977241868753
96,120,theory_1,3.2602869438210487,0.7351676061237485,0.759717658924651,0.16373903469517714,0.005488354835643595,-0.002617953059410293,0.16086863291894396,3.251977241868753
97,120,theory_1,3.21739897336456,0.7206492294664336,0.745998215363535,0.14922065803786222,0.0014469829545907661,-0.013094957835672482,0.16086863291894396,3.251977241868753
98,120,theory_1,3.2381818432163203,0.7300938341700806,0.7238265118202672,0.15866526274150916,0.003797208884629599,-0.006000579062064586,0.16086863291894396,3.251977241868753
99,120,theory_1,3.2985569258877745,0.7637023501650935,0.705673970485583,0.19227377873652207,0.0017858499752727798,0.029619295842305306,0.16086863291894396,3.251977241868753
0,180,theory_1,3.7584710651080537,0.7071251410030376,0.7644229586149346,0.13569656957446619,0.005279366692403345,-0.005014972737689607,0.13543217561975224,3.7069216033876864
1,180,theory_1,3.6929050248111452,0.7204754139103717,0.8490924978852054,0.14904684248180033,0.010059297624991876,0.00355536923705586,0.13543217561975224,3.7069216033876864
2,180,theory_1,3.6338960917700924,0.6875286365775766,0.7661772077182667,0.11610006514900517,0.0026147491355438188,-0.021946859606290947,0.13543217561975224,3.7069216033876864
3,180,theory_1,3.682821836775441,0.7155917535135186,0.7275265120270737,0.14416318208494716,0.0028202982051719755,0.005910708260022742,0.13543217561975224,3.7069216033876864
4,180,theory_1,3.5047430709785616,0.7276145591492599,0.8086610649397558,0.15618598772068848,0.007442458360204158,0.01331135374073173,0.13543217561975224,3.7069216033876864
5,180,theory_1,3.6886591262511446,0.7166692945488384,0.8413022223608341,0.14524072312026703,0.008144474682884196,0.001664072817630316,0.13543217561975224,3.7069216033876864
6,180,theory_1,3.611756331706649,0.7284349202809747,0.7248926949694644,0.15700634885240328,0.0013867911298169814,0.020187382102833887,0.13543217561975224,3.7069216033876864
7,180,theory_1,3.6358230162930987,0.710867988916969,0.6977485355880546,0.1394394174883976,0.005337274343302979,-0.0013300324746580642,0.13543217561975224,3.7069216033876864
8,180,theory_1,3.436639837760456,0.7152339970839857,0.8219269877216124,0.14380542565541432,0.0034462318608395274,0.004927018174822285,0.13543217561975224,3.7069216033876864
9,180,theory_1,3.567688139262796,0.7133819216759792,0.7491313826595017,0.14195335024740785,0.001133411464184541,0.005387763163470737,0.13543217561975224,3.7069216033876864
10,180,theory_1,3.575813480386981,0.7087085303897507,0.7435309905834655,0.13727995896117928,0.0020281557065792207,-0.00018037236515255895,0.13543217561975224,3.7069216033876864
11,180,theory_1,3.7197537501055815,0.7122889721772336,0.7120452489580055,0.14086040074866224,0.004985870616552764,0.00044235451235684895,0.13543217561975224,3.7069216033876864
12,180,theory_1,3.6910348119341534,0.713226725720311,0.8280815181497717,0.1417981542917396,0.008410576834369335,-0.0020445981623821545,0.13543217561975224,3.7069216033876864
13,180,theory_1,3.6361657787116752,0.7039575741507689,0.722432575742546,0.13252900272219748,0.007792014854140416,-0.010695187751695203,0.13543217561975224,3.7069216033876864
14,180,theory_1,3.7107540483520034,0.7004929112786376,0.7632126953428264,0.12906433985006616,0.0008157738918988253,-0.007183609661585064,0.13543217561975224,3.7069216033876864
15,180,theory_1,3.6972221810032426,0.7003887894085962,0.8386605001725975,0.12896021798002477,0.004337876970729747,-0.010809834610457507,0.13543217561975224,3.7069216033876864
16,180,theory_1,3.7029443313753716,0.7099794386889663,0.7068504596655695,0.1385508672603949,0.0070494518793811104,-0.0039307602387388665,0.13543217561975224,3.7069216033876864
17,180,theory_1,3.5131879689083556,0.7388993564408278,0.6628738410200012,0.16747078501225643,0.005111538922640237,0.026927070469863763,0.13543217561975224,3.7069216033876864
18,180,theory_1,3.705445579296792,0.7144163431988683,0.7318500314235202,0.14298777177029687,0.013209250651968523,-0.005653654501424008,0.13543217561975224,3.7069216033876864
19,180,theory_1,3.6188353299638027,0.7219613192986509,0.6893730521363648,0.15053274787007953,0.010742290854104325,0.004358281396222805,0.13543217561975224,3.7069216033876864
20,180,theory_1,3.5419160461116608,0.6894303632218244,0.75014939723804,0.11800179179325299,0.00305446163924566,-0.0204848454657454,0.13543217561975224,3.7069216033876864
21,180,theory_1,3.6319918756184997,0.7477399976426954,0.7359080088180356,0.176311426214124,0.01020492750928925,0.030674323085082174,0.13543217561975224,3.7069216033876864
22,180,theory_1,3.6010508321536623,0.7198736029597932,0.7559324193358068,0.1484450315312218,0.00048654538006859206,0.01252631053140068,0.13543217561975224,3.7069216033876864
23,180,theory_1,3.6202739637178425,0.6984051468127204,0.753110459413397,0.12697657538414897,0.001348219141785271,-0.009803819377388842,0.13543217561975224,3.7069216033876864
24,180,theory_1,3.6809505631664656,0.7196369146977819,0.8169577671809887,0.1482083432692105,0.004295974308034756,0.008480193341423458,0.13543217561975224,3.7069216033876864
25,180,theory_1,3.757774351749562,0.7278133698711229,0.6619839685389497,0.1563847984425515,0.015146748202457792,0.0058058746203412835,0.13543217561975224,3.7069216033876864
26,180,theory_1,3.7166611527401985,0.70234590437656,0.7095367108040439,0.13091733294798857,0.006169795422736492,-0.010684638094500295,0.13543217561975224,3.7069216033876864
27,180,theory_1,3.8261848036688,0.6981309951126,0.7304914955919458,0.12670242368402862,0.003618788345311373,-0.012348540281035327,0.13543217561975224,3.7069216033876864
28,180,theory_1,3.5817558814164063,0.7339867947003702,0.6512185662167497,0.1625582232717988,0.013837109702726039,0.013288937949320121,0.13543217561975224,3.7069216033876864
29,180,theory_1,3.638948694431123,0.7016724891027768,0.7799145873307024,0.1302439176742054,0.00026763275675244436,-0.005455890702299639,0.13543217561975224,3.7069216033876864
30,180,theory_1,3.694007794373655,0.6972456223889201,0.7729294657980227,0.12581705096034868,0.00046683392327088525,-0.01008195858267472,0.13543217561975224,3.7069216033876864
31,180,theory_1,3.6753012287411577,0.727366065189318,0.6780850875311774,0.15593749376074661,0.016858976092523834,0.003646342048470361,0.13543217561975224,3.7069216033876864
32,180,theory_1,3.672288434975106,0.7037840024141498,0.7762227311628493,0.13235543098557845,0.000949394525698093,-0.004026139159872089,0.13543217561975224,3.7069216033876864
33,180,theory_1,3.6452819877654146,0.7077215498150651,0.7891112293884134,0.13629297838649368,0.0008055759946500008,5.5226772091314754e-05,0.13543217561975224,3.7069216033876864
34,180,theory_1,3.7177777083796744,0.7386751433431936,0.7595513263723002,0.16724657191462222,0.005375338541517639,0.026439057753352216,0.13543217561975224,3.7069216033876864
35,180,theory_1,3.6649075824228152,0.7204197176369532,0.7216517713708626,0.14899114620838183,0.0023081179707540155,0.011250852617875345,0.13543217561975224,3.7069216033876864
36,180,theory_1,3.6574626251584057,0.7072803850050786,0.7205675848183879,0.13585181357650722,0.0035166573113189145,-0.0030970193545640915,0.13543217561975224,3.7069216033876864
37,180,theory_1,3.6822652073915605,0.7173901401742782,0.6999128871279026,0.14596156874570676,0.006583790196640899,0.003945602929313412,0.13543217561975224,3.7069216033876864
38,180,theory_1,3.660524011355744,0.7134745362591286,0.6901525597932177,0.1420459648305572,0.008167442673716812,-0.0015536534629121156,0.13543217561975224,3.7069216033876864
39,180,theory_1,3.5466826726325937,0.7300933668973035,0.7231946748789111,0.15866479546873213,0.002010831828980321,0.021221788019999382,0.13543217561975224,3.7069216033876864
40,180,theory_1,3.659237821815351,0.6982299178691856,0.7366707948693103,0.12680134644061425,0.006271576905746223,-0.0149024060848846,0.13543217561975224,3.7069216033876864
41,180,theory_1,3.610473684379966,0.7376608705779164,0.7205978362489284,0.166232299149345,0.0028781388322580968,0.027921984697334493,0.13543217561975224,3.7069216033876864
42,180,theory_1,3.5813350667163872,0.7138074885733672,0.7442246588076114,0.14237891714479578,0.0027073953226328753,0.004239346202410404,0.13543217561975224,3.7069216033876864
43,180,theory_1,3.6467325544084543,0.7184015452190013,0.6930416431736628,0.14697297379042995,0.00442171267505886,0.007119085495618595,0.13543217561975224,3.7069216033876864
44,180,theory_1,3.5962721230498262,0.7037824543407968,0.7625141892627916,0.13235388291222538,0.003041833185188847,-0.00612012589271593,0.13543217561975224,3.7069216033876864
45,180,theory_1,3.642050109303012,0.7307209091401287,0.7866959543224797,0.15929233771155726,0.00720139143016689,0.01665877066163803,0.13543217561975224,3.7069216033876864
46,180,theory_1,3.743213943544124,0.7086056702073615,0.7663835233030352,0.13717709877879014,0.001350023719835781,0.00039489943920199925,0.13543217561975224,3.7069216033876864
47,180,theory_1,3.558159206075487,0.7496933704655977,0.8356133332142357,0.1782647990370263,0.01122410387943608,0.03160851953783756,0.13543217561975224,3.7069216033876864
48,180,theory_1,3.6181735001712663,0.7250537754680376,0.7071434284372003,0.15362520403946622,0.0023098619046799805,0.015883166515033735,0.13543217561975224,3.7069216033876864
49,180,theory_1,3.6746740162052407,0.7219351858598824,0.6694674837704556,0.15050661443131097,0.02562988676592915,-0.010555447954370821,0.13543217561975224,3.7069216033876864
50,180,theory_1,3.723144025638068,0.6924506437225826,0.8200959505724933,0.12102207229401118,0.0020573195145633266,-0.01646742284030477,0.13543217561975224,3.7069216033876864
51,180,theory_1,3.6026733397250075,0.7336385377836487,0.7853619337878963,0.16220996635507734,0.01218900197840966,0.014588788756915307,0.13543217561975224,3.7069216033876864
52,180,theory_1,3.6491526356899593,0.7571048824919364,0.6156807667659484,0.18567631106336502,0.026514569519618753,0.02372956592399395,0.13543217561975224,3.7069216033876864
53,180,theory_1,3.6619473781312433,0.7108198004537294,0.7032454928348937,0.139391229025158,0.005385643196287957,-0.0014265897908824583,0.13543217561975224,3.7069216033876864
54,180,theory_1,3.7359481871747557,0.7133654365518944,0.695438126509821,0.14193686512332304,0.007427587472524619,-0.0009228979689539603,0.13543217561975224,3.7069216033876864
55,180,theory_1,3.6387120126803882,0.7164012144793062,0.8095236104086393,0.14497264305073476,0.00980036993027453,-0.00025990249929220654,0.13543217561975224,3.7069216033876864
56,180,theory_1,3.745559030777139,0.7261720955429982,0.6776459685000489,0.15474352411442682,0.010812204349540512,0.008499144145133787,0.13543217561975224,3.7069216033876864
57,180,theory_1,3.619733972577769,0.7028824637746698,0.7968344283915744,0.1314538923460984,0.0011625834063860128,-0.00514086668004,0.13543217561975224,3.7069216033876864
58,180,theory_1,3.7188258343491944,0.6935629951170462,0.7357779937188166,0.12213442368847482,0.004027080891946957,-0.017324832823224633,0.13543217561975224,3.7069216033876864
59,180,theory_1,3.6236719712577083,0.7187355086922667,0.6701895886502489,0.14730693726369526,0.008990523358505793,0.002884238285436806,0.13543217561975224,3.7069216033876864
60,180,theory_1,3.6438977927324943,0.7005633786894196,0.7888351007210771,0.12913480726084825,0.00039118235916172413,-0.006688550718066125,0.13543217561975224,3.7069216033876864
61,180,theory_1,3.699411685936592,0.7070683164382076,0.7442247135796459,0.13563974500963616,0.0034533499054989407,-0.003245780515615252,0.13543217561975224,3.7069216033876864
62,180,theory_1,3.701497085474377,0.7040824379184178,0.7775648107689955,0.13265386648984645,0.004392078856710179,-0.007170387986616368,0.13543217561975224,3.7069216033876864
63,180,theory_1,3.6333381299276626,0.7026637033882721,0.7298719132595834,0.1312351319597007,0.003298619133393183,-0.007495662793444996,0.13543217561975224,3.7069216033876864
64,180,theory_1,3.612780061461601,0.75060455086023,0.5810529326291063,0.17917597943165864,0.03617392366147229,0.00756988015043387,0.13543217561975224,3.7069216033876864
65,180,theory_1,3.630131202974072,0.7019381928515765,0.7246164323545994,0.13050962142300515,0.0038403217338480876,-0.008762875930595226,0.13543217561975224,3.7069216033876864
66,180,theory_1,3.6890091950668027,0.7032721984960234,0.7088834690188073,0.131843627067452,0.0072053431747438,-0.010793891727044418,0.13543217561975224,3.7069216033876864
67,180,theory_1,3.6196773698736706,0.7158634756305107,0.7431165153469935,0.14443490420193927,0.005003341815048054,0.003999386767138795,0.13543217561975224,3.7069216033876864
68,180,theory_1,3.6556712324881993,0.6938549729764638,0.7831783619798613,0.12242640154789242,0.0011092936230695854,-0.014115067694929513,0.13543217561975224,3.7069216033876864
69,180,theory_1,3.6069325304071365,0.7225571543903605,0.7211640044061394,0.1511285829617891,0.0016093698829550643,0.01408703745908161,0.13543217561975224,3.7069216033876864
70,180,theory_1,3.627284124778332,0.724671685357324,0.8055275305491464,0.15324311392875256,0.003161692530921322,0.014649245778078884,0.13543217561975224,3.7069216033876864
71,180,theory_1,3.6994891781788986,0.7035534440727733,0.8134056108712338,0.13212487264420192,0.0028135903806270233,-0.006120893356177719,0.13543217561975224,3.7069216033876864
72,180,theory_1,3.6616631778110653,0.7076277421232021,0.7236056663047774,0.13619917069463072,0.002719857137207545,-0.0019528620623292042,0.13543217561975224,3.7069216033876864
73,180,theory_1,3.607240750239079,0.7016285045328111,0.7071992728196564,0.13019993310423972,0.010267441954271761,-0.015499684469784395,0.13543217561975224,3.7069216033876864
74,180,theory_1,3.6442186663891096,0.734162073481501,0.7342265813001246,0.16273350205292958,0.008462366226512153,0.018838960206665048,0.13543217561975224,3.7069216033876864
75,180,theory_1,3.693012908135726,0.6981531123782728,0.8003709247537707,0.12672454094970143,0.0008422845743446136,-0.009549919244395879,0.13543217561975224,3.7069216033876864
76,180,theory_1,3.6854513939132354,0.7115548103837808,0.74153326077777,0.14012623895520937,0.005563285728298408,-0.0008692223928413775,0.13543217561975224,3.7069216033876864
77,180,theory_1,3.689114707091133,0.7039286462215761,0.8403823319834465,0.13250007479300474,0.007790267155736802,-0.010722367982484576,0.13543217561975224,3.7069216033876864
78,180,theory_1,3.641208327457118,0.7124198411174069,0.7619027780780739,0.14099126968883546,0.0008874176965627175,0.004671676372520301,0.13543217561975224,3.7069216033876864
79,180,theory_1,3.5601999002591684,0.7161575805279669,0.738705528775249,0.14472900909939546,0.011960584553590331,-0.0026637510739471815,0.13543217561975224,3.7069216033876864
80,180,theory_1,3.6758282485713742,0.7018832423169412,0.8138035311423876,0.13045467088836982,0.007466257207494085,-0.012443761938876642,0.13543217561975224,3.7069216033876864
81,180,theory_1,3.7357061934164046,0.706577390662073,0.7762461813553029,0.13514881923350164,0.0002780708987926957,-0.0005614272850435382,0.13543217561975224,3.7069216033876864
82,180,theory_1,3.642330792640279,0.7266166196836629,0.8260360821200694,0.15518804825509147,0.0050236457909933726,0.014732226844345655,0.13543217561975224,3.7069216033876864
83,180,theory_1,3.669884506740689,0.712447719026996,0.7125306349150571,0.1410191475984246,0.01528905098705479,-0.009702079008382661,0.13543217561975224,3.7069216033876864
84,180,theory_1,3.632922167706869,0.7124403510286189,0.723184667113947,0.14101177960004752,0.002136684651580916,0.003442919328714207,0.13543217561975224,3.7069216033876864
85,180,theory_1,3.6308211998296938,0.723002038478035,0.7894697035019337,0.15157346704946362,0.002169941547501856,0.013971349882209402,0.13543217561975224,3.7069216033876864
86,180,theory_1,3.6972743804341555,0.7382150942774645,0.8132241637998562,0.16678652284889306,0.015264814378830361,0.01608953285031008,0.13543217561975224,3.7069216033876864
87,180,theory_1,3.6434628293987905,0.7156686532467172,0.7347811101660906,0.14424008181814585,0.0030988827246072118,0.005709023473786152,0.13543217561975224,3.7069216033876864
88,180,theory_1,3.563995406440547,0.7417904992320757,0.7887426676596545,0.17036192780350434,0.014061522004418294,0.020868230179333633,0.13543217561975224,3.7069216033876864
89,180,theory_1,3.603916505701023,0.7260130013412277,0.6546293932616322,0.1545844299126563,0.011609807895025644,0.00754244639787804,0.13543217561975224,3.7069216033876864
90,180,theory_1,3.7979585672015372,0.7223617182808066,0.7569366345699061,0.15093314685223524,0.0023432819348062593,0.013157689297676564,0.13543217561975224,3.7069216033876864
91,180,theory_1,3.660885336465498,0.7087256174616821,0.7715329916238237,0.13729704603311066,0.0005739379280056817,0.0012909324853525891,0.13543217561975224,3.7069216033876864
92,180,theory_1,3.693269791677808,0.7199351435441989,0.7564597988567481,0.14850657211562746,0.0034778175273847164,0.009596578968490246,0.13543217561975224,3.7069216033876864
93,180,theory_1,3.605770481496866,0.7205145417994074,0.6755960154223979,0.14908597037083604,0.013920865359838238,-0.0002670706087546731,0.13543217561975224,3.7069216033876864
94,180,theory_1,3.645324606678386,0.6989495025100987,0.8011843531221018,0.1275209310815273,0.000962511931346239,-0.008873756469571416,0.13543217561975224,3.7069216033876864
95,180,theory_1,3.706681283025171,0.6927791457202386,0.8059566585176049,0.12135057429166718,0.005950566364610806,-0.020032167692696126,0.13543217561975224,3.7069216033876864
96,180,theory_1,3.741867917807781,0.6996340395159985,0.7922909067778122,0.12820546808742705,0.005930417534890589,-0.013157125067215985,0.13543217561975224,3.7069216033876864
97,180,theory_1,3.6885701012601224,0.6995196419576626,0.7946378001295159,0.1280910705290912,0.0009084969240276792,-0.008249602014689151,0.13543217561975224,3.7069216033876864
98,180,theory_1,3.7346672077956398,0.7146214166137015,0.7669426625888357,0.1431928451851301,0.007309555205720108,0.00045111435965758737,0.13543217561975224,3.7069216033876864
99,180,theory_1,3.7571015117954434,0.7302563108154922,0.7176134929180161,0.15882773938692085,0.0016420937811160736,0.021753469986052546,0.13543217561975224,3.7069216033876864
0,240,theory_1,4.095620305699349,0.6842004848253829,0.8007089933754392,0.11277191339681147,0.0010009412086827586,-0.00637928776282253,0.11815025995095103,4.077639290770984
1,240,theory_1,4.034050937726032,0.7059668500649757,0.8133259466396896,0.13453827863640433,0.005036904377846823,0.01135111430760615,0.11815025995095103,4.077639290770984
2,240,theory_1,4.004698638433101,0.6707236250814029,0.8180600481335306,0.09929505365283153,0.0014126749294387341,-0.020267881227558442,0.11815025995095103,4.077639290770984
3,240,theory_1,4.088831448391918,0.6932728402672703,0.7496699677563038,0.12184426883869892,0.004170039729207649,-0.00047603084145996665,0.11815025995095103,4.077639290770984
4,240,theory_1,3.888291215116007,0.7146359680128045,0.7994941227101754,0.1432073965842331,0.0034399878587698246,0.02161714877451195,0.11815025995095103,4.077639290770984
5,240,theory_1,4.0396025171117715,0.7081432769885683,0.8032555181288145,0.13671470555999687,0.006796819093234381,0.011767626515811173,0.11815025995095103,4.077639290770984
6,240,theory_1,3.9631835798575916,0.7089761137048615,0.7544514345757259,0.13754754227629007,0.001637410693229667,0.017759871632108914,0.11815025995095103,4.077639290770984
7,240,theory_1,3.9728038420155736,0.6943624077783814,0.7051203162282872,0.12293383634981003,0.008522018880371558,-0.0037384424815125727,0.11815025995095103,4.077639290770984
8,240,theory_1,3.845915845372887,0.6995684362062505,0.8334212539160684,0.12813986477767914,0.0039526645524932,0.006036940274234843,0.11815025995095103,4.077639290770984
9,240,theory_1,4.03691590935067,0.6877456104570266,0.7663560342005172,0.11631703902845525,0.0020653358390628662,-0.003898556761559015,0.11815025995095103,4.077639290770984
10,240,theory_1,3.946628628491277,0.6926904020952891,0.7833663010918925,0.1212618306667177,0.0005578605943990951,0.0025537101213674337,0.11815025995095103,4.077639290770984
11,240,theory_1,4.078808472966787,0.6921266833901514,0.737628134665661,0.12069811196157998,0.0032959853079678465,-0.0007481332973390989,0.11815025995095103,4.077639290770984
12,240,theory_1,4.02199505882156,0.6988980482896172,0.8362418461803427,0.12746947686104582,0.008514033718283524,0.0008051831918110435,0.11815025995095103,4.077639290770984
13,240,theory_1,3.987277724321801,0.689941076043232,0.7340493192220192,0.11851250461466056,0.007329819898232718,-0.006967575234523362,0.11815025995095103,4.077639290770984
14,240,theory_1,4.053659645808989,0.6870545724911119,0.7607526559214519,0.1156260010625405,0.0015578073027393364,-0.004082066191149934,0.11815025995095103,4.077639290770984
15,240,theory_1,4.041929774253628,0.692031082197857,0.8473394485215199,0.12060251076928563,0.00652041885561598,-0.004068168037281641,0.11815025995095103,4.077639290770984
16,240,theory_1,4.066117255958214,0.6930149358628683,0.7985961011027322,0.12158636443429693,0.004076104820164847,-0.0006400003368191539,0.11815025995095103,4.077639290770984
17,240,theory_1,3.9150727869056645,0.714852478391147,0.7102947412406229,0.14342390696257556,0.0034444545523354035,0.02182919245928913,0.11815025995095103,4.077639290770984
18,240,theory_1,4.077355833764528,0.701968295878094,0.7614569752177119,0.13053972444952255,0.011905772513107888,0.00048369198546351435,0.11815025995095103,4.077639290770984
19,240,theory_1,4.010318638715386,0.6885396694825916,0.7440386431722527,0.1171110980540202,0.006115681999056052,-0.007154843895987191,0.11815025995095103,4.077639290770984
20,240,theory_1,3.9319017446506845,0.6754127002438336,0.7767426297102025,0.1039841288152622,0.0016388987325224795,-0.015805029868211116,0.11815025995095103,4.077639290770984
21,240,theory_1,4.016002528322789,0.7252596793664251,0.7309140241242658,0.1538311079378537,0.011240047207525418,0.024440800779377124,0.11815025995095103,4.077639290770984
22,240,theory_1,3.973345644484537,0.6940615174909459,0.7780095901853242,0.12263294606237451,0.00048529392924473094,0.003997392182178525,0.11815025995095103,4.077639290770984
23,240,theory_1,4.025430804031365,0.6905623667951998,0.7405959628879313,0.11913379536662838,0.0027836385952502898,-0.001800103179572946,0.11815025995095103,4.077639290770984
24,240,theory_1,4.065473243415078,0.7013424697591976,0.846082598465315,0.12991389833062617,0.007578647610974318,0.0041849907687007025,0.11815025995095103,4.077639290770984
25,240,theory_1,4.077652507652152,0.7026550217384255,0.7521571486921059,0.13122645030985414,0.003107566068854573,0.009968624290048519,0.11815025995095103,4.077639290770984
26,240,theory_1,4.095457009248914,0.6866490352482147,0.7541962064151245,0.11522046381964335,0.0022073845453317773,-0.005137180676639657,0.11815025995095103,4.077639290770984
27,240,theory_1,4.211459421353047,0.6774932948947918,0.7894307523738994,0.10606472346622042,0.0009623237495290631,-0.013047860234259896,0.11815025995095103,4.077639290770984
28,240,theory_1,3.9222984848420985,0.7110478989412822,0.7097889373064685,0.13961932751271078,0.009916054516719014,0.011553013045040698,0.11815025995095103,4.077639290770984
29,240,theory_1,4.0255224651658805,0.6826480582800414,0.7927650337919403,0.11121948685146998,0.0018062875622047456,-0.0087370606616859,0.11815025995095103,4.077639290770984
30,240,theory_1,4.0743189294020805,0.6825570234596533,0.8043830355013935,0.1111284520310819,0.0005446458084956349,-0.007566453728364857,0.11815025995095103,4.077639290770984
31,240,theory_1,4.064213754906764,0.7046540416729243,0.7197160858739906,0.13322547024435294,0.01051594647266493,0.004559263820736832,0.11815025995095103,4.077639290770984
32,240,theory_1,4.046275958403447,0.6899666637432431,0.7846540316112954,0.11853809231467172,0.0005165195052207241,-0.00012868714150013165,0.11815025995095103,4.077639290770984
33,240,theory_1,3.973904801171122,0.6886357127844784,0.7806139868868369,0.11720714135590704,0.0004920004815415939,-0.0014351190765858092,0.11815025995095103,4.077639290770984
34,240,theory_1,4.034329169396136,0.7212238214960188,0.7522705150230161,0.14979525006744743,0.003726477753338766,0.027918512363157642,0.11815025995095103,4.077639290770984
35,240,theory_1,4.056675789187217,0.7043431610644415,0.7256908199914455,0.1329145896358701,0.002844237691124804,0.011920091993793989,0.11815025995095103,4.077639290770984
36,240,theory_1,3.98693639145072,0.6929031545590221,0.7780968343715364,0.12147458313045068,0.0005188920987772551,0.002805431080722098,0.11815025995095103,4.077639290770984
37,240,theory_1,4.018921868150054,0.7069231820723045,0.702582784568481,0.13549461064373314,0.008105585313600457,0.009238765379181533,0.11815025995095103,4.077639290770984
38,240,theory_1,4.007039670841355,0.6939349212589656,0.7442496208294183,0.12250634983039421,0.0022582280849132836,0.0020978617945296494,0.11815025995095103,4.077639290770984
39,240,theory_1,3.924673631127237,0.7011899623613778,0.7490951990575346,0.12976139093280636,0.0012998628547336423,0.010311268127121395,0.11815025995095103,4.077639290770984
40,240,theory_1,4.031587977613407,0.6881217194581599,0.77702086797415,0.11669314802958852,0.0029494593852607913,-0.004406571306623336,0.11815025995095103,4.077639290770984
41,240,theory_1,3.9914064228736708,0.7203818979950722,0.7514264668583223,0.14895332656650084,0.01008962206929238,0.020713444546257252,0.11815025995095103,4.077639290770984
42,240,theory_1,3.951254461308511,0.6901162099717907,0.7803083129205621,0.11868763854321929,0.002628544000819676,-0.0020911654085515644,0.11815025995095103,4.077639290770984
43,240,theory_1,4.025409770501016,0.7048451883161743,0.7410957536687158,0.13341661688760287,0.0036766729534873956,0.011589683983164253,0.11815025995095103,4.077639290770984
44,240,theory_1,3.949079434783417,0.6877691955209255,0.7856336972090502,0.11634062409235413,0.0010856617769361098,-0.0028952976355330375,0.11815025995095103,4.077639290770984
45,240,theory_1,4.0010805111758305,0.7169048093597578,0.786014901329404,0.14547623793118636,0.0025877509154931333,0.02473822706474211,0.11815025995095103,4.077639290770984
46,240,theory_1,4.091612160907787,0.6955709260340218,0.7861797855784969,0.12414235460545042,0.0018231252624724681,0.004168969392026778,0.11815025995095103,4.077639290770984
47,240,theory_1,3.962963411234072,0.7174127862217041,0.8106496870156469,0.14598421479313273,0.004327470830284013,0.023506484011897484,0.11815025995095103,4.077639290770984
48,240,theory_1,4.007989159675192,0.702152160898674,0.7603277441288748,0.13072358947010265,0.002387818017922678,0.01018551150122893,0.11815025995095103,4.077639290770984
49,240,theory_1,4.016133666378647,0.6996919086366611,0.6964874200833281,0.1282633372080897,0.015456092953790163,-0.005343015696651663,0.11815025995095103,4.077639290770984
50,240,theory_1,4.142730946315383,0.6738747638144241,0.8261587839076995,0.10244619238585273,0.0023824574091385296,-0.018086524974237114,0.11815025995095103,4.077639290770984
51,240,theory_1,3.9819754796442983,0.6951945131793826,0.8261669506591032,0.12376594175081124,0.00518543229109826,0.0004302495087617892,0.11815025995095103,4.077639290770984
52,240,theory_1,4.060074504967148,0.7167392410345106,0.7297188397148179,0.1453106696059392,0.013179033150997728,0.013981376503990233,0.11815025995095103,4.077639290770984
53,240,theory_1,4.00715254969958,0.6968814868665455,0.7136770928277353,0.1254529154379741,0.007857385356237824,-0.0005547298692148606,0.11815025995095103,4.077639290770984
54,240,theory_1,4.1095194987278,0.6981091405614461,0.7204232566047504,0.12668056913287473,0.009656835633665773,-0.0011265264517424849,0.11815025995095103,4.077639290770984
55,240,theory_1,4.011869197477208,0.6993205430008786,0.8320269834880629,0.12789197157230725,0.012925722226647469,-0.0031840106052916134,0.11815025995095103,4.077639290770984
56,240,theory_1,4.140814537627583,0.7042703407533211,0.7073582184952395,0.13284176932474967,0.00924645580251752,0.0054450535712808135,0.11815025995095103,4.077639290770984
57,240,theory_1,3.9975778157174533,0.6842802965542129,0.8121488118113368,0.11285172512564146,0.002290208025111643,-0.007588742850421469,0.11815025995095103,4.077639290770984
58,240,theory_1,4.082293442745234,0.6797465502484847,0.7655757036792213,0.10831797881991334,0.002747219398418189,-0.012579500529455934,0.11815025995095103,4.077639290770984
59,240,theory_1,4.005678745066103,0.6956402597725694,0.7228541198323577,0.12421168834399798,0.004494290916229222,0.0015671374768175272,0.11815025995095103,4.077639290770984
60,240,theory_1,3.9882585718689545,0.687127435172102,0.7940578666240588,0.11569886374353056,0.00021304476486841886,-0.002664440972289175,0.11815025995095103,4.077639290770984
61,240,theory_1,4.044572749690859,0.6905653446560358,0.7794391200974837,0.11913677322746441,0.004643347386009584,-0.0036568341094963984,0.11815025995095103,4.077639290770984
62,240,theory_1,4.082374266339987,0.6858828749523104,0.8172445678269622,0.11445430352373898,0.0019024055458444033,-0.005598361973056584,0.11815025995095103,4.077639290770984
63,240,theory_1,4.024769206355534,0.6977097243558993,0.7902778908787853,0.1262811529273279,0.0006383984157606712,0.0074924945606159275,0.11815025995095103,4.077639290770984
64,240,theory_1,3.9905590554388883,0.7158768770482191,0.6640693545956524,0.14444830561964772,0.01386871161343906,0.012429334055257504,0.11815025995095103,4.077639290770984
65,240,theory_1,4.038214256344025,0.695686617351321,0.7409105990615765,0.12425804592274958,0.005608111116333152,0.000499674855465548,0.11815025995095103,4.077639290770984
66,240,theory_1,4.0273221560842085,0.6874510658657487,0.764077984857821,0.11602249443717727,0.004094745100591175,-0.0062225106143649934,0.11815025995095103,4.077639290770984
67,240,theory_1,4.026020032770257,0.6947857870234432,0.7581330874848184,0.12335721559487178,0.0025718417560184753,0.0026351138879021747,0.11815025995095103,4.077639290770984
68,240,theory_1,4.051637680205776,0.685670792613751,0.7635282198764912,0.11424222118517957,0.0012236650940948743,-0.005131703859866327,0.11815025995095103,4.077639290770984
69,240,theory_1,4.033085141651835,0.713275753925246,0.770839746764604,0.1418471824966746,0.0024587916744866017,0.021238130871236882,0.11815025995095103,4.077639290770984
70,240,theory_1,3.9846600744113543,0.6951127653892847,0.783042935838506,0.12368419396071328,0.0008211191776792858,0.004712814832082834,0.11815025995095103,4.077639290770984
71,240,theory_1,4.10236374631281,0.6874317514951123,0.7906479226734558,0.11600318006654087,0.001027729243733627,-0.003174809128143984,0.11815025995095103,4.077639290770984
72,240,theory_1,4.069776225711636,0.6910642795421317,0.7436689458147097,0.11963570811356028,0.0031284953420433873,-0.0016430471794342363,0.11815025995095103,4.077639290770984
73,240,theory_1,3.974536360222636,0.6873557512913726,0.7315048253547577,0.11592717986280121,0.007648187530627207,-0.009871267618777215,0.11815025995095103,4.077639290770984
74,240,theory_1,4.000548788148963,0.7153087488596366,0.7646143071177244,0.14388017743106518,0.007100808516555395,0.018629108963558516,0.11815025995095103,4.077639290770984
75,240,theory_1,4.044107141410407,0.6878704952857858,0.8116646508720765,0.11644192385721441,0.0019907905953061504,-0.003699126689043001,0.11815025995095103,4.077639290770984
76,240,theory_1,4.074499748758979,0.6846294032924096,0.7791912573317474,0.11320083186383822,0.0006098406956991967,-0.00555926878281242,0.11815025995095103,4.077639290770984
77,240,theory_1,4.006973597688628,0.6862529178050887,0.8106304684420764,0.11482434637651728,0.0013797523865470521,-0.004705665960980896,0.11815025995095103,4.077639290770984
78,240,theory_1,4.008771329937808,0.6888724000707092,0.7770234173374088,0.11744382864213776,0.0004798831860970553,-0.0011863144949103988,0.11815025995095103,4.077639290770984
79,240,theory_1,3.987220689485659,0.6876250062544175,0.7715713332040779,0.11619643482584607,0.006885908502145456,-0.008839733627250615,0.11815025995095103,4.077639290770984
80,240,theory_1,4.069374826308766,0.7023374183716294,0.8112404478038233,0.13090884694305804,0.010254434439861848,0.002504152552244964,0.11815025995095103,4.077639290770984
81,240,theory_1,4.115403338194758,0.6948674331015275,0.7832310914820275,0.12343886167295615,0.0006066618196311821,0.0046819399023737395,0.11815025995095103,4.077639290770984
82,240,theory_1,3.9923720059128147,0.7009512188116624,0.8126661121496469,0.12952264738309105,0.0050648160085663705,0.006307571423573458,0.11815025995095103,4.077639290770984
83,240,theory_1,4.072355598672975,0.691625972590714,0.7533506443077987,0.12019740116214261,0.009950474463071663,-0.007903333251880612,0.11815025995095103,4.077639290770984
84,240,theory_1,3.9722465159124205,0.690839754509857,0.7486215164938137,0.11941118308128562,0.002115423389931529,-0.0008545002595968808,0.11815025995095103,4.077639290770984
85,240,theory_1,4.027941533358225,0.6939526078595499,0.786932958344378,0.12252403643097853,0.0008019514200421661,0.003571825059985087,0.11815025995095103,4.077639290770984
86,240,theory_1,4.047207601314838,0.7117092470905549,0.7822341313962395,0.14028067566198354,0.017651350942952223,0.004479064768079969,0.11815025995095103,4.077639290770984
87,240,theory_1,4.052745597425824,0.7037733848718433,0.7351256342047844,0.13234481344327187,0.005147615694935526,0.009046937797385383,0.11815025995095103,4.077639290770984
88,240,theory_1,3.9163164349095334,0.7133633936138133,0.8115412671170602,0.1419348221852419,0.00717632497519188,0.016608237259098785,0.11815025995095103,4.077639290770984
89,240,theory_1,3.9882727307625556,0.7001383544602087,0.7051869633074435,0.12870978303163727,0.008180501151380717,0.002379021929305519,0.11815025995095103,4.077639290770984
90,240,theory_1,4.125048974795771,0.7013075569015064,0.7679883509993504,0.12987898547293497,0.0007547729125791472,0.010973952609404742,0.11815025995095103,4.077639290770984
91,240,theory_1,4.010981899459849,0.6913627858241405,0.7958831834359261,0.11993421439556906,0.0029192927366499632,-0.0011353382920322027,0.11815025995095103,4.077639290770984
92,240,theory_1,4.058419174168902,0.7027215843648337,0.7689717207934712,0.13129301293626228,0.0022981718966893277,0.010844581088621937,0.11815025995095103,4.077639290770984
93,240,theory_1,3.9474948639410643,0.7075450439226103,0.7083883270003273,0.1361164724940389,0.004517233299685145,0.013448979243402354,0.11815025995095103,4.077639290770984
94,240,theory_1,3.992885219013135,0.6787193259189391,0.7827288142977423,0.10729075449036773,0.001002458252746088,-0.011861963713329586,0.11815025995095103,4.077639290770984
95,240,theory_1,4.101610544858232,0.6754636270235564,0.8076418514620859,0.10403505559498505,0.0031652289764090525,-0.017280433332375222,0.11815025995095103,4.077639290770984
96,240,theory_1,4.11488124743763,0.6783116355779291,0.817632359422701,0.10688306414935766,0.004291401871503848,-0.015558597673097358,0.11815025995095103,4.077639290770984
97,240,theory_1,4.043655575971072,0.6827886165709823,0.8022808792005748,0.11136004514241093,0.001132303837698181,-0.007922518646238377,0.11815025995095103,4.077639290770984
98,240,theory_1,4.078882511932283,0.6939255551614198,0.7638327726421881,0.12249698373284845,0.005028827296538403,-0.0006821035146409703,0.11815025995095103,4.077639290770984
99,240,theory_1,4.13621638701281,0.709175904605212,0.749228612310184,0.13774733317664056,0.0031093575013290153,0.01648771572436033,0.11815025995095103,4.077639290770984
0,360,theory_1,4.675596410582293,0.6703198645349409,0.8228705006368544,0.09889129310636946,0.0014180999342495917,0.002024684422424003,0.09544850874969565,4.680830522957985
1,360,theory_1,4.63775698946262,0.6775197862595921,0.8453759349508446,0.10609121483102069,0.005422950550611336,0.0052197555307135005,0.09544850874969565,4.680830522957985
2,360,theory_1,4.576221251691827,0.6482690781368151,0.8215388447431227,0.07684050670824372,0.001347159955181719,-0.019955161996633598,0.09544850874969565,4.680830522957985
3,360,theory_1,4.677859779349147,0.6675453509143148,0.7601509630867921,0.09611677948574338,0.004430931476382407,-0.0037626607403348808,0.09544850874969565,4.680830522957985
4,360,theory_1,4.56311665263422,0.6772581097279866,0.838024430867776,0.10582953829941522,0.0032513554318955853,0.007129674117823734,0.09544850874969565,4.680830522957985
5,360,theory_1,4.647834867857308,0.6753703054360055,0.8389586569942038,0.10394173400743412,0.005423583718365134,0.0030696415393732667,0.09544850874969565,4.680830522957985
6,360,theory_1,4.538629343874108,0.6861987856698142,0.7282177568375077,0.11477021424124279,0.0057264721481854195,0.013595233343361593,0.09544850874969565,4.680830522957985
7,360,theory_1,4.571329073308932,0.6591770105814616,0.7630593688603325,0.08774843915289021,0.006223442199581946,-0.013923511796387386,0.09544850874969565,4.680830522957985
8,360,theory_1,4.50345691714376,0.6743877020143909,0.8081011761544695,0.10295913058581951,0.0008654886705854522,0.006645133165538071,0.09544850874969565,4.680830522957985
9,360,theory_1,4.602551354429434,0.6772323893607493,0.7737631586718409,0.10580381793217786,0.004575484217326967,0.005779824965155033,0.09544850874969565,4.680830522957985
10,360,theory_1,4.559409857379865,0.6801990214361093,0.7674987958230176,0.10877045000753793,0.0016837580701663923,0.01163818318767586,0.09544850874969565,4.680830522957985
11,360,theory_1,4.716468761614859,0.6833468194039558,0.7710461915804996,0.11191824797538441,0.004335561712326089,0.01213417751336219,0.09544850874969565,4.680830522957985
12,360,theory_1,4.637083938956307,0.6730990943440737,0.8303966749532092,0.10167052291550227,0.0022636618255327218,0.003958352340273744,0.09544850874969565,4.680830522957985
13,360,theory_1,4.591503125119365,0.6690627129896242,0.7584027762803509,0.09763414156105277,0.006332179678230736,-0.0041465468668740735,0.09544850874969565,4.680830522957985
14,360,theory_1,4.64847435038628,0.6629693621968876,0.8005673000932568,0.09154079076831623,0.0006291393674077164,-0.004536857348787283,0.09544850874969565,4.680830522957985
15,360,theory_1,4.684422918321749,0.6577677477571293,0.833296820939461,0.08633917632855792,0.0020475178218597612,-0.011156850242997686,0.09544850874969565,4.680830522957985
16,360,theory_1,4.655887187921474,0.6684069395993216,0.8052371477945195,0.09697836817075023,0.0031387266610640864,-0.0016088672400098492,0.09544850874969565,4.680830522957985
17,360,theory_1,4.52537325124046,0.6905393289703856,0.7323286797963559,0.11911075754181422,0.00664551976649986,0.017016729025618557,0.09544850874969565,4.680830522957985
18,360,theory_1,4.641894403566471,0.665266628527596,0.8299208948526344,0.0938380570990246,0.0026163196576397276,-0.004226771308310985,0.09544850874969565,4.680830522957985
19,360,theory_1,4.610097158786911,0.667812003139227,0.7682817746653544,0.09638343171065555,0.00371984941692221,-0.0027849264559624094,0.09544850874969565,4.680830522957985
20,360,theory_1,4.548278537411161,0.6626402102146967,0.7699363608378995,0.09121163878612526,0.004257071430591084,-0.008493941394161474,0.09544850874969565,4.680830522957985
21,360,theory_1,4.593761114458736,0.6945641453945566,0.7539238973327876,0.12313557396598518,0.00821262891288009,0.019474436303409445,0.09544850874969565,4.680830522957985
22,360,theory_1,4.606309268503841,0.6744684374586174,0.7750297971744269,0.103039866030046,0.0016106032788344975,0.005980754001515856,0.09544850874969565,4.680830522957985
23,360,theory_1,4.62898072980643,0.6671095540939393,0.7910009368186408,0.09568098266536795,0.001704273016406679,-0.0014717991007346968,0.09544850874969565,4.680830522957985
24,360,theory_1,4.659054282407583,0.6760958247932597,0.8128973307752365,0.1046672533646883,0.004719312577339661,0.004499432037652835,0.09544850874969565,4.680830522957985
25,360,theory_1,4.693306463728879,0.6680806639601922,0.8024696724179955,0.09665209253162077,0.0022320204629738224,-0.0010284366810487415,0.09544850874969565,4.680830522957985
26,360,theory_1,4.672662453708156,0.6722504626395365,0.7635548622632868,0.10082189121096508,0.003545438605825626,0.0018279438554436585,0.09544850874969565,4.680830522957985
27,360,theory_1,4.7819758105372445,0.6696428597911668,0.7845649597662612,0.09821428836259538,0.0010541435988445497,0.0017116360140551233,0.09544850874969565,4.680830522957985
28,360,theory_1,4.542236902155058,0.688188817565486,0.7398207571625245,0.1167602461369146,0.008546370197779294,0.012765367189439618,0.09544850874969565,4.680830522957985
29,360,theory_1,4.625525222354204,0.6739498778607976,0.8108164247551424,0.10252130643222623,0.001864608515132247,0.005208189167398081,0.09544850874969565,4.680830522957985
30,360,theory_1,4.697425456700317,0.6564469646065344,0.8138045253631756,0.085018393177963,0.0007514529042922295,-0.011181568476025293,0.09544850874969565,4.680830522957985
31,360,theory_1,4.692530893435643,0.6705739828318062,0.7746597123882204,0.09914541140323485,0.006298749746946334,-0.0026018470934073964,0.09544850874969565,4.680830522957985
32,360,theory_1,4.573497624471021,0.6718962540679907,0.7726792689187653,0.1004676826394193,0.004647974562209389,0.0003711993275139137,0.09544850874969565,4.680830522957985
33,360,theory_1,4.571345687922111,0.6658186786025525,0.808815310948735,0.09439010717398111,0.002421797790596529,-0.003480199366311425,0.09544850874969565,4.680830522957985
34,360,theory_1,4.627011639314162,0.6864218732629072,0.7783762209125767,0.11499330183433576,0.0014972390193809144,0.018047554065259167,0.09544850874969565,4.680830522957985
35,360,theory_1,4.67513752179277,0.6724521595156984,0.7896994931672056,0.10102358808712697,0.0007760770615310482,0.004799002275899715,0.09544850874969565,4.680830522957985
36,360,theory_1,4.645924300957203,0.6683308284310646,0.8263971498388734,0.09690225700249322,0.0011021787939628387,0.0003515694588346148,0.09544850874969565,4.680830522957985
37,360,theory_1,4.606697697602419,0.6878645220668229,0.7255628588597461,0.11643595063825152,0.009243543314332225,0.011743898574223297,0.09544850874969565,4.680830522957985
38,360,theory_1,4.636885307125105,0.6753566739229262,0.7618793028904935,0.1039281024943548,0.003167919808406157,0.005311673936252879,0.09544850874969565,4.680830522957985
39,360,theory_1,4.536588085524403,0.6724952830463897,0.787614643826009,0.10106671161781833,0.00048765232242480033,0.005130550545698002,0.09544850874969565,4.680830522957985
40,360,theory_1,4.652944759260604,0.6586422229533142,0.795259814419392,0.08721365152474281,0.0013870259831546936,-0.009621883208107937,0.09544850874969565,4.680830522957985
41,360,theory_1,4.591058957919775,0.6792208689225427,0.7699214892577907,0.10779229749397135,0.0015931382466131576,0.010750650497662176,0.09544850874969565,4.680830522957985
42,360,theory_1,4.561854824578175,0.657465904331662,0.8069758021350296,0.08603733290309057,0.00120428932959904,-0.010615465176204469,0.09544850874969565,4.680830522957985
43,360,theory_1,4.638916605925244,0.6757811175187433,0.7692096126798248,0.10435254609017186,0.005637308960131988,0.0032667283803439907,0.09544850874969565,4.680830522957985
44,360,theory_1,4.53826726973283,0.6712467177194142,0.8244365982827851,0.09981814629084285,0.0016062291854999115,0.0027634083556473846,0.09544850874969565,4.680830522957985
45,360,theory_1,4.649293091054443,0.6838155810946961,0.8033785393690428,0.1123870096661247,0.0014768068441283761,0.015461694072300608,0.09544850874969565,4.680830522957985
46,360,theory_1,4.716265266859576,0.6634856343764658,0.8033936301729939,0.0920570629478944,0.0011767185912133443,-0.00456816439301504,0.09544850874969565,4.680830522957985
47,360,theory_1,4.560295214841747,0.6858488133215397,0.8074303987029153,0.11442024189296829,0.0017134477063626436,0.017258285436909795,0.09544850874969565,4.680830522957985
48,360,theory_1,4.661675245733859,0.6607587752825219,0.8060508570680768,0.08933020385395052,0.0008706370112484138,-0.006988941906993891,0.09544850874969565,4.680830522957985
49,360,theory_1,4.68308669151169,0.6747303422238251,0.7598722275392693,0.10330177079525371,0.006983130131141558,0.0008701319144163406,0.09544850874969565,4.680830522957985
50,360,theory_1,4.71702258436846,0.6525983957234194,0.8245567093628794,0.08116982429484798,0.0009258409497854539,-0.015204525404633249,0.09544850874969565,4.680830522957985
51,360,theory_1,4.6190147903324466,0.6765166225445203,0.850455058877893,0.10508805111594888,0.006980944793055794,0.002658597573197373,0.09544850874969565,4.680830522957985
52,360,theory_1,4.668683333525763,0.6646568705330826,0.8196897779332133,0.09322829910451125,0.0014958698084448,-0.003716079453629276,0.09544850874969565,4.680830522957985
53,360,theory_1,4.637976232045821,0.6637423068471172,0.7604981125679939,0.09231373541854582,0.005370285958690001,-0.008505059289839913,0.09544850874969565,4.680830522957985
54,360,theory_1,4.667021607944283,0.6812417738602621,0.7487891860451849,0.10981320243169068,0.009237073877488015,0.00512761980450697,0.09544850874969565,4.680830522957985
55,360,theory_1,4.614711066954012,0.6888311646016717,0.8520655424254764,0.11740259317310031,0.01380330463992608,0.008150779783478175,0.09544850874969565,4.680830522957985
56,360,theory_1,4.718579730208079,0.6788900554728823,0.7990535631093257,0.10746148404431088,0.0007148725110616157,0.011298102783553473,0.09544850874969565,4.680830522957985
57,360,theory_1,4.617325500996079,0.6597707215300346,0.825996694556246,0.08834215010146318,0.0018064259800739484,-0.008912784628306645,0.09544850874969565,4.680830522957985
58,360,theory_1,4.691464970230667,0.6575753062715702,0.8180350571468629,0.08614673484299884,0.0012986123146550774,-0.010600386221352195,0.09544850874969565,4.680830522957985
59,360,theory_1,4.637133857182702,0.6722772954771286,0.7469154770487137,0.10084872404855716,0.005095627824261379,0.00030458747459987263,0.09544850874969565,4.680830522957985
60,360,theory_1,4.61265372048563,0.6626830430269126,0.8040831209306883,0.09125447159834121,0.002221686490579259,-0.006415723641933603,0.09544850874969565,4.680830522957985
61,360,theory_1,4.6254943279987994,0.6598602582691471,0.7971806125084869,0.08843168684057567,0.0013098690281378692,-0.008326690937257995,0.09544850874969565,4.680830522957985
62,360,theory_1,4.663421361768535,0.6715443662121519,0.8249042566898568,0.10011579478358046,0.0017278027604048206,0.0029394832734799844,0.09544850874969565,4.680830522957985
63,360,theory_1,4.660375189203809,0.6709848638841578,0.7882755095939948,0.09955629245558639,0.0007632274075322573,0.003344556298358379,0.09544850874969565,4.680830522957985
64,360,theory_1,4.651336021196346,0.6775276147550298,0.7503617987962631,0.10609904332645836,0.006405966888893954,0.004244567687868597,0.09544850874969565,4.680830522957985
65,360,theory_1,4.61236652277398,0.6710675043967054,0.7813759247040141,0.09963893296813398,0.002888590763059326,0.0013018334553787918,0.09544850874969565,4.680830522957985
66,360,theory_1,4.626399813434391,0.6645622098180406,0.8032853158282202,0.0931336383894692,0.0003586602683226223,-0.0026735306285493197,0.09544850874969565,4.680830522957985
67,360,theory_1,4.6083645378394476,0.6741194999455573,0.8049359283281314,0.10269092851698591,0.0028117943830451913,0.004430625384244832,0.09544850874969565,4.680830522957985
68,360,theory_1,4.665584792056267,0.6575167057775387,0.821696123437681,0.08608813434896734,0.0011535156832489732,-0.010513890083977436,0.09544850874969565,4.680830522957985
69,360,theory_1,4.622538822329863,0.6829544624966043,0.7618290112270781,0.1115258910680329,0.0044384174058895885,0.011638964912447548,0.09544850874969565,4.680830522957985
70,360,theory_1,4.619742561625101,0.6704893434640271,0.7927137816495838,0.09906077203545571,0.0007832828410751923,0.0028289804446844933,0.09544850874969565,4.680830522957985
71,360,theory_1,4.701872679950538,0.672499174582947,0.8047129103577556,0.10107060315437555,0.0003918352332148603,0.005230259171465005,0.09544850874969565,4.680830522957985
72,360,theory_1,4.607583775789986,0.6772043326812063,0.7761924711967774,0.10577576125263488,0.003732267807966621,0.006594984694972092,0.09544850874969565,4.680830522957985
73,360,theory_1,4.594038073075466,0.6696014375577385,0.7576685263880352,0.09817286612916709,0.007539237674775004,-0.004814880295304022,0.09544850874969565,4.680830522957985
74,360,theory_1,4.5920760977454504,0.6715647686353238,0.8077503774853843,0.10013619720675238,0.0009874914225590265,0.0037001970344974497,0.09544850874969565,4.680830522957985
75,360,theory_1,4.644729605296411,0.6610721128605629,0.8218222533334378,0.08964354143199149,0.0010816507907076283,-0.00688661810841211,0.09544850874969565,4.680830522957985
76,360,theory_1,4.666697221041821,0.67079740284156,0.7914013624625847,0.09936883141298858,0.0014322849140200092,0.002488037749272954,0.09544850874969565,4.680830522957985
77,360,theory_1,4.6493061648422565,0.6622386400441695,0.827506684434016,0.09081006861559815,0.0015695119231306114,-0.00620795205722827,0.09544850874969565,4.680830522957985
78,360,theory_1,4.654710438407208,0.6670087776993014,0.7971001801375502,0.09558020627073005,0.0006977470659523402,-0.0005660495449179867,0.09544850874969565,4.680830522957985
79,360,theory_1,4.609310871001825,0.6591080680282095,0.8085653237398833,0.08767949659963814,0.0063777118692441796,-0.01414672401930199,0.09544850874969565,4.680830522957985
80,360,theory_1,4.676751264296501,0.6601054496343239,0.834417052994514,0.08867687820575254,0.002123925841213345,-0.008895556385156394,0.09544850874969565,4.680830522957985
81,360,theory_1,4.686811433977249,0.6775081210300673,0.8104257246880758,0.1060795496014959,0.0009807433594447555,0.009650297492355317,0.09544850874969565,4.680830522957985
82,360,theory_1,4.6581845285275145,0.6771935520921272,0.8294276260367743,0.10576498066355577,0.0020022556277159045,0.008314216286143915,0.09544850874969565,4.680830522957985
83,360,theory_1,4.6017474392904925,0.6614550645518535,0.7965545368187296,0.09002649312328215,0.002835621589155137,-0.00825763721556891,0.09544850874969565,4.680830522957985
84,360,theory_1,4.557726233309081,0.6693935874293847,0.7731625365506287,0.09796501600081331,0.001782051418278389,0.0007344558328389273,0.09544850874969565,4.680830522957985
85,360,theory_1,4.638530523456916,0.6711295479773441,0.8130508312617896,0.09970097654877275,0.0025348478220388777,0.0017176199770380248,0.09544850874969565,4.680830522957985
86,360,theory_1,4.626662417344091,0.6875921077095385,0.803624408334911,0.1161635362809671,0.014650038346255296,0.006064989185016005,0.09544850874969565,4.680830522957985
87,360,theory_1,4.6233756109381545,0.6734858915522316,0.7745786101339971,0.1020573201236602,0.002678023601079853,0.003930787772884395,0.09544850874969565,4.680830522957985
88,360,theory_1,4.533394848786117,0.6770311731671391,0.8325853923323508,0.10560260173856773,0.0031986005936235715,0.006955492395248267,0.09544850874969565,4.680830522957985
89,360,theory_1,4.581229416389339,0.6728924575839955,0.768178336423728,0.10146388615542412,0.003089984187914888,0.0029253932178135078,0.09544850874969565,4.680830522957985
90,360,theory_1,4.668788490185955,0.6809175303804458,0.7456302994561814,0.10948895895187438,0.003910790556299587,0.010129659645878784,0.09544850874969565,4.680830522957985
91,360,theory_1,4.6299954782310735,0.6758775759206761,0.8077326991608723,0.1044490044921047,0.002548356760684396,0.006452138981724436,0.09544850874969565,4.680830522957985
92,360,theory_1,4.628503238675554,0.6818360339904169,0.801059913449157,0.11040746256184553,0.004155066248348485,0.01080388756380123,0.09544850874969565,4.680830522957985
93,360,theory_1,4.543193209743016,0.6876124573605285,0.7587009377513129,0.11618388593195705,0.002291110387239717,0.018444266795021445,0.09544850874969565,4.680830522957985
94,360,theory_1,4.591066546117327,0.6629626606274098,0.7815033943488197,0.09153408919883843,0.0023817121954000406,-0.0062961317462572955,0.09544850874969565,4.680830522957985
95,360,theory_1,4.715630226753217,0.6617878519537882,0.837369988454818,0.0903592805252168,0.004386971260453948,-0.009476199484933001,0.09544850874969565,4.680830522957985
96,360,theory_1,4.702979834616143,0.6666233032985185,0.8182452233040243,0.09519473186994709,0.0032639790940717605,-0.0035177559738204254,0.09544850874969565,4.680830522957985
97,360,theory_1,4.6935781761901785,0.6638616886611597,0.8236888926980838,0.09243311723258829,0.002220581926253212,-0.005235973443360964,0.09544850874969565,4.680830522957985
98,360,theory_1,4.736223764875579,0.6744198272015873,0.7713246347405827,0.10299125577301593,0.005220835289192886,0.0023219117341270364,0.09544850874969565,4.680830522957985
99,360,theory_1,4.715931818745154,0.6834500726175324,0.8139902393571345,0.11202150118896104,0.004033093450939041,0.0125398989883262,0.09544850874969565,4.680830522957985
0,540,theory_1,5.360430375811391,0.6513421424233913,0.8225250244035973,0.07991357099481988,0.0005614025732294787,0.004101937919404405,0.07525023050218593,5.396397170654911
1,540,theory_1,5.3218855652988974,0.657914333726746,0.8384864821579662,0.08648576229817462,0.00677715925891192,0.004458372537076896,0.07525023050218593,5.396397170654911
2,540,theory_1,5.310163608883811,0.6329310463567385,0.8333913199840663,0.06150247492816707,0.0013053582117954303,-0.01505311378581425,0.07525023050218593,5.396397170654911
3,540,theory_1,5.381823582686858,0.6430588377811448,0.7894252766714819,0.07163026635257341,0.0036144256591657715,-0.007234389808778195,0.07525023050218593,5.396397170654911
4,540,theory_1,5.287495991756817,0.6446590914707693,0.8356418020605272,0.07323052004219788,0.0007580874433456844,-0.002777797903333803,0.07525023050218593,5.396397170654911
5,540,theory_1,5.3567123769899805,0.6484909617732705,0.8401586120059775,0.07706239034469908,0.0020576976744652725,-0.000245537831952034,0.07525023050218593,5.396397170654911
6,540,theory_1,5.2961106259543715,0.658758738660236,0.7605560048778368,0.08733016723166465,0.00552669165882592,0.0065532450706528396,0.07525023050218593,5.396397170654911
7,540,theory_1,5.319613956646922,0.6479134706007605,0.7775773576168447,0.07648489917218915,0.006150605699001927,-0.004915937028998831,0.07525023050218593,5.396397170654911
8,540,theory_1,5.251064569141507,0.6562221208776715,0.825385897949815,0.08479354944910011,0.0011509723740395887,0.00839234657287426,0.07525023050218593,5.396397170654911
9,540,theory_1,5.331593240698018,0.6591154653546154,0.7892879054252979,0.08768689392604401,0.005659763911455126,0.006776899512402861,0.07525023050218593,5.396397170654911
10,540,theory_1,5.323416507382236,0.6625939787225797,0.7693757856762109,0.09116540729400835,0.0035082391601779484,0.012406937631644141,0.07525023050218593,5.396397170654911
11,540,theory_1,5.387131756118462,0.6573525195597292,0.8208849932377053,0.08592394813115778,0.0012782072523513494,0.00939551037662073,0.07525023050218593,5.396397170654911
12,540,theory_1,5.364182188149001,0.6651910318547327,0.8305312599386357,0.09376246042616132,0.003443108339866304,0.015069121584109292,0.07525023050218593,5.396397170654911
13,540,theory_1,5.332394971818553,0.6450321686162476,0.7909778415135301,0.07360359718767617,0.00332696950694621,-0.004973602821455895,0.07525023050218593,5.396397170654911
14,540,theory_1,5.345233849863041,0.6444073915198034,0.8181237921760726,0.07297882009123202,0.00025159947590902386,-0.0025230098868630926,0.07525023050218593,5.396397170654911
15,540,theory_1,5.391659715037849,0.6344839446350301,0.8297657000528968,0.06305537320645871,0.000739210641226747,-0.012934067936954168,0.07525023050218593,5.396397170654911
16,540,theory_1,5.359677710284246,0.6482991600219974,0.8108706011557498,0.07687058859342599,0.0032589537736270402,-0.0016385956823869203,0.07525023050218593,5.396397170654911
17,540,theory_1,5.2418195295482715,0.6571570749574146,0.8086476213405863,0.0857285035288432,0.0007793201223104763,0.009698952904346789,0.07525023050218593,5.396397170654911
18,540,theory_1,5.364805339062153,0.643339966601248,0.8449014559974269,0.07191139517267664,0.002186960374492725,-0.0055257957040019635,0.07525023050218593,5.396397170654911
19,540,theory_1,5.344871494122823,0.6521587649294864,0.7842719807435649,0.08073019350091504,0.004639010623544597,0.0008409523751845905,0.07525023050218593,5.396397170654911
20,540,theory_1,5.3113864047696815,0.6516212242630469,0.7855617490288944,0.08019265283447552,0.0024964608527675174,0.002445961479522214,0.07525023050218593,5.396397170654911
21,540,theory_1,5.338965869858353,0.6691117235791754,0.787734060803311,0.09768315215060397,0.006351040938554315,0.016081880709863775,0.07525023050218593,5.396397170654911
22,540,theory_1,5.36044964440925,0.6468313756727182,0.809087490307764,0.0754028042441468,0.0008071302569493019,-0.0006545565149884127,0.07525023050218593,5.396397170654911
23,540,theory_1,5.350647543835378,0.6560558394051246,0.7870338887773548,0.08462726797655318,0.005243080478572962,0.004133956995794206,0.07525023050218593,5.396397170654911
24,540,theory_1,5.34597874563813,0.6576805414708168,0.8057470544287744,0.08625197004224538,0.0041904559873755035,0.006811283552683966,0.07525023050218593,5.396397170654911
25,540,theory_1,5.389877462211402,0.6504986075441785,0.8179942657616749,0.07907003611560715,0.002775172945011502,0.0010446326684098329,0.07525023050218593,5.396397170654911
26,540,theory_1,5.410439930768914,0.6555202423925662,0.7859728052966533,0.08409167096399484,0.004352253884959765,0.004489186576849133,0.07525023050218593,5.396397170654911
27,540,theory_1,5.463465834058488,0.6479758963225994,0.8064329833095848,0.07654732489402805,0.0012151539706073671,8.194042123476969e-05,0.07525023050218593,5.396397170654911
28,540,theory_1,5.284942650590644,0.6468565386325352,0.8094994314236555,0.07542796720396383,0.0008679083066569741,-0.0006901716048790922,0.07525023050218593,5.396397170654911
29,540,theory_1,5.351868887947023,0.6565635151567388,0.8077170248543177,0.08513494372816743,0.001263377583798646,0.008621335642183084,0.07525023050218593,5.396397170654911
30,540,theory_1,5.3828471076615,0.6400226591010062,0.8379480955182866,0.0685940876724348,0.0008199849026516332,-0.007476127732402926,0.07525023050218593,5.396397170654911
31,540,theory_1,5.384966466163994,0.6452298656811828,0.8098817854698311,0.0738012942526114,0.0018370753126002205,-0.003286011562174576,0.07525023050218593,5.396397170654911
32,540,theory_1,5.281746863595241,0.642569910416575,0.8108590845907975,0.07114133898800357,0.001204300254065571,-0.005313191768248191,0.07525023050218593,5.396397170654911
33,540,theory_1,5.282133224906225,0.6565118082925343,0.799185477189864,0.08508323686396291,0.004720278106688833,0.005112728255088105,0.07525023050218593,5.396397170654911
34,540,theory_1,5.349599670131886,0.6519010081053562,0.7924751576943156,0.08047243667678483,0.0027252412029557162,0.002496964971643112,0.07525023050218593,5.396397170654911
35,540,theory_1,5.447298346339277,0.647720070806557,0.8243640857817588,0.07629149937798563,0.0004820916182541977,0.0005591772575454645,0.07525023050218593,5.396397170654911
36,540,theory_1,5.383209475840231,0.6528098873186108,0.8502758838140964,0.08138131589003939,0.00420556277270602,0.0019255226151476503,0.07525023050218593,5.396397170654911
37,540,theory_1,5.332904716816612,0.6593463075040583,0.8011097197115654,0.08791773607548692,0.001201107261338007,0.011466398311962844,0.07525023050218593,5.396397170654911
38,540,theory_1,5.393116575963461,0.651451496836646,0.7982421811315616,0.08002292540807465,0.0018677827037897215,0.002904912202098939,0.07525023050218593,5.396397170654911
39,540,theory_1,5.337508427279714,0.6523131184829283,0.8071711467115478,0.08088454705435688,0.0010798771962432262,0.004554439355927726,0.07525023050218593,5.396397170654911
40,540,theory_1,5.347565101943763,0.6455528788775093,0.8137594641754969,0.07412430744893794,0.0006822624116938159,-0.0018081854649416552,0.07525023050218593,5.396397170654911
41,540,theory_1,5.36303297712185,0.6528499184606634,0.8204636599530819,0.08142134703209203,0.0005355265445998549,0.005635589985306246,0.07525023050218593,5.396397170654911
42,540,theory_1,5.299654893856594,0.6401529913337679,0.816027311607815,0.06872441990519651,0.0023021317606598834,-0.008827942357649742,0.07525023050218593,5.396397170654911
43,540,theory_1,5.361608738965817,0.6535820402439754,0.8095435985533915,0.08215346881540397,0.0020063077731240593,0.004896930540093784,0.07525023050218593,5.396397170654911
44,540,theory_1,5.271439575399735,0.6442720780008464,0.8410252805772277,0.07284350657227501,0.001572176276953768,-0.003978900206864727,0.07525023050218593,5.396397170654911
45,540,theory_1,5.374611255890769,0.6588451134306037,0.7924943582699883,0.0874165420020323,0.0015374341549474523,0.010628877344898997,0.07525023050218593,5.396397170654911
46,540,theory_1,5.4084674467665455,0.6420200699097107,0.8276106234567294,0.07059149848113933,0.0014928803459095612,-0.006151612366956302,0.07525023050218593,5.396397170654911
47,540,theory_1,5.308458452153839,0.6563098417434323,0.8162090068114015,0.08488127031486092,0.002214930715947922,0.0074161090967270905,0.07525023050218593,5.396397170654911
48,540,theory_1,5.407053551789563,0.643012973630553,0.8306211789130661,0.07158440220198159,0.0005525374379175359,-0.0042183657381218796,0.07525023050218593,5.396397170654911
49,540,theory_1,5.42323318112949,0.6548118267673109,0.7843619757524546,0.08338325533873947,0.007312381269732554,0.00082064356682101,0.07525023050218593,5.396397170654911
50,540,theory_1,5.451138054335336,0.6421526016468667,0.8213425680841783,0.07072403021829532,0.000662390102814891,-0.0051885903867054045,0.07525023050218593,5.396397170654911
51,540,theory_1,5.349760644439569,0.6536740600737754,0.8365385934418852,0.08224548864520398,0.003842445424683088,0.0031528127183350365,0.07525023050218593,5.396397170654911
52,540,theory_1,5.376895411193961,0.6506493861312999,0.8147040456212853,0.07922081470272846,0.0014147346851039449,0.002555849515438651,0.07525023050218593,5.396397170654911
53,540,theory_1,5.361696699991486,0.6543047328486398,0.7742709022106824,0.08287616142006837,0.003893177281114222,0.0037327536367683903,0.07525023050218593,5.396397170654911
54,540,theory_1,5.411985098498336,0.6607003205506912,0.7694778432329021,0.08927174912211977,0.008314873814788765,0.005706644805145125,0.07525023050218593,5.396397170654911
55,540,theory_1,5.349571373044997,0.6539444351103777,0.8553107141932383,0.0825158636818063,0.0070593573376220384,0.00020627584199851373,0.07525023050218593,5.396397170654911
56,540,theory_1,5.4414707329801795,0.6588363567210003,0.8209336911041627,0.08740778529242887,0.0008683489325665265,0.011289205857676446,0.07525023050218593,5.396397170654911
57,540,theory_1,5.284769546703043,0.6398761679138719,0.8454768958203394,0.06844759648530052,0.0023420582167864618,-0.009144692233671958,0.07525023050218593,5.396397170654911
58,540,theory_1,5.359914928799185,0.6430773798621727,0.8311080734249937,0.07164880843360133,0.002484975231836659,-0.0060863973004210295,0.07525023050218593,5.396397170654911
59,540,theory_1,5.387361740825038,0.6516431385330972,0.7744375712362711,0.08021456710452579,0.004878163462453155,8.617313988678142e-05,0.07525023050218593,5.396397170654911
60,540,theory_1,5.311083475749604,0.6466209608989926,0.8176952979490844,0.07519238947042117,0.0012084997488427806,-0.0012663407806072795,0.07525023050218593,5.396397170654911
61,540,theory_1,5.33154231689979,0.6491057054541673,0.8152612723257623,0.07767713402559595,0.000639629086927969,0.0017872744364821828,0.07525023050218593,5.396397170654911
62,540,theory_1,5.3892202257270405,0.6503732315779192,0.8406096356945351,0.07894466014934776,0.0017764685204551243,0.0019179611267067336,0.07525023050218593,5.396397170654911
63,540,theory_1,5.3852466597150785,0.6437224301600679,0.8161888640822743,0.07229385873149652,0.0008859254145391142,-0.0038422971852285393,0.07525023050218593,5.396397170654911
64,540,theory_1,5.38638437703708,0.662569743045639,0.763196387017557,0.09114117161706758,0.006444509140670202,0.009446431974211394,0.07525023050218593,5.396397170654911
65,540,theory_1,5.317385998667276,0.6598000817501218,0.7719966805541559,0.08837151032155044,0.004408701462888708,0.008712578356475691,0.07525023050218593,5.396397170654911
66,540,theory_1,5.357062050517086,0.646759528874068,0.8167908663686557,0.07533095744549656,0.00043060183215195636,-0.0003498748888413034,0.07525023050218593,5.396397170654911
67,540,theory_1,5.355883119492544,0.6576951324180672,0.806750227295714,0.08626656098949581,0.0013718580760971302,0.009644472411212834,0.07525023050218593,5.396397170654911
68,540,theory_1,5.407417444139787,0.6423268917597339,0.8247985717882634,0.0708983203311625,0.0005169776089180451,-0.004868887779941555,0.07525023050218593,5.396397170654911
69,540,theory_1,5.308588989026921,0.6598225397077112,0.8007818384845914,0.08839396827913981,0.0024278892147554976,0.010715848562198378,0.07525023050218593,5.396397170654911
70,540,theory_1,5.335582194066679,0.6549934109756502,0.8159687936621003,0.08356483954707883,0.0010275789098120995,0.007287030135080967,0.07525023050218593,5.396397170654911
71,540,theory_1,5.397365176729348,0.6483770223115444,0.8078299833747961,0.07694845088297297,0.0007145442997292512,0.0009836760810577035,0.07525023050218593,5.396397170654911
72,540,theory_1,5.332078838415496,0.6559303038252721,0.7850935530950893,0.08450173239670067,0.004103996571813488,0.0051475053227011385,0.07525023050218593,5.396397170654911
73,540,theory_1,5.354001610964911,0.6476785913550926,0.7916841259786626,0.07625001992652125,0.005488437538660922,-0.0044886481143256675,0.07525023050218593,5.396397170654911
74,540,theory_1,5.356132103024414,0.6556945469128623,0.7948239084441373,0.08426597548429093,0.0015571229947405293,0.007458621987364454,0.07525023050218593,5.396397170654911
75,540,theory_1,5.336149960025571,0.6401163561470306,0.829166336005862,0.06868778471845916,0.0010175360771120451,-0.0075799818608389925,0.07525023050218593,5.396397170654911
76,540,theory_1,5.3668476371146685,0.651939872251329,0.7966904654528633,0.08051130082275759,0.0017022696440423572,0.003558800676529544,0.07525023050218593,5.396397170654911
77,540,theory_1,5.34064977802475,0.6484996979556309,0.8246672615857876,0.0770711265270595,0.0003389728092556318,0.0014819232156179705,0.07525023050218593,5.396397170654911
78,540,theory_1,5.355465280544037,0.6472575709505399,0.8103901531439375,0.07582899952196853,0.0020898105269760592,-0.0015110415071934934,0.07525023050218593,5.396397170654911
79,540,theory_1,5.327429116740024,0.6338801067381266,0.8354424885406863,0.06245153530955516,0.0011923718126113272,-0.013991067005241963,0.07525023050218593,5.396397170654911
80,540,theory_1,5.364406039974662,0.6470859848512321,0.8416441109837463,0.07565741342266075,0.0028290876664227352,-0.0024219047459482423,0.07525023050218593,5.396397170654911
81,540,theory_1,5.379687983532139,0.6601936309835935,0.8019771782616022,0.08876505955502212,0.0010689621466224352,0.01244586690621343,0.07525023050218593,5.396397170654911
82,540,theory_1,5.359811347957056,0.6527499796052638,0.8104741642169597,0.08132140817669242,0.0007602994866377633,0.005310878187868883,0.07525023050218593,5.396397170654911
83,540,theory_1,5.304053913892405,0.6468419563797019,0.8055627735804345,0.07541338495113048,0.0016288916575759,-0.0014657372086312214,0.07525023050218593,5.396397170654911
84,540,theory_1,5.321193107357923,0.6500972820317575,0.8124353937354631,0.07866871060318614,0.000804383858656536,0.0026140962423436293,0.07525023050218593,5.396397170654911
85,540,theory_1,5.335949445535415,0.6512538537072372,0.8302397924650886,0.07982528227866581,0.002122612894774412,0.0024524388817056455,0.07525023050218593,5.396397170654911
86,540,theory_1,5.331547090895759,0.6553543768442627,0.8373772580279298,0.08392580541569128,0.005480086485028682,0.0031954884284767456,0.07525023050218593,5.396397170654911
87,540,theory_1,5.332107060382227,0.645117058756159,0.8221644485173163,0.07368848732758759,0.0012398391128104998,-0.002801582287408687,0.07525023050218593,5.396397170654911
88,540,theory_1,5.268401283419037,0.657128799962322,0.8473781334301195,0.08570022853375059,0.004565121270096227,0.005884876761468489,0.07525023050218593,5.396397170654911
89,540,theory_1,5.286352333250188,0.6548892427174517,0.7836499783347887,0.08346067128888035,0.002888537138416021,0.005321903648278308,0.07525023050218593,5.396397170654911
90,540,theory_1,5.378919052914704,0.6585922516810043,0.7671383325245906,0.08716368025243293,0.004079219818985452,0.007834229931261656,0.07525023050218593,5.396397170654911
91,540,theory_1,5.314462560663181,0.6545475334143651,0.8309827907474221,0.08311896198579372,0.002127162121178769,0.005741569362428935,0.07525023050218593,5.396397170654911
92,540,theory_1,5.336505478562114,0.6518687172300806,0.8075051625470865,0.08044014580150916,0.003376114267113764,0.001813801032209413,0.07525023050218593,5.396397170654911
93,540,theory_1,5.273994021570628,0.6623381706632883,0.7789910590373567,0.09090959923471686,0.005271956845291046,0.010387411887240065,0.07525023050218593,5.396397170654911
94,540,theory_1,5.283025516756834,0.6443977272828326,0.8218646667502686,0.07296915585426123,0.0005860636245925018,-0.0028671382725171247,0.07525023050218593,5.396397170654911
95,540,theory_1,5.416292169255533,0.6455400269609589,0.8300316361822566,0.07411145553238752,0.005236524106081369,-0.006375299075879919,0.07525023050218593,5.396397170654911
96,540,theory_1,5.434604869111274,0.6456168001313922,0.8400703879014453,0.07418822870282082,0.0012268606459191749,-0.002288862445284531,0.07525023050218593,5.396397170654911
97,540,theory_1,5.412459993264907,0.6437262762096833,0.8302371184632797,0.07229770478111186,0.0011957943259436035,-0.004148320047017908,0.07525023050218593,5.396397170654911
98,540,theory_1,5.461855822916851,0.6578850209719141,0.7895042890728381,0.08645644954334275,0.0042927543370470545,0.006913464704109957,0.07525023050218593,5.396397170654911
99,540,theory_1,5.369701143596008,0.6570467083996956,0.8326141326666188,0.08561813697112419,0.0016887934837030185,0.008679112985235375,0.07525023050218593,5.396397170654911
0,720,theory_1,5.967738958266439,0.6374378878848107,0.8267318146949842,0.06600931645623931,0.0005252297313745997,0.002804165103484821,0.06267992162137939,5.9847099232395164
1,720,theory_1,5.921663360469304,0.639379171764223,0.8447889577095169,0.06795060033565159,0.004539574887989937,0.0007311038262819398,0.06267992162137939,5.9847099232395164
2,720,theory_1,5.87249052743666,0.6228553245098833,0.8416857279082889,0.05142675308131195,0.0013638890745850008,-0.012617057614653097,0.06267992162137939,5.9847099232395164
3,720,theory_1,5.987877844839814,0.6316361321173514,0.818937963708556,0.06020756068877997,0.0007242817453608654,-0.0031966426779604525,0.06267992162137939,5.9847099232395164
4,720,theory_1,5.868116685655229,0.6351357681240257,0.8478130756988674,0.06370719669545433,0.002167313032736365,-0.0011400379586615236,0.06267992162137939,5.9847099232395164
5,720,theory_1,5.962892311323081,0.6315009732333801,0.8410208833110064,0.06007240180480866,0.0013796325609016003,-0.003987152377472294,0.06267992162137939,5.9847099232395164
6,720,theory_1,5.879373758221604,0.6408367847905382,0.7996106259169197,0.06940821336196679,0.0018719837166573873,0.004856308023929637,0.06267992162137939,5.9847099232395164
7,720,theory_1,5.907803647894182,0.6327791118666733,0.7990329038558078,0.06135054043810195,0.004716551075842847,-0.006045932259120827,0.06267992162137939,5.9847099232395164
8,720,theory_1,5.868198077604049,0.6425928929769249,0.827082815748819,0.0711643215483535,0.0008836563491486793,0.007600743577825077,0.06267992162137939,5.9847099232395164
9,720,theory_1,5.920592591517074,0.6442017628012588,0.8006180581329305,0.07277319137268745,0.0037999008467260883,0.006293368904581679,0.06267992162137939,5.9847099232395164
10,720,theory_1,5.9435268756127515,0.6474394394741594,0.7947930095454211,0.07601086804558799,0.002219795718141054,0.011111150706067064,0.06267992162137939,5.9847099232395164
11,720,theory_1,5.969756328152588,0.6438372430224181,0.8297749536104686,0.07240867159384667,0.001152591220451875,0.008576158752015148,0.06267992162137939,5.9847099232395164
12,720,theory_1,5.972011676150152,0.6450244282213397,0.8274963373984371,0.07359585679276825,0.0006929617422639184,0.010222973429124906,0.06267992162137939,5.9847099232395164
13,720,theory_1,5.958329412957363,0.6304715853768913,0.809795821809198,0.0590430139483199,0.0021255218540138293,-0.005762429527073269,0.06267992162137939,5.9847099232395164
14,720,theory_1,5.919246007011645,0.632766970613192,0.8163603854083692,0.061338399184620584,0.0024352668861921706,-0.003776789322951351,0.06267992162137939,5.9847099232395164
15,720,theory_1,5.969426659215804,0.6275523388880735,0.8320484563034638,0.056123767459502094,0.0006365995964704239,-0.007192753758347606,0.06267992162137939,5.9847099232395164
16,720,theory_1,5.976738092382387,0.6295063476116867,0.8264950899098235,0.05807777618311527,0.001015118129336307,-0.005617263567600952,0.06267992162137939,5.9847099232395164
17,720,theory_1,5.82712136609659,0.6467349629070168,0.8215406255944193,0.07530639147844542,0.0009405305273322304,0.011685939329733767,0.06267992162137939,5.9847099232395164
18,720,theory_1,5.983541746216156,0.6335410560558065,0.8423625719516499,0.062112484627235065,0.001023222725136351,-0.0015906597192809186,0.06267992162137939,5.9847099232395164
19,720,theory_1,5.9119195567703,0.6416262343986516,0.8073245652326957,0.07019766297008023,0.0023794119518126444,0.00513832939688778,0.06267992162137939,5.9847099232395164
20,720,theory_1,5.930506436440972,0.6339110240729451,0.8116497599574922,0.06248245264437369,0.0013544183566119646,-0.0015518873336178142,0.06267992162137939,5.9847099232395164
21,720,theory_1,5.924637952099908,0.6469778902328216,0.8191118908117149,0.0755493188042502,0.0027277537200974086,0.010141643462773119,0.06267992162137939,5.9847099232395164
22,720,theory_1,5.935027041763805,0.6391367523426731,0.8121435225998652,0.06770818091410169,0.0011120543530012826,0.003916204939720559,0.06267992162137939,5.9847099232395164
23,720,theory_1,5.931106537206855,0.6419282216471243,0.8093432372806141,0.07049965021855287,0.005078854099419544,0.002740874497753309,0.06267992162137939,5.9847099232395164
24,720,theory_1,5.946165257560127,0.6446090401153478,0.8215808848171887,0.07318046868677641,0.0019349699387148477,0.008565577126681656,0.06267992162137939,5.9847099232395164
25,720,theory_1,5.94687748060747,0.6318713372813031,0.8284306514267031,0.06044276585273167,0.000983691997779517,-0.0032208477664275475,0.06267992162137939,5.9847099232395164
26,720,theory_1,6.0075715732979535,0.6356158915655694,0.817062950246533,0.06418732013699802,0.0013127457537373693,0.00019465276188105547,0.06267992162137939,5.9847099232395164
27,720,theory_1,6.041949407530875,0.6374944651006791,0.8197230004535716,0.06606589367210769,0.0012584947126445044,0.0021274773380835933,0.06267992162137939,5.9847099232395164
28,720,theory_1,5.887190588144878,0.6341367964498852,0.807659696924176,0.06270822502131379,0.0016062622149655367,-0.0015779588150311907,0.06267992162137939,5.9847099232395164
29,720,theory_1,5.929993668171538,0.6390709261292317,0.8208321843853942,0.06764235470066027,0.0014347537238197465,0.0035276793554610787,0.06267992162137939,5.9847099232395164
30,720,theory_1,5.9946230276869725,0.6337329910186268,0.8374871725031743,0.06230441959005539,0.0006538419888479434,-0.0010293440201720875,0.06267992162137939,5.9847099232395164
31,720,theory_1,5.967032987698526,0.6340769127866248,0.8115684279927258,0.06264834135805342,0.001441967342942424,-0.001473547606268699,0.06267992162137939,5.9847099232395164
32,720,theory_1,5.878639625813873,0.6290542504174838,0.8183645704609054,0.057625678988912354,0.0013886975900900141,-0.006442940222557365,0.06267992162137939,5.9847099232395164
33,720,theory_1,5.872414044572836,0.639194760492376,0.829345203312815,0.0677661890638046,0.00378291479620923,0.0013033526462156702,0.06267992162137939,5.9847099232395164
34,720,theory_1,5.952719690136573,0.6385059240078058,0.7988195633743138,0.06707735257923442,0.003797141345710545,0.00060028961214406,0.06267992162137939,5.9847099232395164
35,720,theory_1,5.964706842726976,0.6370748272292545,0.8231841719892143,0.06564625580068306,0.0016255069287820431,0.0013408272505213655,0.06267992162137939,5.9847099232395164
36,720,theory_1,5.973706542054231,0.6378055219158415,0.8525791204363954,0.0663769504872701,0.0038367021782311386,-0.0001396733123406137,0.06267992162137939,5.9847099232395164
37,720,theory_1,5.911290717359923,0.6442592868177404,0.816895718874422,0.07283071538916897,0.0008535205866689104,0.009297273181120223,0.06267992162137939,5.9847099232395164
38,720,theory_1,5.9711601645209225,0.6361583730574991,0.8253546730795697,0.06472980162892772,0.0013323439962489195,0.0007175360112990937,0.06267992162137939,5.9847099232395164
39,720,theory_1,5.976199867268619,0.6337385243105018,0.8277697812743244,0.06230995288193042,0.000825141332241599,-0.0011951100716908818,0.06267992162137939,5.9847099232395164
40,720,theory_1,5.959031335576395,0.6368080369825189,0.8284827488084482,0.06537946555394747,0.0005350566805601698,0.002164487252007511,0.06267992162137939,5.9847099232395164
41,720,theory_1,5.950889004860625,0.6367875365484432,0.8313494569608358,0.06535896511987183,0.00047950071189531115,0.002199542786597213,0.06267992162137939,5.9847099232395164
42,720,theory_1,5.924042245835777,0.6277147305731925,0.8250724515551624,0.056286159144621095,0.001473956736602036,-0.007867719213360354,0.06267992162137939,5.9847099232395164
43,720,theory_1,5.949285589451016,0.6390277059780395,0.8098263604988907,0.06759913454946809,0.0022910451942864955,0.0026281677338021044,0.06267992162137939,5.9847099232395164
44,720,theory_1,5.876414436232155,0.63002666476714,0.8348609666342086,0.05859809333856858,0.0005538359918601108,-0.0046356642746713,0.06267992162137939,5.9847099232395164
45,720,theory_1,5.95239038905927,0.6450619307283578,0.7977456828922002,0.07363335929978643,0.002107653410913956,0.008845784267492742,0.06267992162137939,5.9847099232395164
46,720,theory_1,5.977256462799037,0.629088628340768,0.8314502170145948,0.057660056912196556,0.001078169282176219,-0.006098033991359467,0.06267992162137939,5.9847099232395164
47,720,theory_1,5.894563190034216,0.646790919297837,0.8283486553847181,0.07536234786926566,0.004920295748140326,0.0077621304997458505,0.06267992162137939,5.9847099232395164
48,720,theory_1,6.018934002025588,0.6364871735277979,0.8465168429047604,0.06505860209922654,0.0020303563810411566,0.0003483240968055833,0.06267992162137939,5.9847099232395164
49,720,theory_1,6.036841847701438,0.6424038403870415,0.8063631874115578,0.07097526895847006,0.0043074832289776415,0.003987864108112957,0.06267992162137939,5.9847099232395164
50,720,theory_1,6.040183364097374,0.6301092059342154,0.8190751322585613,0.05868063450564398,0.0008668329969974021,-0.004866120112733298,0.06267992162137939,5.9847099232395164
51,720,theory_1,5.97827026598374,0.6373286051908247,0.8345520385941726,0.06590003376225329,0.0015569962641827798,0.0016631158766908546,0.06267992162137939,5.9847099232395164
52,720,theory_1,5.987077869317598,0.6413844320842483,0.8271151387710832,0.06995586065567694,0.0007042547633230223,0.006571684270973805,0.06267992162137939,5.9847099232395164
53,720,theory_1,5.959609114440348,0.6380125831070127,0.8019811225226673,0.0665840116784413,0.002029781726733377,0.0018743083303284695,0.06267992162137939,5.9847099232395164
54,720,theory_1,6.006394433864605,0.6394351025970548,0.8013177765595754,0.06800653116848343,0.0059902854084517955,-0.0006636758613481444,0.06267992162137939,5.9847099232395164
55,720,theory_1,5.963539966178797,0.6452872809996878,0.8534550611274498,0.0738587095711164,0.007463154104286332,0.0037156338454504834,0.06267992162137939,5.9847099232395164
56,720,theory_1,6.030868030881906,0.6402849351868511,0.8333823516129304,0.06885636375827975,0.0006542871384559743,0.005522154998444237,0.06267992162137939,5.9847099232395164
57,720,theory_1,5.847198145541855,0.6267778451419397,0.8392310014650916,0.055349273713368285,0.0008650293498841363,-0.00819567725789532,0.06267992162137939,5.9847099232395164
58,720,theory_1,5.924762291510101,0.630273451222054,0.8312530720838017,0.05884487979348263,0.0030744165399935,-0.006909458367890435,0.06267992162137939,5.9847099232395164
59,720,theory_1,5.963681731519373,0.6334749681760511,0.8092485953737666,0.06204639674747969,0.0015047381487254962,-0.0021382630226255985,0.06267992162137939,5.9847099232395164
60,720,theory_1,5.9155628993641685,0.6341843761621181,0.8292156198706687,0.0627558047335467,0.00028086093077380055,-0.0002049778186066335,0.06267992162137939,5.9847099232395164
61,720,theory_1,5.929653346376516,0.6359580139854865,0.8280751920251006,0.06452944255691506,0.0006183742316595409,0.0012311467038757901,0.06267992162137939,5.9847099232395164
62,720,theory_1,5.981089581672265,0.6380836874632285,0.8477249482436301,0.06665511603465712,0.001993190848163807,0.0019820035651138402,0.06267992162137939,5.9847099232395164
63,720,theory_1,5.970700445833263,0.6365953577833716,0.8069541371277766,0.06516678635480022,0.002240590844645014,0.00024627388877550207,0.06267992162137939,5.9847099232395164
64,720,theory_1,5.98191060143428,0.6466048870587291,0.7830227669515484,0.0751763156301577,0.004488716781811842,0.00800767722696637,0.06267992162137939,5.9847099232395164
65,720,theory_1,5.913306256412124,0.6383630816765724,0.814606105829522,0.06693451024800101,0.0013127960043276675,0.0029417926222934745,0.06267992162137939,5.9847099232395164
66,720,theory_1,5.962595503221038,0.6328452472170846,0.81553144670015,0.061416675788513175,0.0009409457797723111,-0.0022041916126388154,0.06267992162137939,5.9847099232395164
67,720,theory_1,5.959838007867173,0.6389695313637801,0.8269980607427152,0.0675409599352087,0.0005439937537871553,0.004317044560041678,0.06267992162137939,5.9847099232395164
68,720,theory_1,5.987367839719221,0.628775538333757,0.8429070278143107,0.05734696690518559,0.0011842429243228256,-0.006517197640517046,0.06267992162137939,5.9847099232395164
69,720,theory_1,5.918241227336696,0.6390330024296766,0.8314433458457247,0.06760443100110525,0.0009462760236637916,0.0039782333560618045,0.06267992162137939,5.9847099232395164
70,720,theory_1,5.939564215067673,0.643435842925872,0.8059257917551002,0.07200727149730057,0.0017538519597690705,0.007573497916151755,0.06267992162137939,5.9847099232395164
71,720,theory_1,6.034363717495274,0.6321181048161224,0.823791957374656,0.06068953338755101,0.0015790906709887765,-0.0035694789048171835,0.06267992162137939,5.9847099232395164
72,720,theory_1,5.913084249850595,0.6385191655712132,0.8014921316603126,0.06709059414264185,0.003517086937409704,0.0008935855838526498,0.06267992162137939,5.9847099232395164
73,720,theory_1,5.938671795861039,0.6320798803498575,0.8178107728198247,0.06065130892128612,0.0025069299844140322,-0.004535542684507708,0.06267992162137939,5.9847099232395164
74,720,theory_1,5.914884917853133,0.6445516904652667,0.8077609444567652,0.07312311903669533,0.0031616937908023773,0.007281503624513267,0.06267992162137939,5.9847099232395164
75,720,theory_1,5.901349772337531,0.6308123967549008,0.8206670211268055,0.059383825326329354,0.00202107073180072,-0.005317167026851101,0.06267992162137939,5.9847099232395164
76,720,theory_1,5.987561136046223,0.6401456894353856,0.8059876780732428,0.06871711800681424,0.0015093931198056937,0.004527803265628732,0.06267992162137939,5.9847099232395164
77,720,theory_1,5.939165405796382,0.6304444059864784,0.8439521787292104,0.05901583455790704,0.0012116322019053662,-0.004875719265378148,0.06267992162137939,5.9847099232395164
78,720,theory_1,5.931890904336408,0.629944290670363,0.8317935950206352,0.05851571924179155,0.0003026425326660272,-0.004466844912254279,0.06267992162137939,5.9847099232395164
79,720,theory_1,5.891444098674155,0.623666542340503,0.839493610693059,0.05223797091193161,0.001799130656212417,-0.012241081365660504,0.06267992162137939,5.9847099232395164
80,720,theory_1,5.944303939382328,0.6369374167600116,0.8402475411575683,0.06550884533144019,0.0016198242680468867,0.001209099442013743,0.06267992162137939,5.9847099232395164
81,720,theory_1,5.941261436046295,0.6410697978500001,0.8257253721660017,0.06964122642142867,0.000798444987577995,0.00616285981247101,0.06267992162137939,5.9847099232395164
82,720,theory_1,5.959257269418263,0.6365476839903921,0.8297488222600893,0.06511911256182068,0.0002639731797055915,0.0021752177607353242,0.06267992162137939,5.9847099232395164
83,720,theory_1,5.937922450937009,0.6348382647094027,0.8121103564343451,0.06340969328083135,0.0021333719550470807,-0.0014036002955954488,0.06267992162137939,5.9847099232395164
84,720,theory_1,5.905170746990955,0.6414541114297694,0.8334729220299796,0.07002554000119798,0.0012534547479844912,0.006092163631834039,0.06267992162137939,5.9847099232395164
85,720,theory_1,5.923747182087434,0.6386203194864455,0.8330461531310248,0.06719174805787409,0.0014784289786298416,0.0030333974578645316,0.06267992162137939,5.9847099232395164
86,720,theory_1,5.923992856425127,0.6360897900283179,0.8411649619245489,0.0646612185997465,0.0035544534311058897,-0.0015731564527391522,0.06267992162137939,5.9847099232395164
87,720,theory_1,5.911724573413068,0.6373060778318361,0.8170724744375408,0.06587750640326473,0.0017324913844393704,0.001465093397445458,0.06267992162137939,5.9847099232395164
88,720,theory_1,5.885002831813183,0.6414712320648779,0.8358930330188556,0.07004266063630649,0.0016026249324608288,0.005760114082465989,0.06267992162137939,5.9847099232395164
89,720,theory_1,5.888476563406958,0.6359896354115454,0.8029764059229997,0.06456106398297401,0.003535138932881128,-0.0016539965712870483,0.06267992162137939,5.9847099232395164
90,720,theory_1,5.986721983577196,0.649038638168256,0.776801558560903,0.07761006673968462,0.00481053957529554,0.010119605543009086,0.06267992162137939,5.9847099232395164
91,720,theory_1,5.938164743976563,0.6404396678696631,0.8292010109373767,0.06901109644109171,0.0008307154452064719,0.005500459374505557,0.06267992162137939,5.9847099232395164
92,720,theory_1,5.9035431057902645,0.638896514992724,0.8204683322751511,0.06746794356415264,0.0028318192445496004,0.0019562026982235655,0.06267992162137939,5.9847099232395164
93,720,theory_1,5.857914146552133,0.6501852669743615,0.8019071627927564,0.07875669554579012,0.004099843744788968,0.011976930179621235,0.06267992162137939,5.9847099232395164
94,720,theory_1,5.901784386150799,0.6341041199578997,0.8238024906463204,0.06267554852932833,0.0014586585353733542,-0.0014630316274246216,0.06267992162137939,5.9847099232395164
95,720,theory_1,6.002645228970987,0.6394465532959228,0.8199593265002629,0.06801798186735142,0.004638627198112514,0.0006994330478588624,0.06267992162137939,5.9847099232395164
96,720,theory_1,6.025103230202469,0.6338081138048294,0.8439100810301892,0.06237954237625798,0.0010303669515410174,-0.0013307461966627647,0.06267992162137939,5.9847099232395164
97,720,theory_1,6.012991525385725,0.6328614295526727,0.8270558803653238,0.061432858124101264,0.0007033660706136364,-0.001950429567891649,0.06267992162137939,5.9847099232395164
98,720,theory_1,6.030089366604,0.646754525438376,0.7981050837058672,0.07532595400980457,0.004786179249980408,0.007859853138444551,0.06267992162137939,5.9847099232395164
99,720,theory_1,5.9839997936875164,0.6453003779256323,0.8357677086606933,0.07387180649706093,0.001670817274810738,0.00952106760087036,0.06267992162137939,5.9847099232395164
0,1080,theory_1,6.9047598858020365,0.6222740386489236,0.83688605976456,0.050845467220352214,0.00035337845954011256,0.00289667679375433,0.04759541196705788,6.947597221448766
1,1080,theory_1,6.887147409366214,0.6254873397415559,0.8480804841870891,0.054058768312984506,0.0036581555297751185,0.0028052008161510936,0.04759541196705788,6.947597221448766
2,1080,theory_1,6.852099687784607,0.614728680372795,0.8408949361980056,0.04330010894422365,0.000585937452106171,-0.004881240474940414,0.04759541196705788,6.947597221448766
3,1080,theory_1,6.934765970016401,0.620674716124904,0.8239453084411925,0.049246144696332594,0.0011026499817753195,0.0005480827474993036,0.04759541196705788,6.947597221448766
4,1080,theory_1,6.876445272653194,0.6231762384372089,0.8406671595780966,0.05174766700863753,0.001216380830106352,0.00293587421147319,0.04759541196705788,6.947597221448766
5,1080,theory_1,6.939599825722434,0.6170143667716854,0.8416023212031959,0.04558579534311402,0.0009052932258770761,-0.002914909849820957,0.04759541196705788,6.947597221448766
6,1080,theory_1,6.86447386202414,0.625029543039472,0.8182434196658953,0.053600971610900605,0.0014088768757601698,0.0045966827680825354,0.04759541196705788,6.947597221448766
7,1080,theory_1,6.8779527914056136,0.6130588840604265,0.8377314867260951,0.041630312631855126,0.0005343403055751854,-0.006499439640777405,0.04759541196705788,6.947597221448766
8,1080,theory_1,6.860039265577052,0.6228256189450849,0.8471643927069259,0.05139704751651353,0.001338298336931752,0.0024633372125241132,0.04759541196705788,6.947597221448766
9,1080,theory_1,6.883091670494128,0.6235677860979824,0.8234661354868373,0.05213921466941096,0.002915002156053891,0.0016288005462992822,0.04759541196705788,6.947597221448766
10,1080,theory_1,6.968140054688195,0.628235231777307,0.82184939321633,0.056806660348735605,0.0013175933191496942,0.007893655062527866,0.04759541196705788,6.947597221448766
11,1080,theory_1,6.938121688128081,0.6285828711777175,0.8242363107636662,0.0571542997491461,0.0016259034195504644,0.007932984362537495,0.04759541196705788,6.947597221448766
12,1080,theory_1,6.912774958884551,0.6312816708353512,0.8221612922140881,0.05985309940677985,0.0013371033076102579,0.010920584132111381,0.04759541196705788,6.947597221448766
13,1080,theory_1,6.924332838910617,0.6226023139651802,0.8106780979014374,0.05117374253660878,0.0028688097734772904,0.0007095207960735269,0.04759541196705788,6.947597221448766
14,1080,theory_1,6.870199673867361,0.6154650620730037,0.8342197154408865,0.04403649064443227,0.000762464747119181,-0.004321386069744927,0.04759541196705788,6.947597221448766
15,1080,theory_1,6.91656747440163,0.6153429564987379,0.8459175454327553,0.04391438507016654,0.0014447713675842999,-0.005125798264475677,0.04759541196705788,6.947597221448766
16,1080,theory_1,6.940593805738795,0.6202578994973758,0.8478770568627413,0.048829328068804356,0.0009778498629409989,0.0002560662388053735,0.04759541196705788,6.947597221448766
17,1080,theory_1,6.8597760892866795,0.6292979089312314,0.8214088270739454,0.05786933750265999,0.0012623535341350371,0.009011572001466933,0.04759541196705788,6.947597221448766
18,1080,theory_1,6.969969319664209,0.6190237210136076,0.843057734345713,0.04759514958503619,0.00042733291204263683,-0.0004275952940644583,0.04759541196705788,6.947597221448766
19,1080,theory_1,6.900577994740358,0.6206806974154264,0.8274646397305465,0.04925212598685502,0.0008645983913586893,0.0007921156284385105,0.04759541196705788,6.947597221448766
20,1080,theory_1,6.875293869944579,0.6223157176584092,0.8260797305074917,0.05088714622983781,0.0009738609941477109,0.0023178732686321255,0.04759541196705788,6.947597221448766
21,1080,theory_1,6.935606376676782,0.6260353113980366,0.8374036425175371,0.05460673996946519,0.0015144116808530738,0.005496916321554082,0.04759541196705788,6.947597221448766
22,1080,theory_1,6.920226728117989,0.6221083831642933,0.8463193569677552,0.05067981173572189,0.0013797677159183238,0.001704632052745826,0.04759541196705788,6.947597221448766
23,1080,theory_1,6.917855431609877,0.6263673263585823,0.8209773666170094,0.05493875493001088,0.004555197676050715,0.0027881452869021033,0.04759541196705788,6.947597221448766
24,1080,theory_1,6.890850317455685,0.6206172266448715,0.842503320898025,0.049188655216300115,0.001235658924171956,0.0003575843250703755,0.04759541196705788,6.947597221448766
25,1080,theory_1,6.946329023244534,0.6169573245273072,0.8387795662871864,0.04552875309873583,0.00018252869633169011,-0.0022491875646538655,0.04759541196705788,6.947597221448766
26,1080,theory_1,6.96206376759598,0.6230511390804031,0.8258380908127566,0.05162256765183171,0.0017393338010405024,0.0022878218837331494,0.04759541196705788,6.947597221448766
27,1080,theory_1,6.958594024871706,0.6256621288119606,0.8271555490363021,0.0542335573833892,0.0012270548303687445,0.005411090585962541,0.04759541196705788,6.947597221448766
28,1080,theory_1,6.874285651423828,0.616400988143077,0.8238281264429953,0.04497241671450558,0.0015497458913479331,-0.004172741143900492,0.04759541196705788,6.947597221448766
29,1080,theory_1,6.923014065175875,0.618912026588321,0.8407335317091732,0.04748345515974961,0.0004182947738980855,-0.0005302515812068535,0.04759541196705788,6.947597221448766
30,1080,theory_1,6.938649529280747,0.6161986718695852,0.8504792654119253,0.044770100441013816,0.0010510603797074009,-0.003876371905751547,0.04759541196705788,6.947597221448766
31,1080,theory_1,6.949567885608629,0.6194196246919009,0.8314220938010932,0.04799105326332953,0.000677176014271023,-0.0002815347179995212,0.04759541196705788,6.947597221448766
32,1080,theory_1,6.838562749297141,0.616471135332119,0.830998716428567,0.04504256390354755,0.0016714932009677587,-0.004224341264478352,0.04759541196705788,6.947597221448766
33,1080,theory_1,6.846386699015093,0.6237454012506962,0.8335878689654127,0.05231682982212482,0.0006923195046633672,0.004029098350403477,0.04759541196705788,6.947597221448766
34,1080,theory_1,6.893302532356032,0.6240090190235112,0.822246985992197,0.05258044759493985,0.001086343068343426,0.0038986925595386906,0.04759541196705788,6.947597221448766
35,1080,theory_1,6.895150760688575,0.6159485154556149,0.833801312587513,0.04451994402704351,0.0022783432609824136,-0.0053538112009970384,0.04759541196705788,6.947597221448766
36,1080,theory_1,6.89608075553144,0.6200609823203423,0.8536307361514364,0.04863241089177095,0.0022714505321783716,-0.0012344516074654429,0.04759541196705788,6.947597221448766
37,1080,theory_1,6.850046911406535,0.631030397485117,0.823544424246592,0.059601826056545626,0.0013943270030549507,0.01061208708643297,0.04759541196705788,6.947597221448766
38,1080,theory_1,6.963709706095253,0.6218683672775296,0.832901660822643,0.05043979584895819,0.000735486799557972,0.002108897082342262,0.04759541196705788,6.947597221448766
39,1080,theory_1,6.972293561521855,0.6203493521751308,0.8349635310608239,0.04892078074655937,0.0016904975480706388,-0.00036512876856925256,0.04759541196705788,6.947597221448766
40,1080,theory_1,6.959869591672648,0.6218406515786246,0.8409776307728714,0.05041208015005316,0.00039058708182221455,0.002426081101172807,0.04759541196705788,6.947597221448766
41,1080,theory_1,6.951952765346396,0.6174343588156388,0.8385704878663675,0.0460057873870674,0.00016534883634551005,-0.0017549734163361294,0.04759541196705788,6.947597221448766
42,1080,theory_1,6.897388370837351,0.6146618694205609,0.8290664735147417,0.043233297991989494,0.0018045531676260953,-0.006166667142694523,0.04759541196705788,6.947597221448766
43,1080,theory_1,6.926201636745046,0.6222786764049989,0.8229945391592359,0.0508501049764275,0.0026056214985671036,0.0006490715108028218,0.04759541196705788,6.947597221448766
44,1080,theory_1,6.833603664018492,0.6158104420498216,0.8431487267327422,0.04438187062125021,0.0006967794354224137,-0.003910320781230225,0.04759541196705788,6.947597221448766
45,1080,theory_1,6.888681110943824,0.6277051386047492,0.8117846780494952,0.056276567176177794,0.0019905957680041997,0.006690559441115543,0.04759541196705788,6.947597221448766
46,1080,theory_1,6.944724774466012,0.6208337727789829,0.8391952995401333,0.04940520135041149,0.0025535503443625484,-0.0007437609610089298,0.04759541196705788,6.947597221448766
47,1080,theory_1,6.864410119586117,0.627372572663863,0.8435307365328486,0.05594400123529164,0.002409468829267416,0.005939120438966423,0.04759541196705788,6.947597221448766
48,1080,theory_1,6.993946148135934,0.6196036477066508,0.8518103838528714,0.048175076278079376,0.0019371904728550055,-0.0013575261618338206,0.04759541196705788,6.947597221448766
49,1080,theory_1,7.041744627372034,0.6296850879246311,0.8200200683711283,0.058256516496059674,0.002141183850063923,0.008519920678938175,0.04759541196705788,6.947597221448766
50,1080,theory_1,6.993121166364343,0.6168257992213534,0.8420144238483744,0.04539722779278199,0.0005698756625592123,-0.0027680598368350655,0.04759541196705788,6.947597221448766
51,1080,theory_1,6.94969491185698,0.6235293152778357,0.8364092575040338,0.05210074384926433,0.0016783298110184697,0.002827002071187995,0.04759541196705788,6.947597221448766
52,1080,theory_1,6.945147800061384,0.6239624759258815,0.8299574433843172,0.0525339044973101,0.0008626347731016842,0.004075857757150678,0.04759541196705788,6.947597221448766
53,1080,theory_1,6.924262711558028,0.626797430214323,0.8096428637171204,0.055368858785751596,0.0026540218702695564,0.005119424948423972,0.04759541196705788,6.947597221448766
54,1080,theory_1,6.978011210335585,0.6224084452650949,0.8188782705677498,0.05097987383652347,0.004734828973162541,-0.00135036710369677,0.04759541196705788,6.947597221448766
55,1080,theory_1,6.968430158063185,0.6259157411408536,0.8502363027102782,0.05448716971228218,0.0027800177635147506,0.004111739981709149,0.04759541196705788,6.947597221448766
56,1080,theory_1,6.954704589647558,0.6253173980769894,0.835210524520401,0.05388882664841799,0.0004936810108332791,0.005799733670527019,0.04759541196705788,6.947597221448766
57,1080,theory_1,6.833571971243145,0.6105198833196409,0.8496574880399966,0.03909131189106951,0.002689728532525022,-0.011193828608513284,0.04759541196705788,6.947597221448766
58,1080,theory_1,6.9031245869378095,0.6178379103343115,0.8428921850600982,0.04640933890574006,0.0004905014732423557,-0.0016765745345602937,0.04759541196705788,6.947597221448766
59,1080,theory_1,6.927980961758204,0.6207519778694145,0.8281634089087277,0.0493234064408431,0.0009026353377044865,0.0008253591360808031,0.04759541196705788,6.947597221448766
60,1080,theory_1,6.8555022290353556,0.6196435693292399,0.8318192056958311,0.04821499790066852,0.0005663764918138725,5.3209441796763044e-05,0.04759541196705788,6.947597221448766
61,1080,theory_1,6.89121276868068,0.62055370687477,0.8350594906370579,0.049125135446198565,0.0007664784480636217,0.0007632450310769226,0.04759541196705788,6.947597221448766
62,1080,theory_1,6.977171883217319,0.61810163453565,0.846555827304333,0.04667306310707864,0.0007251536798005505,-0.0016475025397798037,0.04759541196705788,6.947597221448766
63,1080,theory_1,6.960519065926226,0.619457320714704,0.8233234819301908,0.048028749286132655,0.001590975647102122,-0.0011576383280275675,0.04759541196705788,6.947597221448766
64,1080,theory_1,6.912153305272029,0.622731706852262,0.8137650701769902,0.05130313542369058,0.0021915528436339095,0.0015161706129984294,0.04759541196705788,6.947597221448766
65,1080,theory_1,6.901150086927859,0.6229628886157985,0.8247475855914164,0.05153431718722712,0.0008360194755175898,0.003102885744651856,0.04759541196705788,6.947597221448766
66,1080,theory_1,6.953523371234211,0.6254533903083922,0.8205617774373005,0.0540248188798208,0.0012888052543236935,0.0051406016584391425,0.04759541196705788,6.947597221448766
67,1080,theory_1,6.93913988666784,0.6264842229699281,0.8395753405910245,0.05505565154135672,0.0014127592741148302,0.006047480300184171,0.04759541196705788,6.947597221448766
68,1080,theory_1,6.96926504006418,0.6196351585992701,0.8417502571108562,0.0482065871706987,0.0008981119427675933,-0.00028693673912662574,0.04759541196705788,6.947597221448766
69,1080,theory_1,6.897123763430319,0.623249174986718,0.8372091490582085,0.05182060355814655,0.0007625117748457006,0.0034626798162425997,0.04759541196705788,6.947597221448766
70,1080,theory_1,6.926110601927025,0.6233890404333288,0.8325471659209832,0.05196046900475737,0.0009030100642107115,0.003462046973488847,0.04759541196705788,6.947597221448766
71,1080,theory_1,6.992195331093865,0.6217222354835061,0.8241061109567284,0.05029366405493474,0.0031026534220385095,-0.0004044013341617953,0.04759541196705788,6.947597221448766
72,1080,theory_1,6.8396297045577334,0.6199310126145067,0.8264681396200171,0.048502441185935274,0.0020214473850827513,-0.0011144181662052614,0.04759541196705788,6.947597221448766
73,1080,theory_1,6.902438650976627,0.619657831494476,0.8238367298812637,0.048229260065904556,0.002670322161989988,-0.002036474063143337,0.04759541196705788,6.947597221448766
74,1080,theory_1,6.94625098025471,0.6213763395046954,0.8374388739923924,0.049947768076124,0.001263051961975876,0.0010893041470901915,0.04759541196705788,6.947597221448766
75,1080,theory_1,6.870245461557213,0.6150587621846336,0.8428782948976599,0.043630190756062226,0.0006244711323870264,-0.004589692343382541,0.04759541196705788,6.947597221448766
76,1080,theory_1,6.9557405123967655,0.6217936423336768,0.8269600152227192,0.05036507090510545,0.0006808150460470016,0.002088843892000413,0.04759541196705788,6.947597221448766
77,1080,theory_1,6.926768168696459,0.6167812237213348,0.8498123889655357,0.04535265229276342,0.0018816832302625452,-0.004124442904557097,0.04759541196705788,6.947597221448766
78,1080,theory_1,6.8840390997287715,0.6172279384286927,0.8392266014629427,0.04579936700012133,0.00044589470776386033,-0.002241939674700691,0.04759541196705788,6.947597221448766
79,1080,theory_1,6.901199220115259,0.6117074074409715,0.8430484428888523,0.04027883601240012,0.0007842686154303614,-0.008100844570088065,0.04759541196705788,6.947597221448766
80,1080,theory_1,6.879902181119258,0.6226779734488401,0.8341190004537204,0.05124940202026873,0.002555059032594052,0.0010989310206166187,0.04759541196705788,6.947597221448766
81,1080,theory_1,6.893616258041547,0.6201446316953334,0.8364147183752623,0.04871606026676201,0.00046262769046113414,0.0006580206092425125,0.04759541196705788,6.947597221448766
82,1080,theory_1,6.92369040327108,0.620829987061639,0.828630967552369,0.04940141563306766,0.0005589616331650975,0.001247042032844545,0.04759541196705788,6.947597221448766
83,1080,theory_1,6.874775041638844,0.6201706439954147,0.8247810905661808,0.048742072566843264,0.0027435554039034627,-0.001596894804118389,0.04759541196705788,6.947597221448766
84,1080,theory_1,6.888380241408762,0.6219330314947146,0.846932288786144,0.050504460066143175,0.0013919468880247937,0.001517101211060812,0.04759541196705788,6.947597221448766
85,1080,theory_1,6.925479849362363,0.6245106148636802,0.838569855411365,0.053082043435108806,0.0008860189565650748,0.004600612511485825,0.04759541196705788,6.947597221448766
86,1080,theory_1,6.881485080805779,0.6190886608715148,0.8445988738892752,0.04766008944294342,0.002073350265321711,-0.0020086727894359415,0.04759541196705788,6.947597221448766
87,1080,theory_1,6.881161997820136,0.625441458228563,0.8165986533588472,0.05401288679999161,0.002796249358514958,0.0036212254744186945,0.04759541196705788,6.947597221448766
88,1080,theory_1,6.8853341496705625,0.6270464094242886,0.838198802459194,0.05561783799571718,0.001183610630768668,0.006838815397890542,0.04759541196705788,6.947597221448766
89,1080,theory_1,6.879282661992577,0.622310774036924,0.8178497134465897,0.050882202608352634,0.0022119843146061603,0.001074806326688836,0.04759541196705788,6.947597221448766
90,1080,theory_1,6.950898349800808,0.6294297419079495,0.7995953917043842,0.05800117047937814,0.004141987384543233,0.006263771127776934,0.04759541196705788,6.947597221448766
91,1080,theory_1,6.899900704761377,0.6219895072058887,0.8378543018265252,0.05056093577731735,0.0004140264549797296,0.0025514973552793747,0.04759541196705788,6.947597221448766
92,1080,theory_1,6.910444730193189,0.6198074694809969,0.8382028802259982,0.048378898052425456,0.00046379807901169657,0.000319688006355659,0.04759541196705788,6.947597221448766
93,1080,theory_1,6.84867459931829,0.628341697235711,0.8204564962755492,0.056913125807139586,0.002932656543062507,0.006385057297018809,0.04759541196705788,6.947597221448766
94,1080,theory_1,6.873777548188388,0.6210779634287701,0.8260712275562235,0.04964939200019869,0.0009225065512846316,0.0011314734818559525,0.04759541196705788,6.947597221448766
95,1080,theory_1,6.968438184128887,0.6249640614438241,0.8228196728996654,0.05353549001525271,0.00321242668740219,0.0027276513607925423,0.04759541196705788,6.947597221448766
96,1080,theory_1,7.004021588086724,0.6177895543978296,0.833783566010729,0.04636098296925817,0.0002546629054031086,-0.0014890919032026252,0.04759541196705788,6.947597221448766
97,1080,theory_1,6.949190875094019,0.6207489522020926,0.8389972088317907,0.04932038077352119,0.0005922066175332288,0.0011327621889299867,0.04759541196705788,6.947597221448766
98,1080,theory_1,6.983750683320885,0.6340025420953563,0.8115386953231368,0.06257397066678494,0.0061484583359783474,0.008830100363748601,0.04759541196705788,6.947597221448766
99,1080,theory_1,6.944339255457137,0.6204156700978118,0.841433987249162,0.04898709866924045,0.0002637679855797164,0.0011279187166028772,0.04759541196705788,6.947597221448766
0,1440,theory_1,7.6867615042759745,0.6121658923322401,0.8441876642949083,0.04073732090366866,0.000531296806912797,0.0014628687353151308,0.038743155361440795,7.7399202425196885
1,1440,theory_1,7.671759308104505,0.6162159336374428,0.8484754917658661,0.04478736220887136,0.0021797079793802365,0.0038644988680505443,0.038743155361440795,7.7399202425196885
2,1440,theory_1,7.666362566048697,0.6062295312741663,0.8485392463364155,0.03480095984559495,0.0006662754831075865,-0.004608470998953539,0.038743155361440795,7.7399202425196885
3,1440,theory_1,7.72198104610389,0.6099063912080749,0.8317517776113789,0.038477819779503486,0.0011192041719198845,-0.0013845397538572936,0.038743155361440795,7.7399202425196885
4,1440,theory_1,7.673762353601774,0.6172061958099823,0.8376299441423652,0.045777624381410864,0.0022614753895650753,0.0047729936304051,0.038743155361440795,7.7399202425196885
5,1440,theory_1,7.742581425585943,0.6106248402426272,0.8418101236380925,0.0391962688140558,0.0005395912936138495,-8.647784099919527e-05,0.038743155361440795,7.7399202425196885
6,1440,theory_1,7.6571476873219755,0.6136657634180754,0.8351839042198312,0.04223719198950404,0.000534301329619911,0.0029597352984435223,0.038743155361440795,7.7399202425196885
7,1440,theory_1,7.678553585157174,0.606060119343203,0.8472114177070739,0.03463154791463163,0.00048322574123502165,-0.004594833188043985,0.038743155361440795,7.7399202425196885
8,1440,theory_1,7.670128254859216,0.6102663272642254,0.8558866567321336,0.038837755835653964,0.0024456662401972375,-0.0023510657659839974,0.038743155361440795,7.7399202425196885
9,1440,theory_1,7.68952216564839,0.6130326360362653,0.8264924727285519,0.04160406460769395,0.003246177471371964,-0.0003852682251187628,0.038743155361440795,7.7399202425196885
10,1440,theory_1,7.762669530008783,0.6170256883713046,0.8309911663032711,0.04559711694273316,0.0010533199641254262,0.00580064161716692,0.038743155361440795,7.7399202425196885
11,1440,theory_1,7.71900303247705,0.6198503085424951,0.8393126179733437,0.048421737113923724,0.00135905056129619,0.00831953119118728,0.038743155361440795,7.7399202425196885
12,1440,theory_1,7.724747244453766,0.6179958352162233,0.8410413695008931,0.04656726378765186,0.0006114091605270351,0.007212699265683895,0.038743155361440795,7.7399202425196885
13,1440,theory_1,7.729929433406558,0.611924596205256,0.8203120972199672,0.04049602477668457,0.003022046470266257,-0.001269177055022221,0.038743155361440795,7.7399202425196885
14,1440,theory_1,7.652927723868538,0.6099124201820378,0.8442868545428751,0.03848384875346644,0.0006471856392757283,-0.0009064922472500527,0.038743155361440795,7.7399202425196885
15,1440,theory_1,7.6892190983150535,0.6075582740130265,0.8443017287720199,0.03612970258445514,0.0012505652871158245,-0.0038640180641014007,0.038743155361440795,7.7399202425196885
16,1440,theory_1,7.748665266354271,0.612876009945527,0.8443870362772907,0.04144743851695565,0.0004903180671449708,0.0022139650883696736,0.038743155361440795,7.7399202425196885
17,1440,theory_1,7.697548267141832,0.6180671038703375,0.8344501239128511,0.04663853244176608,0.0008018032818751206,0.007093573798450294,0.038743155361440795,7.7399202425196885
18,1440,theory_1,7.770414853243885,0.613027536804293,0.8485647598187942,0.04159896537572161,0.001047352419153164,0.0018084575951277057,0.038743155361440795,7.7399202425196885
19,1440,theory_1,7.69627702163163,0.6127522692958354,0.8346087934123047,0.041323697867263975,0.0012743470622782812,0.0013061954435448291,0.038743155361440795,7.7399202425196885
20,1440,theory_1,7.646231217731434,0.614610387824808,0.8327379519361257,0.04318181639623664,0.0009003387284971564,0.0035383223062987255,0.038743155361440795,7.7399202425196885
21,1440,theory_1,7.740845203943084,0.615122067627341,0.8396195656145747,0.04369349619876961,0.001322037412017059,0.003628303425311858,0.038743155361440795,7.7399202425196885
22,1440,theory_1,7.722017970843426,0.6136546773339066,0.8438319884781855,0.042226105905335154,0.0004363049830785898,0.003046645560815818,0.038743155361440795,7.7399202425196885
23,1440,theory_1,7.698824667196311,0.6142048166414268,0.8301026378786023,0.04277624521285539,0.003042732866203036,0.0009903569852112827,0.038743155361440795,7.7399202425196885
24,1440,theory_1,7.692647832269133,0.6108374489739299,0.8460437861866549,0.03940887754535849,0.0009972082736936592,-0.00033148608977573527,0.038743155361440795,7.7399202425196885
25,1440,theory_1,7.7373396738590365,0.6126239375215082,0.8382451487725074,0.041195366092936836,0.00038375755973735107,0.0020684531717588923,0.038743155361440795,7.7399202425196885
26,1440,theory_1,7.7301820717789,0.6146575691354417,0.8348303611795311,0.043228997706870276,0.0011633698150722593,0.0033224725303571973,0.038743155361440795,7.7399202425196885
27,1440,theory_1,7.76918684722923,0.6149724062884092,0.8418344728046375,0.043543834859837816,0.000846131110683486,0.003954548387713617,0.038743155361440795,7.7399202425196885
28,1440,theory_1,7.68251387315874,0.6047557809536089,0.8397364077764297,0.03332720952503754,0.0007518488815988786,-0.006167794718002151,0.038743155361440795,7.7399202425196885
29,1440,theory_1,7.728084357579658,0.6108596940464394,0.8448180010409884,0.039431122617867964,0.0004557174501312525,0.00023224980629600608,0.038743155361440795,7.7399202425196885
30,1440,theory_1,7.706858203356625,0.6072157698482792,0.8517643530378064,0.03578719841970779,0.001465159548289702,-0.004421116490022767,0.038743155361440795,7.7399202425196885
31,1440,theory_1,7.732009347274824,0.6099781391758596,0.837459519018055,0.03854956774728824,0.0007451844834521538,-0.0009387720976050166,0.038743155361440795,7.7399202425196885
32,1440,theory_1,7.616845642853454,0.6087034494269363,0.838924358133411,0.03727487799836493,0.0008550493076446493,-0.00232332667072058,0.038743155361440795,7.7399202425196885
33,1440,theory_1,7.622467065723811,0.613396758294759,0.8358780349927756,0.04196818686618764,0.001058627183559505,0.0021664043211870308,0.038743155361440795,7.7399202425196885
34,1440,theory_1,7.69139065706854,0.6140584945666199,0.8252482532709882,0.042629923138048476,0.0014608284793019872,0.0024259392973053824,0.038743155361440795,7.7399202425196885
35,1440,theory_1,7.699665884521247,0.6069104652671012,0.8413653585222011,0.03548189383852984,0.0026310897518932483,-0.00589235127480431,0.038743155361440795,7.7399202425196885
36,1440,theory_1,7.686982226549449,0.609359372916618,0.853145145429708,0.03793080148804662,0.0011117710516319952,-0.0019241249250259794,0.038743155361440795,7.7399202425196885
37,1440,theory_1,7.641072083621156,0.6209404975377069,0.8301312510873058,0.04951192610913546,0.0015706907111028383,0.009198080036591628,0.038743155361440795,7.7399202425196885
38,1440,theory_1,7.774318328154554,0.6134846339755573,0.8364475097357476,0.042056062546985906,0.0006767455253156798,0.002636161660229455,0.038743155361440795,7.7399202425196885
39,1440,theory_1,7.767531454005504,0.6095874454884413,0.8400679562120226,0.03815887405986995,0.0018895865757317255,-0.0024738678773026383,0.038743155361440795,7.7399202425196885
40,1440,theory_1,7.754429246331208,0.6147294009321991,0.8414203190949099,0.04330082950362768,0.00031898387070623926,0.0042386902714808975,0.038743155361440795,7.7399202425196885
41,1440,theory_1,7.750779446628743,0.6102973529414641,0.8451238749556523,0.03886878151289275,0.00039552003225506,-0.00026989388080296236,0.038743155361440795,7.7399202425196885
42,1440,theory_1,7.690662310647131,0.6069284720777932,0.8391417834683932,0.035499900649221816,0.001126554145402442,-0.004369808857621693,0.038743155361440795,7.7399202425196885
43,1440,theory_1,7.733767729478657,0.6123426174290961,0.8390649997474074,0.04091404600052473,0.0004536724121021933,0.001717218226981785,0.038743155361440795,7.7399202425196885
44,1440,theory_1,7.6109215524607166,0.6086375195944703,0.8451075229034388,0.037208948165898925,0.0004611036475503604,-0.001995310843092547,0.038743155361440795,7.7399202425196885
45,1440,theory_1,7.679895608639932,0.6138164815136391,0.8293010301342177,0.042387910085067704,0.0013808400916872567,0.0022639146319395017,0.038743155361440795,7.7399202425196885
46,1440,theory_1,7.725162091662531,0.6114219797099901,0.8479038947043953,0.03999340828141873,0.0023415743146635447,-0.0010913213946857042,0.038743155361440795,7.7399202425196885
47,1440,theory_1,7.619073563683607,0.6148106659339592,0.8515308482000146,0.04338209450538777,0.0014740817237457666,0.0031648574202016856,0.038743155361440795,7.7399202425196885
48,1440,theory_1,7.781800244226035,0.6131898119558128,0.8530676931185305,0.041761240527241394,0.0017131819316838917,0.0013049032341166792,0.038743155361440795,7.7399202425196885
49,1440,theory_1,7.839507022765797,0.6185621440262724,0.8310729813954209,0.04713357259770101,0.001421322657323994,0.006969094578936237,0.038743155361440795,7.7399202425196885
50,1440,theory_1,7.7940119669595616,0.6076942612389381,0.8456085470538484,0.03626568981036671,0.0005863221048318466,-0.003063787655906062,0.038743155361440795,7.7399202425196885
51,1440,theory_1,7.751627200409443,0.611714978538417,0.8410285129226572,0.04028640710984566,0.00081881339227972,0.0007244383561251227,0.038743155361440795,7.7399202425196885
52,1440,theory_1,7.7245902341388275,0.6141728266745261,0.8372580631314158,0.04274425524595471,0.0007177685831578405,0.0032833313013558648,0.038743155361440795,7.7399202425196885
53,1440,theory_1,7.71609550703445,0.6153692715126664,0.8235028277645474,0.04394070008409501,0.002016307666493699,0.003181237056160417,0.038743155361440795,7.7399202425196885
54,1440,theory_1,7.736451148010005,0.6121123798280294,0.8253833310373271,0.040683808399457955,0.004288451972606707,-0.002347798934589584,0.038743155361440795,7.7399202425196885
55,1440,theory_1,7.774316851718553,0.613499166517143,0.853676551757653,0.04207059508857158,0.001985201785509197,0.0013422379416216676,0.038743155361440795,7.7399202425196885
56,1440,theory_1,7.7307270609515015,0.6154457990305299,0.8410436215101013,0.044017227601958475,0.0004952132595138874,0.0047788589810037075,0.038743155361440795,7.7399202425196885
57,1440,theory_1,7.621237631258879,0.6014158493646096,0.8503413093347015,0.02998727793603817,0.0030587423333054533,-0.01181461975870807,0.038743155361440795,7.7399202425196885
58,1440,theory_1,7.746727829385939,0.6106157639692034,0.8377602440152481,0.039187192540631965,0.000643460942510191,-0.0001994237633192611,0.038743155361440795,7.7399202425196885
59,1440,theory_1,7.698893347828869,0.6104399124548773,0.8322457762287419,0.03901134102630588,0.0015666938835871775,-0.0012985082187222795,0.038743155361440795,7.7399202425196885
60,1440,theory_1,7.642501428309012,0.6158314259940652,0.8346849956271993,0.044402854565493755,0.0008544702691197495,0.0048052289349331855,0.038743155361440795,7.7399202425196885
61,1440,theory_1,7.681412622499676,0.6091809978579927,0.8430336660496002,0.03775242642942134,0.0004303700521728468,-0.001421098984192599,0.038743155361440795,7.7399202425196885
62,1440,theory_1,7.7695764706487065,0.6122071806027791,0.8443333722962165,0.040778609174207725,0.00037502971937580326,0.0016604240933906598,0.038743155361440795,7.7399202425196885
63,1440,theory_1,7.751942835074697,0.6124746019675222,0.82855073348239,0.04104603053895084,0.0020710543609412423,0.00023182081656857034,0.038743155361440795,7.7399202425196885
64,1440,theory_1,7.701764487129227,0.6175433413958143,0.8236169261037729,0.04611476996724295,0.0015909046744705946,0.005780709931331468,0.038743155361440795,7.7399202425196885
65,1440,theory_1,7.672499985934694,0.6123467017616785,0.8356343892676299,0.040918130333107094,0.0005628742517289268,0.0016121007199375195,0.038743155361440795,7.7399202425196885
66,1440,theory_1,7.742610434691247,0.618597449628922,0.8250377851587336,0.04716887820035065,0.0021367966203419686,0.006288926218567611,0.038743155361440795,7.7399202425196885
67,1440,theory_1,7.7342285346191915,0.6155286896488616,0.8370742126317534,0.04410011822029025,0.0009951283344913277,0.004361834524358069,0.038743155361440795,7.7399202425196885
68,1440,theory_1,7.744920752497768,0.6142941754427927,0.8363932190102246,0.04286560401422135,0.0005683210114072217,0.003554127641373272,0.038743155361440795,7.7399202425196885
69,1440,theory_1,7.683691593147761,0.6148830268799637,0.8427476242528196,0.04345445545139226,0.0015624611035226588,0.003148838986428638,0.038743155361440795,7.7399202425196885
70,1440,theory_1,7.720890247081455,0.6092582349463558,0.8411624914868808,0.037829663517784384,0.0006487957647903412,-0.0015622876084466248,0.038743155361440795,7.7399202425196885
71,1440,theory_1,7.791366645722831,0.6121943412923876,0.8370422948897536,0.04076576986381619,0.0026211733955629336,-0.0005985588931880168,0.038743155361440795,7.7399202425196885
72,1440,theory_1,7.668812046696587,0.6108181766878624,0.8347546707445131,0.03938960525929103,0.0021506812373255236,-0.0015042313394753321,0.038743155361440795,7.7399202425196885
73,1440,theory_1,7.713451427612888,0.6121404734771692,0.8317224034161259,0.04071190204859776,0.0016206648937597068,0.0003480817933971923,0.038743155361440795,7.7399202425196885
74,1440,theory_1,7.743496670964371,0.6100332644158999,0.8436628622331781,0.03860469298732849,0.0004041849176423537,-0.0005426472917543657,0.038743155361440795,7.7399202425196885
75,1440,theory_1,7.621937915545631,0.6093710664322642,0.851531778716288,0.037942495003692844,0.0009501253445921196,-0.0017507857023400988,0.038743155361440795,7.7399202425196885
76,1440,theory_1,7.749419846435777,0.6147897353300086,0.8298658628399092,0.04336116390143718,0.0017387747066865977,0.0028792338333097135,0.038743155361440795,7.7399202425196885
77,1440,theory_1,7.712170480747444,0.611281839488845,0.8484871543067932,0.03985326806027356,0.001181239971202273,-7.11272723697249e-05,0.038743155361440795,7.7399202425196885
78,1440,theory_1,7.674571012169515,0.6085644343074278,0.8413274527317877,0.037135862878856396,0.0006456447096425176,-0.002252937192226767,0.038743155361440795,7.7399202425196885
79,1440,theory_1,7.715887603823044,0.6076044513975829,0.8475955088944068,0.036175879969011504,0.0005939403731256956,-0.0031612157655549664,0.038743155361440795,7.7399202425196885
80,1440,theory_1,7.678428775986722,0.6148749100101149,0.843293384205172,0.04344633858154345,0.0015599241464919055,0.003143259073610753,0.038743155361440795,7.7399202425196885
81,1440,theory_1,7.6944234368416184,0.6100972362013499,0.8383023645218548,0.03866866477277853,0.0005484433407451612,-0.0006229339294073654,0.038743155361440795,7.7399202425196885
82,1440,theory_1,7.70126764227403,0.608724470747053,0.8375361798440873,0.03729589931848165,0.0005502905166339175,-0.001997546559593291,0.038743155361440795,7.7399202425196885
83,1440,theory_1,7.647968312501804,0.6123784589675745,0.8268990157477145,0.04094988753900308,0.0018526559863624441,0.0003540761912000411,0.038743155361440795,7.7399202425196885
84,1440,theory_1,7.6914041366998696,0.6104365203982962,0.8494009970444795,0.039007948969724815,0.0011768289417938421,-0.0009120353335097137,0.038743155361440795,7.7399202425196885
85,1440,theory_1,7.711067093839282,0.6152122837404188,0.8422182029837222,0.04378371231184741,0.00105270694599999,0.003987850004406667,0.038743155361440795,7.7399202425196885
86,1440,theory_1,7.711675327082405,0.6103143989248498,0.8480138747953511,0.03888582749627845,0.002190229525430641,-0.002047557390593107,0.038743155361440795,7.7399202425196885
87,1440,theory_1,7.692033982176499,0.614611257102863,0.8304589650216316,0.04318268567429162,0.001475907343439108,0.002963622969411759,0.038743155361440795,7.7399202425196885
88,1440,theory_1,7.676057492243874,0.6156396424119754,0.8389181125474081,0.044211070983404044,0.0007787530463524007,0.004689162575611204,0.038743155361440795,7.7399202425196885
89,1440,theory_1,7.690427651191941,0.61394108753615,0.8318377391253398,0.04251251610757856,0.0010731018995848974,0.002696258846552844,0.038743155361440795,7.7399202425196885
90,1440,theory_1,7.7311049881935165,0.6178193463645334,0.8143345171501669,0.046390774935962,0.0033304625852635028,0.004317156989257738,0.038743155361440795,7.7399202425196885
91,1440,theory_1,7.6859942104515255,0.6093297591412158,0.8458363861053056,0.03790118771264439,0.00037624729171886675,-0.0012182149405152996,0.038743155361440795,7.7399202425196885
92,1440,theory_1,7.726490150571117,0.6083176332250596,0.8485398866179649,0.03688906179648821,0.0005221711859809496,-0.002376264750933624,0.038743155361440795,7.7399202425196885
93,1440,theory_1,7.668189240982215,0.616990097394211,0.8253959748067894,0.04556152596563956,0.0028089062720217856,0.00400946433217677,0.038743155361440795,7.7399202425196885
94,1440,theory_1,7.6736351555459725,0.614156175279581,0.8227315290486139,0.0427276038510096,0.0024112549584723347,0.001573193531096367,0.038743155361440795,7.7399202425196885
95,1440,theory_1,7.730775683809009,0.6156136845056024,0.8281937843466823,0.04418511307703099,0.00217501867801341,0.003266939037576557,0.038743155361440795,7.7399202425196885
96,1440,theory_1,7.773831770454978,0.60712727613054,0.8419321689627878,0.035698704701968564,0.0003685606532654691,-0.003413011312737803,0.038743155361440795,7.7399202425196885
97,1440,theory_1,7.7175000025998,0.6104459887891764,0.8417633996364778,0.039017417360605045,0.0005474522329754174,-0.0002731902338111036,0.038743155361440795,7.7399202425196885
98,1440,theory_1,7.740410049340989,0.6184068386286824,0.8298248510810685,0.046978267200111,0.003640750041627122,0.004594361797043171,0.038743155361440795,7.7399202425196885
99,1440,theory_1,7.7645179646772595,0.6113526361526053,0.8423854184507213,0.03992406472403387,0.00044738800054966584,0.0007335213620433331,0.038743155361440795,7.7399202425196885
