environment,T,lambda_index,lambda,replications,regret512,regret1024,paired_difference,paired_MCSE,certified,complexity512,complexity1024,projection_floor512,projection_floor1024
rich6d,60,0,1e-12,50,0.48729281642759653,0.38970760605910754,0.09758521036848893,0.0040104355143031085,False,59.99875243158347,59.99904238450973,0.0016118661016124025,0.0010072933729861622
rich6d,60,1,1.2742749857031321e-12,50,0.48728632035218344,0.3897040395379433,0.09758228081424017,0.0040102914412211985,False,59.998410270852055,59.998779743196785,0.0016118661016124025,0.0010072933729861622
rich6d,60,2,1.6237767391887243e-12,50,0.48727804288635873,0.3896994949269604,0.09757854795939837,0.004010107865206348,False,59.99797427401934,59.99844507134432,0.0016118661016124025,0.0010072933729861622
rich6d,60,3,2.06913808111479e-12,50,0.48726749563919697,0.3896937040339442,0.09757379160525279,0.004009873959522082,False,59.99741871044467,59.99801861614701,0.0016118661016124025,0.0010072933729861622
rich6d,60,4,2.6366508987303555e-12,50,0.4872540563910729,0.38968632515412177,0.09756773123695112,0.004009575932873635,False,59.99671079611693,59.99747520920087,0.0016118661016124025,0.0010072933729861622
rich6d,60,5,3.359818286283788e-12,50,0.48723693246544214,0.3896769229359379,0.09756000952950439,0.00400919621937411,False,59.99580876152367,59.99678278245063,0.0016118661016124025,0.0010072933729861622
rich6d,60,6,4.281332398719396e-12,50,0.4872151141029687,0.38966494274245284,0.09755017136051583,0.004008712448281844,False,59.994659391101166,59.99590047791585,0.0016118661016124025,0.0010072933729861622
rich6d,60,7,5.455594781168514e-12,50,0.4871873151258952,0.38964967800960393,0.09753763711629126,0.004008096134251367,False,59.99319489027808,59.994776240288815,0.0016118661016124025,0.0010072933729861622
rich6d,60,8,6.951927961775591e-12,50,0.4871518974556776,0.3896302286984396,0.09752166875723794,0.004007311013419132,False,59.99132889722101,59.9933437513952,0.0016118661016124025,0.0010072933729861622
rich6d,60,9,8.858667904100833e-12,50,0.48710677513453277,0.3896054484279926,0.09750132670654019,0.004006310931293641,False,59.98895140718185,59.991518527349015,0.0016118661016124025,0.0010072933729861622
rich6d,60,10,1.1288378916846884e-11,50,0.48704929235792266,0.38957387723136905,0.0974754151265535,0.004005037164606884,False,59.98592231523331,59.989192950925464,0.0016118661016124025,0.0010072933729861622
rich6d,60,11,1.4384498882876659e-11,50,0.4869760685983357,0.3895336560687006,0.09744241252963509,0.004003415030129356,False,59.98206320498925,59.98622995063958,0.0016118661016124025,0.0010072933729861622
rich6d,60,12,1.8329807108324375e-11,50,0.4868828021314194,0.3894824182176865,0.09740038391373292,0.00400134959809916,False,59.9771469128226,59.98245496108036,0.0016118661016124025,0.0010072933729861622
rich6d,60,13,2.3357214690901212e-11,50,0.4867640211012484,0.3894171514013546,0.0973468696998938,0.003998720286258052,False,59.97088427461721,59.977645702371746,0.0016118661016124025,0.0010072933729861622
rich6d,60,14,2.976351441631313e-11,50,0.48661276861820696,0.3893340229532189,0.09727874566498805,0.003995374061964978,False,59.96290731007089,59.97151919563746,0.0016118661016124025,0.0010072933729861622
rich6d,60,15,3.7926901907322536e-11,50,0.4864202052201285,0.3892281584095542,0.09719204681057429,0.003991116926435439,False,59.95274791237977,59.96371528072232,0.0016118661016124025,0.0010072933729861622
rich6d,60,16,4.832930238571752e-11,50,0.4861751083266988,0.38909336160761754,0.0970817467190812,0.003985703299311278,False,59.93981088310619,59.95377571622193,0.0016118661016124025,0.0010072933729861622
rich6d,60,17,6.158482110660255e-11,50,0.485863244125559,0.38892176162188524,0.09694148250367375,0.003978822870844989,False,59.92333987830407,59.94111771384157,0.0016118661016124025,0.0010072933729861622
rich6d,60,18,7.847599703514623e-11,50,0.4854665828213889,0.38870336868772354,0.09676321413366519,0.003970084455280567,False,59.902374510096834,59.92500048337557,0.0016118661016124025,0.0010072933729861622
rich6d,60,19,1e-10,50,0.48496232374966264,0.38842551771082695,0.09653680603883559,0.0039589963847128885,False,59.87569648060343,59.904483037027674,0.0016118661016124025,0.0010072933729861622
rich6d,60,20,1.274274985703132e-10,50,0.48432169326645363,0.3880721742367062,0.09624951902974739,0.003944943064318262,False,59.841762224908635,59.878371122342394,0.0016118661016124025,0.0010072933729861622
rich6d,60,21,1.6237767391887175e-10,50,0.4835084769283642,0.3876230742680604,0.09588540266030382,0.003927157525642377,False,59.79861913641005,59.845150729793474,0.0016118661016124025,0.0010072933729861622
rich6d,60,22,2.0691380811147902e-10,50,0.4824772505352991,0.38705266683852857,0.09542458369677066,0.0039046902532806063,False,59.743802099787466,59.80290517695818,0.0016118661016124025,0.0010072933729861622
rich6d,60,23,2.6366508987303556e-10,50,0.4811712857347392,0.3863288281163571,0.0948424576183821,0.0038763753502578627,False,59.67420686829071,59.74921235430495,0.0016118661016124025,0.0010072933729861622
rich6d,60,24,3.3598182862837877e-10,50,0.47952013056469495,0.3854113202225891,0.09410881034210593,0.003840796423151909,False,59.58593696727851,59.681018417228316,0.0016118661016124025,0.0010072933729861622
rich6d,60,25,4.281332398719396e-10,50,0.47743691143387906,0.38424998036530433,0.09318693106857472,0.0037962566224501483,False,59.474121560903384,59.594484178786395,0.0016118661016124025,0.0010072933729861622
rich6d,60,26,5.455594781168515e-10,50,0.4748154811524757,0.3827826514891929,0.09203282966328276,0.003740760281496468,False,59.3327034978241,59.4848009476933,0.0016118661016124025,0.0010072933729861622
rich6d,60,27,6.951927961775591e-10,50,0.4715276603549007,0.38093291171695304,0.09059474863794766,0.003672017675461847,False,59.15420013973977,59.34597395294141,0.0016118661016124025,0.0010072933729861622
rich6d,60,28,8.858667904100832e-10,50,0.46742099917625274,0.37860773590748553,0.08881326326876732,0.0035874893860298428,False,58.92944533392922,59.17057436528984,0.0016118661016124025,0.0010072933729861622
rich6d,60,29,1.1288378916846883e-09,50,0.46231772799333776,0.3756953394904272,0.08662238850291053,0.0034844917713708103,False,58.64732988694858,58.949466039203955,0.0016118661016124025,0.0010072933729861622
rich6d,60,30,1.4384498882876659e-09,50,0.4560158578051881,0.3720636216364138,0.08395223616877417,0.0033603881249201248,False,58.294570894268844,58.67152141368508,0.0016118661016124025,0.0010072933729861622
rich6d,60,31,1.8329807108324374e-09,50,0.44829368302261985,0.36755984311809864,0.08073383990452129,0.0032128876591840916,False,57.855557472640676,58.32335352700354,0.0016118661016124025,0.0010072933729861622
rich6d,60,32,2.335721469090121e-09,50,0.4389191232131207,0.3620124256397883,0.0769066975733323,0.0030404612430489585,False,57.312340644887826,57.88910849563124,0.0016118661016124025,0.0010072933729861622
rich6d,60,33,2.9763514416313133e-09,50,0.4276652320214967,0.355235988773648,0.0724292432478486,0.002842853312663009,False,56.64485465905744,57.350384715103864,0.0016118661016124025,0.0010072933729861622
rich6d,60,34,3.792690190732238e-09,50,0.41433255978884437,0.3470408367588824,0.06729172302996207,0.0026216213525201717,False,55.83146860724397,56.68636889700345,0.0016118661016124025,0.0010072933729861622
rich6d,60,35,4.832930238571752e-09,50,0.3987776682631848,0.337247895344992,0.06152977291819269,0.002380574965042607,False,54.849959774862384,55.87429866210053,0.0016118661016124025,0.0010072933729861622
rich6d,60,36,6.158482110660254e-09,50,0.38094495266655093,0.3257093687898401,0.05523558387671096,0.0021259381833319204,False,53.678960970585784,54.890365852809964,0.0016118661016124025,0.0010072933729861622
rich6d,60,37,7.847599703514623e-09,50,0.3608964464889567,0.3123339911230197,0.04856245536593702,0.0018660580617913631,False,52.29985450759224,53.71114906770834,0.0016118661016124025,0.0010072933729861622
rich6d,60,38,1e-08,50,0.3388324217315771,0.2971137702727892,0.04171865145878786,0.0016105657599580763,False,50.6989697415366,52.31559353416713,0.0016118661016124025,0.0010072933729861622
rich6d,60,39,1.274274985703132e-08,50,0.31509560500749895,0.28014707207894096,0.034948532928557936,0.0013690693339598044,False,48.869813810439275,50.6874361003709,0.0016118661016124025,0.0010072933729861622
rich6d,60,40,1.623776739188721e-08,50,0.2901545802094483,0.2616517079628356,0.028502872246612732,0.0011496682533155402,False,46.81497054600075,48.81781858409702,0.0016118661016124025,0.0010072933729861622
rich6d,60,41,2.0691380811147902e-08,50,0.2645671131078943,0.24196243043757817,0.022604682670316154,0.0009577202459304364,False,44.547288449456616,46.707687240179645,0.0016118661016124025,0.0010072933729861622
rich6d,60,42,2.6366508987303555e-08,50,0.23892990407059023,0.22151038885917587,0.01741951521141436,0.0007952514519504579,False,42.09007125682163,44.36950200236815,0.0016118661016124025,0.0010072933729861622
rich6d,60,43,3.3598182862837814e-08,50,0.21382513434500539,0.20078693109559306,0.013038203249412319,0.0006611612415207074,False,39.47616762182211,41.827830298727186,0.0016118661016124025,0.0010072933729861622
rich6d,60,44,4.281332398719396e-08,50,0.1897743853830182,0.18029876668978329,0.009475618693234895,0.0005520601545052324,False,36.74607282476757,39.11858750240371,0.0016118661016124025,0.0010072933729861622
rich6d,60,45,5.4555947811685146e-08,50,0.16720724408360144,0.1605238534776245,0.00668339060597694,0.0004633875600857703,True,33.94533399954019,36.2869601120797,0.0016118661016124025,0.0010072933729861622
rich6d,60,46,6.951927961775605e-08,50,0.14644704389753252,0.14187647576186113,0.0045705681356713376,0.00039046466876702617,True,31.12164024660821,33.38431707348513,0.0016118661016124025,0.0010072933729861622
rich6d,60,47,8.858667904100815e-08,50,0.12771203490899738,0.12468660976915555,0.0030254251398418286,0.0003292602214683914,True,28.32196979917815,30.464591003345223,0.0016118661016124025,0.0010072933729861622
rich6d,60,48,1.1288378916846883e-07,50,0.11112818045280774,0.10919466614846471,0.0019335143043430246,0.0002767794653694193,True,25.590084747676993,27.580651760420213,0.0016118661016124025,0.0010072933729861622
rich6d,60,49,1.438449888287663e-07,50,0.09674966042619984,0.09555969650982156,0.0011899639163782693,0.00023110764692472945,True,22.964553033286393,24.781114880648964,0.0016118661016124025,0.0010072933729861622
rich6d,60,50,1.8329807108324338e-07,50,0.08458399247586251,0.08387770322412641,0.0007062892517361185,0.00019122388904501488,True,20.477375082533957,22.107879273078755,0.0016118661016124025,0.0010072933729861622
rich6d,60,51,2.3357214690901212e-07,50,0.0746193858838229,0.07420635374988292,0.0004130321339399701,0.0001567158496489654,True,18.153216980640515,19.59452856249421,0.0016118661016124025,0.0010072933729861622
rich6d,60,52,2.976351441631313e-07,50,0.06685203588030472,0.06659244407698213,0.00025959180332258525,0.00012748670639487245,True,16.0092022855972,17.26559487812474,0.0016118661016124025,0.0010072933729861622
rich6d,60,53,3.792690190732246e-07,50,0.061310698204493495,0.06109846066498453,0.00021223753950895928,0.00010350131008993692,True,14.055179943020816,15.136585165980456,0.0016118661016124025,0.0010072933729861622
rich6d,60,54,4.832930238571752e-07,50,0.05807540351066184,0.05782448539503214,0.00025091811562970355,8.459252202370979e-05,True,12.294359763457228,13.214607832227506,0.0016118661016124025,0.0010072933729861622
rich6d,60,55,6.158482110660254e-07,50,0.05728669290834176,0.056921452444571724,0.0003652404637700335,7.03471053720594e-05,True,10.724193393902489,11.499410457299021,0.0016118661016124025,0.0010072933729861622
rich6d,60,56,7.847599703514607e-07,50,0.05914123664134424,0.05859136659347456,0.0005498700478696805,6.010713156626712e-05,True,9.3373856041757,9.984647116671585,0.0016118661016124025,0.0010072933729861622
rich6d,60,57,1e-06,50,0.06386956523020934,0.0630699319911108,0.0007996332390985495,5.3102131122264706e-05,True,8.12294748906439,8.659229687965782,0.0016118661016124025,0.0010072933729861622
rich6d,60,58,1.2742749857031322e-06,50,0.07169326964552393,0.07058841531551,0.001104854330013927,4.861458580706811e-05,True,7.067235853071339,7.508663763847534,0.0016118661016124025,0.0010072933729861622
rich6d,60,59,1.6237767391887209e-06,50,0.08276407205824123,0.08131617583872751,0.001447896219513709,4.601957156084459e-05,True,6.154943808433021,6.516305782787241,0.0016118661016124025,0.0010072933729861622
rich6d,60,60,2.06913808111479e-06,50,0.09709562404799087,0.095293449642225,0.0018021744057658796,4.4721159164732454e-05,True,5.37001019350442,5.6644943808174455,0.0016118661016124025,0.0010072933729861622
rich6d,60,61,2.6366508987303555e-06,50,0.11450731852903896,0.11237272707147117,0.002134591457567785,4.418564087396122e-05,True,4.696409885360527,4.935513488392967,0.0016118661016124025,0.0010072933729861622
rich6d,60,62,3.359818286283781e-06,50,0.1346017281832669,0.13219055182040124,0.0024111763628656678,4.407741283993056e-05,True,4.11878929090552,4.312352827611923,0.0016118661016124025,0.0010072933729861622
rich6d,60,63,4.281332398719387e-06,50,0.156788966556486,0.15418479511976943,0.0026041714367165624,4.4250416518797146e-05,True,3.622927916651043,3.779251268475031,0.0016118661016124025,0.0010072933729861622
rich6d,60,64,5.455594781168514e-06,50,0.18035411692767894,0.17765623284756857,0.0026978840801104354,4.452297191796966e-05,True,3.196030537919252,3.3220342371173177,0.0016118661016124025,0.0010072933729861622
rich6d,60,65,6.951927961775606e-06,50,0.20454663862447098,0.20185556544700067,0.0026910731774703223,4.451370857604452e-05,True,2.826872062125996,2.928275590170364,0.0016118661016124025,0.0010072933729861622
rich6d,60,66,8.858667904100815e-06,50,0.2286634757368684,0.2260681950645969,0.0025952806722714917,4.3762444824776594e-05,True,2.5058222041613893,2.587320110163684,0.0016118661016124025,0.0010072933729861622
rich6d,60,67,1.1288378916846883e-05,50,0.2521044130032905,0.24967410727606418,0.002430305727226396,4.1987898164811456e-05,True,2.2247741536315444,2.290199060566527,0.0016118661016124025,0.0010072933729861622
rich6d,60,68,1.43844988828766e-05,50,0.2743939205457256,0.27217501273071076,0.002218907815014919,3.922031215558367e-05,True,1.9770002042007175,2.029467930780731,0.0016118661016124025,0.0010072933729861622
rich6d,60,69,1.8329807108324338e-05,50,0.29517829081875874,0.29319576132745645,0.0019825294913022717,3.574055721990964e-05,True,1.7569628206053267,1.7989984867015656,0.0016118661016124025,0.0010072933729861622
rich6d,60,70,2.3357214690901213e-05,50,0.31421272051702437,0.3124738762679533,0.0017388442490710609,3.19210034805141e-05,True,1.5601175248015287,1.5937631675812451,0.0016118661016124025,0.0010072933729861622
rich6d,60,71,2.976351441631313e-05,50,0.33134941438884913,0.3298484271770919,0.0015009872117572765,2.808279792593108e-05,True,1.3827447109134878,1.4096495754878986,0.0016118661016124025,0.0010072933729861622
rich6d,60,72,3.792690190732246e-05,50,0.3465298010335841,0.3452519506699007,0.0012778503636834127,2.4429173890202282e-05,True,1.2218347052356449,1.243329740623092,0.0016118661016124025,0.0010072933729861622
rich6d,60,73,4.8329302385717524e-05,50,0.3597776378352232,0.3587028152980608,0.0010748225371624343,2.105275712422315e-05,True,1.0750266557888906,1.0921851185275662,0.0016118661016124025,0.0010072933729861622
rich6d,60,74,6.158482110660255e-05,50,0.3711882501251476,0.3702936626320016,0.0008945874931460108,1.797918570324289e-05,True,0.9405775148165172,0.9542638762832305,0.0016118661016124025,0.0010072933729861622
rich6d,60,75,7.847599703514606e-05,50,0.38091166115828307,0.3801738336513612,0.0007378275069219752,1.5208577216686116e-05,True,0.817324254054735,0.8282336638344177,0.0016118661016124025,0.0010072933729861622
rich6d,60,76,0.0001,50,0.3891311525823914,0.3885273414096557,0.000603811172735631,1.2737244866921041e-05,True,0.7046070058725219,0.7132973364194395,0.0016118661016124025,0.0010072933729861622
rich6d,60,77,0.0001274274985703132,50,0.3960413360847401,0.3955504542025025,0.0004908818822375994,1.0562000280531467e-05,True,0.6021408155290501,0.609058895734275,0.0016118661016124025,0.0010072933729861622
rich6d,60,78,0.00016237767391887175,50,0.4018300634127598,0.4014332056834896,0.0003968577292702902,8.676741685285098e-06,True,0.5098493353215219,0.5153525268062161,0.0016118661016124025,0.0010072933729861622
rich6d,60,79,0.00020691380811147902,50,0.4066668451689288,0.4063475018000889,0.00031934336883982173,7.068824880798203e-06,True,0.4276927864330923,0.43206669398886866,0.0016118661016124025,0.0010072933729861622
rich6d,60,80,0.00026366508987303556,50,0.41069806943412346,0.41044211562535193,0.00025595380877139416,5.718116893728527e-06,True,0.3555265230767848,0.3589994127534057,0.0016118661016124025,0.0010072933729861622
rich6d,60,81,0.0003359818286283774,50,0.4140474073176981,0.4138429502091444,0.0002044571085536595,4.598540992028801e-06,True,0.2930154248072983,0.295769829762169,0.0016118661016124025,0.0010072933729861622
rich6d,60,82,0.00042813323987193956,50,0.41681901220107853,0.4166561615184643,0.00016285068261417734,3.6808216961742596e-06,True,0.23961036819180032,0.2417923350117618,0.0016118661016124025,0.0010072933729861622
rich6d,60,83,0.0005455594781168515,50,0.41910140516823774,0.41897201546029755,0.0001293897079402262,2.9352360612743266e-06,True,0.1945756997055821,0.19630211012417198,0.0016118661016124025,0.0010072933729861622
rich6d,60,84,0.0006951927961775591,50,0.42097078041405156,0.42086819518363017,0.00010258523042146806,2.3336958322912107e-06,True,0.15704725829541655,0.1584116233042829,0.0016118661016124025,0.0010072933729861622
rich6d,60,85,0.0008858667904100832,50,0.42249331161224596,0.4224121259105288,8.118570171717466e-05,1.8509803948028604e-06,True,0.12609999474336978,0.12717705808566385,0.0016118661016124025,0.0010072933729861622
rich6d,60,86,0.0011288378916846883,50,0.4237265834407129,0.42366243232411627,6.41511165966624e-05,1.4652441948671711e-06,True,0.10080959408158703,0.10165901285385268,0.0016118661016124025,0.0010072933729861622
rich6d,60,87,0.00143844988828766,50,0.4247204749860839,0.4246698498514909,5.062513459291429e-05,1.158031658684851e-06,True,0.08029970936672225,0.08096901480792472,0.0016118661016124025,0.0010072933729861622
rich6d,60,88,0.0018329807108324375,50,0.42551779918198734,0.4254778911612514,3.9908020735843765e-05,9.140179794552409e-07,True,0.06377256471897556,0.06429955411307031,0.0016118661016124025,0.0010072933729861622
rich6d,60,89,0.002335721469090121,50,0.4261548912389103,0.42612345948570074,3.1431753209687496e-05,7.206312549465864e-07,True,0.05052460158117143,0.050939274027921914,0.0016118661016124025,0.0010072933729861622
rich6d,60,90,0.002976351441631313,50,0.4266622289505396,0.42663749109799964,2.4737852539928885e-05,5.676483195155919e-07,True,0.03995061372792262,0.04027673604957918,0.0016118661016124025,0.0010072933729861622
rich6d,60,91,0.003792690190732238,50,0.42706509459415753,0.4270456365181914,1.9458075966207743e-05,4.468113248028474e-07,True,0.03154009518433962,0.03179646601989797,0.0016118661016124025,0.0010072933729861622
rich6d,60,92,0.004832930238571752,50,0.4273842533884746,0.4273689554863914,1.52979020831312e-05,3.5148513708128347e-07,True,0.02486900937314969,0.025070476576711697,0.0016118661016124025,0.0010072933729861622
rich6d,60,93,0.006158482110660254,50,0.4276366152189601,0.4276245926088429,1.2022610117299326e-05,2.7636141801060054e-07,True,0.019589391713843805,0.019747668446657273,0.0016118661016124025,0.0010072933729861622
rich6d,60,94,0.00784759970351459,50,0.42783585175441224,0.42782640606090117,9.44569351106761e-06,2.1720844391009628e-07,True,0.0154184171491208,0.015542734302543921,0.0016118661016124025,0.0010072933729861622
rich6d,60,95,0.01,50,0.42799295110546764,0.42798553178582355,7.419319644232925e-06,1.7066273624309871e-07,True,0.012127927508372794,0.012225553659194324,0.0016118661016124025,0.0010072933729861622
rich6d,60,96,8.653999266728811e-06,50,0.22635846468677898,0.2237505776320078,0.0026078870547711695,4.387727050065454e-05,True,2.534923261505916,2.618161312340384,0.0016118661016124025,0.0010072933729861622
rich6d,90,0,1e-12,50,0.5881303838598586,0.4440915495591364,0.1440388343007222,0.005006488041601336,False,89.99612351358195,89.99723037593706,0.0016118661016124025,0.0010072933729861622
rich6d,90,1,1.2742749857031321e-12,50,0.588112000361948,0.4440830396393516,0.14402896072259647,0.005006100825550276,False,89.99506040295648,89.99647078842861,0.0016118661016124025,0.0010072933729861622
rich6d,90,2,1.6237767391887243e-12,50,0.5880885768518022,0.44407219624987526,0.14401638060192673,0.00500560747563466,False,89.9937057779238,89.9955028969335,0.0016118661016124025,0.0010072933729861622
rich6d,90,3,2.06913808111479e-12,50,0.5880587323028552,0.4440583797453187,0.14400035255753646,0.005004978925505085,False,89.99197972717758,89.99426958875273,0.0016118661016124025,0.0010072933729861622
rich6d,90,4,2.6366508987303555e-12,50,0.5880207077319474,0.4440407752703509,0.1439799324615964,0.005004178163767508,False,89.98978044904855,89.99269809899532,0.0016118661016124025,0.0010072933729861622
rich6d,90,5,3.359818286283788e-12,50,0.5879722630488778,0.4440183448466054,0.1439539182022725,0.005003158071735398,False,89.9869782645452,89.99069572530009,0.0016118661016124025,0.0010072933729861622
rich6d,90,6,4.281332398719396e-12,50,0.5879105459341969,0.44398976640710175,0.1439207795270951,0.0050018586786487705,False,89.98340799892176,89.98814437202728,0.0016118661016124025,0.0010072933729861622
rich6d,90,7,5.455594781168514e-12,50,0.5878319252714623,0.443953356253392,0.14387856901807014,0.005000203681086717,False,89.97885929089634,89.98489360587217,0.0016118661016124025,0.0010072933729861622
rich6d,90,8,6.951927961775591e-12,50,0.5877317797346557,0.44390697047849703,0.14382480925615848,0.00499809603532468,False,89.97306427181485,89.9807518194848,0.0016118661016124025,0.0010072933729861622
rich6d,90,9,8.858667904100833e-12,50,0.5876042297510703,0.4438478797316413,0.143756350019429,0.004995412385425132,False,89.9656819107244,89.97547499205672,0.0016118661016124025,0.0010072933729861622
rich6d,90,10,1.1288378916846884e-11,50,0.5874417981516605,0.44377261024855963,0.1436691879031009,0.004991996035291439,False,89.95627813894279,89.96875240056801,0.0016118661016124025,0.0010072933729861622
rich6d,90,11,1.4384498882876659e-11,50,0.5872349813103539,0.4436767422758548,0.14355823903449902,0.004987648109802395,False,89.94430064192393,89.96018846605392,0.0016118661016124025,0.0010072933729861622
rich6d,90,12,1.8329807108324375e-11,50,0.5869717084164161,0.4435546548198406,0.1434170535965756,0.004982116479873906,False,89.92904692913831,89.94927970836606,0.0016118661016124025,0.0010072933729861622
rich6d,90,13,2.3357214690901212e-11,50,0.586636661732328,0.44339920299373925,0.14323745873858873,0.004975081953074649,False,89.9096239567074,89.93538552208865,0.0016118661016124025,0.0010072933729861622
rich6d,90,14,2.976351441631313e-11,50,0.5862104253867164,0.44320131108321376,0.14300911430350266,0.004966141163827412,False,89.88489717677334,89.91769116663943,0.0016118661016124025,0.0010072933729861622
rich6d,90,15,3.7926901907322536e-11,50,0.5856684247682754,0.4429494608009747,0.14271896396730074,0.004954785551345757,False,89.85342642060678,89.89516097674564,0.0016118661016124025,0.0010072933729861622
rich6d,90,16,4.832930238571752e-11,50,0.5849796135992436,0.4426290501418863,0.1423505634573573,0.004940375817839733,False,89.81338549677112,89.86647933929964,0.0016118661016124025,0.0010072933729861622
rich6d,90,17,6.158482110660255e-11,50,0.5841048625240627,0.44222159400988503,0.14188326851417757,0.004922111361091026,False,89.76246182527129,89.82997644848984,0.0016118661016124025,0.0010072933729861622
rich6d,90,18,7.847599703514623e-11,50,0.5829950037023985,0.44170373385581785,0.1412912698465808,0.004898994449828485,False,89.69773188584915,89.78353525354044,0.0016118661016124025,0.0010072933729861622
rich6d,90,19,1e-10,50,0.5815884939550465,0.44104602084387134,0.14054247311117515,0.0048697894723702005,False,89.61550783219329,89.72447538301017,0.0016118661016124025,0.0010072933729861622
rich6d,90,20,1.274274985703132e-10,50,0.5798086799557007,0.44021143712276917,0.13959724283293157,0.004832978607011783,False,89.51115048535486,89.64940923149483,0.0016118661016124025,0.0010072933729861622
rich6d,90,21,1.6237767391887175e-10,50,0.5775606909064733,0.4391536251929729,0.1384070657135004,0.004786716965568003,False,89.37884434958828,89.5540649501977,0.0016118661016124025,0.0010072933729861622
rich6d,90,22,2.0691380811147902e-10,50,0.574728058402158,0.43781481017268126,0.13691324822947692,0.004728792933879677,False,89.21133172688613,89.43307100182189,0.0016118661016124025,0.0010072933729861622
rich6d,90,23,2.6366508987303556e-10,50,0.5711692842344035,0.436123430004003,0.13504585423040047,0.004656603368396212,False,88.99960607939596,89.27969756416917,0.0016118661016124025,0.0010072933729861622
rich6d,90,24,3.3598182862837877e-10,50,0.5667147606501707,0.4339915427876898,0.1327232178624809,0.004567158686165015,False,88.73257037205519,89.08555192401904,0.0016118661016124025,0.0010072933729861622
rich6d,90,25,4.281332398719396e-10,50,0.5611647065045082,0.4313121694680111,0.12985253703649705,0.004457139511694079,False,88.39667529947374,88.84022886636166,0.0016118661016124025,0.0010072933729861622
rich6d,90,26,5.455594781168515e-10,50,0.5542891150697177,0.42795686641198905,0.12633224865772863,0.0043230333908147985,False,87.97556618977896,88.53092399009446,0.0016118661016124025,0.0010072933729861622
rich6d,90,27,6.951927961775591e-10,50,0.545831080110445,0.4237740164159267,0.12205706369451833,0.004161384624564503,False,87.4497867577667,88.14202917800483,0.0016118661016124025,0.0010072933729861622
rich6d,90,28,8.858667904100832e-10,50,0.5355151811549693,0.4185885790164696,0.11692660213849965,0.003969187801295184,False,86.79661238455785,87.65474648296147,0.0016118661016124025,0.0010072933729861622
rich6d,90,29,1.1288378916846883e-09,50,0.5230626838348171,0.4122043288450351,0.11085835498978203,0.0037444390476856436,False,85.99011249166722,87.04678039013115,0.0016118661016124025,0.0010072933729861622
rich6d,90,30,1.4384498882876659e-09,50,0.5082148706624606,0.4044098673209218,0.10380500334153883,0.0034868204564585336,False,85.00156424527938,86.29219828669174,0.0016118661016124025,0.0010072933729861622
rich6d,90,31,1.8329807108324374e-09,50,0.49076455085777326,0.394989785260944,0.09577476559682928,0.0031984283779622658,False,83.80034676573231,85.36158155706035,0.0016118661016124025,0.0010072933729861622
rich6d,90,32,2.335721469090121e-09,50,0.47059352787160086,0.38374207487751094,0.08685145299408997,0.0028843730020018396,False,82.35542073472206,84.22261667728013,0.0016118661016124025,0.0010072933729861622
rich6d,90,33,2.9763514416313133e-09,50,0.4477107651212973,0.37050199490814145,0.07720877021315592,0.0025530036103111977,False,80.63742801191826,82.84128238377752,0.0016118661016124025,0.0010072933729861622
rich6d,90,34,3.792690190732238e-09,50,0.4222830901044319,0.3551709201139648,0.06711216999046718,0.0022155026912988613,False,78.62132478806356,81.18375555088964,0.0016118661016124025,0.0010072933729861622
rich6d,90,35,4.832930238571752e-09,50,0.3946490436767159,0.33774638502809323,0.05690265864862266,0.0018847011793925947,False,76.28930610544118,79.21906557836232,0.0016118661016124025,0.0010072933729861622
rich6d,90,36,6.158482110660254e-09,50,0.36530843013573583,0.3183471959134553,0.04696123422228057,0.0015732220003544335,False,73.6336316359882,76.92236831306566,0.0016118661016124025,0.0010072933729861622
rich6d,90,37,7.847599703514623e-09,50,0.3348856365388703,0.2972262820314003,0.037659354507470114,0.0012914009032723005,False,70.6588812195596,74.27850692826294,0.0016118661016124025,0.0010072933729861622
rich6d,90,38,1e-08,50,0.304072269248245,0.2747651146938967,0.029307154554348302,0.0010456883349373141,False,67.38320269583038,71.28533547887652,0.0016118661016124025,0.0010072933729861622
rich6d,90,39,1.274274985703132e-08,50,0.2735609329262149,0.2514474990008129,0.022113433925401934,0.0008381653309851644,False,63.838272832385385,67.95618139767161,0.0016118661016124025,0.0010072933729861622
rich6d,90,40,1.623776739188721e-08,50,0.2439841039879539,0.22781629891122074,0.01616780507673316,0.0006672994547453098,False,60.067931408417955,64.32088422472941,0.0016118661016124025,0.0010072933729861622
rich6d,90,41,2.0691380811147902e-08,50,0.21586922858441843,0.20442182224478309,0.011447406339635395,0.0005293901325425579,False,56.125691820442874,60.4250822240848,0.0016118661016124025,0.0010072933729861622
rich6d,90,42,2.6366508987303555e-08,50,0.1896151942325325,0.1817727646439205,0.007842429588611994,0.00041987338148351543,True,52.07150618175482,56.32776403054011,0.0016118661016124025,0.0010072933729861622
rich6d,90,43,3.3598182862837814e-08,50,0.16548917911120412,0.1602989112972927,0.0051902678139114315,0.00033403970389725836,True,47.968231668975335,52.09744599346323,0.0016118661016124025,0.0010072933729861622
rich6d,90,44,4.281332398719396e-08,50,0.1436388563301751,0.14033038696209033,0.0033084693680847364,0.000267321885262801,True,43.878213214657514,47.807568777104564,0.0016118661016124025,0.0010072933729861622
rich6d,90,45,5.4555947811685146e-08,50,0.12411363705717311,0.12209339959722973,0.002020237459943399,0.0002155059633835914,True,39.86029850180094,43.53177389341286,0.0016118661016124025,0.0010072933729861622
rich6d,90,46,6.951927961775605e-08,50,0.1068893808475993,0.10571902663600179,0.0011703542115975264,0.0001749727365007909,True,35.96747427300463,39.339634188523576,0.0016118661016124025,0.0010072933729861622
rich6d,90,47,8.858667904100815e-08,50,0.09189271419563387,0.09126031198659712,0.0006324022090367554,0.00014285280406847153,True,32.24519112256123,35.29322996862604,0.0016118661016124025,0.0010072933729861622
rich6d,90,48,1.1288378916846883e-07,50,0.07902299121850077,0.07871339378051184,0.00030959743798892437,0.00011702504257600246,True,28.73034935465712,31.444754847136974,0.0016118661016124025,0.0010072933729861622
rich6d,90,49,1.438449888287663e-07,50,0.06817157789201025,0.06803975619843307,0.00013182169357718544,9.601289706216155e-05,True,25.45086286111331,27.835158855769834,0.0016118661016124025,0.0010072933729861622
rich6d,90,50,1.8329807108324338e-07,50,0.05923925636278607,0.05918820056669942,5.1055796086660885e-05,7.884698331024854e-05,True,22.425701725441012,24.493720363239927,0.0016118661016124025,0.0010072933729861622
rich6d,90,51,2.3357214690901212e-07,50,0.05215286709428181,0.052116151452136036,3.6715642145763724e-05,6.492389213899693e-05,True,19.665325018680104,21.438383839073037,0.0016118661016124025,0.0010072933729861622
rich6d,90,52,2.976351441631313e-07,50,0.04688173027885572,0.04681011200520938,7.16182736463411e-05,5.388175272970442e-05,True,17.17243117290738,18.676687195815077,0.0016118661016124025,0.0010072933729861622
rich6d,90,53,3.792690190732246e-07,50,0.0434531130999955,0.04330445870899121,0.0001486543910042748,4.5508306673325744e-05,True,14.942955017800811,16.20710418331929,0.0016118661016124025,0.0010072933729861622
rich6d,90,54,4.832930238571752e-07,50,0.04196442530700516,0.04169657695131018,0.00026784835569498844,3.966388913415251e-05,True,12.967225432594779,14.020629679546992,0.0016118661016124025,0.0010072933729861622
rich6d,90,55,6.158482110660254e-07,50,0.0425882422921468,0.042154880435675564,0.00043336185647123714,3.6173937246181016e-05,True,11.231182582548502,12.102443533855062,0.0016118661016124025,0.0010072933729861622
rich6d,90,56,7.847599703514607e-07,50,0.045564916612955,0.04491482741686441,0.0006500891960906019,3.469357987725925e-05,True,9.717560161295381,10.433515342739154,0.0016118661016124025,0.0010072933729861622
rich6d,90,57,1e-06,50,0.051177113561001054,0.050257333989139,0.000919779571862065,3.464521756141619e-05,True,8.406970363056114,8.992060669094109,0.0016118661016124025,0.0010072933729861622
rich6d,90,58,1.2742749857031322e-06,50,0.05970257924542958,0.05846545673541043,0.0012371225100191484,3.530335077929139e-05,True,7.278869311618694,7.754811990551705,0.0016118661016124025,0.0010072933729861622
rich6d,90,59,1.6237767391887209e-06,50,0.07134742434330875,0.06976057251461641,0.0015868518286923261,3.596723882299843e-05,True,6.3124041910443305,6.698101891654983,0.0016118661016124025,0.0010072933729861622
rich6d,90,60,2.06913808111479e-06,50,0.08617188584851862,0.08422858450987171,0.0019433013386469145,3.6146764384299206e-05,True,5.487142089761193,5.798762759184357,0.0016118661016124025,0.0010072933729861622
rich6d,90,61,2.6366508987303555e-06,50,0.10402988344437392,0.10175640908140164,0.0022734743629722652,3.5720812005923306e-05,True,4.783667652254024,5.034838638315033,0.0016118661016124025,0.0010072933729861622
rich6d,90,62,3.359818286283781e-06,50,0.12454590029823194,0.12200252411175803,0.0025433761864738936,3.496925415769822e-05,True,4.184031751732864,4.386101129712899,0.0016118661016124025,0.0010072933729861622
rich6d,90,63,4.281332398719387e-06,50,0.1471429142140971,0.144417251188352,0.002725663025745084,3.435043606522571e-05,True,3.6720445661821044,3.8343720011811815,0.0016118661016124025,0.0010072933729861622
rich6d,90,64,5.455594781168514e-06,50,0.1711157509032779,0.1683100394071579,0.0028057114961199292,3.4090568879131824e-05,True,3.233425252117233,3.3636737122251485,0.0016118661016124025,0.0010072933729861622
rich6d,90,65,6.951927961775606e-06,50,0.19572555845688008,0.19294174044779214,0.002783818009087946,3.395959023968811e-05,True,2.855832761781745,2.9602414763263596,0.0016118661016124025,0.0010072933729861622
rich6d,90,66,8.858667904100815e-06,50,0.22028440761709514,0.2176113107962086,0.0026730968208865556,3.347985390252131e-05,True,2.5288022404407613,2.6124300252027393,0.0016118661016124025,0.0010072933729861622
rich6d,90,67,1.1288378916846883e-05,50,0.2442080135496699,0.24171347267817686,0.002494540871493045,3.2296762716170905e-05,True,2.2436051138566437,2.31054041074854,0.0016118661016124025,0.0010072933729861622
rich6d,90,68,1.43844988828766e-05,50,0.2670326264619567,0.26476109862501823,0.002271527836938474,3.035569023562948e-05,True,1.993049372860906,2.0465880847767024,0.0016118661016124025,0.0010072933729861622
rich6d,90,69,1.8329807108324338e-05,50,0.28840773389792695,0.2863821417396343,0.002025592158292724,2.784549086724571e-05,True,1.7712443949567471,1.814038747246132,0.0016118661016124025,0.0010072933729861622
rich6d,90,70,2.3357214690901213e-05,50,0.30808136507832823,0.3063071969727739,0.0017741681055542834,2.5046160193308888e-05,True,1.5733659215128188,1.6075479472439849,0.0016118661016124025,0.0010072933729861622
rich6d,90,71,2.976351441631313e-05,50,0.325889538794703,0.3243595077417739,0.001530031052929044,2.2200534316915116e-05,True,1.395459950250406,1.422742858399559,0.0016118661016124025,0.0010072933729861622
rich6d,90,72,3.792690190732246e-05,50,0.3417519480570774,0.34045021235408673,0.0013017357029906495,1.9459392755826767e-05,True,1.234311781583869,1.2560721715850383,0.0016118661016124025,0.0010072933729861622
rich6d,90,73,4.8329302385717524e-05,50,0.3556691347977587,0.3545747197289866,0.0010944150687721033,1.6890956592583e-05,True,1.0873809514216035,1.1047247785293788,0.0016118661016124025,0.0010072933729861622
rich6d,90,74,6.158482110660255e-05,50,0.3677152073495788,0.3668046281363273,0.0009105792132515055,1.451771403564655e-05,True,0.9527756548749793,0.9665908581836221,0.0016118661016124025,0.0010072933729861622
rich6d,90,75,7.847599703514606e-05,50,0.37802330897954706,0.377272513667125,0.0007507953124220302,1.234774436100791e-05,True,0.8292246257246154,0.8402231842336174,0.0016118661016124025,0.0010072933729861622
rich6d,90,76,0.0001,50,0.3867653258924252,0.386151075160085,0.0006142507323402557,1.0388466179027782e-05,True,0.7160079824979284,0.7247597870673882,0.0016118661016124025,0.0010072933729861622
rich6d,90,77,0.0001274274985703132,50,0.39413010075492866,0.3936308762566332,0.0004992244982953852,8.64712388141698e-06,True,0.6128297809501029,0.6197901791244258,0.0016118661016124025,0.0010072933729861622
rich6d,90,78,0.00016237767391887175,50,0.40030474459068927,0.39990126637522416,0.0004034782154651517,7.126624310771113e-06,True,0.5196438775535791,0.5251762099054453,0.0016118661016124025,0.0010072933729861622
rich6d,90,79,0.00020691380811147902,50,0.40546200476234256,0.4051374404277673,0.0003245643345752236,5.822366902628762e-06,True,0.4364674668637937,0.44086149047669954,0.0016118661016124025,0.0010072933729861622
rich6d,90,80,0.00026366508987303556,50,0.4097542512847953,0.40949420213078674,0.0002600491540086347,4.721797902646901e-06,True,0.36322309648717926,0.3667099336428642,0.0016118661016124025,0.0010072933729861622
rich6d,90,81,0.0003359818286283774,50,0.4133126854733929,0.41310502962793977,0.0002076558454530253,3.8061475282435896e-06,True,0.29963892564701533,0.30240306002850903,0.0016118661016124025,0.0010072933729861622
rich6d,90,82,0.00042813323987193956,50,0.416249520995575,0.4160841796656236,0.00016534132995136064,3.0531194555288234e-06,True,0.2452161892828305,0.24740499373664948,0.0016118661016124025,0.0010072933729861622
rich6d,90,83,0.0005455594781168515,50,0.41866110331730266,0.41852977818005643,0.00013132513724626539,2.439481560474732e-06,True,0.1992531547523827,0.2009844114348102,0.0016118661016124025,0.0010072933729861622
rich6d,90,84,0.0006951927961775591,50,0.4206307180213018,0.4205266303066599,0.00010408771464194722,1.942987969855741e-06,True,0.1609038286025535,0.16227166032223958,0.0016118661016124025,0.0010072933729861622
rich6d,90,85,0.0008858667904100832,50,0.4222306425805686,0.42214829069130644,8.235188926213998e-05,1.5435086601557134e-06,True,0.12924860413531122,0.13032817146287942,0.0016118661016124025,0.0010072933729861622
rich6d,90,86,0.0011288378916846883,50,0.4235235119055078,0.42345845522454595,6.505668096186134e-05,1.2235076935415131e-06,True,0.10335965203107822,0.10421089724336151,0.0016118661016124025,0.0010072933729861622
rich6d,90,87,0.00143844988828766,50,0.42456326069988365,0.4245119317830928,5.132891679086038e-05,9.680935913983376e-07,True,0.08235164332832444,0.08302229387781555,0.0016118661016124025,0.0010072933729861622
rich6d,90,88,0.0018329807108324375,50,0.42539588867760764,0.4253554331096066,4.0455568001012135e-05,7.648376020098618e-07,True,0.06541510041783609,0.06594308954136191,0.0016118661016124025,0.0010072933729861622
rich6d,90,89,0.002335721469090121,50,0.42606019795405375,0.4260283397156637,3.1858238389941284e-05,6.034919876219874e-07,True,0.051833965349128326,0.05224938713509278,0.0016118661016124025,0.0010072933729861622
rich6d,90,90,0.002976351441631313,50,0.42658855815291685,0.4265634877353336,2.5070417583232806e-05,4.7568339322412953e-07,True,0.04099094044504409,0.041317628715749226,0.0016118661016124025,0.0010072933729861622
rich6d,90,91,0.003792690190732238,50,0.4270076951598897,0.42698797748435297,1.971767553672121e-05,3.746184792303595e-07,True,0.03236450041278718,0.03262130155624472,0.0016118661016124025,0.0010072933729861622
rich6d,90,92,0.004832930238571752,50,0.4273394739012425,0.42732397316722404,1.5500734018438767e-05,2.948177944901308e-07,True,0.02552095492172342,0.025722751190268584,0.0016118661016124025,0.0010072933729861622
rich6d,90,93,0.006158482110660254,50,0.42760164247915056,0.42758946126328623,1.2181215864450756e-05,2.3188317451411748e-07,True,0.020104111725983805,0.020262641330679634,0.0016118661016124025,0.0010072933729861622
rich6d,90,94,0.00784759970351459,50,0.4278085127624886,0.42779894296155674,9.569800931892302e-06,1.8229885521784034e-07,True,0.01582427161696128,0.015948783882923003,0.0016118661016124025,0.0010072933729861622
rich6d,90,95,0.01,50,0.42797156320588386,0.42796404671829913,7.516487584744436e-06,1.432641293812389e-07,True,0.012447616881805512,0.012545394084235727,0.0016118661016124025,0.0010072933729861622
rich6d,90,96,6.785191332362441e-06,50,0.19325226696541498,0.19046195581337483,0.0027903111520401302,3.398043442660376e-05,True,2.891215181138976,2.997966287350904,0.0016118661016124025,0.0010072933729861622
rich6d,120,0,1e-12,50,0.6894007872552905,0.5024605303965293,0.18694025685876114,0.00661961705107616,False,119.99092011387764,119.99394638565789,0.0016118661016124025,0.0010072933729861622
rich6d,120,1,1.2742749857031321e-12,50,0.6893595563321842,0.5024440210750383,0.18691553525714572,0.006618572033214252,False,119.98843022939563,119.99228622305549,0.0016118661016124025,0.0010072933729861622
rich6d,120,2,1.6237767391887243e-12,50,0.6893070262613403,0.502422985656196,0.18688404060514419,0.006617240797688496,False,119.9852577443839,119.99017083936151,0.0016118661016124025,0.0010072933729861622
rich6d,120,3,2.06913808111479e-12,50,0.6892401038668566,0.5023961839895464,0.18684391987731022,0.0066155450942312986,False,119.98121563340784,119.98747545363548,0.0016118661016124025,0.0010072933729861622
rich6d,120,4,2.6366508987303555e-12,50,0.6891548512652738,0.5023620365582653,0.18679281470700843,0.006613385367410457,False,119.97606569603342,119.98404110729034,0.0016118661016124025,0.0010072933729861622
rich6d,120,5,3.359818286283788e-12,50,0.6890462564689177,0.5023185318827932,0.18672772458612466,0.006610635010700295,False,119.96950459639967,119.97966531908601,0.0016118661016124025,0.0010072933729861622
rich6d,120,6,4.281332398719396e-12,50,0.688907942490503,0.5022631088283599,0.18664483366214316,0.006607133105080857,False,119.96114612080963,119.97409019512472,0.0016118661016124025,0.0010072933729861622
rich6d,120,7,5.455594781168514e-12,50,0.6887317989603998,0.5021925071199991,0.18653929184040063,0.006602675263849256,False,119.95049864521403,119.96698730707672,0.0016118661016124025,0.0010072933729861622
rich6d,120,8,6.951927961775591e-12,50,0.6885075164227601,0.5021025776479909,0.18640493877476913,0.006597002124474857,False,119.93693654600008,119.95793847049508,0.0016118661016124025,0.0010072933729861622
rich6d,120,9,8.858667904100833e-12,50,0.6882219989082787,0.5019880420248612,0.1862339568834176,0.006589784939063288,False,119.91966396923077,119.94641132827967,0.0016118661016124025,0.0010072933729861622
rich6d,120,10,1.1288378916846884e-11,50,0.6878586250858664,0.5018421882666809,0.1860164368191853,0.006580607623500884,False,119.89766898574292,119.93172836233717,0.0016118661016124025,0.0010072933729861622
rich6d,120,11,1.4384498882876659e-11,50,0.6873963223889205,0.5016564863582123,0.1857398360307082,0.0065689445432043515,False,119.86966569399836,119.91302760837796,0.0016118661016124025,0.0010072933729861622
rich6d,120,12,1.8329807108324375e-11,50,0.6868084123159233,0.5014201037900125,0.1853883085259109,0.006554133263905786,False,119.83402128503687,119.88921292333485,0.0016118661016124025,0.0010072933729861622
rich6d,120,13,2.3357214690901212e-11,50,0.6860611793025542,0.5011192969509817,0.18494188235157258,0.006535341517465304,False,119.78866445873524,119.8588911418388,0.0016118661016124025,0.0010072933729861622
rich6d,120,14,2.976351441631313e-11,50,0.6851121114293862,0.5007366496542272,0.18437546177515907,0.0065115277907341045,False,119.73097089871379,119.8202928509841,0.0016118661016124025,0.0010072933729861622
rich6d,120,15,3.7926901907322536e-11,50,0.6839077609831554,0.5002501253957352,0.18365763558742013,0.006481395342903983,False,119.65762082434088,119.77117281309677,0.0016118661016124025,0.0010072933729861622
rich6d,120,16,4.832930238571752e-11,50,0.682381180172186,0.49963189584727014,0.1827492843249158,0.006443340251897351,False,119.56442303999152,119.70868529250751,0.0016118661016124025,0.0010072933729861622
rich6d,120,17,6.158482110660255e-11,50,0.6804489078276922,0.4988469057595073,0.1816020020681849,0.006395395511396839,False,119.44609956779037,119.62922874171343,0.0016118661016124025,0.0010072933729861622
rich6d,120,18,7.847599703514623e-11,50,0.6780075252306084,0.4978511359204645,0.18015638931014383,0.0063351755608069965,False,119.29602516991358,119.52825357131442,0.0016118661016124025,0.0010072933729861622
rich6d,120,19,1e-10,50,0.6749298752737952,0.4965895343507636,0.17834034092303166,0.006259829314183209,False,119.10591729605885,119.40002624280187,0.0016118661016124025,0.0010072933729861622
rich6d,120,20,1.274274985703132e-10,50,0.6710611644936564,0.4949936065718177,0.17606755792183873,0.006166015154641026,False,118.86547491044824,119.23734298270797,0.0016118661016124025,0.0010072933729861622
rich6d,120,21,1.6237767391887175e-10,50,0.6662153595266739,0.4929786959453687,0.1732366635813051,0.006049918698846818,False,118.56197020991529,119.031187501141,0.0016118661016124025,0.0010072933729861622
rich6d,120,22,2.0691380811147902e-10,50,0.6601725627544526,0.49044105488786577,0.16973150786658678,0.005907343088648912,False,118.17980665461957,118.77032993928755,0.0016118661016124025,0.0010072933729861622
rich6d,120,23,2.6366508987303556e-10,50,0.6526784069889815,0.4872549198182066,0.16542348717077487,0.005733910594470543,False,117.7000713445726,118.44086992102517,0.0016118661016124025,0.0010072933729861622
rich6d,120,24,3.3598182862837877e-10,50,0.6434469134830444,0.48326997022172485,0.16017694326131968,0.005525419676762758,False,117.10013069379016,118.02573644571672,0.0016118661016124025,0.0010072933729861622
rich6d,120,25,4.281332398719396e-10,50,0.632168617136647,0.4783097839983108,0.15385883313833607,0.005278396334754081,False,116.35334566239709,117.50417310269293,0.0016118661016124025,0.0010072933729861622
rich6d,120,26,5.455594781168515e-10,50,0.6185258914906613,0.4721721913952567,0.14635370009540463,0.004990851961093344,False,115.42901427427348,116.85126032396569,0.0016118661016124025,0.0010072933729861622
rich6d,120,27,6.951927961775591e-10,50,0.6022170168594382,0.4646327404087346,0.1375842764507036,0.004663199958723633,False,114.29267853965497,116.03755791087384,0.0016118661016124025,0.0010072933729861622
rich6d,120,28,8.858667904100832e-10,50,0.5829892942170232,0.4554527245524818,0.12753656966454135,0.004299183694430093,False,112.90694854434203,115.02898944730121,0.0016118661016124025,0.0010072933729861622
rich6d,120,29,1.1288378916846883e-09,50,0.5606792035455245,0.4443932209305743,0.11628598261495009,0.003906541928357343,False,111.23298152662358,113.78712973607082,0.0016118661016124025,0.0010072933729861622
rich6d,120,30,1.4384498882876659e-09,50,0.535254435777353,0.4312361037285411,0.10401833204881189,0.0034970337034713824,False,109.23269033123375,112.27008478906869,0.0016118661016124025,0.0010072933729861622
rich6d,120,31,1.8329807108324374e-09,50,0.5068494805117408,0.41581179250319084,0.09103768800855004,0.003085454574851795,False,106.87163397520949,110.43415125925644,0.0016118661016124025,0.0010072933729861622
rich6d,120,32,2.335721469090121e-09,50,0.4757848884082299,0.3980314781921047,0.07775341021612506,0.0026875079671215725,False,104.12237409976782,108.23638373293215,0.0016118661016124025,0.0010072933729861622
rich6d,120,33,2.9763514416313133e-09,50,0.44256195754308636,0.37791904027388434,0.06464291726920196,0.0023168915045655458,False,100.96790474199418,105.63806370659968,0.0016118661016124025,0.0010072933729861622
rich6d,120,34,3.792690190732238e-09,50,0.4078299266995937,0.3556356734987037,0.0521942532008901,0.0019825642932755046,False,97.404641934776,102.60885376869024,0.0016118661016124025,0.0010072933729861622
rich6d,120,35,4.832930238571752e-09,50,0.37233029132892015,0.33148963670385856,0.040840654625061604,0.001687447889083934,False,93.44445443839113,99.13117228016266,0.0016118661016124025,0.0010072933729861622
rich6d,120,36,6.158482110660254e-09,50,0.33682942347705824,0.3059255708515365,0.03090385262552167,0.0014292955550073642,False,89.11535104979981,95.20411612066482,0.0016118661016124025,0.0010072933729861622
rich6d,120,37,7.847599703514623e-09,50,0.30205324995043553,0.2794925004606635,0.02256074948977205,0.0012032260243158071,False,84.46068050531704,90.84618733365357,0.0016118661016124025,0.0010072933729861622
rich6d,120,38,1e-08,50,0.26863542517431055,0.2527954303819543,0.01583999479235623,0.0010044260351921579,False,79.53696966806393,86.09620845913129,0.0016118661016124025,0.0010072933729861622
rich6d,120,39,1.274274985703132e-08,50,0.23708492900992337,0.2264399728535159,0.010644956156407457,0.0008296906714254403,False,74.4107410393626,81.01212951322059,0.0016118661016124025,0.0010072933729861622
rich6d,120,40,1.623776739188721e-08,50,0.2077732381539856,0.20098077576622472,0.006792462387760885,0.0006774953756036689,True,69.15476039697961,75.667842134472,0.0016118661016124025,0.0010072933729861622
rich6d,120,41,2.0691380811147902e-08,50,0.18093736831730806,0.17688239853482515,0.004054969782482934,0.0005471593770510687,True,63.84416534518511,70.14848830145725,0.0016118661016124025,0.0010072933729861622
rich6d,120,42,2.6366508987303555e-08,50,0.1566937318306294,0.15449704616484436,0.0021966856657850654,0.0004378705110301281,True,58.55284720936807,64.54497314187634,0.0016118661016124025,0.0010072933729861622
rich6d,120,43,3.3598182862837814e-08,50,0.13505818997257862,0.1340591683003445,0.0009990216722341016,0.0003480963091137538,True,53.350345487428285,58.94842557808895,0.0016118661016124025,0.0010072933729861622
rich6d,120,44,4.281332398719396e-08,50,0.11596881045116447,0.11569378747903986,0.0002750229721245989,0.0002755396531865222,True,48.29940128669712,53.445229782287235,0.0016118661016124025,0.0010072933729861622
rich6d,120,45,5.4555947811685146e-08,50,0.09930888419583389,0.09943399716956022,-0.0001251129737263157,0.00021749511306526167,True,43.454221852098236,48.11304483913705,0.0016118661016124025,0.0010072933729861622
rich6d,120,46,6.951927961775605e-08,50,0.08492846659735957,0.08524307363121811,-0.0003146070338585516,0.00017131391898015757,True,38.85943518089084,43.01800863314985,0.0016118661016124025,0.0010072933729861622
rich6d,120,47,8.858667904100815e-08,50,0.07266327013748353,0.07303753149574786,-0.00037426135826433614,0.000134725795036003,True,34.54965849307689,38.21313123879618,0.0016118661016124025,0.0010072933729861622
rich6d,120,48,1.1288378916846883e-07,50,0.06235045869037474,0.06270878189679621,-0.0003583232064214559,0.00010593067889608466,True,30.54956732558139,33.73774599680588,0.0016118661016124025,0.0010072933729861622
rich6d,120,49,1.438449888287663e-07,50,0.053841857024200086,0.054142520014098194,-0.00030066298989811724,8.352492161926588e-05,True,26.874339809782633,29.617811009218766,0.0016118661016124025,0.0010072933729861622
rich6d,120,50,1.8329807108324338e-07,50,0.04701594527908693,0.04723623007065344,-0.0002202847915665074,6.637620529605301e-05,True,23.530367944032292,25.86683752207372,0.0016118661016124025,0.0010072933729861622
rich6d,120,51,2.3357214690901212e-07,50,0.0417901786227348,0.04191580537955142,-0.0001256267568166103,5.352629684636863e-05,True,20.516165146458803,22.48724918634696,0.0016118661016124025,0.0010072933729861622
rich6d,120,52,2.976351441631313e-07,50,0.038134329213975054,0.0381519299701856,-1.7600756210542913e-05,4.4141906329062184e-05,True,17.823432362993216,19.472019055262894,0.0016118661016124025,0.0010072933729861622
rich6d,120,53,3.792690190732246e-07,50,0.03608392325007368,0.03597565910006013,0.00010826415001355727,3.749369118430622e-05,True,15.438249647744742,16.80646036176613,0.0016118661016124025,0.0010072933729861622
rich6d,120,54,4.832930238571752e-07,50,0.03575101434346705,0.03549101238371581,0.0002600019597512415,3.293991008926714e-05,True,13.342335501475091,14.470052862616233,0.0016118661016124025,0.0010072933729861622
rich6d,120,55,6.158482110660254e-07,50,0.03732792563549246,0.03688077038797556,0.0004471552475168994,2.9919530453097804e-05,True,11.514288666838318,12.438185719162156,0.0016118661016124025,0.0010072933729861622
rich6d,120,56,7.847599703514607e-07,50,0.04107840775605407,0.04040030000262549,0.0006781077534285828,2.7978047430668228e-05,True,9.93072760093441,10.683716670792574,0.0016118661016124025,0.0010072933729861622
rich6d,120,57,1e-06,50,0.04731043986344268,0.0463536790087741,0.0009567608546685902,2.6814903657941605e-05,True,8.56727805947254,9.178293327850348,0.0016118661016124025,0.0010072933729861622
rich6d,120,58,1.2742749857031322e-06,50,0.056327054251859555,0.05504801940055101,0.0012790348513085491,2.6289634761691192e-05,True,7.399405196850486,7.893435540402347,0.0016118661016124025,0.0010072933729861622
rich6d,120,59,1.6237767391887209e-06,50,0.06835770568352581,0.06672740140824746,0.0016303042752783626,2.6342954256257505e-05,True,6.403112181877121,6.801409016549348,0.0016118661016124025,0.0010072933729861622
rich6d,120,60,2.06913808111479e-06,50,0.08348255460250399,0.08149730802283738,0.001985246579666633,2.688923291155454e-05,True,5.55552228723798,5.875919057850158,0.0016118661016124025,0.0010072933729861622
rich6d,120,61,2.6366508987303555e-06,50,0.10157147026733282,0.09926028939864259,0.0023111808686902256,2.778319571494819e-05,True,4.835341817257774,5.0926346503842295,0.0016118661016124025,0.0010072933729861622
rich6d,120,62,3.359818286283781e-06,50,0.12226158562477261,0.11968697347301667,0.0025746121517559286,2.8852283667350468e-05,True,4.223190735360655,4.429541309845576,0.0016118661016124025,0.0010072933729861622
rich6d,120,63,4.281332398719387e-06,50,0.14498690411265483,0.14223793404140284,0.0027489700712519972,2.989471510125891e-05,True,3.7017960020542593,3.867127284671856,0.0016118661016124025,0.0010072933729861622
rich6d,120,64,5.455594781168514e-06,50,0.16905349547612347,0.16623288955388793,0.002820605922235524,3.0643156336475115e-05,True,3.2560601384143393,3.388424079950201,0.0016118661016124025,0.0010072933729861622
rich6d,120,65,6.951927961775606e-06,50,0.19373493808232925,0.19094414504020535,0.0027907930421238935,3.0796140319100206e-05,True,2.873028810548034,2.978933228565519,0.0016118661016124025,0.0010072933729861622
rich6d,120,66,8.858667904100815e-06,50,0.21835643264439183,0.21568302881808632,0.0026734038263055027,3.013666685475958e-05,True,2.541779724283486,2.626469231184623,0.0016118661016124025,0.0010072933729861622
rich6d,120,67,1.1288378916846883e-05,50,0.2423458691196372,0.23985603365861968,0.0024898354610175,2.8637753958902964e-05,True,2.253247545446905,2.320939480516491,0.0016118661016124025,0.0010072933729861622
rich6d,120,68,1.43844988828766e-05,50,0.2652488452238908,0.26298533252956136,0.0022635126943294104,2.646954820962404e-05,True,1.999997591223947,2.0540775708529413,0.0016118661016124025,0.0010072933729861622
rich6d,120,69,1.8329807108324338e-05,50,0.2867202561194472,0.2847044969656192,0.0020157591538278985,2.3914122965562244e-05,True,1.7759695982257722,1.819152492510397,0.0016118661016124025,0.0010072933729861622
rich6d,120,70,2.3357214690901213e-05,50,0.3065096585902181,0.30474598386041085,0.0017636747298072342,2.1251353138204294e-05,True,1.5762254684216201,1.61068719903251,0.0016118661016124025,0.0010072933729861622
rich6d,120,71,2.976351441631313e-05,50,0.3244516546252083,0.3229319670212743,0.0015196876039340434,1.867815227601555e-05,True,1.3967391127367292,1.4242237485251983,0.0016118661016124025,0.0010072933729861622
rich6d,120,72,3.792690190732246e-05,50,0.34046270829748027,0.3391706535370572,0.001292054760423027,1.628868899277268e-05,True,1.2342542974511355,1.256160228196035,0.0016118661016124025,0.0010072933729861622
rich6d,120,73,4.8329302385717524e-05,50,0.354539088322154,0.353453407938967,0.0010856803831868912,1.4103139971900485e-05,True,1.0862105564641358,1.1036592022936182,0.0016118661016124025,0.0010072933729861622
rich6d,120,74,6.158482110660255e-05,50,0.36674986185453695,0.365846951913823,0.0009029099407139318,1.211086400500507e-05,True,0.9507097432099084,0.9646000901655232,0.0016118661016124025,0.0010072933729861622
rich6d,120,75,7.847599703514606e-05,50,0.37722242264419586,0.37647822448024376,0.0007441981639521478,1.0300287779139992e-05,True,0.8264803467859088,0.8375323327061907,0.0016118661016124025,0.0010072933729861622
rich6d,120,76,0.0001,50,0.38612243586319006,0.38551377492816896,0.0006086609350211259,8.668516398750244e-06,True,0.7128010641028966,0.7215903772296908,0.0016118661016124025,0.0010072933729861622
rich6d,120,77,0.0001274274985703132,50,0.3936326712802361,0.39313813334675546,0.0004945379334807054,7.218144352636734e-06,True,0.6093673166294254,0.6163535811896138,0.0016118661016124025,0.0010072933729861622
rich6d,120,78,0.00016237767391887175,50,0.39993519906363517,0.39953562326021996,0.00039957580341530184,5.9508054745981425e-06,True,0.5161136825996917,0.5216634313992574,0.0016118661016124025,0.0010072933729861622
rich6d,120,79,0.00020691380811147902,50,0.4051995608895808,0.4048782321297242,0.0003213287598567338,4.86280398098028e-06,True,0.43302746730212455,0.4374328574165801,0.0016118661016124025,0.0010072933729861622
rich6d,120,80,0.00026366508987303556,50,0.4095771442433575,0.40931976992111246,0.00025737432224502753,3.94400492688529e-06,True,0.3599939157043742,0.3634878726486413,0.0016118661016124025,0.0010072933729861622
rich6d,120,81,0.0003359818286283774,50,0.41320023933310024,0.4129947888922302,0.0002054504408701585,3.1790672961992875e-06,True,0.2967014492321929,0.29946979824121334,0.0016118661016124025,0.0010072933729861622
rich6d,120,82,0.00042813323987193956,50,0.416183650173585,0.4160201216218532,0.00016352855173181523,2.549652955933454e-06,True,0.2426141180167054,0.24480521173853417,0.0016118661016124025,0.0010072933729861622
rich6d,120,83,0.0005455594781168515,50,0.41862708086744355,0.4184972402014434,0.0001298406660001894,2.0365812690435314e-06,True,0.19699919144801373,0.1987315097780948,0.0016118661016124025,0.0010072933729861622
rich6d,120,84,0.0006951927961775591,50,0.42061728581752383,0.42051440845680227,0.0001028773607215494,1.6214236157294627e-06,True,0.1589875955001194,0.16035574335074165,0.0016118661016124025,0.0010072933729861622
rich6d,120,85,0.0008858667904100832,50,0.4222296703747,0.4221483007395501,8.136963514980166e-05,1.287445055780246e-06,True,0.12764457755625064,0.12872403748525643,0.0016118661016124025,0.0010072933729861622
rich6d,120,86,0.0011288378916846883,50,0.4235294319626917,0.42346516868553935,6.426327715238766e-05,1.020016697732163e-06,True,0.10203398391314872,0.10288490524726597,0.0016118661016124025,0.0010072933729861622
rich6d,120,87,0.00143844988828766,50,0.4245724552291174,0.42452176431263067,5.069091648680857e-05,8.06679491883777e-07,True,0.0812673690535434,0.0819376066684617,0.0016118661016124025,0.0010072933729861622
rich6d,120,88,0.0018329807108324375,50,0.4254061369274142,0.4253661923045696,3.9944622844558795e-05,6.370138264251626e-07,True,0.06453570723594663,0.06506326858079854,0.0016118661016124025,0.0010072933729861622
rich6d,120,89,0.002335721469090121,50,0.4260702293006282,0.4260387787835544,3.145051707375002e-05,5.024196661833342e-07,True,0.051125563485575315,0.051540582593210725,0.0016118661016124025,0.0010072933729861622
rich6d,120,90,0.002976351441631313,50,0.42659771768228455,0.4265729716102669,2.4746072017536313e-05,3.958688435429016e-07,True,0.04042337629989383,0.04074970573043786,0.0016118661016124025,0.0010072933729861622
rich6d,120,91,0.003792690190732238,50,0.427015707744312,0.42699624741617503,1.9460328137030914e-05,3.1166212126938336e-07,True,0.03191174240791377,0.032168234763933046,0.0016118661016124025,0.0010072933729861622
rich6d,120,92,0.004832930238571752,50,0.42734628563028293,0.42733098864368996,1.5296986592985284e-05,2.4520659685542926e-07,True,0.025161024045786035,0.025362560845374135,0.0016118661016124025,0.0010072933729861622
rich6d,120,93,0.006158482110660254,50,0.4276073185855691,0.42759529839521127,1.2020190357706628e-05,1.9281967779674727e-07,True,0.01981875776091174,0.019977072985111845,0.0016118661016124025,0.0010072933729861622
rich6d,120,94,0.00784759970351459,50,0.4278131746515051,0.42780373192915877,9.442722346346689e-06,1.5156091222259236e-07,True,0.01559853162337645,0.01572286892637414,0.0016118661016124025,0.0010072933729861622
rich6d,120,95,0.01,50,0.4279753514097212,0.42796793509419456,7.416315526522776e-06,1.1909040897715707e-07,True,0.012269341903248996,0.012366977610772246,0.0016118661016124025,0.0010072933729861622
rich6d,120,96,5.709510246135747e-06,50,0.17366054864256458,0.17083807669985965,0.0028224719427049337,3.07257938113117e-05,True,3.1797458244570076,3.3066891897288246,0.0016118661016124025,0.0010072933729861622
rich6d,180,0,1e-12,50,0.888912031572628,0.5983202135035698,0.2905918180690582,0.00918675867291511,False,179.96708436674243,179.9809457155837,0.0016118661016124025,0.0010072933729861622
rich6d,180,1,1.2742749857031321e-12,50,0.8887613376283297,0.5982746508029213,0.29048668682540824,0.009183017240463106,False,179.95806152009933,179.9757209860951,0.0016118661016124025,0.0010072933729861622
rich6d,180,2,1.6237767391887243e-12,50,0.8885694128580649,0.598216604462391,0.2903528083956739,0.009178253441176074,False,179.9465671030468,179.96906410698614,0.0016118661016124025,0.0010072933729861622
rich6d,180,3,2.06913808111479e-12,50,0.8883250113642149,0.5981426586751373,0.2901823526890779,0.009172189237201644,False,179.93192520008088,179.96058281334228,0.0016118661016124025,0.0010072933729861622
rich6d,180,4,2.6366508987303555e-12,50,0.8880138417106599,0.5980484658339926,0.2899653758766674,0.009164471803362311,False,179.91327573697333,179.94977758688975,0.0016118661016124025,0.0010072933729861622
rich6d,180,5,3.359818286283788e-12,50,0.8876177557092756,0.5979284941142791,0.2896892615949964,0.009154653924151513,False,179.8895247327807,179.9360124476406,0.0016118661016124025,0.0010072933729861622
rich6d,180,6,4.281332398719396e-12,50,0.8871137295491675,0.5977757077806845,0.2893380217684829,0.009142169572287556,False,179.85928137853253,179.9184778640148,0.0016118661016124025,0.0010072933729861622
rich6d,180,7,5.455594781168514e-12,50,0.8864725893654275,0.5975811629736857,0.28889142639174187,0.009126303685815467,False,179.8207786191357,179.89614370004355,0.0016118661016124025,0.0010072933729861622
rich6d,180,8,6.951927961775591e-12,50,0.8856574256348841,0.597333497744212,0.2883239278906721,0.009106155092304814,False,179.7717731795775,179.86769959692265,0.0016118661016124025,0.0010072933729861622
rich6d,180,9,8.858667904100833e-12,50,0.8846216341231466,0.5970182904714101,0.28760334365173645,0.0090805915565937,False,179.7094201443749,179.83147955214739,0.0016118661016124025,0.0010072933729861622
rich6d,180,10,1.1288378916846884e-11,50,0.883306517524141,0.5966172556121073,0.2866892619120336,0.009048196139810115,False,179.63011630440565,179.7853667001133,0.0016118661016124025,0.0010072933729861622
rich6d,180,11,1.4384498882876659e-11,50,0.8816383848618043,0.5961072402575103,0.2855311446042941,0.009007204592226554,False,179.5293056037707,179.7266734080171,0.0016118661016124025,0.0010072933729861622
rich6d,180,12,1.8329807108324375e-11,50,0.8795251007126076,0.5954589797810655,0.28406612093154227,0.008955434570414896,False,179.40123929598212,179.65199079007917,0.0016118661016124025,0.0010072933729861622
rich6d,180,13,2.3357214690901212e-11,50,0.8768520718782981,0.5946355670396014,0.28221650483869676,0.008890209378697464,False,179.23868310606494,179.5570006499725,0.0016118661016124025,0.0010072933729861622
rich6d,180,14,2.976351441631313e-11,50,0.8734777277046473,0.5935905890064711,0.279887138698176,0.008808282097777405,False,179.03256420624402,179.43624177404402,0.0016118661016124025,0.0010072933729861622
rich6d,180,15,3.7926901907322536e-11,50,0.8692286687312248,0.5922658904917071,0.27696277823951765,0.008705770886481081,False,178.77155278685686,179.28282158684056,0.0016118661016124025,0.0010072933729861622
rich6d,180,16,4.832930238571752e-11,50,0.8638948475904022,0.5905889416250716,0.27330590596533055,0.008578123425493685,False,178.4415773730638,179.08806374616455,0.0016118661016124025,0.0010072933729861622
rich6d,180,17,6.158482110660255e-11,50,0.8572254274211866,0.5884698213910158,0.26875560603017085,0.008420138166442624,False,178.02528106654333,178.84108279488126,0.0016118661016124025,0.0010072933729861622
rich6d,180,18,7.847599703514623e-11,50,0.8489263495879007,0.5857978940867494,0.26312845550115116,0.00822608174640416,False,177.50143912766754,178.52827928096988,0.0016118661016124025,0.0010072933729861622
rich6d,180,19,1e-10,50,0.8386611211834211,0.5824383626710153,0.2562227585124059,0.007989953465424601,False,176.8443783413597,178.13275396317616,0.0016118661016124025,0.0010072933729861622
rich6d,180,20,1.274274985703132e-10,50,0.8260568352265668,0.5782290481087875,0.24782778711777922,0.0077059540242198615,False,176.0234664422421,177.63364944544364,0.0016118661016124025,0.0010072933729861622
rich6d,180,21,1.6237767391887175e-10,50,0.8107178002602705,0.5729779805025434,0.23773981975772696,0.007369207521759482,False,175.00277481837205,177.00544387180716,0.0016118661016124025,0.0010072933729861622
rich6d,180,22,2.0691380811147902e-10,50,0.7922490933107923,0.5664626985168522,0.22578639479394025,0.006976749521379154,False,173.7410556524844,176.21724640322273,0.0016118661016124025,0.0010072933729861622
rich6d,180,23,2.6366508987303556e-10,50,0.7702914617044415,0.558432513299395,0.2118589484050464,0.006528715617423607,False,172.1922061140505,175.23217985335486,0.0016118661016124025,0.0010072933729861622
rich6d,180,24,3.3598182862837877e-10,50,0.7445668965837722,0.5486153245785885,0.19595157200518362,0.006029539673275173,False,170.3064012827235,174.00698200639883,0.0016118661016124025,0.0010072933729861622
rich6d,180,25,4.281332398719396e-10,50,0.7149307858106329,0.5367307231394058,0.17820006267122704,0.005488821193866339,False,168.03204370917874,172.49200961441562,0.0016118661016124025,0.0010072933729861622
rich6d,180,26,5.455594781168515e-10,50,0.681422406388883,0.5225108275460982,0.15891157884278478,0.004921414394175436,False,165.31858290793258,170.6318767139753,0.0016118661016124025,0.0010072933729861622
rich6d,180,27,6.951927961775591e-10,50,0.6443021431815319,0.505729285001906,0.138572858179626,0.0043463359509063465,False,162.12009945454832,168.36698114065177,0.0016118661016124025,0.0010072933729861622
rich6d,180,28,8.858667904100832e-10,50,0.6040633453587883,0.4862369038345704,0.11782644152421799,0.0037843811978465077,False,158.399350309342,165.63614065684965,0.0016118661016124025,0.0010072933729861622
rich6d,180,29,1.1288378916846883e-09,50,0.5614107823192694,0.46399959671471214,0.09741118560455718,0.0032548608853238794,False,154.13179011419135,162.3804423723784,0.0016118661016124025,0.0010072933729861622
rich6d,180,30,1.4384498882876659e-09,50,0.5172058984596392,0.43913140853599913,0.07807448992364006,0.0027724009875196216,False,149.3089880076003,158.5481908482009,0.0016118661016124025,0.0010072933729861622
rich6d,180,31,1.8329807108324374e-09,50,0.472388573606578,0.4119137120385982,0.06047486156797967,0.002344923660848779,False,143.9409027932615,154.1005434829696,0.0016118661016124025,0.0010072933729861622
rich6d,180,32,2.335721469090121e-09,50,0.4278916344884056,0.3827926567440396,0.04509897774436609,0.001973513632983929,False,138.05666212655146,149.01712011619009,0.0016118661016124025,0.0010072933729861622
rich6d,180,33,2.9763514416313133e-09,50,0.3845649824093617,0.352351314168648,0.03221366824071361,0.0016540455718637276,False,131.70375779672278,143.30068025114358,0.0016118661016124025,0.0010072933729861622
rich6d,180,34,3.792690190732238e-09,50,0.3431211724551217,0.32125964590849326,0.02186152654662848,0.0013797233718514594,False,124.94583343836321,136.97998157711095,0.0016118661016124025,0.0010072933729861622
rich6d,180,35,4.832930238571752e-09,50,0.3041066825499443,0.29021181491253395,0.013894867637410397,0.001143484278361047,False,117.85942973418905,130.11020405456773,0.0016118661016124025,0.0010072933729861622
rich6d,180,36,6.158482110660254e-09,50,0.2678965461193309,0.2598636343883652,0.008032911730965753,0.0009395455609381773,True,110.53013298823979,122.77077743875246,0.0016118661016124025,0.0010072933729861622
rich6d,180,37,7.847599703514623e-09,50,0.23470644777736485,0.23078181052652483,0.003924637250839991,0.0007639066861687525,True,103.0485555910477,115.06094009546041,0.0016118661016124025,0.0010072933729861622
rich6d,180,38,1e-08,50,0.20461563469660093,0.2034120391659798,0.0012035955306210933,0.0006140477628583237,True,95.50649494370516,107.09372907549174,0.0016118661016124025,0.0010072933729861622
rich6d,180,39,1.274274985703132e-08,50,0.17759482610132124,0.17806731887126048,-0.0004724927699391368,0.00048823629825538303,True,87.99350790082467,98.98926468040081,0.0016118661016124025,0.0010072933729861622
rich6d,180,40,1.623776739188721e-08,50,0.15353463364578884,0.15493326836658736,-0.0013986347207984818,0.0003848094249876133,True,80.59402988699544,90.86814626122681,0.0016118661016124025,0.0010072933729861622
rich6d,180,41,2.0691380811147902e-08,50,0.1322714221822947,0.13408488636095311,-0.0018134641786584104,0.00030167240696249794,True,73.38508068166443,82.84558658763716,0.0016118661016124025,0.0010072933729861622
rich6d,180,42,2.6366508987303555e-08,50,0.113608988343401,0.11550900381683105,-0.0019000154734300722,0.00023613801815614913,True,66.43454296929737,75.02666931978241,0.0016118661016124025,0.0010072933729861622
rich6d,180,43,3.3598182862837814e-08,50,0.09733576253491798,0.09912790501485498,-0.0017921424799369977,0.00018511969232975697,True,59.799976965651574,67.50289145250586,0.0016118661016124025,0.0010072933729861622
rich6d,180,44,4.281332398719396e-08,50,0.0832381185341535,0.08482130028822436,-0.0015831817540708304,0.0001455521137020934,True,53.52793620452082,60.34998874160012,0.0016118661016124025,0.0010072933729861622
rich6d,180,45,5.4555947811685146e-08,50,0.07111058426537648,0.0724452747662446,-0.001334690500868132,0.00011479945863280903,True,47.65375762029313,53.62694048217557,0.0016118661016124025,0.0010072933729861622
rich6d,180,46,6.951927961775605e-08,50,0.06076346755178506,0.061847715808896024,-0.001084248257110978,9.084261092654503e-05,True,42.201793013991775,47.37599124980888,0.0016118661016124025,0.0010072933729861622
rich6d,180,47,8.858667904100815e-08,50,0.05202816653418735,0.05288022434023255,-0.0008520578060452011,7.22145397355127e-05,True,37.18602007894204,41.623488725476754,0.0016118661016124025,0.0010072933729861622
rich6d,180,48,1.1288378916846883e-07,50,0.044760684649932284,0.04540703426040553,-0.0006463496104732358,5.7815904145098296e-05,True,32.610932555940984,36.38131046776538,0.0016118661016124025,0.0010072933729861622
rich6d,180,49,1.438449888287663e-07,50,0.038844580452344166,0.03931215865824216,-0.00046757820589799826,4.676505040350081e-05,True,28.472590283400585,31.648649317078913,0.0016118661016124025,0.0010072933729861622
rich6d,180,50,1.8329807108324338e-07,50,0.034195186431208356,0.03450655852388874,-0.00031137209268038423,3.8347026679235756e-05,True,24.759733105505173,27.413961488459535,0.0016118661016124025,0.0010072933729861622
rich6d,180,51,2.3357214690901212e-07,50,0.030766760471352964,0.0309370718981934,-0.00017031142684043044,3.202543689610279e-05,False,21.45491846615932,23.65694788814237,0.0016118661016124025,0.0010072933729861622
rich6d,180,52,2.976351441631313e-07,50,0.028563062621072735,0.02859788312772006,-3.4820506647326166e-05,2.7439958419475384e-05,False,18.535691045352262,20.35050526366832,0.0016118661016124025,0.0010072933729861622
rich6d,180,53,3.792690190732246e-07,50,0.027650046964297695,0.027543686884272174,0.00010636008002552266,2.4339007572262975e-05,False,15.9757957030384,17.46261268941894,0.0016118661016124025,0.0010072933729861622
rich6d,180,54,4.832930238571752e-07,50,0.02816750769453264,0.027901905430883635,0.00026560226364900517,2.246322246683051e-05,False,13.746402327762109,14.958103887292785,0.0016118661016124025,0.0010072933729861622
rich6d,180,55,6.158482110660254e-07,50,0.030334938098290784,0.029879673438089092,0.00045526466020169077,2.1464158052150218e-05,False,11.817264252748021,12.800249521045988,0.0016118661016124025,0.0010072933729861622
rich6d,180,56,7.847599703514607e-07,50,0.034445632049727386,0.033759919853359494,0.0006857121963678869,2.093300380623818e-05,True,10.157725905424535,10.95207765402881,0.0016118661016124025,0.0010072933729861622
rich6d,180,57,1e-06,50,0.04084266456107097,0.0398801985208431,0.0009624660402278584,2.0503223248243903e-05,True,8.737537875603536,9.37740572034776,0.0016118661016124025,0.0010072933729861622
rich6d,180,58,1.2742749857031322e-06,50,0.04987225166679059,0.04858929911419376,0.0012829525525968077,1.993480278858719e-05,True,7.527494283515523,8.041614353075786,0.0016118661016124025,0.0010072933729861622
rich6d,180,59,1.6237767391887209e-06,50,0.06181585115984514,0.06018190926167609,0.0016339418981690557,1.9154813906962287e-05,True,6.499936615186216,6.912223108751629,0.0016118661016124025,0.0010072933729861622
rich6d,180,60,2.06913808111479e-06,50,0.07681224914094231,0.07482106505087927,0.0019911840900630586,1.8294843311765625e-05,True,5.629157608334927,5.959317452968213,0.0016118661016124025,0.0010072933729861622
rich6d,180,61,2.6366508987303555e-06,50,0.09479102457801686,0.09246858417769861,0.002322440400318253,1.7724149935053514e-05,True,4.891709454865772,5.155845287296518,0.0016118661016124025,0.0010072933729861622
rich6d,180,62,3.359818286283781e-06,50,0.1154422024447756,0.11284837985279177,0.002593822591983823,1.792590591080864e-05,True,4.266602295300743,4.477779839023125,0.0016118661016124025,0.0010072933729861622
rich6d,180,63,4.281332398719387e-06,50,0.1382379801039441,0.135460382720015,0.002777597383929129,1.909144383628051e-05,True,3.7353840233367204,3.904147747630584,0.0016118661016124025,0.0010072933729861622
rich6d,180,64,5.455594781168514e-06,50,0.16250284862507705,0.15964431051933917,0.0028585381057378645,2.0832875880505382e-05,True,3.282110621784188,3.416937749547643,0.0016118661016124025,0.0010072933729861622
rich6d,180,65,6.951927961775606e-06,50,0.18750847838785653,0.1846720650824604,0.0028364133053961483,2.2448100602332975e-05,True,2.8932296015290486,3.0009183634585996,0.0016118661016124025,0.0010072933729861622
rich6d,180,66,8.858667904100815e-06,50,0.2125615873153382,0.20983752230587857,0.002724065009459589,2.3362190398220225e-05,True,2.5573990379839366,2.6433926736788993,0.0016118661016124025,0.0010072933729861622
rich6d,180,67,1.1288378916846883e-05,50,0.2370613129776562,0.23451880670288028,0.0025425062747758687,2.3329385439322945e-05,True,2.265257209885205,2.3339096892193005,0.0016118661016124025,0.0010072933729861622
rich6d,180,68,1.43844988828766e-05,50,0.26052089865947947,0.258205535476567,0.0023153631829125267,2.2408407073425633e-05,True,2.0091550326138945,2.0639468848164437,0.0016118661016124025,0.0010072933729861622
rich6d,180,69,1.8329807108324338e-05,50,0.28256467983740124,0.28050013325060696,0.0020645465867942183,2.0837092175553527e-05,True,1.7828710575204716,1.8265839454955375,0.0016118661016124025,0.0010072933729861622
rich6d,180,70,2.3357214690901213e-05,50,0.30291684092313986,0.30110893932330024,0.001807901599839663,1.8897561059350166e-05,True,1.5813407862834878,1.616198316221586,0.0016118661016124025,0.0010072933729861622
rich6d,180,71,2.976351441631313e-05,50,0.3213931908171528,0.3198346133278613,0.0015585774892914884,1.6823829693539484e-05,True,1.4004360521514487,1.4282168101281283,0.0016118661016124025,0.0010072933729861622
rich6d,180,72,3.792690190732246e-05,50,0.337897805735647,0.33657238639613707,0.0013254193395098213,1.4767963147736045e-05,True,1.2368179971452453,1.2589456543449287,0.0016118661016124025,0.0010072933729861622
rich6d,180,73,4.8329302385717524e-05,50,0.3524198532218278,0.3513061073356722,0.0011137458861555838,1.2811057245137751e-05,True,1.0878613871846168,1.1054760476646426,0.0016118661016124025,0.0010072933729861622
rich6d,180,74,6.158482110660255e-05,50,0.3650251534054331,0.3640990020399036,0.0009261513655295173,1.099152961886227e-05,True,0.9516206567958311,0.965635203716593,0.0016118661016124025,0.0010072933729861622
rich6d,180,75,7.847599703514606e-05,50,0.37584044982221515,0.37507724279149274,0.000763207030722406,9.328645438874501e-06,True,0.8267929952716153,0.8379377518018788,0.0016118661016124025,0.0010072933729861622
rich6d,180,76,0.0001,50,0.38503251715768966,0.38440846324732353,0.0006240539103661357,7.833840951585679e-06,True,0.7126389010128327,0.7214973471107317,0.0016118661016124025,0.0010072933729861622
rich6d,180,77,0.0001274274985703132,50,0.39278656867536815,0.3922796667071873,0.0005069019681809773,6.513114350449331e-06,True,0.6088439177972857,0.615881546205216,0.0016118661016124025,0.0010072933729861622
rich6d,180,78,0.00016237767391887175,50,0.3992882621899305,0.3988788218498766,0.00040944034005390594,5.36625221964336e-06,True,0.5153356245886128,0.5209234047327911,0.0016118661016124025,0.0010072933729861622
rich6d,180,79,0.00020691380811147902,50,0.40471170898510533,0.40438255371519616,0.0003291552699092692,4.3864774808641565e-06,True,0.4320927138980262,0.43652616635414815,0.0016118661016124025,0.0010072933729861622
rich6d,180,80,0.00026366508987303556,50,0.40921358255012813,0.40895002694504134,0.0002635556050867249,3.5614608016800507e-06,True,0.3589879061900835,0.36250250792914945,0.0016118661016124025,0.0010072933729861622
rich6d,180,81,0.0003359818286283774,50,0.4129317935949269,0.41272147875660864,0.00021031483831815523,2.87522400441976e-06,True,0.2956933240420641,0.29847683073242753,0.0016118661016124025,0.0010072933729861622
rich6d,180,82,0.00042813323987193956,50,0.4159866782072249,0.41581933180537933,0.00016734640184558946,2.3101726863499234e-06,True,0.24165477892118312,0.24385699512424208,0.0016118661016124025,0.0010072933729861622
rich6d,180,83,0.0005455594781168515,50,0.41848301912735403,0.41835018749532976,0.00013283163202420622,1.8487422575548043e-06,True,0.196121731060491,0.19786221946220134,0.0016118661016124025,0.0010072933729861622
rich6d,180,84,0.0006951927961775591,50,0.4205119565324834,0.42040673862762984,0.00010521790485351623,1.4744817486221973e-06,True,0.15820966641747986,0.15958383172969312,0.0016118661016124025,0.0010072933729861622
rich6d,180,85,0.0008858667904100832,50,0.42215249068317395,0.4220692905036255,8.320017954832392e-05,1.1726295409074825e-06,True,0.12697181792916334,0.12805572808770568,0.0016118661016124025,0.0010072933729861622
rich6d,180,86,0.0011288378916846883,50,0.42347264110583493,0.4234069463637436,6.569474209138227e-05,9.303245526032227e-07,True,0.10146363304221062,0.10231786263343086,0.0016118661016124025,0.0010072933729861622
rich6d,180,87,0.00143844988828766,50,0.4245304325946153,0.4244786221445519,5.1810450063469735e-05,7.365939751743673e-07,True,0.08079147627025579,0.0814641875980496,0.0016118661016124025,0.0010072933729861622
rich6d,180,88,0.0018329807108324375,50,0.4253748423710084,0.42533402191859104,4.082045241730725e-05,5.822210651551673e-07,True,0.06414365072389651,0.06467307304386105,0.0016118661016124025,0.0010072933729861622
rich6d,180,89,0.002335721469090121,50,0.42604676758651144,0.4260146316412049,3.213594530661279e-05,4.595580545142727e-07,True,0.05080583584195322,0.05122226336281515,0.0016118661016124025,0.0010072933729861622
rich6d,180,90,0.002976351441631313,50,0.4265800124646992,0.42655472976463316,2.5282700066071583e-05,3.6232171520969503e-07,True,0.040164730753221856,0.040492132103441714,0.0016118661016124025,0.0010072933729861622
rich6d,180,91,0.003792690190732238,50,0.42700226426820853,0.42698238365159596,1.9880616612648615e-05,2.853922802160461e-07,True,0.03170384617187758,0.03196115851924702,0.0016118661016124025,0.0010072933729861622
rich6d,180,92,0.004832930238571752,50,0.4273360212804451,0.4273203950106034,1.5626269841699792e-05,2.2462671632060736e-07,True,0.02499476556043434,0.025196932456827387,0.0016118661016124025,0.0010072933729861622
rich6d,180,93,0.006158482110660254,50,0.42759944331674105,0.42758716506593797,1.227825080309941e-05,1.7669169364231994e-07,True,0.019686330295117294,0.01984513157288879,0.0016118661016124025,0.0010072933729861622
rich6d,180,94,0.00784759970351459,50,0.4278071071162532,0.4277974620995461,9.645016707142683e-06,1.3891818167019438e-07,True,0.015493384772254912,0.015618098240604455,0.0016118661016124025,0.0010072933729861622
rich6d,180,95,0.01,50,0.4279706601887528,0.4279630852603244,7.574928428544237e-06,1.091775012284867e-07,True,0.012186064072294589,0.01228399169241282,0.0016118661016124025,0.0010072933729861622
rich6d,180,96,4.476556819579957e-06,50,0.14261312928698752,0.1398127137625831,0.002800415524404398,1.9388103295570968e-05,True,3.646577804887897,3.8085165014824924,0.0016118661016124025,0.0010072933729861622
rich6d,240,0,1e-12,50,1.1363461349230317,0.6960750777008307,0.4402710572222012,0.012561157198078257,False,239.90801323735556,239.95477875229204,0.0016118661016124025,0.0010072933729861622
rich6d,240,1,1.2742749857031321e-12,50,1.135868696321807,0.695974397609127,0.43989429871268015,0.012549144477447378,False,239.88281855794656,239.9423820017545,0.0016118661016124025,0.0010072933729861622
rich6d,240,2,1.6237767391887243e-12,50,1.1352611404489146,0.6958461603173633,0.4394149801315511,0.012533869435988785,False,239.85073537726345,239.92658906309717,0.0016118661016124025,0.0010072933729861622
rich6d,240,3,2.06913808111479e-12,50,1.1344882949740451,0.6956828429472389,0.4388054520268061,0.01251445737362791,False,239.80988787109746,239.9064708949576,0.0016118661016124025,0.0010072933729861622
rich6d,240,4,2.6366508987303555e-12,50,1.1335056585526544,0.6954748812650655,0.438030777287589,0.012489806012675402,False,239.7578940932586,239.88084516633978,0.0016118661016124025,0.0010072933729861622
rich6d,240,5,3.359818286283788e-12,50,1.1322570364522275,0.6952101234131143,0.4370469130391131,0.01245853057038849,False,239.69173231262184,239.84820773158103,0.0016118661016124025,0.0010072933729861622
rich6d,240,6,4.281332398719396e-12,50,1.1306716447819585,0.6948731422181248,0.4357985025638337,0.012418898229678801,False,239.60757383368292,239.8066458962867,0.0016118661016124025,0.0010072933729861622
rich6d,240,7,5.455594781168514e-12,50,1.128660606323195,0.69444437243259,0.43421623389060493,0.01236875166941437,False,239.50057499489344,239.7537288405987,0.0016118661016124025,0.0010072933729861622
rich6d,240,8,6.951927961775591e-12,50,1.126112778336094,0.6938990331401805,0.4322137451959134,0.012305422605836907,False,239.36462013567984,239.68636951528552,0.0016118661016124025,0.0010072933729861622
rich6d,240,9,8.858667904100833e-12,50,1.1228898944992287,0.6932057895830084,0.42968410491622033,0.012225638592539058,False,239.1920067804474,239.60065111907213,0.0016118661016124025,0.0010072933729861622
rich6d,240,10,1.1288378916846884e-11,50,1.1188210840960964,0.6923251039086809,0.4264959801874152,0.012125430106592366,False,238.97306450760578,239.49160993645168,0.0016118661016124025,0.0010072933729861622
rich6d,240,11,1.4384498882876659e-11,50,1.1136969717764882,0.6912072226796991,0.42248974909678905,0.012000050788845163,False,238.6957005816112,239.3529649498045,0.0016118661016124025,0.0010072933729861622
rich6d,240,12,1.8329807108324375e-11,50,1.1072637854372558,0.6897897535888887,0.41747403184836707,0.011843932148788879,False,238.344869351446,239.17678341065178,0.0016118661016124025,0.0010072933729861622
rich6d,240,13,2.3357214690901212e-11,50,1.0992182333240539,0.687994799675518,0.41122343364853586,0.011650705307487644,False,237.9019699306839,238.9530707739868,0.0016118661016124025,0.0010072933729861622
rich6d,240,14,2.976351441631313e-11,50,1.0892043698630156,0.6857256540119652,0.4034787158510504,0.011413335729836828,False,237.34418935594707,238.66927359139962,0.0016118661016124025,0.0010072933729861622
rich6d,240,15,3.7926901907322536e-11,50,1.0768142377337484,0.6828631221537889,0.3939511155799596,0.011124429806164229,False,236.64382795008567,238.30968595741285,0.0016118661016124025,0.0010072933729861622
rich6d,240,16,4.832930238571752e-11,50,1.0615946708171091,0.6792616479450393,0.3823330228720698,0.01077677882425914,False,235.76767120581135,237.8547551652255,0.0016118661016124025,0.0010072933729861622
rich6d,240,17,6.158482110660255e-11,50,1.0430630784403336,0.6747455874693269,0.36831749097100674,0.010364196315759567,False,234.6765078264122,237.28029212987346,0.0016118661016124025,0.0010072933729861622
rich6d,240,18,7.847599703514623e-11,50,1.0207349690287548,0.6691062217369881,0.35162874729176674,0.009882665084690743,False,233.32493308963404,236.5566091933492,0.0016118661016124025,0.0010072933729861622
rich6d,240,19,1e-10,50,0.9941649456008903,0.6621004269080114,0.3320645186928789,0.009331726588626492,False,231.66161178865653,235.64763478977807,0.0016118661016124025,0.0010072933729861622
rich6d,240,20,1.274274985703132e-10,50,0.9630004649598349,0.6534523107758011,0.30954815418403375,0.008715913353651175,False,229.63019068254616,234.51009346766807,0.0016118661016124025,0.0010072933729861622
rich6d,240,21,1.6237767391887175e-10,50,0.9270436811257955,0.6428595031944895,0.2841841779313061,0.008045863847916803,False,227.17102682999771,233.09289160215877,0.0016118661016124025,0.0010072933729861622
rich6d,240,22,2.0691380811147902e-10,50,0.8863118540237989,0.63000600137492,0.2563058526488788,0.007338623574620667,False,224.22381695753631,231.3369103768737,0.0016118661016124025,0.0010072933729861622
rich6d,240,23,2.6366508987303556e-10,50,0.8410828173117946,0.6145832644673546,0.22649955284444012,0.006616616396814577,False,220.73106855604914,229.17546752755175,0.0016118661016124025,0.0010072933729861622
rich6d,240,24,3.3598182862837877e-10,50,0.7919112950819256,0.5963203043183367,0.19559099076358888,0.005904971643176157,False,216.6421654925521,226.53574672702845,0.0016118661016124025,0.0010072933729861622
rich6d,240,25,4.281332398719396e-10,50,0.739606332130271,0.5750215719529274,0.16458476017734383,0.005227393521566167,False,211.9175989134861,223.34147639146605,0.0016118661016124025,0.0010072933729861622
rich6d,240,26,5.455594781168515e-10,50,0.6851694725707591,0.5506085452857303,0.13456092728502878,0.0046015290383763854,False,206.5328236293556,219.51703189406726,0.0016118661016124025,0.0010072933729861622
rich6d,240,27,6.951927961775591e-10,50,0.6297043959286639,0.5231577363008846,0.10654665962777926,0.004035536018104376,False,200.48121262007265,214.9929129387989,0.0016118661016124025,0.0010072933729861622
rich6d,240,28,8.858667904100832e-10,50,0.57431670940456,0.4929256969826379,0.08139101242192207,0.0035276200677503674,False,193.77572507341694,209.71222447639775,0.0016118661016124025,0.0010072933729861622
rich6d,240,29,1.1288378916846883e-09,50,0.5200239504780345,0.4603521216194645,0.059671828858569996,0.0030691013915698927,False,186.4491310284761,203.637435068176,0.0016118661016124025,0.0010072933729861622
rich6d,240,30,1.4384498882876659e-09,50,0.4676904962425765,0.42603621692723836,0.041654279315338216,0.0026495509868969575,False,178.55287221615762,196.7564216980954,0.0016118661016124025,0.0010072933729861622
rich6d,240,31,1.8329807108324374e-09,50,0.4179931867052415,0.39068833301906836,0.027304853686173212,0.0022613540191071843,False,170.15481546148848,189.0867609590413,0.0016118661016124025,0.0010072933729861622
rich6d,240,32,2.335721469090121e-09,50,0.37141516810161596,0.3550658311916819,0.016349336909934113,0.001901785837034889,False,161.33623944922627,180.6774561043362,0.0016118661016124025,0.0010072933729861622
rich6d,240,33,2.9763514416313133e-09,50,0.32826041628695046,0.31990623931149187,0.008354176975458644,0.0015724621903597798,True,152.18839558452675,171.60774858842376,0.0016118661016124025,0.0010072933729861622
rich6d,240,34,3.792690190732238e-09,50,0.28868002923023584,0.28587023875812045,0.002809790472115403,0.0012772739229416335,True,142.80893150377494,161.98320409200574,0.0016118661016124025,0.0010072933729861622
rich6d,240,35,4.832930238571752e-09,50,0.2527026070983885,0.2535026358861795,-0.0008000287877910139,0.0010200722891940217,True,133.29839687564373,151.92971396586228,0.0016118661016124025,0.0010072933729861622
rich6d,240,36,6.158482110660254e-09,50,0.22026344977662402,0.2232135960526652,-0.0029501462760411724,0.0008029069054927589,True,123.75698896396452,141.58629790552598,0.0016118661016124025,0.0010072933729861622
rich6d,240,37,7.847599703514623e-09,50,0.19122979636401738,0.195277545929509,-0.004047749565491565,0.000625138211835542,True,114.28164774935904,131.09761247209335,0.0016118661016124025,0.0010072933729861622
rich6d,240,38,1e-08,50,0.16542127178615387,0.16984459063706353,-0.004423318850909661,0.000483462068825459,True,104.96357363717598,120.60691998166288,0.0016118661016124025,0.0010072933729861622
rich6d,240,39,1.274274985703132e-08,50,0.14262587624884634,0.14695897472855085,-0.004333098479704501,0.00037269070818933336,True,95.88620763003935,110.25003986414657,0.0016118661016124025,0.0010072933729861622
rich6d,240,40,1.623776739188721e-08,50,0.1226123783935328,0.12658019211192292,-0.003967813718390143,0.0002869295130086031,True,87.12368035799463,100.15056466060275,0.0016118661016124025,0.0010072933729861622
rich6d,240,41,2.0691380811147902e-08,50,0.10514013279991805,0.10860391644143692,-0.003463783641518896,0.000220666165958364,True,78.73970584956217,90.41642141367774,0.0016118661016124025,0.0010072933729861622
rich6d,240,42,2.6366508987303555e-08,50,0.08996732708944269,0.0928813670461164,-0.0029140399566737374,0.0001694058460621086,True,70.78687772840371,81.13771635346095,0.0016118661016124025,0.0010072933729861622
rich6d,240,43,3.3598182862837814e-08,50,0.07685846517029332,0.07923670398058962,-0.0023782388102962892,0.00012979199673790925,True,63.30632778268972,72.38571950636569,0.0016118661016124025,0.0010072933729861622
rich6d,240,44,4.281332398719396e-08,50,0.06559143867771963,0.0674824169244509,-0.0018909782467312608,9.939763302353929e-05,True,56.327726765417,64.21281705367115,0.0016118661016124025,0.0010072933729861622
rich6d,240,45,5.4555947811685146e-08,50,0.05596392319118429,0.05743253673139662,-0.0014686135402123335,7.641215347746182e-05,True,49.869626924029674,56.65326252701359,0.0016118661016124025,0.0010072933729861622
rich6d,240,46,6.951927961775605e-08,50,0.04779839583748353,0.048913225296492904,-0.0011148294590093677,5.936300168292827e-05,True,43.94014113273474,49.72456605784592,0.0016118661016124025,0.0010072933729861622
rich6d,240,47,8.858667904100815e-08,50,0.040945194308305434,0.04177036181125115,-0.0008251675029457161,4.693666721364529e-05,True,38.537914542414924,43.42935369972462,0.0016118661016124025,0.0010072933729861622
rich6d,240,48,1.1288378916846883e-07,50,0.0352838396362657,0.03587439395678681,-0.0005905543205211172,3.7933938000089565e-05,True,33.65329064358129,37.757509143598256,0.0016118661016124025,0.0010072933729861622
rich6d,240,49,1.438449888287663e-07,50,0.030723969578296807,0.031123748186671282,-0.00039977860837447476,3.134824899222081e-05,False,29.269545378483436,32.68840477421525,0.0016118661016124025,0.0010072933729861622
rich6d,240,50,1.8329807108324338e-07,50,0.02720797406707966,0.027448877379692913,-0.0002409033126132476,2.64736501419238e-05,False,25.364090277131055,28.193065432860134,0.0016118661016124025,0.0010072933729861622
rich6d,240,51,2.3357214690901212e-07,50,0.024717174765264683,0.024818937678732788,-0.00010176291346810418,2.2926132522639008e-05,False,21.909615800648503,24.23618309867784,0.0016118661016124025,0.0010072933729861622
rich6d,240,52,2.976351441631313e-07,50,0.023282053288041196,0.023251938835084206,3.011445295699078e-05,2.0538813726637462e-05,False,18.87520718657167,20.777973250907095,0.0016118661016124025,0.0010072933729861622
rich6d,240,53,3.792690190732246e-07,50,0.022995073487654363,0.022827369518411068,0.0001677039692432958,1.9182576224774415e-05,False,16.227469112751187,17.77588852784951,0.0016118661016124025,0.0010072933729861622
rich6d,240,54,4.832930238571752e-07,50,0.02402267150511071,0.02369833581700709,0.00032433568810361855,1.8625313422223178e-05,False,13.931643469493372,15.186176192895946,0.0016118661016124025,0.0010072933729861622
rich6d,240,55,6.158482110660254e-07,50,0.02661131418004311,0.02609850453849454,0.0005128096415485683,1.853225735434775e-05,False,11.952647112157257,12.965224252616473,0.0016118661016124025,0.0010072933729861622
rich6d,240,56,7.847599703514607e-07,50,0.031081256423212564,0.030337726873514013,0.0007435295496985494,1.857797928293097e-05,False,10.2559467814388,11.070636778587227,0.0016118661016124025,0.0010072933729861622
rich6d,240,57,1e-06,50,0.03780131820679272,0.0367796263898086,0.0010216918169841272,1.8546335431682798e-05,True,8.80823394527608,9.462023191645844,0.0016118661016124025,0.0010072933729861622
rich6d,240,58,1.2742749857031322e-06,50,0.04714014477574206,0.04579608370508669,0.0013440610706553758,1.8349831071572444e-05,True,7.57792305692922,8.101544150230115,0.0016118661016124025,0.0010072933729861622
rich6d,240,59,1.6237767391887209e-06,50,0.059395732693146325,0.057699240292466376,0.0016964924006799408,1.7988995731240243e-05,True,6.5355263829707875,6.954284347093363,0.0016118661016124025,0.0010072933729861622
rich6d,240,60,2.06913808111479e-06,50,0.07471534178050292,0.07266158857617301,0.002053753204329907,1.7524930663597813e-05,True,5.653944703126774,5.988506823729565,0.0016118661016124025,0.0010072933729861622
rich6d,240,61,2.6366508987303555e-06,50,0.09302819401419227,0.09064537223749168,0.0023828217767005765,1.711826280863531e-05,True,4.9086799141514055,5.175807275409354,0.0016118661016124025,0.0010072933729861622
rich6d,240,62,3.359818286283781e-06,50,0.11401635201608029,0.11136687421874444,0.002649477797335853,1.7053136302399168e-05,True,4.277954902662727,4.491162518186789,0.0016118661016124025,0.0010072933729861622
rich6d,240,63,4.281332398719387e-06,50,0.13713937860191228,0.13431315957555223,0.0028262190263600327,1.756810651226543e-05,True,3.7427303393363043,3.912868564078407,0.0016118661016124025,0.0010072933729861622
rich6d,240,64,5.455594781168514e-06,50,0.16170803937027606,0.15880951499226734,0.0028985243780087575,1.8566491537236774e-05,True,3.286625985524525,3.4223803126770993,0.0016118661016124025,0.0010072933729861622
rich6d,240,65,6.951927961775606e-06,50,0.18698221134337012,0.18411510905633705,0.002867102287033021,1.960050103815969e-05,True,2.895766963270073,3.0040776623295495,0.0016118661016124025,0.0010072933729861622
rich6d,240,66,8.858667904100815e-06,50,0.21226054500998376,0.209514843981067,0.0027457010289167892,2.017648825792093e-05,True,2.558574840447944,2.6449822316526093,0.0016118661016124025,0.0010072933729861622
rich6d,240,67,1.1288378916846883e-05,50,0.2369384604885345,0.23438243860268568,0.0025560218858488738,2.0020090064897395e-05,True,2.2655158717794674,2.334440404625538,0.0016118661016124025,0.0010072933729861622
rich6d,240,68,1.43844988828766e-05,50,0.2605297272874032,0.258207629020491,0.0023220982669122136,1.9131522942248797e-05,True,2.008816571417811,2.063784359094933,0.0016118661016124025,0.0010072933729861622
rich6d,240,69,1.8329807108324338e-05,50,0.28266295402385616,0.2805969581534616,0.0020659958703946168,1.7698749749265295e-05,True,1.7821653314470265,1.825989314173039,0.0016118661016124025,0.0010072933729861622
rich6d,240,70,2.3357214690901213e-05,50,0.30306951411586125,0.30126398564051465,0.0018055284753466072,1.5971220074730907e-05,True,1.5804315041394,1.6153567469966748,0.0016118661016124025,0.0010072933729861622
rich6d,240,71,2.976351441631313e-05,50,0.321574098743145,0.32002040495047607,0.001553693792668891,1.4161798486043512e-05,True,1.399437553826977,1.4272573446733003,0.0016118661016124025,0.0010072933729861622
rich6d,240,72,3.792690190732246e-05,50,0.3380898404473163,0.3367707229096337,0.0013191175376826014,1.2404447547671061e-05,True,1.2358074077941328,1.2579554538790836,0.0016118661016124025,0.0010072933729861622
rich6d,240,73,4.8329302385717524e-05,50,0.3526136552130095,0.35150678361196264,0.0011068716010468548,1.0761000060733403e-05,True,1.0868880106707244,1.104511222379231,0.0016118661016124025,0.0010072933729861622
rich6d,240,74,6.158482110660255e-05,50,0.3652167833763478,0.36429747570528326,0.0009193076710645931,9.250620382562819e-06,True,0.9507136210968875,0.964729452977876,0.0016118661016124025,0.0010072933729861622
rich6d,240,75,7.847599703514606e-05,50,0.37602877919403155,0.3752719968390928,0.0007567823549386899,7.876642141396348e-06,True,0.8259674894481526,0.8371092964878877,0.0016118661016124025,0.0010072933729861622
rich6d,240,76,0.0001,50,0.38521706229275376,0.3845987982746305,0.0006182640181232779,6.640087930829893e-06,True,0.7119010151119288,0.7207542571482715,0.0016118661016124025,0.0010072933729861622
rich6d,240,77,0.0001274274985703132,50,0.3929662134615651,0.39246437726156735,0.0005018361999978471,5.542223825114633e-06,True,0.608194089905785,0.6152255276052379,0.0016118661016124025,0.0010072933729861622
rich6d,240,78,0.00016237767391887175,50,0.39946092284650897,0.39905581869432466,0.000405104152184248,4.5826100570856845e-06,True,0.5147708608638709,0.5203522536129042,0.0016118661016124025,0.0010072933729861622
rich6d,240,79,0.00020691380811147902,50,0.40487467721647014,0.4045491727889716,0.0003255044274984553,3.757155136584255e-06,True,0.43160790276719496,0.43603524198374144,0.0016118661016124025,0.0010072933729861622
rich6d,240,80,0.00026366508987303556,50,0.40936415191811115,0.40910363119131254,0.0002605207267985454,3.0576843169044824e-06,True,0.3585765902539725,0.36208561173438303,0.0016118661016124025,0.0010072933729861622
rich6d,240,81,0.0003359818286283774,50,0.4130678291622034,0.41286001182440324,0.00020781733780018242,2.4727808063835737e-06,True,0.2953482179309147,0.2981267967078249,0.0016118661016124025,0.0010072933729861622
rich6d,240,82,0.00042813323987193956,50,0.41610694604235476,0.41594163812257995,0.0001653079197748064,1.9891674442130335e-06,True,0.2413681930663859,0.24356616342702164,0.0016118661016124025,0.0010072933729861622
rich6d,240,83,0.0005455594781168515,50,0.41858724928362745,0.4184560701897099,0.00013117909391741067,1.5930427001502672e-06,True,0.195885950571545,0.19762284992421766,0.0016118661016124025,0.0010072933729861622
rich6d,240,84,0.0006951927961775591,50,0.4206007099396438,0.4204968240591272,0.00010388588051668979,1.271085417888731e-06,True,0.15801727482683114,0.1593884516729643,0.0016118661016124025,0.0010072933729861622
rich6d,240,85,0.0008858667904100832,50,0.4222269288709197,0.4221447972004209,8.213167049875292e-05,1.011076127188137e-06,True,0.12681594276150215,0.12789739429965746,0.0016118661016124025,0.0010072933729861622
rich6d,240,86,0.0011288378916846883,50,0.4235342812765388,0.423469440189564,6.484108697476509e-05,8.022007858028402e-07,True,0.10133810195416819,0.10219032823876742,0.0016118661016124025,0.0010072933729861622
rich6d,240,87,0.00143844988828766,50,0.4245809378804229,0.4245298071256743,5.113075474859619e-05,6.35134300624768e-07,True,0.0806908890920217,0.0813619806707203,0.0016118661016124025,0.0010072933729861622
rich6d,240,88,0.0018329807108324375,50,0.4254158671616976,0.42537558637578593,4.0280785911745995e-05,5.019896350536862e-07,True,0.06406338399347249,0.06459150475634398,0.0016118661016124025,0.0010072933729861622
rich6d,240,89,0.002335721469090121,50,0.4260798580076704,0.42604814955947845,3.17084481919494e-05,3.961945261624948e-07,True,0.05074200037520299,0.05115738717184184,0.0016118661016124025,0.0010072933729861622
rich6d,240,90,0.002976351441631313,50,0.4266065523175564,0.42658160762197445,2.4944695581994303e-05,3.123361567380692e-07,True,0.04011410140425254,0.04044067385493367,0.0016118661016124025,0.0010072933729861622
rich6d,240,91,0.003792690190732238,50,0.42702345395906477,0.4270038401811707,1.9613777894107453e-05,2.459983535747751e-07,True,0.03166377893617364,0.0319204331515349,0.0016118661016124025,0.0010072933729861622
rich6d,240,92,0.004832930238571752,50,0.42735287825908225,0.4273374623872105,1.5415871871755637e-05,1.9360542506912665e-07,True,0.024963112609521734,0.025164758250978886,0.0016118661016124025,0.0010072933729861622
rich6d,240,93,0.006158482110660254,50,0.42761281501115206,0.42760070249248533,1.2112518666775873e-05,1.522800649864738e-07,True,0.019661359520636065,0.019819748759892078,0.0016118661016124025,0.0010072933729861622
rich6d,240,94,0.00784759970351459,50,0.42781768999375563,0.42780817542307537,9.514570680346779e-06,1.197185485542687e-07,True,0.015473707362654052,0.015598095628051192,0.0016118661016124025,0.0010072933729861622
rich6d,240,95,0.01,50,0.4279790208121389,0.42797154849232194,7.472319816921314e-06,9.408387190175644e-08,True,0.012170571546695817,0.012268242811755854,0.0016118661016124025,0.0010072933729861622
rich6d,240,96,3.766871968207506e-06,50,0.12469995567280374,0.12195464469774293,0.0027453109750607816,1.721951415554212e-05,True,4.014588577054739,4.20626635537074,0.0016118661016124025,0.0010072933729861622
rich6d,360,0,1e-12,50,2.082511584608324,0.8861122711779694,1.1963993134303548,0.03637564939338757,False,359.4542662499068,359.8325136207713,0.0016118661016124025,0.0010072933729861622
rich6d,360,1,1.2742749857031321e-12,50,2.0764710869456784,0.8857395080976918,1.1907315788479864,0.03615466143029134,False,359.305866798434,359.78664298250044,0.0016118661016124025,0.0010072933729861622
rich6d,360,2,1.6237767391887243e-12,50,2.068848076721856,0.88526514319938,1.1835829335224761,0.03587667458238644,False,359.1175505857285,359.7282326658623,0.0016118661016124025,0.0010072933729861622
rich6d,360,3,2.06913808111479e-12,50,2.05925263608451,0.8846617048414995,1.1745909312430098,0.035528187350114905,False,358.87884488006455,359.65386911759305,0.0016118661016124025,0.0010072933729861622
rich6d,360,4,2.6366508987303555e-12,50,2.047213219966417,0.8838944303219393,1.1633187896444774,0.03509320267253198,False,358.5766862053401,359.55921848391836,0.0016118661016124025,0.0010072933729861622
rich6d,360,5,3.359818286283788e-12,50,2.03216789955354,0.88291941520529,1.1492484843482496,0.03455317778016536,False,358.1948705158377,359.43878401728506,0.0016118661016124025,0.0010072933729861622
rich6d,360,6,4.281332398719396e-12,50,2.0134596913673293,0.8816813449540061,1.1317783464133238,0.033887246166639455,False,357.71343835623543,359.28560293746136,0.0016118661016124025,0.0010072933729861622
rich6d,360,7,5.455594781168514e-12,50,1.990339399766576,0.8801107471718262,1.1102286525947498,0.03307287163621686,False,357.1080173791789,359.09086973679206,0.0016118661016124025,0.0010072933729861622
rich6d,360,8,6.951927961775591e-12,50,1.9619804696686745,0.8781207155171309,1.083859754151544,0.03208712399933193,False,356.3491645939836,358.84347144760505,0.0016118661016124025,0.0010072933729861622
rich6d,360,9,8.858667904100833e-12,50,1.927511042562373,0.875603087852677,1.0519079547096954,0.03090876021271163,False,355.40177673777885,358.5294196731955,0.0016118661016124025,0.0010072933729861622
rich6d,360,10,1.1288378916846884e-11,50,1.8860680728074595,0.8724241229114433,1.0136439498960161,0.029521216159597536,False,354.22466691174776,358.1311650051212,0.0016118661016124025,0.0010072933729861622
rich6d,360,11,1.4384498882876659e-11,50,1.8368761168939955,0.8684198274490731,0.9684562894449226,0.027916420655091072,False,352.7704333117644,357.6267830258681,0.0016118661016124025,0.0010072933729861622
rich6d,360,12,1.8329807108324375e-11,50,1.7793484686828807,0.8633912591436057,0.9159572095392754,0.02609901195861982,False,350.9857614590347,356.98902921292347,0.0016118661016124025,0.0010072933729861622
rich6d,360,13,2.3357214690901212e-11,50,1.7132006224431888,0.8571003899886681,0.8561002324545207,0.024090107475056754,False,348.8122916345877,356.18427515975526,0.0016118661016124025,0.0010072933729861622
rich6d,360,14,2.976351441631313e-11,50,1.6385571001697539,0.8492674743728642,0.7892896257968897,0.0219293947316024,False,346.18813625239073,355.1713636354942,0.0016118661016124025,0.0010072933729861622
rich6d,360,15,3.7926901907322536e-11,50,1.5560259491706565,0.8395713164042806,0.7164546327663763,0.0196742266034065,False,343.05004429576576,353.9004582833167,0.0016118661016124025,0.0010072933729861622
rich6d,360,16,4.832930238571752e-11,50,1.4667152715992915,0.827654313622584,0.6390609579767077,0.017394871482077037,False,339.3360944456075,352.31201739312286,0.0016118661016124025,0.0010072933729861622
rich6d,360,17,6.158482110660255e-11,50,1.3721761318863575,0.8131345246567391,0.559041607229618,0.015166154593091669,False,334.98868562105514,350.3360892363998,0.0016118661016124025,0.0010072933729861622
rich6d,360,18,7.847599703514623e-11,50,1.2742747809406747,0.7956270049933282,0.4786477759473464,0.013057138288441125,False,329.9575221248586,347.8922015391251,0.0016118661016124025,0.0010072933729861622
rich6d,360,19,1e-10,50,1.175017627621937,0.7747759064116889,0.40024172121024804,0.011121619484684445,False,324.20228910594585,344.89018207557353,0.0016118661016124025,0.0010072933729861622
rich6d,360,20,1.274274985703132e-10,50,1.076365697255513,0.7502969640262444,0.3260687332292682,0.009392418090278805,False,317.69478454689784,341.23227061355385,0.0016118661016124025,0.0010072933729861622
rich6d,360,21,1.6237767391887175e-10,50,0.9800754871352434,0.7220268651932727,0.25804862194197076,0.007881305118747142,False,310.4203892070437,336.81682424271224,0.0016118661016124025,0.0010072933729861622
rich6d,360,22,2.0691380811147902e-10,50,0.8875910655699772,0.6899720764422684,0.1976189891277089,0.006584119319289425,False,302.3788738137526,331.5437412738282,0.0016118661016124025,0.0010072933729861622
rich6d,360,23,2.6366508987303556e-10,50,0.7999947070116824,0.6543463340432664,0.145648372968416,0.005488104390028058,False,293.5846272971714,325.32142325053775,0.0016118661016124025,0.0010072933729861622
rich6d,360,24,3.3598182862837877e-10,50,0.7180082686420297,0.6155851633373398,0.10242310530468997,0.004577418021364786,False,284.06642505026207,318.0747036807912,0.0016118661016124025,0.0010072933729861622
rich6d,360,25,4.281332398719396e-10,50,0.6420296514950938,0.5743291435386021,0.06770050795649174,0.0038343136252776116,False,273.86684721230625,309.752802559542,0.0016118661016124025,0.0010072933729861622
rich6d,360,26,5.455594781168515e-10,50,0.5721881548808416,0.5313751363231638,0.04081301855767782,0.003236999485032629,False,263.0414219214713,300.3361590947483,0.0016118661016124025,0.0010072933729861622
rich6d,360,27,6.951927961775591e-10,50,0.5084062769600937,0.48760386657226623,0.020802410387827347,0.0027580687210513543,False,251.65752823013466,289.8410617657835,0.0016118661016124025,0.0010072933729861622
rich6d,360,28,8.858667904100832e-10,50,0.45046000742982867,0.44389909437232383,0.006560913057504849,0.002366877193970026,True,239.79306414392056,278.32134659503384,0.0016118661016124025,0.0010072933729861622
rich6d,360,29,1.1288378916846883e-09,50,0.3980328546355262,0.40107499607737523,-0.003042141441849111,0.0020352680160236492,True,227.53487510604916,265.86696478521895,0.0016118661016124025,0.0010072933729861622
rich6d,360,30,1.4384498882876659e-09,50,0.35076057476181544,0.35982398118048875,-0.009063406418673297,0.001742715522354385,True,214.97694682709533,252.59975526808034,0.0016118661016124025,0.0010072933729861622
rich6d,360,31,1.8329807108324374e-09,50,0.3082646874779357,0.3206896033522005,-0.012424915874264768,0.001477867485972424,True,202.21838692407528,238.66714106082367,0.0016118661016124025,0.0010072933729861622
rich6d,360,32,2.335721469090121e-09,50,0.2701741780015923,0.2840620893348637,-0.013887911333271339,0.0012367057511858443,False,189.3612431964376,224.23462950305645,0.0016118661016124025,0.0010072933729861622
rich6d,360,33,2.9763514416313133e-09,50,0.23613645297161182,0.2501898048101371,-0.014053351838525331,0.0010193683116042703,False,176.50822529127083,209.47795635629143,0.0016118661016124025,0.0010072933729861622
rich6d,360,34,3.792690190732238e-09,50,0.2058201867672891,0.21919918476410027,-0.013378997996811182,0.0008273591885636734,False,163.76040840371388,194.57554788244713,0.0016118661016124025,0.0010072933729861622
rich6d,360,35,4.832930238571752e-09,50,0.17891354987850533,0.19111723295147776,-0.012203683072972421,0.0006617965480260147,False,151.21500404427596,179.70176589828168,0.0016118661016124025,0.0010072933729861622
rich6d,360,36,6.158482110660254e-09,50,0.15512112128316555,0.1658931094550931,-0.01077198817192752,0.0005225991740907813,False,138.96328623580834,165.02120738478723,0.0016118661016124025,0.0010072933729861622
rich6d,360,37,7.847599703514623e-09,50,0.13416171061854054,0.14341737576382138,-0.009255665145280837,0.00040830965935792035,False,127.08876150915401,150.68418007267906,0.0016118661016124025,0.0010072933729861622
rich6d,360,38,1e-08,50,0.11576788646565081,0.12353862786715261,-0.007770741401501813,0.00031633600882026094,False,115.66566305084051,136.82337131691693,0.0016118661016124025,0.0010072933729861622
rich6d,360,39,1.274274985703132e-08,50,0.09968682891782604,0.1060776177690071,-0.006390788851181035,0.00024345124163942103,False,104.75782649806149,123.55165856686419,0.0016118661016124025,0.0010072933729861622
rich6d,360,40,1.623776739188721e-08,50,0.0856815864305958,0.09083896148326243,-0.005157375052666624,0.00018634641618108124,False,94.41796504738076,110.96096151096937,0.0016118661016124025,0.0010072933729861622
rich6d,360,41,2.0691380811147902e-08,50,0.07353196215077153,0.07762054195288975,-0.004088579802118235,0.00014202402913583115,False,84.68731475242977,99.12199951826233,0.0016118661016124025,0.0010072933729861622
rich6d,360,42,2.6366508987303555e-08,50,0.06303482369595578,0.06622088174309422,-0.0031860580471384336,0.0001079429550469536,False,75.59558902944188,88.08479484303508,0.0016118661016124025,0.0010072933729861622
rich6d,360,43,3.3598182862837814e-08,50,0.054004211539858196,0.05644498778772048,-0.0024407762478622953,8.198916172425496e-05,True,67.16118487868002,77.87976147303499,0.0016118661016124025,0.0010072933729861622
rich6d,360,44,4.281332398719396e-08,50,0.04627185251709383,0.048109263333733845,-0.001837410816640015,6.240327431350131e-05,True,59.39162135702401,68.51924596755373,0.0016118661016124025,0.0010072933729861622
rich6d,360,45,5.4555947811685146e-08,50,0.03968844492770304,0.04104591725404086,-0.0013574723263378163,4.773544766189148e-05,True,52.28423317225191,59.99942634049788,0.0016118661016124025,0.0010072933729861622
rich6d,360,46,6.951927961775605e-08,50,0.03412558174779359,0.03510695730127794,-0.0009813755534843426,3.682166216987871e-05,True,45.82714643653933,52.30249756180648,0.0016118661016124025,0.0010072933729861622
rich6d,360,47,8.858667904100815e-08,50,0.029477855155654348,0.030167611437289327,-0.0006897562816349723,2.8758004459127774e-05,False,40.000510404607304,45.399053962587686,0.0016118661016124025,0.0010072933729861622
rich6d,360,48,1.1288378916846883e-07,50,0.025664894687701934,0.02612917110116936,-0.000464276413467426,2.2872873978780162e-05,False,34.77787745831554,39.25053084614299,0.0016118661016124025,0.0010072933729861622
rich6d,360,49,1.438449888287663e-07,50,0.02263379158666171,0.022921815348274838,-0.0002880237616131298,1.8705657763500125e-05,False,30.127576585727734,33.81153684463145,0.0016118661016124025,0.0010072933729861622
rich6d,360,50,1.8329807108324338e-07,50,0.020363065808216882,0.020508589501313786,-0.00014552369309690728,1.5976411554545937e-05,False,26.013958642813257,29.031939879288508,0.0016118661016124025,0.0010072933729861622
rich6d,360,51,2.3357214690901212e-07,50,0.018869426372380572,0.018891832049376986,-2.240567699641538e-05,1.4507750929041871e-05,False,22.398487306874493,24.85865909475106,0.0016118661016124025,0.0010072933729861622
rich6d,360,52,2.976351441631313e-07,50,0.018217766825773248,0.018122646089093197,9.512073668004994e-05,1.4098878275160492e-05,False,19.240735454121104,21.237204578635136,0.0016118661016124025,0.0010072933729861622
rich6d,360,53,3.792690190732246e-07,50,0.018533313221359492,0.018312604465501828,0.00022070875585766591,1.4450366534060448e-05,False,16.499357574574855,18.113033265505845,0.0016118661016124025,0.0010072933729861622
rich6d,360,54,4.832930238571752e-07,50,0.02001300924463132,0.019645111847645627,0.0003678973969856925,1.521402365758457e-05,False,14.13304583332517,15.432745149800153,0.0016118661016124025,0.0010072933729861622
rich6d,360,55,6.158482110660254e-07,50,0.02293137086719844,0.022381994526045616,0.0005493763411528185,1.6086146041360437e-05,False,12.101404553158206,13.145082567639829,0.0016118661016124025,0.0010072933729861622
rich6d,360,56,7.847599703514607e-07,50,0.02763442831662347,0.02685917959145534,0.000775248725168134,1.6852312699787495e-05,False,10.36566047870732,11.201679160711114,0.0016118661016124025,0.0010072933729861622
rich6d,360,57,1e-06,50,0.034514774718804146,0.03346446117967251,0.001050313539131642,1.737865958072933e-05,True,8.889173205839912,9.557547421568819,0.0016118661016124025,0.0010072933729861622
rich6d,360,58,1.2742749857031322e-06,50,0.04396281139767257,0.042591917133446115,0.0013708942642264455,1.7573317787713736e-05,True,7.637775229856882,8.171353471139403,0.0016118661016124025,0.0010072933729861622
rich6d,360,59,1.6237767391887209e-06,50,0.056295772424323196,0.054573384673630126,0.0017223877506930751,1.7353476289282944e-05,True,6.580002111426841,7.005555062110505,0.0016118661016124025,0.0010072933729861622
rich6d,360,60,2.06913808111479e-06,50,0.0716767790311255,0.0695976680148112,0.002079111016314288,1.66714576129565e-05,True,5.687257020726231,6.0264596270871005,0.0016118661016124025,0.0010072933729861622
rich6d,360,61,2.6366508987303555e-06,50,0.09004677583999818,0.08763913293068032,0.0024076429093178686,1.562187917416827e-05,True,4.933917076334483,5.204218958971123,0.0016118661016124025,0.0010072933729861622
rich6d,360,62,3.359818286283781e-06,50,0.11109530137695517,0.10842182653587631,0.0026734748410788467,1.4547591368424727e-05,True,4.297365857820428,4.512750425409075,0.0016118661016124025,0.0010072933729861622
rich6d,360,63,4.281332398719387e-06,50,0.1342860109661261,0.131437031824522,0.0028489791416041288,1.3947802466536771e-05,True,3.757940050454863,3.929575521326476,0.0016118661016124025,0.0010072933729861622
rich6d,360,64,5.455594781168514e-06,50,0.15893199868789465,0.15601231793445428,0.0029196807534403522,1.4079057470547295e-05,True,3.298796183375229,3.4355836792937797,0.0016118661016124025,0.0010072933729861622
rich6d,360,65,6.951927961775606e-06,50,0.18429535890348805,0.18140890289400535,0.002886456009482703,1.4662448613608495e-05,True,2.9057161710451727,3.014742433573921,0.0016118661016124025,0.0010072933729861622
rich6d,360,66,8.858667904100815e-06,50,0.20967770388566115,0.2069144489017531,0.0027632549839081257,1.5157516026212353e-05,True,2.566869201768681,2.6537742747394533,0.0016118661016124025,0.0010072933729861622
rich6d,360,67,1.1288378916846883e-05,50,0.23447780564570347,0.23190587466370896,0.002571930981994497,1.5182252731971032e-05,True,2.272539340012491,2.3418117217365273,0.0016118661016124025,0.0010072933729861622
rich6d,360,68,1.43844988828766e-05,50,0.2582118920122913,0.25587531524029805,0.0023365767719932397,1.4641476819785594e-05,True,2.0148258430716646,2.0700381475153473,0.0016118661016124025,0.0010072933729861622
rich6d,360,69,1.8329807108324338e-05,50,0.2805087192405204,0.27842948731825384,0.0020792319222666025,1.3645709776444859e-05,True,1.7873323122468863,1.831329267917184,0.0016118661016124025,0.0010072933729861622
rich6d,360,70,2.3357214690901213e-05,50,0.30109676056129947,0.29927912215427666,0.0018176384070228303,1.2384177179197133e-05,True,1.5848746956761517,1.619923097408367,0.0016118661016124025,0.0010072933729861622
rich6d,360,71,2.976351441631313e-05,50,0.3197950699726614,0.3182303488415817,0.0015647211310797205,1.1029180570110533e-05,True,1.4032435947345567,1.4311515963026364,0.0016118661016124025,0.0010072933729861622
rich6d,360,72,3.792690190732246e-05,50,0.3365095578944596,0.33518049704763186,0.0013290608468277897,9.693453716065454e-06,True,1.2390445738641238,1.261256084989081,0.0016118661016124025,0.0010072933729861622
rich6d,360,73,4.8329302385717524e-05,50,0.3512297726898694,0.35011405317094557,0.00111571951892371,8.431835395593982e-06,True,1.0896140276425503,1.1072830079226097,0.0016118661016124025,0.0010072933729861622
rich6d,360,74,6.158482110660255e-05,50,0.36402062735408186,0.3630935618534491,0.0009270655006327866,7.263813232060084e-06,True,0.9529801424921538,0.9670289691636469,0.0016118661016124025,0.0010072933729861622
rich6d,360,75,7.847599703514606e-05,50,0.3750070352497739,0.37424355073755494,0.0007634845122189793,6.195152662807623e-06,True,0.8278229604833152,0.8389884742254502,0.0016118661016124025,0.0010072933729861622
rich6d,360,76,0.0001,50,0.3843535703228767,0.3837295960871557,0.0006239742357209743,5.229089134666713e-06,True,0.7133927031834827,0.7222628703492222,0.0016118661016124025,0.0010072933729861622
rich6d,360,77,0.0001274274985703132,50,0.39224351424977866,0.39173687370225724,0.0005066405475214975,4.368574010886592e-06,True,0.6093692898768904,0.6164127002158988,0.0016118661016124025,0.0010072933729861622
rich6d,360,78,0.00016237767391887175,50,0.39886141527941565,0.3984523135994656,0.000409101679950159,3.6147529619094225e-06,True,0.5156770148195962,0.5212667780858682,0.0016118661016124025,0.0010072933729861622
rich6d,360,79,0.00020691380811147902,50,0.4043814027865666,0.40405260427895373,0.00032879850761286856,2.965416752546206e-06,True,0.43229160370717046,0.43672471488042325,0.0016118661016124025,0.0010072933729861622
rich6d,360,80,0.00026366508987303556,50,0.4089612917104338,0.4086980792924508,0.0002632124179830764,2.414716356888093e-06,True,0.35908185902408585,0.3625947999775117,0.0016118661016124025,0.0010072933729861622
rich6d,360,81,0.0003359818286283774,50,0.41274099951987686,0.41253099855943537,0.00021000096044136994,1.953946974507188e-06,True,0.2957146950948053,0.2984958920719211,0.0016118661016124025,0.0010072933729861622
rich6d,360,82,0.00042813323987193956,50,0.41584335222459656,0.41567628371479964,0.00016706850979694154,1.5727699518818508e-06,True,0.24162981914769277,0.24382950878206394,0.0016118661016124025,0.0010072933729861622
rich6d,360,83,0.0005455594781168515,50,0.41837573190734695,0.41824314063144447,0.0001325912759024539,1.2603654096358242e-06,True,0.19607041659100502,0.1978084251651419,0.0016118661016124025,0.0010072933729861622
rich6d,360,84,0.0006951927961775591,50,0.4204317073665173,0.4203266936285152,0.0001050137380020666,1.006276998716195e-06,True,0.15814621202199702,0.15951809149493829,0.0016118661016124025,0.0010072933729861622
rich6d,360,85,0.0008858667904100832,50,0.4220923765539243,0.42200934728421835,8.302926970593205e-05,8.009184469804196e-07,True,0.12690562786178552,0.12798751584957463,0.0016118661016124025,0.0010072933729861622
rich6d,360,86,0.0011288378916846883,50,0.42342746949362914,0.42336191610729496,6.555338633419616e-05,6.358116735652634e-07,True,0.10140040864997812,0.10225290018046884,0.0016118661016124025,0.0010072933729861622
rich6d,360,87,0.00143844988828766,50,0.42449634806185244,0.42444465336200055,5.1694699852018463e-05,5.036467023666789e-07,True,0.08073426781141453,0.08140551643912129,0.0016118661016124025,0.0010072933729861622
rich6d,360,88,0.0018329807108324375,50,0.42534900347489013,0.42530827702637025,4.0726448519945444e-05,3.9823740754494687e-07,True,0.06409373711757693,0.06462194777888866,0.0016118661016124025,0.0010072933729861622
rich6d,360,89,0.002335721469090121,50,0.42602708611381135,0.4259950259959915,3.2060117819761036e-05,3.144233357127311e-07,True,0.05076339610846513,0.051178831938662454,0.0016118661016124025,0.0010072933729861622
rich6d,360,90,0.002976351441631313,50,0.42656495255753896,0.4265397306860037,2.5221871535183738e-05,2.4794853942178915e-07,True,0.04012932043809064,0.04045591761552325,0.0016118661016124025,0.0010072933729861622
rich6d,360,91,0.003792690190732238,50,0.4269906924471782,0.42697086040903043,1.983203814773571e-05,1.9533552594536058e-07,True,0.03167471449458236,0.03193137938968446,0.0016118661016124025,0.0010072933729861622
rich6d,360,92,0.004832930238571752,50,0.42732709669545493,0.42731150908141247,1.5587614042475993e-05,1.5376452515857814e-07,True,0.024971053699511695,0.025172702220625127,0.0016118661016124025,0.0010072933729861622
rich6d,360,93,0.006158482110660254,50,0.42759253836449035,0.42758029078491366,1.2247579576625257e-05,1.2096346225236246e-07,True,0.01966718677600262,0.019825574823185546,0.0016118661016124025,0.0010072933729861622
rich6d,360,94,0.00784759970351459,50,0.42780175031703366,0.4277921295802193,9.620736814386355e-06,9.511103761040704e-08,True,0.015478026225367219,0.015602411397777101,0.0016118661016124025,0.0010072933729861622
rich6d,360,95,0.01,50,0.4279664950897849,0.42795893934656404,7.555743220792887e-06,7.47534622549844e-08,True,0.012173801861918066,0.012271469355446709,0.0016118661016124025,0.0010072933729861622
rich6d,360,96,2.9534260682300513e-06,50,0.0995941694359707,0.09705235405244725,0.0025418153835234467,1.5091974607046337e-05,True,4.622675210419236,4.865715078227874,0.0016118661016124025,0.0010072933729861622
rich6d,540,0,1e-12,50,7.505228865391722,1.2938169108465392,6.211411954545183,0.20145966305602267,False,504.7347663872099,539.2508839467313,0.0016118661016124025,0.0010072933729861622
rich6d,540,1,1.2742749857031321e-12,50,6.946209178202372,1.291641858389916,5.654567319812457,0.17898449761639054,False,503.2025798384579,539.0465501204343,0.0016118661016124025,0.0010072933729861622
rich6d,540,2,1.6237767391887243e-12,50,6.387185346653752,1.2888855322496926,5.09829981440406,0.1578314741509156,False,501.412057084431,538.7868702163055,0.0016118661016124025,0.0010072933729861622
rich6d,540,3,2.06913808111479e-12,50,5.8379943874195614,1.2853977805111123,4.552596606908449,0.13807360870575267,False,499.335005673709,538.4570916739484,0.0016118661016124025,0.0010072933729861622
rich6d,540,4,2.6366508987303555e-12,50,5.307186506217606,1.2809927862220432,4.026193719995562,0.11979126462382865,False,496.9422138277298,538.038674345728,0.0016118661016124025,0.0010072933729861622
rich6d,540,5,3.359818286283788e-12,50,4.801635626806458,1.2754424539944507,3.526193172812007,0.10306016305242723,False,494.20338136455854,537.5084047822679,0.0016118661016124025,0.0010072933729861622
rich6d,540,6,4.281332398719396e-12,50,4.32637454159981,1.2684696888861666,3.057904852713644,0.08793154814548572,False,491.08705021882383,536.8373547916527,0.0016118661016124025,0.0010072933729861622
rich6d,540,7,5.455594781168514e-12,50,3.88462409069396,1.2597423460955455,2.624881744598415,0.07442030702622061,False,487.56058083793533,535.989687806878,0.0016118661016124025,0.0010072933729861622
rich6d,540,8,6.951927961775591e-12,50,3.4779699424863906,1.2488691212866412,2.2291008211997494,0.06250563364042823,False,483.59021532220146,534.9213388007477,0.0016118661016124025,0.0010072933729861622
rich6d,540,9,8.858667904100833e-12,50,3.1066341217187254,1.2353992738541208,1.8712348478646046,0.0521394452567589,False,479.1412574788365,533.5786284581184,0.0016118661016124025,0.0010072933729861622
rich6d,540,10,1.1288378916846884e-11,50,2.7697878227170003,1.2188287555466657,1.5509590671703348,0.0432553965334617,False,474.17838804252415,531.8969227904431,0.0016118661016124025,0.0010072933729861622
rich6d,540,11,1.4384498882876659e-11,50,2.4658581929713708,1.1986158666206257,1.267242326350745,0.035773865912038426,False,468.6661236370279,529.7995156400888,0.0016118661016124025,0.0010072933729861622
rich6d,540,12,1.8329807108324375e-11,50,2.192795363465491,1.1742096330284415,1.0185857304370498,0.02960118040974386,False,462.569422410639,527.1969884028038,0.0016118661016124025,0.0010072933729861622
rich6d,540,13,2.3357214690901212e-11,50,1.9482838735692538,1.1450931871072094,0.8031906864620444,0.02462312350813448,False,455.85443724402865,523.9873744328194,0.0016118661016124025,0.0010072933729861622
rich6d,540,14,2.976351441631313e-11,50,1.7298988138583247,1.1108420097927079,0.6190568040656167,0.0206954965926533,False,448.4894164712261,520.0574985997805,0.0016118661016124025,0.0010072933729861622
rich6d,540,15,3.7926901907322536e-11,50,1.5352165760624754,1.0711927222438005,0.46402385381867506,0.017639283516952053,False,440.4457486153053,515.2858383947915,0.0016118661016124025,0.0010072933729861622
rich6d,540,16,4.832930238571752e-11,50,1.3618920787448048,1.026112752609136,0.3357793261356691,0.015250209036962118,False,431.6991390354186,509.54712436549664,0.0016118661016124025,0.0010072933729861622
rich6d,540,17,6.158482110660255e-11,50,1.2077114405699176,0.9758563659641181,0.23185507460579957,0.013324976950032572,False,422.23089248597256,502.7186468982558,0.0016118661016124025,0.0010072933729861622
rich6d,540,18,7.847599703514623e-11,50,1.0706251733920606,0.9209908714347216,0.14963430195733918,0.011692577967699062,False,412.0292589279807,494.6878903965953,0.0016118661016124025,0.0010072933729861622
rich6d,540,19,1e-10,50,0.9487646834868319,0.8623806417083699,0.08638404177846201,0.010234228796996708,False,401.0907839959706,485.36075860957294,0.0016118661016124025,0.0010072933729861622
rich6d,540,20,1.274274985703132e-10,50,0.8404447551241689,0.8011260957490342,0.0393186593751351,0.008885112664617997,False,389.42159284361543,474.6694080572726,0.0016118661016124025,0.0010072933729861622
rich6d,540,21,1.6237767391887175e-10,50,0.7441557835192628,0.7384670277270987,0.005688755792164244,0.007622798328724961,True,377.03852778010236,462.57867658470735,0.0016118661016124025,0.0010072933729861622
rich6d,540,22,2.0691380811147902e-10,50,0.6585503576403611,0.67566953680977,-0.01711917916940894,0.006450981219303201,True,363.9700567970137,449.0903114223977,0.0016118661016124025,0.0010072933729861622
rich6d,540,23,2.6366508987303556e-10,50,0.5824283683882271,0.6139190570112826,-0.03149068862305554,0.005384704912648998,False,350.25687272662003,434.2445957870116,0.0016118661016124025,0.0010072933729861622
rich6d,540,24,3.3598182862837877e-10,50,0.5147231905968682,0.5542377372107632,-0.039514546613894905,0.004439602512582529,False,335.95211228824394,418.1194091491232,0.0016118661016124025,0.0010072933729861622
rich6d,540,25,4.281332398719396e-10,50,0.45448958979887527,0.4974354299887856,-0.042945840189910316,0.003625395037391627,False,321.1211406125028,400.82710223826484,0.0016118661016124025,0.0010072933729861622
rich6d,540,26,5.455594781168515e-10,50,0.4008928077389801,0.44409409958398627,-0.043201291845006144,0.0029429894438223773,False,305.8408687156259,382.5097535493689,0.0016118661016124025,0.0010072933729861622
rich6d,540,27,6.951927961775591e-10,50,0.353198069137309,0.39457886656722535,-0.041380797429916294,0.002384389821575392,False,290.19859724215496,363.33340351681477,0.0016118661016124025,0.0010072933729861622
rich6d,540,28,8.858667904100832e-10,50,0.310760124485189,0.3490662702932398,-0.038306145808050814,0.0019346945141278796,False,274.2904087062114,343.48178745644805,0.0016118661016124025,0.0010072933729861622
rich6d,540,29,1.1288378916846883e-09,50,0.27301284983463814,0.3075808501400165,-0.034568000305378294,0.0015753718391521305,False,258.2191619588121,323.1499709992015,0.0016118661016124025,0.0010072933729861622
rich6d,540,30,1.4384498882876659e-09,50,0.23945911425129554,0.2700332331872444,-0.030574118935948892,0.0012877704019826903,False,242.09217490186012,302.538178316086,0.0016118661016124025,0.0010072933729861622
rich6d,540,31,1.8329807108324374e-09,50,0.20966116332558107,0.23625522328617848,-0.026594059960597355,0.0010557569229314606,False,226.01870979294844,281.84601607549445,0.0016118661016124025,0.0010072933729861622
rich6d,540,32,2.335721469090121e-09,50,0.18323178098195214,0.20602928511051988,-0.022797504128567736,0.0008668291854743133,False,210.1073925384817,261.26723733626625,0.0016118661016124025,0.0010072933729861622
rich6d,540,33,2.9763514416313133e-09,50,0.15982649603802457,0.1791112790550256,-0.01928478301700103,0.0007118477536626215,False,194.46369665291652,240.98515146581835,0.0016118661016124025,0.0010072933729861622
rich6d,540,34,3.792690190732238e-09,50,0.1391370317511921,0.15524649146624733,-0.016109459715055226,0.000584088827344327,False,179.1876031715137,221.1687577730273,0.0016118661016124025,0.0010072933729861622
rich6d,540,35,4.832930238571752e-09,50,0.12088604398626984,0.13417994523338572,-0.013293901247115885,0.000478331051399271,False,164.37151752196783,201.96965308726882,0.0016118661016124025,0.0010072933729861622
rich6d,540,36,6.158482110660254e-09,50,0.1048230324225454,0.1156625285557848,-0.010839496133239415,0.0003903328052881891,False,150.09849737331567,183.51973370413126,0.0016118661016124025,0.0010072933729861622
rich6d,540,37,7.847599703514623e-09,50,0.09072121698733449,0.09945453364102227,-0.008733316653687793,0.00031667563517950344,False,136.44083341206783,165.92968307966913,0.0016118661016124025,0.0010072933729861622
rich6d,540,38,1e-08,50,0.0783751448546102,0.08532783293136548,-0.00695268807675528,0.00025475547099713616,False,123.4590257380539,149.2882141162576,0.0016118661016124025,0.0010072933729861622
rich6d,540,39,1.274274985703132e-08,50,0.06759877880215363,0.073067384198912,-0.005468605396758371,0.0002027226860034063,False,111.20119363835337,133.66201952136987,0.0016118661016124025,0.0010072933729861622
rich6d,540,40,1.623776739188721e-08,50,0.0582238138903175,0.062472306584939546,-0.004248492694622035,0.00015930453880961545,False,99.7029251430717,119.09636732200892,0.0016118661016124025,0.0010072933729861622
rich6d,540,41,2.0691380811147902e-08,50,0.05009805152303629,0.05335655744823614,-0.0032585059251998482,0.00012356212978133438,False,88.98751553494508,105.61625203169626,0.0016118661016124025,0.0010072933729861622
rich6d,540,42,2.6366508987303555e-08,50,0.04308387555353093,0.045549273205682965,-0.0024653976521520284,9.467326126763792e-05,False,79.06649250571824,93.2279802239619,0.0016118661016124025,0.0010072933729861622
rich6d,540,43,3.3598182862837814e-08,50,0.037057129725757434,0.03889500163385734,-0.0018378719080999063,7.18032810923273e-05,False,69.94032144434435,81.92105518284845,0.0016118661016124025,0.0010072933729861622
rich6d,540,44,4.281332398719396e-08,50,0.03190678748104589,0.033254164007856635,-0.0013473765268107484,5.4072906577271864e-05,False,61.59923908332719,71.67024930398992,0.0016118661016124025,0.0010072933729861622
rich6d,540,45,5.4555947811685146e-08,50,0.027535611879009884,0.02850400087969075,-0.0009683890006808648,4.059269666167094e-05,False,54.02423821920376,62.437804781983225,0.0016118661016124025,0.0010072933729861622
rich6d,540,46,6.951927961775605e-08,50,0.023861645909280225,0.024540007303856234,-0.0006783613945760058,3.0522698283696094e-05,False,47.18825496174545,54.1757394986703,0.0016118661016124025,0.0010072933729861622
rich6d,540,47,8.858667904100815e-08,50,0.02082017193855853,0.021277680112972163,-0.00045750817441363,2.3127293189432192e-05,False,41.05755744098439,46.82821630708639,0.0016118661016124025,0.0010072933729861622
rich6d,540,48,1.1288378916846883e-07,50,0.018365999280691426,0.018654535096937506,-0.00028853581624607824,1.7813972515584706e-05,False,35.59323494750758,40.33386947748334,0.0016118661016124025,0.0010072933729861622
rich6d,540,49,1.438449888287663e-07,50,0.01647652744691462,0.016632827615366937,-0.00015630016845231688,1.415428287558955e-05,False,30.75262252668141,34.627933676144885,0.0016118661016124025,0.0010072933729861622
rich6d,540,50,1.8329807108324338e-07,50,0.01515658450031564,0.015203914054562194,-4.73295542465535e-05,1.1874693879351478e-05,False,26.49053018748951,29.64404913115711,0.0016118661016124025,0.0010072933729861622
rich6d,540,51,2.3357214690901212e-07,50,0.014446064022255296,0.014395266939839719,5.0797082415576786e-05,1.078697086960131e-05,False,22.760258538500175,25.3157180123149,0.0016118661016124025,0.0010072933729861622
rich6d,540,52,2.976351441631313e-07,50,0.014430649069397769,0.01428053404643399,0.00015011502296377932,1.0670114050429512e-05,False,19.514484675957892,21.577488467334014,0.0016118661016124025,0.0010072933729861622
rich6d,540,53,3.792690190732246e-07,50,0.015254548221047316,0.014991780405411215,0.0002627678156361002,1.1220773768388578e-05,False,16.706114342487854,18.36596749605572,0.0016118661016124025,0.0010072933729861622
rich6d,540,54,4.832930238571752e-07,50,0.01713245418563012,0.016731411810804352,0.00040104237482576857,1.2121242146347615e-05,False,14.289120861633096,15.62070421692578,0.0016118661016124025,0.0010072933729861622
rich6d,540,55,6.158482110660254e-07,50,0.020356065378837274,0.019779430693408734,0.0005766346854285387,1.3110213631109925e-05,False,12.219304556186678,13.284906997091365,0.0016118661016124025,0.0010072933729861622
rich6d,540,56,7.847599703514607e-07,50,0.025288756193164265,0.024489851137326893,0.0007989050558373667,1.3993831534391041e-05,False,10.454884040515047,11.305934570510544,0.0016118661016124025,0.0010072933729861622
rich6d,540,57,1e-06,50,0.03234121092591241,0.03126907873175186,0.0010721321941605532,1.4624744905664932e-05,True,8.956882398510054,9.635546622270565,0.0016118661016124025,0.0010072933729861622
rich6d,540,58,1.2742749857031322e-06,50,0.04192279460957362,0.040530514648284485,0.0013922799612891223,1.4879453744245794e-05,True,7.6893434675752586,8.22996537099437,0.0016118661016124025,0.0010072933729861622
rich6d,540,59,1.6237767391887209e-06,50,0.054369939585249834,0.052625487597385494,0.0017444519878643439,1.4659273201686386e-05,True,6.6194476780901566,7.049829817401396,0.0016118661016124025,0.0010072933729861622
rich6d,540,60,2.06913808111479e-06,50,0.06986368392833979,0.06776104716708856,0.0021026367612512285,1.3941650970037468e-05,True,5.717578572217791,6.060102959609968,0.0016118661016124025,0.0010072933729861622
rich6d,540,61,2.6366508987303555e-06,50,0.08835946777325766,0.08592648270547372,0.002432985067783928,1.2880109818350889e-05,True,4.957349732783966,5.229947622679077,0.0016118661016124025,0.0010072933729861622
rich6d,540,62,3.359818286283781e-06,50,0.10955580745818383,0.10685533305641055,0.0027004744017732605,1.1874489926148397e-05,True,4.315575074359814,4.532556444293914,0.0016118661016124025,0.0010072933729861622
rich6d,540,63,4.281332398719387e-06,50,0.13291861714216685,0.13004164582797448,0.002876971314192376,1.142904309608938e-05,True,3.7721674592482737,3.944921333953422,0.0016118661016124025,0.0010072933729861622
rich6d,540,64,5.455594781168514e-06,50,0.1577568176616349,0.15480918715978195,0.002947630501852949,1.1721199729758282e-05,True,3.309968699206077,3.447545415104132,0.0016118661016124025,0.0010072933729861622
rich6d,540,65,6.951927961775606e-06,50,0.1833236533810777,0.18041046696719196,0.002913186413885742,1.2388056478953798e-05,True,2.914527370824114,3.0241147083023594,0.0016118661016124025,0.0010072933729861622
rich6d,540,66,8.858667904100815e-06,50,0.20890981497713315,0.2061221245922549,0.0027876903848782584,1.289594835987759e-05,True,2.573840106331789,2.6611468383642625,0.0016118661016124025,0.0010072933729861622
rich6d,540,67,1.1288378916846883e-05,50,0.23390367502572068,0.2313103944882144,0.002593280537506342,1.2918991012312638e-05,True,2.278063959863504,2.347625649971075,0.0016118661016124025,0.0010072933729861622
rich6d,540,68,1.43844988828766e-05,50,0.2578134736752487,0.2554590526497216,0.0023544210255271557,1.2402596282673534e-05,True,2.01920522105686,2.074626980031536,0.0016118661016124025,0.0010072933729861622
rich6d,540,69,1.8329807108324338e-05,50,0.2802632646212088,0.27816974886603246,0.002093515755176352,1.1468794113902868e-05,True,1.790799560990757,1.8349487628227918,0.0016118661016124025,0.0010072933729861622
rich6d,540,70,2.3357214690901213e-05,50,0.30098000958870275,0.2991514107878174,0.001828598800885426,1.030214065594333e-05,True,1.5876128670049974,1.6227722399847093,0.0016118661016124025,0.0010072933729861622
rich6d,540,71,2.976351441631313e-05,50,0.3197836594035078,0.3182108745248993,0.0015727848786084842,9.067724971298136e-06,True,1.4053980316426027,1.4333870479753563,0.0016118661016124025,0.0010072933729861622
rich6d,540,72,3.792690190732246e-05,50,0.33658233763879936,0.3352475954941324,0.0013347421446669382,7.87389260180866e-06,True,1.2407313680506595,1.2630020496505256,0.0016118661016124025,0.0010072933729861622
rich6d,540,73,4.8329302385717524e-05,50,0.35136809972462607,0.3502485626352425,0.0011195370893836464,6.772436317435934e-06,True,1.090926047774748,1.1086382145140181,0.0016118661016124025,0.0010072933729861622
rich6d,540,74,6.158482110660255e-05,50,0.36420799392032627,0.3632785060419299,0.0009294878783963601,5.778171928221746e-06,True,0.9539917208079273,0.9680720120907261,0.0016118661016124025,0.0010072933729861622
rich6d,540,75,7.847599703514606e-05,50,0.37522850588810863,0.3744636029167385,0.0007649029713701072,4.889757292283462e-06,True,0.8285938313409293,0.8397822056706427,0.0016118661016124025,0.0010072933729861622
rich6d,540,76,0.0001,50,0.38459542512249656,0.3839707280721154,0.000624697050381171,4.102252882613882e-06,True,0.7139713525072736,0.7228580682917307,0.0016118661016124025,0.0010072933729861622
rich6d,540,77,0.0001274274985703132,50,0.39249327791219607,0.3919863776485808,0.0005069002636153485,3.4112506986046654e-06,True,0.6097956335719412,0.6168509722575063,0.0016118661016124025,0.0010072933729861622
rich6d,540,78,0.00016237767391887175,50,0.3991082085288937,0.39869914050196587,0.00040906802692792566,2.8125610639978504e-06,True,0.5159843102612166,0.5215826331764,0.0016118661016124025,0.0010072933729861622
rich6d,540,79,0.00020691380811147902,50,0.40461639817878425,0.4042878061608323,0.0003285920179517832,2.300969285705327e-06,True,0.43250763734863745,0.43694686542066385,0.0016118661016124025,0.0010072933729861622
rich6d,540,80,0.00026366508987303556,50,0.4091780404833944,0.4089151241435326,0.0002629163398618273,1.8696417245591576e-06,True,0.3592296119079121,0.3627469099802915,0.0016118661016124025,0.0010072933729861622
rich6d,540,81,0.0003359818286283774,50,0.41293548976060335,0.4127258189399388,0.00020967082066447373,1.510349440244386e-06,True,0.2958127569952175,0.29859705200050174,0.0016118661016124025,0.0010072933729861622
rich6d,540,82,0.00042813323987193956,50,0.4160137859871893,0.41584704643662024,0.0001667395505690239,1.2141289063273066e-06,True,0.24169277528464655,0.2438946677837407,0.0016118661016124025,0.0010072933729861622
rich6d,540,83,0.0005455594781168515,50,0.41852210315012106,0.4183898189401616,0.00013228420995961665,9.719883559070952e-07,True,0.19610931883327087,0.1978488970198567,0.0016118661016124025,0.0010072933729861622
rich6d,540,84,0.0006951927961775591,50,0.4205552969196479,0.4204505577241596,0.0001047391954881971,7.75444484322247e-07,True,0.1581691398871834,0.1595421423442137,0.0016118661016124025,0.0010072933729861622
rich6d,540,85,0.0008858667904100832,50,0.4221952652620932,0.4221124740716419,8.27911904513301e-05,6.168383583241878e-07,True,0.12691828498580066,0.12800098114464598,0.0016118661016124025,0.0010072933729861622
rich6d,540,86,0.0011288378916846883,50,0.423512132401846,0.42344678086448645,6.535153735955035e-05,4.894679084684367e-07,True,0.1014066897369435,0.10225976711092097,0.0016118661016124025,0.0010072933729861622
rich6d,540,87,0.00143844988828766,50,0.4245653537773656,0.42451382730622567,5.1526471139864414e-05,3.875983951512342e-07,True,0.080736749449143,0.08140842622902941,0.0016118661016124025,0.0010072933729861622
rich6d,540,88,0.0018329807108324375,50,0.4254048152802719,0.42536422720722766,4.058807304416767e-05,3.0640364121858624e-07,True,0.06409407193219102,0.0646225981853984,0.0016118661016124025,0.0010072933729861622
rich6d,540,89,0.002335721469090121,50,0.42607194700436934,0.42603999955061717,3.194745375219687e-05,2.4187389300618776e-07,True,0.050762610823718524,0.05117828126148714,0.0016118661016124025,0.0010072933729861622
rich6d,540,90,0.002976351441631313,50,0.42660083209035826,0.42657570122181826,2.5130868540053085e-05,1.9071185303161055e-07,True,0.04012803061092735,0.04045480360824569,0.0016118661016124025,0.0010072933729861622
rich6d,540,91,0.003792690190732238,50,0.42701927491976277,0.42699951593213414,1.9758987628666345e-05,1.5022897872929858e-07,True,0.031673273221956184,0.03193007086145565,0.0016118661016124025,0.0010072933729861622
rich6d,540,92,0.004832930238571752,50,0.42734979431912123,0.42733426505950417,1.552925961702423e-05,1.1824850604735725e-07,True,0.02496965125654988,0.025171400664925715,0.0016118661016124025,0.0010072933729861622
rich6d,540,93,0.006158482110660254,50,0.4276105176581786,0.427598316515607,1.2201142571648393e-05,9.30183631171711e-08,True,0.019665915501782802,0.01982438066671418,0.0016118661016124025,0.0010072933729861622
rich6d,540,94,0.00784759970351459,50,0.4278159639029761,0.42780638000892507,9.583894051046205e-06,7.313517565315396e-08,True,0.01547692169926525,0.015601366109842044,0.0016118661016124025,0.0010072933729861622
rich6d,540,95,0.01,50,0.4279777140969267,0.42797018751575977,7.526581166945601e-06,5.7479378713463894e-08,True,0.012172868385353553,0.012270581570268318,0.0016118661016124025,0.0010072933729861622
rich6d,540,96,2.3156416289485923e-06,50,0.0780916732049413,0.07582997656358989,0.002261696641351405,1.3472891163831938e-05,True,5.348411319581172,5.656470990976111,0.0016118661016124025,0.0010072933729861622
rich6d,720,0,1e-12,50,1.4243507314083699,2.0433135340978366,-0.618962802689467,0.032897139668774514,False,510.3697893125284,717.1930295258746,0.0016118661016124025,0.0010072933729861622
rich6d,720,1,1.2742749857031321e-12,50,1.415873837876509,2.02871902752186,-0.612845189645351,0.03242668564015143,False,509.9309527091254,716.4397946842076,0.0016118661016124025,0.0010072933729861622
rich6d,720,2,1.6237767391887243e-12,50,1.4052922182355139,2.010564093473606,-0.6052718752380918,0.03184607181225086,False,509.3767319562053,715.4899023947988,0.0016118661016124025,0.0010072933729861622
rich6d,720,3,2.06913808111479e-12,50,1.3921523290966655,1.9881163683541079,-0.5959640392574422,0.031135272937757478,False,508.67839052907203,714.2951648092719,0.0016118661016124025,0.0010072933729861622
rich6d,720,4,2.6366508987303555e-12,50,1.3759404952097247,1.9605654453415642,-0.5846249501318396,0.03027368461098674,False,507.8009354310541,712.7973326451003,0.0016118661016124025,0.0010072933729861622
rich6d,720,5,3.359818286283788e-12,50,1.3560950876594364,1.9270528290881745,-0.5709577414287381,0.02924182772983214,False,506.702237420742,710.9269091361529,0.0016118661016124025,0.0010072933729861622
rich6d,720,6,4.281332398719396e-12,50,1.3320308778181118,1.8867231293979037,-0.5546922515797924,0.028023821936103817,False,505.3322774373776,708.6022885123155,0.0016118661016124025,0.0010072933729861622
rich6d,720,7,5.455594781168514e-12,50,1.3031785146499957,1.8387991924188194,-0.5356206777688236,0.026610570240914486,False,503.63266422981707,705.7294706699329,0.0016118661016124025,0.0010072933729861622
rich6d,720,8,6.951927961775591e-12,50,1.2690401853419653,1.782679203193741,-0.513639017851776,0.02500333465289096,False,501.5366027258218,702.2026371627608,0.0016118661016124025,0.0010072933729861622
rich6d,720,9,8.858667904100833e-12,50,1.2292588083017097,1.7180464626062075,-0.48878765430449794,0.023217040763378282,False,498.9695056142427,697.9058568882749,0.0016118661016124025,0.0010072933729861622
rich6d,720,10,1.1288378916846884e-11,50,1.1836927673397815,1.6449739578095597,-0.4612811904697784,0.02128233715855464,False,495.8504134333398,692.7160975788975,0.0016118661016124025,0.0010072933729861622
rich6d,720,11,1.4384498882876659e-11,50,1.1324825391533735,1.5639993209056129,-0.4315167817522396,0.019245340827682273,False,492.0943068820509,686.5075430735494,0.0016118661016124025,0.0010072933729861622
rich6d,720,12,1.8329807108324375e-11,50,1.0760921005795303,1.47614567383861,-0.4000535732590801,0.01716431988349891,False,487.615260163757,679.1569811643218,0.0016118661016124025,0.0010072933729861622
rich6d,720,13,2.3357214690901212e-11,50,1.015309560548311,1.3828731503854015,-0.367563589837091,0.015103373715946783,False,482.3302215200034,670.5497951267475,0.0016118661016124025,0.0010072933729861622
rich6d,720,14,2.976351441631313e-11,50,0.9511994070579821,1.2859632284485973,-0.3347638213906155,0.013124287491079132,False,476.16306505992657,660.5859452173364,0.0016118661016124025,0.0010072933729861622
rich6d,720,15,3.7926901907322536e-11,50,0.8850113303200707,1.1873569924556953,-0.30234566213562447,0.011278699595588464,False,469.0484895840296,649.185325168966,0.0016118661016124025,0.0010072933729861622
rich6d,720,16,4.832930238571752e-11,50,0.8180629951154892,1.0889806753486533,-0.2709176802331642,0.009602925222680182,False,460.93537532158,636.2920262045119,0.0016118661016124025,0.0010072933729861622
rich6d,720,17,6.158482110660255e-11,50,0.7516209989348145,0.9925921314752203,-0.24097113254040584,0.00811682472525114,False,451.7893359055452,621.8772772229258,0.0016118661016124025,0.0010072933729861622
rich6d,720,18,7.847599703514623e-11,50,0.6868027778503994,0.899671482425086,-0.21286870457468626,0.006826243401150271,False,441.59437044849176,605.9410640042519,0.0016118661016124025,0.0010072933729861622
rich6d,720,19,1e-10,50,0.624513753540283,0.8113641608370444,-0.18685040729676117,0.005726866421490822,False,430.3536686771767,588.5125894795564,0.0016118661016124025,0.0010072933729861622
rich6d,720,20,1.274274985703132e-10,50,0.5654228532645658,0.7284715205164234,-0.16304866725185768,0.004807119034807748,False,418.08970974255584,569.6497958785808,0.0016118661016124025,0.0010072933729861622
rich6d,720,21,1.6237767391887175e-10,50,0.5099702366403156,0.6514766607850206,-0.1415064241447051,0.004049285524197403,False,404.8438148847023,549.4381477064347,0.0016118661016124025,0.0010072933729861622
rich6d,720,22,2.0691380811147902e-10,50,0.45839623168910953,0.5805912204586853,-0.12219498876957573,0.0034300700580358993,False,390.67528443765406,527.9888133217385,0.0016118661016124025,0.0010072933729861622
rich6d,720,23,2.6366508987303556e-10,50,0.41078017896995855,0.5158107634133647,-0.10503058444340616,0.002922510366370932,False,375.66019912381626,505.43632070956386,0.0016118661016124025,0.0010072933729861622
rich6d,720,24,3.3598182862837877e-10,50,0.3670804672119111,0.45696985146479024,-0.08988938425287916,0.002499752004822226,False,359.8899181525519,481.93572254484127,0.0016118661016124025,0.0010072933729861622
rich6d,720,25,4.281332398719396e-10,50,0.3271705220461984,0.4037914471285062,-0.07662092508230774,0.0021391327141018126,False,343.46927620594494,457.65929343373654,0.0016118661016124025,0.0010072933729861622
rich6d,720,26,5.455594781168515e-10,50,0.29086849834903744,0.35592816114049536,-0.06505966279145788,0.0018245230066947773,False,326.5144726741441,432.79279457228455,0.0016118661016124025,0.0010072933729861622
rich6d,720,27,6.951927961775591e-10,50,0.2579603930755991,0.31299486579481006,-0.05503447271921092,0.0015462228016301393,False,309.1506579276115,407.53136997264374,0.0016118661016124025,0.0010072933729861622
rich6d,720,28,8.858667904100832e-10,50,0.22821728351971543,0.2745933815767655,-0.04637609805705009,0.0012992441261283902,False,291.5092477663893,382.075175071262,0.0016118661016124025,0.0010072933729861622
rich6d,720,29,1.1288378916846883e-09,50,0.20140767975576998,0.2403304226797603,-0.03892274292399028,0.0010812552614738037,False,273.72503157118274,356.6248742417627,0.0016118661016124025,0.0010072933729861622
rich6d,720,30,1.4384498882876659e-09,50,0.17730587690091745,0.20982994574968117,-0.0325240688487637,0.0008910041250475182,False,255.93317474378105,331.37717022831725,0.0016118661016124025,0.0010072933729861622
rich6d,720,31,1.8329807108324374e-09,50,0.15569698931312811,0.18274078114524075,-0.02704379183211263,0.0007274035151304283,False,238.26624410339403,306.520539598785,0.0016118661016124025,0.0010072933729861622
rich6d,720,32,2.335721469090121e-09,50,0.13637923612446057,0.15874023801311307,-0.022361001888652546,0.000589091032774323,False,220.85139771265537,282.2313420508649,0.0016118661016124025,0.0010072933729861622
rich6d,720,33,2.9763514416313133e-09,50,0.11916407849959305,0.13753440493034672,-0.018370326430753654,0.00047422934027042805,False,203.80787045393706,258.6704501281513,0.0016118661016124025,0.0010072933729861622
rich6d,720,34,3.792690190732238e-09,50,0.10387492512138861,0.11885604579904394,-0.014981120677655328,0.0003804385381926194,False,187.24485101453973,235.98051320897167,0.0016118661016124025,0.0010072933729861622
rich6d,720,35,4.832930238571752e-09,50,0.09034522182920178,0.10246114154952943,-0.01211591972032764,0.00030486874463095365,False,171.2597936207673,214.28392778546214,0.0016118661016124025,0.0010072933729861622
rich6d,720,36,6.158482110660254e-09,50,0.07841672836635234,0.0881251229635605,-0.009708394597208155,0.0002444280197851313,False,155.93716045270207,193.68153807665064,0.0016118661016124025,0.0010072933729861622
rich6d,720,37,7.847599703514623e-09,50,0.06793859511498694,0.07563965348993866,-0.0077010583749517235,0.00019610444870790455,False,141.34757146063947,174.25204534525446,0.0016118661016124025,0.0010072933729861622
rich6d,720,38,1e-08,50,0.058767483452605546,0.06481049462673516,-0.006043011174129618,0.00015726045182744449,False,127.54735186148156,156.05207326553548,0.0016118661016124025,0.0010072933729861622
rich6d,720,39,1.274274985703132e-08,50,0.05076852215855197,0.055456583794706624,-0.0046880616361546544,0.00012579759595500244,False,114.5784884720932,139.11682516221651,0.0016118661016124025,0.0010072933729861622
rich6d,720,40,1.623776739188721e-08,50,0.04381654893247994,0.047410067975371624,-0.003593519042891682,0.00010016696505641576,False,102.46899589345216,123.46126462673502,0.0016118661016124025,0.0010072933729861622
rich6d,720,41,2.0691380811147902e-08,50,0.037797040981474656,0.0405167993183734,-0.0027197583368987564,7.926834294210551e-05,False,91.23363966499355,109.08173411441467,0.0016118661016124025,0.0010072933729861622
rich6d,720,42,2.6366508987303555e-08,50,0.03260643754589284,0.03463682585459514,-0.0020303883087023043,6.23065942390996e-05,False,80.87490117019655,95.95789484866098,0.0016118661016124025,0.0010072933729861622
rich6d,720,43,3.3598182862837814e-08,50,0.02815202215607679,0.029644682538665427,-0.0014926603825886398,4.86621857092279e-05,False,71.38405656891318,84.05485316950244,0.0016118661016124025,0.0010072933729861622
rich6d,720,44,4.281332398719396e-08,50,0.02435185750872412,0.025429616150675377,-0.0010777586419512609,3.780566806947787e-05,False,62.74230379145427,73.32536426824501,0.0016118661016124025,0.0010072933729861622
rich6d,720,45,5.4555947811685146e-08,50,0.02113524803493408,0.02189603310525848,-0.0007607850703244056,2.926015209261496e-05,False,54.921964815486454,63.71206703976542,0.0016118661016124025,0.0010072933729861622
rich6d,720,46,6.951927961775605e-08,50,0.018443918692639002,0.018964377289588427,-0.0005204585969494224,2.2599586646196666e-05,False,47.887834144100864,55.14975150369349,0.0016118661016124025,0.0010072933729861622
rich6d,720,47,8.858667904100815e-08,50,0.016233846876648753,0.01657249914806606,-0.0003386522714173057,1.7465514142314965e-05,False,41.59869147700451,47.56764216060129,0.0016118661016124025,0.0010072933729861622
rich6d,720,48,1.1288378916846883e-07,50,0.014477751683168847,0.014677623212623787,-0.00019987152945494024,1.35884121949784e-05,False,36.00888351392578,40.89160510433431,0.0016118661016124025,0.0010072933729861622
rich6d,720,49,1.438449888287663e-07,50,0.013168641958588682,0.013259338463451958,-9.069650486327463e-05,1.0803825308834906e-05,False,31.069803323084944,35.04612580906669,0.0016118661016124025,0.0010072933729861622
rich6d,720,50,1.8329807108324338e-07,50,0.012325242936802124,0.01232440589703118,8.370397709422939e-07,9.043612209574161e-06,False,26.731128846802314,29.955929942314178,0.0016118661016124025,0.0010072933729861622
rich6d,720,51,2.3357214690901212e-07,50,0.012000141914376235,0.011914224386829162,8.59175275470725e-05,8.259987803742848e-06,False,22.941804770159003,25.547228707710847,0.0016118661016124025,0.0010072933729861622
rich6d,720,52,2.976351441631313e-07,50,0.01229087237122273,0.012115257663003236,0.00017561470821949365,8.296212150456024e-06,False,19.65086512420546,21.748681136844883,0.0016118661016124025,0.0010072933729861622
rich6d,720,53,3.792690190732246e-07,50,0.013352926266634186,0.013071592686841264,0.0002813335797929217,8.865250080484894e-06,False,16.808209448075434,18.4921926171948,0.0016118661016124025,0.0010072933729861622
rich6d,720,54,4.832930238571752e-07,50,0.01541201309450854,0.014997209014483094,0.000414804080025446,9.670360929762357e-06,False,14.365364568254874,15.713603035211268,0.0016118661016124025,0.0010072933729861622
rich6d,720,55,6.158482110660254e-07,50,0.018770933172100504,0.018183627156665265,0.0005873060154352383,1.0490941192001541e-05,False,12.276169626152742,13.353231201868136,0.0016118661016124025,0.0010072933729861622
rich6d,720,56,7.847599703514607e-07,50,0.023804535749274828,0.022996651517642134,0.0008078842316326873,1.118678433582528e-05,False,10.497295501171234,11.356213932151418,0.0016118661016124025,0.0010072933729861622
rich6d,720,57,1e-06,50,0.03093536489975313,0.029854807917864025,0.0010805569818891025,1.1673042982083258e-05,False,8.988561641258668,9.672623288660102,0.0016118661016124025,0.0010072933729861622
rich6d,720,58,1.2742749857031322e-06,50,0.040584577807225616,0.039183544753369534,0.0014010330538560866,1.1891824273017348e-05,True,7.713087378800227,8.257413202546058,0.0016118661016124025,0.0010072933729861622
rich6d,720,59,1.6237767391887209e-06,50,0.053099377472678365,0.05134525148492247,0.0017541259877559012,1.1797820266333763e-05,True,6.637349776173107,7.070277490377201,0.0016118661016124025,0.0010072933729861622
rich6d,720,60,2.06913808111479e-06,50,0.06866928706194839,0.0665557999795175,0.0021134870824309026,1.1385992030036412e-05,True,5.73120081295429,6.075479049061021,0.0016118661016124025,0.0010072933729861622
rich6d,720,61,2.6366508987303555e-06,50,0.08725476958896422,0.08480985819528059,0.002444911393683653,1.0766263590252418e-05,True,4.967853859639051,5.2416640442103235,0.0016118661016124025,0.0010072933729861622
rich6d,720,62,3.359818286283781e-06,50,0.10855527741912761,0.10584221326963437,0.0027130641494932497,1.0214587616596102e-05,True,4.323821630214815,4.541644102552988,0.0016118661016124025,0.0010072933729861622
rich6d,720,63,4.281332398719387e-06,50,0.1320338170912797,0.12914420663003828,0.0028896104612414165,1.0056727364281424e-05,True,3.7787895739419923,3.952129387416337,0.0016118661016124025,0.0010072933729861622
rich6d,720,64,5.455594781168514e-06,50,0.15699366443427154,0.15403401110068823,0.002959653333583332,1.0372870862026967e-05,True,3.315426875295353,3.4534135673293127,0.0016118661016124025,0.0010072933729861622
rich6d,720,65,6.951927961775606e-06,50,0.18268131587981723,0.17975729815760855,0.0029240177222086914,1.0885614458856885e-05,True,2.9191506412687187,3.029026253922859,0.0016118661016124025,0.0010072933729861622
rich6d,720,66,8.858667904100815e-06,50,0.20838126824729017,0.20558432729892298,0.002796940948367139,1.1213827699584665e-05,True,2.577857920375447,2.6653685478914446,0.0016118661016124025,0.0010072933729861622
rich6d,720,67,1.1288378916846883e-05,50,0.23347747455440682,0.23087669413739284,0.002600780417013946,1.1127598333092323e-05,True,2.281631876834567,2.3513388234405626,0.0016118661016124025,0.0010072933729861622
rich6d,720,68,1.43844988828766e-05,50,0.257476056849559,0.25511585808794335,0.0023601987616156082,1.0599982326161943e-05,True,2.022426098704972,2.0779522397191044,0.0016118661016124025,0.0010072933729861622
rich6d,720,69,1.8329807108324338e-05,50,0.28000108348882735,0.27790333893931557,0.0020977445495117286,9.740369450374273e-06,True,1.793740740246158,1.837965690913296,0.0016118661016124025,0.0010072933729861622
rich6d,720,70,2.3357214690901213e-05,50,0.30078100494525584,0.2989494725124369,0.0018315324328189385,8.705368075547933e-06,True,1.5903192102798351,1.6255341145783775,0.0016118661016124025,0.0010072933729861622
rich6d,720,71,2.976351441631313e-05,50,0.3196378925940175,0.31806319195328137,0.0015747006407362174,7.632204411205128e-06,True,1.4079006947964465,1.4359308070889722,0.0016118661016124025,0.0010072933729861622
rich6d,720,72,3.792690190732246e-05,50,0.3364818804423612,0.3351459804069751,0.001335900035386155,6.608479652273133e-06,True,1.2430527019663662,1.2653540330450637,0.0016118661016124025,0.0010072933729861622
rich6d,720,73,4.8329302385717524e-05,50,0.35130646028555956,0.35018630312647936,0.0011201571590802285,5.673416847633034e-06,True,1.0930816537273662,1.1108168051973744,0.0016118661016124025,0.0010072933729861622
rich6d,720,74,6.158482110660255e-05,50,0.36417940667068066,0.36324966391975827,0.0009297427509223133,4.835374997417296e-06,True,0.955991053748009,0.9700886391808399,0.0016118661016124025,0.0010072933729861622
rich6d,720,75,7.847599703514606e-05,50,0.3752273603343748,0.374462439857493,0.0007649204768819073,4.0900273917830554e-06,True,0.8304406684006661,0.8416420773582552,0.0016118661016124025,0.0010072933729861622
rich6d,720,76,0.0001,50,0.3846159929220627,0.3839914249734374,0.0006245679486252831,3.431089713787742e-06,True,0.7156649615789802,0.7245615107175152,0.0016118661016124025,0.0010072933729861622
rich6d,720,77,0.0001274274985703132,50,0.3925297620696974,0.3920230748330936,0.0005066872366037245,2.853618729259523e-06,True,0.6113328058261279,0.6183955702756447,0.0016118661016124025,0.0010072933729861622
rich6d,720,78,0.00016237767391887175,50,0.3991550243346183,0.39874621066981397,0.0004088136648042684,2.3534717131602067e-06,True,0.5173618454626157,0.5229657855502886,0.0016118661016124025,0.0010072933729861622
rich6d,720,79,0.00020691380811147902,50,0.40466853642148726,0.40434021152839905,0.0003283248930882654,1.92601959927132e-06,True,0.43372461033496323,0.4381680987623445,0.0016118661016124025,0.0010072933729861622
rich6d,720,80,0.00026366508987303556,50,0.40923137094081236,0.40896871574158555,0.00026265519922679336,1.5654790573950626e-06,True,0.3602888499614,0.363809390704434,0.0016118661016124025,0.0010072933729861622
rich6d,720,81,0.0003359818286283774,50,0.4129869193068756,0.4127774919370025,0.00020942736987316968,1.2649938534160437e-06,True,0.296721289825937,0.29950806298667226,0.0016118661016124025,0.0010072933729861622
rich6d,720,82,0.00042813323987193956,50,0.41606125554110496,0.4158947351813015,0.0001665203598035103,1.0171264029497897e-06,True,0.24246137307860252,0.2446651674900165,0.0016118661016124025,0.0010072933729861622
rich6d,720,83,0.0005455594781168515,50,0.4185644597967553,0.41843236767036307,0.0001320921263921071,8.144162456295066e-07,True,0.1967514522811554,0.1984924960323681,0.0016118661016124025,0.0010072933729861622
rich6d,720,84,0.0006951927961775591,50,0.42059209895416294,0.4204875244887505,0.00010457446541248583,6.498149654872864e-07,True,0.15869973807091337,0.16007387393761602,0.0016118661016124025,0.0010072933729861622
rich6d,720,85,0.0008858667904100832,50,0.4222265734994241,0.42214392113207183,8.265236735217618e-05,5.169473630829393e-07,True,0.12735258339628633,0.12843615878684278,0.0016118661016124025,0.0010072933729861622
rich6d,720,86,0.0011288378916846883,50,0.4235383236988481,0.42347308750336327,6.523619548475024e-05,4.102246372977705e-07,True,0.10175933136536477,0.10261309251759729,0.0016118661016124025,0.0010072933729861622
rich6d,720,87,0.00143844988828766,50,0.42458697382090776,0.42453554208622074,5.143173468693085e-05,3.248572399739506e-07,True,0.08102118702885196,0.08169339665700387,0.0016118661016124025,0.0010072933729861622
rich6d,720,88,0.0018329807108324375,50,0.42542247350638307,0.4253819625260352,4.051098034792755e-05,2.5680957174666734e-07,True,0.06432224481924978,0.06485118696453272,0.0016118661016124025,0.0010072933729861622
rich6d,720,89,0.002335721469090121,50,0.4260862484475482,0.4260543632618148,3.188518573353783e-05,2.0272577501308903e-07,True,0.050944835490003025,0.05136083093515018,0.0016118661016124025,0.0010072933729861622
rich6d,720,90,0.002976351441631313,50,0.4266123378361202,0.4265872569616229,2.5080874497247495e-05,1.598446028889877e-07,True,0.04027303741846005,0.04060006464150971,0.0016118661016124025,0.0010072933729861622
rich6d,720,91,0.003792690190732238,50,0.42702848275324856,0.42700876371386415,1.9719039384324956e-05,1.2591371477351337e-07,True,0.03178833095771782,0.0320453276024639,0.0016118661016124025,0.0010072933729861622
rich6d,720,92,0.004832930238571752,50,0.4273571325196957,0.42734163506010214,1.5497459593538653e-05,9.910907346940761e-08,True,0.025060735154858932,0.025262640430527297,0.0016118661016124025,0.0010072933729861622
rich6d,720,93,0.006158482110660254,50,0.4276163466486041,0.4276041707436486,1.2175904955440409e-05,7.796230808312525e-08,True,0.01973788860423984,0.019896475902624246,0.0016118661016124025,0.0010072933729861622
rich6d,720,94,0.00784759970351459,50,0.42782058208907003,0.42781101817674816,9.563912321897127e-06,6.129719256869581e-08,True,0.015533710970498929,0.01565825111378283,0.0016118661016124025,0.0010072933729861622
rich6d,720,95,0.01,50,0.42798136552820537,0.4279738547376515,7.510790553832969e-06,4.817533841335021e-08,True,0.012217625454583738,0.012315413697853557,0.0016118661016124025,0.0010072933729861622
rich6d,720,96,1.9485345304562193e-06,50,0.06452455645234711,0.062498911741348716,0.0020256447109984,1.1514421679751603e-05,True,5.941430668800652,6.3058183220709125,0.0016118661016124025,0.0010072933729861622
rich6d,1080,0,1e-12,50,0.5243197942285548,5.132207331835851,-4.607887537607296,0.06376728026147091,False,511.10765706778926,994.0853448012659,0.0016118661016124025,0.0010072933729861622
rich6d,1080,1,1.2742749857031321e-12,50,0.5233715495450059,4.662410909413437,-4.139039359868431,0.05498919440977467,False,510.8645709404177,988.6159028982452,0.0016118661016124025,0.0010072933729861622
rich6d,1080,2,1.6237767391887243e-12,50,0.5221709543206314,4.218319011645504,-3.6961480573248737,0.04717062862067097,False,510.55583563715646,982.3911557181309,0.0016118661016124025,0.0010072933729861622
rich6d,1080,3,2.06913808111479e-12,50,0.5206534614047841,3.8032992920842212,-3.282645830679437,0.04024869326523872,False,510.1640699264748,975.3466388315398,0.0016118661016124025,0.0010072933729861622
rich6d,1080,4,2.6366508987303555e-12,50,0.5187395713146696,3.4191730672334297,-2.900433495918761,0.034160375750914594,False,509.6675008906064,967.4157885851653,0.0016118661016124025,0.0010072933729861622
rich6d,1080,5,3.359818286283788e-12,50,0.5163322869356627,3.066464236257261,-2.5501319493215986,0.02884362090910254,False,509.0389792153452,958.5302216568598,0.0016118661016124025,0.0010072933729861622
rich6d,1080,6,4.281332398719396e-12,50,0.513314684158011,2.7446862805762793,-2.2313715964182688,0.024237198776555263,False,508.24484709320774,948.6202863806932,0.0016118661016124025,0.0010072933729861622
rich6d,1080,7,5.455594781168514e-12,50,0.509547993284021,2.45262685310748,-1.9430788598234587,0.020281547845193825,False,507.2436809639613,937.6159232617612,0.0016118661016124025,0.0010072933729861622
rich6d,1080,8,6.951927961775591e-12,50,0.5048707977914327,2.1886016383963236,-1.6837308406048914,0.016920554016740336,False,505.98496388603684,925.4478569629948,0.0016118661016124025,0.0010072933729861622
rich6d,1080,9,8.858667904100833e-12,50,0.4991002018736246,1.950661567849027,-1.4515613659754023,0.014102554097533755,False,504.40778997950935,912.0491276124359,0.0016118661016124025,0.0010072933729861622
rich6d,1080,10,1.1288378916846884e-11,50,0.49203604365278136,1.7367486396292626,-1.244712595976481,0.011778654710912976,False,502.4397669714913,897.3569539111713,0.0016118661016124025,0.0010072933729861622
rich6d,1080,11,1.4384498882876659e-11,50,0.48346933192554853,1.5448041382846895,-1.061334806359141,0.009897976624952717,False,499.99635838612676,881.314902863967,0.0016118661016124025,0.0010072933729861622
rich6d,1080,12,1.8329807108324375e-11,50,0.47319589690364544,1.372838085611773,-0.8996421887081276,0.008402062863230265,False,496.9809816986079,863.8753203632855,0.0016118661016124025,0.0010072933729861622
rich6d,1080,13,2.3357214690901212e-11,50,0.4610355767235702,1.2189702148544777,-0.7579346381309076,0.007222678983082903,False,493.28622823842807,845.0019533028687,0.0016118661016124025,0.0010072933729861622
rich6d,1080,14,2.976351441631313e-11,50,0.44685598231558,1.081451483633698,-0.6345955013181178,0.006286153271455855,False,488.79655857268847,824.672668049901,0.0016118661016124025,0.0010072933729861622
rich6d,1080,15,3.7926901907322536e-11,50,0.43059808657267373,0.9586725887928327,-0.5280745022201591,0.005522815834864905,False,483.3927139734479,802.8821438517434,0.0016118661016124025,0.0010072933729861622
rich6d,1080,16,4.832930238571752e-11,50,0.41229904069923917,0.8491635826589535,-0.4368645419597143,0.004876013555171707,False,476.957846604343,779.6443964897503,0.0016118661016124025,0.0010072933729861622
rich6d,1080,17,6.158482110660255e-11,50,0.3921065751807897,0.7515873328823982,-0.35948075770160864,0.0043060295097386405,False,469.38502608082047,754.9949714806284,0.0016118661016124025,0.0010072933729861622
rich6d,1080,18,7.847599703514623e-11,50,0.3702799866935139,0.6647291565073888,-0.2944491698138748,0.003788583202936451,False,460.5854048402075,728.9926411963477,0.0016118661016124025,0.0010072933729861622
rich6d,1080,19,1e-10,50,0.34717538651775487,0.5874848921941357,-0.2403095056763808,0.003310642394029425,False,450.4960429710539,701.7204488950957,0.0016118661016124025,0.0010072933729861622
rich6d,1080,20,1.274274985703132e-10,50,0.32321690167270506,0.518849398426225,-0.1956324967535199,0.0028662788922041464,False,439.0863252770365,673.285965824484,0.0016118661016124025,0.0010072933729861622
rich6d,1080,21,1.6237767391887175e-10,50,0.2988593053128088,0.45790683238600693,-0.1590475270731981,0.00245379095810216,False,426.3621002795597,643.8206649078207,0.0016118661016124025,0.0010072933729861622
rich6d,1080,22,2.0691380811147902e-10,50,0.2745495068214605,0.4038232717608778,-0.12927376493941725,0.0020740228721750427,False,412.3670766710848,613.4783640547488,0.0016118661016124025,0.0010072933729861622
rich6d,1080,23,2.6366508987303556e-10,50,0.25069378511719653,0.3558415503597376,-0.10514776524254103,0.0017293192967762854,False,397.1814891037611,582.4327499246622,0.0016118661016124025,0.0010072933729861622
rich6d,1080,24,3.3598182862837877e-10,50,0.22763516629059788,0.3132777183409293,-0.08564255205033146,0.0014226454598509609,False,380.91844345811114,550.874053550648,0.0016118661016124025,0.0010072933729861622
rich6d,1080,25,4.281332398719396e-10,50,0.20564220966819588,0.27551831525319104,-0.06987610558499517,0.001156681130003786,False,363.7185816180595,519.0050066167869,0.0016118661016124025,0.0010072933729861622
rich6d,1080,26,5.455594781168515e-10,50,0.18490786313989604,0.24201762637611005,-0.05710976323621395,0.0009329071637981554,False,345.74375865005715,487.0362558919458,0.0016118661016124025,0.0010072933729861622
rich6d,1080,27,6.951927961775591e-10,50,0.16555558331828774,0.2122942463916205,-0.04673866307333276,0.0007508079832587747,False,327.1703504053168,455.18144898591277,0.0016118661016124025,0.0010072933729861622
rich6d,1080,28,8.858667904100832e-10,50,0.14764959259241806,0.18592655369103983,-0.03827696109862178,0.0006073768611993739,False,308.1826730769641,423.65222404234896,0.0016118661016124025,0.0010072933729861622
rich6d,1080,29,1.1288378916846883e-09,50,0.13120661334036599,0.16254703874420426,-0.03134042540383827,0.0004971710955180685,False,288.9668516878157,392.65333712729074,0.0016118661016124025,0.0010072933729861622
rich6d,1080,30,1.4384498882876659e-09,50,0.11620724020928294,0.1418357547173025,-0.02562851450801956,0.0004131133418873621,False,269.70535322852675,362.37814328020687,0.0016118661016124025,0.0010072933729861622
rich6d,1080,31,1.8329807108324374e-09,50,0.1026059285584437,0.12351339134855255,-0.02090746279010886,0.0003478879182751417,False,250.57231370092853,333.0046127019201,0.0016118661016124025,0.0010072933729861622
rich6d,1080,32,2.335721469090121e-09,50,0.09033919126748781,0.10733455366972816,-0.01699536240224036,0.0002953101737139223,False,231.72973239151216,304.692018680851,0.0016118661016124025,0.0010072933729861622
rich6d,1080,33,2.9763514416313133e-09,50,0.07933196409572642,0.0930817381359594,-0.013749774040232976,0.00025103524236945847,False,213.32456514123336,277.578387213061,0.0016118661016124025,0.0010072933729861622
rich6d,1080,34,3.792690190732238e-09,50,0.06950228988877996,0.08056028557211585,-0.011057995683335898,0.00021250153656687164,False,195.48670165602908,251.77875508788128,0.0016118661016124025,0.0010072933729861622
rich6d,1080,35,4.832930238571752e-09,50,0.060764590447481774,0.0695943512730731,-0.008829760825591344,0.0001784512799013151,False,178.32775273013092,227.3842410436512,0.0016118661016124025,0.0010072933729861622
rich6d,1080,36,6.158482110660254e-09,50,0.053031905398534925,0.0600237743469216,-0.006991868948386682,0.00014839254763989406,False,161.94051906705408,204.46188828116334,0.0016118661016124025,0.0010072933729861622
rich6d,1080,37,7.847599703514623e-09,50,0.04621755284858078,0.05170170522261745,-0.0054841523740366705,0.0001221792060189824,False,146.39899734117805,183.05519085135086,0.0016118661016124025,0.0010072933729861622
rich6d,1080,38,1e-08,50,0.04023661916879559,0.04449292084797137,-0.004256301679175782,9.973765440646368e-05,False,131.75881665474915,163.18518927138365,0.0016118661016124025,0.0010072933729861622
rich6d,1080,39,1.274274985703132e-08,50,0.03500747146324457,0.03827280710060611,-0.0032653356373615393,8.091525586963991e-05,False,118.05805910005431,144.85202525490774,0.0016118661016124025,0.0010072933729861622
rich6d,1080,40,1.623776739188721e-08,50,0.03045319942061076,0.032926931250344266,-0.002473731829733503,6.542105832052928e-05,False,105.31844183898974,128.03686692021813,0.0016118661016124025,0.0010072933729861622
rich6d,1080,41,2.0691380811147902e-08,50,0.02650273017046694,0.028351004830496417,-0.0018482746600294742,5.2835460134909245e-05,False,93.546794118116,112.70411978247793,0.0016118661016124025,0.0010072933729861622
rich6d,1080,42,2.6366508987303555e-08,50,0.023091457304143338,0.024450990627037917,-0.0013595333228945794,4.266677161974729e-05,False,82.7366907627502,98.80381237970386,0.0016118661016124025,0.0010072933729861622
rich6d,1080,43,3.3598182862837814e-08,50,0.020161517476600825,0.02114322728426129,-0.0009817098076604668,3.4427626264330035e-05,False,72.87008478740547,86.27402238246273,0.0016118661016124025,0.0010072933729861622
rich6d,1080,44,4.281332398719396e-08,50,0.017662104468134706,0.01835465732175581,-0.0006925528536211023,2.7700418066737407e-05,False,63.91885688212924,75.0432367043782,0.0016118661016124025,0.0010072933729861622
rich6d,1080,45,5.4555947811685146e-08,50,0.015550236146686068,0.01602337768403923,-0.0004731415373531611,2.2169713794282898e-05,False,55.846319909086816,65.03261641145,0.0016118661016124025,0.0010072933729861622
rich6d,1080,46,6.951927961775605e-08,50,0.013792199401419913,0.014099701405038866,-0.0003075020036189535,1.7620619144680828e-05,False,48.60878048395693,56.15820047110844,0.0016118661016124025,0.0010072933729861622
rich6d,1080,47,8.858667904100815e-08,50,0.012365706186477985,0.01254782655200697,-0.00018212036552898382,1.392010331623822e-05,False,42.1572059357409,48.333065824701706,0.0016118661016124025,0.0010072933729861622
rich6d,1080,48,1.1288378916846883e-07,50,0.011262828651884384,0.011348246885970756,-8.541823408637184e-05,1.1000721634282991e-05,False,36.4389148435251,41.46937208059258,0.0016118661016124025,0.0010072933729861622
rich6d,1080,49,1.438449888287663e-07,50,0.010494076721169653,0.010501285468470725,-7.208747301070684e-06,8.852819932709625e-06,False,31.399116879669176,35.48014283811319,0.0016118661016124025,0.0010072933729861622
rich6d,1080,50,1.8329807108324338e-07,50,0.010094313184943382,0.010032431558321836,6.188162662154495e-05,7.504112008773798e-06,False,26.982158918918472,30.280657335348668,0.0016118661016124025,0.0010072933729861622
rich6d,1080,51,2.3357214690901212e-07,50,0.010131224685719314,0.010000205561911163,0.0001310191238081493,6.942940461648238e-06,False,23.13246763739763,25.789443614313186,0.0016118661016124025,0.0010072933729861622
rich6d,1080,52,2.976351441631313e-07,50,0.010716535682961428,0.010506814140420241,0.0002097215425411858,7.017700527574665e-06,False,19.79530320945181,21.928984876026043,0.0016118661016124025,0.0010072933729861622
rich6d,1080,53,3.792690190732246e-07,50,0.012019020293255012,0.011710814216882274,0.0003082060763727368,7.461574609732682e-06,False,16.917456100981482,18.626278209254554,0.0016118661016124025,0.0010072933729861622
rich6d,1080,54,4.832930238571752e-07,50,0.014276712600515115,0.013839434089318436,0.00043727851119667926,8.019165788366095e-06,False,14.44793080516211,15.813310302972258,0.0016118661016124025,0.0010072933729861622
rich6d,1080,55,6.158482110660254e-07,50,0.017803682608889107,0.0171962147960512,0.0006074678128379119,8.517358210905658e-06,False,12.33855657032952,13.42741748771023,0.0016118661016124025,0.0010072933729861622
rich6d,1080,56,7.847599703514607e-07,50,0.022984739901767828,0.02215757836979683,0.0008271615319709969,8.87265220229201e-06,False,10.54443396676851,11.411463627474607,0.0016118661016124025,0.0010072933729861622
rich6d,1080,57,1e-06,50,0.030250538528679226,0.02915078749824077,0.0010997510304384583,9.079349832812632e-06,False,9.024178900497972,9.713815065890039,0.0016118661016124025,0.0010072933729861622
rich6d,1080,58,1.2742749857031322e-06,50,0.04002767417732683,0.038607355117598156,0.0014203190597286718,9.18176644736315e-06,True,7.7400028890198245,8.288162625695822,0.0016118661016124025,0.0010072933729861622
rich6d,1080,59,1.6237767391887209e-06,50,0.05266527930354695,0.05089220012993376,0.0017730791736131901,9.229687499017357e-06,True,6.657705278225659,7.093273456520819,0.0016118661016124025,0.0010072933729861622
rich6d,1080,60,2.06913808111479e-06,50,0.06835093644173278,0.06621974149487508,0.002131194946857695,9.249568051147296e-06,True,5.746633478540677,6.092733105540563,0.0016118661016124025,0.0010072933729861622
rich6d,1080,61,2.6366508987303555e-06,50,0.08703990639360462,0.08457970154156459,0.0024602048520400467,9.265682174107652e-06,True,4.979622827362257,5.254690910066012,0.0016118661016124025,0.0010072933729861622
rich6d,1080,62,3.359818286283781e-06,50,0.10842490402099,0.1057000663826036,0.0027248376383863927,9.335482937475203e-06,True,4.332898417450877,4.551589890601427,0.0016118661016124025,0.0010072933729861622
rich6d,1080,63,4.281332398719387e-06,50,0.13196308460966044,0.12906594760822387,0.0028971370014366092,9.517994588479221e-06,True,3.785922082407615,3.959861717710867,0.0016118661016124025,0.0010072933729861622
rich6d,1080,64,5.455594781168514e-06,50,0.15695500301916607,0.15399222116245875,0.0029627818567072904,9.783890603185373e-06,True,3.321185422285361,3.4595853429358927,0.0016118661016124025,0.0010072933729861622
rich6d,1080,65,6.951927961775606e-06,50,0.1826487580837701,0.1797255714864715,0.0029231865972986102,9.990342951490128e-06,True,2.923962759997624,3.034122349592007,0.0016118661016124025,0.0010072933729861622
rich6d,1080,66,8.858667904100815e-06,50,0.20833451162345068,0.2055414873778437,0.002793024245606923,9.967962980259283e-06,True,2.582036668772994,2.669742020326727,0.0016118661016124025,0.0010072933729861622
rich6d,1080,67,1.1288378916846883e-05,50,0.23340446077801594,0.23080961270676362,0.0025948480712523203,9.621989910866504e-06,True,2.2854003092505546,2.3552406517345172,0.0016118661016124025,0.0010072933729861622
rich6d,1080,68,1.43844988828766e-05,50,0.25737350779190754,0.2550202224338279,0.0023532853580797066,8.965874310073348e-06,True,2.0259387370491884,2.0815563676549296,0.0016118661016124025,0.0010072933729861622
rich6d,1080,69,1.8329807108324338e-05,50,0.27987316634259646,0.2777824755191986,0.0020906908233978673,8.092400782950279e-06,True,1.7971016649904823,1.8413896017401905,0.0016118661016124025,0.0010072933729861622
rich6d,1080,70,2.3357214690901213e-05,50,0.30063680622937805,0.2988118881003301,0.0018249181290478545,7.121577341886546e-06,True,1.5935959814741503,1.6288545252361115,0.0016118661016124025,0.0010072933729861622
rich6d,1080,71,2.976351441631313e-05,50,0.3194885460107501,0.31791969357176897,0.0015688524389811255,6.156630081406459e-06,True,1.4111336899686733,1.4391942924566201,0.0016118661016124025,0.0010072933729861622
rich6d,1080,72,3.792690190732246e-05,50,0.33633805871216815,0.3350071155098063,0.0013309432023617652,5.262351122753329e-06,True,1.24626034652342,1.2685831888068915,0.0016118661016124025,0.0010072933729861622
rich6d,1080,73,4.8329302385717524e-05,50,0.3511766446188812,0.3500605635124495,0.0011160811064317145,4.465489815735134e-06,True,1.0962629652508926,1.1140134559572346,0.0016118661016124025,0.0010072933729861622
rich6d,1080,74,6.158482110660255e-05,50,0.3640690407372048,0.3631425801921973,0.0009264605450076014,3.7677995123812407e-06,True,0.9591274590337499,0.9732361135802574,0.0016118661016124025,0.0010072933729861622
rich6d,1080,75,7.847599703514606e-05,50,0.37513877495766434,0.37437646169426453,0.0007623132633997276,3.160517449546223e-06,True,0.8334988888611101,0.8447083982305682,0.0016118661016124025,0.0010072933729861622
rich6d,1080,76,0.0001,50,0.38454887566875884,0.3839263624708349,0.0006225131979239818,2.63355271114626e-06,True,0.7186019087281038,0.7275044871950697,0.0016118661016124025,0.0010072933729861622
rich6d,1080,77,0.0001274274985703132,50,0.3924819187203845,0.3919768449172998,0.000505073803084739,2.178704342277952e-06,True,0.6141022244675214,0.6211695667203645,0.0016118661016124025,0.0010072933729861622
rich6d,1080,78,0.00016237767391887175,50,0.3991232056518665,0.3987156578486262,0.0004075478032401336,1.7894517807921837e-06,True,0.5199214296192295,0.525528920154923,0.0016118661016124025,0.0010072933729861622
rich6d,1080,79,0.00020691380811147902,50,0.404649162002668,0.4043218310651453,0.00032733093752273623,1.4598565033565478e-06,True,0.43604195644459665,0.44048825440376155,0.0016118661016124025,0.0010072933729861622
rich6d,1080,80,0.00026366508987303556,50,0.40922105588726077,0.4089591822712806,0.000261873615980095,1.183838367891046e-06,True,0.36234500706926115,0.3658678076206509,0.0016118661016124025,0.0010072933729861622
rich6d,1080,81,0.0003359818286283774,50,0.4129827812315508,0.412773969332324,0.00020881189922670408,9.550428984752386e-07,True,0.2985115180421723,0.3013001290009485,0.0016118661016124025,0.0010072933729861622
rich6d,1080,82,0.00042813323987193956,50,0.4160610325515972,0.41589499737443114,0.0001660351771660351,7.670675218998903e-07,True,0.24399355641223253,0.24619885385176676,0.0016118661016124025,0.0010072933729861622
rich6d,1080,83,0.0005455594781168515,50,0.4185664963497689,0.41843478692480013,0.00013170942496875337,6.137755503967785e-07,True,0.1980430874060748,0.19978536181753884,0.0016118661016124025,0.0010072933729861622
rich6d,1080,84,0.0006951927961775591,50,0.4205952586084883,0.4204909860532119,0.00010427255527643897,4.895407080053736e-07,True,0.15977446787748306,0.1611496094139941,0.0016118661016124025,0.0010072933729861622
rich6d,1080,85,0.0008858667904100832,50,0.42223012512047864,0.42214771088072534,8.241423975329675e-05,3.8937830103130463e-07,True,0.12823700333515298,0.12932139742395304,0.0016118661016124025,0.0010072933729861622
rich6d,1080,86,0.0011288378916846883,50,0.42354183063453354,0.4234767821805627,6.504845397079739e-05,3.0898082429584455e-07,True,0.10248046343937292,0.10333488800691065,0.0016118661016124025,0.0010072933729861622
rich6d,1080,87,0.00143844988828766,50,0.42459020060623215,0.4245389168094581,5.128379677407091e-05,2.4469265774647347e-07,True,0.08160473128924249,0.08227747594713092,0.0016118661016124025,0.0010072933729861622
rich6d,1080,88,0.0018329807108324375,50,0.4254253143754714,0.4253849199020239,4.039447344752478e-05,1.934532205095812e-07,True,0.06479153725960667,0.06532090895621179,0.0016118661016124025,0.0010072933729861622
rich6d,1080,89,0.002335721469090121,50,0.42608867623054303,0.42605688274787895,3.1793482664084216e-05,1.5272747973215795e-07,True,0.05132035924381486,0.051736698168270354,0.0016118661016124025,0.0010072933729861622
rich6d,1080,90,0.002976351441631313,50,0.42661436944012116,0.42658936070897596,2.5008731145150786e-05,1.2043432577550024e-07,True,0.04057232030951795,0.04089962123048736,0.0016118661016124025,0.0010072933729861622
rich6d,1080,91,0.003792690190732238,50,0.4270301570077564,0.42701049469869795,1.9662309058317007e-05,9.48782174140607e-08,True,0.03202608451554046,0.03228329861288916,0.0016118661016124025,0.0010072933729861622
rich6d,1080,92,0.004832930238571752,50,0.42735849667955006,0.42734304381315596,1.5452866394087828e-05,7.468673322700694e-08,True,0.025249124925013175,0.02545120254564392,0.0016118661016124025,0.0010072933729861622
rich6d,1080,93,0.006158482110660254,50,0.4276174486628894,0.4276053077994692,1.2140863420357916e-05,5.875518039229289e-08,True,0.019886859784115057,0.020045583404523053,0.0016118661016124025,0.0010072933729861622
rich6d,1080,94,0.00784759970351459,50,0.4278214665442375,0.42781193016044095,9.536383796668879e-06,4.619856220400183e-08,True,0.015651321410147266,0.01577596920771055,0.0016118661016124025,0.0010072933729861622
rich6d,1080,95,0.01,50,0.42798207183190784,0.42797458266302096,7.489168887018227e-06,3.631068673168305e-08,True,0.012310358611820895,0.012408231759797985,0.0016118661016124025,0.0010072933729861622
rich6d,1080,96,1.5277537239563495e-06,50,0.049203942105646624,0.047521308669531165,0.001682633436115466,9.22093074706115e-06,True,6.912636453903965,7.374137900812614,0.0016118661016124025,0.0010072933729861622
rich6d,1440,0,1e-12,50,0.3254815382402505,1.4151494603331627,-1.0896679220929126,0.014500616630466878,False,511.27452284060416,1015.6463345818566,0.0016118661016124025,0.0010072933729861622
rich6d,1440,1,1.2742749857031321e-12,50,0.32509448545828734,1.3948486368334068,-1.0697541513751194,0.014076032088808844,False,511.07651495291503,1013.4596630916083,0.0016118661016124025,0.0010072933729861622
rich6d,1440,2,1.6237767391887243e-12,50,0.3246033526060307,1.3702308375758714,-1.0456274849698408,0.013572958351420502,False,510.8247996979665,1010.73265257318,0.0016118661016124025,0.0010072933729861622
rich6d,1440,3,2.06913808111479e-12,50,0.323980862104206,1.340712193947264,-1.0167313318430578,0.01298673507865838,False,510.50501595207163,1007.3487842528477,0.0016118661016124025,0.0010072933729861622
rich6d,1440,4,2.6366508987303555e-12,50,0.323193017480368,1.3057808456723203,-0.9825878281919523,0.012316858849295356,False,510.09908831195395,1003.1746965857366,0.0016118661016124025,0.0010072933729861622
rich6d,1440,5,3.359818286283788e-12,50,0.32219770659495567,1.2650669815718536,-0.9428692749768982,0.011568469714202242,False,509.5843424105085,998.0613926258951,0.0016118661016124025,0.0010072933729861622
rich6d,1440,6,4.281332398719396e-12,50,0.3209431701621313,1.2184182936931378,-0.8974751235310063,0.010753358569317677,False,508.9324550191309,991.847078066048,0.0016118661016124025,0.0010072933729861622
rich6d,1440,7,5.455594781168514e-12,50,0.31936642455428693,1.1659670250430019,-0.846600600488715,0.00988999743087824,False,508.108235772291,984.3618082023951,0.0016118661016124025,0.0010072933729861622
rich6d,1440,8,6.951927961775591e-12,50,0.31739180413051143,1.108171509354112,-0.7907797052236003,0.009002211639298582,False,507.0682568929494,975.4338496773157,0.0016118661016124025,0.0010072933729861622
rich6d,1440,9,8.858667904100833e-12,50,0.31492989538056204,1.045817012323717,-0.7308871169431549,0.008116474424195245,False,505.75937966078004,964.897329722966,0.0016118661016124025,0.0010072933729861622
rich6d,1440,10,1.1288378916846884e-11,50,0.31187727174519053,0.979968969049154,-0.6680916973039634,0.007258327531700195,False,504.11727549141654,952.6004500496923,0.0016118661016124025,0.0010072933729861622
rich6d,1440,11,1.4384498882876659e-11,50,0.30811758901844205,0.9118842502743792,-0.603766661255937,0.006448877381472069,False,502.0651079558762,938.4133952592405,0.0016118661016124025,0.0010072933729861622
rich6d,1440,12,1.8329807108324375e-11,50,0.3035247274957069,0.8428978008550864,-0.5393730733593793,0.0057024023089836786,False,499.5126282766222,922.2351320930727,0.0016118661016124025,0.0010072933729861622
rich6d,1440,13,2.3357214690901212e-11,50,0.29796869537343,0.7743076490620369,-0.47633895368860685,0.0050257139718864075,False,496.3560308139844,903.9985533945287,0.0016118661016124025,0.0010072933729861622
rich6d,1440,14,2.976351441631313e-11,50,0.2913248319705061,0.7072788500382147,-0.4159540180677086,0.004419221421661939,False,492.4789936184344,883.6737665490687,0.0016118661016124025,0.0010072933729861622
rich6d,1440,15,3.7926901907322536e-11,50,0.2834863561919125,0.6427786322045871,-0.35929227601267477,0.0038790292173664803,False,487.7553532005061,861.2696333358655,0.0016118661016124025,0.0010072933729861622
rich6d,1440,16,4.832930238571752e-11,50,0.2743794427774173,0.581545379303892,-0.30716593652647456,0.0033991751616371975,False,482.0537817986341,836.8338496469411,0.0016118661016124025,0.0010072933729861622
rich6d,1440,17,6.158482110660255e-11,50,0.2639788836792309,0.5240868540087571,-0.26010797032952626,0.002973318473780949,False,475.2446049534802,810.4518929068842,0.0016118661016124025,0.0010072933729861622
rich6d,1440,18,7.847599703514623e-11,50,0.25232134780705306,0.4706995825425473,-0.2183782347354943,0.0025956179441656473,False,467.2085088216317,782.2451026422281,0.0016118661016124025,0.0010072933729861622
rich6d,1440,19,1e-10,50,0.23951282050567468,0.4215008817574115,-0.18198806125173686,0.0022609272312580837,False,457.8464006024946,752.3680570760063,0.0016118661016124025,0.0010072933729861622
rich6d,1440,20,1.274274985703132e-10,50,0.2257274598676684,0.37646624451103966,-0.1507387846433713,0.0019646245090865736,False,447.0892388461829,721.0053178288198,0.0016118661016124025,0.0010072933729861622
rich6d,1440,21,1.6237767391887175e-10,50,0.21119691467276452,0.3354666335020714,-0.12426971882930692,0.001702384846809703,False,434.90641752697906,688.3675644412187,0.0016118661016124025,0.0010072933729861622
rich6d,1440,22,2.0691380811147902e-10,50,0.1961915619205109,0.2983021155673638,-0.10211055364685284,0.001470090016001839,False,421.31139652884684,654.6871362725323,0.0016118661016124025,0.0010072933729861622
rich6d,1440,23,2.6366508987303556e-10,50,0.18099718725166805,0.26472994489976953,-0.08373275764810145,0.0012639367206011142,False,406.36372316186186,620.2130313587193,0.0016118661016124025,0.0010072933729861622
rich6d,1440,24,3.3598182862837877e-10,50,0.1658915263994841,0.23448651833014464,-0.0685949919306605,0.0010806793619027868,False,390.1672443358499,585.2054627416805,0.0016118661016124025,0.0010072933729861622
rich6d,1440,25,4.281332398719396e-10,50,0.1511245855626756,0.20730349391582695,-0.056178908353151334,0.0009178497241491476,False,372.86495357988315,549.9301254642984,0.0016118661016124025,0.0010072933729861622
rich6d,1440,26,5.455594781168515e-10,50,0.1369051776298792,0.1829188180990787,-0.04601364046919947,0.0007737876819324679,False,354.63137009334423,514.652369329776,0.0016118661016124025,0.0010072933729861622
rich6d,1440,27,6.951927961775591e-10,50,0.12339435630219371,0.16108357903861173,-0.03768922273641803,0.0006474213722145025,False,335.6635310115286,479.6314966094425,0.0016118661016124025,0.0010072933729861622
rich6d,1440,28,8.858667904100832e-10,50,0.11070499679620387,0.14156563727562158,-0.030860640479417726,0.0005378889632505114,False,316.1716218719546,445.1154070617765,0.0016118661016124025,0.0010072933729861622
rich6d,1440,29,1.1288378916846883e-09,50,0.09890594150182533,0.1241509562389205,-0.025245014737095204,0.000444186405603793,False,296.3700631958826,411.33579417400347,0.0016118661016124025,0.0010072933729861622
rich6d,1440,30,1.4384498882876659e-09,50,0.08802888837943587,0.1086434711556894,-0.020614582776253484,0.0003649952119276931,False,276.4696108473194,378.50405814147433,0.0016118661016124025,0.0010072933729861622
rich6d,1440,31,1.8329807108324374e-09,50,0.07807637072181196,0.09486418214752977,-0.016787811425717815,0.0002987228951432776,False,256.6707872740537,346.80804842012265,0.0016118661016124025,0.0010072933729861622
rich6d,1440,32,2.335721469090121e-09,50,0.06902955121392362,0.08264994527161566,-0.013620394057692038,0.00024366801243675011,False,237.15877526540254,316.40969223883616,0.0016118661016124025,0.0010072933729861622
rich6d,1440,33,2.9763514416313133e-09,50,0.060854977367917326,0.07185220583758573,-0.010997228469668423,0.00019818385793224177,False,218.09977486531446,287.44351732585835,0.0016118661016124025,0.0010072933729861622
rich6d,1440,34,3.792690190732238e-09,50,0.05350984425061157,0.06233572756554306,-0.008825883314931483,0.00016076966115852382,False,199.63872497846742,260.0160426733748,0.0016118661016124025,0.0010072933729861622
rich6d,1440,35,4.832930238571752e-09,50,0.04694566946143478,0.05397726540216481,-0.007031595940730031,0.00013009954433129039,False,181.89820515470856,234.20598294784295,0.0016118661016124025,0.0010072933729861622
rich6d,1440,36,6.158482110660254e-09,50,0.04111060474888118,0.046664131229032735,-0.0055535264801515535,0.00010503227130851261,False,164.97826868022239,210.0651771905431,0.0016118661016124025,0.0010072933729861622
rich6d,1440,37,7.847599703514623e-09,50,0.0359508489286011,0.04029269838429021,-0.004341849455689111,8.461780025397556e-05,False,148.95694813525404,187.6201121082049,0.0016118661016124025,0.0010072933729861622
rich6d,1440,38,1e-08,50,0.03141169977862658,0.03476702170419173,-0.0033553219255651467,6.80826851818881e-05,False,133.89123666201596,166.8738884263548,0.0016118661016124025,0.0010072933729861622
rich6d,1440,39,1.274274985703132e-08,50,0.027438630417363538,0.029997811391979372,-0.0025591809746158354,5.478240568195935e-05,False,119.81844566245672,147.80849739182702,0.0016118661016124025,0.0010072933729861622
rich6d,1440,40,1.623776739188721e-08,50,0.023978474780833016,0.02590191645478699,-0.0019234416739539783,4.414311556110985e-05,False,106.75789587133042,130.38731822172457,0.0016118661016124025,0.0010072933729861622
rich6d,1440,41,2.0691380811147902e-08,50,0.02098056120538534,0.022402289621153457,-0.0014217284157681108,3.5632085023110345e-05,False,94.71286806802846,114.55776914513406,0.0016118661016124025,0.0010072933729861622
rich6d,1440,42,2.6366508987303555e-08,50,0.018397618328302237,0.019428269927765484,-0.0010306515994632436,2.8772760397237277e-05,False,83.67266311291806,100.25402086473903,0.0016118661016124025,0.0010072933729861622
rich6d,1440,43,3.3598182862837814e-08,50,0.0161864808630987,0.016916047551809376,-0.0007295666887106767,2.3180862614088542e-05,False,73.61459503302848,87.39964940157753,0.0016118661016124025,0.0010072933729861622
rich6d,1440,44,4.281332398719396e-08,50,0.014308854231746684,0.014809328467238142,-0.0005004742354914593,1.8583954939472303e-05,False,64.50582057006369,75.91012667091577,0.0016118661016124025,0.0010072933729861622
rich6d,1440,45,5.4555947811685146e-08,50,0.01273246669816726,0.013060343507379122,-0.00032787680921186223,1.4808826474149016e-05,False,56.305044573526054,65.6951288468189,0.0016118661016124025,0.0010072933729861622
rich6d,1440,46,6.951927961775605e-08,50,0.011432825837984209,0.011631352548075027,-0.00019852671009081834,1.174999495863153e-05,False,48.964219114119835,56.66071535218453,0.0016118661016124025,0.0010072933729861622
rich6d,1440,47,8.858667904100815e-08,50,0.010395662538957254,0.010496744751555766,-0.00010108221259851336,9.3417679532954e-06,False,42.43030371218212,48.71141852626189,0.0016118661016124025,0.0010072933729861622
rich6d,1440,48,1.1288378916846883e-07,50,0.009620179910825406,0.009645884560585218,-2.5704649759812347e-05,7.545418050563168e-06,False,36.64701671237218,41.7521892745332,0.0016118661016124025,0.0010072933729861622
rich6d,1440,49,1.438449888287663e-07,50,0.009123466281678119,0.009087069728834263,3.63965528438559e-05,6.343510509102606e-06,False,31.55640651479418,35.6900590277705,0.0016118661016124025,0.0010072933729861622
rich6d,1440,50,1.8329807108324338e-07,50,0.008946704681426394,0.008853226426209997,9.347825521639708e-05,5.716370202045732e-06,False,27.10010004263669,30.43539610505312,0.0016118661016124025,0.0010072933729861622
rich6d,1440,51,2.3357214690901212e-07,50,0.009163823792944933,0.009010004637806658,0.00015381915513827506,5.5920415238837924e-06,False,23.220223094187983,25.90275439549989,0.0016118661016124025,0.0010072933729861622
rich6d,1440,52,2.976351441631313e-07,50,0.009892753367131336,0.009666518391357347,0.00022623497577399122,5.824153494365301e-06,False,19.860116457995062,22.011436281107972,0.0016118661016124025,0.0010072933729861622
rich6d,1440,53,3.792690190732246e-07,50,0.011308383677680847,0.010987994836226186,0.00032038884145465965,6.236604900515385e-06,False,16.96498964015619,18.685918835537624,0.0016118661016124025,0.0010072933729861622
rich6d,1440,54,4.832930238571752e-07,50,0.013654703942362869,0.013208054356666247,0.0004466495856966213,6.67782057174319e-06,False,14.482562145792313,15.856213188041638,0.0016118661016124025,0.0010072933729861622
rich6d,1440,55,6.158482110660254e-07,50,0.017251526335628094,0.01663632669882733,0.0006151996368007628,7.04560600774298e-06,False,12.363634013725418,13.45812459326089,0.0016118661016124025,0.0010072933729861622
rich6d,1440,56,7.847599703514607e-07,50,0.022489126296905745,0.02165498251923749,0.0008341437776682526,7.298506300690013e-06,False,10.562494010731713,11.433344487773018,0.0016118661016124025,0.0010072933729861622
rich6d,1440,57,1e-06,50,0.02980319273214326,0.028696566690204976,0.0011066260419382856,7.4606946974705845e-06,False,9.037127012690963,9.729351792052661,0.0016118661016124025,0.0010072933729861622
rich6d,1440,58,1.2742749857031322e-06,50,0.03962461790136753,0.0381971264056106,0.0014274914957569317,7.6036028767449504e-06,True,7.749260319381448,8.299172618117652,0.0016118661016124025,0.0010072933729861622
rich6d,1440,59,1.6237767391887209e-06,50,0.052305661008628546,0.05052494868128081,0.0017807123273477243,7.79320186708703e-06,True,6.664325758689753,7.101080720958307,0.0016118661016124025,0.0010072933729861622
rich6d,1440,60,2.06913808111479e-06,50,0.06803545220825448,0.06589623593972459,0.002139216268529882,8.036791936056597e-06,True,5.751394254678603,6.0982981813873645,0.0016118661016124025,0.0010072933729861622
rich6d,1440,61,2.6366508987303555e-06,50,0.08676905172117656,0.08430070756073679,0.0024683441604397725,8.286555151869587e-06,True,4.983094366802055,5.258708017371645,0.0016118661016124025,0.0010072933729861622
rich6d,1440,62,3.359818286283781e-06,50,0.10819746898613014,0.10546476172612725,0.0027327072600028847,8.49180419311514e-06,True,4.335496738764108,4.554558419451644,0.0016118661016124025,0.0010072933729861622
rich6d,1440,63,4.281332398719387e-06,50,0.13177530729536927,0.12887096865784273,0.0029043386375265357,8.62859190202689e-06,True,3.787947304967339,3.9621379967725314,0.0016118661016124025,0.0010072933729861622
rich6d,1440,64,5.455594781168514e-06,50,0.1568005953772032,0.153831589085092,0.002969006292111156,8.677837549776543e-06,True,3.322849900107427,3.461419762438644,0.0016118661016124025,0.0010072933729861622
rich6d,1440,65,6.951927961775606e-06,50,0.18251971371695638,0.1795914401298313,0.0029282735871251075,8.598040427523435e-06,True,2.925411864115865,3.0356861644560014,0.0016118661016124025,0.0010072933729861622
rich6d,1440,66,8.858667904100815e-06,50,0.20822235856844515,0.20542538872798352,0.002796969840461663,8.337743115664774e-06,True,2.583364768950714,2.671147313553538,0.0016118661016124025,0.0010072933729861622
rich6d,1440,67,1.1288378916846883e-05,50,0.23330153931061562,0.23070376923357924,0.0025977700770364255,7.873099493538566e-06,True,2.28666376616288,2.3565559444259057,0.0016118661016124025,0.0010072933729861622
rich6d,1440,68,1.43844988828766e-05,50,0.2572739290209706,0.25491855900300203,0.0023553700179685965,7.2296386775869165e-06,True,2.0271668805662,2.0828193273152014,0.0016118661016124025,0.0010072933729861622
rich6d,1440,69,1.8329807108324338e-05,50,0.2797732704455024,0.2776811282974392,0.0020921421480631875,6.4729381509307384e-06,True,1.7983060060160114,1.8426174180101185,0.0016118661016124025,0.0010072933729861622
rich6d,1440,70,2.3357214690901213e-05,50,0.30053511483951134,0.2987091928344501,0.0018259220050612446,5.681088737691144e-06,True,1.5947774758976354,1.630051978283559,0.0016118661016124025,0.0010072933729861622
rich6d,1440,71,2.976351441631313e-05,50,0.31938533872225067,0.31781578052283027,0.0015695581994203999,4.918287166026519e-06,True,1.4122878348512808,1.4403594198395673,0.0016118661016124025,0.0010072933729861622
rich6d,1440,72,3.792690190732246e-05,50,0.3362347682682813,0.3349033088452115,0.001331459423069885,4.2216223742043175e-06,True,1.24738017135071,1.2697106868387906,0.0016118661016124025,0.0010072933729861622
rich6d,1440,73,4.8329302385717524e-05,50,0.3510752541820491,0.34995877396972097,0.0011164802123280325,3.602720219906602e-06,True,1.0973403784386122,1.115096318788906,0.0016118661016124025,0.0010072933729861622
rich6d,1440,74,6.158482110660255e-05,50,0.36397160313876065,0.363044815966534,0.0009267871722267396,3.0579857620075217e-06,True,0.9601536842473472,0.9742662727998261,0.0016118661016124025,0.0010072933729861622
rich6d,1440,75,7.847599703514606e-05,50,0.3750470968544088,0.37428450397159385,0.0007625928828147166,2.5790769364874617e-06,True,0.8344647284301083,0.8456771222020859,0.0016118661016124025,0.0010072933729861622
rich6d,1440,76,0.0001,50,0.3844643515333683,0.3838415923056425,0.0006227592277257533,2.158770671162887e-06,True,0.7194983062936658,0.7284030310457652,0.0016118661016124025,0.0010072933729861622
rich6d,1440,77,0.0001274274985703132,50,0.3924054733478966,0.39190018061755394,0.0005052927303426524,1.7922198635351162e-06,True,0.6149212060508106,0.6219901679490778,0.0016118661016124025,0.0010072933729861622
rich6d,1440,78,0.00016237767391887175,50,0.39905530395710515,0.39864756142220664,0.00040774253489848754,1.4759279525979124e-06,True,0.5206571761281864,0.5262659050391647,0.0016118661016124025,0.0010072933729861622
rich6d,1440,79,0.00020691380811147902,50,0.4045898573722743,0.40426235454116954,0.00032750283110465794,1.2064727550495865e-06,True,0.4366916412662291,0.4411388971729279,0.0016118661016124025,0.0010072933729861622
rich6d,1440,80,0.00026366508987303556,50,0.4091700606397305,0.40890803702571127,0.00026202361401931327,9.798463891802306e-07,True,0.36290913104805256,0.3664326797193535,0.0016118661016124025,0.0010072933729861622
rich6d,1440,81,0.0003359818286283774,50,0.4129395490913144,0.4127306080067224,0.00020894108459204474,7.914282656400252e-07,True,0.2989936860125198,0.3017828853527528,0.0016118661016124025,0.0010072933729861622
rich6d,1440,82,0.00042813323987193956,50,0.41602484442303456,0.4158586994540004,0.0001661449690340855,6.362927948392697e-07,True,0.24439982960934864,0.24660559192095047,0.0016118661016124025,0.0010072933729861622
rich6d,1440,83,0.0005455594781168515,50,0.41853654080483804,0.41840473923644717,0.00013180156839100122,5.095734297524613e-07,True,0.1983811343891893,0.20012377699701125,0.0016118661016124025,0.0010072933729861622
rich6d,1440,84,0.0006951927961775591,50,0.42057069997046154,0.4204663509587966,0.00010434901166491705,4.067360931876878e-07,True,0.16005272183890945,0.16142815525901408,0.0016118661016124025,0.0010072933729861622
rich6d,1440,85,0.0008858667904100832,50,0.42221015505084586,0.42212767800103085,8.247704981493298e-05,3.237289674687836e-07,True,0.12846396174630878,0.12954858718338583,0.0016118661016124025,0.0010072933729861622
rich6d,1440,86,0.0011288378916846883,50,0.423525702536485,0.4234606029217561,6.509961472892733e-05,2.5703335225997067e-07,True,0.10266418608407551,0.10351879387562463,0.0016118661016124025,0.0010072933729861622
rich6d,1440,87,0.00143844988828766,50,0.4245772487888195,0.4245259236176593,5.132517116009261e-05,2.036533307062534e-07,True,0.08175253345289997,0.0824254230648513,0.0016118661016124025,0.0010072933729861622
rich6d,1440,88,0.0018329807108324375,50,0.42541496130541084,0.4253745335698401,4.0427735570662815e-05,1.6107429904810827e-07,True,0.06490984306555964,0.06543932930659395,0.0016118661016124025,0.0010072933729861622
rich6d,1440,89,0.002335721469090121,50,0.4260804314747497,0.4260486113811155,3.1820093634162825e-05,1.272088693899381e-07,True,0.05141467031858451,0.051831099656034677,0.0016118661016124025,0.0010072933729861622
rich6d,1440,90,0.002976351441631313,50,0.4266078234805751,0.4265827935432495,2.5029937325533603e-05,1.0034000989237758e-07,True,0.04064725816871698,0.040974630382672884,0.0016118661016124025,0.0010072933729861622
rich6d,1440,91,0.003792690190732238,50,0.42702497239135945,0.42700529323663594,1.9679154723435398e-05,7.906628982946751e-08,True,0.03208547381298579,0.032342744077044905,0.0016118661016124025,0.0010072933729861622
rich6d,1440,92,0.004832930238571752,50,0.42735439822162213,0.42733893200735623,1.5466214265920098e-05,6.225154461901378e-08,True,0.025296094348464585,0.025498216185771302,0.0016118661016124025,0.0010072933729861622
rich6d,1440,93,0.006158482110660254,50,0.42761421379215414,0.4276020623737537,1.2151418400396797e-05,4.897999038790181e-08,True,0.01992394568002638,0.020082704087921077,0.0016118661016124025,0.0010072933729861622
rich6d,1440,94,0.00784759970351459,50,0.4278189164030158,0.4278093716861537,9.54471686214875e-06,3.851711309839123e-08,True,0.015680565482931404,0.015805240635614476,0.0016118661016124025,0.0010072933729861622
rich6d,1440,95,0.01,50,0.4279800634194333,0.42797256768003694,7.495739396286005e-06,3.027622901549227e-08,True,0.012333395358899721,0.01243129000866561,0.0016118661016124025,0.0010072933729861622
rich6d,1440,96,1.2855533636755642e-06,50,0.04003382761578909,0.03859392833851796,0.001439899277271124,7.609418686269808e-06,True,7.706459495857027,8.251786144768689,0.0016118661016124025,0.0010072933729861622
